Created by          : Tang Dynasty v6.2.178840
                    : Copyright (c) 2012-2025 Anlogic Inc.
Generated           : Thu Oct  8 21:39:53 2026

Top Model           : hdmi_tpg_top
Device              : PH1P35MDG324
Speed               : 3
STA coverage        : 99.96%
Constraint File     : C:/Users/Li47/Desktop/aa/native_1080p30_hdmi_tpg_r4_20261008/td_project/hdmi_tpg.sdc;
Confidence          : Routed
Check Corner        : Both (Slow and Fast)
CRPR Enabled        : Yes
Report Scheme       : 10 end point(s) per path group, 1 path(s) per end point


Check Status
-------------

Corner   | Max      Min     
------------------------------------
Slow     | yes      yes     
Fast     | yes      yes     


Timing Status
--------------------
	SWNS: 0.121ns, STNS: 0.000ns
	HWNS: 0.024ns, HTNS: 0.000ns
	Period Check WNS: 0.000ns


Clock Summary
--------------------

       Clock-Id:       C-Freq       Fanout   Clock-Name
--------------------------------------------------------------------------------
           clk0:       74.250          693   u_hdmi_pll/u_output/ph1p_phy_pll_wrapper_25a56e5ce2f9_Inst/u_PH1P_PHY_PLL.clkc[0]
           clk1:      371.333           36   u_hdmi_pll/u_output/ph1p_phy_pll_wrapper_25a56e5ce2f9_Inst/u_PH1P_PHY_PLL.clkc[1]
           clk2:       33.750            2   u_hdmi_pll/u_ref/ph1p_phy_pll_wrapper_25a56e5ce2f9_Inst/u_PH1P_PHY_PLL.clkc[0]
           clk3:       50.000            1   sys_clk_50m
--------------------------------------------------------------------------------

       Name            Type         Rise(ns)   Fall(ns)          C-Period(ns)     C-Freq(MHz)          R-Period(ns)     R-Freq(MHz)         SWNS(ns)   STNS(ns)         HWNS(ns)   HTNS(ns)         Skew(ns)           Fanout        Max-Level        CC-From    CC-To
       clk0       User GCLK            0.000      6.734                13.468          74.250                 4.810         207.900            8.658      0.000            0.024      0.000            0.173              693                6             no       no
       clk1   Inferred GCLK            0.000      1.346                 2.693         371.333                 2.572         388.803            0.121      0.000            0.030      0.000            0.216               36                1             no       no
       clk2       User GCLK            0.000     14.815                29.630          33.750                29.630          33.750            0.000      0.000            0.000      0.000            0.000                2                0             no       no
       clk3           local            0.000     10.000                20.000          50.000                20.000          50.000            0.000      0.000            0.000      0.000            0.000                1                0             no       no

Notes
----------
C-Period  :  constraint period
C-Freq    :  constraint freq
R-Period  :  report min period
R-Freq    :  report fmax
CC-From   :  has path(s) from cross-domain clock
CC-To     :  has path(s) to cross-domain clock


*   Clock R-Period data only takes intra-clock timing. SWNS/STNS/HWNS/HTNS take both intra-clock and inter-clock timing.
*   If there is mismatch between R-Period and SWNS, check inter-clock timing of this clock as capture clock.
*   SWNS/STNS/HWNS/HTNS of timing exception (SMCP/SMD) only counted in global Timing Status, not counted in Clock Summary.

Intra clock domain timing
--------------------------------------------------

----------------------------------------------------------------------------------------------------
Path Group     :     u_hdmi_pll/u_output/ph1p_phy_pll_wrapper_25a56e5ce2f9_Inst/u_PH1P_PHY_PLL.clkc[0] -> u_hdmi_pll/u_output/ph1p_phy_pll_wrapper_25a56e5ce2f9_Inst/u_PH1P_PHY_PLL.clkc[0]
Type           :     Self
From Clock     :     u_hdmi_pll/u_output/ph1p_phy_pll_wrapper_25a56e5ce2f9_Inst/u_PH1P_PHY_PLL.clkc[0]
To Clock       :     u_hdmi_pll/u_output/ph1p_phy_pll_wrapper_25a56e5ce2f9_Inst/u_PH1P_PHY_PLL.clkc[0]
Min Period     :     4.810ns
Fmax           :     207.900MHz

Statistics:
Max            : SWNS      8.658ns, STNS      0.000ns,         0 Viol Endpoints,      1771 Total Endpoints,      8560 Paths Analyzed
Min            : HWNS      0.024ns, HTNS      0.000ns,         0 Viol Endpoints,      1771 Total Endpoints,      8560 Paths Analyzed
----------------------------------------------------------------------------------------------------

Max Paths
----------------------------------------------------------------------------------------------------
Slack               : 8.658ns
Begin Point         : u_core/u0_reset_sync/O_sync_reset_reg_syn_4.clk (rising edge triggered by clock u_hdmi_pll/u_output/ph1p_phy_pll_wrapper_25a56e5ce2f9_Inst/u_PH1P_PHY_PLL.clkc[0]  { rise@0.000000ns  fall@6.734000ns  period=13.468000 })
End Point           : u_core/u_hdmi_tx_controller_wrapper/u_video_axi_stream_receiver/u_w24_d1024_fifo/u_logic_ramfifo_syn_401.orstb (rising edge triggered by clock u_hdmi_pll/u_output/ph1p_phy_pll_wrapper_25a56e5ce2f9_Inst/u_PH1P_PHY_PLL.clkc[0]  { rise@0.000000ns  fall@6.734000ns  period=13.468000 })
Check Type          : recovery
Process             : slow_m40c
Budget              : 13.468ns { u_hdmi_pll/u_output/ph1p_phy_pll_wrapper_25a56e5ce2f9_Inst/u_PH1P_PHY_PLL.clkc[0] rising@13.468ns - u_hdmi_pll/u_output/ph1p_phy_pll_wrapper_25a56e5ce2f9_Inst/u_PH1P_PHY_PLL.clkc[0] rising@0.000ns }
Data Path Delay     : 4.437ns (cell 0.315ns (7%), net 4.122ns (93%))
Clock Skew          : 0.061ns
Logic Level         : 1 ( LUT2=1 )
Max Fanout          : 242
Clock Uncertainty   : 0.128ns (sdc uncertainty: 0.000ns, default uncertainty: 0.128ns)

Delay Type          Location             Incr           Path   Level  Netlist Info
--------------------------------------------------------------------  ---------------
source latency                          0.000          0.000               
port                C4                  0.000          0.000          pin: I_sys_clk
hierarchy                               0.000          0.000          pin: I_sys_clk_syn_2.ipad
HDIO                x033y078            0.810          0.810          pin: I_sys_clk_syn_2.sg09_di
HDIO                x033y078            0.684          1.494          pin: I_sys_clk_syn_2.di
net (fo=1)          x043y079            0.115          1.609          net: I_sys_clk_dup_1,  ../../../diagnostics/hdmi_1080p30_tpg/hdmi_tpg_top.v(4)
                                                                      pin: u_hdmi_pll/u_ref/ph1p_phy_pll_wrapper_25a56e5ce2f9_Inst/u_PH1P_PHY_PLL.refclk
PLL                 x043y079            0.814          2.423          pin: u_hdmi_pll/u_ref/ph1p_phy_pll_wrapper_25a56e5ce2f9_Inst/u_PH1P_PHY_PLL.clkc[0]
net (fo=1)                              0.830          3.253          net: u_hdmi_pll/u_ref/clk0_buf,  ../../../user_source/hdl_source/native_hdmi_pll.v(32)
                                                                      pin: u_hdmi_pll/u_ref/bufg_feedback.clkin[0]
GCLK                x023y039z16         0.016          3.269          pin: u_hdmi_pll/u_ref/bufg_feedback.clkout
net (fo=1)                              0.375          3.644          net: u_hdmi_pll/u_output/ph1p_phy_pll_wrapper_25a56e5ce2f9_Inst/refclk,  ../../../user_source/ip_source/PLL/RTL/ph1p_phy_pll_wrapper_25a56e5ce2f9.v(119)
                                                                      pin: u_hdmi_pll/u_ref/bufg_feedback_auto_created_sclk_s_0_l_bk1.clkin
SCLK                x023y019z0          0.079          3.723          pin: u_hdmi_pll/u_ref/bufg_feedback_auto_created_sclk_s_0_l_bk1.clkout
net (fo=1)          x000y039            0.299          4.022          net: u_hdmi_pll/u_ref/bufg_feedback_auto_created_sclk_s_0_l_bk1_sclk_outnet,  NOFILE(0)
                                                                      pin: u_hdmi_pll/u_output/ph1p_phy_pll_wrapper_25a56e5ce2f9_Inst/u_PH1P_PHY_PLL.refclk
PLL                 x000y039            0.814          4.836          pin: u_hdmi_pll/u_output/ph1p_phy_pll_wrapper_25a56e5ce2f9_Inst/u_PH1P_PHY_PLL.clkc[0]
net (fo=1)                              0.815          5.651          net: u_hdmi_pll/u_output/clk0_buf,  ../../../user_source/hdl_source/native_hdmi_pll.v(32)
                                                                      pin: u_hdmi_pll/u_output/bufg_feedback.clkin[0]
GCLK                x023y039z0          0.016          5.667          pin: u_hdmi_pll/u_output/bufg_feedback.clkout
net (fo=4)                              0.366          6.033          net: u_core/I_pixel_clk,  ../../../user_source/hdl_source/hdmi_1_4b_transmitter_core_wrapper.enc.v(24)
                                                                      pin: u_hdmi_pll/u_output/bufg_feedback_auto_created_sclk_s_0_r_bk1.clkin
SCLK                x023y019z12         0.079          6.112          pin: u_hdmi_pll/u_output/bufg_feedback_auto_created_sclk_s_0_r_bk1.clkout
net (fo=219)                            0.636          6.748          net: u_hdmi_pll/u_output/bufg_feedback_auto_created_sclk_s_0_r_bk1_sclk_outnet,  NOFILE(0)
                                                                      pin: u_core/u0_reset_sync/O_sync_reset_reg_syn_4.clk
launch edge                             0.000    r     6.748               
--------------------------------------------------------------------  ---------------
clk2q               x026y039z5          0.126    f     6.874          pin: u_core/u0_reset_sync/O_sync_reset_reg_syn_4.oqa
net (fo=242)                            2.896          9.770          net: u_core/u_hdmi_edid_wrapper/u_iic_master_wrapper/u_iic_receiver_controller/I_rst_dup_9,  ../../../user_source/hdl_source/hdmi_1_4b_transmitter_core_wrapper.enc.v(0)
                                                                      pin: u_core/u_hdmi_tx_controller_wrapper/u_video_axi_stream_receiver/O_video_source_pause_reg_syn_6.ie
LUT2                x019y025z0          0.189    r     9.959       1  pin: u_core/u_hdmi_tx_controller_wrapper/u_video_axi_stream_receiver/O_video_source_pause_reg_syn_6.ofb
net (fo=48)                             1.226         11.185          net: u_core/u_hdmi_tx_controller_wrapper/u_video_axi_stream_receiver/u_w24_d1024_fifo/I_rst,  ../../../user_source/hdl_source/hdmi_1_4b_transmitter_core_wrapper.enc.v(0)
                                                                      pin: u_core/u_hdmi_tx_controller_wrapper/u_video_axi_stream_receiver/u_w24_d1024_fifo/u_logic_ramfifo_syn_401.orstb
ERAM (reg)          x023y028            0.000    f    11.185               
--------------------------------------------------------------------  ---------------
Arrival                                               11.185               

source latency                          0.000          0.000               
port                C4                  0.000          0.000          pin: I_sys_clk
hierarchy                               0.000          0.000          pin: I_sys_clk_syn_2.ipad
HDIO                x033y078            0.745          0.745          pin: I_sys_clk_syn_2.sg09_di
HDIO                x033y078            0.629          1.374          pin: I_sys_clk_syn_2.di
net (fo=1)          x043y079            0.099          1.473          net: I_sys_clk_dup_1,  ../../../diagnostics/hdmi_1080p30_tpg/hdmi_tpg_top.v(4)
                                                                      pin: u_hdmi_pll/u_ref/ph1p_phy_pll_wrapper_25a56e5ce2f9_Inst/u_PH1P_PHY_PLL.refclk
PLL                 x043y079            0.703          2.176          pin: u_hdmi_pll/u_ref/ph1p_phy_pll_wrapper_25a56e5ce2f9_Inst/u_PH1P_PHY_PLL.clkc[0]
net (fo=1)                              0.711          2.887          net: u_hdmi_pll/u_ref/clk0_buf,  ../../../user_source/hdl_source/native_hdmi_pll.v(32)
                                                                      pin: u_hdmi_pll/u_ref/bufg_feedback.clkin[0]
GCLK                x023y039z16         0.014          2.901          pin: u_hdmi_pll/u_ref/bufg_feedback.clkout
net (fo=1)                              0.322          3.223          net: u_hdmi_pll/u_output/ph1p_phy_pll_wrapper_25a56e5ce2f9_Inst/refclk,  ../../../user_source/ip_source/PLL/RTL/ph1p_phy_pll_wrapper_25a56e5ce2f9.v(119)
                                                                      pin: u_hdmi_pll/u_ref/bufg_feedback_auto_created_sclk_s_0_l_bk1.clkin
SCLK                x023y019z0          0.068          3.291          pin: u_hdmi_pll/u_ref/bufg_feedback_auto_created_sclk_s_0_l_bk1.clkout
net (fo=1)          x000y039            0.255          3.546          net: u_hdmi_pll/u_ref/bufg_feedback_auto_created_sclk_s_0_l_bk1_sclk_outnet,  NOFILE(0)
                                                                      pin: u_hdmi_pll/u_output/ph1p_phy_pll_wrapper_25a56e5ce2f9_Inst/u_PH1P_PHY_PLL.refclk
PLL                 x000y039            0.703          4.249          pin: u_hdmi_pll/u_output/ph1p_phy_pll_wrapper_25a56e5ce2f9_Inst/u_PH1P_PHY_PLL.clkc[0]
net (fo=1)                              0.697          4.946          net: u_hdmi_pll/u_output/clk0_buf,  ../../../user_source/hdl_source/native_hdmi_pll.v(32)
                                                                      pin: u_hdmi_pll/u_output/bufg_feedback.clkin[0]
GCLK                x023y039z0          0.014          4.960          pin: u_hdmi_pll/u_output/bufg_feedback.clkout
net (fo=4)                              0.315          5.275          net: u_core/I_pixel_clk,  ../../../user_source/hdl_source/hdmi_1_4b_transmitter_core_wrapper.enc.v(24)
                                                                      pin: u_hdmi_pll/u_output/bufg_feedback_auto_created_sclk_s_0_l_bk2.clkin
SCLK                x023y019z1          0.068          5.343          pin: u_hdmi_pll/u_output/bufg_feedback_auto_created_sclk_s_0_l_bk2.clkout
net (fo=302)                            0.615          5.958          net: u_hdmi_pll/u_output/bufg_feedback_auto_created_sclk_s_0_l_bk2_sclk_outnet,  NOFILE(0)
                                                                      pin: u_core/u_hdmi_tx_controller_wrapper/u_video_axi_stream_receiver/u_w24_d1024_fifo/u_logic_ramfifo_syn_401.clkb
capture edge                           13.468    r    19.426               
--------------------------------------------------------------------  ---------------
recovery                               -0.184         19.242               
clock uncertainty                      -0.128         19.114               
clock pessimism                         0.729         19.843               
--------------------------------------------------------------------  ---------------
Required                                              19.843               
--------------------------------------------------------------------  ---------------
Slack                                                  8.658               

Slack               : 8.723ns
Begin Point         : u_core/u0_reset_sync/O_sync_reset_reg_syn_4.clk (rising edge triggered by clock u_hdmi_pll/u_output/ph1p_phy_pll_wrapper_25a56e5ce2f9_Inst/u_PH1P_PHY_PLL.clkc[0]  { rise@0.000000ns  fall@6.734000ns  period=13.468000 })
End Point           : u_core/u_hdmi_tx_controller_wrapper/u_video_axi_stream_receiver/u_w24_d1024_fifo/u_logic_ramfifo_syn_401.orsta (rising edge triggered by clock u_hdmi_pll/u_output/ph1p_phy_pll_wrapper_25a56e5ce2f9_Inst/u_PH1P_PHY_PLL.clkc[0]  { rise@0.000000ns  fall@6.734000ns  period=13.468000 })
Check Type          : recovery
Process             : slow_m40c
Budget              : 13.468ns { u_hdmi_pll/u_output/ph1p_phy_pll_wrapper_25a56e5ce2f9_Inst/u_PH1P_PHY_PLL.clkc[0] rising@13.468ns - u_hdmi_pll/u_output/ph1p_phy_pll_wrapper_25a56e5ce2f9_Inst/u_PH1P_PHY_PLL.clkc[0] rising@0.000ns }
Data Path Delay     : 4.366ns (cell 0.315ns (7%), net 4.051ns (93%))
Clock Skew          : 0.061ns
Logic Level         : 1 ( LUT2=1 )
Max Fanout          : 242
Clock Uncertainty   : 0.128ns (sdc uncertainty: 0.000ns, default uncertainty: 0.128ns)

Delay Type          Location             Incr           Path   Level  Netlist Info
--------------------------------------------------------------------  ---------------
source latency                          0.000          0.000               
port                C4                  0.000          0.000          pin: I_sys_clk
hierarchy                               0.000          0.000          pin: I_sys_clk_syn_2.ipad
HDIO                x033y078            0.810          0.810          pin: I_sys_clk_syn_2.sg09_di
HDIO                x033y078            0.684          1.494          pin: I_sys_clk_syn_2.di
net (fo=1)          x043y079            0.115          1.609          net: I_sys_clk_dup_1,  ../../../diagnostics/hdmi_1080p30_tpg/hdmi_tpg_top.v(4)
                                                                      pin: u_hdmi_pll/u_ref/ph1p_phy_pll_wrapper_25a56e5ce2f9_Inst/u_PH1P_PHY_PLL.refclk
PLL                 x043y079            0.814          2.423          pin: u_hdmi_pll/u_ref/ph1p_phy_pll_wrapper_25a56e5ce2f9_Inst/u_PH1P_PHY_PLL.clkc[0]
net (fo=1)                              0.830          3.253          net: u_hdmi_pll/u_ref/clk0_buf,  ../../../user_source/hdl_source/native_hdmi_pll.v(32)
                                                                      pin: u_hdmi_pll/u_ref/bufg_feedback.clkin[0]
GCLK                x023y039z16         0.016          3.269          pin: u_hdmi_pll/u_ref/bufg_feedback.clkout
net (fo=1)                              0.375          3.644          net: u_hdmi_pll/u_output/ph1p_phy_pll_wrapper_25a56e5ce2f9_Inst/refclk,  ../../../user_source/ip_source/PLL/RTL/ph1p_phy_pll_wrapper_25a56e5ce2f9.v(119)
                                                                      pin: u_hdmi_pll/u_ref/bufg_feedback_auto_created_sclk_s_0_l_bk1.clkin
SCLK                x023y019z0          0.079          3.723          pin: u_hdmi_pll/u_ref/bufg_feedback_auto_created_sclk_s_0_l_bk1.clkout
net (fo=1)          x000y039            0.299          4.022          net: u_hdmi_pll/u_ref/bufg_feedback_auto_created_sclk_s_0_l_bk1_sclk_outnet,  NOFILE(0)
                                                                      pin: u_hdmi_pll/u_output/ph1p_phy_pll_wrapper_25a56e5ce2f9_Inst/u_PH1P_PHY_PLL.refclk
PLL                 x000y039            0.814          4.836          pin: u_hdmi_pll/u_output/ph1p_phy_pll_wrapper_25a56e5ce2f9_Inst/u_PH1P_PHY_PLL.clkc[0]
net (fo=1)                              0.815          5.651          net: u_hdmi_pll/u_output/clk0_buf,  ../../../user_source/hdl_source/native_hdmi_pll.v(32)
                                                                      pin: u_hdmi_pll/u_output/bufg_feedback.clkin[0]
GCLK                x023y039z0          0.016          5.667          pin: u_hdmi_pll/u_output/bufg_feedback.clkout
net (fo=4)                              0.366          6.033          net: u_core/I_pixel_clk,  ../../../user_source/hdl_source/hdmi_1_4b_transmitter_core_wrapper.enc.v(24)
                                                                      pin: u_hdmi_pll/u_output/bufg_feedback_auto_created_sclk_s_0_r_bk1.clkin
SCLK                x023y019z12         0.079          6.112          pin: u_hdmi_pll/u_output/bufg_feedback_auto_created_sclk_s_0_r_bk1.clkout
net (fo=219)                            0.636          6.748          net: u_hdmi_pll/u_output/bufg_feedback_auto_created_sclk_s_0_r_bk1_sclk_outnet,  NOFILE(0)
                                                                      pin: u_core/u0_reset_sync/O_sync_reset_reg_syn_4.clk
launch edge                             0.000    r     6.748               
--------------------------------------------------------------------  ---------------
clk2q               x026y039z5          0.126    f     6.874          pin: u_core/u0_reset_sync/O_sync_reset_reg_syn_4.oqa
net (fo=242)                            2.896          9.770          net: u_core/u_hdmi_edid_wrapper/u_iic_master_wrapper/u_iic_receiver_controller/I_rst_dup_9,  ../../../user_source/hdl_source/hdmi_1_4b_transmitter_core_wrapper.enc.v(0)
                                                                      pin: u_core/u_hdmi_tx_controller_wrapper/u_video_axi_stream_receiver/O_video_source_pause_reg_syn_6.ie
LUT2                x019y025z0          0.189    r     9.959       1  pin: u_core/u_hdmi_tx_controller_wrapper/u_video_axi_stream_receiver/O_video_source_pause_reg_syn_6.ofb
net (fo=48)                             1.155         11.114          net: u_core/u_hdmi_tx_controller_wrapper/u_video_axi_stream_receiver/u_w24_d1024_fifo/I_rst,  ../../../user_source/hdl_source/hdmi_1_4b_transmitter_core_wrapper.enc.v(0)
                                                                      pin: u_core/u_hdmi_tx_controller_wrapper/u_video_axi_stream_receiver/u_w24_d1024_fifo/u_logic_ramfifo_syn_401.orsta
ERAM (reg)          x023y028            0.000    f    11.114               
--------------------------------------------------------------------  ---------------
Arrival                                               11.114               

source latency                          0.000          0.000               
port                C4                  0.000          0.000          pin: I_sys_clk
hierarchy                               0.000          0.000          pin: I_sys_clk_syn_2.ipad
HDIO                x033y078            0.745          0.745          pin: I_sys_clk_syn_2.sg09_di
HDIO                x033y078            0.629          1.374          pin: I_sys_clk_syn_2.di
net (fo=1)          x043y079            0.099          1.473          net: I_sys_clk_dup_1,  ../../../diagnostics/hdmi_1080p30_tpg/hdmi_tpg_top.v(4)
                                                                      pin: u_hdmi_pll/u_ref/ph1p_phy_pll_wrapper_25a56e5ce2f9_Inst/u_PH1P_PHY_PLL.refclk
PLL                 x043y079            0.703          2.176          pin: u_hdmi_pll/u_ref/ph1p_phy_pll_wrapper_25a56e5ce2f9_Inst/u_PH1P_PHY_PLL.clkc[0]
net (fo=1)                              0.711          2.887          net: u_hdmi_pll/u_ref/clk0_buf,  ../../../user_source/hdl_source/native_hdmi_pll.v(32)
                                                                      pin: u_hdmi_pll/u_ref/bufg_feedback.clkin[0]
GCLK                x023y039z16         0.014          2.901          pin: u_hdmi_pll/u_ref/bufg_feedback.clkout
net (fo=1)                              0.322          3.223          net: u_hdmi_pll/u_output/ph1p_phy_pll_wrapper_25a56e5ce2f9_Inst/refclk,  ../../../user_source/ip_source/PLL/RTL/ph1p_phy_pll_wrapper_25a56e5ce2f9.v(119)
                                                                      pin: u_hdmi_pll/u_ref/bufg_feedback_auto_created_sclk_s_0_l_bk1.clkin
SCLK                x023y019z0          0.068          3.291          pin: u_hdmi_pll/u_ref/bufg_feedback_auto_created_sclk_s_0_l_bk1.clkout
net (fo=1)          x000y039            0.255          3.546          net: u_hdmi_pll/u_ref/bufg_feedback_auto_created_sclk_s_0_l_bk1_sclk_outnet,  NOFILE(0)
                                                                      pin: u_hdmi_pll/u_output/ph1p_phy_pll_wrapper_25a56e5ce2f9_Inst/u_PH1P_PHY_PLL.refclk
PLL                 x000y039            0.703          4.249          pin: u_hdmi_pll/u_output/ph1p_phy_pll_wrapper_25a56e5ce2f9_Inst/u_PH1P_PHY_PLL.clkc[0]
net (fo=1)                              0.697          4.946          net: u_hdmi_pll/u_output/clk0_buf,  ../../../user_source/hdl_source/native_hdmi_pll.v(32)
                                                                      pin: u_hdmi_pll/u_output/bufg_feedback.clkin[0]
GCLK                x023y039z0          0.014          4.960          pin: u_hdmi_pll/u_output/bufg_feedback.clkout
net (fo=4)                              0.315          5.275          net: u_core/I_pixel_clk,  ../../../user_source/hdl_source/hdmi_1_4b_transmitter_core_wrapper.enc.v(24)
                                                                      pin: u_hdmi_pll/u_output/bufg_feedback_auto_created_sclk_s_0_l_bk2.clkin
SCLK                x023y019z1          0.068          5.343          pin: u_hdmi_pll/u_output/bufg_feedback_auto_created_sclk_s_0_l_bk2.clkout
net (fo=302)                            0.615          5.958          net: u_hdmi_pll/u_output/bufg_feedback_auto_created_sclk_s_0_l_bk2_sclk_outnet,  NOFILE(0)
                                                                      pin: u_core/u_hdmi_tx_controller_wrapper/u_video_axi_stream_receiver/u_w24_d1024_fifo/u_logic_ramfifo_syn_401.clka
capture edge                           13.468    r    19.426               
--------------------------------------------------------------------  ---------------
recovery                               -0.190         19.236               
clock uncertainty                      -0.128         19.108               
clock pessimism                         0.729         19.837               
--------------------------------------------------------------------  ---------------
Required                                              19.837               
--------------------------------------------------------------------  ---------------
Slack                                                  8.723               

Slack               : 8.787ns
Begin Point         : u_core/u_hdmi_tx_controller_wrapper/u_video_axi_stream_receiver/u_w24_d1024_fifo/u_logic_ramfifo[10]__1_syn_2.clk (rising edge triggered by clock u_hdmi_pll/u_output/ph1p_phy_pll_wrapper_25a56e5ce2f9_Inst/u_PH1P_PHY_PLL.clkc[0]  { rise@0.000000ns  fall@6.734000ns  period=13.468000 })
End Point           : u_core/I_pixel_clk[5]__3_syn_2.ib (rising edge triggered by clock u_hdmi_pll/u_output/ph1p_phy_pll_wrapper_25a56e5ce2f9_Inst/u_PH1P_PHY_PLL.clkc[0]  { rise@0.000000ns  fall@6.734000ns  period=13.468000 })
Check Type          : setup
Process             : slow_m40c
Budget              : 13.468ns { u_hdmi_pll/u_output/ph1p_phy_pll_wrapper_25a56e5ce2f9_Inst/u_PH1P_PHY_PLL.clkc[0] rising@13.468ns - u_hdmi_pll/u_output/ph1p_phy_pll_wrapper_25a56e5ce2f9_Inst/u_PH1P_PHY_PLL.clkc[0] rising@0.000ns }
Data Path Delay     : 4.364ns (cell 2.433ns (55%), net 1.931ns (45%))
Clock Skew          : 0.125ns
Logic Level         : 6 ( LUT6=2  LUT5=1  LUT4=1  LUT3=1  LUT2=1 )
Max Fanout          : 14
Clock Uncertainty   : 0.128ns (sdc uncertainty: 0.000ns, default uncertainty: 0.128ns)

Delay Type          Location             Incr           Path   Level  Netlist Info
--------------------------------------------------------------------  ---------------
source latency                          0.000          0.000               
port                C4                  0.000          0.000          pin: I_sys_clk
hierarchy                               0.000          0.000          pin: I_sys_clk_syn_2.ipad
HDIO                x033y078            0.810          0.810          pin: I_sys_clk_syn_2.sg09_di
HDIO                x033y078            0.684          1.494          pin: I_sys_clk_syn_2.di
net (fo=1)          x043y079            0.115          1.609          net: I_sys_clk_dup_1,  ../../../diagnostics/hdmi_1080p30_tpg/hdmi_tpg_top.v(4)
                                                                      pin: u_hdmi_pll/u_ref/ph1p_phy_pll_wrapper_25a56e5ce2f9_Inst/u_PH1P_PHY_PLL.refclk
PLL                 x043y079            0.814          2.423          pin: u_hdmi_pll/u_ref/ph1p_phy_pll_wrapper_25a56e5ce2f9_Inst/u_PH1P_PHY_PLL.clkc[0]
net (fo=1)                              0.830          3.253          net: u_hdmi_pll/u_ref/clk0_buf,  ../../../user_source/hdl_source/native_hdmi_pll.v(32)
                                                                      pin: u_hdmi_pll/u_ref/bufg_feedback.clkin[0]
GCLK                x023y039z16         0.016          3.269          pin: u_hdmi_pll/u_ref/bufg_feedback.clkout
net (fo=1)                              0.375          3.644          net: u_hdmi_pll/u_output/ph1p_phy_pll_wrapper_25a56e5ce2f9_Inst/refclk,  ../../../user_source/ip_source/PLL/RTL/ph1p_phy_pll_wrapper_25a56e5ce2f9.v(119)
                                                                      pin: u_hdmi_pll/u_ref/bufg_feedback_auto_created_sclk_s_0_l_bk1.clkin
SCLK                x023y019z0          0.079          3.723          pin: u_hdmi_pll/u_ref/bufg_feedback_auto_created_sclk_s_0_l_bk1.clkout
net (fo=1)          x000y039            0.299          4.022          net: u_hdmi_pll/u_ref/bufg_feedback_auto_created_sclk_s_0_l_bk1_sclk_outnet,  NOFILE(0)
                                                                      pin: u_hdmi_pll/u_output/ph1p_phy_pll_wrapper_25a56e5ce2f9_Inst/u_PH1P_PHY_PLL.refclk
PLL                 x000y039            0.814          4.836          pin: u_hdmi_pll/u_output/ph1p_phy_pll_wrapper_25a56e5ce2f9_Inst/u_PH1P_PHY_PLL.clkc[0]
net (fo=1)                              0.815          5.651          net: u_hdmi_pll/u_output/clk0_buf,  ../../../user_source/hdl_source/native_hdmi_pll.v(32)
                                                                      pin: u_hdmi_pll/u_output/bufg_feedback.clkin[0]
GCLK                x023y039z0          0.016          5.667          pin: u_hdmi_pll/u_output/bufg_feedback.clkout
net (fo=4)                              0.366          6.033          net: u_core/I_pixel_clk,  ../../../user_source/hdl_source/hdmi_1_4b_transmitter_core_wrapper.enc.v(24)
                                                                      pin: u_hdmi_pll/u_output/bufg_feedback_auto_created_sclk_s_0_r_bk1.clkin
SCLK                x023y019z12         0.079          6.112          pin: u_hdmi_pll/u_output/bufg_feedback_auto_created_sclk_s_0_r_bk1.clkout
net (fo=219)                            0.636          6.748          net: u_hdmi_pll/u_output/bufg_feedback_auto_created_sclk_s_0_r_bk1_sclk_outnet,  NOFILE(0)
                                                                      pin: u_core/u_hdmi_tx_controller_wrapper/u_video_axi_stream_receiver/u_w24_d1024_fifo/u_logic_ramfifo[10]__1_syn_2.clk
launch edge                             0.000    r     6.748               
--------------------------------------------------------------------  ---------------
clk2q               x025y023z7          0.137    r     6.885          pin: u_core/u_hdmi_tx_controller_wrapper/u_video_axi_stream_receiver/u_w24_d1024_fifo/u_logic_ramfifo[10]__1_syn_2.oqb
net (fo=5)                              0.719          7.604          net: u_core/u_hdmi_tx_controller_wrapper/u_video_axi_stream_receiver/u_w24_d1024_fifo/u_logic_ramfifo_syn_31,  ../../../user_source/hdl_source/hdmi_1_4b_transmitter_core_wrapper.enc.v(0)
                                                                      pin: u_core/u_hdmi_tx_controller_wrapper/u0_hdmi_tmds_encode/S_data_island_code_1d_reg[2]_syn_2.ia
LUT4                x025y025z2          0.473    r     8.077       1  pin: u_core/u_hdmi_tx_controller_wrapper/u0_hdmi_tmds_encode/S_data_island_code_1d_reg[2]_syn_2.ofa
net (fo=1)                              0.369          8.446          net: u_core/I_pixel_clk_syn_564,  ../../../user_source/hdl_source/hdmi_1_4b_transmitter_core_wrapper.enc.v(24)
                                                                      pin: u_core/u_hdmi_tx_controller_wrapper/u0_hdmi_tmds_encode/S_island_valid_1d_reg_syn_3.ic
LUT6                x022y025z1          0.287    r     8.733       2  pin: u_core/u_hdmi_tx_controller_wrapper/u0_hdmi_tmds_encode/S_island_valid_1d_reg_syn_3.ofb
net (fo=1)                              0.079          8.812          net: u_core/I_pixel_clk_syn_566,  ../../../user_source/hdl_source/hdmi_1_4b_transmitter_core_wrapper.enc.v(24)
                                                                      pin: u_core/I_pixel_clk_syn_640.ia
LUT6                x022y025z3          0.408    f     9.220       3  pin: u_core/I_pixel_clk_syn_640.ofb
net (fo=1)                              0.179          9.399          net: u_core/I_pixel_clk_syn_570,  ../../../user_source/hdl_source/hdmi_1_4b_transmitter_core_wrapper.enc.v(24)
                                                                      pin: u_core/u_hdmi_tx_controller_wrapper/u_video_axi_stream_receiver/u_w24_d1024_fifo/u_logic_ramfifo_syn_562.imb
LUT2                x022y025z0          0.271    r     9.670       4  pin: u_core/u_hdmi_tx_controller_wrapper/u_video_axi_stream_receiver/u_w24_d1024_fifo/u_logic_ramfifo_syn_562.ofb
net (fo=14)                             0.322          9.992          net: u_core/u_hdmi_tx_controller_wrapper/u_video_axi_stream_receiver/u_w24_d1024_fifo/I_fifo_rd_en_syn_8,  ../../../user_source/hdl_source/hdmi_1_4b_transmitter_core_wrapper.enc.v(0)
                                                                      pin: u_core/I_pixel_clk[1]__3_syn_2.ib
LUT3                x021y023z1          0.408    f    10.400       5  pin: u_core/I_pixel_clk[1]__3_syn_2.ofb
net (fo=3)                              0.263         10.663          net: u_core/I_pixel_clk_syn_592,  ../../../user_source/hdl_source/hdmi_1_4b_transmitter_core_wrapper.enc.v(24)
                                                                      pin: u_core/I_pixel_clk[5]__3_syn_2.ib
LUT5 (reg)          x022y023z5          0.449    r    11.112       6  net: u_core/I_pixel_clk_syn_378,  ../../../user_source/hdl_source/hdmi_1_4b_transmitter_core_wrapper.enc.v(24)
--------------------------------------------------------------------  ---------------
Arrival                                               11.112               

source latency                          0.000          0.000               
port                C4                  0.000          0.000          pin: I_sys_clk
hierarchy                               0.000          0.000          pin: I_sys_clk_syn_2.ipad
HDIO                x033y078            0.745          0.745          pin: I_sys_clk_syn_2.sg09_di
HDIO                x033y078            0.629          1.374          pin: I_sys_clk_syn_2.di
net (fo=1)          x043y079            0.099          1.473          net: I_sys_clk_dup_1,  ../../../diagnostics/hdmi_1080p30_tpg/hdmi_tpg_top.v(4)
                                                                      pin: u_hdmi_pll/u_ref/ph1p_phy_pll_wrapper_25a56e5ce2f9_Inst/u_PH1P_PHY_PLL.refclk
PLL                 x043y079            0.703          2.176          pin: u_hdmi_pll/u_ref/ph1p_phy_pll_wrapper_25a56e5ce2f9_Inst/u_PH1P_PHY_PLL.clkc[0]
net (fo=1)                              0.711          2.887          net: u_hdmi_pll/u_ref/clk0_buf,  ../../../user_source/hdl_source/native_hdmi_pll.v(32)
                                                                      pin: u_hdmi_pll/u_ref/bufg_feedback.clkin[0]
GCLK                x023y039z16         0.014          2.901          pin: u_hdmi_pll/u_ref/bufg_feedback.clkout
net (fo=1)                              0.322          3.223          net: u_hdmi_pll/u_output/ph1p_phy_pll_wrapper_25a56e5ce2f9_Inst/refclk,  ../../../user_source/ip_source/PLL/RTL/ph1p_phy_pll_wrapper_25a56e5ce2f9.v(119)
                                                                      pin: u_hdmi_pll/u_ref/bufg_feedback_auto_created_sclk_s_0_l_bk1.clkin
SCLK                x023y019z0          0.068          3.291          pin: u_hdmi_pll/u_ref/bufg_feedback_auto_created_sclk_s_0_l_bk1.clkout
net (fo=1)          x000y039            0.255          3.546          net: u_hdmi_pll/u_ref/bufg_feedback_auto_created_sclk_s_0_l_bk1_sclk_outnet,  NOFILE(0)
                                                                      pin: u_hdmi_pll/u_output/ph1p_phy_pll_wrapper_25a56e5ce2f9_Inst/u_PH1P_PHY_PLL.refclk
PLL                 x000y039            0.703          4.249          pin: u_hdmi_pll/u_output/ph1p_phy_pll_wrapper_25a56e5ce2f9_Inst/u_PH1P_PHY_PLL.clkc[0]
net (fo=1)                              0.697          4.946          net: u_hdmi_pll/u_output/clk0_buf,  ../../../user_source/hdl_source/native_hdmi_pll.v(32)
                                                                      pin: u_hdmi_pll/u_output/bufg_feedback.clkin[0]
GCLK                x023y039z0          0.014          4.960          pin: u_hdmi_pll/u_output/bufg_feedback.clkout
net (fo=4)                              0.315          5.275          net: u_core/I_pixel_clk,  ../../../user_source/hdl_source/hdmi_1_4b_transmitter_core_wrapper.enc.v(24)
                                                                      pin: u_hdmi_pll/u_output/bufg_feedback_auto_created_sclk_s_0_l_bk2.clkin
SCLK                x023y019z1          0.068          5.343          pin: u_hdmi_pll/u_output/bufg_feedback_auto_created_sclk_s_0_l_bk2.clkout
net (fo=302)                            0.551          5.894          net: u_hdmi_pll/u_output/bufg_feedback_auto_created_sclk_s_0_l_bk2_sclk_outnet,  NOFILE(0)
                                                                      pin: u_core/I_pixel_clk[5]__3_syn_2.clk
capture edge                           13.468    r    19.362               
--------------------------------------------------------------------  ---------------
setup                                  -0.064         19.298               
clock uncertainty                      -0.128         19.170               
clock pessimism                         0.729         19.899               
--------------------------------------------------------------------  ---------------
Required                                              19.899               
--------------------------------------------------------------------  ---------------
Slack                                                  8.787               

Slack               : 8.854ns
Begin Point         : u_core/u_hdmi_tx_controller_wrapper/u_video_axi_stream_receiver/u_w24_d1024_fifo/u_logic_ramfifo[10]__1_syn_2.clk (rising edge triggered by clock u_hdmi_pll/u_output/ph1p_phy_pll_wrapper_25a56e5ce2f9_Inst/u_PH1P_PHY_PLL.clkc[0]  { rise@0.000000ns  fall@6.734000ns  period=13.468000 })
End Point           : u_core/I_pixel_clk[5]__3_syn_2.ib (rising edge triggered by clock u_hdmi_pll/u_output/ph1p_phy_pll_wrapper_25a56e5ce2f9_Inst/u_PH1P_PHY_PLL.clkc[0]  { rise@0.000000ns  fall@6.734000ns  period=13.468000 })
Check Type          : setup
Process             : slow_m40c
Budget              : 13.468ns { u_hdmi_pll/u_output/ph1p_phy_pll_wrapper_25a56e5ce2f9_Inst/u_PH1P_PHY_PLL.clkc[0] rising@13.468ns - u_hdmi_pll/u_output/ph1p_phy_pll_wrapper_25a56e5ce2f9_Inst/u_PH1P_PHY_PLL.clkc[0] rising@0.000ns }
Data Path Delay     : 4.297ns (cell 2.366ns (55%), net 1.931ns (45%))
Clock Skew          : 0.125ns
Logic Level         : 6 ( LUT6=2  LUT4=2  LUT3=1  LUT2=1 )
Max Fanout          : 14
Clock Uncertainty   : 0.128ns (sdc uncertainty: 0.000ns, default uncertainty: 0.128ns)

Delay Type          Location             Incr           Path   Level  Netlist Info
--------------------------------------------------------------------  ---------------
source latency                          0.000          0.000               
port                C4                  0.000          0.000          pin: I_sys_clk
hierarchy                               0.000          0.000          pin: I_sys_clk_syn_2.ipad
HDIO                x033y078            0.810          0.810          pin: I_sys_clk_syn_2.sg09_di
HDIO                x033y078            0.684          1.494          pin: I_sys_clk_syn_2.di
net (fo=1)          x043y079            0.115          1.609          net: I_sys_clk_dup_1,  ../../../diagnostics/hdmi_1080p30_tpg/hdmi_tpg_top.v(4)
                                                                      pin: u_hdmi_pll/u_ref/ph1p_phy_pll_wrapper_25a56e5ce2f9_Inst/u_PH1P_PHY_PLL.refclk
PLL                 x043y079            0.814          2.423          pin: u_hdmi_pll/u_ref/ph1p_phy_pll_wrapper_25a56e5ce2f9_Inst/u_PH1P_PHY_PLL.clkc[0]
net (fo=1)                              0.830          3.253          net: u_hdmi_pll/u_ref/clk0_buf,  ../../../user_source/hdl_source/native_hdmi_pll.v(32)
                                                                      pin: u_hdmi_pll/u_ref/bufg_feedback.clkin[0]
GCLK                x023y039z16         0.016          3.269          pin: u_hdmi_pll/u_ref/bufg_feedback.clkout
net (fo=1)                              0.375          3.644          net: u_hdmi_pll/u_output/ph1p_phy_pll_wrapper_25a56e5ce2f9_Inst/refclk,  ../../../user_source/ip_source/PLL/RTL/ph1p_phy_pll_wrapper_25a56e5ce2f9.v(119)
                                                                      pin: u_hdmi_pll/u_ref/bufg_feedback_auto_created_sclk_s_0_l_bk1.clkin
SCLK                x023y019z0          0.079          3.723          pin: u_hdmi_pll/u_ref/bufg_feedback_auto_created_sclk_s_0_l_bk1.clkout
net (fo=1)          x000y039            0.299          4.022          net: u_hdmi_pll/u_ref/bufg_feedback_auto_created_sclk_s_0_l_bk1_sclk_outnet,  NOFILE(0)
                                                                      pin: u_hdmi_pll/u_output/ph1p_phy_pll_wrapper_25a56e5ce2f9_Inst/u_PH1P_PHY_PLL.refclk
PLL                 x000y039            0.814          4.836          pin: u_hdmi_pll/u_output/ph1p_phy_pll_wrapper_25a56e5ce2f9_Inst/u_PH1P_PHY_PLL.clkc[0]
net (fo=1)                              0.815          5.651          net: u_hdmi_pll/u_output/clk0_buf,  ../../../user_source/hdl_source/native_hdmi_pll.v(32)
                                                                      pin: u_hdmi_pll/u_output/bufg_feedback.clkin[0]
GCLK                x023y039z0          0.016          5.667          pin: u_hdmi_pll/u_output/bufg_feedback.clkout
net (fo=4)                              0.366          6.033          net: u_core/I_pixel_clk,  ../../../user_source/hdl_source/hdmi_1_4b_transmitter_core_wrapper.enc.v(24)
                                                                      pin: u_hdmi_pll/u_output/bufg_feedback_auto_created_sclk_s_0_r_bk1.clkin
SCLK                x023y019z12         0.079          6.112          pin: u_hdmi_pll/u_output/bufg_feedback_auto_created_sclk_s_0_r_bk1.clkout
net (fo=219)                            0.636          6.748          net: u_hdmi_pll/u_output/bufg_feedback_auto_created_sclk_s_0_r_bk1_sclk_outnet,  NOFILE(0)
                                                                      pin: u_core/u_hdmi_tx_controller_wrapper/u_video_axi_stream_receiver/u_w24_d1024_fifo/u_logic_ramfifo[10]__1_syn_2.clk
launch edge                             0.000    r     6.748               
--------------------------------------------------------------------  ---------------
clk2q               x025y023z7          0.137    r     6.885          pin: u_core/u_hdmi_tx_controller_wrapper/u_video_axi_stream_receiver/u_w24_d1024_fifo/u_logic_ramfifo[10]__1_syn_2.oqb
net (fo=5)                              0.719          7.604          net: u_core/u_hdmi_tx_controller_wrapper/u_video_axi_stream_receiver/u_w24_d1024_fifo/u_logic_ramfifo_syn_31,  ../../../user_source/hdl_source/hdmi_1_4b_transmitter_core_wrapper.enc.v(0)
                                                                      pin: u_core/u_hdmi_tx_controller_wrapper/u0_hdmi_tmds_encode/S_data_island_code_1d_reg[2]_syn_2.ia
LUT4                x025y025z2          0.473    r     8.077       1  pin: u_core/u_hdmi_tx_controller_wrapper/u0_hdmi_tmds_encode/S_data_island_code_1d_reg[2]_syn_2.ofa
net (fo=1)                              0.369          8.446          net: u_core/I_pixel_clk_syn_564,  ../../../user_source/hdl_source/hdmi_1_4b_transmitter_core_wrapper.enc.v(24)
                                                                      pin: u_core/u_hdmi_tx_controller_wrapper/u0_hdmi_tmds_encode/S_island_valid_1d_reg_syn_3.ic
LUT6                x022y025z1          0.287    r     8.733       2  pin: u_core/u_hdmi_tx_controller_wrapper/u0_hdmi_tmds_encode/S_island_valid_1d_reg_syn_3.ofb
net (fo=1)                              0.079          8.812          net: u_core/I_pixel_clk_syn_566,  ../../../user_source/hdl_source/hdmi_1_4b_transmitter_core_wrapper.enc.v(24)
                                                                      pin: u_core/I_pixel_clk_syn_640.ia
LUT6                x022y025z3          0.408    f     9.220       3  pin: u_core/I_pixel_clk_syn_640.ofb
net (fo=1)                              0.179          9.399          net: u_core/I_pixel_clk_syn_570,  ../../../user_source/hdl_source/hdmi_1_4b_transmitter_core_wrapper.enc.v(24)
                                                                      pin: u_core/u_hdmi_tx_controller_wrapper/u_video_axi_stream_receiver/u_w24_d1024_fifo/u_logic_ramfifo_syn_562.imb
LUT2                x022y025z0          0.271    r     9.670       4  pin: u_core/u_hdmi_tx_controller_wrapper/u_video_axi_stream_receiver/u_w24_d1024_fifo/u_logic_ramfifo_syn_562.ofb
net (fo=14)                             0.322          9.992          net: u_core/u_hdmi_tx_controller_wrapper/u_video_axi_stream_receiver/u_w24_d1024_fifo/I_fifo_rd_en_syn_8,  ../../../user_source/hdl_source/hdmi_1_4b_transmitter_core_wrapper.enc.v(0)
                                                                      pin: u_core/I_pixel_clk[1]__3_syn_2.ib
LUT3                x021y023z1          0.408    f    10.400       5  pin: u_core/I_pixel_clk[1]__3_syn_2.ofb
net (fo=3)                              0.263         10.663          net: u_core/I_pixel_clk_syn_592,  ../../../user_source/hdl_source/hdmi_1_4b_transmitter_core_wrapper.enc.v(24)
                                                                      pin: u_core/I_pixel_clk[5]__3_syn_2.ib
LUT4 (reg)          x022y023z5          0.382    f    11.045       6  net: u_core/I_pixel_clk_syn_377,  ../../../user_source/hdl_source/hdmi_1_4b_transmitter_core_wrapper.enc.v(24)
--------------------------------------------------------------------  ---------------
Arrival                                               11.045               

source latency                          0.000          0.000               
port                C4                  0.000          0.000          pin: I_sys_clk
hierarchy                               0.000          0.000          pin: I_sys_clk_syn_2.ipad
HDIO                x033y078            0.745          0.745          pin: I_sys_clk_syn_2.sg09_di
HDIO                x033y078            0.629          1.374          pin: I_sys_clk_syn_2.di
net (fo=1)          x043y079            0.099          1.473          net: I_sys_clk_dup_1,  ../../../diagnostics/hdmi_1080p30_tpg/hdmi_tpg_top.v(4)
                                                                      pin: u_hdmi_pll/u_ref/ph1p_phy_pll_wrapper_25a56e5ce2f9_Inst/u_PH1P_PHY_PLL.refclk
PLL                 x043y079            0.703          2.176          pin: u_hdmi_pll/u_ref/ph1p_phy_pll_wrapper_25a56e5ce2f9_Inst/u_PH1P_PHY_PLL.clkc[0]
net (fo=1)                              0.711          2.887          net: u_hdmi_pll/u_ref/clk0_buf,  ../../../user_source/hdl_source/native_hdmi_pll.v(32)
                                                                      pin: u_hdmi_pll/u_ref/bufg_feedback.clkin[0]
GCLK                x023y039z16         0.014          2.901          pin: u_hdmi_pll/u_ref/bufg_feedback.clkout
net (fo=1)                              0.322          3.223          net: u_hdmi_pll/u_output/ph1p_phy_pll_wrapper_25a56e5ce2f9_Inst/refclk,  ../../../user_source/ip_source/PLL/RTL/ph1p_phy_pll_wrapper_25a56e5ce2f9.v(119)
                                                                      pin: u_hdmi_pll/u_ref/bufg_feedback_auto_created_sclk_s_0_l_bk1.clkin
SCLK                x023y019z0          0.068          3.291          pin: u_hdmi_pll/u_ref/bufg_feedback_auto_created_sclk_s_0_l_bk1.clkout
net (fo=1)          x000y039            0.255          3.546          net: u_hdmi_pll/u_ref/bufg_feedback_auto_created_sclk_s_0_l_bk1_sclk_outnet,  NOFILE(0)
                                                                      pin: u_hdmi_pll/u_output/ph1p_phy_pll_wrapper_25a56e5ce2f9_Inst/u_PH1P_PHY_PLL.refclk
PLL                 x000y039            0.703          4.249          pin: u_hdmi_pll/u_output/ph1p_phy_pll_wrapper_25a56e5ce2f9_Inst/u_PH1P_PHY_PLL.clkc[0]
net (fo=1)                              0.697          4.946          net: u_hdmi_pll/u_output/clk0_buf,  ../../../user_source/hdl_source/native_hdmi_pll.v(32)
                                                                      pin: u_hdmi_pll/u_output/bufg_feedback.clkin[0]
GCLK                x023y039z0          0.014          4.960          pin: u_hdmi_pll/u_output/bufg_feedback.clkout
net (fo=4)                              0.315          5.275          net: u_core/I_pixel_clk,  ../../../user_source/hdl_source/hdmi_1_4b_transmitter_core_wrapper.enc.v(24)
                                                                      pin: u_hdmi_pll/u_output/bufg_feedback_auto_created_sclk_s_0_l_bk2.clkin
SCLK                x023y019z1          0.068          5.343          pin: u_hdmi_pll/u_output/bufg_feedback_auto_created_sclk_s_0_l_bk2.clkout
net (fo=302)                            0.551          5.894          net: u_hdmi_pll/u_output/bufg_feedback_auto_created_sclk_s_0_l_bk2_sclk_outnet,  NOFILE(0)
                                                                      pin: u_core/I_pixel_clk[5]__3_syn_2.clk
capture edge                           13.468    r    19.362               
--------------------------------------------------------------------  ---------------
setup                                  -0.064         19.298               
clock uncertainty                      -0.128         19.170               
clock pessimism                         0.729         19.899               
--------------------------------------------------------------------  ---------------
Required                                              19.899               
--------------------------------------------------------------------  ---------------
Slack                                                  8.854               

Slack               : 8.858ns
Begin Point         : u_core/u0_reset_sync/O_sync_reset_reg_syn_4.clk (rising edge triggered by clock u_hdmi_pll/u_output/ph1p_phy_pll_wrapper_25a56e5ce2f9_Inst/u_PH1P_PHY_PLL.clkc[0]  { rise@0.000000ns  fall@6.734000ns  period=13.468000 })
End Point           : u_core/u_hdmi_tx_controller_wrapper/u_video_axi_stream_receiver/u_w24_d1024_fifo/u_logic_ramfifo[5]__0_syn_2.asr (rising edge triggered by clock u_hdmi_pll/u_output/ph1p_phy_pll_wrapper_25a56e5ce2f9_Inst/u_PH1P_PHY_PLL.clkc[0]  { rise@0.000000ns  fall@6.734000ns  period=13.468000 })
Check Type          : recovery
Process             : slow_m40c
Budget              : 13.468ns { u_hdmi_pll/u_output/ph1p_phy_pll_wrapper_25a56e5ce2f9_Inst/u_PH1P_PHY_PLL.clkc[0] rising@13.468ns - u_hdmi_pll/u_output/ph1p_phy_pll_wrapper_25a56e5ce2f9_Inst/u_PH1P_PHY_PLL.clkc[0] rising@0.000ns }
Data Path Delay     : 4.496ns (cell 0.315ns (7%), net 4.181ns (93%))
Clock Skew          : 0.011ns
Logic Level         : 1 ( LUT2=1 )
Max Fanout          : 242
Clock Uncertainty   : 0.103ns (sdc uncertainty: 0.000ns, default uncertainty: 0.103ns)

Delay Type          Location             Incr           Path   Level  Netlist Info
--------------------------------------------------------------------  ---------------
source latency                          0.000          0.000               
port                C4                  0.000          0.000          pin: I_sys_clk
hierarchy                               0.000          0.000          pin: I_sys_clk_syn_2.ipad
HDIO                x033y078            0.810          0.810          pin: I_sys_clk_syn_2.sg09_di
HDIO                x033y078            0.684          1.494          pin: I_sys_clk_syn_2.di
net (fo=1)          x043y079            0.115          1.609          net: I_sys_clk_dup_1,  ../../../diagnostics/hdmi_1080p30_tpg/hdmi_tpg_top.v(4)
                                                                      pin: u_hdmi_pll/u_ref/ph1p_phy_pll_wrapper_25a56e5ce2f9_Inst/u_PH1P_PHY_PLL.refclk
PLL                 x043y079            0.814          2.423          pin: u_hdmi_pll/u_ref/ph1p_phy_pll_wrapper_25a56e5ce2f9_Inst/u_PH1P_PHY_PLL.clkc[0]
net (fo=1)                              0.830          3.253          net: u_hdmi_pll/u_ref/clk0_buf,  ../../../user_source/hdl_source/native_hdmi_pll.v(32)
                                                                      pin: u_hdmi_pll/u_ref/bufg_feedback.clkin[0]
GCLK                x023y039z16         0.016          3.269          pin: u_hdmi_pll/u_ref/bufg_feedback.clkout
net (fo=1)                              0.375          3.644          net: u_hdmi_pll/u_output/ph1p_phy_pll_wrapper_25a56e5ce2f9_Inst/refclk,  ../../../user_source/ip_source/PLL/RTL/ph1p_phy_pll_wrapper_25a56e5ce2f9.v(119)
                                                                      pin: u_hdmi_pll/u_ref/bufg_feedback_auto_created_sclk_s_0_l_bk1.clkin
SCLK                x023y019z0          0.079          3.723          pin: u_hdmi_pll/u_ref/bufg_feedback_auto_created_sclk_s_0_l_bk1.clkout
net (fo=1)          x000y039            0.299          4.022          net: u_hdmi_pll/u_ref/bufg_feedback_auto_created_sclk_s_0_l_bk1_sclk_outnet,  NOFILE(0)
                                                                      pin: u_hdmi_pll/u_output/ph1p_phy_pll_wrapper_25a56e5ce2f9_Inst/u_PH1P_PHY_PLL.refclk
PLL                 x000y039            0.814          4.836          pin: u_hdmi_pll/u_output/ph1p_phy_pll_wrapper_25a56e5ce2f9_Inst/u_PH1P_PHY_PLL.clkc[0]
net (fo=1)                              0.815          5.651          net: u_hdmi_pll/u_output/clk0_buf,  ../../../user_source/hdl_source/native_hdmi_pll.v(32)
                                                                      pin: u_hdmi_pll/u_output/bufg_feedback.clkin[0]
GCLK                x023y039z0          0.016          5.667          pin: u_hdmi_pll/u_output/bufg_feedback.clkout
net (fo=4)                              0.366          6.033          net: u_core/I_pixel_clk,  ../../../user_source/hdl_source/hdmi_1_4b_transmitter_core_wrapper.enc.v(24)
                                                                      pin: u_hdmi_pll/u_output/bufg_feedback_auto_created_sclk_s_0_r_bk1.clkin
SCLK                x023y019z12         0.079          6.112          pin: u_hdmi_pll/u_output/bufg_feedback_auto_created_sclk_s_0_r_bk1.clkout
net (fo=219)                            0.636          6.748          net: u_hdmi_pll/u_output/bufg_feedback_auto_created_sclk_s_0_r_bk1_sclk_outnet,  NOFILE(0)
                                                                      pin: u_core/u0_reset_sync/O_sync_reset_reg_syn_4.clk
launch edge                             0.000    r     6.748               
--------------------------------------------------------------------  ---------------
clk2q               x026y039z5          0.126    f     6.874          pin: u_core/u0_reset_sync/O_sync_reset_reg_syn_4.oqa
net (fo=242)                            2.896          9.770          net: u_core/u_hdmi_edid_wrapper/u_iic_master_wrapper/u_iic_receiver_controller/I_rst_dup_9,  ../../../user_source/hdl_source/hdmi_1_4b_transmitter_core_wrapper.enc.v(0)
                                                                      pin: u_core/u_hdmi_tx_controller_wrapper/u_video_axi_stream_receiver/O_video_source_pause_reg_syn_6.ie
LUT2                x019y025z0          0.189    r     9.959       1  pin: u_core/u_hdmi_tx_controller_wrapper/u_video_axi_stream_receiver/O_video_source_pause_reg_syn_6.ofb
net (fo=48)                             1.285         11.244          net: u_core/u_hdmi_tx_controller_wrapper/u_video_axi_stream_receiver/u_w24_d1024_fifo/I_rst,  ../../../user_source/hdl_source/hdmi_1_4b_transmitter_core_wrapper.enc.v(0)
                                                                      pin: u_core/u_hdmi_tx_controller_wrapper/u_video_axi_stream_receiver/u_w24_d1024_fifo/u_logic_ramfifo[5]__0_syn_2.asr
reg                 x026y024z1          0.000    f    11.244               
--------------------------------------------------------------------  ---------------
Arrival                                               11.244               

source latency                          0.000          0.000               
port                C4                  0.000          0.000          pin: I_sys_clk
hierarchy                               0.000          0.000          pin: I_sys_clk_syn_2.ipad
HDIO                x033y078            0.745          0.745          pin: I_sys_clk_syn_2.sg09_di
HDIO                x033y078            0.629          1.374          pin: I_sys_clk_syn_2.di
net (fo=1)          x043y079            0.099          1.473          net: I_sys_clk_dup_1,  ../../../diagnostics/hdmi_1080p30_tpg/hdmi_tpg_top.v(4)
                                                                      pin: u_hdmi_pll/u_ref/ph1p_phy_pll_wrapper_25a56e5ce2f9_Inst/u_PH1P_PHY_PLL.refclk
PLL                 x043y079            0.703          2.176          pin: u_hdmi_pll/u_ref/ph1p_phy_pll_wrapper_25a56e5ce2f9_Inst/u_PH1P_PHY_PLL.clkc[0]
net (fo=1)                              0.711          2.887          net: u_hdmi_pll/u_ref/clk0_buf,  ../../../user_source/hdl_source/native_hdmi_pll.v(32)
                                                                      pin: u_hdmi_pll/u_ref/bufg_feedback.clkin[0]
GCLK                x023y039z16         0.014          2.901          pin: u_hdmi_pll/u_ref/bufg_feedback.clkout
net (fo=1)                              0.322          3.223          net: u_hdmi_pll/u_output/ph1p_phy_pll_wrapper_25a56e5ce2f9_Inst/refclk,  ../../../user_source/ip_source/PLL/RTL/ph1p_phy_pll_wrapper_25a56e5ce2f9.v(119)
                                                                      pin: u_hdmi_pll/u_ref/bufg_feedback_auto_created_sclk_s_0_l_bk1.clkin
SCLK                x023y019z0          0.068          3.291          pin: u_hdmi_pll/u_ref/bufg_feedback_auto_created_sclk_s_0_l_bk1.clkout
net (fo=1)          x000y039            0.255          3.546          net: u_hdmi_pll/u_ref/bufg_feedback_auto_created_sclk_s_0_l_bk1_sclk_outnet,  NOFILE(0)
                                                                      pin: u_hdmi_pll/u_output/ph1p_phy_pll_wrapper_25a56e5ce2f9_Inst/u_PH1P_PHY_PLL.refclk
PLL                 x000y039            0.703          4.249          pin: u_hdmi_pll/u_output/ph1p_phy_pll_wrapper_25a56e5ce2f9_Inst/u_PH1P_PHY_PLL.clkc[0]
net (fo=1)                              0.697          4.946          net: u_hdmi_pll/u_output/clk0_buf,  ../../../user_source/hdl_source/native_hdmi_pll.v(32)
                                                                      pin: u_hdmi_pll/u_output/bufg_feedback.clkin[0]
GCLK                x023y039z0          0.014          4.960          pin: u_hdmi_pll/u_output/bufg_feedback.clkout
net (fo=4)                              0.313          5.273          net: u_core/I_pixel_clk,  ../../../user_source/hdl_source/hdmi_1_4b_transmitter_core_wrapper.enc.v(24)
                                                                      pin: u_hdmi_pll/u_output/bufg_feedback_auto_created_sclk_s_0_r_bk1.clkin
SCLK                x023y019z12         0.068          5.341          pin: u_hdmi_pll/u_output/bufg_feedback_auto_created_sclk_s_0_r_bk1.clkout
net (fo=219)                            0.553          5.894          net: u_hdmi_pll/u_output/bufg_feedback_auto_created_sclk_s_0_r_bk1_sclk_outnet,  NOFILE(0)
                                                                      pin: u_core/u_hdmi_tx_controller_wrapper/u_video_axi_stream_receiver/u_w24_d1024_fifo/u_logic_ramfifo[5]__0_syn_2.clk
capture edge                           13.468    r    19.362               
--------------------------------------------------------------------  ---------------
recovery                                0.000         19.362               
clock uncertainty                      -0.103         19.259               
clock pessimism                         0.843         20.102               
--------------------------------------------------------------------  ---------------
Required                                              20.102               
--------------------------------------------------------------------  ---------------
Slack                                                  8.858               

Slack               : 8.858ns
Begin Point         : u_core/u0_reset_sync/O_sync_reset_reg_syn_4.clk (rising edge triggered by clock u_hdmi_pll/u_output/ph1p_phy_pll_wrapper_25a56e5ce2f9_Inst/u_PH1P_PHY_PLL.clkc[0]  { rise@0.000000ns  fall@6.734000ns  period=13.468000 })
End Point           : u_core/u_hdmi_tx_controller_wrapper/u_video_axi_stream_receiver/u_w24_d1024_fifo/u_logic_ramfifo[5]__1_syn_2.asr (rising edge triggered by clock u_hdmi_pll/u_output/ph1p_phy_pll_wrapper_25a56e5ce2f9_Inst/u_PH1P_PHY_PLL.clkc[0]  { rise@0.000000ns  fall@6.734000ns  period=13.468000 })
Check Type          : recovery
Process             : slow_m40c
Budget              : 13.468ns { u_hdmi_pll/u_output/ph1p_phy_pll_wrapper_25a56e5ce2f9_Inst/u_PH1P_PHY_PLL.clkc[0] rising@13.468ns - u_hdmi_pll/u_output/ph1p_phy_pll_wrapper_25a56e5ce2f9_Inst/u_PH1P_PHY_PLL.clkc[0] rising@0.000ns }
Data Path Delay     : 4.496ns (cell 0.315ns (7%), net 4.181ns (93%))
Clock Skew          : 0.011ns
Logic Level         : 1 ( LUT2=1 )
Max Fanout          : 242
Clock Uncertainty   : 0.103ns (sdc uncertainty: 0.000ns, default uncertainty: 0.103ns)

Delay Type          Location             Incr           Path   Level  Netlist Info
--------------------------------------------------------------------  ---------------
source latency                          0.000          0.000               
port                C4                  0.000          0.000          pin: I_sys_clk
hierarchy                               0.000          0.000          pin: I_sys_clk_syn_2.ipad
HDIO                x033y078            0.810          0.810          pin: I_sys_clk_syn_2.sg09_di
HDIO                x033y078            0.684          1.494          pin: I_sys_clk_syn_2.di
net (fo=1)          x043y079            0.115          1.609          net: I_sys_clk_dup_1,  ../../../diagnostics/hdmi_1080p30_tpg/hdmi_tpg_top.v(4)
                                                                      pin: u_hdmi_pll/u_ref/ph1p_phy_pll_wrapper_25a56e5ce2f9_Inst/u_PH1P_PHY_PLL.refclk
PLL                 x043y079            0.814          2.423          pin: u_hdmi_pll/u_ref/ph1p_phy_pll_wrapper_25a56e5ce2f9_Inst/u_PH1P_PHY_PLL.clkc[0]
net (fo=1)                              0.830          3.253          net: u_hdmi_pll/u_ref/clk0_buf,  ../../../user_source/hdl_source/native_hdmi_pll.v(32)
                                                                      pin: u_hdmi_pll/u_ref/bufg_feedback.clkin[0]
GCLK                x023y039z16         0.016          3.269          pin: u_hdmi_pll/u_ref/bufg_feedback.clkout
net (fo=1)                              0.375          3.644          net: u_hdmi_pll/u_output/ph1p_phy_pll_wrapper_25a56e5ce2f9_Inst/refclk,  ../../../user_source/ip_source/PLL/RTL/ph1p_phy_pll_wrapper_25a56e5ce2f9.v(119)
                                                                      pin: u_hdmi_pll/u_ref/bufg_feedback_auto_created_sclk_s_0_l_bk1.clkin
SCLK                x023y019z0          0.079          3.723          pin: u_hdmi_pll/u_ref/bufg_feedback_auto_created_sclk_s_0_l_bk1.clkout
net (fo=1)          x000y039            0.299          4.022          net: u_hdmi_pll/u_ref/bufg_feedback_auto_created_sclk_s_0_l_bk1_sclk_outnet,  NOFILE(0)
                                                                      pin: u_hdmi_pll/u_output/ph1p_phy_pll_wrapper_25a56e5ce2f9_Inst/u_PH1P_PHY_PLL.refclk
PLL                 x000y039            0.814          4.836          pin: u_hdmi_pll/u_output/ph1p_phy_pll_wrapper_25a56e5ce2f9_Inst/u_PH1P_PHY_PLL.clkc[0]
net (fo=1)                              0.815          5.651          net: u_hdmi_pll/u_output/clk0_buf,  ../../../user_source/hdl_source/native_hdmi_pll.v(32)
                                                                      pin: u_hdmi_pll/u_output/bufg_feedback.clkin[0]
GCLK                x023y039z0          0.016          5.667          pin: u_hdmi_pll/u_output/bufg_feedback.clkout
net (fo=4)                              0.366          6.033          net: u_core/I_pixel_clk,  ../../../user_source/hdl_source/hdmi_1_4b_transmitter_core_wrapper.enc.v(24)
                                                                      pin: u_hdmi_pll/u_output/bufg_feedback_auto_created_sclk_s_0_r_bk1.clkin
SCLK                x023y019z12         0.079          6.112          pin: u_hdmi_pll/u_output/bufg_feedback_auto_created_sclk_s_0_r_bk1.clkout
net (fo=219)                            0.636          6.748          net: u_hdmi_pll/u_output/bufg_feedback_auto_created_sclk_s_0_r_bk1_sclk_outnet,  NOFILE(0)
                                                                      pin: u_core/u0_reset_sync/O_sync_reset_reg_syn_4.clk
launch edge                             0.000    r     6.748               
--------------------------------------------------------------------  ---------------
clk2q               x026y039z5          0.126    f     6.874          pin: u_core/u0_reset_sync/O_sync_reset_reg_syn_4.oqa
net (fo=242)                            2.896          9.770          net: u_core/u_hdmi_edid_wrapper/u_iic_master_wrapper/u_iic_receiver_controller/I_rst_dup_9,  ../../../user_source/hdl_source/hdmi_1_4b_transmitter_core_wrapper.enc.v(0)
                                                                      pin: u_core/u_hdmi_tx_controller_wrapper/u_video_axi_stream_receiver/O_video_source_pause_reg_syn_6.ie
LUT2                x019y025z0          0.189    r     9.959       1  pin: u_core/u_hdmi_tx_controller_wrapper/u_video_axi_stream_receiver/O_video_source_pause_reg_syn_6.ofb
net (fo=48)                             1.285         11.244          net: u_core/u_hdmi_tx_controller_wrapper/u_video_axi_stream_receiver/u_w24_d1024_fifo/I_rst,  ../../../user_source/hdl_source/hdmi_1_4b_transmitter_core_wrapper.enc.v(0)
                                                                      pin: u_core/u_hdmi_tx_controller_wrapper/u_video_axi_stream_receiver/u_w24_d1024_fifo/u_logic_ramfifo[5]__1_syn_2.asr
reg                 x026y024z7          0.000    f    11.244               
--------------------------------------------------------------------  ---------------
Arrival                                               11.244               

source latency                          0.000          0.000               
port                C4                  0.000          0.000          pin: I_sys_clk
hierarchy                               0.000          0.000          pin: I_sys_clk_syn_2.ipad
HDIO                x033y078            0.745          0.745          pin: I_sys_clk_syn_2.sg09_di
HDIO                x033y078            0.629          1.374          pin: I_sys_clk_syn_2.di
net (fo=1)          x043y079            0.099          1.473          net: I_sys_clk_dup_1,  ../../../diagnostics/hdmi_1080p30_tpg/hdmi_tpg_top.v(4)
                                                                      pin: u_hdmi_pll/u_ref/ph1p_phy_pll_wrapper_25a56e5ce2f9_Inst/u_PH1P_PHY_PLL.refclk
PLL                 x043y079            0.703          2.176          pin: u_hdmi_pll/u_ref/ph1p_phy_pll_wrapper_25a56e5ce2f9_Inst/u_PH1P_PHY_PLL.clkc[0]
net (fo=1)                              0.711          2.887          net: u_hdmi_pll/u_ref/clk0_buf,  ../../../user_source/hdl_source/native_hdmi_pll.v(32)
                                                                      pin: u_hdmi_pll/u_ref/bufg_feedback.clkin[0]
GCLK                x023y039z16         0.014          2.901          pin: u_hdmi_pll/u_ref/bufg_feedback.clkout
net (fo=1)                              0.322          3.223          net: u_hdmi_pll/u_output/ph1p_phy_pll_wrapper_25a56e5ce2f9_Inst/refclk,  ../../../user_source/ip_source/PLL/RTL/ph1p_phy_pll_wrapper_25a56e5ce2f9.v(119)
                                                                      pin: u_hdmi_pll/u_ref/bufg_feedback_auto_created_sclk_s_0_l_bk1.clkin
SCLK                x023y019z0          0.068          3.291          pin: u_hdmi_pll/u_ref/bufg_feedback_auto_created_sclk_s_0_l_bk1.clkout
net (fo=1)          x000y039            0.255          3.546          net: u_hdmi_pll/u_ref/bufg_feedback_auto_created_sclk_s_0_l_bk1_sclk_outnet,  NOFILE(0)
                                                                      pin: u_hdmi_pll/u_output/ph1p_phy_pll_wrapper_25a56e5ce2f9_Inst/u_PH1P_PHY_PLL.refclk
PLL                 x000y039            0.703          4.249          pin: u_hdmi_pll/u_output/ph1p_phy_pll_wrapper_25a56e5ce2f9_Inst/u_PH1P_PHY_PLL.clkc[0]
net (fo=1)                              0.697          4.946          net: u_hdmi_pll/u_output/clk0_buf,  ../../../user_source/hdl_source/native_hdmi_pll.v(32)
                                                                      pin: u_hdmi_pll/u_output/bufg_feedback.clkin[0]
GCLK                x023y039z0          0.014          4.960          pin: u_hdmi_pll/u_output/bufg_feedback.clkout
net (fo=4)                              0.313          5.273          net: u_core/I_pixel_clk,  ../../../user_source/hdl_source/hdmi_1_4b_transmitter_core_wrapper.enc.v(24)
                                                                      pin: u_hdmi_pll/u_output/bufg_feedback_auto_created_sclk_s_0_r_bk1.clkin
SCLK                x023y019z12         0.068          5.341          pin: u_hdmi_pll/u_output/bufg_feedback_auto_created_sclk_s_0_r_bk1.clkout
net (fo=219)                            0.553          5.894          net: u_hdmi_pll/u_output/bufg_feedback_auto_created_sclk_s_0_r_bk1_sclk_outnet,  NOFILE(0)
                                                                      pin: u_core/u_hdmi_tx_controller_wrapper/u_video_axi_stream_receiver/u_w24_d1024_fifo/u_logic_ramfifo[5]__1_syn_2.clk
capture edge                           13.468    r    19.362               
--------------------------------------------------------------------  ---------------
recovery                                0.000         19.362               
clock uncertainty                      -0.103         19.259               
clock pessimism                         0.843         20.102               
--------------------------------------------------------------------  ---------------
Required                                              20.102               
--------------------------------------------------------------------  ---------------
Slack                                                  8.858               

Slack               : 8.858ns
Begin Point         : u_core/u0_reset_sync/O_sync_reset_reg_syn_4.clk (rising edge triggered by clock u_hdmi_pll/u_output/ph1p_phy_pll_wrapper_25a56e5ce2f9_Inst/u_PH1P_PHY_PLL.clkc[0]  { rise@0.000000ns  fall@6.734000ns  period=13.468000 })
End Point           : u_core/u_hdmi_tx_controller_wrapper/u_video_axi_stream_receiver/u_w24_d1024_fifo/u_logic_ramfifo[5]__6_syn_2.asr (rising edge triggered by clock u_hdmi_pll/u_output/ph1p_phy_pll_wrapper_25a56e5ce2f9_Inst/u_PH1P_PHY_PLL.clkc[0]  { rise@0.000000ns  fall@6.734000ns  period=13.468000 })
Check Type          : recovery
Process             : slow_m40c
Budget              : 13.468ns { u_hdmi_pll/u_output/ph1p_phy_pll_wrapper_25a56e5ce2f9_Inst/u_PH1P_PHY_PLL.clkc[0] rising@13.468ns - u_hdmi_pll/u_output/ph1p_phy_pll_wrapper_25a56e5ce2f9_Inst/u_PH1P_PHY_PLL.clkc[0] rising@0.000ns }
Data Path Delay     : 4.496ns (cell 0.315ns (7%), net 4.181ns (93%))
Clock Skew          : 0.011ns
Logic Level         : 1 ( LUT2=1 )
Max Fanout          : 242
Clock Uncertainty   : 0.103ns (sdc uncertainty: 0.000ns, default uncertainty: 0.103ns)

Delay Type          Location             Incr           Path   Level  Netlist Info
--------------------------------------------------------------------  ---------------
source latency                          0.000          0.000               
port                C4                  0.000          0.000          pin: I_sys_clk
hierarchy                               0.000          0.000          pin: I_sys_clk_syn_2.ipad
HDIO                x033y078            0.810          0.810          pin: I_sys_clk_syn_2.sg09_di
HDIO                x033y078            0.684          1.494          pin: I_sys_clk_syn_2.di
net (fo=1)          x043y079            0.115          1.609          net: I_sys_clk_dup_1,  ../../../diagnostics/hdmi_1080p30_tpg/hdmi_tpg_top.v(4)
                                                                      pin: u_hdmi_pll/u_ref/ph1p_phy_pll_wrapper_25a56e5ce2f9_Inst/u_PH1P_PHY_PLL.refclk
PLL                 x043y079            0.814          2.423          pin: u_hdmi_pll/u_ref/ph1p_phy_pll_wrapper_25a56e5ce2f9_Inst/u_PH1P_PHY_PLL.clkc[0]
net (fo=1)                              0.830          3.253          net: u_hdmi_pll/u_ref/clk0_buf,  ../../../user_source/hdl_source/native_hdmi_pll.v(32)
                                                                      pin: u_hdmi_pll/u_ref/bufg_feedback.clkin[0]
GCLK                x023y039z16         0.016          3.269          pin: u_hdmi_pll/u_ref/bufg_feedback.clkout
net (fo=1)                              0.375          3.644          net: u_hdmi_pll/u_output/ph1p_phy_pll_wrapper_25a56e5ce2f9_Inst/refclk,  ../../../user_source/ip_source/PLL/RTL/ph1p_phy_pll_wrapper_25a56e5ce2f9.v(119)
                                                                      pin: u_hdmi_pll/u_ref/bufg_feedback_auto_created_sclk_s_0_l_bk1.clkin
SCLK                x023y019z0          0.079          3.723          pin: u_hdmi_pll/u_ref/bufg_feedback_auto_created_sclk_s_0_l_bk1.clkout
net (fo=1)          x000y039            0.299          4.022          net: u_hdmi_pll/u_ref/bufg_feedback_auto_created_sclk_s_0_l_bk1_sclk_outnet,  NOFILE(0)
                                                                      pin: u_hdmi_pll/u_output/ph1p_phy_pll_wrapper_25a56e5ce2f9_Inst/u_PH1P_PHY_PLL.refclk
PLL                 x000y039            0.814          4.836          pin: u_hdmi_pll/u_output/ph1p_phy_pll_wrapper_25a56e5ce2f9_Inst/u_PH1P_PHY_PLL.clkc[0]
net (fo=1)                              0.815          5.651          net: u_hdmi_pll/u_output/clk0_buf,  ../../../user_source/hdl_source/native_hdmi_pll.v(32)
                                                                      pin: u_hdmi_pll/u_output/bufg_feedback.clkin[0]
GCLK                x023y039z0          0.016          5.667          pin: u_hdmi_pll/u_output/bufg_feedback.clkout
net (fo=4)                              0.366          6.033          net: u_core/I_pixel_clk,  ../../../user_source/hdl_source/hdmi_1_4b_transmitter_core_wrapper.enc.v(24)
                                                                      pin: u_hdmi_pll/u_output/bufg_feedback_auto_created_sclk_s_0_r_bk1.clkin
SCLK                x023y019z12         0.079          6.112          pin: u_hdmi_pll/u_output/bufg_feedback_auto_created_sclk_s_0_r_bk1.clkout
net (fo=219)                            0.636          6.748          net: u_hdmi_pll/u_output/bufg_feedback_auto_created_sclk_s_0_r_bk1_sclk_outnet,  NOFILE(0)
                                                                      pin: u_core/u0_reset_sync/O_sync_reset_reg_syn_4.clk
launch edge                             0.000    r     6.748               
--------------------------------------------------------------------  ---------------
clk2q               x026y039z5          0.126    f     6.874          pin: u_core/u0_reset_sync/O_sync_reset_reg_syn_4.oqa
net (fo=242)                            2.896          9.770          net: u_core/u_hdmi_edid_wrapper/u_iic_master_wrapper/u_iic_receiver_controller/I_rst_dup_9,  ../../../user_source/hdl_source/hdmi_1_4b_transmitter_core_wrapper.enc.v(0)
                                                                      pin: u_core/u_hdmi_tx_controller_wrapper/u_video_axi_stream_receiver/O_video_source_pause_reg_syn_6.ie
LUT2                x019y025z0          0.189    r     9.959       1  pin: u_core/u_hdmi_tx_controller_wrapper/u_video_axi_stream_receiver/O_video_source_pause_reg_syn_6.ofb
net (fo=48)                             1.285         11.244          net: u_core/u_hdmi_tx_controller_wrapper/u_video_axi_stream_receiver/u_w24_d1024_fifo/I_rst,  ../../../user_source/hdl_source/hdmi_1_4b_transmitter_core_wrapper.enc.v(0)
                                                                      pin: u_core/u_hdmi_tx_controller_wrapper/u_video_axi_stream_receiver/u_w24_d1024_fifo/u_logic_ramfifo[5]__6_syn_2.asr
reg                 x026y024z0          0.000    f    11.244               
--------------------------------------------------------------------  ---------------
Arrival                                               11.244               

source latency                          0.000          0.000               
port                C4                  0.000          0.000          pin: I_sys_clk
hierarchy                               0.000          0.000          pin: I_sys_clk_syn_2.ipad
HDIO                x033y078            0.745          0.745          pin: I_sys_clk_syn_2.sg09_di
HDIO                x033y078            0.629          1.374          pin: I_sys_clk_syn_2.di
net (fo=1)          x043y079            0.099          1.473          net: I_sys_clk_dup_1,  ../../../diagnostics/hdmi_1080p30_tpg/hdmi_tpg_top.v(4)
                                                                      pin: u_hdmi_pll/u_ref/ph1p_phy_pll_wrapper_25a56e5ce2f9_Inst/u_PH1P_PHY_PLL.refclk
PLL                 x043y079            0.703          2.176          pin: u_hdmi_pll/u_ref/ph1p_phy_pll_wrapper_25a56e5ce2f9_Inst/u_PH1P_PHY_PLL.clkc[0]
net (fo=1)                              0.711          2.887          net: u_hdmi_pll/u_ref/clk0_buf,  ../../../user_source/hdl_source/native_hdmi_pll.v(32)
                                                                      pin: u_hdmi_pll/u_ref/bufg_feedback.clkin[0]
GCLK                x023y039z16         0.014          2.901          pin: u_hdmi_pll/u_ref/bufg_feedback.clkout
net (fo=1)                              0.322          3.223          net: u_hdmi_pll/u_output/ph1p_phy_pll_wrapper_25a56e5ce2f9_Inst/refclk,  ../../../user_source/ip_source/PLL/RTL/ph1p_phy_pll_wrapper_25a56e5ce2f9.v(119)
                                                                      pin: u_hdmi_pll/u_ref/bufg_feedback_auto_created_sclk_s_0_l_bk1.clkin
SCLK                x023y019z0          0.068          3.291          pin: u_hdmi_pll/u_ref/bufg_feedback_auto_created_sclk_s_0_l_bk1.clkout
net (fo=1)          x000y039            0.255          3.546          net: u_hdmi_pll/u_ref/bufg_feedback_auto_created_sclk_s_0_l_bk1_sclk_outnet,  NOFILE(0)
                                                                      pin: u_hdmi_pll/u_output/ph1p_phy_pll_wrapper_25a56e5ce2f9_Inst/u_PH1P_PHY_PLL.refclk
PLL                 x000y039            0.703          4.249          pin: u_hdmi_pll/u_output/ph1p_phy_pll_wrapper_25a56e5ce2f9_Inst/u_PH1P_PHY_PLL.clkc[0]
net (fo=1)                              0.697          4.946          net: u_hdmi_pll/u_output/clk0_buf,  ../../../user_source/hdl_source/native_hdmi_pll.v(32)
                                                                      pin: u_hdmi_pll/u_output/bufg_feedback.clkin[0]
GCLK                x023y039z0          0.014          4.960          pin: u_hdmi_pll/u_output/bufg_feedback.clkout
net (fo=4)                              0.313          5.273          net: u_core/I_pixel_clk,  ../../../user_source/hdl_source/hdmi_1_4b_transmitter_core_wrapper.enc.v(24)
                                                                      pin: u_hdmi_pll/u_output/bufg_feedback_auto_created_sclk_s_0_r_bk1.clkin
SCLK                x023y019z12         0.068          5.341          pin: u_hdmi_pll/u_output/bufg_feedback_auto_created_sclk_s_0_r_bk1.clkout
net (fo=219)                            0.553          5.894          net: u_hdmi_pll/u_output/bufg_feedback_auto_created_sclk_s_0_r_bk1_sclk_outnet,  NOFILE(0)
                                                                      pin: u_core/u_hdmi_tx_controller_wrapper/u_video_axi_stream_receiver/u_w24_d1024_fifo/u_logic_ramfifo[5]__6_syn_2.clk
capture edge                           13.468    r    19.362               
--------------------------------------------------------------------  ---------------
recovery                                0.000         19.362               
clock uncertainty                      -0.103         19.259               
clock pessimism                         0.843         20.102               
--------------------------------------------------------------------  ---------------
Required                                              20.102               
--------------------------------------------------------------------  ---------------
Slack                                                  8.858               

Slack               : 8.893ns
Begin Point         : u_core/u0_reset_sync/O_sync_reset_reg_syn_4.clk (rising edge triggered by clock u_hdmi_pll/u_output/ph1p_phy_pll_wrapper_25a56e5ce2f9_Inst/u_PH1P_PHY_PLL.clkc[0]  { rise@0.000000ns  fall@6.734000ns  period=13.468000 })
End Point           : u_core/I_pixel_clk[7]__3_syn_2.asr (rising edge triggered by clock u_hdmi_pll/u_output/ph1p_phy_pll_wrapper_25a56e5ce2f9_Inst/u_PH1P_PHY_PLL.clkc[0]  { rise@0.000000ns  fall@6.734000ns  period=13.468000 })
Check Type          : recovery
Process             : slow_m40c
Budget              : 13.468ns { u_hdmi_pll/u_output/ph1p_phy_pll_wrapper_25a56e5ce2f9_Inst/u_PH1P_PHY_PLL.clkc[0] rising@13.468ns - u_hdmi_pll/u_output/ph1p_phy_pll_wrapper_25a56e5ce2f9_Inst/u_PH1P_PHY_PLL.clkc[0] rising@0.000ns }
Data Path Delay     : 4.396ns (cell 0.315ns (7%), net 4.081ns (93%))
Clock Skew          : 0.076ns
Logic Level         : 1 ( LUT2=1 )
Max Fanout          : 242
Clock Uncertainty   : 0.103ns (sdc uncertainty: 0.000ns, default uncertainty: 0.103ns)

Delay Type          Location             Incr           Path   Level  Netlist Info
--------------------------------------------------------------------  ---------------
source latency                          0.000          0.000               
port                C4                  0.000          0.000          pin: I_sys_clk
hierarchy                               0.000          0.000          pin: I_sys_clk_syn_2.ipad
HDIO                x033y078            0.810          0.810          pin: I_sys_clk_syn_2.sg09_di
HDIO                x033y078            0.684          1.494          pin: I_sys_clk_syn_2.di
net (fo=1)          x043y079            0.115          1.609          net: I_sys_clk_dup_1,  ../../../diagnostics/hdmi_1080p30_tpg/hdmi_tpg_top.v(4)
                                                                      pin: u_hdmi_pll/u_ref/ph1p_phy_pll_wrapper_25a56e5ce2f9_Inst/u_PH1P_PHY_PLL.refclk
PLL                 x043y079            0.814          2.423          pin: u_hdmi_pll/u_ref/ph1p_phy_pll_wrapper_25a56e5ce2f9_Inst/u_PH1P_PHY_PLL.clkc[0]
net (fo=1)                              0.830          3.253          net: u_hdmi_pll/u_ref/clk0_buf,  ../../../user_source/hdl_source/native_hdmi_pll.v(32)
                                                                      pin: u_hdmi_pll/u_ref/bufg_feedback.clkin[0]
GCLK                x023y039z16         0.016          3.269          pin: u_hdmi_pll/u_ref/bufg_feedback.clkout
net (fo=1)                              0.375          3.644          net: u_hdmi_pll/u_output/ph1p_phy_pll_wrapper_25a56e5ce2f9_Inst/refclk,  ../../../user_source/ip_source/PLL/RTL/ph1p_phy_pll_wrapper_25a56e5ce2f9.v(119)
                                                                      pin: u_hdmi_pll/u_ref/bufg_feedback_auto_created_sclk_s_0_l_bk1.clkin
SCLK                x023y019z0          0.079          3.723          pin: u_hdmi_pll/u_ref/bufg_feedback_auto_created_sclk_s_0_l_bk1.clkout
net (fo=1)          x000y039            0.299          4.022          net: u_hdmi_pll/u_ref/bufg_feedback_auto_created_sclk_s_0_l_bk1_sclk_outnet,  NOFILE(0)
                                                                      pin: u_hdmi_pll/u_output/ph1p_phy_pll_wrapper_25a56e5ce2f9_Inst/u_PH1P_PHY_PLL.refclk
PLL                 x000y039            0.814          4.836          pin: u_hdmi_pll/u_output/ph1p_phy_pll_wrapper_25a56e5ce2f9_Inst/u_PH1P_PHY_PLL.clkc[0]
net (fo=1)                              0.815          5.651          net: u_hdmi_pll/u_output/clk0_buf,  ../../../user_source/hdl_source/native_hdmi_pll.v(32)
                                                                      pin: u_hdmi_pll/u_output/bufg_feedback.clkin[0]
GCLK                x023y039z0          0.016          5.667          pin: u_hdmi_pll/u_output/bufg_feedback.clkout
net (fo=4)                              0.366          6.033          net: u_core/I_pixel_clk,  ../../../user_source/hdl_source/hdmi_1_4b_transmitter_core_wrapper.enc.v(24)
                                                                      pin: u_hdmi_pll/u_output/bufg_feedback_auto_created_sclk_s_0_r_bk1.clkin
SCLK                x023y019z12         0.079          6.112          pin: u_hdmi_pll/u_output/bufg_feedback_auto_created_sclk_s_0_r_bk1.clkout
net (fo=219)                            0.636          6.748          net: u_hdmi_pll/u_output/bufg_feedback_auto_created_sclk_s_0_r_bk1_sclk_outnet,  NOFILE(0)
                                                                      pin: u_core/u0_reset_sync/O_sync_reset_reg_syn_4.clk
launch edge                             0.000    r     6.748               
--------------------------------------------------------------------  ---------------
clk2q               x026y039z5          0.126    f     6.874          pin: u_core/u0_reset_sync/O_sync_reset_reg_syn_4.oqa
net (fo=242)                            2.896          9.770          net: u_core/u_hdmi_edid_wrapper/u_iic_master_wrapper/u_iic_receiver_controller/I_rst_dup_9,  ../../../user_source/hdl_source/hdmi_1_4b_transmitter_core_wrapper.enc.v(0)
                                                                      pin: u_core/u_hdmi_tx_controller_wrapper/u_video_axi_stream_receiver/O_video_source_pause_reg_syn_6.ie
LUT2                x019y025z0          0.189    r     9.959       1  pin: u_core/u_hdmi_tx_controller_wrapper/u_video_axi_stream_receiver/O_video_source_pause_reg_syn_6.ofb
net (fo=48)                             1.185         11.144          net: u_core/u_hdmi_tx_controller_wrapper/u_video_axi_stream_receiver/u_w24_d1024_fifo/I_rst,  ../../../user_source/hdl_source/hdmi_1_4b_transmitter_core_wrapper.enc.v(0)
                                                                      pin: u_core/I_pixel_clk[7]__3_syn_2.asr
reg                 x025y023z5          0.000    f    11.144               
--------------------------------------------------------------------  ---------------
Arrival                                               11.144               

source latency                          0.000          0.000               
port                C4                  0.000          0.000          pin: I_sys_clk
hierarchy                               0.000          0.000          pin: I_sys_clk_syn_2.ipad
HDIO                x033y078            0.745          0.745          pin: I_sys_clk_syn_2.sg09_di
HDIO                x033y078            0.629          1.374          pin: I_sys_clk_syn_2.di
net (fo=1)          x043y079            0.099          1.473          net: I_sys_clk_dup_1,  ../../../diagnostics/hdmi_1080p30_tpg/hdmi_tpg_top.v(4)
                                                                      pin: u_hdmi_pll/u_ref/ph1p_phy_pll_wrapper_25a56e5ce2f9_Inst/u_PH1P_PHY_PLL.refclk
PLL                 x043y079            0.703          2.176          pin: u_hdmi_pll/u_ref/ph1p_phy_pll_wrapper_25a56e5ce2f9_Inst/u_PH1P_PHY_PLL.clkc[0]
net (fo=1)                              0.711          2.887          net: u_hdmi_pll/u_ref/clk0_buf,  ../../../user_source/hdl_source/native_hdmi_pll.v(32)
                                                                      pin: u_hdmi_pll/u_ref/bufg_feedback.clkin[0]
GCLK                x023y039z16         0.014          2.901          pin: u_hdmi_pll/u_ref/bufg_feedback.clkout
net (fo=1)                              0.322          3.223          net: u_hdmi_pll/u_output/ph1p_phy_pll_wrapper_25a56e5ce2f9_Inst/refclk,  ../../../user_source/ip_source/PLL/RTL/ph1p_phy_pll_wrapper_25a56e5ce2f9.v(119)
                                                                      pin: u_hdmi_pll/u_ref/bufg_feedback_auto_created_sclk_s_0_l_bk1.clkin
SCLK                x023y019z0          0.068          3.291          pin: u_hdmi_pll/u_ref/bufg_feedback_auto_created_sclk_s_0_l_bk1.clkout
net (fo=1)          x000y039            0.255          3.546          net: u_hdmi_pll/u_ref/bufg_feedback_auto_created_sclk_s_0_l_bk1_sclk_outnet,  NOFILE(0)
                                                                      pin: u_hdmi_pll/u_output/ph1p_phy_pll_wrapper_25a56e5ce2f9_Inst/u_PH1P_PHY_PLL.refclk
PLL                 x000y039            0.703          4.249          pin: u_hdmi_pll/u_output/ph1p_phy_pll_wrapper_25a56e5ce2f9_Inst/u_PH1P_PHY_PLL.clkc[0]
net (fo=1)                              0.697          4.946          net: u_hdmi_pll/u_output/clk0_buf,  ../../../user_source/hdl_source/native_hdmi_pll.v(32)
                                                                      pin: u_hdmi_pll/u_output/bufg_feedback.clkin[0]
GCLK                x023y039z0          0.014          4.960          pin: u_hdmi_pll/u_output/bufg_feedback.clkout
net (fo=4)                              0.313          5.273          net: u_core/I_pixel_clk,  ../../../user_source/hdl_source/hdmi_1_4b_transmitter_core_wrapper.enc.v(24)
                                                                      pin: u_hdmi_pll/u_output/bufg_feedback_auto_created_sclk_s_0_r_bk1.clkin
SCLK                x023y019z12         0.068          5.341          pin: u_hdmi_pll/u_output/bufg_feedback_auto_created_sclk_s_0_r_bk1.clkout
net (fo=219)                            0.553          5.894          net: u_hdmi_pll/u_output/bufg_feedback_auto_created_sclk_s_0_r_bk1_sclk_outnet,  NOFILE(0)
                                                                      pin: u_core/I_pixel_clk[7]__3_syn_2.clk
capture edge                           13.468    r    19.362               
--------------------------------------------------------------------  ---------------
recovery                                0.000         19.362               
clock uncertainty                      -0.103         19.259               
clock pessimism                         0.778         20.037               
--------------------------------------------------------------------  ---------------
Required                                              20.037               
--------------------------------------------------------------------  ---------------
Slack                                                  8.893               

Slack               : 8.893ns
Begin Point         : u_core/u0_reset_sync/O_sync_reset_reg_syn_4.clk (rising edge triggered by clock u_hdmi_pll/u_output/ph1p_phy_pll_wrapper_25a56e5ce2f9_Inst/u_PH1P_PHY_PLL.clkc[0]  { rise@0.000000ns  fall@6.734000ns  period=13.468000 })
End Point           : u_core/u_hdmi_tx_controller_wrapper/u_video_axi_stream_receiver/u_w24_d1024_fifo/u_logic_ramfifo[6]__1_syn_2.asr (rising edge triggered by clock u_hdmi_pll/u_output/ph1p_phy_pll_wrapper_25a56e5ce2f9_Inst/u_PH1P_PHY_PLL.clkc[0]  { rise@0.000000ns  fall@6.734000ns  period=13.468000 })
Check Type          : recovery
Process             : slow_m40c
Budget              : 13.468ns { u_hdmi_pll/u_output/ph1p_phy_pll_wrapper_25a56e5ce2f9_Inst/u_PH1P_PHY_PLL.clkc[0] rising@13.468ns - u_hdmi_pll/u_output/ph1p_phy_pll_wrapper_25a56e5ce2f9_Inst/u_PH1P_PHY_PLL.clkc[0] rising@0.000ns }
Data Path Delay     : 4.396ns (cell 0.315ns (7%), net 4.081ns (93%))
Clock Skew          : 0.076ns
Logic Level         : 1 ( LUT2=1 )
Max Fanout          : 242
Clock Uncertainty   : 0.103ns (sdc uncertainty: 0.000ns, default uncertainty: 0.103ns)

Delay Type          Location             Incr           Path   Level  Netlist Info
--------------------------------------------------------------------  ---------------
source latency                          0.000          0.000               
port                C4                  0.000          0.000          pin: I_sys_clk
hierarchy                               0.000          0.000          pin: I_sys_clk_syn_2.ipad
HDIO                x033y078            0.810          0.810          pin: I_sys_clk_syn_2.sg09_di
HDIO                x033y078            0.684          1.494          pin: I_sys_clk_syn_2.di
net (fo=1)          x043y079            0.115          1.609          net: I_sys_clk_dup_1,  ../../../diagnostics/hdmi_1080p30_tpg/hdmi_tpg_top.v(4)
                                                                      pin: u_hdmi_pll/u_ref/ph1p_phy_pll_wrapper_25a56e5ce2f9_Inst/u_PH1P_PHY_PLL.refclk
PLL                 x043y079            0.814          2.423          pin: u_hdmi_pll/u_ref/ph1p_phy_pll_wrapper_25a56e5ce2f9_Inst/u_PH1P_PHY_PLL.clkc[0]
net (fo=1)                              0.830          3.253          net: u_hdmi_pll/u_ref/clk0_buf,  ../../../user_source/hdl_source/native_hdmi_pll.v(32)
                                                                      pin: u_hdmi_pll/u_ref/bufg_feedback.clkin[0]
GCLK                x023y039z16         0.016          3.269          pin: u_hdmi_pll/u_ref/bufg_feedback.clkout
net (fo=1)                              0.375          3.644          net: u_hdmi_pll/u_output/ph1p_phy_pll_wrapper_25a56e5ce2f9_Inst/refclk,  ../../../user_source/ip_source/PLL/RTL/ph1p_phy_pll_wrapper_25a56e5ce2f9.v(119)
                                                                      pin: u_hdmi_pll/u_ref/bufg_feedback_auto_created_sclk_s_0_l_bk1.clkin
SCLK                x023y019z0          0.079          3.723          pin: u_hdmi_pll/u_ref/bufg_feedback_auto_created_sclk_s_0_l_bk1.clkout
net (fo=1)          x000y039            0.299          4.022          net: u_hdmi_pll/u_ref/bufg_feedback_auto_created_sclk_s_0_l_bk1_sclk_outnet,  NOFILE(0)
                                                                      pin: u_hdmi_pll/u_output/ph1p_phy_pll_wrapper_25a56e5ce2f9_Inst/u_PH1P_PHY_PLL.refclk
PLL                 x000y039            0.814          4.836          pin: u_hdmi_pll/u_output/ph1p_phy_pll_wrapper_25a56e5ce2f9_Inst/u_PH1P_PHY_PLL.clkc[0]
net (fo=1)                              0.815          5.651          net: u_hdmi_pll/u_output/clk0_buf,  ../../../user_source/hdl_source/native_hdmi_pll.v(32)
                                                                      pin: u_hdmi_pll/u_output/bufg_feedback.clkin[0]
GCLK                x023y039z0          0.016          5.667          pin: u_hdmi_pll/u_output/bufg_feedback.clkout
net (fo=4)                              0.366          6.033          net: u_core/I_pixel_clk,  ../../../user_source/hdl_source/hdmi_1_4b_transmitter_core_wrapper.enc.v(24)
                                                                      pin: u_hdmi_pll/u_output/bufg_feedback_auto_created_sclk_s_0_r_bk1.clkin
SCLK                x023y019z12         0.079          6.112          pin: u_hdmi_pll/u_output/bufg_feedback_auto_created_sclk_s_0_r_bk1.clkout
net (fo=219)                            0.636          6.748          net: u_hdmi_pll/u_output/bufg_feedback_auto_created_sclk_s_0_r_bk1_sclk_outnet,  NOFILE(0)
                                                                      pin: u_core/u0_reset_sync/O_sync_reset_reg_syn_4.clk
launch edge                             0.000    r     6.748               
--------------------------------------------------------------------  ---------------
clk2q               x026y039z5          0.126    f     6.874          pin: u_core/u0_reset_sync/O_sync_reset_reg_syn_4.oqa
net (fo=242)                            2.896          9.770          net: u_core/u_hdmi_edid_wrapper/u_iic_master_wrapper/u_iic_receiver_controller/I_rst_dup_9,  ../../../user_source/hdl_source/hdmi_1_4b_transmitter_core_wrapper.enc.v(0)
                                                                      pin: u_core/u_hdmi_tx_controller_wrapper/u_video_axi_stream_receiver/O_video_source_pause_reg_syn_6.ie
LUT2                x019y025z0          0.189    r     9.959       1  pin: u_core/u_hdmi_tx_controller_wrapper/u_video_axi_stream_receiver/O_video_source_pause_reg_syn_6.ofb
net (fo=48)                             1.185         11.144          net: u_core/u_hdmi_tx_controller_wrapper/u_video_axi_stream_receiver/u_w24_d1024_fifo/I_rst,  ../../../user_source/hdl_source/hdmi_1_4b_transmitter_core_wrapper.enc.v(0)
                                                                      pin: u_core/u_hdmi_tx_controller_wrapper/u_video_axi_stream_receiver/u_w24_d1024_fifo/u_logic_ramfifo[6]__1_syn_2.asr
reg                 x025y023z6          0.000    f    11.144               
--------------------------------------------------------------------  ---------------
Arrival                                               11.144               

source latency                          0.000          0.000               
port                C4                  0.000          0.000          pin: I_sys_clk
hierarchy                               0.000          0.000          pin: I_sys_clk_syn_2.ipad
HDIO                x033y078            0.745          0.745          pin: I_sys_clk_syn_2.sg09_di
HDIO                x033y078            0.629          1.374          pin: I_sys_clk_syn_2.di
net (fo=1)          x043y079            0.099          1.473          net: I_sys_clk_dup_1,  ../../../diagnostics/hdmi_1080p30_tpg/hdmi_tpg_top.v(4)
                                                                      pin: u_hdmi_pll/u_ref/ph1p_phy_pll_wrapper_25a56e5ce2f9_Inst/u_PH1P_PHY_PLL.refclk
PLL                 x043y079            0.703          2.176          pin: u_hdmi_pll/u_ref/ph1p_phy_pll_wrapper_25a56e5ce2f9_Inst/u_PH1P_PHY_PLL.clkc[0]
net (fo=1)                              0.711          2.887          net: u_hdmi_pll/u_ref/clk0_buf,  ../../../user_source/hdl_source/native_hdmi_pll.v(32)
                                                                      pin: u_hdmi_pll/u_ref/bufg_feedback.clkin[0]
GCLK                x023y039z16         0.014          2.901          pin: u_hdmi_pll/u_ref/bufg_feedback.clkout
net (fo=1)                              0.322          3.223          net: u_hdmi_pll/u_output/ph1p_phy_pll_wrapper_25a56e5ce2f9_Inst/refclk,  ../../../user_source/ip_source/PLL/RTL/ph1p_phy_pll_wrapper_25a56e5ce2f9.v(119)
                                                                      pin: u_hdmi_pll/u_ref/bufg_feedback_auto_created_sclk_s_0_l_bk1.clkin
SCLK                x023y019z0          0.068          3.291          pin: u_hdmi_pll/u_ref/bufg_feedback_auto_created_sclk_s_0_l_bk1.clkout
net (fo=1)          x000y039            0.255          3.546          net: u_hdmi_pll/u_ref/bufg_feedback_auto_created_sclk_s_0_l_bk1_sclk_outnet,  NOFILE(0)
                                                                      pin: u_hdmi_pll/u_output/ph1p_phy_pll_wrapper_25a56e5ce2f9_Inst/u_PH1P_PHY_PLL.refclk
PLL                 x000y039            0.703          4.249          pin: u_hdmi_pll/u_output/ph1p_phy_pll_wrapper_25a56e5ce2f9_Inst/u_PH1P_PHY_PLL.clkc[0]
net (fo=1)                              0.697          4.946          net: u_hdmi_pll/u_output/clk0_buf,  ../../../user_source/hdl_source/native_hdmi_pll.v(32)
                                                                      pin: u_hdmi_pll/u_output/bufg_feedback.clkin[0]
GCLK                x023y039z0          0.014          4.960          pin: u_hdmi_pll/u_output/bufg_feedback.clkout
net (fo=4)                              0.313          5.273          net: u_core/I_pixel_clk,  ../../../user_source/hdl_source/hdmi_1_4b_transmitter_core_wrapper.enc.v(24)
                                                                      pin: u_hdmi_pll/u_output/bufg_feedback_auto_created_sclk_s_0_r_bk1.clkin
SCLK                x023y019z12         0.068          5.341          pin: u_hdmi_pll/u_output/bufg_feedback_auto_created_sclk_s_0_r_bk1.clkout
net (fo=219)                            0.553          5.894          net: u_hdmi_pll/u_output/bufg_feedback_auto_created_sclk_s_0_r_bk1_sclk_outnet,  NOFILE(0)
                                                                      pin: u_core/u_hdmi_tx_controller_wrapper/u_video_axi_stream_receiver/u_w24_d1024_fifo/u_logic_ramfifo[6]__1_syn_2.clk
capture edge                           13.468    r    19.362               
--------------------------------------------------------------------  ---------------
recovery                                0.000         19.362               
clock uncertainty                      -0.103         19.259               
clock pessimism                         0.778         20.037               
--------------------------------------------------------------------  ---------------
Required                                              20.037               
--------------------------------------------------------------------  ---------------
Slack                                                  8.893               

Slack               : 8.893ns
Begin Point         : u_core/u0_reset_sync/O_sync_reset_reg_syn_4.clk (rising edge triggered by clock u_hdmi_pll/u_output/ph1p_phy_pll_wrapper_25a56e5ce2f9_Inst/u_PH1P_PHY_PLL.clkc[0]  { rise@0.000000ns  fall@6.734000ns  period=13.468000 })
End Point           : u_core/u_hdmi_tx_controller_wrapper/u_video_axi_stream_receiver/u_w24_d1024_fifo/u_logic_ramfifo[10]__1_syn_2.asr (rising edge triggered by clock u_hdmi_pll/u_output/ph1p_phy_pll_wrapper_25a56e5ce2f9_Inst/u_PH1P_PHY_PLL.clkc[0]  { rise@0.000000ns  fall@6.734000ns  period=13.468000 })
Check Type          : recovery
Process             : slow_m40c
Budget              : 13.468ns { u_hdmi_pll/u_output/ph1p_phy_pll_wrapper_25a56e5ce2f9_Inst/u_PH1P_PHY_PLL.clkc[0] rising@13.468ns - u_hdmi_pll/u_output/ph1p_phy_pll_wrapper_25a56e5ce2f9_Inst/u_PH1P_PHY_PLL.clkc[0] rising@0.000ns }
Data Path Delay     : 4.396ns (cell 0.315ns (7%), net 4.081ns (93%))
Clock Skew          : 0.076ns
Logic Level         : 1 ( LUT2=1 )
Max Fanout          : 242
Clock Uncertainty   : 0.103ns (sdc uncertainty: 0.000ns, default uncertainty: 0.103ns)

Delay Type          Location             Incr           Path   Level  Netlist Info
--------------------------------------------------------------------  ---------------
source latency                          0.000          0.000               
port                C4                  0.000          0.000          pin: I_sys_clk
hierarchy                               0.000          0.000          pin: I_sys_clk_syn_2.ipad
HDIO                x033y078            0.810          0.810          pin: I_sys_clk_syn_2.sg09_di
HDIO                x033y078            0.684          1.494          pin: I_sys_clk_syn_2.di
net (fo=1)          x043y079            0.115          1.609          net: I_sys_clk_dup_1,  ../../../diagnostics/hdmi_1080p30_tpg/hdmi_tpg_top.v(4)
                                                                      pin: u_hdmi_pll/u_ref/ph1p_phy_pll_wrapper_25a56e5ce2f9_Inst/u_PH1P_PHY_PLL.refclk
PLL                 x043y079            0.814          2.423          pin: u_hdmi_pll/u_ref/ph1p_phy_pll_wrapper_25a56e5ce2f9_Inst/u_PH1P_PHY_PLL.clkc[0]
net (fo=1)                              0.830          3.253          net: u_hdmi_pll/u_ref/clk0_buf,  ../../../user_source/hdl_source/native_hdmi_pll.v(32)
                                                                      pin: u_hdmi_pll/u_ref/bufg_feedback.clkin[0]
GCLK                x023y039z16         0.016          3.269          pin: u_hdmi_pll/u_ref/bufg_feedback.clkout
net (fo=1)                              0.375          3.644          net: u_hdmi_pll/u_output/ph1p_phy_pll_wrapper_25a56e5ce2f9_Inst/refclk,  ../../../user_source/ip_source/PLL/RTL/ph1p_phy_pll_wrapper_25a56e5ce2f9.v(119)
                                                                      pin: u_hdmi_pll/u_ref/bufg_feedback_auto_created_sclk_s_0_l_bk1.clkin
SCLK                x023y019z0          0.079          3.723          pin: u_hdmi_pll/u_ref/bufg_feedback_auto_created_sclk_s_0_l_bk1.clkout
net (fo=1)          x000y039            0.299          4.022          net: u_hdmi_pll/u_ref/bufg_feedback_auto_created_sclk_s_0_l_bk1_sclk_outnet,  NOFILE(0)
                                                                      pin: u_hdmi_pll/u_output/ph1p_phy_pll_wrapper_25a56e5ce2f9_Inst/u_PH1P_PHY_PLL.refclk
PLL                 x000y039            0.814          4.836          pin: u_hdmi_pll/u_output/ph1p_phy_pll_wrapper_25a56e5ce2f9_Inst/u_PH1P_PHY_PLL.clkc[0]
net (fo=1)                              0.815          5.651          net: u_hdmi_pll/u_output/clk0_buf,  ../../../user_source/hdl_source/native_hdmi_pll.v(32)
                                                                      pin: u_hdmi_pll/u_output/bufg_feedback.clkin[0]
GCLK                x023y039z0          0.016          5.667          pin: u_hdmi_pll/u_output/bufg_feedback.clkout
net (fo=4)                              0.366          6.033          net: u_core/I_pixel_clk,  ../../../user_source/hdl_source/hdmi_1_4b_transmitter_core_wrapper.enc.v(24)
                                                                      pin: u_hdmi_pll/u_output/bufg_feedback_auto_created_sclk_s_0_r_bk1.clkin
SCLK                x023y019z12         0.079          6.112          pin: u_hdmi_pll/u_output/bufg_feedback_auto_created_sclk_s_0_r_bk1.clkout
net (fo=219)                            0.636          6.748          net: u_hdmi_pll/u_output/bufg_feedback_auto_created_sclk_s_0_r_bk1_sclk_outnet,  NOFILE(0)
                                                                      pin: u_core/u0_reset_sync/O_sync_reset_reg_syn_4.clk
launch edge                             0.000    r     6.748               
--------------------------------------------------------------------  ---------------
clk2q               x026y039z5          0.126    f     6.874          pin: u_core/u0_reset_sync/O_sync_reset_reg_syn_4.oqa
net (fo=242)                            2.896          9.770          net: u_core/u_hdmi_edid_wrapper/u_iic_master_wrapper/u_iic_receiver_controller/I_rst_dup_9,  ../../../user_source/hdl_source/hdmi_1_4b_transmitter_core_wrapper.enc.v(0)
                                                                      pin: u_core/u_hdmi_tx_controller_wrapper/u_video_axi_stream_receiver/O_video_source_pause_reg_syn_6.ie
LUT2                x019y025z0          0.189    r     9.959       1  pin: u_core/u_hdmi_tx_controller_wrapper/u_video_axi_stream_receiver/O_video_source_pause_reg_syn_6.ofb
net (fo=48)                             1.185         11.144          net: u_core/u_hdmi_tx_controller_wrapper/u_video_axi_stream_receiver/u_w24_d1024_fifo/I_rst,  ../../../user_source/hdl_source/hdmi_1_4b_transmitter_core_wrapper.enc.v(0)
                                                                      pin: u_core/u_hdmi_tx_controller_wrapper/u_video_axi_stream_receiver/u_w24_d1024_fifo/u_logic_ramfifo[10]__1_syn_2.asr
reg                 x025y023z7          0.000    f    11.144               
--------------------------------------------------------------------  ---------------
Arrival                                               11.144               

source latency                          0.000          0.000               
port                C4                  0.000          0.000          pin: I_sys_clk
hierarchy                               0.000          0.000          pin: I_sys_clk_syn_2.ipad
HDIO                x033y078            0.745          0.745          pin: I_sys_clk_syn_2.sg09_di
HDIO                x033y078            0.629          1.374          pin: I_sys_clk_syn_2.di
net (fo=1)          x043y079            0.099          1.473          net: I_sys_clk_dup_1,  ../../../diagnostics/hdmi_1080p30_tpg/hdmi_tpg_top.v(4)
                                                                      pin: u_hdmi_pll/u_ref/ph1p_phy_pll_wrapper_25a56e5ce2f9_Inst/u_PH1P_PHY_PLL.refclk
PLL                 x043y079            0.703          2.176          pin: u_hdmi_pll/u_ref/ph1p_phy_pll_wrapper_25a56e5ce2f9_Inst/u_PH1P_PHY_PLL.clkc[0]
net (fo=1)                              0.711          2.887          net: u_hdmi_pll/u_ref/clk0_buf,  ../../../user_source/hdl_source/native_hdmi_pll.v(32)
                                                                      pin: u_hdmi_pll/u_ref/bufg_feedback.clkin[0]
GCLK                x023y039z16         0.014          2.901          pin: u_hdmi_pll/u_ref/bufg_feedback.clkout
net (fo=1)                              0.322          3.223          net: u_hdmi_pll/u_output/ph1p_phy_pll_wrapper_25a56e5ce2f9_Inst/refclk,  ../../../user_source/ip_source/PLL/RTL/ph1p_phy_pll_wrapper_25a56e5ce2f9.v(119)
                                                                      pin: u_hdmi_pll/u_ref/bufg_feedback_auto_created_sclk_s_0_l_bk1.clkin
SCLK                x023y019z0          0.068          3.291          pin: u_hdmi_pll/u_ref/bufg_feedback_auto_created_sclk_s_0_l_bk1.clkout
net (fo=1)          x000y039            0.255          3.546          net: u_hdmi_pll/u_ref/bufg_feedback_auto_created_sclk_s_0_l_bk1_sclk_outnet,  NOFILE(0)
                                                                      pin: u_hdmi_pll/u_output/ph1p_phy_pll_wrapper_25a56e5ce2f9_Inst/u_PH1P_PHY_PLL.refclk
PLL                 x000y039            0.703          4.249          pin: u_hdmi_pll/u_output/ph1p_phy_pll_wrapper_25a56e5ce2f9_Inst/u_PH1P_PHY_PLL.clkc[0]
net (fo=1)                              0.697          4.946          net: u_hdmi_pll/u_output/clk0_buf,  ../../../user_source/hdl_source/native_hdmi_pll.v(32)
                                                                      pin: u_hdmi_pll/u_output/bufg_feedback.clkin[0]
GCLK                x023y039z0          0.014          4.960          pin: u_hdmi_pll/u_output/bufg_feedback.clkout
net (fo=4)                              0.313          5.273          net: u_core/I_pixel_clk,  ../../../user_source/hdl_source/hdmi_1_4b_transmitter_core_wrapper.enc.v(24)
                                                                      pin: u_hdmi_pll/u_output/bufg_feedback_auto_created_sclk_s_0_r_bk1.clkin
SCLK                x023y019z12         0.068          5.341          pin: u_hdmi_pll/u_output/bufg_feedback_auto_created_sclk_s_0_r_bk1.clkout
net (fo=219)                            0.553          5.894          net: u_hdmi_pll/u_output/bufg_feedback_auto_created_sclk_s_0_r_bk1_sclk_outnet,  NOFILE(0)
                                                                      pin: u_core/u_hdmi_tx_controller_wrapper/u_video_axi_stream_receiver/u_w24_d1024_fifo/u_logic_ramfifo[10]__1_syn_2.clk
capture edge                           13.468    r    19.362               
--------------------------------------------------------------------  ---------------
recovery                                0.000         19.362               
clock uncertainty                      -0.103         19.259               
clock pessimism                         0.778         20.037               
--------------------------------------------------------------------  ---------------
Required                                              20.037               
--------------------------------------------------------------------  ---------------
Slack                                                  8.893               



Min Paths
----------------------------------------------------------------------------------------------------
Slack               : 0.024ns
Begin Point         : u_core/u_hdmi_tx_controller_wrapper/u_hdmi_island_data_gen/U_audio_sample_packet_2_channel/u_w96_d1024_fifo/u_logic_ramfifo[4]__1_syn_2.clk (rising edge triggered by clock u_hdmi_pll/u_output/ph1p_phy_pll_wrapper_25a56e5ce2f9_Inst/u_PH1P_PHY_PLL.clkc[0]  { rise@0.000000ns  fall@6.734000ns  period=13.468000 })
End Point           : u_core/u_hdmi_tx_controller_wrapper/u_hdmi_island_data_gen/U_audio_sample_packet_2_channel/u_w96_d1024_fifo/u_logic_ramfifo_syn_608.addrb[8] (rising edge triggered by clock u_hdmi_pll/u_output/ph1p_phy_pll_wrapper_25a56e5ce2f9_Inst/u_PH1P_PHY_PLL.clkc[0]  { rise@0.000000ns  fall@6.734000ns  period=13.468000 })
Check Type          : hold
Process             : fast_m40c
Budget              : 0.000ns { u_hdmi_pll/u_output/ph1p_phy_pll_wrapper_25a56e5ce2f9_Inst/u_PH1P_PHY_PLL.clkc[0] rising@0.000ns - u_hdmi_pll/u_output/ph1p_phy_pll_wrapper_25a56e5ce2f9_Inst/u_PH1P_PHY_PLL.clkc[0] rising@0.000ns }
Data Path Delay     : 0.253ns (cell 0.062ns (24%), net 0.191ns (76%))
Clock Skew          : 0.060ns
Logic Level         : 1 ( ERAM=1 )
Max Fanout          : 5
Clock Uncertainty   : 0.100ns (sdc uncertainty: 0.000ns, default uncertainty: 0.100ns)

Delay Type          Location             Incr           Path   Level  Netlist Info
--------------------------------------------------------------------  ---------------
source latency                          0.000          0.000               
port                C4                  0.000          0.000          pin: I_sys_clk
hierarchy                               0.000          0.000          pin: I_sys_clk_syn_2.ipad
HDIO                x033y078            0.810          0.810          pin: I_sys_clk_syn_2.sg09_di
HDIO                x033y078            0.257          1.067          pin: I_sys_clk_syn_2.di
net (fo=1)          x043y079            0.040          1.107          net: I_sys_clk_dup_1,  ../../../diagnostics/hdmi_1080p30_tpg/hdmi_tpg_top.v(4)
                                                                      pin: u_hdmi_pll/u_ref/ph1p_phy_pll_wrapper_25a56e5ce2f9_Inst/u_PH1P_PHY_PLL.refclk
PLL                 x043y079            0.367          1.474          pin: u_hdmi_pll/u_ref/ph1p_phy_pll_wrapper_25a56e5ce2f9_Inst/u_PH1P_PHY_PLL.clkc[0]
net (fo=1)                              0.312          1.786          net: u_hdmi_pll/u_ref/clk0_buf,  ../../../user_source/hdl_source/native_hdmi_pll.v(32)
                                                                      pin: u_hdmi_pll/u_ref/bufg_feedback.clkin[0]
GCLK                x023y039z16         0.006          1.792          pin: u_hdmi_pll/u_ref/bufg_feedback.clkout
net (fo=1)                              0.136          1.928          net: u_hdmi_pll/u_output/ph1p_phy_pll_wrapper_25a56e5ce2f9_Inst/refclk,  ../../../user_source/ip_source/PLL/RTL/ph1p_phy_pll_wrapper_25a56e5ce2f9.v(119)
                                                                      pin: u_hdmi_pll/u_ref/bufg_feedback_auto_created_sclk_s_0_l_bk1.clkin
SCLK                x023y019z0          0.025          1.953          pin: u_hdmi_pll/u_ref/bufg_feedback_auto_created_sclk_s_0_l_bk1.clkout
net (fo=1)          x000y039            0.121          2.074          net: u_hdmi_pll/u_ref/bufg_feedback_auto_created_sclk_s_0_l_bk1_sclk_outnet,  NOFILE(0)
                                                                      pin: u_hdmi_pll/u_output/ph1p_phy_pll_wrapper_25a56e5ce2f9_Inst/u_PH1P_PHY_PLL.refclk
PLL                 x000y039            0.367          2.441          pin: u_hdmi_pll/u_output/ph1p_phy_pll_wrapper_25a56e5ce2f9_Inst/u_PH1P_PHY_PLL.clkc[0]
net (fo=1)                              0.310          2.751          net: u_hdmi_pll/u_output/clk0_buf,  ../../../user_source/hdl_source/native_hdmi_pll.v(32)
                                                                      pin: u_hdmi_pll/u_output/bufg_feedback.clkin[0]
GCLK                x023y039z0          0.006          2.757          pin: u_hdmi_pll/u_output/bufg_feedback.clkout
net (fo=4)                              0.131          2.888          net: u_core/I_pixel_clk,  ../../../user_source/hdl_source/hdmi_1_4b_transmitter_core_wrapper.enc.v(24)
                                                                      pin: u_hdmi_pll/u_output/bufg_feedback_auto_created_sclk_s_0_r_bk1.clkin
SCLK                x023y019z12         0.025          2.913          pin: u_hdmi_pll/u_output/bufg_feedback_auto_created_sclk_s_0_r_bk1.clkout
net (fo=219)                            0.221          3.134          net: u_hdmi_pll/u_output/bufg_feedback_auto_created_sclk_s_0_r_bk1_sclk_outnet,  NOFILE(0)
                                                                      pin: u_core/u_hdmi_tx_controller_wrapper/u_hdmi_island_data_gen/U_audio_sample_packet_2_channel/u_w96_d1024_fifo/u_logic_ramfifo[4]__1_syn_2.clk
launch edge                             0.000    r     3.134               
--------------------------------------------------------------------  ---------------
clk2q               x025y030z3          0.062    f     3.196          pin: u_core/u_hdmi_tx_controller_wrapper/u_hdmi_island_data_gen/U_audio_sample_packet_2_channel/u_w96_d1024_fifo/u_logic_ramfifo[4]__1_syn_2.oqa
net (fo=5)                              0.191          3.387          net: u_core/u_hdmi_tx_controller_wrapper/u_hdmi_island_data_gen/U_audio_sample_packet_2_channel/u_w96_d1024_fifo/u_logic_ramfifo_syn_27,  ../../../user_source/hdl_source/hdmi_1_4b_transmitter_core_wrapper.enc.v(0)
                                                                      pin: u_core/u_hdmi_tx_controller_wrapper/u_hdmi_island_data_gen/U_audio_sample_packet_2_channel/u_w96_d1024_fifo/u_logic_ramfifo_syn_608.addrb[8]
ERAM (reg)          x023y028            0.000    f     3.387       1       
--------------------------------------------------------------------  ---------------
Arrival                                                3.387               

source latency                          0.000          0.000               
port                C4                  0.000          0.000          pin: I_sys_clk
hierarchy                               0.000          0.000          pin: I_sys_clk_syn_2.ipad
HDIO                x033y078            0.915          0.915          pin: I_sys_clk_syn_2.sg09_di
HDIO                x033y078            0.290          1.205          pin: I_sys_clk_syn_2.di
net (fo=1)          x043y079            0.043          1.248          net: I_sys_clk_dup_1,  ../../../diagnostics/hdmi_1080p30_tpg/hdmi_tpg_top.v(4)
                                                                      pin: u_hdmi_pll/u_ref/ph1p_phy_pll_wrapper_25a56e5ce2f9_Inst/u_PH1P_PHY_PLL.refclk
PLL                 x043y079            0.435          1.683          pin: u_hdmi_pll/u_ref/ph1p_phy_pll_wrapper_25a56e5ce2f9_Inst/u_PH1P_PHY_PLL.clkc[0]
net (fo=1)                              0.339          2.022          net: u_hdmi_pll/u_ref/clk0_buf,  ../../../user_source/hdl_source/native_hdmi_pll.v(32)
                                                                      pin: u_hdmi_pll/u_ref/bufg_feedback.clkin[0]
GCLK                x023y039z16         0.007          2.029          pin: u_hdmi_pll/u_ref/bufg_feedback.clkout
net (fo=1)                              0.148          2.177          net: u_hdmi_pll/u_output/ph1p_phy_pll_wrapper_25a56e5ce2f9_Inst/refclk,  ../../../user_source/ip_source/PLL/RTL/ph1p_phy_pll_wrapper_25a56e5ce2f9.v(119)
                                                                      pin: u_hdmi_pll/u_ref/bufg_feedback_auto_created_sclk_s_0_l_bk1.clkin
SCLK                x023y019z0          0.030          2.207          pin: u_hdmi_pll/u_ref/bufg_feedback_auto_created_sclk_s_0_l_bk1.clkout
net (fo=1)          x000y039            0.131          2.338          net: u_hdmi_pll/u_ref/bufg_feedback_auto_created_sclk_s_0_l_bk1_sclk_outnet,  NOFILE(0)
                                                                      pin: u_hdmi_pll/u_output/ph1p_phy_pll_wrapper_25a56e5ce2f9_Inst/u_PH1P_PHY_PLL.refclk
PLL                 x000y039            0.435          2.773          pin: u_hdmi_pll/u_output/ph1p_phy_pll_wrapper_25a56e5ce2f9_Inst/u_PH1P_PHY_PLL.clkc[0]
net (fo=1)                              0.337          3.110          net: u_hdmi_pll/u_output/clk0_buf,  ../../../user_source/hdl_source/native_hdmi_pll.v(32)
                                                                      pin: u_hdmi_pll/u_output/bufg_feedback.clkin[0]
GCLK                x023y039z0          0.007          3.117          pin: u_hdmi_pll/u_output/bufg_feedback.clkout
net (fo=4)                              0.148          3.265          net: u_core/I_pixel_clk,  ../../../user_source/hdl_source/hdmi_1_4b_transmitter_core_wrapper.enc.v(24)
                                                                      pin: u_hdmi_pll/u_output/bufg_feedback_auto_created_sclk_s_0_l_bk2.clkin
SCLK                x023y019z1          0.030          3.295          pin: u_hdmi_pll/u_output/bufg_feedback_auto_created_sclk_s_0_l_bk2.clkout
net (fo=302)                            0.264          3.559          net: u_hdmi_pll/u_output/bufg_feedback_auto_created_sclk_s_0_l_bk2_sclk_outnet,  NOFILE(0)
                                                                      pin: u_core/u_hdmi_tx_controller_wrapper/u_hdmi_island_data_gen/U_audio_sample_packet_2_channel/u_w96_d1024_fifo/u_logic_ramfifo_syn_608.clkb
capture edge                            0.000    r     3.559               
--------------------------------------------------------------------  ---------------
hold                                    0.069          3.628               
clock uncertainty                       0.100          3.728               
clock pessimism                        -0.365          3.363               
--------------------------------------------------------------------  ---------------
Required                                               3.363               
--------------------------------------------------------------------  ---------------
Slack                                                  0.024               

Slack               : 0.027ns
Begin Point         : u_core/u_hdmi_tx_controller_wrapper/u_hdmi_island_data_gen/U_audio_sample_packet_2_channel/u_w96_d1024_fifo/u_logic_ramfifo[4]__1_syn_2.clk (rising edge triggered by clock u_hdmi_pll/u_output/ph1p_phy_pll_wrapper_25a56e5ce2f9_Inst/u_PH1P_PHY_PLL.clkc[0]  { rise@0.000000ns  fall@6.734000ns  period=13.468000 })
End Point           : u_core/u_hdmi_tx_controller_wrapper/u_hdmi_island_data_gen/U_audio_sample_packet_2_channel/u_w96_d1024_fifo/u_logic_ramfifo_syn_587.addrb[7] (rising edge triggered by clock u_hdmi_pll/u_output/ph1p_phy_pll_wrapper_25a56e5ce2f9_Inst/u_PH1P_PHY_PLL.clkc[0]  { rise@0.000000ns  fall@6.734000ns  period=13.468000 })
Check Type          : hold
Process             : fast_m40c
Budget              : 0.000ns { u_hdmi_pll/u_output/ph1p_phy_pll_wrapper_25a56e5ce2f9_Inst/u_PH1P_PHY_PLL.clkc[0] rising@0.000ns - u_hdmi_pll/u_output/ph1p_phy_pll_wrapper_25a56e5ce2f9_Inst/u_PH1P_PHY_PLL.clkc[0] rising@0.000ns }
Data Path Delay     : 0.263ns (cell 0.065ns (24%), net 0.198ns (76%))
Clock Skew          : 0.060ns
Logic Level         : 1 ( ERAM=1 )
Max Fanout          : 5
Clock Uncertainty   : 0.100ns (sdc uncertainty: 0.000ns, default uncertainty: 0.100ns)

Delay Type          Location             Incr           Path   Level  Netlist Info
--------------------------------------------------------------------  ---------------
source latency                          0.000          0.000               
port                C4                  0.000          0.000          pin: I_sys_clk
hierarchy                               0.000          0.000          pin: I_sys_clk_syn_2.ipad
HDIO                x033y078            0.810          0.810          pin: I_sys_clk_syn_2.sg09_di
HDIO                x033y078            0.257          1.067          pin: I_sys_clk_syn_2.di
net (fo=1)          x043y079            0.040          1.107          net: I_sys_clk_dup_1,  ../../../diagnostics/hdmi_1080p30_tpg/hdmi_tpg_top.v(4)
                                                                      pin: u_hdmi_pll/u_ref/ph1p_phy_pll_wrapper_25a56e5ce2f9_Inst/u_PH1P_PHY_PLL.refclk
PLL                 x043y079            0.367          1.474          pin: u_hdmi_pll/u_ref/ph1p_phy_pll_wrapper_25a56e5ce2f9_Inst/u_PH1P_PHY_PLL.clkc[0]
net (fo=1)                              0.312          1.786          net: u_hdmi_pll/u_ref/clk0_buf,  ../../../user_source/hdl_source/native_hdmi_pll.v(32)
                                                                      pin: u_hdmi_pll/u_ref/bufg_feedback.clkin[0]
GCLK                x023y039z16         0.006          1.792          pin: u_hdmi_pll/u_ref/bufg_feedback.clkout
net (fo=1)                              0.136          1.928          net: u_hdmi_pll/u_output/ph1p_phy_pll_wrapper_25a56e5ce2f9_Inst/refclk,  ../../../user_source/ip_source/PLL/RTL/ph1p_phy_pll_wrapper_25a56e5ce2f9.v(119)
                                                                      pin: u_hdmi_pll/u_ref/bufg_feedback_auto_created_sclk_s_0_l_bk1.clkin
SCLK                x023y019z0          0.025          1.953          pin: u_hdmi_pll/u_ref/bufg_feedback_auto_created_sclk_s_0_l_bk1.clkout
net (fo=1)          x000y039            0.121          2.074          net: u_hdmi_pll/u_ref/bufg_feedback_auto_created_sclk_s_0_l_bk1_sclk_outnet,  NOFILE(0)
                                                                      pin: u_hdmi_pll/u_output/ph1p_phy_pll_wrapper_25a56e5ce2f9_Inst/u_PH1P_PHY_PLL.refclk
PLL                 x000y039            0.367          2.441          pin: u_hdmi_pll/u_output/ph1p_phy_pll_wrapper_25a56e5ce2f9_Inst/u_PH1P_PHY_PLL.clkc[0]
net (fo=1)                              0.310          2.751          net: u_hdmi_pll/u_output/clk0_buf,  ../../../user_source/hdl_source/native_hdmi_pll.v(32)
                                                                      pin: u_hdmi_pll/u_output/bufg_feedback.clkin[0]
GCLK                x023y039z0          0.006          2.757          pin: u_hdmi_pll/u_output/bufg_feedback.clkout
net (fo=4)                              0.131          2.888          net: u_core/I_pixel_clk,  ../../../user_source/hdl_source/hdmi_1_4b_transmitter_core_wrapper.enc.v(24)
                                                                      pin: u_hdmi_pll/u_output/bufg_feedback_auto_created_sclk_s_0_r_bk1.clkin
SCLK                x023y019z12         0.025          2.913          pin: u_hdmi_pll/u_output/bufg_feedback_auto_created_sclk_s_0_r_bk1.clkout
net (fo=219)                            0.221          3.134          net: u_hdmi_pll/u_output/bufg_feedback_auto_created_sclk_s_0_r_bk1_sclk_outnet,  NOFILE(0)
                                                                      pin: u_core/u_hdmi_tx_controller_wrapper/u_hdmi_island_data_gen/U_audio_sample_packet_2_channel/u_w96_d1024_fifo/u_logic_ramfifo[4]__1_syn_2.clk
launch edge                             0.000    r     3.134               
--------------------------------------------------------------------  ---------------
clk2q               x025y030z3          0.065    r     3.199          pin: u_core/u_hdmi_tx_controller_wrapper/u_hdmi_island_data_gen/U_audio_sample_packet_2_channel/u_w96_d1024_fifo/u_logic_ramfifo[4]__1_syn_2.oqb
net (fo=5)                              0.198          3.397          net: u_core/u_hdmi_tx_controller_wrapper/u_hdmi_island_data_gen/U_audio_sample_packet_2_channel/u_w96_d1024_fifo/u_logic_ramfifo_syn_26,  ../../../user_source/hdl_source/hdmi_1_4b_transmitter_core_wrapper.enc.v(0)
                                                                      pin: u_core/u_hdmi_tx_controller_wrapper/u_hdmi_island_data_gen/U_audio_sample_packet_2_channel/u_w96_d1024_fifo/u_logic_ramfifo_syn_587.addrb[7]
ERAM (reg)          x023y032            0.000    f     3.397       1       
--------------------------------------------------------------------  ---------------
Arrival                                                3.397               

source latency                          0.000          0.000               
port                C4                  0.000          0.000          pin: I_sys_clk
hierarchy                               0.000          0.000          pin: I_sys_clk_syn_2.ipad
HDIO                x033y078            0.915          0.915          pin: I_sys_clk_syn_2.sg09_di
HDIO                x033y078            0.290          1.205          pin: I_sys_clk_syn_2.di
net (fo=1)          x043y079            0.043          1.248          net: I_sys_clk_dup_1,  ../../../diagnostics/hdmi_1080p30_tpg/hdmi_tpg_top.v(4)
                                                                      pin: u_hdmi_pll/u_ref/ph1p_phy_pll_wrapper_25a56e5ce2f9_Inst/u_PH1P_PHY_PLL.refclk
PLL                 x043y079            0.435          1.683          pin: u_hdmi_pll/u_ref/ph1p_phy_pll_wrapper_25a56e5ce2f9_Inst/u_PH1P_PHY_PLL.clkc[0]
net (fo=1)                              0.339          2.022          net: u_hdmi_pll/u_ref/clk0_buf,  ../../../user_source/hdl_source/native_hdmi_pll.v(32)
                                                                      pin: u_hdmi_pll/u_ref/bufg_feedback.clkin[0]
GCLK                x023y039z16         0.007          2.029          pin: u_hdmi_pll/u_ref/bufg_feedback.clkout
net (fo=1)                              0.148          2.177          net: u_hdmi_pll/u_output/ph1p_phy_pll_wrapper_25a56e5ce2f9_Inst/refclk,  ../../../user_source/ip_source/PLL/RTL/ph1p_phy_pll_wrapper_25a56e5ce2f9.v(119)
                                                                      pin: u_hdmi_pll/u_ref/bufg_feedback_auto_created_sclk_s_0_l_bk1.clkin
SCLK                x023y019z0          0.030          2.207          pin: u_hdmi_pll/u_ref/bufg_feedback_auto_created_sclk_s_0_l_bk1.clkout
net (fo=1)          x000y039            0.131          2.338          net: u_hdmi_pll/u_ref/bufg_feedback_auto_created_sclk_s_0_l_bk1_sclk_outnet,  NOFILE(0)
                                                                      pin: u_hdmi_pll/u_output/ph1p_phy_pll_wrapper_25a56e5ce2f9_Inst/u_PH1P_PHY_PLL.refclk
PLL                 x000y039            0.435          2.773          pin: u_hdmi_pll/u_output/ph1p_phy_pll_wrapper_25a56e5ce2f9_Inst/u_PH1P_PHY_PLL.clkc[0]
net (fo=1)                              0.337          3.110          net: u_hdmi_pll/u_output/clk0_buf,  ../../../user_source/hdl_source/native_hdmi_pll.v(32)
                                                                      pin: u_hdmi_pll/u_output/bufg_feedback.clkin[0]
GCLK                x023y039z0          0.007          3.117          pin: u_hdmi_pll/u_output/bufg_feedback.clkout
net (fo=4)                              0.148          3.265          net: u_core/I_pixel_clk,  ../../../user_source/hdl_source/hdmi_1_4b_transmitter_core_wrapper.enc.v(24)
                                                                      pin: u_hdmi_pll/u_output/bufg_feedback_auto_created_sclk_s_0_l_bk2.clkin
SCLK                x023y019z1          0.030          3.295          pin: u_hdmi_pll/u_output/bufg_feedback_auto_created_sclk_s_0_l_bk2.clkout
net (fo=302)                            0.264          3.559          net: u_hdmi_pll/u_output/bufg_feedback_auto_created_sclk_s_0_l_bk2_sclk_outnet,  NOFILE(0)
                                                                      pin: u_core/u_hdmi_tx_controller_wrapper/u_hdmi_island_data_gen/U_audio_sample_packet_2_channel/u_w96_d1024_fifo/u_logic_ramfifo_syn_587.clkb
capture edge                            0.000    r     3.559               
--------------------------------------------------------------------  ---------------
hold                                    0.076          3.635               
clock uncertainty                       0.100          3.735               
clock pessimism                        -0.365          3.370               
--------------------------------------------------------------------  ---------------
Required                                               3.370               
--------------------------------------------------------------------  ---------------
Slack                                                  0.027               

Slack               : 0.032ns
Begin Point         : u_core/u_hdmi_tx_controller_wrapper/u_hdmi_island_data_gen/O_BCH_block_0_reg[33]_syn_2.clk (rising edge triggered by clock u_hdmi_pll/u_output/ph1p_phy_pll_wrapper_25a56e5ce2f9_Inst/u_PH1P_PHY_PLL.clkc[0]  { rise@0.000000ns  fall@6.734000ns  period=13.468000 })
End Point           : u_core/u_hdmi_tx_controller_wrapper/u_hdmi_island_data_assemble/S_CH2_D0_shift_reg[16]_syn_2.id (rising edge triggered by clock u_hdmi_pll/u_output/ph1p_phy_pll_wrapper_25a56e5ce2f9_Inst/u_PH1P_PHY_PLL.clkc[0]  { rise@0.000000ns  fall@6.734000ns  period=13.468000 })
Check Type          : hold
Process             : fast_m40c
Budget              : 0.000ns { u_hdmi_pll/u_output/ph1p_phy_pll_wrapper_25a56e5ce2f9_Inst/u_PH1P_PHY_PLL.clkc[0] rising@0.000ns - u_hdmi_pll/u_output/ph1p_phy_pll_wrapper_25a56e5ce2f9_Inst/u_PH1P_PHY_PLL.clkc[0] rising@0.000ns }
Data Path Delay     : 0.198ns (cell 0.120ns (60%), net 0.078ns (40%))
Clock Skew          : 0.054ns
Logic Level         : 1 ( LUT3=1 )
Max Fanout          : 1
Clock Uncertainty   : 0.100ns (sdc uncertainty: 0.000ns, default uncertainty: 0.100ns)

Delay Type          Location             Incr           Path   Level  Netlist Info
--------------------------------------------------------------------  ---------------
source latency                          0.000          0.000               
port                C4                  0.000          0.000          pin: I_sys_clk
hierarchy                               0.000          0.000          pin: I_sys_clk_syn_2.ipad
HDIO                x033y078            0.810          0.810          pin: I_sys_clk_syn_2.sg09_di
HDIO                x033y078            0.257          1.067          pin: I_sys_clk_syn_2.di
net (fo=1)          x043y079            0.040          1.107          net: I_sys_clk_dup_1,  ../../../diagnostics/hdmi_1080p30_tpg/hdmi_tpg_top.v(4)
                                                                      pin: u_hdmi_pll/u_ref/ph1p_phy_pll_wrapper_25a56e5ce2f9_Inst/u_PH1P_PHY_PLL.refclk
PLL                 x043y079            0.367          1.474          pin: u_hdmi_pll/u_ref/ph1p_phy_pll_wrapper_25a56e5ce2f9_Inst/u_PH1P_PHY_PLL.clkc[0]
net (fo=1)                              0.312          1.786          net: u_hdmi_pll/u_ref/clk0_buf,  ../../../user_source/hdl_source/native_hdmi_pll.v(32)
                                                                      pin: u_hdmi_pll/u_ref/bufg_feedback.clkin[0]
GCLK                x023y039z16         0.006          1.792          pin: u_hdmi_pll/u_ref/bufg_feedback.clkout
net (fo=1)                              0.136          1.928          net: u_hdmi_pll/u_output/ph1p_phy_pll_wrapper_25a56e5ce2f9_Inst/refclk,  ../../../user_source/ip_source/PLL/RTL/ph1p_phy_pll_wrapper_25a56e5ce2f9.v(119)
                                                                      pin: u_hdmi_pll/u_ref/bufg_feedback_auto_created_sclk_s_0_l_bk1.clkin
SCLK                x023y019z0          0.025          1.953          pin: u_hdmi_pll/u_ref/bufg_feedback_auto_created_sclk_s_0_l_bk1.clkout
net (fo=1)          x000y039            0.121          2.074          net: u_hdmi_pll/u_ref/bufg_feedback_auto_created_sclk_s_0_l_bk1_sclk_outnet,  NOFILE(0)
                                                                      pin: u_hdmi_pll/u_output/ph1p_phy_pll_wrapper_25a56e5ce2f9_Inst/u_PH1P_PHY_PLL.refclk
PLL                 x000y039            0.367          2.441          pin: u_hdmi_pll/u_output/ph1p_phy_pll_wrapper_25a56e5ce2f9_Inst/u_PH1P_PHY_PLL.clkc[0]
net (fo=1)                              0.310          2.751          net: u_hdmi_pll/u_output/clk0_buf,  ../../../user_source/hdl_source/native_hdmi_pll.v(32)
                                                                      pin: u_hdmi_pll/u_output/bufg_feedback.clkin[0]
GCLK                x023y039z0          0.006          2.757          pin: u_hdmi_pll/u_output/bufg_feedback.clkout
net (fo=4)                              0.136          2.893          net: u_core/I_pixel_clk,  ../../../user_source/hdl_source/hdmi_1_4b_transmitter_core_wrapper.enc.v(24)
                                                                      pin: u_hdmi_pll/u_output/bufg_feedback_auto_created_sclk_s_0_l_bk2.clkin
SCLK                x023y019z1          0.025          2.918          pin: u_hdmi_pll/u_output/bufg_feedback_auto_created_sclk_s_0_l_bk2.clkout
net (fo=302)                            0.219          3.137          net: u_hdmi_pll/u_output/bufg_feedback_auto_created_sclk_s_0_l_bk2_sclk_outnet,  NOFILE(0)
                                                                      pin: u_core/u_hdmi_tx_controller_wrapper/u_hdmi_island_data_gen/O_BCH_block_0_reg[33]_syn_2.clk
launch edge                             0.000    r     3.137               
--------------------------------------------------------------------  ---------------
clk2q               x022y038z6          0.062    f     3.199          pin: u_core/u_hdmi_tx_controller_wrapper/u_hdmi_island_data_gen/O_BCH_block_0_reg[33]_syn_2.oqa
net (fo=1)                              0.078          3.277          net: u_core/u_hdmi_tx_controller_wrapper/u_hdmi_island_data_gen/O_BCH_block_0[33],  ../../../user_source/hdl_source/hdmi_1_4b_transmitter_core_wrapper.enc.v(0)
                                                                      pin: u_core/u_hdmi_tx_controller_wrapper/u_hdmi_island_data_assemble/S_CH2_D0_shift_reg[16]_syn_2.id
LUT3 (reg)          x022y040z3          0.058    f     3.335       1  net: u_core/u_hdmi_tx_controller_wrapper/u_hdmi_island_data_assemble/S_CH2_D0_shift[16],  ../../../user_source/hdl_source/hdmi_1_4b_transmitter_core_wrapper.enc.v(0)
--------------------------------------------------------------------  ---------------
Arrival                                                3.335               

source latency                          0.000          0.000               
port                C4                  0.000          0.000          pin: I_sys_clk
hierarchy                               0.000          0.000          pin: I_sys_clk_syn_2.ipad
HDIO                x033y078            0.915          0.915          pin: I_sys_clk_syn_2.sg09_di
HDIO                x033y078            0.290          1.205          pin: I_sys_clk_syn_2.di
net (fo=1)          x043y079            0.043          1.248          net: I_sys_clk_dup_1,  ../../../diagnostics/hdmi_1080p30_tpg/hdmi_tpg_top.v(4)
                                                                      pin: u_hdmi_pll/u_ref/ph1p_phy_pll_wrapper_25a56e5ce2f9_Inst/u_PH1P_PHY_PLL.refclk
PLL                 x043y079            0.435          1.683          pin: u_hdmi_pll/u_ref/ph1p_phy_pll_wrapper_25a56e5ce2f9_Inst/u_PH1P_PHY_PLL.clkc[0]
net (fo=1)                              0.339          2.022          net: u_hdmi_pll/u_ref/clk0_buf,  ../../../user_source/hdl_source/native_hdmi_pll.v(32)
                                                                      pin: u_hdmi_pll/u_ref/bufg_feedback.clkin[0]
GCLK                x023y039z16         0.007          2.029          pin: u_hdmi_pll/u_ref/bufg_feedback.clkout
net (fo=1)                              0.148          2.177          net: u_hdmi_pll/u_output/ph1p_phy_pll_wrapper_25a56e5ce2f9_Inst/refclk,  ../../../user_source/ip_source/PLL/RTL/ph1p_phy_pll_wrapper_25a56e5ce2f9.v(119)
                                                                      pin: u_hdmi_pll/u_ref/bufg_feedback_auto_created_sclk_s_0_l_bk1.clkin
SCLK                x023y019z0          0.030          2.207          pin: u_hdmi_pll/u_ref/bufg_feedback_auto_created_sclk_s_0_l_bk1.clkout
net (fo=1)          x000y039            0.131          2.338          net: u_hdmi_pll/u_ref/bufg_feedback_auto_created_sclk_s_0_l_bk1_sclk_outnet,  NOFILE(0)
                                                                      pin: u_hdmi_pll/u_output/ph1p_phy_pll_wrapper_25a56e5ce2f9_Inst/u_PH1P_PHY_PLL.refclk
PLL                 x000y039            0.435          2.773          pin: u_hdmi_pll/u_output/ph1p_phy_pll_wrapper_25a56e5ce2f9_Inst/u_PH1P_PHY_PLL.clkc[0]
net (fo=1)                              0.337          3.110          net: u_hdmi_pll/u_output/clk0_buf,  ../../../user_source/hdl_source/native_hdmi_pll.v(32)
                                                                      pin: u_hdmi_pll/u_output/bufg_feedback.clkin[0]
GCLK                x023y039z0          0.007          3.117          pin: u_hdmi_pll/u_output/bufg_feedback.clkout
net (fo=4)                              0.161          3.278          net: u_core/I_pixel_clk,  ../../../user_source/hdl_source/hdmi_1_4b_transmitter_core_wrapper.enc.v(24)
                                                                      pin: u_hdmi_pll/u_output/bufg_feedback_auto_created_sclk_s_1_l_bk1.clkin
SCLK                x023y059z0          0.030          3.308          pin: u_hdmi_pll/u_output/bufg_feedback_auto_created_sclk_s_1_l_bk1.clkout
net (fo=65)                             0.243          3.551          net: u_hdmi_pll/u_output/bufg_feedback_auto_created_sclk_s_1_l_bk1_sclk_outnet,  NOFILE(0)
                                                                      pin: u_core/u_hdmi_tx_controller_wrapper/u_hdmi_island_data_assemble/S_CH2_D0_shift_reg[16]_syn_2.clk
capture edge                            0.000    r     3.551               
--------------------------------------------------------------------  ---------------
hold                                    0.012          3.563               
clock uncertainty                       0.100          3.663               
clock pessimism                        -0.360          3.303               
--------------------------------------------------------------------  ---------------
Required                                               3.303               
--------------------------------------------------------------------  ---------------
Slack                                                  0.032               

Slack               : 0.032ns
Begin Point         : u_core/u_hdmi_tx_controller_wrapper/u0_hdmi_tmds_encode/S_video_data_guard_band_code_1d_reg[2]_syn_2.clk (rising edge triggered by clock u_hdmi_pll/u_output/ph1p_phy_pll_wrapper_25a56e5ce2f9_Inst/u_PH1P_PHY_PLL.clkc[0]  { rise@0.000000ns  fall@6.734000ns  period=13.468000 })
End Point           : u_core/u_hdmi_tx_controller_wrapper/u0_hdmi_tmds_encode/S_video_data_guard_band_code_2d_reg[2]_syn_2.ima (rising edge triggered by clock u_hdmi_pll/u_output/ph1p_phy_pll_wrapper_25a56e5ce2f9_Inst/u_PH1P_PHY_PLL.clkc[0]  { rise@0.000000ns  fall@6.734000ns  period=13.468000 })
Check Type          : hold
Process             : fast_m40c
Budget              : 0.000ns { u_hdmi_pll/u_output/ph1p_phy_pll_wrapper_25a56e5ce2f9_Inst/u_PH1P_PHY_PLL.clkc[0] rising@0.000ns - u_hdmi_pll/u_output/ph1p_phy_pll_wrapper_25a56e5ce2f9_Inst/u_PH1P_PHY_PLL.clkc[0] rising@0.000ns }
Data Path Delay     : 0.196ns (cell 0.091ns (46%), net 0.105ns (54%))
Clock Skew          : 0.052ns
Logic Level         : 0
Max Fanout          : 1
Clock Uncertainty   : 0.100ns (sdc uncertainty: 0.000ns, default uncertainty: 0.100ns)

Delay Type          Location             Incr           Path   Level  Netlist Info
--------------------------------------------------------------------  ---------------
source latency                          0.000          0.000               
port                C4                  0.000          0.000          pin: I_sys_clk
hierarchy                               0.000          0.000          pin: I_sys_clk_syn_2.ipad
HDIO                x033y078            0.810          0.810          pin: I_sys_clk_syn_2.sg09_di
HDIO                x033y078            0.257          1.067          pin: I_sys_clk_syn_2.di
net (fo=1)          x043y079            0.040          1.107          net: I_sys_clk_dup_1,  ../../../diagnostics/hdmi_1080p30_tpg/hdmi_tpg_top.v(4)
                                                                      pin: u_hdmi_pll/u_ref/ph1p_phy_pll_wrapper_25a56e5ce2f9_Inst/u_PH1P_PHY_PLL.refclk
PLL                 x043y079            0.367          1.474          pin: u_hdmi_pll/u_ref/ph1p_phy_pll_wrapper_25a56e5ce2f9_Inst/u_PH1P_PHY_PLL.clkc[0]
net (fo=1)                              0.312          1.786          net: u_hdmi_pll/u_ref/clk0_buf,  ../../../user_source/hdl_source/native_hdmi_pll.v(32)
                                                                      pin: u_hdmi_pll/u_ref/bufg_feedback.clkin[0]
GCLK                x023y039z16         0.006          1.792          pin: u_hdmi_pll/u_ref/bufg_feedback.clkout
net (fo=1)                              0.136          1.928          net: u_hdmi_pll/u_output/ph1p_phy_pll_wrapper_25a56e5ce2f9_Inst/refclk,  ../../../user_source/ip_source/PLL/RTL/ph1p_phy_pll_wrapper_25a56e5ce2f9.v(119)
                                                                      pin: u_hdmi_pll/u_ref/bufg_feedback_auto_created_sclk_s_0_l_bk1.clkin
SCLK                x023y019z0          0.025          1.953          pin: u_hdmi_pll/u_ref/bufg_feedback_auto_created_sclk_s_0_l_bk1.clkout
net (fo=1)          x000y039            0.121          2.074          net: u_hdmi_pll/u_ref/bufg_feedback_auto_created_sclk_s_0_l_bk1_sclk_outnet,  NOFILE(0)
                                                                      pin: u_hdmi_pll/u_output/ph1p_phy_pll_wrapper_25a56e5ce2f9_Inst/u_PH1P_PHY_PLL.refclk
PLL                 x000y039            0.367          2.441          pin: u_hdmi_pll/u_output/ph1p_phy_pll_wrapper_25a56e5ce2f9_Inst/u_PH1P_PHY_PLL.clkc[0]
net (fo=1)                              0.310          2.751          net: u_hdmi_pll/u_output/clk0_buf,  ../../../user_source/hdl_source/native_hdmi_pll.v(32)
                                                                      pin: u_hdmi_pll/u_output/bufg_feedback.clkin[0]
GCLK                x023y039z0          0.006          2.757          pin: u_hdmi_pll/u_output/bufg_feedback.clkout
net (fo=4)                              0.131          2.888          net: u_core/I_pixel_clk,  ../../../user_source/hdl_source/hdmi_1_4b_transmitter_core_wrapper.enc.v(24)
                                                                      pin: u_hdmi_pll/u_output/bufg_feedback_auto_created_sclk_s_0_r_bk1.clkin
SCLK                x023y019z12         0.025          2.913          pin: u_hdmi_pll/u_output/bufg_feedback_auto_created_sclk_s_0_r_bk1.clkout
net (fo=219)                            0.221          3.134          net: u_hdmi_pll/u_output/bufg_feedback_auto_created_sclk_s_0_r_bk1_sclk_outnet,  NOFILE(0)
                                                                      pin: u_core/u_hdmi_tx_controller_wrapper/u0_hdmi_tmds_encode/S_video_data_guard_band_code_1d_reg[2]_syn_2.clk
launch edge                             0.000    r     3.134               
--------------------------------------------------------------------  ---------------
clk2q               x026y039z1          0.062    f     3.196          pin: u_core/u_hdmi_tx_controller_wrapper/u0_hdmi_tmds_encode/S_video_data_guard_band_code_1d_reg[2]_syn_2.oqa
net (fo=1)                              0.105          3.301          net: u_core/u_hdmi_tx_controller_wrapper/u0_hdmi_tmds_encode/S_video_data_guard_band_code_1d[2],  ../../../user_source/hdl_source/hdmi_1_4b_transmitter_core_wrapper.enc.v(0)
                                                                      pin: u_core/u_hdmi_tx_controller_wrapper/u0_hdmi_tmds_encode/S_video_data_guard_band_code_2d_reg[2]_syn_2.ima
reg                 x029y040z3          0.029    f     3.330          net: u_core/u_hdmi_tx_controller_wrapper/u0_hdmi_tmds_encode/S_video_data_guard_band_code_2d[2],  ../../../user_source/hdl_source/hdmi_1_4b_transmitter_core_wrapper.enc.v(0)
--------------------------------------------------------------------  ---------------
Arrival                                                3.330               

source latency                          0.000          0.000               
port                C4                  0.000          0.000          pin: I_sys_clk
hierarchy                               0.000          0.000          pin: I_sys_clk_syn_2.ipad
HDIO                x033y078            0.915          0.915          pin: I_sys_clk_syn_2.sg09_di
HDIO                x033y078            0.290          1.205          pin: I_sys_clk_syn_2.di
net (fo=1)          x043y079            0.043          1.248          net: I_sys_clk_dup_1,  ../../../diagnostics/hdmi_1080p30_tpg/hdmi_tpg_top.v(4)
                                                                      pin: u_hdmi_pll/u_ref/ph1p_phy_pll_wrapper_25a56e5ce2f9_Inst/u_PH1P_PHY_PLL.refclk
PLL                 x043y079            0.435          1.683          pin: u_hdmi_pll/u_ref/ph1p_phy_pll_wrapper_25a56e5ce2f9_Inst/u_PH1P_PHY_PLL.clkc[0]
net (fo=1)                              0.339          2.022          net: u_hdmi_pll/u_ref/clk0_buf,  ../../../user_source/hdl_source/native_hdmi_pll.v(32)
                                                                      pin: u_hdmi_pll/u_ref/bufg_feedback.clkin[0]
GCLK                x023y039z16         0.007          2.029          pin: u_hdmi_pll/u_ref/bufg_feedback.clkout
net (fo=1)                              0.148          2.177          net: u_hdmi_pll/u_output/ph1p_phy_pll_wrapper_25a56e5ce2f9_Inst/refclk,  ../../../user_source/ip_source/PLL/RTL/ph1p_phy_pll_wrapper_25a56e5ce2f9.v(119)
                                                                      pin: u_hdmi_pll/u_ref/bufg_feedback_auto_created_sclk_s_0_l_bk1.clkin
SCLK                x023y019z0          0.030          2.207          pin: u_hdmi_pll/u_ref/bufg_feedback_auto_created_sclk_s_0_l_bk1.clkout
net (fo=1)          x000y039            0.131          2.338          net: u_hdmi_pll/u_ref/bufg_feedback_auto_created_sclk_s_0_l_bk1_sclk_outnet,  NOFILE(0)
                                                                      pin: u_hdmi_pll/u_output/ph1p_phy_pll_wrapper_25a56e5ce2f9_Inst/u_PH1P_PHY_PLL.refclk
PLL                 x000y039            0.435          2.773          pin: u_hdmi_pll/u_output/ph1p_phy_pll_wrapper_25a56e5ce2f9_Inst/u_PH1P_PHY_PLL.clkc[0]
net (fo=1)                              0.337          3.110          net: u_hdmi_pll/u_output/clk0_buf,  ../../../user_source/hdl_source/native_hdmi_pll.v(32)
                                                                      pin: u_hdmi_pll/u_output/bufg_feedback.clkin[0]
GCLK                x023y039z0          0.007          3.117          pin: u_hdmi_pll/u_output/bufg_feedback.clkout
net (fo=4)                              0.155          3.272          net: u_core/I_pixel_clk,  ../../../user_source/hdl_source/hdmi_1_4b_transmitter_core_wrapper.enc.v(24)
                                                                      pin: u_hdmi_pll/u_output/bufg_feedback_auto_created_sclk_s_1_r_bk1.clkin
SCLK                x023y059z12         0.030          3.302          pin: u_hdmi_pll/u_output/bufg_feedback_auto_created_sclk_s_1_r_bk1.clkout
net (fo=91)                             0.244          3.546          net: u_hdmi_pll/u_output/bufg_feedback_auto_created_sclk_s_1_r_bk1_sclk_outnet,  NOFILE(0)
                                                                      pin: u_core/u_hdmi_tx_controller_wrapper/u0_hdmi_tmds_encode/S_video_data_guard_band_code_2d_reg[2]_syn_2.clk
capture edge                            0.000    r     3.546               
--------------------------------------------------------------------  ---------------
hold                                    0.012          3.558               
clock uncertainty                       0.100          3.658               
clock pessimism                        -0.360          3.298               
--------------------------------------------------------------------  ---------------
Required                                               3.298               
--------------------------------------------------------------------  ---------------
Slack                                                  0.032               

Slack               : 0.033ns
Begin Point         : u_core/u_hdmi_tx_controller_wrapper/u_hdmi_data_distribution/O_ch1_island_data_reg[0]_syn_2.clk (rising edge triggered by clock u_hdmi_pll/u_output/ph1p_phy_pll_wrapper_25a56e5ce2f9_Inst/u_PH1P_PHY_PLL.clkc[0]  { rise@0.000000ns  fall@6.734000ns  period=13.468000 })
End Point           : u_core/u_hdmi_tx_controller_wrapper/u1_hdmi_tmds_encode/S_q_m_reg[8]_syn_2.imb (rising edge triggered by clock u_hdmi_pll/u_output/ph1p_phy_pll_wrapper_25a56e5ce2f9_Inst/u_PH1P_PHY_PLL.clkc[0]  { rise@0.000000ns  fall@6.734000ns  period=13.468000 })
Check Type          : hold
Process             : fast_m40c
Budget              : 0.000ns { u_hdmi_pll/u_output/ph1p_phy_pll_wrapper_25a56e5ce2f9_Inst/u_PH1P_PHY_PLL.clkc[0] rising@0.000ns - u_hdmi_pll/u_output/ph1p_phy_pll_wrapper_25a56e5ce2f9_Inst/u_PH1P_PHY_PLL.clkc[0] rising@0.000ns }
Data Path Delay     : 0.197ns (cell 0.091ns (46%), net 0.106ns (54%))
Clock Skew          : 0.052ns
Logic Level         : 0
Max Fanout          : 5
Clock Uncertainty   : 0.100ns (sdc uncertainty: 0.000ns, default uncertainty: 0.100ns)

Delay Type          Location             Incr           Path   Level  Netlist Info
--------------------------------------------------------------------  ---------------
source latency                          0.000          0.000               
port                C4                  0.000          0.000          pin: I_sys_clk
hierarchy                               0.000          0.000          pin: I_sys_clk_syn_2.ipad
HDIO                x033y078            0.810          0.810          pin: I_sys_clk_syn_2.sg09_di
HDIO                x033y078            0.257          1.067          pin: I_sys_clk_syn_2.di
net (fo=1)          x043y079            0.040          1.107          net: I_sys_clk_dup_1,  ../../../diagnostics/hdmi_1080p30_tpg/hdmi_tpg_top.v(4)
                                                                      pin: u_hdmi_pll/u_ref/ph1p_phy_pll_wrapper_25a56e5ce2f9_Inst/u_PH1P_PHY_PLL.refclk
PLL                 x043y079            0.367          1.474          pin: u_hdmi_pll/u_ref/ph1p_phy_pll_wrapper_25a56e5ce2f9_Inst/u_PH1P_PHY_PLL.clkc[0]
net (fo=1)                              0.312          1.786          net: u_hdmi_pll/u_ref/clk0_buf,  ../../../user_source/hdl_source/native_hdmi_pll.v(32)
                                                                      pin: u_hdmi_pll/u_ref/bufg_feedback.clkin[0]
GCLK                x023y039z16         0.006          1.792          pin: u_hdmi_pll/u_ref/bufg_feedback.clkout
net (fo=1)                              0.136          1.928          net: u_hdmi_pll/u_output/ph1p_phy_pll_wrapper_25a56e5ce2f9_Inst/refclk,  ../../../user_source/ip_source/PLL/RTL/ph1p_phy_pll_wrapper_25a56e5ce2f9.v(119)
                                                                      pin: u_hdmi_pll/u_ref/bufg_feedback_auto_created_sclk_s_0_l_bk1.clkin
SCLK                x023y019z0          0.025          1.953          pin: u_hdmi_pll/u_ref/bufg_feedback_auto_created_sclk_s_0_l_bk1.clkout
net (fo=1)          x000y039            0.121          2.074          net: u_hdmi_pll/u_ref/bufg_feedback_auto_created_sclk_s_0_l_bk1_sclk_outnet,  NOFILE(0)
                                                                      pin: u_hdmi_pll/u_output/ph1p_phy_pll_wrapper_25a56e5ce2f9_Inst/u_PH1P_PHY_PLL.refclk
PLL                 x000y039            0.367          2.441          pin: u_hdmi_pll/u_output/ph1p_phy_pll_wrapper_25a56e5ce2f9_Inst/u_PH1P_PHY_PLL.clkc[0]
net (fo=1)                              0.310          2.751          net: u_hdmi_pll/u_output/clk0_buf,  ../../../user_source/hdl_source/native_hdmi_pll.v(32)
                                                                      pin: u_hdmi_pll/u_output/bufg_feedback.clkin[0]
GCLK                x023y039z0          0.006          2.757          pin: u_hdmi_pll/u_output/bufg_feedback.clkout
net (fo=4)                              0.131          2.888          net: u_core/I_pixel_clk,  ../../../user_source/hdl_source/hdmi_1_4b_transmitter_core_wrapper.enc.v(24)
                                                                      pin: u_hdmi_pll/u_output/bufg_feedback_auto_created_sclk_s_0_r_bk1.clkin
SCLK                x023y019z12         0.025          2.913          pin: u_hdmi_pll/u_output/bufg_feedback_auto_created_sclk_s_0_r_bk1.clkout
net (fo=219)                            0.221          3.134          net: u_hdmi_pll/u_output/bufg_feedback_auto_created_sclk_s_0_r_bk1_sclk_outnet,  NOFILE(0)
                                                                      pin: u_core/u_hdmi_tx_controller_wrapper/u_hdmi_data_distribution/O_ch1_island_data_reg[0]_syn_2.clk
launch edge                             0.000    r     3.134               
--------------------------------------------------------------------  ---------------
clk2q               x025y039z0          0.065    r     3.199          pin: u_core/u_hdmi_tx_controller_wrapper/u_hdmi_data_distribution/O_ch1_island_data_reg[0]_syn_2.oqb
net (fo=5)                              0.106          3.305          net: u_core/u_hdmi_tx_controller_wrapper/u1_hdmi_tmds_encode/I_video_data[2],  ../../../user_source/hdl_source/hdmi_1_4b_transmitter_core_wrapper.enc.v(0)
                                                                      pin: u_core/u_hdmi_tx_controller_wrapper/u1_hdmi_tmds_encode/S_q_m_reg[8]_syn_2.imb
reg                 x025y041z0          0.026    f     3.331          net: u_core/u_hdmi_tx_controller_wrapper/u1_hdmi_tmds_encode/S_video_data_1d[2],  ../../../user_source/hdl_source/hdmi_1_4b_transmitter_core_wrapper.enc.v(0)
--------------------------------------------------------------------  ---------------
Arrival                                                3.331               

source latency                          0.000          0.000               
port                C4                  0.000          0.000          pin: I_sys_clk
hierarchy                               0.000          0.000          pin: I_sys_clk_syn_2.ipad
HDIO                x033y078            0.915          0.915          pin: I_sys_clk_syn_2.sg09_di
HDIO                x033y078            0.290          1.205          pin: I_sys_clk_syn_2.di
net (fo=1)          x043y079            0.043          1.248          net: I_sys_clk_dup_1,  ../../../diagnostics/hdmi_1080p30_tpg/hdmi_tpg_top.v(4)
                                                                      pin: u_hdmi_pll/u_ref/ph1p_phy_pll_wrapper_25a56e5ce2f9_Inst/u_PH1P_PHY_PLL.refclk
PLL                 x043y079            0.435          1.683          pin: u_hdmi_pll/u_ref/ph1p_phy_pll_wrapper_25a56e5ce2f9_Inst/u_PH1P_PHY_PLL.clkc[0]
net (fo=1)                              0.339          2.022          net: u_hdmi_pll/u_ref/clk0_buf,  ../../../user_source/hdl_source/native_hdmi_pll.v(32)
                                                                      pin: u_hdmi_pll/u_ref/bufg_feedback.clkin[0]
GCLK                x023y039z16         0.007          2.029          pin: u_hdmi_pll/u_ref/bufg_feedback.clkout
net (fo=1)                              0.148          2.177          net: u_hdmi_pll/u_output/ph1p_phy_pll_wrapper_25a56e5ce2f9_Inst/refclk,  ../../../user_source/ip_source/PLL/RTL/ph1p_phy_pll_wrapper_25a56e5ce2f9.v(119)
                                                                      pin: u_hdmi_pll/u_ref/bufg_feedback_auto_created_sclk_s_0_l_bk1.clkin
SCLK                x023y019z0          0.030          2.207          pin: u_hdmi_pll/u_ref/bufg_feedback_auto_created_sclk_s_0_l_bk1.clkout
net (fo=1)          x000y039            0.131          2.338          net: u_hdmi_pll/u_ref/bufg_feedback_auto_created_sclk_s_0_l_bk1_sclk_outnet,  NOFILE(0)
                                                                      pin: u_hdmi_pll/u_output/ph1p_phy_pll_wrapper_25a56e5ce2f9_Inst/u_PH1P_PHY_PLL.refclk
PLL                 x000y039            0.435          2.773          pin: u_hdmi_pll/u_output/ph1p_phy_pll_wrapper_25a56e5ce2f9_Inst/u_PH1P_PHY_PLL.clkc[0]
net (fo=1)                              0.337          3.110          net: u_hdmi_pll/u_output/clk0_buf,  ../../../user_source/hdl_source/native_hdmi_pll.v(32)
                                                                      pin: u_hdmi_pll/u_output/bufg_feedback.clkin[0]
GCLK                x023y039z0          0.007          3.117          pin: u_hdmi_pll/u_output/bufg_feedback.clkout
net (fo=4)                              0.155          3.272          net: u_core/I_pixel_clk,  ../../../user_source/hdl_source/hdmi_1_4b_transmitter_core_wrapper.enc.v(24)
                                                                      pin: u_hdmi_pll/u_output/bufg_feedback_auto_created_sclk_s_1_r_bk1.clkin
SCLK                x023y059z12         0.030          3.302          pin: u_hdmi_pll/u_output/bufg_feedback_auto_created_sclk_s_1_r_bk1.clkout
net (fo=91)                             0.244          3.546          net: u_hdmi_pll/u_output/bufg_feedback_auto_created_sclk_s_1_r_bk1_sclk_outnet,  NOFILE(0)
                                                                      pin: u_core/u_hdmi_tx_controller_wrapper/u1_hdmi_tmds_encode/S_q_m_reg[8]_syn_2.clk
capture edge                            0.000    r     3.546               
--------------------------------------------------------------------  ---------------
hold                                    0.012          3.558               
clock uncertainty                       0.100          3.658               
clock pessimism                        -0.360          3.298               
--------------------------------------------------------------------  ---------------
Required                                               3.298               
--------------------------------------------------------------------  ---------------
Slack                                                  0.033               

Slack               : 0.035ns
Begin Point         : u_core/u_hdmi_tx_controller_wrapper/u_hdmi_island_data_gen/O_BCH_block_0_reg[49]_syn_2.clk (rising edge triggered by clock u_hdmi_pll/u_output/ph1p_phy_pll_wrapper_25a56e5ce2f9_Inst/u_PH1P_PHY_PLL.clkc[0]  { rise@0.000000ns  fall@6.734000ns  period=13.468000 })
End Point           : u_core/u_hdmi_tx_controller_wrapper/u_hdmi_island_data_assemble/S_CH2_D0_shift_reg[19]_syn_2.ie (rising edge triggered by clock u_hdmi_pll/u_output/ph1p_phy_pll_wrapper_25a56e5ce2f9_Inst/u_PH1P_PHY_PLL.clkc[0]  { rise@0.000000ns  fall@6.734000ns  period=13.468000 })
Check Type          : hold
Process             : fast_m40c
Budget              : 0.000ns { u_hdmi_pll/u_output/ph1p_phy_pll_wrapper_25a56e5ce2f9_Inst/u_PH1P_PHY_PLL.clkc[0] rising@0.000ns - u_hdmi_pll/u_output/ph1p_phy_pll_wrapper_25a56e5ce2f9_Inst/u_PH1P_PHY_PLL.clkc[0] rising@0.000ns }
Data Path Delay     : 0.201ns (cell 0.109ns (54%), net 0.092ns (46%))
Clock Skew          : 0.054ns
Logic Level         : 1 ( LUT3=1 )
Max Fanout          : 1
Clock Uncertainty   : 0.100ns (sdc uncertainty: 0.000ns, default uncertainty: 0.100ns)

Delay Type          Location             Incr           Path   Level  Netlist Info
--------------------------------------------------------------------  ---------------
source latency                          0.000          0.000               
port                C4                  0.000          0.000          pin: I_sys_clk
hierarchy                               0.000          0.000          pin: I_sys_clk_syn_2.ipad
HDIO                x033y078            0.810          0.810          pin: I_sys_clk_syn_2.sg09_di
HDIO                x033y078            0.257          1.067          pin: I_sys_clk_syn_2.di
net (fo=1)          x043y079            0.040          1.107          net: I_sys_clk_dup_1,  ../../../diagnostics/hdmi_1080p30_tpg/hdmi_tpg_top.v(4)
                                                                      pin: u_hdmi_pll/u_ref/ph1p_phy_pll_wrapper_25a56e5ce2f9_Inst/u_PH1P_PHY_PLL.refclk
PLL                 x043y079            0.367          1.474          pin: u_hdmi_pll/u_ref/ph1p_phy_pll_wrapper_25a56e5ce2f9_Inst/u_PH1P_PHY_PLL.clkc[0]
net (fo=1)                              0.312          1.786          net: u_hdmi_pll/u_ref/clk0_buf,  ../../../user_source/hdl_source/native_hdmi_pll.v(32)
                                                                      pin: u_hdmi_pll/u_ref/bufg_feedback.clkin[0]
GCLK                x023y039z16         0.006          1.792          pin: u_hdmi_pll/u_ref/bufg_feedback.clkout
net (fo=1)                              0.136          1.928          net: u_hdmi_pll/u_output/ph1p_phy_pll_wrapper_25a56e5ce2f9_Inst/refclk,  ../../../user_source/ip_source/PLL/RTL/ph1p_phy_pll_wrapper_25a56e5ce2f9.v(119)
                                                                      pin: u_hdmi_pll/u_ref/bufg_feedback_auto_created_sclk_s_0_l_bk1.clkin
SCLK                x023y019z0          0.025          1.953          pin: u_hdmi_pll/u_ref/bufg_feedback_auto_created_sclk_s_0_l_bk1.clkout
net (fo=1)          x000y039            0.121          2.074          net: u_hdmi_pll/u_ref/bufg_feedback_auto_created_sclk_s_0_l_bk1_sclk_outnet,  NOFILE(0)
                                                                      pin: u_hdmi_pll/u_output/ph1p_phy_pll_wrapper_25a56e5ce2f9_Inst/u_PH1P_PHY_PLL.refclk
PLL                 x000y039            0.367          2.441          pin: u_hdmi_pll/u_output/ph1p_phy_pll_wrapper_25a56e5ce2f9_Inst/u_PH1P_PHY_PLL.clkc[0]
net (fo=1)                              0.310          2.751          net: u_hdmi_pll/u_output/clk0_buf,  ../../../user_source/hdl_source/native_hdmi_pll.v(32)
                                                                      pin: u_hdmi_pll/u_output/bufg_feedback.clkin[0]
GCLK                x023y039z0          0.006          2.757          pin: u_hdmi_pll/u_output/bufg_feedback.clkout
net (fo=4)                              0.136          2.893          net: u_core/I_pixel_clk,  ../../../user_source/hdl_source/hdmi_1_4b_transmitter_core_wrapper.enc.v(24)
                                                                      pin: u_hdmi_pll/u_output/bufg_feedback_auto_created_sclk_s_0_l_bk2.clkin
SCLK                x023y019z1          0.025          2.918          pin: u_hdmi_pll/u_output/bufg_feedback_auto_created_sclk_s_0_l_bk2.clkout
net (fo=302)                            0.219          3.137          net: u_hdmi_pll/u_output/bufg_feedback_auto_created_sclk_s_0_l_bk2_sclk_outnet,  NOFILE(0)
                                                                      pin: u_core/u_hdmi_tx_controller_wrapper/u_hdmi_island_data_gen/O_BCH_block_0_reg[49]_syn_2.clk
launch edge                             0.000    r     3.137               
--------------------------------------------------------------------  ---------------
clk2q               x022y039z6          0.065    r     3.202          pin: u_core/u_hdmi_tx_controller_wrapper/u_hdmi_island_data_gen/O_BCH_block_0_reg[49]_syn_2.oqb
net (fo=1)                              0.092          3.294          net: u_core/u_hdmi_tx_controller_wrapper/u_hdmi_island_data_gen/O_BCH_block_0[25],  ../../../user_source/hdl_source/hdmi_1_4b_transmitter_core_wrapper.enc.v(0)
                                                                      pin: u_core/u_hdmi_tx_controller_wrapper/u_hdmi_island_data_assemble/S_CH2_D0_shift_reg[19]_syn_2.ie
LUT3 (reg)          x022y040z5          0.044    f     3.338       1  net: u_core/u_hdmi_tx_controller_wrapper/u_hdmi_island_data_assemble/S_CH2_D0_shift[12],  ../../../user_source/hdl_source/hdmi_1_4b_transmitter_core_wrapper.enc.v(0)
--------------------------------------------------------------------  ---------------
Arrival                                                3.338               

source latency                          0.000          0.000               
port                C4                  0.000          0.000          pin: I_sys_clk
hierarchy                               0.000          0.000          pin: I_sys_clk_syn_2.ipad
HDIO                x033y078            0.915          0.915          pin: I_sys_clk_syn_2.sg09_di
HDIO                x033y078            0.290          1.205          pin: I_sys_clk_syn_2.di
net (fo=1)          x043y079            0.043          1.248          net: I_sys_clk_dup_1,  ../../../diagnostics/hdmi_1080p30_tpg/hdmi_tpg_top.v(4)
                                                                      pin: u_hdmi_pll/u_ref/ph1p_phy_pll_wrapper_25a56e5ce2f9_Inst/u_PH1P_PHY_PLL.refclk
PLL                 x043y079            0.435          1.683          pin: u_hdmi_pll/u_ref/ph1p_phy_pll_wrapper_25a56e5ce2f9_Inst/u_PH1P_PHY_PLL.clkc[0]
net (fo=1)                              0.339          2.022          net: u_hdmi_pll/u_ref/clk0_buf,  ../../../user_source/hdl_source/native_hdmi_pll.v(32)
                                                                      pin: u_hdmi_pll/u_ref/bufg_feedback.clkin[0]
GCLK                x023y039z16         0.007          2.029          pin: u_hdmi_pll/u_ref/bufg_feedback.clkout
net (fo=1)                              0.148          2.177          net: u_hdmi_pll/u_output/ph1p_phy_pll_wrapper_25a56e5ce2f9_Inst/refclk,  ../../../user_source/ip_source/PLL/RTL/ph1p_phy_pll_wrapper_25a56e5ce2f9.v(119)
                                                                      pin: u_hdmi_pll/u_ref/bufg_feedback_auto_created_sclk_s_0_l_bk1.clkin
SCLK                x023y019z0          0.030          2.207          pin: u_hdmi_pll/u_ref/bufg_feedback_auto_created_sclk_s_0_l_bk1.clkout
net (fo=1)          x000y039            0.131          2.338          net: u_hdmi_pll/u_ref/bufg_feedback_auto_created_sclk_s_0_l_bk1_sclk_outnet,  NOFILE(0)
                                                                      pin: u_hdmi_pll/u_output/ph1p_phy_pll_wrapper_25a56e5ce2f9_Inst/u_PH1P_PHY_PLL.refclk
PLL                 x000y039            0.435          2.773          pin: u_hdmi_pll/u_output/ph1p_phy_pll_wrapper_25a56e5ce2f9_Inst/u_PH1P_PHY_PLL.clkc[0]
net (fo=1)                              0.337          3.110          net: u_hdmi_pll/u_output/clk0_buf,  ../../../user_source/hdl_source/native_hdmi_pll.v(32)
                                                                      pin: u_hdmi_pll/u_output/bufg_feedback.clkin[0]
GCLK                x023y039z0          0.007          3.117          pin: u_hdmi_pll/u_output/bufg_feedback.clkout
net (fo=4)                              0.161          3.278          net: u_core/I_pixel_clk,  ../../../user_source/hdl_source/hdmi_1_4b_transmitter_core_wrapper.enc.v(24)
                                                                      pin: u_hdmi_pll/u_output/bufg_feedback_auto_created_sclk_s_1_l_bk1.clkin
SCLK                x023y059z0          0.030          3.308          pin: u_hdmi_pll/u_output/bufg_feedback_auto_created_sclk_s_1_l_bk1.clkout
net (fo=65)                             0.243          3.551          net: u_hdmi_pll/u_output/bufg_feedback_auto_created_sclk_s_1_l_bk1_sclk_outnet,  NOFILE(0)
                                                                      pin: u_core/u_hdmi_tx_controller_wrapper/u_hdmi_island_data_assemble/S_CH2_D0_shift_reg[19]_syn_2.clk
capture edge                            0.000    r     3.551               
--------------------------------------------------------------------  ---------------
hold                                    0.012          3.563               
clock uncertainty                       0.100          3.663               
clock pessimism                        -0.360          3.303               
--------------------------------------------------------------------  ---------------
Required                                               3.303               
--------------------------------------------------------------------  ---------------
Slack                                                  0.035               

Slack               : 0.036ns
Begin Point         : u_core/u_hdmi_tx_controller_wrapper/u_hdmi_island_data_gen/U_audio_sample_packet_2_channel/u_w96_d1024_fifo/u_logic_ramfifo[4]__1_syn_2.clk (rising edge triggered by clock u_hdmi_pll/u_output/ph1p_phy_pll_wrapper_25a56e5ce2f9_Inst/u_PH1P_PHY_PLL.clkc[0]  { rise@0.000000ns  fall@6.734000ns  period=13.468000 })
End Point           : u_core/u_hdmi_tx_controller_wrapper/u_hdmi_island_data_gen/U_audio_sample_packet_2_channel/u_w96_d1024_fifo/u_logic_ramfifo_syn_608.addrb[7] (rising edge triggered by clock u_hdmi_pll/u_output/ph1p_phy_pll_wrapper_25a56e5ce2f9_Inst/u_PH1P_PHY_PLL.clkc[0]  { rise@0.000000ns  fall@6.734000ns  period=13.468000 })
Check Type          : hold
Process             : fast_m40c
Budget              : 0.000ns { u_hdmi_pll/u_output/ph1p_phy_pll_wrapper_25a56e5ce2f9_Inst/u_PH1P_PHY_PLL.clkc[0] rising@0.000ns - u_hdmi_pll/u_output/ph1p_phy_pll_wrapper_25a56e5ce2f9_Inst/u_PH1P_PHY_PLL.clkc[0] rising@0.000ns }
Data Path Delay     : 0.272ns (cell 0.065ns (23%), net 0.207ns (77%))
Clock Skew          : 0.060ns
Logic Level         : 1 ( ERAM=1 )
Max Fanout          : 5
Clock Uncertainty   : 0.100ns (sdc uncertainty: 0.000ns, default uncertainty: 0.100ns)

Delay Type          Location             Incr           Path   Level  Netlist Info
--------------------------------------------------------------------  ---------------
source latency                          0.000          0.000               
port                C4                  0.000          0.000          pin: I_sys_clk
hierarchy                               0.000          0.000          pin: I_sys_clk_syn_2.ipad
HDIO                x033y078            0.810          0.810          pin: I_sys_clk_syn_2.sg09_di
HDIO                x033y078            0.257          1.067          pin: I_sys_clk_syn_2.di
net (fo=1)          x043y079            0.040          1.107          net: I_sys_clk_dup_1,  ../../../diagnostics/hdmi_1080p30_tpg/hdmi_tpg_top.v(4)
                                                                      pin: u_hdmi_pll/u_ref/ph1p_phy_pll_wrapper_25a56e5ce2f9_Inst/u_PH1P_PHY_PLL.refclk
PLL                 x043y079            0.367          1.474          pin: u_hdmi_pll/u_ref/ph1p_phy_pll_wrapper_25a56e5ce2f9_Inst/u_PH1P_PHY_PLL.clkc[0]
net (fo=1)                              0.312          1.786          net: u_hdmi_pll/u_ref/clk0_buf,  ../../../user_source/hdl_source/native_hdmi_pll.v(32)
                                                                      pin: u_hdmi_pll/u_ref/bufg_feedback.clkin[0]
GCLK                x023y039z16         0.006          1.792          pin: u_hdmi_pll/u_ref/bufg_feedback.clkout
net (fo=1)                              0.136          1.928          net: u_hdmi_pll/u_output/ph1p_phy_pll_wrapper_25a56e5ce2f9_Inst/refclk,  ../../../user_source/ip_source/PLL/RTL/ph1p_phy_pll_wrapper_25a56e5ce2f9.v(119)
                                                                      pin: u_hdmi_pll/u_ref/bufg_feedback_auto_created_sclk_s_0_l_bk1.clkin
SCLK                x023y019z0          0.025          1.953          pin: u_hdmi_pll/u_ref/bufg_feedback_auto_created_sclk_s_0_l_bk1.clkout
net (fo=1)          x000y039            0.121          2.074          net: u_hdmi_pll/u_ref/bufg_feedback_auto_created_sclk_s_0_l_bk1_sclk_outnet,  NOFILE(0)
                                                                      pin: u_hdmi_pll/u_output/ph1p_phy_pll_wrapper_25a56e5ce2f9_Inst/u_PH1P_PHY_PLL.refclk
PLL                 x000y039            0.367          2.441          pin: u_hdmi_pll/u_output/ph1p_phy_pll_wrapper_25a56e5ce2f9_Inst/u_PH1P_PHY_PLL.clkc[0]
net (fo=1)                              0.310          2.751          net: u_hdmi_pll/u_output/clk0_buf,  ../../../user_source/hdl_source/native_hdmi_pll.v(32)
                                                                      pin: u_hdmi_pll/u_output/bufg_feedback.clkin[0]
GCLK                x023y039z0          0.006          2.757          pin: u_hdmi_pll/u_output/bufg_feedback.clkout
net (fo=4)                              0.131          2.888          net: u_core/I_pixel_clk,  ../../../user_source/hdl_source/hdmi_1_4b_transmitter_core_wrapper.enc.v(24)
                                                                      pin: u_hdmi_pll/u_output/bufg_feedback_auto_created_sclk_s_0_r_bk1.clkin
SCLK                x023y019z12         0.025          2.913          pin: u_hdmi_pll/u_output/bufg_feedback_auto_created_sclk_s_0_r_bk1.clkout
net (fo=219)                            0.221          3.134          net: u_hdmi_pll/u_output/bufg_feedback_auto_created_sclk_s_0_r_bk1_sclk_outnet,  NOFILE(0)
                                                                      pin: u_core/u_hdmi_tx_controller_wrapper/u_hdmi_island_data_gen/U_audio_sample_packet_2_channel/u_w96_d1024_fifo/u_logic_ramfifo[4]__1_syn_2.clk
launch edge                             0.000    r     3.134               
--------------------------------------------------------------------  ---------------
clk2q               x025y030z3          0.065    r     3.199          pin: u_core/u_hdmi_tx_controller_wrapper/u_hdmi_island_data_gen/U_audio_sample_packet_2_channel/u_w96_d1024_fifo/u_logic_ramfifo[4]__1_syn_2.oqb
net (fo=5)                              0.207          3.406          net: u_core/u_hdmi_tx_controller_wrapper/u_hdmi_island_data_gen/U_audio_sample_packet_2_channel/u_w96_d1024_fifo/u_logic_ramfifo_syn_26,  ../../../user_source/hdl_source/hdmi_1_4b_transmitter_core_wrapper.enc.v(0)
                                                                      pin: u_core/u_hdmi_tx_controller_wrapper/u_hdmi_island_data_gen/U_audio_sample_packet_2_channel/u_w96_d1024_fifo/u_logic_ramfifo_syn_608.addrb[7]
ERAM (reg)          x023y028            0.000    f     3.406       1       
--------------------------------------------------------------------  ---------------
Arrival                                                3.406               

source latency                          0.000          0.000               
port                C4                  0.000          0.000          pin: I_sys_clk
hierarchy                               0.000          0.000          pin: I_sys_clk_syn_2.ipad
HDIO                x033y078            0.915          0.915          pin: I_sys_clk_syn_2.sg09_di
HDIO                x033y078            0.290          1.205          pin: I_sys_clk_syn_2.di
net (fo=1)          x043y079            0.043          1.248          net: I_sys_clk_dup_1,  ../../../diagnostics/hdmi_1080p30_tpg/hdmi_tpg_top.v(4)
                                                                      pin: u_hdmi_pll/u_ref/ph1p_phy_pll_wrapper_25a56e5ce2f9_Inst/u_PH1P_PHY_PLL.refclk
PLL                 x043y079            0.435          1.683          pin: u_hdmi_pll/u_ref/ph1p_phy_pll_wrapper_25a56e5ce2f9_Inst/u_PH1P_PHY_PLL.clkc[0]
net (fo=1)                              0.339          2.022          net: u_hdmi_pll/u_ref/clk0_buf,  ../../../user_source/hdl_source/native_hdmi_pll.v(32)
                                                                      pin: u_hdmi_pll/u_ref/bufg_feedback.clkin[0]
GCLK                x023y039z16         0.007          2.029          pin: u_hdmi_pll/u_ref/bufg_feedback.clkout
net (fo=1)                              0.148          2.177          net: u_hdmi_pll/u_output/ph1p_phy_pll_wrapper_25a56e5ce2f9_Inst/refclk,  ../../../user_source/ip_source/PLL/RTL/ph1p_phy_pll_wrapper_25a56e5ce2f9.v(119)
                                                                      pin: u_hdmi_pll/u_ref/bufg_feedback_auto_created_sclk_s_0_l_bk1.clkin
SCLK                x023y019z0          0.030          2.207          pin: u_hdmi_pll/u_ref/bufg_feedback_auto_created_sclk_s_0_l_bk1.clkout
net (fo=1)          x000y039            0.131          2.338          net: u_hdmi_pll/u_ref/bufg_feedback_auto_created_sclk_s_0_l_bk1_sclk_outnet,  NOFILE(0)
                                                                      pin: u_hdmi_pll/u_output/ph1p_phy_pll_wrapper_25a56e5ce2f9_Inst/u_PH1P_PHY_PLL.refclk
PLL                 x000y039            0.435          2.773          pin: u_hdmi_pll/u_output/ph1p_phy_pll_wrapper_25a56e5ce2f9_Inst/u_PH1P_PHY_PLL.clkc[0]
net (fo=1)                              0.337          3.110          net: u_hdmi_pll/u_output/clk0_buf,  ../../../user_source/hdl_source/native_hdmi_pll.v(32)
                                                                      pin: u_hdmi_pll/u_output/bufg_feedback.clkin[0]
GCLK                x023y039z0          0.007          3.117          pin: u_hdmi_pll/u_output/bufg_feedback.clkout
net (fo=4)                              0.148          3.265          net: u_core/I_pixel_clk,  ../../../user_source/hdl_source/hdmi_1_4b_transmitter_core_wrapper.enc.v(24)
                                                                      pin: u_hdmi_pll/u_output/bufg_feedback_auto_created_sclk_s_0_l_bk2.clkin
SCLK                x023y019z1          0.030          3.295          pin: u_hdmi_pll/u_output/bufg_feedback_auto_created_sclk_s_0_l_bk2.clkout
net (fo=302)                            0.264          3.559          net: u_hdmi_pll/u_output/bufg_feedback_auto_created_sclk_s_0_l_bk2_sclk_outnet,  NOFILE(0)
                                                                      pin: u_core/u_hdmi_tx_controller_wrapper/u_hdmi_island_data_gen/U_audio_sample_packet_2_channel/u_w96_d1024_fifo/u_logic_ramfifo_syn_608.clkb
capture edge                            0.000    r     3.559               
--------------------------------------------------------------------  ---------------
hold                                    0.076          3.635               
clock uncertainty                       0.100          3.735               
clock pessimism                        -0.365          3.370               
--------------------------------------------------------------------  ---------------
Required                                               3.370               
--------------------------------------------------------------------  ---------------
Slack                                                  0.036               

Slack               : 0.041ns
Begin Point         : u_core/u_hdmi_tx_controller_wrapper/u_hdmi_island_data_gen/O_BCH_block_0_reg[27]_syn_2.clk (rising edge triggered by clock u_hdmi_pll/u_output/ph1p_phy_pll_wrapper_25a56e5ce2f9_Inst/u_PH1P_PHY_PLL.clkc[0]  { rise@0.000000ns  fall@6.734000ns  period=13.468000 })
End Point           : u_core/u_hdmi_tx_controller_wrapper/u_hdmi_island_data_assemble/S_CH2_D0_shift_reg[22]_syn_2.ie (rising edge triggered by clock u_hdmi_pll/u_output/ph1p_phy_pll_wrapper_25a56e5ce2f9_Inst/u_PH1P_PHY_PLL.clkc[0]  { rise@0.000000ns  fall@6.734000ns  period=13.468000 })
Check Type          : hold
Process             : fast_m40c
Budget              : 0.000ns { u_hdmi_pll/u_output/ph1p_phy_pll_wrapper_25a56e5ce2f9_Inst/u_PH1P_PHY_PLL.clkc[0] rising@0.000ns - u_hdmi_pll/u_output/ph1p_phy_pll_wrapper_25a56e5ce2f9_Inst/u_PH1P_PHY_PLL.clkc[0] rising@0.000ns }
Data Path Delay     : 0.207ns (cell 0.109ns (52%), net 0.098ns (48%))
Clock Skew          : 0.054ns
Logic Level         : 1 ( LUT3=1 )
Max Fanout          : 1
Clock Uncertainty   : 0.100ns (sdc uncertainty: 0.000ns, default uncertainty: 0.100ns)

Delay Type          Location             Incr           Path   Level  Netlist Info
--------------------------------------------------------------------  ---------------
source latency                          0.000          0.000               
port                C4                  0.000          0.000          pin: I_sys_clk
hierarchy                               0.000          0.000          pin: I_sys_clk_syn_2.ipad
HDIO                x033y078            0.810          0.810          pin: I_sys_clk_syn_2.sg09_di
HDIO                x033y078            0.257          1.067          pin: I_sys_clk_syn_2.di
net (fo=1)          x043y079            0.040          1.107          net: I_sys_clk_dup_1,  ../../../diagnostics/hdmi_1080p30_tpg/hdmi_tpg_top.v(4)
                                                                      pin: u_hdmi_pll/u_ref/ph1p_phy_pll_wrapper_25a56e5ce2f9_Inst/u_PH1P_PHY_PLL.refclk
PLL                 x043y079            0.367          1.474          pin: u_hdmi_pll/u_ref/ph1p_phy_pll_wrapper_25a56e5ce2f9_Inst/u_PH1P_PHY_PLL.clkc[0]
net (fo=1)                              0.312          1.786          net: u_hdmi_pll/u_ref/clk0_buf,  ../../../user_source/hdl_source/native_hdmi_pll.v(32)
                                                                      pin: u_hdmi_pll/u_ref/bufg_feedback.clkin[0]
GCLK                x023y039z16         0.006          1.792          pin: u_hdmi_pll/u_ref/bufg_feedback.clkout
net (fo=1)                              0.136          1.928          net: u_hdmi_pll/u_output/ph1p_phy_pll_wrapper_25a56e5ce2f9_Inst/refclk,  ../../../user_source/ip_source/PLL/RTL/ph1p_phy_pll_wrapper_25a56e5ce2f9.v(119)
                                                                      pin: u_hdmi_pll/u_ref/bufg_feedback_auto_created_sclk_s_0_l_bk1.clkin
SCLK                x023y019z0          0.025          1.953          pin: u_hdmi_pll/u_ref/bufg_feedback_auto_created_sclk_s_0_l_bk1.clkout
net (fo=1)          x000y039            0.121          2.074          net: u_hdmi_pll/u_ref/bufg_feedback_auto_created_sclk_s_0_l_bk1_sclk_outnet,  NOFILE(0)
                                                                      pin: u_hdmi_pll/u_output/ph1p_phy_pll_wrapper_25a56e5ce2f9_Inst/u_PH1P_PHY_PLL.refclk
PLL                 x000y039            0.367          2.441          pin: u_hdmi_pll/u_output/ph1p_phy_pll_wrapper_25a56e5ce2f9_Inst/u_PH1P_PHY_PLL.clkc[0]
net (fo=1)                              0.310          2.751          net: u_hdmi_pll/u_output/clk0_buf,  ../../../user_source/hdl_source/native_hdmi_pll.v(32)
                                                                      pin: u_hdmi_pll/u_output/bufg_feedback.clkin[0]
GCLK                x023y039z0          0.006          2.757          pin: u_hdmi_pll/u_output/bufg_feedback.clkout
net (fo=4)                              0.136          2.893          net: u_core/I_pixel_clk,  ../../../user_source/hdl_source/hdmi_1_4b_transmitter_core_wrapper.enc.v(24)
                                                                      pin: u_hdmi_pll/u_output/bufg_feedback_auto_created_sclk_s_0_l_bk2.clkin
SCLK                x023y019z1          0.025          2.918          pin: u_hdmi_pll/u_output/bufg_feedback_auto_created_sclk_s_0_l_bk2.clkout
net (fo=302)                            0.219          3.137          net: u_hdmi_pll/u_output/bufg_feedback_auto_created_sclk_s_0_l_bk2_sclk_outnet,  NOFILE(0)
                                                                      pin: u_core/u_hdmi_tx_controller_wrapper/u_hdmi_island_data_gen/O_BCH_block_0_reg[27]_syn_2.clk
launch edge                             0.000    r     3.137               
--------------------------------------------------------------------  ---------------
clk2q               x022y039z7          0.065    r     3.202          pin: u_core/u_hdmi_tx_controller_wrapper/u_hdmi_island_data_gen/O_BCH_block_0_reg[27]_syn_2.oqb
net (fo=1)                              0.098          3.300          net: u_core/u_hdmi_tx_controller_wrapper/u_hdmi_island_data_gen/O_BCH_block_0[23],  ../../../user_source/hdl_source/hdmi_1_4b_transmitter_core_wrapper.enc.v(0)
                                                                      pin: u_core/u_hdmi_tx_controller_wrapper/u_hdmi_island_data_assemble/S_CH2_D0_shift_reg[22]_syn_2.ie
LUT3 (reg)          x022y040z6          0.044    f     3.344       1  net: u_core/u_hdmi_tx_controller_wrapper/u_hdmi_island_data_assemble/S_CH2_D0_shift[11],  ../../../user_source/hdl_source/hdmi_1_4b_transmitter_core_wrapper.enc.v(0)
--------------------------------------------------------------------  ---------------
Arrival                                                3.344               

source latency                          0.000          0.000               
port                C4                  0.000          0.000          pin: I_sys_clk
hierarchy                               0.000          0.000          pin: I_sys_clk_syn_2.ipad
HDIO                x033y078            0.915          0.915          pin: I_sys_clk_syn_2.sg09_di
HDIO                x033y078            0.290          1.205          pin: I_sys_clk_syn_2.di
net (fo=1)          x043y079            0.043          1.248          net: I_sys_clk_dup_1,  ../../../diagnostics/hdmi_1080p30_tpg/hdmi_tpg_top.v(4)
                                                                      pin: u_hdmi_pll/u_ref/ph1p_phy_pll_wrapper_25a56e5ce2f9_Inst/u_PH1P_PHY_PLL.refclk
PLL                 x043y079            0.435          1.683          pin: u_hdmi_pll/u_ref/ph1p_phy_pll_wrapper_25a56e5ce2f9_Inst/u_PH1P_PHY_PLL.clkc[0]
net (fo=1)                              0.339          2.022          net: u_hdmi_pll/u_ref/clk0_buf,  ../../../user_source/hdl_source/native_hdmi_pll.v(32)
                                                                      pin: u_hdmi_pll/u_ref/bufg_feedback.clkin[0]
GCLK                x023y039z16         0.007          2.029          pin: u_hdmi_pll/u_ref/bufg_feedback.clkout
net (fo=1)                              0.148          2.177          net: u_hdmi_pll/u_output/ph1p_phy_pll_wrapper_25a56e5ce2f9_Inst/refclk,  ../../../user_source/ip_source/PLL/RTL/ph1p_phy_pll_wrapper_25a56e5ce2f9.v(119)
                                                                      pin: u_hdmi_pll/u_ref/bufg_feedback_auto_created_sclk_s_0_l_bk1.clkin
SCLK                x023y019z0          0.030          2.207          pin: u_hdmi_pll/u_ref/bufg_feedback_auto_created_sclk_s_0_l_bk1.clkout
net (fo=1)          x000y039            0.131          2.338          net: u_hdmi_pll/u_ref/bufg_feedback_auto_created_sclk_s_0_l_bk1_sclk_outnet,  NOFILE(0)
                                                                      pin: u_hdmi_pll/u_output/ph1p_phy_pll_wrapper_25a56e5ce2f9_Inst/u_PH1P_PHY_PLL.refclk
PLL                 x000y039            0.435          2.773          pin: u_hdmi_pll/u_output/ph1p_phy_pll_wrapper_25a56e5ce2f9_Inst/u_PH1P_PHY_PLL.clkc[0]
net (fo=1)                              0.337          3.110          net: u_hdmi_pll/u_output/clk0_buf,  ../../../user_source/hdl_source/native_hdmi_pll.v(32)
                                                                      pin: u_hdmi_pll/u_output/bufg_feedback.clkin[0]
GCLK                x023y039z0          0.007          3.117          pin: u_hdmi_pll/u_output/bufg_feedback.clkout
net (fo=4)                              0.161          3.278          net: u_core/I_pixel_clk,  ../../../user_source/hdl_source/hdmi_1_4b_transmitter_core_wrapper.enc.v(24)
                                                                      pin: u_hdmi_pll/u_output/bufg_feedback_auto_created_sclk_s_1_l_bk1.clkin
SCLK                x023y059z0          0.030          3.308          pin: u_hdmi_pll/u_output/bufg_feedback_auto_created_sclk_s_1_l_bk1.clkout
net (fo=65)                             0.243          3.551          net: u_hdmi_pll/u_output/bufg_feedback_auto_created_sclk_s_1_l_bk1_sclk_outnet,  NOFILE(0)
                                                                      pin: u_core/u_hdmi_tx_controller_wrapper/u_hdmi_island_data_assemble/S_CH2_D0_shift_reg[22]_syn_2.clk
capture edge                            0.000    r     3.551               
--------------------------------------------------------------------  ---------------
hold                                    0.012          3.563               
clock uncertainty                       0.100          3.663               
clock pessimism                        -0.360          3.303               
--------------------------------------------------------------------  ---------------
Required                                               3.303               
--------------------------------------------------------------------  ---------------
Slack                                                  0.041               

Slack               : 0.046ns
Begin Point         : u_core/u_hdmi_tx_controller_wrapper/u1_hdmi_tmds_encode/S_video_data_1d_reg[4]_syn_2.clk (rising edge triggered by clock u_hdmi_pll/u_output/ph1p_phy_pll_wrapper_25a56e5ce2f9_Inst/u_PH1P_PHY_PLL.clkc[0]  { rise@0.000000ns  fall@6.734000ns  period=13.468000 })
End Point           : u_core/u_hdmi_tx_controller_wrapper/u1_hdmi_tmds_encode/S_q_m_reg[3]_syn_2.ie (rising edge triggered by clock u_hdmi_pll/u_output/ph1p_phy_pll_wrapper_25a56e5ce2f9_Inst/u_PH1P_PHY_PLL.clkc[0]  { rise@0.000000ns  fall@6.734000ns  period=13.468000 })
Check Type          : hold
Process             : fast_m40c
Budget              : 0.000ns { u_hdmi_pll/u_output/ph1p_phy_pll_wrapper_25a56e5ce2f9_Inst/u_PH1P_PHY_PLL.clkc[0] rising@0.000ns - u_hdmi_pll/u_output/ph1p_phy_pll_wrapper_25a56e5ce2f9_Inst/u_PH1P_PHY_PLL.clkc[0] rising@0.000ns }
Data Path Delay     : 0.210ns (cell 0.106ns (50%), net 0.104ns (50%))
Clock Skew          : 0.052ns
Logic Level         : 1 ( LUT3=1 )
Max Fanout          : 1
Clock Uncertainty   : 0.100ns (sdc uncertainty: 0.000ns, default uncertainty: 0.100ns)

Delay Type          Location             Incr           Path   Level  Netlist Info
--------------------------------------------------------------------  ---------------
source latency                          0.000          0.000               
port                C4                  0.000          0.000          pin: I_sys_clk
hierarchy                               0.000          0.000          pin: I_sys_clk_syn_2.ipad
HDIO                x033y078            0.810          0.810          pin: I_sys_clk_syn_2.sg09_di
HDIO                x033y078            0.257          1.067          pin: I_sys_clk_syn_2.di
net (fo=1)          x043y079            0.040          1.107          net: I_sys_clk_dup_1,  ../../../diagnostics/hdmi_1080p30_tpg/hdmi_tpg_top.v(4)
                                                                      pin: u_hdmi_pll/u_ref/ph1p_phy_pll_wrapper_25a56e5ce2f9_Inst/u_PH1P_PHY_PLL.refclk
PLL                 x043y079            0.367          1.474          pin: u_hdmi_pll/u_ref/ph1p_phy_pll_wrapper_25a56e5ce2f9_Inst/u_PH1P_PHY_PLL.clkc[0]
net (fo=1)                              0.312          1.786          net: u_hdmi_pll/u_ref/clk0_buf,  ../../../user_source/hdl_source/native_hdmi_pll.v(32)
                                                                      pin: u_hdmi_pll/u_ref/bufg_feedback.clkin[0]
GCLK                x023y039z16         0.006          1.792          pin: u_hdmi_pll/u_ref/bufg_feedback.clkout
net (fo=1)                              0.136          1.928          net: u_hdmi_pll/u_output/ph1p_phy_pll_wrapper_25a56e5ce2f9_Inst/refclk,  ../../../user_source/ip_source/PLL/RTL/ph1p_phy_pll_wrapper_25a56e5ce2f9.v(119)
                                                                      pin: u_hdmi_pll/u_ref/bufg_feedback_auto_created_sclk_s_0_l_bk1.clkin
SCLK                x023y019z0          0.025          1.953          pin: u_hdmi_pll/u_ref/bufg_feedback_auto_created_sclk_s_0_l_bk1.clkout
net (fo=1)          x000y039            0.121          2.074          net: u_hdmi_pll/u_ref/bufg_feedback_auto_created_sclk_s_0_l_bk1_sclk_outnet,  NOFILE(0)
                                                                      pin: u_hdmi_pll/u_output/ph1p_phy_pll_wrapper_25a56e5ce2f9_Inst/u_PH1P_PHY_PLL.refclk
PLL                 x000y039            0.367          2.441          pin: u_hdmi_pll/u_output/ph1p_phy_pll_wrapper_25a56e5ce2f9_Inst/u_PH1P_PHY_PLL.clkc[0]
net (fo=1)                              0.310          2.751          net: u_hdmi_pll/u_output/clk0_buf,  ../../../user_source/hdl_source/native_hdmi_pll.v(32)
                                                                      pin: u_hdmi_pll/u_output/bufg_feedback.clkin[0]
GCLK                x023y039z0          0.006          2.757          pin: u_hdmi_pll/u_output/bufg_feedback.clkout
net (fo=4)                              0.131          2.888          net: u_core/I_pixel_clk,  ../../../user_source/hdl_source/hdmi_1_4b_transmitter_core_wrapper.enc.v(24)
                                                                      pin: u_hdmi_pll/u_output/bufg_feedback_auto_created_sclk_s_0_r_bk1.clkin
SCLK                x023y019z12         0.025          2.913          pin: u_hdmi_pll/u_output/bufg_feedback_auto_created_sclk_s_0_r_bk1.clkout
net (fo=219)                            0.221          3.134          net: u_hdmi_pll/u_output/bufg_feedback_auto_created_sclk_s_0_r_bk1_sclk_outnet,  NOFILE(0)
                                                                      pin: u_core/u_hdmi_tx_controller_wrapper/u1_hdmi_tmds_encode/S_video_data_1d_reg[4]_syn_2.clk
launch edge                             0.000    r     3.134               
--------------------------------------------------------------------  ---------------
clk2q               x025y039z3          0.062    f     3.196          pin: u_core/u_hdmi_tx_controller_wrapper/u1_hdmi_tmds_encode/S_video_data_1d_reg[4]_syn_2.oqa
net (fo=1)                              0.104          3.300          net: u_core/u_hdmi_tx_controller_wrapper/u1_hdmi_tmds_encode/S_video_data_1d[4],  ../../../user_source/hdl_source/hdmi_1_4b_transmitter_core_wrapper.enc.v(0)
                                                                      pin: u_core/u_hdmi_tx_controller_wrapper/u1_hdmi_tmds_encode/S_q_m_reg[3]_syn_2.ie
LUT3 (reg)          x026y041z1          0.044    f     3.344       1  net: u_core/u_hdmi_tx_controller_wrapper/u1_hdmi_tmds_encode/S_q_m[4],  ../../../user_source/hdl_source/hdmi_1_4b_transmitter_core_wrapper.enc.v(0)
--------------------------------------------------------------------  ---------------
Arrival                                                3.344               

source latency                          0.000          0.000               
port                C4                  0.000          0.000          pin: I_sys_clk
hierarchy                               0.000          0.000          pin: I_sys_clk_syn_2.ipad
HDIO                x033y078            0.915          0.915          pin: I_sys_clk_syn_2.sg09_di
HDIO                x033y078            0.290          1.205          pin: I_sys_clk_syn_2.di
net (fo=1)          x043y079            0.043          1.248          net: I_sys_clk_dup_1,  ../../../diagnostics/hdmi_1080p30_tpg/hdmi_tpg_top.v(4)
                                                                      pin: u_hdmi_pll/u_ref/ph1p_phy_pll_wrapper_25a56e5ce2f9_Inst/u_PH1P_PHY_PLL.refclk
PLL                 x043y079            0.435          1.683          pin: u_hdmi_pll/u_ref/ph1p_phy_pll_wrapper_25a56e5ce2f9_Inst/u_PH1P_PHY_PLL.clkc[0]
net (fo=1)                              0.339          2.022          net: u_hdmi_pll/u_ref/clk0_buf,  ../../../user_source/hdl_source/native_hdmi_pll.v(32)
                                                                      pin: u_hdmi_pll/u_ref/bufg_feedback.clkin[0]
GCLK                x023y039z16         0.007          2.029          pin: u_hdmi_pll/u_ref/bufg_feedback.clkout
net (fo=1)                              0.148          2.177          net: u_hdmi_pll/u_output/ph1p_phy_pll_wrapper_25a56e5ce2f9_Inst/refclk,  ../../../user_source/ip_source/PLL/RTL/ph1p_phy_pll_wrapper_25a56e5ce2f9.v(119)
                                                                      pin: u_hdmi_pll/u_ref/bufg_feedback_auto_created_sclk_s_0_l_bk1.clkin
SCLK                x023y019z0          0.030          2.207          pin: u_hdmi_pll/u_ref/bufg_feedback_auto_created_sclk_s_0_l_bk1.clkout
net (fo=1)          x000y039            0.131          2.338          net: u_hdmi_pll/u_ref/bufg_feedback_auto_created_sclk_s_0_l_bk1_sclk_outnet,  NOFILE(0)
                                                                      pin: u_hdmi_pll/u_output/ph1p_phy_pll_wrapper_25a56e5ce2f9_Inst/u_PH1P_PHY_PLL.refclk
PLL                 x000y039            0.435          2.773          pin: u_hdmi_pll/u_output/ph1p_phy_pll_wrapper_25a56e5ce2f9_Inst/u_PH1P_PHY_PLL.clkc[0]
net (fo=1)                              0.337          3.110          net: u_hdmi_pll/u_output/clk0_buf,  ../../../user_source/hdl_source/native_hdmi_pll.v(32)
                                                                      pin: u_hdmi_pll/u_output/bufg_feedback.clkin[0]
GCLK                x023y039z0          0.007          3.117          pin: u_hdmi_pll/u_output/bufg_feedback.clkout
net (fo=4)                              0.155          3.272          net: u_core/I_pixel_clk,  ../../../user_source/hdl_source/hdmi_1_4b_transmitter_core_wrapper.enc.v(24)
                                                                      pin: u_hdmi_pll/u_output/bufg_feedback_auto_created_sclk_s_1_r_bk1.clkin
SCLK                x023y059z12         0.030          3.302          pin: u_hdmi_pll/u_output/bufg_feedback_auto_created_sclk_s_1_r_bk1.clkout
net (fo=91)                             0.244          3.546          net: u_hdmi_pll/u_output/bufg_feedback_auto_created_sclk_s_1_r_bk1_sclk_outnet,  NOFILE(0)
                                                                      pin: u_core/u_hdmi_tx_controller_wrapper/u1_hdmi_tmds_encode/S_q_m_reg[3]_syn_2.clk
capture edge                            0.000    r     3.546               
--------------------------------------------------------------------  ---------------
hold                                    0.012          3.558               
clock uncertainty                       0.100          3.658               
clock pessimism                        -0.360          3.298               
--------------------------------------------------------------------  ---------------
Required                                               3.298               
--------------------------------------------------------------------  ---------------
Slack                                                  0.046               

Slack               : 0.048ns
Begin Point         : u_core/u_hdmi_tx_controller_wrapper/u_hdmi_island_data_gen/O_BCH_block_0_reg[31]_syn_2.clk (rising edge triggered by clock u_hdmi_pll/u_output/ph1p_phy_pll_wrapper_25a56e5ce2f9_Inst/u_PH1P_PHY_PLL.clkc[0]  { rise@0.000000ns  fall@6.734000ns  period=13.468000 })
End Point           : u_core/u_hdmi_tx_controller_wrapper/u_hdmi_island_data_assemble/S_CH2_D0_shift_reg[15]_syn_2.id (rising edge triggered by clock u_hdmi_pll/u_output/ph1p_phy_pll_wrapper_25a56e5ce2f9_Inst/u_PH1P_PHY_PLL.clkc[0]  { rise@0.000000ns  fall@6.734000ns  period=13.468000 })
Check Type          : hold
Process             : fast_m40c
Budget              : 0.000ns { u_hdmi_pll/u_output/ph1p_phy_pll_wrapper_25a56e5ce2f9_Inst/u_PH1P_PHY_PLL.clkc[0] rising@0.000ns - u_hdmi_pll/u_output/ph1p_phy_pll_wrapper_25a56e5ce2f9_Inst/u_PH1P_PHY_PLL.clkc[0] rising@0.000ns }
Data Path Delay     : 0.214ns (cell 0.120ns (56%), net 0.094ns (44%))
Clock Skew          : 0.054ns
Logic Level         : 1 ( LUT3=1 )
Max Fanout          : 1
Clock Uncertainty   : 0.100ns (sdc uncertainty: 0.000ns, default uncertainty: 0.100ns)

Delay Type          Location             Incr           Path   Level  Netlist Info
--------------------------------------------------------------------  ---------------
source latency                          0.000          0.000               
port                C4                  0.000          0.000          pin: I_sys_clk
hierarchy                               0.000          0.000          pin: I_sys_clk_syn_2.ipad
HDIO                x033y078            0.810          0.810          pin: I_sys_clk_syn_2.sg09_di
HDIO                x033y078            0.257          1.067          pin: I_sys_clk_syn_2.di
net (fo=1)          x043y079            0.040          1.107          net: I_sys_clk_dup_1,  ../../../diagnostics/hdmi_1080p30_tpg/hdmi_tpg_top.v(4)
                                                                      pin: u_hdmi_pll/u_ref/ph1p_phy_pll_wrapper_25a56e5ce2f9_Inst/u_PH1P_PHY_PLL.refclk
PLL                 x043y079            0.367          1.474          pin: u_hdmi_pll/u_ref/ph1p_phy_pll_wrapper_25a56e5ce2f9_Inst/u_PH1P_PHY_PLL.clkc[0]
net (fo=1)                              0.312          1.786          net: u_hdmi_pll/u_ref/clk0_buf,  ../../../user_source/hdl_source/native_hdmi_pll.v(32)
                                                                      pin: u_hdmi_pll/u_ref/bufg_feedback.clkin[0]
GCLK                x023y039z16         0.006          1.792          pin: u_hdmi_pll/u_ref/bufg_feedback.clkout
net (fo=1)                              0.136          1.928          net: u_hdmi_pll/u_output/ph1p_phy_pll_wrapper_25a56e5ce2f9_Inst/refclk,  ../../../user_source/ip_source/PLL/RTL/ph1p_phy_pll_wrapper_25a56e5ce2f9.v(119)
                                                                      pin: u_hdmi_pll/u_ref/bufg_feedback_auto_created_sclk_s_0_l_bk1.clkin
SCLK                x023y019z0          0.025          1.953          pin: u_hdmi_pll/u_ref/bufg_feedback_auto_created_sclk_s_0_l_bk1.clkout
net (fo=1)          x000y039            0.121          2.074          net: u_hdmi_pll/u_ref/bufg_feedback_auto_created_sclk_s_0_l_bk1_sclk_outnet,  NOFILE(0)
                                                                      pin: u_hdmi_pll/u_output/ph1p_phy_pll_wrapper_25a56e5ce2f9_Inst/u_PH1P_PHY_PLL.refclk
PLL                 x000y039            0.367          2.441          pin: u_hdmi_pll/u_output/ph1p_phy_pll_wrapper_25a56e5ce2f9_Inst/u_PH1P_PHY_PLL.clkc[0]
net (fo=1)                              0.310          2.751          net: u_hdmi_pll/u_output/clk0_buf,  ../../../user_source/hdl_source/native_hdmi_pll.v(32)
                                                                      pin: u_hdmi_pll/u_output/bufg_feedback.clkin[0]
GCLK                x023y039z0          0.006          2.757          pin: u_hdmi_pll/u_output/bufg_feedback.clkout
net (fo=4)                              0.136          2.893          net: u_core/I_pixel_clk,  ../../../user_source/hdl_source/hdmi_1_4b_transmitter_core_wrapper.enc.v(24)
                                                                      pin: u_hdmi_pll/u_output/bufg_feedback_auto_created_sclk_s_0_l_bk2.clkin
SCLK                x023y019z1          0.025          2.918          pin: u_hdmi_pll/u_output/bufg_feedback_auto_created_sclk_s_0_l_bk2.clkout
net (fo=302)                            0.219          3.137          net: u_hdmi_pll/u_output/bufg_feedback_auto_created_sclk_s_0_l_bk2_sclk_outnet,  NOFILE(0)
                                                                      pin: u_core/u_hdmi_tx_controller_wrapper/u_hdmi_island_data_gen/O_BCH_block_0_reg[31]_syn_2.clk
launch edge                             0.000    r     3.137               
--------------------------------------------------------------------  ---------------
clk2q               x022y039z2          0.062    f     3.199          pin: u_core/u_hdmi_tx_controller_wrapper/u_hdmi_island_data_gen/O_BCH_block_0_reg[31]_syn_2.oqa
net (fo=1)                              0.094          3.293          net: u_core/u_hdmi_tx_controller_wrapper/u_hdmi_island_data_gen/O_BCH_block_0[31],  ../../../user_source/hdl_source/hdmi_1_4b_transmitter_core_wrapper.enc.v(0)
                                                                      pin: u_core/u_hdmi_tx_controller_wrapper/u_hdmi_island_data_assemble/S_CH2_D0_shift_reg[15]_syn_2.id
LUT3 (reg)          x022y040z2          0.058    f     3.351       1  net: u_core/u_hdmi_tx_controller_wrapper/u_hdmi_island_data_assemble/S_CH2_D0_shift[15],  ../../../user_source/hdl_source/hdmi_1_4b_transmitter_core_wrapper.enc.v(0)
--------------------------------------------------------------------  ---------------
Arrival                                                3.351               

source latency                          0.000          0.000               
port                C4                  0.000          0.000          pin: I_sys_clk
hierarchy                               0.000          0.000          pin: I_sys_clk_syn_2.ipad
HDIO                x033y078            0.915          0.915          pin: I_sys_clk_syn_2.sg09_di
HDIO                x033y078            0.290          1.205          pin: I_sys_clk_syn_2.di
net (fo=1)          x043y079            0.043          1.248          net: I_sys_clk_dup_1,  ../../../diagnostics/hdmi_1080p30_tpg/hdmi_tpg_top.v(4)
                                                                      pin: u_hdmi_pll/u_ref/ph1p_phy_pll_wrapper_25a56e5ce2f9_Inst/u_PH1P_PHY_PLL.refclk
PLL                 x043y079            0.435          1.683          pin: u_hdmi_pll/u_ref/ph1p_phy_pll_wrapper_25a56e5ce2f9_Inst/u_PH1P_PHY_PLL.clkc[0]
net (fo=1)                              0.339          2.022          net: u_hdmi_pll/u_ref/clk0_buf,  ../../../user_source/hdl_source/native_hdmi_pll.v(32)
                                                                      pin: u_hdmi_pll/u_ref/bufg_feedback.clkin[0]
GCLK                x023y039z16         0.007          2.029          pin: u_hdmi_pll/u_ref/bufg_feedback.clkout
net (fo=1)                              0.148          2.177          net: u_hdmi_pll/u_output/ph1p_phy_pll_wrapper_25a56e5ce2f9_Inst/refclk,  ../../../user_source/ip_source/PLL/RTL/ph1p_phy_pll_wrapper_25a56e5ce2f9.v(119)
                                                                      pin: u_hdmi_pll/u_ref/bufg_feedback_auto_created_sclk_s_0_l_bk1.clkin
SCLK                x023y019z0          0.030          2.207          pin: u_hdmi_pll/u_ref/bufg_feedback_auto_created_sclk_s_0_l_bk1.clkout
net (fo=1)          x000y039            0.131          2.338          net: u_hdmi_pll/u_ref/bufg_feedback_auto_created_sclk_s_0_l_bk1_sclk_outnet,  NOFILE(0)
                                                                      pin: u_hdmi_pll/u_output/ph1p_phy_pll_wrapper_25a56e5ce2f9_Inst/u_PH1P_PHY_PLL.refclk
PLL                 x000y039            0.435          2.773          pin: u_hdmi_pll/u_output/ph1p_phy_pll_wrapper_25a56e5ce2f9_Inst/u_PH1P_PHY_PLL.clkc[0]
net (fo=1)                              0.337          3.110          net: u_hdmi_pll/u_output/clk0_buf,  ../../../user_source/hdl_source/native_hdmi_pll.v(32)
                                                                      pin: u_hdmi_pll/u_output/bufg_feedback.clkin[0]
GCLK                x023y039z0          0.007          3.117          pin: u_hdmi_pll/u_output/bufg_feedback.clkout
net (fo=4)                              0.161          3.278          net: u_core/I_pixel_clk,  ../../../user_source/hdl_source/hdmi_1_4b_transmitter_core_wrapper.enc.v(24)
                                                                      pin: u_hdmi_pll/u_output/bufg_feedback_auto_created_sclk_s_1_l_bk1.clkin
SCLK                x023y059z0          0.030          3.308          pin: u_hdmi_pll/u_output/bufg_feedback_auto_created_sclk_s_1_l_bk1.clkout
net (fo=65)                             0.243          3.551          net: u_hdmi_pll/u_output/bufg_feedback_auto_created_sclk_s_1_l_bk1_sclk_outnet,  NOFILE(0)
                                                                      pin: u_core/u_hdmi_tx_controller_wrapper/u_hdmi_island_data_assemble/S_CH2_D0_shift_reg[15]_syn_2.clk
capture edge                            0.000    r     3.551               
--------------------------------------------------------------------  ---------------
hold                                    0.012          3.563               
clock uncertainty                       0.100          3.663               
clock pessimism                        -0.360          3.303               
--------------------------------------------------------------------  ---------------
Required                                               3.303               
--------------------------------------------------------------------  ---------------
Slack                                                  0.048               


----------------------------------------------------------------------------------------------------
Path Group     :     u_hdmi_pll/u_output/ph1p_phy_pll_wrapper_25a56e5ce2f9_Inst/u_PH1P_PHY_PLL.clkc[0] -> u_hdmi_pll/u_output/ph1p_phy_pll_wrapper_25a56e5ce2f9_Inst/u_PH1P_PHY_PLL.clkc[1]
Type           :     Same Domain
From Clock     :     u_hdmi_pll/u_output/ph1p_phy_pll_wrapper_25a56e5ce2f9_Inst/u_PH1P_PHY_PLL.clkc[0]
To Clock       :     u_hdmi_pll/u_output/ph1p_phy_pll_wrapper_25a56e5ce2f9_Inst/u_PH1P_PHY_PLL.clkc[1]
Min Period     :     2.572ns
Fmax           :     388.803MHz

Statistics:
Max            : SWNS      0.121ns, STNS      0.000ns,         0 Viol Endpoints,        56 Total Endpoints,        56 Paths Analyzed
Min            : HWNS      0.030ns, HTNS      0.000ns,         0 Viol Endpoints,        56 Total Endpoints,        56 Paths Analyzed
----------------------------------------------------------------------------------------------------

Max Paths
----------------------------------------------------------------------------------------------------
Slack               : 0.121ns
Begin Point         : reset_sync_reg[2]_syn_5.clk (rising edge triggered by clock u_hdmi_pll/u_output/ph1p_phy_pll_wrapper_25a56e5ce2f9_Inst/u_PH1P_PHY_PLL.clkc[0]  { rise@0.000000ns  fall@6.734000ns  period=13.468000 })
End Point           : O_tmds_ch0_p_syn_2.rst (rising edge triggered by clock u_hdmi_pll/u_output/ph1p_phy_pll_wrapper_25a56e5ce2f9_Inst/u_PH1P_PHY_PLL.clkc[1]  { rise@0.000000ns  fall@1.346000ns  period=2.693000 })
Check Type          : setup
Process             : slow_m40c
Budget              : 2.693ns { u_hdmi_pll/u_output/ph1p_phy_pll_wrapper_25a56e5ce2f9_Inst/u_PH1P_PHY_PLL.clkc[1] rising@2.693ns - u_hdmi_pll/u_output/ph1p_phy_pll_wrapper_25a56e5ce2f9_Inst/u_PH1P_PHY_PLL.clkc[0] rising@0.000ns }
Data Path Delay     : 1.370ns (cell 0.624ns (45%), net 0.746ns (55%))
Clock Skew          : 0.524ns
Logic Level         : 1 ( LUT1=1 )
Max Fanout          : 27
Clock Uncertainty   : 0.103ns (sdc uncertainty: 0.000ns, default uncertainty: 0.103ns)

Delay Type          Location             Incr           Path   Level  Netlist Info
--------------------------------------------------------------------  ---------------
source latency                          0.000          0.000               
port                C4                  0.000          0.000          pin: I_sys_clk
hierarchy                               0.000          0.000          pin: I_sys_clk_syn_2.ipad
HDIO                x033y078            0.810          0.810          pin: I_sys_clk_syn_2.sg09_di
HDIO                x033y078            0.684          1.494          pin: I_sys_clk_syn_2.di
net (fo=1)          x043y079            0.115          1.609          net: I_sys_clk_dup_1,  ../../../diagnostics/hdmi_1080p30_tpg/hdmi_tpg_top.v(4)
                                                                      pin: u_hdmi_pll/u_ref/ph1p_phy_pll_wrapper_25a56e5ce2f9_Inst/u_PH1P_PHY_PLL.refclk
PLL                 x043y079            0.814          2.423          pin: u_hdmi_pll/u_ref/ph1p_phy_pll_wrapper_25a56e5ce2f9_Inst/u_PH1P_PHY_PLL.clkc[0]
net (fo=1)                              0.830          3.253          net: u_hdmi_pll/u_ref/clk0_buf,  ../../../user_source/hdl_source/native_hdmi_pll.v(32)
                                                                      pin: u_hdmi_pll/u_ref/bufg_feedback.clkin[0]
GCLK                x023y039z16         0.016          3.269          pin: u_hdmi_pll/u_ref/bufg_feedback.clkout
net (fo=1)                              0.375          3.644          net: u_hdmi_pll/u_output/ph1p_phy_pll_wrapper_25a56e5ce2f9_Inst/refclk,  ../../../user_source/ip_source/PLL/RTL/ph1p_phy_pll_wrapper_25a56e5ce2f9.v(119)
                                                                      pin: u_hdmi_pll/u_ref/bufg_feedback_auto_created_sclk_s_0_l_bk1.clkin
SCLK                x023y019z0          0.079          3.723          pin: u_hdmi_pll/u_ref/bufg_feedback_auto_created_sclk_s_0_l_bk1.clkout
net (fo=1)          x000y039            0.299          4.022          net: u_hdmi_pll/u_ref/bufg_feedback_auto_created_sclk_s_0_l_bk1_sclk_outnet,  NOFILE(0)
                                                                      pin: u_hdmi_pll/u_output/ph1p_phy_pll_wrapper_25a56e5ce2f9_Inst/u_PH1P_PHY_PLL.refclk
PLL                 x000y039            0.814          4.836          pin: u_hdmi_pll/u_output/ph1p_phy_pll_wrapper_25a56e5ce2f9_Inst/u_PH1P_PHY_PLL.clkc[0]
net (fo=1)                              0.815          5.651          net: u_hdmi_pll/u_output/clk0_buf,  ../../../user_source/hdl_source/native_hdmi_pll.v(32)
                                                                      pin: u_hdmi_pll/u_output/bufg_feedback.clkin[0]
GCLK                x023y039z0          0.016          5.667          pin: u_hdmi_pll/u_output/bufg_feedback.clkout
net (fo=4)                              0.396          6.063          net: u_core/I_pixel_clk,  ../../../user_source/hdl_source/hdmi_1_4b_transmitter_core_wrapper.enc.v(24)
                                                                      pin: u_hdmi_pll/u_output/bufg_feedback_auto_created_sclk_s_1_r_bk1.clkin
SCLK                x023y059z12         0.079          6.142          pin: u_hdmi_pll/u_output/bufg_feedback_auto_created_sclk_s_1_r_bk1.clkout
net (fo=91)                             0.637          6.779          net: u_hdmi_pll/u_output/bufg_feedback_auto_created_sclk_s_1_r_bk1_sclk_outnet,  NOFILE(0)
                                                                      pin: reset_sync_reg[2]_syn_5.clk
launch edge                             0.000    r     6.779               
--------------------------------------------------------------------  ---------------
clk2q               x041y054z2          0.137    r     6.916          pin: reset_sync_reg[2]_syn_5.oqb
net (fo=27)                             0.137          7.053          net: reset_sync[2],  ../../../diagnostics/hdmi_1080p30_tpg/hdmi_tpg_top.v(11)
                                                                      pin: reset_sync_reg[1]_syn_2.ib
LUT1                x041y054z5          0.487    r     7.540       1  pin: reset_sync_reg[1]_syn_2.ofa
net (fo=4)                              0.609          8.149          net: u_phy/u0_lane_lvds_8_1/I_rst,  ../../../user_source/hdl_source/lane_lvds_10_1.v(9)
                                                                      pin: O_tmds_ch0_p_syn_2.rst
PAD (reg)           x043y050            0.000    f     8.149               
--------------------------------------------------------------------  ---------------
Arrival                                                8.149               

source latency                          0.000          0.000               
port                C4                  0.000          0.000          pin: I_sys_clk
hierarchy                               0.000          0.000          pin: I_sys_clk_syn_2.ipad
HDIO                x033y078            0.745          0.745          pin: I_sys_clk_syn_2.sg09_di
HDIO                x033y078            0.629          1.374          pin: I_sys_clk_syn_2.di
net (fo=1)          x043y079            0.099          1.473          net: I_sys_clk_dup_1,  ../../../diagnostics/hdmi_1080p30_tpg/hdmi_tpg_top.v(4)
                                                                      pin: u_hdmi_pll/u_ref/ph1p_phy_pll_wrapper_25a56e5ce2f9_Inst/u_PH1P_PHY_PLL.refclk
PLL                 x043y079            0.703          2.176          pin: u_hdmi_pll/u_ref/ph1p_phy_pll_wrapper_25a56e5ce2f9_Inst/u_PH1P_PHY_PLL.clkc[0]
net (fo=1)                              0.711          2.887          net: u_hdmi_pll/u_ref/clk0_buf,  ../../../user_source/hdl_source/native_hdmi_pll.v(32)
                                                                      pin: u_hdmi_pll/u_ref/bufg_feedback.clkin[0]
GCLK                x023y039z16         0.014          2.901          pin: u_hdmi_pll/u_ref/bufg_feedback.clkout
net (fo=1)                              0.322          3.223          net: u_hdmi_pll/u_output/ph1p_phy_pll_wrapper_25a56e5ce2f9_Inst/refclk,  ../../../user_source/ip_source/PLL/RTL/ph1p_phy_pll_wrapper_25a56e5ce2f9.v(119)
                                                                      pin: u_hdmi_pll/u_ref/bufg_feedback_auto_created_sclk_s_0_l_bk1.clkin
SCLK                x023y019z0          0.068          3.291          pin: u_hdmi_pll/u_ref/bufg_feedback_auto_created_sclk_s_0_l_bk1.clkout
net (fo=1)          x000y039            0.255          3.546          net: u_hdmi_pll/u_ref/bufg_feedback_auto_created_sclk_s_0_l_bk1_sclk_outnet,  NOFILE(0)
                                                                      pin: u_hdmi_pll/u_output/ph1p_phy_pll_wrapper_25a56e5ce2f9_Inst/u_PH1P_PHY_PLL.refclk
PLL                 x000y039            0.708          4.254          pin: u_hdmi_pll/u_output/ph1p_phy_pll_wrapper_25a56e5ce2f9_Inst/u_PH1P_PHY_PLL.clkc[1]
net (fo=1)                              0.690          4.944          net: u_phy/u0_lane_lvds_8_1/I_serial_clk,  ../../../user_source/hdl_source/lane_lvds_10_1.v(8)
                                                                      pin: u_phy/u0_lane_lvds_8_1/I_serial_clk_created_gclkinst.clkin[0]
GCLK                x023y039z1          0.014          4.958          pin: u_phy/u0_lane_lvds_8_1/I_serial_clk_created_gclkinst.clkout
net (fo=1)                              0.339          5.297          net: u_phy/u0_lane_lvds_8_1/I_serial_clk_syn_1,  ../../../user_source/hdl_source/lane_lvds_10_1.v(8)
                                                                      pin: u_phy/u0_lane_lvds_8_1/I_serial_clk_created_gclkinst_auto_created_sclk_s_1_r_bk2.clkin
SCLK                x023y059z13         0.068          5.365          pin: u_phy/u0_lane_lvds_8_1/I_serial_clk_created_gclkinst_auto_created_sclk_s_1_r_bk2.clkout
net (fo=36)                             0.414          5.779          net: u_phy/u0_lane_lvds_8_1/I_serial_clk_created_gclkinst_auto_created_sclk_s_1_r_bk2_sclk_outnet,  NOFILE(0)
                                                                      pin: O_tmds_ch0_p_syn_2.osclk
capture edge                            2.693    r     8.472               
--------------------------------------------------------------------  ---------------
setup                                  -0.575          7.897               
clock uncertainty                      -0.103          7.794               
clock pessimism                         0.476          8.270               
--------------------------------------------------------------------  ---------------
Required                                               8.270               
--------------------------------------------------------------------  ---------------
Slack                                                  0.121               

Slack               : 0.213ns
Begin Point         : reset_sync_reg[2]_syn_5.clk (rising edge triggered by clock u_hdmi_pll/u_output/ph1p_phy_pll_wrapper_25a56e5ce2f9_Inst/u_PH1P_PHY_PLL.clkc[0]  { rise@0.000000ns  fall@6.734000ns  period=13.468000 })
End Point           : O_tmds_ch2_p_syn_2.rst (rising edge triggered by clock u_hdmi_pll/u_output/ph1p_phy_pll_wrapper_25a56e5ce2f9_Inst/u_PH1P_PHY_PLL.clkc[1]  { rise@0.000000ns  fall@1.346000ns  period=2.693000 })
Check Type          : setup
Process             : slow_m40c
Budget              : 2.693ns { u_hdmi_pll/u_output/ph1p_phy_pll_wrapper_25a56e5ce2f9_Inst/u_PH1P_PHY_PLL.clkc[1] rising@2.693ns - u_hdmi_pll/u_output/ph1p_phy_pll_wrapper_25a56e5ce2f9_Inst/u_PH1P_PHY_PLL.clkc[0] rising@0.000ns }
Data Path Delay     : 1.278ns (cell 0.624ns (48%), net 0.654ns (52%))
Clock Skew          : 0.524ns
Logic Level         : 1 ( LUT1=1 )
Max Fanout          : 27
Clock Uncertainty   : 0.103ns (sdc uncertainty: 0.000ns, default uncertainty: 0.103ns)

Delay Type          Location             Incr           Path   Level  Netlist Info
--------------------------------------------------------------------  ---------------
source latency                          0.000          0.000               
port                C4                  0.000          0.000          pin: I_sys_clk
hierarchy                               0.000          0.000          pin: I_sys_clk_syn_2.ipad
HDIO                x033y078            0.810          0.810          pin: I_sys_clk_syn_2.sg09_di
HDIO                x033y078            0.684          1.494          pin: I_sys_clk_syn_2.di
net (fo=1)          x043y079            0.115          1.609          net: I_sys_clk_dup_1,  ../../../diagnostics/hdmi_1080p30_tpg/hdmi_tpg_top.v(4)
                                                                      pin: u_hdmi_pll/u_ref/ph1p_phy_pll_wrapper_25a56e5ce2f9_Inst/u_PH1P_PHY_PLL.refclk
PLL                 x043y079            0.814          2.423          pin: u_hdmi_pll/u_ref/ph1p_phy_pll_wrapper_25a56e5ce2f9_Inst/u_PH1P_PHY_PLL.clkc[0]
net (fo=1)                              0.830          3.253          net: u_hdmi_pll/u_ref/clk0_buf,  ../../../user_source/hdl_source/native_hdmi_pll.v(32)
                                                                      pin: u_hdmi_pll/u_ref/bufg_feedback.clkin[0]
GCLK                x023y039z16         0.016          3.269          pin: u_hdmi_pll/u_ref/bufg_feedback.clkout
net (fo=1)                              0.375          3.644          net: u_hdmi_pll/u_output/ph1p_phy_pll_wrapper_25a56e5ce2f9_Inst/refclk,  ../../../user_source/ip_source/PLL/RTL/ph1p_phy_pll_wrapper_25a56e5ce2f9.v(119)
                                                                      pin: u_hdmi_pll/u_ref/bufg_feedback_auto_created_sclk_s_0_l_bk1.clkin
SCLK                x023y019z0          0.079          3.723          pin: u_hdmi_pll/u_ref/bufg_feedback_auto_created_sclk_s_0_l_bk1.clkout
net (fo=1)          x000y039            0.299          4.022          net: u_hdmi_pll/u_ref/bufg_feedback_auto_created_sclk_s_0_l_bk1_sclk_outnet,  NOFILE(0)
                                                                      pin: u_hdmi_pll/u_output/ph1p_phy_pll_wrapper_25a56e5ce2f9_Inst/u_PH1P_PHY_PLL.refclk
PLL                 x000y039            0.814          4.836          pin: u_hdmi_pll/u_output/ph1p_phy_pll_wrapper_25a56e5ce2f9_Inst/u_PH1P_PHY_PLL.clkc[0]
net (fo=1)                              0.815          5.651          net: u_hdmi_pll/u_output/clk0_buf,  ../../../user_source/hdl_source/native_hdmi_pll.v(32)
                                                                      pin: u_hdmi_pll/u_output/bufg_feedback.clkin[0]
GCLK                x023y039z0          0.016          5.667          pin: u_hdmi_pll/u_output/bufg_feedback.clkout
net (fo=4)                              0.396          6.063          net: u_core/I_pixel_clk,  ../../../user_source/hdl_source/hdmi_1_4b_transmitter_core_wrapper.enc.v(24)
                                                                      pin: u_hdmi_pll/u_output/bufg_feedback_auto_created_sclk_s_1_r_bk1.clkin
SCLK                x023y059z12         0.079          6.142          pin: u_hdmi_pll/u_output/bufg_feedback_auto_created_sclk_s_1_r_bk1.clkout
net (fo=91)                             0.637          6.779          net: u_hdmi_pll/u_output/bufg_feedback_auto_created_sclk_s_1_r_bk1_sclk_outnet,  NOFILE(0)
                                                                      pin: reset_sync_reg[2]_syn_5.clk
launch edge                             0.000    r     6.779               
--------------------------------------------------------------------  ---------------
clk2q               x041y054z2          0.137    r     6.916          pin: reset_sync_reg[2]_syn_5.oqb
net (fo=27)                             0.137          7.053          net: reset_sync[2],  ../../../diagnostics/hdmi_1080p30_tpg/hdmi_tpg_top.v(11)
                                                                      pin: reset_sync_reg[1]_syn_2.ib
LUT1                x041y054z5          0.487    r     7.540       1  pin: reset_sync_reg[1]_syn_2.ofa
net (fo=4)                              0.517          8.057          net: u_phy/u0_lane_lvds_8_1/I_rst,  ../../../user_source/hdl_source/lane_lvds_10_1.v(9)
                                                                      pin: O_tmds_ch2_p_syn_2.rst
PAD (reg)           x043y053            0.000    f     8.057               
--------------------------------------------------------------------  ---------------
Arrival                                                8.057               

source latency                          0.000          0.000               
port                C4                  0.000          0.000          pin: I_sys_clk
hierarchy                               0.000          0.000          pin: I_sys_clk_syn_2.ipad
HDIO                x033y078            0.745          0.745          pin: I_sys_clk_syn_2.sg09_di
HDIO                x033y078            0.629          1.374          pin: I_sys_clk_syn_2.di
net (fo=1)          x043y079            0.099          1.473          net: I_sys_clk_dup_1,  ../../../diagnostics/hdmi_1080p30_tpg/hdmi_tpg_top.v(4)
                                                                      pin: u_hdmi_pll/u_ref/ph1p_phy_pll_wrapper_25a56e5ce2f9_Inst/u_PH1P_PHY_PLL.refclk
PLL                 x043y079            0.703          2.176          pin: u_hdmi_pll/u_ref/ph1p_phy_pll_wrapper_25a56e5ce2f9_Inst/u_PH1P_PHY_PLL.clkc[0]
net (fo=1)                              0.711          2.887          net: u_hdmi_pll/u_ref/clk0_buf,  ../../../user_source/hdl_source/native_hdmi_pll.v(32)
                                                                      pin: u_hdmi_pll/u_ref/bufg_feedback.clkin[0]
GCLK                x023y039z16         0.014          2.901          pin: u_hdmi_pll/u_ref/bufg_feedback.clkout
net (fo=1)                              0.322          3.223          net: u_hdmi_pll/u_output/ph1p_phy_pll_wrapper_25a56e5ce2f9_Inst/refclk,  ../../../user_source/ip_source/PLL/RTL/ph1p_phy_pll_wrapper_25a56e5ce2f9.v(119)
                                                                      pin: u_hdmi_pll/u_ref/bufg_feedback_auto_created_sclk_s_0_l_bk1.clkin
SCLK                x023y019z0          0.068          3.291          pin: u_hdmi_pll/u_ref/bufg_feedback_auto_created_sclk_s_0_l_bk1.clkout
net (fo=1)          x000y039            0.255          3.546          net: u_hdmi_pll/u_ref/bufg_feedback_auto_created_sclk_s_0_l_bk1_sclk_outnet,  NOFILE(0)
                                                                      pin: u_hdmi_pll/u_output/ph1p_phy_pll_wrapper_25a56e5ce2f9_Inst/u_PH1P_PHY_PLL.refclk
PLL                 x000y039            0.708          4.254          pin: u_hdmi_pll/u_output/ph1p_phy_pll_wrapper_25a56e5ce2f9_Inst/u_PH1P_PHY_PLL.clkc[1]
net (fo=1)                              0.690          4.944          net: u_phy/u0_lane_lvds_8_1/I_serial_clk,  ../../../user_source/hdl_source/lane_lvds_10_1.v(8)
                                                                      pin: u_phy/u0_lane_lvds_8_1/I_serial_clk_created_gclkinst.clkin[0]
GCLK                x023y039z1          0.014          4.958          pin: u_phy/u0_lane_lvds_8_1/I_serial_clk_created_gclkinst.clkout
net (fo=1)                              0.339          5.297          net: u_phy/u0_lane_lvds_8_1/I_serial_clk_syn_1,  ../../../user_source/hdl_source/lane_lvds_10_1.v(8)
                                                                      pin: u_phy/u0_lane_lvds_8_1/I_serial_clk_created_gclkinst_auto_created_sclk_s_1_r_bk2.clkin
SCLK                x023y059z13         0.068          5.365          pin: u_phy/u0_lane_lvds_8_1/I_serial_clk_created_gclkinst_auto_created_sclk_s_1_r_bk2.clkout
net (fo=36)                             0.414          5.779          net: u_phy/u0_lane_lvds_8_1/I_serial_clk_created_gclkinst_auto_created_sclk_s_1_r_bk2_sclk_outnet,  NOFILE(0)
                                                                      pin: O_tmds_ch2_p_syn_2.osclk
capture edge                            2.693    r     8.472               
--------------------------------------------------------------------  ---------------
setup                                  -0.575          7.897               
clock uncertainty                      -0.103          7.794               
clock pessimism                         0.476          8.270               
--------------------------------------------------------------------  ---------------
Required                                               8.270               
--------------------------------------------------------------------  ---------------
Slack                                                  0.213               

Slack               : 0.213ns
Begin Point         : reset_sync_reg[2]_syn_5.clk (rising edge triggered by clock u_hdmi_pll/u_output/ph1p_phy_pll_wrapper_25a56e5ce2f9_Inst/u_PH1P_PHY_PLL.clkc[0]  { rise@0.000000ns  fall@6.734000ns  period=13.468000 })
End Point           : O_tmds_clk_p_syn_2.rst (rising edge triggered by clock u_hdmi_pll/u_output/ph1p_phy_pll_wrapper_25a56e5ce2f9_Inst/u_PH1P_PHY_PLL.clkc[1]  { rise@0.000000ns  fall@1.346000ns  period=2.693000 })
Check Type          : setup
Process             : slow_m40c
Budget              : 2.693ns { u_hdmi_pll/u_output/ph1p_phy_pll_wrapper_25a56e5ce2f9_Inst/u_PH1P_PHY_PLL.clkc[1] rising@2.693ns - u_hdmi_pll/u_output/ph1p_phy_pll_wrapper_25a56e5ce2f9_Inst/u_PH1P_PHY_PLL.clkc[0] rising@0.000ns }
Data Path Delay     : 1.278ns (cell 0.624ns (48%), net 0.654ns (52%))
Clock Skew          : 0.524ns
Logic Level         : 1 ( LUT1=1 )
Max Fanout          : 27
Clock Uncertainty   : 0.103ns (sdc uncertainty: 0.000ns, default uncertainty: 0.103ns)

Delay Type          Location             Incr           Path   Level  Netlist Info
--------------------------------------------------------------------  ---------------
source latency                          0.000          0.000               
port                C4                  0.000          0.000          pin: I_sys_clk
hierarchy                               0.000          0.000          pin: I_sys_clk_syn_2.ipad
HDIO                x033y078            0.810          0.810          pin: I_sys_clk_syn_2.sg09_di
HDIO                x033y078            0.684          1.494          pin: I_sys_clk_syn_2.di
net (fo=1)          x043y079            0.115          1.609          net: I_sys_clk_dup_1,  ../../../diagnostics/hdmi_1080p30_tpg/hdmi_tpg_top.v(4)
                                                                      pin: u_hdmi_pll/u_ref/ph1p_phy_pll_wrapper_25a56e5ce2f9_Inst/u_PH1P_PHY_PLL.refclk
PLL                 x043y079            0.814          2.423          pin: u_hdmi_pll/u_ref/ph1p_phy_pll_wrapper_25a56e5ce2f9_Inst/u_PH1P_PHY_PLL.clkc[0]
net (fo=1)                              0.830          3.253          net: u_hdmi_pll/u_ref/clk0_buf,  ../../../user_source/hdl_source/native_hdmi_pll.v(32)
                                                                      pin: u_hdmi_pll/u_ref/bufg_feedback.clkin[0]
GCLK                x023y039z16         0.016          3.269          pin: u_hdmi_pll/u_ref/bufg_feedback.clkout
net (fo=1)                              0.375          3.644          net: u_hdmi_pll/u_output/ph1p_phy_pll_wrapper_25a56e5ce2f9_Inst/refclk,  ../../../user_source/ip_source/PLL/RTL/ph1p_phy_pll_wrapper_25a56e5ce2f9.v(119)
                                                                      pin: u_hdmi_pll/u_ref/bufg_feedback_auto_created_sclk_s_0_l_bk1.clkin
SCLK                x023y019z0          0.079          3.723          pin: u_hdmi_pll/u_ref/bufg_feedback_auto_created_sclk_s_0_l_bk1.clkout
net (fo=1)          x000y039            0.299          4.022          net: u_hdmi_pll/u_ref/bufg_feedback_auto_created_sclk_s_0_l_bk1_sclk_outnet,  NOFILE(0)
                                                                      pin: u_hdmi_pll/u_output/ph1p_phy_pll_wrapper_25a56e5ce2f9_Inst/u_PH1P_PHY_PLL.refclk
PLL                 x000y039            0.814          4.836          pin: u_hdmi_pll/u_output/ph1p_phy_pll_wrapper_25a56e5ce2f9_Inst/u_PH1P_PHY_PLL.clkc[0]
net (fo=1)                              0.815          5.651          net: u_hdmi_pll/u_output/clk0_buf,  ../../../user_source/hdl_source/native_hdmi_pll.v(32)
                                                                      pin: u_hdmi_pll/u_output/bufg_feedback.clkin[0]
GCLK                x023y039z0          0.016          5.667          pin: u_hdmi_pll/u_output/bufg_feedback.clkout
net (fo=4)                              0.396          6.063          net: u_core/I_pixel_clk,  ../../../user_source/hdl_source/hdmi_1_4b_transmitter_core_wrapper.enc.v(24)
                                                                      pin: u_hdmi_pll/u_output/bufg_feedback_auto_created_sclk_s_1_r_bk1.clkin
SCLK                x023y059z12         0.079          6.142          pin: u_hdmi_pll/u_output/bufg_feedback_auto_created_sclk_s_1_r_bk1.clkout
net (fo=91)                             0.637          6.779          net: u_hdmi_pll/u_output/bufg_feedback_auto_created_sclk_s_1_r_bk1_sclk_outnet,  NOFILE(0)
                                                                      pin: reset_sync_reg[2]_syn_5.clk
launch edge                             0.000    r     6.779               
--------------------------------------------------------------------  ---------------
clk2q               x041y054z2          0.137    r     6.916          pin: reset_sync_reg[2]_syn_5.oqb
net (fo=27)                             0.137          7.053          net: reset_sync[2],  ../../../diagnostics/hdmi_1080p30_tpg/hdmi_tpg_top.v(11)
                                                                      pin: reset_sync_reg[1]_syn_2.ib
LUT1                x041y054z5          0.487    r     7.540       1  pin: reset_sync_reg[1]_syn_2.ofa
net (fo=4)                              0.517          8.057          net: u_phy/u0_lane_lvds_8_1/I_rst,  ../../../user_source/hdl_source/lane_lvds_10_1.v(9)
                                                                      pin: O_tmds_clk_p_syn_2.rst
PAD (reg)           x043y056            0.000    f     8.057               
--------------------------------------------------------------------  ---------------
Arrival                                                8.057               

source latency                          0.000          0.000               
port                C4                  0.000          0.000          pin: I_sys_clk
hierarchy                               0.000          0.000          pin: I_sys_clk_syn_2.ipad
HDIO                x033y078            0.745          0.745          pin: I_sys_clk_syn_2.sg09_di
HDIO                x033y078            0.629          1.374          pin: I_sys_clk_syn_2.di
net (fo=1)          x043y079            0.099          1.473          net: I_sys_clk_dup_1,  ../../../diagnostics/hdmi_1080p30_tpg/hdmi_tpg_top.v(4)
                                                                      pin: u_hdmi_pll/u_ref/ph1p_phy_pll_wrapper_25a56e5ce2f9_Inst/u_PH1P_PHY_PLL.refclk
PLL                 x043y079            0.703          2.176          pin: u_hdmi_pll/u_ref/ph1p_phy_pll_wrapper_25a56e5ce2f9_Inst/u_PH1P_PHY_PLL.clkc[0]
net (fo=1)                              0.711          2.887          net: u_hdmi_pll/u_ref/clk0_buf,  ../../../user_source/hdl_source/native_hdmi_pll.v(32)
                                                                      pin: u_hdmi_pll/u_ref/bufg_feedback.clkin[0]
GCLK                x023y039z16         0.014          2.901          pin: u_hdmi_pll/u_ref/bufg_feedback.clkout
net (fo=1)                              0.322          3.223          net: u_hdmi_pll/u_output/ph1p_phy_pll_wrapper_25a56e5ce2f9_Inst/refclk,  ../../../user_source/ip_source/PLL/RTL/ph1p_phy_pll_wrapper_25a56e5ce2f9.v(119)
                                                                      pin: u_hdmi_pll/u_ref/bufg_feedback_auto_created_sclk_s_0_l_bk1.clkin
SCLK                x023y019z0          0.068          3.291          pin: u_hdmi_pll/u_ref/bufg_feedback_auto_created_sclk_s_0_l_bk1.clkout
net (fo=1)          x000y039            0.255          3.546          net: u_hdmi_pll/u_ref/bufg_feedback_auto_created_sclk_s_0_l_bk1_sclk_outnet,  NOFILE(0)
                                                                      pin: u_hdmi_pll/u_output/ph1p_phy_pll_wrapper_25a56e5ce2f9_Inst/u_PH1P_PHY_PLL.refclk
PLL                 x000y039            0.708          4.254          pin: u_hdmi_pll/u_output/ph1p_phy_pll_wrapper_25a56e5ce2f9_Inst/u_PH1P_PHY_PLL.clkc[1]
net (fo=1)                              0.690          4.944          net: u_phy/u0_lane_lvds_8_1/I_serial_clk,  ../../../user_source/hdl_source/lane_lvds_10_1.v(8)
                                                                      pin: u_phy/u0_lane_lvds_8_1/I_serial_clk_created_gclkinst.clkin[0]
GCLK                x023y039z1          0.014          4.958          pin: u_phy/u0_lane_lvds_8_1/I_serial_clk_created_gclkinst.clkout
net (fo=1)                              0.339          5.297          net: u_phy/u0_lane_lvds_8_1/I_serial_clk_syn_1,  ../../../user_source/hdl_source/lane_lvds_10_1.v(8)
                                                                      pin: u_phy/u0_lane_lvds_8_1/I_serial_clk_created_gclkinst_auto_created_sclk_s_1_r_bk2.clkin
SCLK                x023y059z13         0.068          5.365          pin: u_phy/u0_lane_lvds_8_1/I_serial_clk_created_gclkinst_auto_created_sclk_s_1_r_bk2.clkout
net (fo=36)                             0.414          5.779          net: u_phy/u0_lane_lvds_8_1/I_serial_clk_created_gclkinst_auto_created_sclk_s_1_r_bk2_sclk_outnet,  NOFILE(0)
                                                                      pin: O_tmds_clk_p_syn_2.osclk
capture edge                            2.693    r     8.472               
--------------------------------------------------------------------  ---------------
setup                                  -0.575          7.897               
clock uncertainty                      -0.103          7.794               
clock pessimism                         0.476          8.270               
--------------------------------------------------------------------  ---------------
Required                                               8.270               
--------------------------------------------------------------------  ---------------
Slack                                                  0.213               

Slack               : 0.233ns
Begin Point         : reset_sync_reg[2]_syn_5.clk (rising edge triggered by clock u_hdmi_pll/u_output/ph1p_phy_pll_wrapper_25a56e5ce2f9_Inst/u_PH1P_PHY_PLL.clkc[0]  { rise@0.000000ns  fall@6.734000ns  period=13.468000 })
End Point           : O_tmds_ch1_p_syn_2.rst (rising edge triggered by clock u_hdmi_pll/u_output/ph1p_phy_pll_wrapper_25a56e5ce2f9_Inst/u_PH1P_PHY_PLL.clkc[1]  { rise@0.000000ns  fall@1.346000ns  period=2.693000 })
Check Type          : setup
Process             : slow_m40c
Budget              : 2.693ns { u_hdmi_pll/u_output/ph1p_phy_pll_wrapper_25a56e5ce2f9_Inst/u_PH1P_PHY_PLL.clkc[1] rising@2.693ns - u_hdmi_pll/u_output/ph1p_phy_pll_wrapper_25a56e5ce2f9_Inst/u_PH1P_PHY_PLL.clkc[0] rising@0.000ns }
Data Path Delay     : 1.258ns (cell 0.624ns (49%), net 0.634ns (51%))
Clock Skew          : 0.524ns
Logic Level         : 1 ( LUT1=1 )
Max Fanout          : 27
Clock Uncertainty   : 0.103ns (sdc uncertainty: 0.000ns, default uncertainty: 0.103ns)

Delay Type          Location             Incr           Path   Level  Netlist Info
--------------------------------------------------------------------  ---------------
source latency                          0.000          0.000               
port                C4                  0.000          0.000          pin: I_sys_clk
hierarchy                               0.000          0.000          pin: I_sys_clk_syn_2.ipad
HDIO                x033y078            0.810          0.810          pin: I_sys_clk_syn_2.sg09_di
HDIO                x033y078            0.684          1.494          pin: I_sys_clk_syn_2.di
net (fo=1)          x043y079            0.115          1.609          net: I_sys_clk_dup_1,  ../../../diagnostics/hdmi_1080p30_tpg/hdmi_tpg_top.v(4)
                                                                      pin: u_hdmi_pll/u_ref/ph1p_phy_pll_wrapper_25a56e5ce2f9_Inst/u_PH1P_PHY_PLL.refclk
PLL                 x043y079            0.814          2.423          pin: u_hdmi_pll/u_ref/ph1p_phy_pll_wrapper_25a56e5ce2f9_Inst/u_PH1P_PHY_PLL.clkc[0]
net (fo=1)                              0.830          3.253          net: u_hdmi_pll/u_ref/clk0_buf,  ../../../user_source/hdl_source/native_hdmi_pll.v(32)
                                                                      pin: u_hdmi_pll/u_ref/bufg_feedback.clkin[0]
GCLK                x023y039z16         0.016          3.269          pin: u_hdmi_pll/u_ref/bufg_feedback.clkout
net (fo=1)                              0.375          3.644          net: u_hdmi_pll/u_output/ph1p_phy_pll_wrapper_25a56e5ce2f9_Inst/refclk,  ../../../user_source/ip_source/PLL/RTL/ph1p_phy_pll_wrapper_25a56e5ce2f9.v(119)
                                                                      pin: u_hdmi_pll/u_ref/bufg_feedback_auto_created_sclk_s_0_l_bk1.clkin
SCLK                x023y019z0          0.079          3.723          pin: u_hdmi_pll/u_ref/bufg_feedback_auto_created_sclk_s_0_l_bk1.clkout
net (fo=1)          x000y039            0.299          4.022          net: u_hdmi_pll/u_ref/bufg_feedback_auto_created_sclk_s_0_l_bk1_sclk_outnet,  NOFILE(0)
                                                                      pin: u_hdmi_pll/u_output/ph1p_phy_pll_wrapper_25a56e5ce2f9_Inst/u_PH1P_PHY_PLL.refclk
PLL                 x000y039            0.814          4.836          pin: u_hdmi_pll/u_output/ph1p_phy_pll_wrapper_25a56e5ce2f9_Inst/u_PH1P_PHY_PLL.clkc[0]
net (fo=1)                              0.815          5.651          net: u_hdmi_pll/u_output/clk0_buf,  ../../../user_source/hdl_source/native_hdmi_pll.v(32)
                                                                      pin: u_hdmi_pll/u_output/bufg_feedback.clkin[0]
GCLK                x023y039z0          0.016          5.667          pin: u_hdmi_pll/u_output/bufg_feedback.clkout
net (fo=4)                              0.396          6.063          net: u_core/I_pixel_clk,  ../../../user_source/hdl_source/hdmi_1_4b_transmitter_core_wrapper.enc.v(24)
                                                                      pin: u_hdmi_pll/u_output/bufg_feedback_auto_created_sclk_s_1_r_bk1.clkin
SCLK                x023y059z12         0.079          6.142          pin: u_hdmi_pll/u_output/bufg_feedback_auto_created_sclk_s_1_r_bk1.clkout
net (fo=91)                             0.637          6.779          net: u_hdmi_pll/u_output/bufg_feedback_auto_created_sclk_s_1_r_bk1_sclk_outnet,  NOFILE(0)
                                                                      pin: reset_sync_reg[2]_syn_5.clk
launch edge                             0.000    r     6.779               
--------------------------------------------------------------------  ---------------
clk2q               x041y054z2          0.137    r     6.916          pin: reset_sync_reg[2]_syn_5.oqb
net (fo=27)                             0.137          7.053          net: reset_sync[2],  ../../../diagnostics/hdmi_1080p30_tpg/hdmi_tpg_top.v(11)
                                                                      pin: reset_sync_reg[1]_syn_2.ib
LUT1                x041y054z5          0.487    r     7.540       1  pin: reset_sync_reg[1]_syn_2.ofa
net (fo=4)                              0.497          8.037          net: u_phy/u0_lane_lvds_8_1/I_rst,  ../../../user_source/hdl_source/lane_lvds_10_1.v(9)
                                                                      pin: O_tmds_ch1_p_syn_2.rst
PAD (reg)           x043y053            0.000    f     8.037               
--------------------------------------------------------------------  ---------------
Arrival                                                8.037               

source latency                          0.000          0.000               
port                C4                  0.000          0.000          pin: I_sys_clk
hierarchy                               0.000          0.000          pin: I_sys_clk_syn_2.ipad
HDIO                x033y078            0.745          0.745          pin: I_sys_clk_syn_2.sg09_di
HDIO                x033y078            0.629          1.374          pin: I_sys_clk_syn_2.di
net (fo=1)          x043y079            0.099          1.473          net: I_sys_clk_dup_1,  ../../../diagnostics/hdmi_1080p30_tpg/hdmi_tpg_top.v(4)
                                                                      pin: u_hdmi_pll/u_ref/ph1p_phy_pll_wrapper_25a56e5ce2f9_Inst/u_PH1P_PHY_PLL.refclk
PLL                 x043y079            0.703          2.176          pin: u_hdmi_pll/u_ref/ph1p_phy_pll_wrapper_25a56e5ce2f9_Inst/u_PH1P_PHY_PLL.clkc[0]
net (fo=1)                              0.711          2.887          net: u_hdmi_pll/u_ref/clk0_buf,  ../../../user_source/hdl_source/native_hdmi_pll.v(32)
                                                                      pin: u_hdmi_pll/u_ref/bufg_feedback.clkin[0]
GCLK                x023y039z16         0.014          2.901          pin: u_hdmi_pll/u_ref/bufg_feedback.clkout
net (fo=1)                              0.322          3.223          net: u_hdmi_pll/u_output/ph1p_phy_pll_wrapper_25a56e5ce2f9_Inst/refclk,  ../../../user_source/ip_source/PLL/RTL/ph1p_phy_pll_wrapper_25a56e5ce2f9.v(119)
                                                                      pin: u_hdmi_pll/u_ref/bufg_feedback_auto_created_sclk_s_0_l_bk1.clkin
SCLK                x023y019z0          0.068          3.291          pin: u_hdmi_pll/u_ref/bufg_feedback_auto_created_sclk_s_0_l_bk1.clkout
net (fo=1)          x000y039            0.255          3.546          net: u_hdmi_pll/u_ref/bufg_feedback_auto_created_sclk_s_0_l_bk1_sclk_outnet,  NOFILE(0)
                                                                      pin: u_hdmi_pll/u_output/ph1p_phy_pll_wrapper_25a56e5ce2f9_Inst/u_PH1P_PHY_PLL.refclk
PLL                 x000y039            0.708          4.254          pin: u_hdmi_pll/u_output/ph1p_phy_pll_wrapper_25a56e5ce2f9_Inst/u_PH1P_PHY_PLL.clkc[1]
net (fo=1)                              0.690          4.944          net: u_phy/u0_lane_lvds_8_1/I_serial_clk,  ../../../user_source/hdl_source/lane_lvds_10_1.v(8)
                                                                      pin: u_phy/u0_lane_lvds_8_1/I_serial_clk_created_gclkinst.clkin[0]
GCLK                x023y039z1          0.014          4.958          pin: u_phy/u0_lane_lvds_8_1/I_serial_clk_created_gclkinst.clkout
net (fo=1)                              0.339          5.297          net: u_phy/u0_lane_lvds_8_1/I_serial_clk_syn_1,  ../../../user_source/hdl_source/lane_lvds_10_1.v(8)
                                                                      pin: u_phy/u0_lane_lvds_8_1/I_serial_clk_created_gclkinst_auto_created_sclk_s_1_r_bk2.clkin
SCLK                x023y059z13         0.068          5.365          pin: u_phy/u0_lane_lvds_8_1/I_serial_clk_created_gclkinst_auto_created_sclk_s_1_r_bk2.clkout
net (fo=36)                             0.414          5.779          net: u_phy/u0_lane_lvds_8_1/I_serial_clk_created_gclkinst_auto_created_sclk_s_1_r_bk2_sclk_outnet,  NOFILE(0)
                                                                      pin: O_tmds_ch1_p_syn_2.osclk
capture edge                            2.693    r     8.472               
--------------------------------------------------------------------  ---------------
setup                                  -0.575          7.897               
clock uncertainty                      -0.103          7.794               
clock pessimism                         0.476          8.270               
--------------------------------------------------------------------  ---------------
Required                                               8.270               
--------------------------------------------------------------------  ---------------
Slack                                                  0.233               

Slack               : 0.243ns
Begin Point         : reset_sync_reg[2]_syn_5.clk (rising edge triggered by clock u_hdmi_pll/u_output/ph1p_phy_pll_wrapper_25a56e5ce2f9_Inst/u_PH1P_PHY_PLL.clkc[0]  { rise@0.000000ns  fall@6.734000ns  period=13.468000 })
End Point           : O_tmds_ch0_p_syn_2.rst (rising edge triggered by clock u_hdmi_pll/u_output/ph1p_phy_pll_wrapper_25a56e5ce2f9_Inst/u_PH1P_PHY_PLL.clkc[1]  { rise@0.000000ns  fall@1.346000ns  period=2.693000 })
Check Type          : setup
Process             : slow_m40c
Budget              : 2.693ns { u_hdmi_pll/u_output/ph1p_phy_pll_wrapper_25a56e5ce2f9_Inst/u_PH1P_PHY_PLL.clkc[1] rising@2.693ns - u_hdmi_pll/u_output/ph1p_phy_pll_wrapper_25a56e5ce2f9_Inst/u_PH1P_PHY_PLL.clkc[0] rising@0.000ns }
Data Path Delay     : 1.370ns (cell 0.624ns (45%), net 0.746ns (55%))
Clock Skew          : 0.524ns
Logic Level         : 1 ( LUT1=1 )
Max Fanout          : 27
Clock Uncertainty   : 0.103ns (sdc uncertainty: 0.000ns, default uncertainty: 0.103ns)

Delay Type          Location             Incr           Path   Level  Netlist Info
--------------------------------------------------------------------  ---------------
source latency                          0.000          0.000               
port                C4                  0.000          0.000          pin: I_sys_clk
hierarchy                               0.000          0.000          pin: I_sys_clk_syn_2.ipad
HDIO                x033y078            0.810          0.810          pin: I_sys_clk_syn_2.sg09_di
HDIO                x033y078            0.684          1.494          pin: I_sys_clk_syn_2.di
net (fo=1)          x043y079            0.115          1.609          net: I_sys_clk_dup_1,  ../../../diagnostics/hdmi_1080p30_tpg/hdmi_tpg_top.v(4)
                                                                      pin: u_hdmi_pll/u_ref/ph1p_phy_pll_wrapper_25a56e5ce2f9_Inst/u_PH1P_PHY_PLL.refclk
PLL                 x043y079            0.814          2.423          pin: u_hdmi_pll/u_ref/ph1p_phy_pll_wrapper_25a56e5ce2f9_Inst/u_PH1P_PHY_PLL.clkc[0]
net (fo=1)                              0.830          3.253          net: u_hdmi_pll/u_ref/clk0_buf,  ../../../user_source/hdl_source/native_hdmi_pll.v(32)
                                                                      pin: u_hdmi_pll/u_ref/bufg_feedback.clkin[0]
GCLK                x023y039z16         0.016          3.269          pin: u_hdmi_pll/u_ref/bufg_feedback.clkout
net (fo=1)                              0.375          3.644          net: u_hdmi_pll/u_output/ph1p_phy_pll_wrapper_25a56e5ce2f9_Inst/refclk,  ../../../user_source/ip_source/PLL/RTL/ph1p_phy_pll_wrapper_25a56e5ce2f9.v(119)
                                                                      pin: u_hdmi_pll/u_ref/bufg_feedback_auto_created_sclk_s_0_l_bk1.clkin
SCLK                x023y019z0          0.079          3.723          pin: u_hdmi_pll/u_ref/bufg_feedback_auto_created_sclk_s_0_l_bk1.clkout
net (fo=1)          x000y039            0.299          4.022          net: u_hdmi_pll/u_ref/bufg_feedback_auto_created_sclk_s_0_l_bk1_sclk_outnet,  NOFILE(0)
                                                                      pin: u_hdmi_pll/u_output/ph1p_phy_pll_wrapper_25a56e5ce2f9_Inst/u_PH1P_PHY_PLL.refclk
PLL                 x000y039            0.814          4.836          pin: u_hdmi_pll/u_output/ph1p_phy_pll_wrapper_25a56e5ce2f9_Inst/u_PH1P_PHY_PLL.clkc[0]
net (fo=1)                              0.815          5.651          net: u_hdmi_pll/u_output/clk0_buf,  ../../../user_source/hdl_source/native_hdmi_pll.v(32)
                                                                      pin: u_hdmi_pll/u_output/bufg_feedback.clkin[0]
GCLK                x023y039z0          0.016          5.667          pin: u_hdmi_pll/u_output/bufg_feedback.clkout
net (fo=4)                              0.396          6.063          net: u_core/I_pixel_clk,  ../../../user_source/hdl_source/hdmi_1_4b_transmitter_core_wrapper.enc.v(24)
                                                                      pin: u_hdmi_pll/u_output/bufg_feedback_auto_created_sclk_s_1_r_bk1.clkin
SCLK                x023y059z12         0.079          6.142          pin: u_hdmi_pll/u_output/bufg_feedback_auto_created_sclk_s_1_r_bk1.clkout
net (fo=91)                             0.637          6.779          net: u_hdmi_pll/u_output/bufg_feedback_auto_created_sclk_s_1_r_bk1_sclk_outnet,  NOFILE(0)
                                                                      pin: reset_sync_reg[2]_syn_5.clk
launch edge                             0.000    r     6.779               
--------------------------------------------------------------------  ---------------
clk2q               x041y054z2          0.137    r     6.916          pin: reset_sync_reg[2]_syn_5.oqb
net (fo=27)                             0.137          7.053          net: reset_sync[2],  ../../../diagnostics/hdmi_1080p30_tpg/hdmi_tpg_top.v(11)
                                                                      pin: reset_sync_reg[1]_syn_2.ib
LUT1                x041y054z5          0.487    r     7.540       1  pin: reset_sync_reg[1]_syn_2.ofa
net (fo=4)                              0.609          8.149          net: u_phy/u0_lane_lvds_8_1/I_rst,  ../../../user_source/hdl_source/lane_lvds_10_1.v(9)
                                                                      pin: O_tmds_ch0_p_syn_2.rst
PAD (reg)           x043y050            0.000    f     8.149               
--------------------------------------------------------------------  ---------------
Arrival                                                8.149               

source latency                          0.000          0.000               
port                C4                  0.000          0.000          pin: I_sys_clk
hierarchy                               0.000          0.000          pin: I_sys_clk_syn_2.ipad
HDIO                x033y078            0.745          0.745          pin: I_sys_clk_syn_2.sg09_di
HDIO                x033y078            0.629          1.374          pin: I_sys_clk_syn_2.di
net (fo=1)          x043y079            0.099          1.473          net: I_sys_clk_dup_1,  ../../../diagnostics/hdmi_1080p30_tpg/hdmi_tpg_top.v(4)
                                                                      pin: u_hdmi_pll/u_ref/ph1p_phy_pll_wrapper_25a56e5ce2f9_Inst/u_PH1P_PHY_PLL.refclk
PLL                 x043y079            0.703          2.176          pin: u_hdmi_pll/u_ref/ph1p_phy_pll_wrapper_25a56e5ce2f9_Inst/u_PH1P_PHY_PLL.clkc[0]
net (fo=1)                              0.711          2.887          net: u_hdmi_pll/u_ref/clk0_buf,  ../../../user_source/hdl_source/native_hdmi_pll.v(32)
                                                                      pin: u_hdmi_pll/u_ref/bufg_feedback.clkin[0]
GCLK                x023y039z16         0.014          2.901          pin: u_hdmi_pll/u_ref/bufg_feedback.clkout
net (fo=1)                              0.322          3.223          net: u_hdmi_pll/u_output/ph1p_phy_pll_wrapper_25a56e5ce2f9_Inst/refclk,  ../../../user_source/ip_source/PLL/RTL/ph1p_phy_pll_wrapper_25a56e5ce2f9.v(119)
                                                                      pin: u_hdmi_pll/u_ref/bufg_feedback_auto_created_sclk_s_0_l_bk1.clkin
SCLK                x023y019z0          0.068          3.291          pin: u_hdmi_pll/u_ref/bufg_feedback_auto_created_sclk_s_0_l_bk1.clkout
net (fo=1)          x000y039            0.255          3.546          net: u_hdmi_pll/u_ref/bufg_feedback_auto_created_sclk_s_0_l_bk1_sclk_outnet,  NOFILE(0)
                                                                      pin: u_hdmi_pll/u_output/ph1p_phy_pll_wrapper_25a56e5ce2f9_Inst/u_PH1P_PHY_PLL.refclk
PLL                 x000y039            0.708          4.254          pin: u_hdmi_pll/u_output/ph1p_phy_pll_wrapper_25a56e5ce2f9_Inst/u_PH1P_PHY_PLL.clkc[1]
net (fo=1)                              0.690          4.944          net: u_phy/u0_lane_lvds_8_1/I_serial_clk,  ../../../user_source/hdl_source/lane_lvds_10_1.v(8)
                                                                      pin: u_phy/u0_lane_lvds_8_1/I_serial_clk_created_gclkinst.clkin[0]
GCLK                x023y039z1          0.014          4.958          pin: u_phy/u0_lane_lvds_8_1/I_serial_clk_created_gclkinst.clkout
net (fo=1)                              0.339          5.297          net: u_phy/u0_lane_lvds_8_1/I_serial_clk_syn_1,  ../../../user_source/hdl_source/lane_lvds_10_1.v(8)
                                                                      pin: u_phy/u0_lane_lvds_8_1/I_serial_clk_created_gclkinst_auto_created_sclk_s_1_r_bk2.clkin
SCLK                x023y059z13         0.068          5.365          pin: u_phy/u0_lane_lvds_8_1/I_serial_clk_created_gclkinst_auto_created_sclk_s_1_r_bk2.clkout
net (fo=36)                             0.414          5.779          net: u_phy/u0_lane_lvds_8_1/I_serial_clk_created_gclkinst_auto_created_sclk_s_1_r_bk2_sclk_outnet,  NOFILE(0)
                                                                      pin: O_tmds_ch0_p_syn_2.opclk
capture edge                            2.693    r     8.472               
--------------------------------------------------------------------  ---------------
setup                                  -0.453          8.019               
clock uncertainty                      -0.103          7.916               
clock pessimism                         0.476          8.392               
--------------------------------------------------------------------  ---------------
Required                                               8.392               
--------------------------------------------------------------------  ---------------
Slack                                                  0.243               

Slack               : 0.302ns
Begin Point         : u_core/u_hdmi_tx_controller_wrapper/u1_hdmi_tmds_encode/O_tmds_code_data_reg[2]_syn_2.clk (rising edge triggered by clock u_hdmi_pll/u_output/ph1p_phy_pll_wrapper_25a56e5ce2f9_Inst/u_PH1P_PHY_PLL.clkc[0]  { rise@0.000000ns  fall@6.734000ns  period=13.468000 })
End Point           : u_phy/u1_lane_lvds_8_1/S_shift_data_reg[1]_syn_2.imb (rising edge triggered by clock u_hdmi_pll/u_output/ph1p_phy_pll_wrapper_25a56e5ce2f9_Inst/u_PH1P_PHY_PLL.clkc[1]  { rise@0.000000ns  fall@1.346000ns  period=2.693000 })
Check Type          : setup
Process             : slow_m40c
Budget              : 2.693ns { u_hdmi_pll/u_output/ph1p_phy_pll_wrapper_25a56e5ce2f9_Inst/u_PH1P_PHY_PLL.clkc[1] rising@2.693ns - u_hdmi_pll/u_output/ph1p_phy_pll_wrapper_25a56e5ce2f9_Inst/u_PH1P_PHY_PLL.clkc[0] rising@0.000ns }
Data Path Delay     : 1.842ns (cell 0.362ns (19%), net 1.480ns (81%))
Clock Skew          : 0.382ns
Logic Level         : 1 ( LUT3=1 )
Max Fanout          : 1
Clock Uncertainty   : 0.103ns (sdc uncertainty: 0.000ns, default uncertainty: 0.103ns)

Delay Type          Location             Incr           Path   Level  Netlist Info
--------------------------------------------------------------------  ---------------
source latency                          0.000          0.000               
port                C4                  0.000          0.000          pin: I_sys_clk
hierarchy                               0.000          0.000          pin: I_sys_clk_syn_2.ipad
HDIO                x033y078            0.810          0.810          pin: I_sys_clk_syn_2.sg09_di
HDIO                x033y078            0.684          1.494          pin: I_sys_clk_syn_2.di
net (fo=1)          x043y079            0.115          1.609          net: I_sys_clk_dup_1,  ../../../diagnostics/hdmi_1080p30_tpg/hdmi_tpg_top.v(4)
                                                                      pin: u_hdmi_pll/u_ref/ph1p_phy_pll_wrapper_25a56e5ce2f9_Inst/u_PH1P_PHY_PLL.refclk
PLL                 x043y079            0.814          2.423          pin: u_hdmi_pll/u_ref/ph1p_phy_pll_wrapper_25a56e5ce2f9_Inst/u_PH1P_PHY_PLL.clkc[0]
net (fo=1)                              0.830          3.253          net: u_hdmi_pll/u_ref/clk0_buf,  ../../../user_source/hdl_source/native_hdmi_pll.v(32)
                                                                      pin: u_hdmi_pll/u_ref/bufg_feedback.clkin[0]
GCLK                x023y039z16         0.016          3.269          pin: u_hdmi_pll/u_ref/bufg_feedback.clkout
net (fo=1)                              0.375          3.644          net: u_hdmi_pll/u_output/ph1p_phy_pll_wrapper_25a56e5ce2f9_Inst/refclk,  ../../../user_source/ip_source/PLL/RTL/ph1p_phy_pll_wrapper_25a56e5ce2f9.v(119)
                                                                      pin: u_hdmi_pll/u_ref/bufg_feedback_auto_created_sclk_s_0_l_bk1.clkin
SCLK                x023y019z0          0.079          3.723          pin: u_hdmi_pll/u_ref/bufg_feedback_auto_created_sclk_s_0_l_bk1.clkout
net (fo=1)          x000y039            0.299          4.022          net: u_hdmi_pll/u_ref/bufg_feedback_auto_created_sclk_s_0_l_bk1_sclk_outnet,  NOFILE(0)
                                                                      pin: u_hdmi_pll/u_output/ph1p_phy_pll_wrapper_25a56e5ce2f9_Inst/u_PH1P_PHY_PLL.refclk
PLL                 x000y039            0.814          4.836          pin: u_hdmi_pll/u_output/ph1p_phy_pll_wrapper_25a56e5ce2f9_Inst/u_PH1P_PHY_PLL.clkc[0]
net (fo=1)                              0.815          5.651          net: u_hdmi_pll/u_output/clk0_buf,  ../../../user_source/hdl_source/native_hdmi_pll.v(32)
                                                                      pin: u_hdmi_pll/u_output/bufg_feedback.clkin[0]
GCLK                x023y039z0          0.016          5.667          pin: u_hdmi_pll/u_output/bufg_feedback.clkout
net (fo=4)                              0.396          6.063          net: u_core/I_pixel_clk,  ../../../user_source/hdl_source/hdmi_1_4b_transmitter_core_wrapper.enc.v(24)
                                                                      pin: u_hdmi_pll/u_output/bufg_feedback_auto_created_sclk_s_1_r_bk1.clkin
SCLK                x023y059z12         0.079          6.142          pin: u_hdmi_pll/u_output/bufg_feedback_auto_created_sclk_s_1_r_bk1.clkout
net (fo=91)                             0.636          6.778          net: u_hdmi_pll/u_output/bufg_feedback_auto_created_sclk_s_1_r_bk1_sclk_outnet,  NOFILE(0)
                                                                      pin: u_core/u_hdmi_tx_controller_wrapper/u1_hdmi_tmds_encode/O_tmds_code_data_reg[2]_syn_2.clk
launch edge                             0.000    r     6.778               
--------------------------------------------------------------------  ---------------
clk2q               x032y051z3          0.126    f     6.904          pin: u_core/u_hdmi_tx_controller_wrapper/u1_hdmi_tmds_encode/O_tmds_code_data_reg[2]_syn_2.oqa
net (fo=1)                              1.480          8.384          net: u_phy/u1_lane_lvds_8_1/I_data_in[7],  ../../../user_source/hdl_source/lane_lvds_10_1.v(11)
                                                                      pin: u_phy/u1_lane_lvds_8_1/S_shift_data_reg[1]_syn_2.imb
LUT3 (reg)          x032y050z0          0.236    r     8.620       1  net: u_phy/u1_lane_lvds_8_1/S_shift_data[7],  ../../../user_source/hdl_source/lane_lvds_10_1.v(22)
--------------------------------------------------------------------  ---------------
Arrival                                                8.620               

source latency                          0.000          0.000               
port                C4                  0.000          0.000          pin: I_sys_clk
hierarchy                               0.000          0.000          pin: I_sys_clk_syn_2.ipad
HDIO                x033y078            0.745          0.745          pin: I_sys_clk_syn_2.sg09_di
HDIO                x033y078            0.629          1.374          pin: I_sys_clk_syn_2.di
net (fo=1)          x043y079            0.099          1.473          net: I_sys_clk_dup_1,  ../../../diagnostics/hdmi_1080p30_tpg/hdmi_tpg_top.v(4)
                                                                      pin: u_hdmi_pll/u_ref/ph1p_phy_pll_wrapper_25a56e5ce2f9_Inst/u_PH1P_PHY_PLL.refclk
PLL                 x043y079            0.703          2.176          pin: u_hdmi_pll/u_ref/ph1p_phy_pll_wrapper_25a56e5ce2f9_Inst/u_PH1P_PHY_PLL.clkc[0]
net (fo=1)                              0.711          2.887          net: u_hdmi_pll/u_ref/clk0_buf,  ../../../user_source/hdl_source/native_hdmi_pll.v(32)
                                                                      pin: u_hdmi_pll/u_ref/bufg_feedback.clkin[0]
GCLK                x023y039z16         0.014          2.901          pin: u_hdmi_pll/u_ref/bufg_feedback.clkout
net (fo=1)                              0.322          3.223          net: u_hdmi_pll/u_output/ph1p_phy_pll_wrapper_25a56e5ce2f9_Inst/refclk,  ../../../user_source/ip_source/PLL/RTL/ph1p_phy_pll_wrapper_25a56e5ce2f9.v(119)
                                                                      pin: u_hdmi_pll/u_ref/bufg_feedback_auto_created_sclk_s_0_l_bk1.clkin
SCLK                x023y019z0          0.068          3.291          pin: u_hdmi_pll/u_ref/bufg_feedback_auto_created_sclk_s_0_l_bk1.clkout
net (fo=1)          x000y039            0.255          3.546          net: u_hdmi_pll/u_ref/bufg_feedback_auto_created_sclk_s_0_l_bk1_sclk_outnet,  NOFILE(0)
                                                                      pin: u_hdmi_pll/u_output/ph1p_phy_pll_wrapper_25a56e5ce2f9_Inst/u_PH1P_PHY_PLL.refclk
PLL                 x000y039            0.708          4.254          pin: u_hdmi_pll/u_output/ph1p_phy_pll_wrapper_25a56e5ce2f9_Inst/u_PH1P_PHY_PLL.clkc[1]
net (fo=1)                              0.690          4.944          net: u_phy/u0_lane_lvds_8_1/I_serial_clk,  ../../../user_source/hdl_source/lane_lvds_10_1.v(8)
                                                                      pin: u_phy/u0_lane_lvds_8_1/I_serial_clk_created_gclkinst.clkin[0]
GCLK                x023y039z1          0.014          4.958          pin: u_phy/u0_lane_lvds_8_1/I_serial_clk_created_gclkinst.clkout
net (fo=1)                              0.339          5.297          net: u_phy/u0_lane_lvds_8_1/I_serial_clk_syn_1,  ../../../user_source/hdl_source/lane_lvds_10_1.v(8)
                                                                      pin: u_phy/u0_lane_lvds_8_1/I_serial_clk_created_gclkinst_auto_created_sclk_s_1_r_bk2.clkin
SCLK                x023y059z13         0.068          5.365          pin: u_phy/u0_lane_lvds_8_1/I_serial_clk_created_gclkinst_auto_created_sclk_s_1_r_bk2.clkout
net (fo=36)                             0.555          5.920          net: u_phy/u0_lane_lvds_8_1/I_serial_clk_created_gclkinst_auto_created_sclk_s_1_r_bk2_sclk_outnet,  NOFILE(0)
                                                                      pin: u_phy/u1_lane_lvds_8_1/S_shift_data_reg[1]_syn_2.clk
capture edge                            2.693    r     8.613               
--------------------------------------------------------------------  ---------------
setup                                  -0.064          8.549               
clock uncertainty                      -0.103          8.446               
clock pessimism                         0.476          8.922               
--------------------------------------------------------------------  ---------------
Required                                               8.922               
--------------------------------------------------------------------  ---------------
Slack                                                  0.302               

Slack               : 0.305ns
Begin Point         : u_core/u_hdmi_tx_controller_wrapper/u2_hdmi_tmds_encode/O_tmds_code_data_reg[6]_syn_2.clk (rising edge triggered by clock u_hdmi_pll/u_output/ph1p_phy_pll_wrapper_25a56e5ce2f9_Inst/u_PH1P_PHY_PLL.clkc[0]  { rise@0.000000ns  fall@6.734000ns  period=13.468000 })
End Point           : u_phy/u0_lane_lvds_8_1/S_shift_data_reg[3]_syn_2.imb (rising edge triggered by clock u_hdmi_pll/u_output/ph1p_phy_pll_wrapper_25a56e5ce2f9_Inst/u_PH1P_PHY_PLL.clkc[1]  { rise@0.000000ns  fall@1.346000ns  period=2.693000 })
Check Type          : setup
Process             : slow_m40c
Budget              : 2.693ns { u_hdmi_pll/u_output/ph1p_phy_pll_wrapper_25a56e5ce2f9_Inst/u_PH1P_PHY_PLL.clkc[1] rising@2.693ns - u_hdmi_pll/u_output/ph1p_phy_pll_wrapper_25a56e5ce2f9_Inst/u_PH1P_PHY_PLL.clkc[0] rising@0.000ns }
Data Path Delay     : 1.839ns (cell 0.362ns (19%), net 1.477ns (81%))
Clock Skew          : 0.382ns
Logic Level         : 1 ( LUT3=1 )
Max Fanout          : 1
Clock Uncertainty   : 0.103ns (sdc uncertainty: 0.000ns, default uncertainty: 0.103ns)

Delay Type          Location             Incr           Path   Level  Netlist Info
--------------------------------------------------------------------  ---------------
source latency                          0.000          0.000               
port                C4                  0.000          0.000          pin: I_sys_clk
hierarchy                               0.000          0.000          pin: I_sys_clk_syn_2.ipad
HDIO                x033y078            0.810          0.810          pin: I_sys_clk_syn_2.sg09_di
HDIO                x033y078            0.684          1.494          pin: I_sys_clk_syn_2.di
net (fo=1)          x043y079            0.115          1.609          net: I_sys_clk_dup_1,  ../../../diagnostics/hdmi_1080p30_tpg/hdmi_tpg_top.v(4)
                                                                      pin: u_hdmi_pll/u_ref/ph1p_phy_pll_wrapper_25a56e5ce2f9_Inst/u_PH1P_PHY_PLL.refclk
PLL                 x043y079            0.814          2.423          pin: u_hdmi_pll/u_ref/ph1p_phy_pll_wrapper_25a56e5ce2f9_Inst/u_PH1P_PHY_PLL.clkc[0]
net (fo=1)                              0.830          3.253          net: u_hdmi_pll/u_ref/clk0_buf,  ../../../user_source/hdl_source/native_hdmi_pll.v(32)
                                                                      pin: u_hdmi_pll/u_ref/bufg_feedback.clkin[0]
GCLK                x023y039z16         0.016          3.269          pin: u_hdmi_pll/u_ref/bufg_feedback.clkout
net (fo=1)                              0.375          3.644          net: u_hdmi_pll/u_output/ph1p_phy_pll_wrapper_25a56e5ce2f9_Inst/refclk,  ../../../user_source/ip_source/PLL/RTL/ph1p_phy_pll_wrapper_25a56e5ce2f9.v(119)
                                                                      pin: u_hdmi_pll/u_ref/bufg_feedback_auto_created_sclk_s_0_l_bk1.clkin
SCLK                x023y019z0          0.079          3.723          pin: u_hdmi_pll/u_ref/bufg_feedback_auto_created_sclk_s_0_l_bk1.clkout
net (fo=1)          x000y039            0.299          4.022          net: u_hdmi_pll/u_ref/bufg_feedback_auto_created_sclk_s_0_l_bk1_sclk_outnet,  NOFILE(0)
                                                                      pin: u_hdmi_pll/u_output/ph1p_phy_pll_wrapper_25a56e5ce2f9_Inst/u_PH1P_PHY_PLL.refclk
PLL                 x000y039            0.814          4.836          pin: u_hdmi_pll/u_output/ph1p_phy_pll_wrapper_25a56e5ce2f9_Inst/u_PH1P_PHY_PLL.clkc[0]
net (fo=1)                              0.815          5.651          net: u_hdmi_pll/u_output/clk0_buf,  ../../../user_source/hdl_source/native_hdmi_pll.v(32)
                                                                      pin: u_hdmi_pll/u_output/bufg_feedback.clkin[0]
GCLK                x023y039z0          0.016          5.667          pin: u_hdmi_pll/u_output/bufg_feedback.clkout
net (fo=4)                              0.396          6.063          net: u_core/I_pixel_clk,  ../../../user_source/hdl_source/hdmi_1_4b_transmitter_core_wrapper.enc.v(24)
                                                                      pin: u_hdmi_pll/u_output/bufg_feedback_auto_created_sclk_s_1_r_bk1.clkin
SCLK                x023y059z12         0.079          6.142          pin: u_hdmi_pll/u_output/bufg_feedback_auto_created_sclk_s_1_r_bk1.clkout
net (fo=91)                             0.636          6.778          net: u_hdmi_pll/u_output/bufg_feedback_auto_created_sclk_s_1_r_bk1_sclk_outnet,  NOFILE(0)
                                                                      pin: u_core/u_hdmi_tx_controller_wrapper/u2_hdmi_tmds_encode/O_tmds_code_data_reg[6]_syn_2.clk
launch edge                             0.000    r     6.778               
--------------------------------------------------------------------  ---------------
clk2q               x033y050z4          0.126    f     6.904          pin: u_core/u_hdmi_tx_controller_wrapper/u2_hdmi_tmds_encode/O_tmds_code_data_reg[6]_syn_2.oqa
net (fo=1)                              1.477          8.381          net: u_phy/u2_lane_lvds_8_1/I_data_in[3],  ../../../user_source/hdl_source/lane_lvds_10_1.v(11)
                                                                      pin: u_phy/u0_lane_lvds_8_1/S_shift_data_reg[3]_syn_2.imb
LUT3 (reg)          x033y049z0          0.236    r     8.617       1  net: u_phy/u2_lane_lvds_8_1/S_shift_data[3],  ../../../user_source/hdl_source/lane_lvds_10_1.v(22)
--------------------------------------------------------------------  ---------------
Arrival                                                8.617               

source latency                          0.000          0.000               
port                C4                  0.000          0.000          pin: I_sys_clk
hierarchy                               0.000          0.000          pin: I_sys_clk_syn_2.ipad
HDIO                x033y078            0.745          0.745          pin: I_sys_clk_syn_2.sg09_di
HDIO                x033y078            0.629          1.374          pin: I_sys_clk_syn_2.di
net (fo=1)          x043y079            0.099          1.473          net: I_sys_clk_dup_1,  ../../../diagnostics/hdmi_1080p30_tpg/hdmi_tpg_top.v(4)
                                                                      pin: u_hdmi_pll/u_ref/ph1p_phy_pll_wrapper_25a56e5ce2f9_Inst/u_PH1P_PHY_PLL.refclk
PLL                 x043y079            0.703          2.176          pin: u_hdmi_pll/u_ref/ph1p_phy_pll_wrapper_25a56e5ce2f9_Inst/u_PH1P_PHY_PLL.clkc[0]
net (fo=1)                              0.711          2.887          net: u_hdmi_pll/u_ref/clk0_buf,  ../../../user_source/hdl_source/native_hdmi_pll.v(32)
                                                                      pin: u_hdmi_pll/u_ref/bufg_feedback.clkin[0]
GCLK                x023y039z16         0.014          2.901          pin: u_hdmi_pll/u_ref/bufg_feedback.clkout
net (fo=1)                              0.322          3.223          net: u_hdmi_pll/u_output/ph1p_phy_pll_wrapper_25a56e5ce2f9_Inst/refclk,  ../../../user_source/ip_source/PLL/RTL/ph1p_phy_pll_wrapper_25a56e5ce2f9.v(119)
                                                                      pin: u_hdmi_pll/u_ref/bufg_feedback_auto_created_sclk_s_0_l_bk1.clkin
SCLK                x023y019z0          0.068          3.291          pin: u_hdmi_pll/u_ref/bufg_feedback_auto_created_sclk_s_0_l_bk1.clkout
net (fo=1)          x000y039            0.255          3.546          net: u_hdmi_pll/u_ref/bufg_feedback_auto_created_sclk_s_0_l_bk1_sclk_outnet,  NOFILE(0)
                                                                      pin: u_hdmi_pll/u_output/ph1p_phy_pll_wrapper_25a56e5ce2f9_Inst/u_PH1P_PHY_PLL.refclk
PLL                 x000y039            0.708          4.254          pin: u_hdmi_pll/u_output/ph1p_phy_pll_wrapper_25a56e5ce2f9_Inst/u_PH1P_PHY_PLL.clkc[1]
net (fo=1)                              0.690          4.944          net: u_phy/u0_lane_lvds_8_1/I_serial_clk,  ../../../user_source/hdl_source/lane_lvds_10_1.v(8)
                                                                      pin: u_phy/u0_lane_lvds_8_1/I_serial_clk_created_gclkinst.clkin[0]
GCLK                x023y039z1          0.014          4.958          pin: u_phy/u0_lane_lvds_8_1/I_serial_clk_created_gclkinst.clkout
net (fo=1)                              0.339          5.297          net: u_phy/u0_lane_lvds_8_1/I_serial_clk_syn_1,  ../../../user_source/hdl_source/lane_lvds_10_1.v(8)
                                                                      pin: u_phy/u0_lane_lvds_8_1/I_serial_clk_created_gclkinst_auto_created_sclk_s_1_r_bk2.clkin
SCLK                x023y059z13         0.068          5.365          pin: u_phy/u0_lane_lvds_8_1/I_serial_clk_created_gclkinst_auto_created_sclk_s_1_r_bk2.clkout
net (fo=36)                             0.555          5.920          net: u_phy/u0_lane_lvds_8_1/I_serial_clk_created_gclkinst_auto_created_sclk_s_1_r_bk2_sclk_outnet,  NOFILE(0)
                                                                      pin: u_phy/u0_lane_lvds_8_1/S_shift_data_reg[3]_syn_2.clk
capture edge                            2.693    r     8.613               
--------------------------------------------------------------------  ---------------
setup                                  -0.064          8.549               
clock uncertainty                      -0.103          8.446               
clock pessimism                         0.476          8.922               
--------------------------------------------------------------------  ---------------
Required                                               8.922               
--------------------------------------------------------------------  ---------------
Slack                                                  0.305               

Slack               : 0.321ns
Begin Point         : u_core/u_hdmi_tx_controller_wrapper/u2_hdmi_tmds_encode/O_tmds_code_data_reg[3]_syn_2.clk (rising edge triggered by clock u_hdmi_pll/u_output/ph1p_phy_pll_wrapper_25a56e5ce2f9_Inst/u_PH1P_PHY_PLL.clkc[0]  { rise@0.000000ns  fall@6.734000ns  period=13.468000 })
End Point           : u_phy/u0_lane_lvds_8_1/S_shift_data_reg[6]_syn_2.imb (rising edge triggered by clock u_hdmi_pll/u_output/ph1p_phy_pll_wrapper_25a56e5ce2f9_Inst/u_PH1P_PHY_PLL.clkc[1]  { rise@0.000000ns  fall@1.346000ns  period=2.693000 })
Check Type          : setup
Process             : slow_m40c
Budget              : 2.693ns { u_hdmi_pll/u_output/ph1p_phy_pll_wrapper_25a56e5ce2f9_Inst/u_PH1P_PHY_PLL.clkc[1] rising@2.693ns - u_hdmi_pll/u_output/ph1p_phy_pll_wrapper_25a56e5ce2f9_Inst/u_PH1P_PHY_PLL.clkc[0] rising@0.000ns }
Data Path Delay     : 1.824ns (cell 0.362ns (19%), net 1.462ns (81%))
Clock Skew          : 0.381ns
Logic Level         : 1 ( LUT3=1 )
Max Fanout          : 1
Clock Uncertainty   : 0.103ns (sdc uncertainty: 0.000ns, default uncertainty: 0.103ns)

Delay Type          Location             Incr           Path   Level  Netlist Info
--------------------------------------------------------------------  ---------------
source latency                          0.000          0.000               
port                C4                  0.000          0.000          pin: I_sys_clk
hierarchy                               0.000          0.000          pin: I_sys_clk_syn_2.ipad
HDIO                x033y078            0.810          0.810          pin: I_sys_clk_syn_2.sg09_di
HDIO                x033y078            0.684          1.494          pin: I_sys_clk_syn_2.di
net (fo=1)          x043y079            0.115          1.609          net: I_sys_clk_dup_1,  ../../../diagnostics/hdmi_1080p30_tpg/hdmi_tpg_top.v(4)
                                                                      pin: u_hdmi_pll/u_ref/ph1p_phy_pll_wrapper_25a56e5ce2f9_Inst/u_PH1P_PHY_PLL.refclk
PLL                 x043y079            0.814          2.423          pin: u_hdmi_pll/u_ref/ph1p_phy_pll_wrapper_25a56e5ce2f9_Inst/u_PH1P_PHY_PLL.clkc[0]
net (fo=1)                              0.830          3.253          net: u_hdmi_pll/u_ref/clk0_buf,  ../../../user_source/hdl_source/native_hdmi_pll.v(32)
                                                                      pin: u_hdmi_pll/u_ref/bufg_feedback.clkin[0]
GCLK                x023y039z16         0.016          3.269          pin: u_hdmi_pll/u_ref/bufg_feedback.clkout
net (fo=1)                              0.375          3.644          net: u_hdmi_pll/u_output/ph1p_phy_pll_wrapper_25a56e5ce2f9_Inst/refclk,  ../../../user_source/ip_source/PLL/RTL/ph1p_phy_pll_wrapper_25a56e5ce2f9.v(119)
                                                                      pin: u_hdmi_pll/u_ref/bufg_feedback_auto_created_sclk_s_0_l_bk1.clkin
SCLK                x023y019z0          0.079          3.723          pin: u_hdmi_pll/u_ref/bufg_feedback_auto_created_sclk_s_0_l_bk1.clkout
net (fo=1)          x000y039            0.299          4.022          net: u_hdmi_pll/u_ref/bufg_feedback_auto_created_sclk_s_0_l_bk1_sclk_outnet,  NOFILE(0)
                                                                      pin: u_hdmi_pll/u_output/ph1p_phy_pll_wrapper_25a56e5ce2f9_Inst/u_PH1P_PHY_PLL.refclk
PLL                 x000y039            0.814          4.836          pin: u_hdmi_pll/u_output/ph1p_phy_pll_wrapper_25a56e5ce2f9_Inst/u_PH1P_PHY_PLL.clkc[0]
net (fo=1)                              0.815          5.651          net: u_hdmi_pll/u_output/clk0_buf,  ../../../user_source/hdl_source/native_hdmi_pll.v(32)
                                                                      pin: u_hdmi_pll/u_output/bufg_feedback.clkin[0]
GCLK                x023y039z0          0.016          5.667          pin: u_hdmi_pll/u_output/bufg_feedback.clkout
net (fo=4)                              0.396          6.063          net: u_core/I_pixel_clk,  ../../../user_source/hdl_source/hdmi_1_4b_transmitter_core_wrapper.enc.v(24)
                                                                      pin: u_hdmi_pll/u_output/bufg_feedback_auto_created_sclk_s_1_r_bk1.clkin
SCLK                x023y059z12         0.079          6.142          pin: u_hdmi_pll/u_output/bufg_feedback_auto_created_sclk_s_1_r_bk1.clkout
net (fo=91)                             0.636          6.778          net: u_hdmi_pll/u_output/bufg_feedback_auto_created_sclk_s_1_r_bk1_sclk_outnet,  NOFILE(0)
                                                                      pin: u_core/u_hdmi_tx_controller_wrapper/u2_hdmi_tmds_encode/O_tmds_code_data_reg[3]_syn_2.clk
launch edge                             0.000    r     6.778               
--------------------------------------------------------------------  ---------------
clk2q               x031y048z7          0.126    f     6.904          pin: u_core/u_hdmi_tx_controller_wrapper/u2_hdmi_tmds_encode/O_tmds_code_data_reg[3]_syn_2.oqa
net (fo=1)                              1.462          8.366          net: u_phy/u2_lane_lvds_8_1/I_data_in[6],  ../../../user_source/hdl_source/lane_lvds_10_1.v(11)
                                                                      pin: u_phy/u0_lane_lvds_8_1/S_shift_data_reg[6]_syn_2.imb
LUT3 (reg)          x031y048z1          0.236    r     8.602       1  net: u_phy/u2_lane_lvds_8_1/S_shift_data[6],  ../../../user_source/hdl_source/lane_lvds_10_1.v(22)
--------------------------------------------------------------------  ---------------
Arrival                                                8.602               

source latency                          0.000          0.000               
port                C4                  0.000          0.000          pin: I_sys_clk
hierarchy                               0.000          0.000          pin: I_sys_clk_syn_2.ipad
HDIO                x033y078            0.745          0.745          pin: I_sys_clk_syn_2.sg09_di
HDIO                x033y078            0.629          1.374          pin: I_sys_clk_syn_2.di
net (fo=1)          x043y079            0.099          1.473          net: I_sys_clk_dup_1,  ../../../diagnostics/hdmi_1080p30_tpg/hdmi_tpg_top.v(4)
                                                                      pin: u_hdmi_pll/u_ref/ph1p_phy_pll_wrapper_25a56e5ce2f9_Inst/u_PH1P_PHY_PLL.refclk
PLL                 x043y079            0.703          2.176          pin: u_hdmi_pll/u_ref/ph1p_phy_pll_wrapper_25a56e5ce2f9_Inst/u_PH1P_PHY_PLL.clkc[0]
net (fo=1)                              0.711          2.887          net: u_hdmi_pll/u_ref/clk0_buf,  ../../../user_source/hdl_source/native_hdmi_pll.v(32)
                                                                      pin: u_hdmi_pll/u_ref/bufg_feedback.clkin[0]
GCLK                x023y039z16         0.014          2.901          pin: u_hdmi_pll/u_ref/bufg_feedback.clkout
net (fo=1)                              0.322          3.223          net: u_hdmi_pll/u_output/ph1p_phy_pll_wrapper_25a56e5ce2f9_Inst/refclk,  ../../../user_source/ip_source/PLL/RTL/ph1p_phy_pll_wrapper_25a56e5ce2f9.v(119)
                                                                      pin: u_hdmi_pll/u_ref/bufg_feedback_auto_created_sclk_s_0_l_bk1.clkin
SCLK                x023y019z0          0.068          3.291          pin: u_hdmi_pll/u_ref/bufg_feedback_auto_created_sclk_s_0_l_bk1.clkout
net (fo=1)          x000y039            0.255          3.546          net: u_hdmi_pll/u_ref/bufg_feedback_auto_created_sclk_s_0_l_bk1_sclk_outnet,  NOFILE(0)
                                                                      pin: u_hdmi_pll/u_output/ph1p_phy_pll_wrapper_25a56e5ce2f9_Inst/u_PH1P_PHY_PLL.refclk
PLL                 x000y039            0.708          4.254          pin: u_hdmi_pll/u_output/ph1p_phy_pll_wrapper_25a56e5ce2f9_Inst/u_PH1P_PHY_PLL.clkc[1]
net (fo=1)                              0.690          4.944          net: u_phy/u0_lane_lvds_8_1/I_serial_clk,  ../../../user_source/hdl_source/lane_lvds_10_1.v(8)
                                                                      pin: u_phy/u0_lane_lvds_8_1/I_serial_clk_created_gclkinst.clkin[0]
GCLK                x023y039z1          0.014          4.958          pin: u_phy/u0_lane_lvds_8_1/I_serial_clk_created_gclkinst.clkout
net (fo=1)                              0.339          5.297          net: u_phy/u0_lane_lvds_8_1/I_serial_clk_syn_1,  ../../../user_source/hdl_source/lane_lvds_10_1.v(8)
                                                                      pin: u_phy/u0_lane_lvds_8_1/I_serial_clk_created_gclkinst_auto_created_sclk_s_1_r_bk2.clkin
SCLK                x023y059z13         0.068          5.365          pin: u_phy/u0_lane_lvds_8_1/I_serial_clk_created_gclkinst_auto_created_sclk_s_1_r_bk2.clkout
net (fo=36)                             0.556          5.921          net: u_phy/u0_lane_lvds_8_1/I_serial_clk_created_gclkinst_auto_created_sclk_s_1_r_bk2_sclk_outnet,  NOFILE(0)
                                                                      pin: u_phy/u0_lane_lvds_8_1/S_shift_data_reg[6]_syn_2.clk
capture edge                            2.693    r     8.614               
--------------------------------------------------------------------  ---------------
setup                                  -0.064          8.550               
clock uncertainty                      -0.103          8.447               
clock pessimism                         0.476          8.923               
--------------------------------------------------------------------  ---------------
Required                                               8.923               
--------------------------------------------------------------------  ---------------
Slack                                                  0.321               

Slack               : 0.335ns
Begin Point         : reset_sync_reg[2]_syn_5.clk (rising edge triggered by clock u_hdmi_pll/u_output/ph1p_phy_pll_wrapper_25a56e5ce2f9_Inst/u_PH1P_PHY_PLL.clkc[0]  { rise@0.000000ns  fall@6.734000ns  period=13.468000 })
End Point           : O_tmds_ch2_p_syn_2.rst (rising edge triggered by clock u_hdmi_pll/u_output/ph1p_phy_pll_wrapper_25a56e5ce2f9_Inst/u_PH1P_PHY_PLL.clkc[1]  { rise@0.000000ns  fall@1.346000ns  period=2.693000 })
Check Type          : setup
Process             : slow_m40c
Budget              : 2.693ns { u_hdmi_pll/u_output/ph1p_phy_pll_wrapper_25a56e5ce2f9_Inst/u_PH1P_PHY_PLL.clkc[1] rising@2.693ns - u_hdmi_pll/u_output/ph1p_phy_pll_wrapper_25a56e5ce2f9_Inst/u_PH1P_PHY_PLL.clkc[0] rising@0.000ns }
Data Path Delay     : 1.278ns (cell 0.624ns (48%), net 0.654ns (52%))
Clock Skew          : 0.524ns
Logic Level         : 1 ( LUT1=1 )
Max Fanout          : 27
Clock Uncertainty   : 0.103ns (sdc uncertainty: 0.000ns, default uncertainty: 0.103ns)

Delay Type          Location             Incr           Path   Level  Netlist Info
--------------------------------------------------------------------  ---------------
source latency                          0.000          0.000               
port                C4                  0.000          0.000          pin: I_sys_clk
hierarchy                               0.000          0.000          pin: I_sys_clk_syn_2.ipad
HDIO                x033y078            0.810          0.810          pin: I_sys_clk_syn_2.sg09_di
HDIO                x033y078            0.684          1.494          pin: I_sys_clk_syn_2.di
net (fo=1)          x043y079            0.115          1.609          net: I_sys_clk_dup_1,  ../../../diagnostics/hdmi_1080p30_tpg/hdmi_tpg_top.v(4)
                                                                      pin: u_hdmi_pll/u_ref/ph1p_phy_pll_wrapper_25a56e5ce2f9_Inst/u_PH1P_PHY_PLL.refclk
PLL                 x043y079            0.814          2.423          pin: u_hdmi_pll/u_ref/ph1p_phy_pll_wrapper_25a56e5ce2f9_Inst/u_PH1P_PHY_PLL.clkc[0]
net (fo=1)                              0.830          3.253          net: u_hdmi_pll/u_ref/clk0_buf,  ../../../user_source/hdl_source/native_hdmi_pll.v(32)
                                                                      pin: u_hdmi_pll/u_ref/bufg_feedback.clkin[0]
GCLK                x023y039z16         0.016          3.269          pin: u_hdmi_pll/u_ref/bufg_feedback.clkout
net (fo=1)                              0.375          3.644          net: u_hdmi_pll/u_output/ph1p_phy_pll_wrapper_25a56e5ce2f9_Inst/refclk,  ../../../user_source/ip_source/PLL/RTL/ph1p_phy_pll_wrapper_25a56e5ce2f9.v(119)
                                                                      pin: u_hdmi_pll/u_ref/bufg_feedback_auto_created_sclk_s_0_l_bk1.clkin
SCLK                x023y019z0          0.079          3.723          pin: u_hdmi_pll/u_ref/bufg_feedback_auto_created_sclk_s_0_l_bk1.clkout
net (fo=1)          x000y039            0.299          4.022          net: u_hdmi_pll/u_ref/bufg_feedback_auto_created_sclk_s_0_l_bk1_sclk_outnet,  NOFILE(0)
                                                                      pin: u_hdmi_pll/u_output/ph1p_phy_pll_wrapper_25a56e5ce2f9_Inst/u_PH1P_PHY_PLL.refclk
PLL                 x000y039            0.814          4.836          pin: u_hdmi_pll/u_output/ph1p_phy_pll_wrapper_25a56e5ce2f9_Inst/u_PH1P_PHY_PLL.clkc[0]
net (fo=1)                              0.815          5.651          net: u_hdmi_pll/u_output/clk0_buf,  ../../../user_source/hdl_source/native_hdmi_pll.v(32)
                                                                      pin: u_hdmi_pll/u_output/bufg_feedback.clkin[0]
GCLK                x023y039z0          0.016          5.667          pin: u_hdmi_pll/u_output/bufg_feedback.clkout
net (fo=4)                              0.396          6.063          net: u_core/I_pixel_clk,  ../../../user_source/hdl_source/hdmi_1_4b_transmitter_core_wrapper.enc.v(24)
                                                                      pin: u_hdmi_pll/u_output/bufg_feedback_auto_created_sclk_s_1_r_bk1.clkin
SCLK                x023y059z12         0.079          6.142          pin: u_hdmi_pll/u_output/bufg_feedback_auto_created_sclk_s_1_r_bk1.clkout
net (fo=91)                             0.637          6.779          net: u_hdmi_pll/u_output/bufg_feedback_auto_created_sclk_s_1_r_bk1_sclk_outnet,  NOFILE(0)
                                                                      pin: reset_sync_reg[2]_syn_5.clk
launch edge                             0.000    r     6.779               
--------------------------------------------------------------------  ---------------
clk2q               x041y054z2          0.137    r     6.916          pin: reset_sync_reg[2]_syn_5.oqb
net (fo=27)                             0.137          7.053          net: reset_sync[2],  ../../../diagnostics/hdmi_1080p30_tpg/hdmi_tpg_top.v(11)
                                                                      pin: reset_sync_reg[1]_syn_2.ib
LUT1                x041y054z5          0.487    r     7.540       1  pin: reset_sync_reg[1]_syn_2.ofa
net (fo=4)                              0.517          8.057          net: u_phy/u0_lane_lvds_8_1/I_rst,  ../../../user_source/hdl_source/lane_lvds_10_1.v(9)
                                                                      pin: O_tmds_ch2_p_syn_2.rst
PAD (reg)           x043y053            0.000    f     8.057               
--------------------------------------------------------------------  ---------------
Arrival                                                8.057               

source latency                          0.000          0.000               
port                C4                  0.000          0.000          pin: I_sys_clk
hierarchy                               0.000          0.000          pin: I_sys_clk_syn_2.ipad
HDIO                x033y078            0.745          0.745          pin: I_sys_clk_syn_2.sg09_di
HDIO                x033y078            0.629          1.374          pin: I_sys_clk_syn_2.di
net (fo=1)          x043y079            0.099          1.473          net: I_sys_clk_dup_1,  ../../../diagnostics/hdmi_1080p30_tpg/hdmi_tpg_top.v(4)
                                                                      pin: u_hdmi_pll/u_ref/ph1p_phy_pll_wrapper_25a56e5ce2f9_Inst/u_PH1P_PHY_PLL.refclk
PLL                 x043y079            0.703          2.176          pin: u_hdmi_pll/u_ref/ph1p_phy_pll_wrapper_25a56e5ce2f9_Inst/u_PH1P_PHY_PLL.clkc[0]
net (fo=1)                              0.711          2.887          net: u_hdmi_pll/u_ref/clk0_buf,  ../../../user_source/hdl_source/native_hdmi_pll.v(32)
                                                                      pin: u_hdmi_pll/u_ref/bufg_feedback.clkin[0]
GCLK                x023y039z16         0.014          2.901          pin: u_hdmi_pll/u_ref/bufg_feedback.clkout
net (fo=1)                              0.322          3.223          net: u_hdmi_pll/u_output/ph1p_phy_pll_wrapper_25a56e5ce2f9_Inst/refclk,  ../../../user_source/ip_source/PLL/RTL/ph1p_phy_pll_wrapper_25a56e5ce2f9.v(119)
                                                                      pin: u_hdmi_pll/u_ref/bufg_feedback_auto_created_sclk_s_0_l_bk1.clkin
SCLK                x023y019z0          0.068          3.291          pin: u_hdmi_pll/u_ref/bufg_feedback_auto_created_sclk_s_0_l_bk1.clkout
net (fo=1)          x000y039            0.255          3.546          net: u_hdmi_pll/u_ref/bufg_feedback_auto_created_sclk_s_0_l_bk1_sclk_outnet,  NOFILE(0)
                                                                      pin: u_hdmi_pll/u_output/ph1p_phy_pll_wrapper_25a56e5ce2f9_Inst/u_PH1P_PHY_PLL.refclk
PLL                 x000y039            0.708          4.254          pin: u_hdmi_pll/u_output/ph1p_phy_pll_wrapper_25a56e5ce2f9_Inst/u_PH1P_PHY_PLL.clkc[1]
net (fo=1)                              0.690          4.944          net: u_phy/u0_lane_lvds_8_1/I_serial_clk,  ../../../user_source/hdl_source/lane_lvds_10_1.v(8)
                                                                      pin: u_phy/u0_lane_lvds_8_1/I_serial_clk_created_gclkinst.clkin[0]
GCLK                x023y039z1          0.014          4.958          pin: u_phy/u0_lane_lvds_8_1/I_serial_clk_created_gclkinst.clkout
net (fo=1)                              0.339          5.297          net: u_phy/u0_lane_lvds_8_1/I_serial_clk_syn_1,  ../../../user_source/hdl_source/lane_lvds_10_1.v(8)
                                                                      pin: u_phy/u0_lane_lvds_8_1/I_serial_clk_created_gclkinst_auto_created_sclk_s_1_r_bk2.clkin
SCLK                x023y059z13         0.068          5.365          pin: u_phy/u0_lane_lvds_8_1/I_serial_clk_created_gclkinst_auto_created_sclk_s_1_r_bk2.clkout
net (fo=36)                             0.414          5.779          net: u_phy/u0_lane_lvds_8_1/I_serial_clk_created_gclkinst_auto_created_sclk_s_1_r_bk2_sclk_outnet,  NOFILE(0)
                                                                      pin: O_tmds_ch2_p_syn_2.opclk
capture edge                            2.693    r     8.472               
--------------------------------------------------------------------  ---------------
setup                                  -0.453          8.019               
clock uncertainty                      -0.103          7.916               
clock pessimism                         0.476          8.392               
--------------------------------------------------------------------  ---------------
Required                                               8.392               
--------------------------------------------------------------------  ---------------
Slack                                                  0.335               

Slack               : 0.335ns
Begin Point         : reset_sync_reg[2]_syn_5.clk (rising edge triggered by clock u_hdmi_pll/u_output/ph1p_phy_pll_wrapper_25a56e5ce2f9_Inst/u_PH1P_PHY_PLL.clkc[0]  { rise@0.000000ns  fall@6.734000ns  period=13.468000 })
End Point           : O_tmds_clk_p_syn_2.rst (rising edge triggered by clock u_hdmi_pll/u_output/ph1p_phy_pll_wrapper_25a56e5ce2f9_Inst/u_PH1P_PHY_PLL.clkc[1]  { rise@0.000000ns  fall@1.346000ns  period=2.693000 })
Check Type          : setup
Process             : slow_m40c
Budget              : 2.693ns { u_hdmi_pll/u_output/ph1p_phy_pll_wrapper_25a56e5ce2f9_Inst/u_PH1P_PHY_PLL.clkc[1] rising@2.693ns - u_hdmi_pll/u_output/ph1p_phy_pll_wrapper_25a56e5ce2f9_Inst/u_PH1P_PHY_PLL.clkc[0] rising@0.000ns }
Data Path Delay     : 1.278ns (cell 0.624ns (48%), net 0.654ns (52%))
Clock Skew          : 0.524ns
Logic Level         : 1 ( LUT1=1 )
Max Fanout          : 27
Clock Uncertainty   : 0.103ns (sdc uncertainty: 0.000ns, default uncertainty: 0.103ns)

Delay Type          Location             Incr           Path   Level  Netlist Info
--------------------------------------------------------------------  ---------------
source latency                          0.000          0.000               
port                C4                  0.000          0.000          pin: I_sys_clk
hierarchy                               0.000          0.000          pin: I_sys_clk_syn_2.ipad
HDIO                x033y078            0.810          0.810          pin: I_sys_clk_syn_2.sg09_di
HDIO                x033y078            0.684          1.494          pin: I_sys_clk_syn_2.di
net (fo=1)          x043y079            0.115          1.609          net: I_sys_clk_dup_1,  ../../../diagnostics/hdmi_1080p30_tpg/hdmi_tpg_top.v(4)
                                                                      pin: u_hdmi_pll/u_ref/ph1p_phy_pll_wrapper_25a56e5ce2f9_Inst/u_PH1P_PHY_PLL.refclk
PLL                 x043y079            0.814          2.423          pin: u_hdmi_pll/u_ref/ph1p_phy_pll_wrapper_25a56e5ce2f9_Inst/u_PH1P_PHY_PLL.clkc[0]
net (fo=1)                              0.830          3.253          net: u_hdmi_pll/u_ref/clk0_buf,  ../../../user_source/hdl_source/native_hdmi_pll.v(32)
                                                                      pin: u_hdmi_pll/u_ref/bufg_feedback.clkin[0]
GCLK                x023y039z16         0.016          3.269          pin: u_hdmi_pll/u_ref/bufg_feedback.clkout
net (fo=1)                              0.375          3.644          net: u_hdmi_pll/u_output/ph1p_phy_pll_wrapper_25a56e5ce2f9_Inst/refclk,  ../../../user_source/ip_source/PLL/RTL/ph1p_phy_pll_wrapper_25a56e5ce2f9.v(119)
                                                                      pin: u_hdmi_pll/u_ref/bufg_feedback_auto_created_sclk_s_0_l_bk1.clkin
SCLK                x023y019z0          0.079          3.723          pin: u_hdmi_pll/u_ref/bufg_feedback_auto_created_sclk_s_0_l_bk1.clkout
net (fo=1)          x000y039            0.299          4.022          net: u_hdmi_pll/u_ref/bufg_feedback_auto_created_sclk_s_0_l_bk1_sclk_outnet,  NOFILE(0)
                                                                      pin: u_hdmi_pll/u_output/ph1p_phy_pll_wrapper_25a56e5ce2f9_Inst/u_PH1P_PHY_PLL.refclk
PLL                 x000y039            0.814          4.836          pin: u_hdmi_pll/u_output/ph1p_phy_pll_wrapper_25a56e5ce2f9_Inst/u_PH1P_PHY_PLL.clkc[0]
net (fo=1)                              0.815          5.651          net: u_hdmi_pll/u_output/clk0_buf,  ../../../user_source/hdl_source/native_hdmi_pll.v(32)
                                                                      pin: u_hdmi_pll/u_output/bufg_feedback.clkin[0]
GCLK                x023y039z0          0.016          5.667          pin: u_hdmi_pll/u_output/bufg_feedback.clkout
net (fo=4)                              0.396          6.063          net: u_core/I_pixel_clk,  ../../../user_source/hdl_source/hdmi_1_4b_transmitter_core_wrapper.enc.v(24)
                                                                      pin: u_hdmi_pll/u_output/bufg_feedback_auto_created_sclk_s_1_r_bk1.clkin
SCLK                x023y059z12         0.079          6.142          pin: u_hdmi_pll/u_output/bufg_feedback_auto_created_sclk_s_1_r_bk1.clkout
net (fo=91)                             0.637          6.779          net: u_hdmi_pll/u_output/bufg_feedback_auto_created_sclk_s_1_r_bk1_sclk_outnet,  NOFILE(0)
                                                                      pin: reset_sync_reg[2]_syn_5.clk
launch edge                             0.000    r     6.779               
--------------------------------------------------------------------  ---------------
clk2q               x041y054z2          0.137    r     6.916          pin: reset_sync_reg[2]_syn_5.oqb
net (fo=27)                             0.137          7.053          net: reset_sync[2],  ../../../diagnostics/hdmi_1080p30_tpg/hdmi_tpg_top.v(11)
                                                                      pin: reset_sync_reg[1]_syn_2.ib
LUT1                x041y054z5          0.487    r     7.540       1  pin: reset_sync_reg[1]_syn_2.ofa
net (fo=4)                              0.517          8.057          net: u_phy/u0_lane_lvds_8_1/I_rst,  ../../../user_source/hdl_source/lane_lvds_10_1.v(9)
                                                                      pin: O_tmds_clk_p_syn_2.rst
PAD (reg)           x043y056            0.000    f     8.057               
--------------------------------------------------------------------  ---------------
Arrival                                                8.057               

source latency                          0.000          0.000               
port                C4                  0.000          0.000          pin: I_sys_clk
hierarchy                               0.000          0.000          pin: I_sys_clk_syn_2.ipad
HDIO                x033y078            0.745          0.745          pin: I_sys_clk_syn_2.sg09_di
HDIO                x033y078            0.629          1.374          pin: I_sys_clk_syn_2.di
net (fo=1)          x043y079            0.099          1.473          net: I_sys_clk_dup_1,  ../../../diagnostics/hdmi_1080p30_tpg/hdmi_tpg_top.v(4)
                                                                      pin: u_hdmi_pll/u_ref/ph1p_phy_pll_wrapper_25a56e5ce2f9_Inst/u_PH1P_PHY_PLL.refclk
PLL                 x043y079            0.703          2.176          pin: u_hdmi_pll/u_ref/ph1p_phy_pll_wrapper_25a56e5ce2f9_Inst/u_PH1P_PHY_PLL.clkc[0]
net (fo=1)                              0.711          2.887          net: u_hdmi_pll/u_ref/clk0_buf,  ../../../user_source/hdl_source/native_hdmi_pll.v(32)
                                                                      pin: u_hdmi_pll/u_ref/bufg_feedback.clkin[0]
GCLK                x023y039z16         0.014          2.901          pin: u_hdmi_pll/u_ref/bufg_feedback.clkout
net (fo=1)                              0.322          3.223          net: u_hdmi_pll/u_output/ph1p_phy_pll_wrapper_25a56e5ce2f9_Inst/refclk,  ../../../user_source/ip_source/PLL/RTL/ph1p_phy_pll_wrapper_25a56e5ce2f9.v(119)
                                                                      pin: u_hdmi_pll/u_ref/bufg_feedback_auto_created_sclk_s_0_l_bk1.clkin
SCLK                x023y019z0          0.068          3.291          pin: u_hdmi_pll/u_ref/bufg_feedback_auto_created_sclk_s_0_l_bk1.clkout
net (fo=1)          x000y039            0.255          3.546          net: u_hdmi_pll/u_ref/bufg_feedback_auto_created_sclk_s_0_l_bk1_sclk_outnet,  NOFILE(0)
                                                                      pin: u_hdmi_pll/u_output/ph1p_phy_pll_wrapper_25a56e5ce2f9_Inst/u_PH1P_PHY_PLL.refclk
PLL                 x000y039            0.708          4.254          pin: u_hdmi_pll/u_output/ph1p_phy_pll_wrapper_25a56e5ce2f9_Inst/u_PH1P_PHY_PLL.clkc[1]
net (fo=1)                              0.690          4.944          net: u_phy/u0_lane_lvds_8_1/I_serial_clk,  ../../../user_source/hdl_source/lane_lvds_10_1.v(8)
                                                                      pin: u_phy/u0_lane_lvds_8_1/I_serial_clk_created_gclkinst.clkin[0]
GCLK                x023y039z1          0.014          4.958          pin: u_phy/u0_lane_lvds_8_1/I_serial_clk_created_gclkinst.clkout
net (fo=1)                              0.339          5.297          net: u_phy/u0_lane_lvds_8_1/I_serial_clk_syn_1,  ../../../user_source/hdl_source/lane_lvds_10_1.v(8)
                                                                      pin: u_phy/u0_lane_lvds_8_1/I_serial_clk_created_gclkinst_auto_created_sclk_s_1_r_bk2.clkin
SCLK                x023y059z13         0.068          5.365          pin: u_phy/u0_lane_lvds_8_1/I_serial_clk_created_gclkinst_auto_created_sclk_s_1_r_bk2.clkout
net (fo=36)                             0.414          5.779          net: u_phy/u0_lane_lvds_8_1/I_serial_clk_created_gclkinst_auto_created_sclk_s_1_r_bk2_sclk_outnet,  NOFILE(0)
                                                                      pin: O_tmds_clk_p_syn_2.opclk
capture edge                            2.693    r     8.472               
--------------------------------------------------------------------  ---------------
setup                                  -0.453          8.019               
clock uncertainty                      -0.103          7.916               
clock pessimism                         0.476          8.392               
--------------------------------------------------------------------  ---------------
Required                                               8.392               
--------------------------------------------------------------------  ---------------
Slack                                                  0.335               



Min Paths
----------------------------------------------------------------------------------------------------
Slack               : 0.030ns
Begin Point         : u_core/u_hdmi_tx_controller_wrapper/u0_hdmi_tmds_encode/O_tmds_code_data_reg[7]_syn_2.clk (rising edge triggered by clock u_hdmi_pll/u_output/ph1p_phy_pll_wrapper_25a56e5ce2f9_Inst/u_PH1P_PHY_PLL.clkc[0]  { rise@0.000000ns  fall@6.734000ns  period=13.468000 })
End Point           : u_phy/u0_lane_lvds_8_1/S_shift_data_reg[0]_syn_2.imb (rising edge triggered by clock u_hdmi_pll/u_output/ph1p_phy_pll_wrapper_25a56e5ce2f9_Inst/u_PH1P_PHY_PLL.clkc[1]  { rise@0.000000ns  fall@1.346000ns  period=2.693000 })
Check Type          : hold
Process             : fast_25c
Budget              : 0.000ns { u_hdmi_pll/u_output/ph1p_phy_pll_wrapper_25a56e5ce2f9_Inst/u_PH1P_PHY_PLL.clkc[0] rising@0.000ns - u_hdmi_pll/u_output/ph1p_phy_pll_wrapper_25a56e5ce2f9_Inst/u_PH1P_PHY_PLL.clkc[1] rising@0.000ns }
Data Path Delay     : 0.349ns (cell 0.187ns (53%), net 0.162ns (47%))
Clock Skew          : 0.244ns
Logic Level         : 1 ( LUT3=1 )
Max Fanout          : 1
Clock Uncertainty   : 0.050ns (sdc uncertainty: 0.000ns, default uncertainty: 0.050ns)

Delay Type          Location             Incr           Path   Level  Netlist Info
--------------------------------------------------------------------  ---------------
source latency                          0.000          0.000               
port                C4                  0.000          0.000          pin: I_sys_clk
hierarchy                               0.000          0.000          pin: I_sys_clk_syn_2.ipad
HDIO                x033y078            0.745          0.745          pin: I_sys_clk_syn_2.sg09_di
HDIO                x033y078            0.236          0.981          pin: I_sys_clk_syn_2.di
net (fo=1)          x043y079            0.058          1.039          net: I_sys_clk_dup_1,  ../../../diagnostics/hdmi_1080p30_tpg/hdmi_tpg_top.v(4)
                                                                      pin: u_hdmi_pll/u_ref/ph1p_phy_pll_wrapper_25a56e5ce2f9_Inst/u_PH1P_PHY_PLL.refclk
PLL                 x043y079            0.482          1.521          pin: u_hdmi_pll/u_ref/ph1p_phy_pll_wrapper_25a56e5ce2f9_Inst/u_PH1P_PHY_PLL.clkc[0]
net (fo=1)                              0.418          1.939          net: u_hdmi_pll/u_ref/clk0_buf,  ../../../user_source/hdl_source/native_hdmi_pll.v(32)
                                                                      pin: u_hdmi_pll/u_ref/bufg_feedback.clkin[0]
GCLK                x023y039z16         0.009          1.948          pin: u_hdmi_pll/u_ref/bufg_feedback.clkout
net (fo=1)                              0.195          2.143          net: u_hdmi_pll/u_output/ph1p_phy_pll_wrapper_25a56e5ce2f9_Inst/refclk,  ../../../user_source/ip_source/PLL/RTL/ph1p_phy_pll_wrapper_25a56e5ce2f9.v(119)
                                                                      pin: u_hdmi_pll/u_ref/bufg_feedback_auto_created_sclk_s_0_l_bk1.clkin
SCLK                x023y019z0          0.040          2.183          pin: u_hdmi_pll/u_ref/bufg_feedback_auto_created_sclk_s_0_l_bk1.clkout
net (fo=1)          x000y039            0.170          2.353          net: u_hdmi_pll/u_ref/bufg_feedback_auto_created_sclk_s_0_l_bk1_sclk_outnet,  NOFILE(0)
                                                                      pin: u_hdmi_pll/u_output/ph1p_phy_pll_wrapper_25a56e5ce2f9_Inst/u_PH1P_PHY_PLL.refclk
PLL                 x000y039            0.482          2.835          pin: u_hdmi_pll/u_output/ph1p_phy_pll_wrapper_25a56e5ce2f9_Inst/u_PH1P_PHY_PLL.clkc[0]
net (fo=1)                              0.411          3.246          net: u_hdmi_pll/u_output/clk0_buf,  ../../../user_source/hdl_source/native_hdmi_pll.v(32)
                                                                      pin: u_hdmi_pll/u_output/bufg_feedback.clkin[0]
GCLK                x023y039z0          0.009          3.255          pin: u_hdmi_pll/u_output/bufg_feedback.clkout
net (fo=4)                              0.205          3.460          net: u_core/I_pixel_clk,  ../../../user_source/hdl_source/hdmi_1_4b_transmitter_core_wrapper.enc.v(24)
                                                                      pin: u_hdmi_pll/u_output/bufg_feedback_auto_created_sclk_s_1_r_bk1.clkin
SCLK                x023y059z12         0.040          3.500          pin: u_hdmi_pll/u_output/bufg_feedback_auto_created_sclk_s_1_r_bk1.clkout
net (fo=91)                             0.327          3.827          net: u_hdmi_pll/u_output/bufg_feedback_auto_created_sclk_s_1_r_bk1_sclk_outnet,  NOFILE(0)
                                                                      pin: u_core/u_hdmi_tx_controller_wrapper/u0_hdmi_tmds_encode/O_tmds_code_data_reg[7]_syn_2.clk
launch edge                             0.000    r     3.827               
--------------------------------------------------------------------  ---------------
clk2q               x033y050z2          0.081    f     3.908          pin: u_core/u_hdmi_tx_controller_wrapper/u0_hdmi_tmds_encode/O_tmds_code_data_reg[7]_syn_2.oqa
net (fo=1)                              0.162          4.070          net: u_phy/u0_lane_lvds_8_1/I_data_in[2],  ../../../user_source/hdl_source/lane_lvds_10_1.v(11)
                                                                      pin: u_phy/u0_lane_lvds_8_1/S_shift_data_reg[0]_syn_2.imb
LUT3 (reg)          x032y050z4          0.106    f     4.176       1  net: u_phy/u0_lane_lvds_8_1/S_shift_data[2],  ../../../user_source/hdl_source/lane_lvds_10_1.v(22)
--------------------------------------------------------------------  ---------------
Arrival                                                4.176               

source latency                          0.000          0.000               
port                C4                  0.000          0.000          pin: I_sys_clk
hierarchy                               0.000          0.000          pin: I_sys_clk_syn_2.ipad
HDIO                x033y078            0.810          0.810          pin: I_sys_clk_syn_2.sg09_di
HDIO                x033y078            0.257          1.067          pin: I_sys_clk_syn_2.di
net (fo=1)          x043y079            0.068          1.135          net: I_sys_clk_dup_1,  ../../../diagnostics/hdmi_1080p30_tpg/hdmi_tpg_top.v(4)
                                                                      pin: u_hdmi_pll/u_ref/ph1p_phy_pll_wrapper_25a56e5ce2f9_Inst/u_PH1P_PHY_PLL.refclk
PLL                 x043y079            0.566          1.701          pin: u_hdmi_pll/u_ref/ph1p_phy_pll_wrapper_25a56e5ce2f9_Inst/u_PH1P_PHY_PLL.clkc[0]
net (fo=1)                              0.488          2.189          net: u_hdmi_pll/u_ref/clk0_buf,  ../../../user_source/hdl_source/native_hdmi_pll.v(32)
                                                                      pin: u_hdmi_pll/u_ref/bufg_feedback.clkin[0]
GCLK                x023y039z16         0.010          2.199          pin: u_hdmi_pll/u_ref/bufg_feedback.clkout
net (fo=1)                              0.227          2.426          net: u_hdmi_pll/u_output/ph1p_phy_pll_wrapper_25a56e5ce2f9_Inst/refclk,  ../../../user_source/ip_source/PLL/RTL/ph1p_phy_pll_wrapper_25a56e5ce2f9.v(119)
                                                                      pin: u_hdmi_pll/u_ref/bufg_feedback_auto_created_sclk_s_0_l_bk1.clkin
SCLK                x023y019z0          0.047          2.473          pin: u_hdmi_pll/u_ref/bufg_feedback_auto_created_sclk_s_0_l_bk1.clkout
net (fo=1)          x000y039            0.199          2.672          net: u_hdmi_pll/u_ref/bufg_feedback_auto_created_sclk_s_0_l_bk1_sclk_outnet,  NOFILE(0)
                                                                      pin: u_hdmi_pll/u_output/ph1p_phy_pll_wrapper_25a56e5ce2f9_Inst/u_PH1P_PHY_PLL.refclk
PLL                 x000y039            0.567          3.239          pin: u_hdmi_pll/u_output/ph1p_phy_pll_wrapper_25a56e5ce2f9_Inst/u_PH1P_PHY_PLL.clkc[1]
net (fo=1)                              0.480          3.719          net: u_phy/u0_lane_lvds_8_1/I_serial_clk,  ../../../user_source/hdl_source/lane_lvds_10_1.v(8)
                                                                      pin: u_phy/u0_lane_lvds_8_1/I_serial_clk_created_gclkinst.clkin[0]
GCLK                x023y039z1          0.010          3.729          pin: u_phy/u0_lane_lvds_8_1/I_serial_clk_created_gclkinst.clkout
net (fo=1)                              0.239          3.968          net: u_phy/u0_lane_lvds_8_1/I_serial_clk_syn_1,  ../../../user_source/hdl_source/lane_lvds_10_1.v(8)
                                                                      pin: u_phy/u0_lane_lvds_8_1/I_serial_clk_created_gclkinst_auto_created_sclk_s_1_r_bk2.clkin
SCLK                x023y059z13         0.047          4.015          pin: u_phy/u0_lane_lvds_8_1/I_serial_clk_created_gclkinst_auto_created_sclk_s_1_r_bk2.clkout
net (fo=36)                             0.375          4.390          net: u_phy/u0_lane_lvds_8_1/I_serial_clk_created_gclkinst_auto_created_sclk_s_1_r_bk2_sclk_outnet,  NOFILE(0)
                                                                      pin: u_phy/u0_lane_lvds_8_1/S_shift_data_reg[0]_syn_2.clk
capture edge                            0.000    r     4.390               
--------------------------------------------------------------------  ---------------
hold                                    0.025          4.415               
clock uncertainty                       0.050          4.465               
clock pessimism                        -0.319          4.146               
--------------------------------------------------------------------  ---------------
Required                                               4.146               
--------------------------------------------------------------------  ---------------
Slack                                                  0.030               

Slack               : 0.060ns
Begin Point         : u_core/u_hdmi_tx_controller_wrapper/u2_hdmi_tmds_encode/O_tmds_code_data_reg[0]_syn_2.clk (rising edge triggered by clock u_hdmi_pll/u_output/ph1p_phy_pll_wrapper_25a56e5ce2f9_Inst/u_PH1P_PHY_PLL.clkc[0]  { rise@0.000000ns  fall@6.734000ns  period=13.468000 })
End Point           : u_phy/u2_lane_lvds_8_1/S_shift_data_reg[8]_syn_2.imb (rising edge triggered by clock u_hdmi_pll/u_output/ph1p_phy_pll_wrapper_25a56e5ce2f9_Inst/u_PH1P_PHY_PLL.clkc[1]  { rise@0.000000ns  fall@1.346000ns  period=2.693000 })
Check Type          : hold
Process             : fast_m40c
Budget              : 0.000ns { u_hdmi_pll/u_output/ph1p_phy_pll_wrapper_25a56e5ce2f9_Inst/u_PH1P_PHY_PLL.clkc[0] rising@0.000ns - u_hdmi_pll/u_output/ph1p_phy_pll_wrapper_25a56e5ce2f9_Inst/u_PH1P_PHY_PLL.clkc[1] rising@0.000ns }
Data Path Delay     : 0.257ns (cell 0.132ns (51%), net 0.125ns (49%))
Clock Skew          : 0.135ns
Logic Level         : 1 ( LUT3=1 )
Max Fanout          : 1
Clock Uncertainty   : 0.050ns (sdc uncertainty: 0.000ns, default uncertainty: 0.050ns)

Delay Type          Location             Incr           Path   Level  Netlist Info
--------------------------------------------------------------------  ---------------
source latency                          0.000          0.000               
port                C4                  0.000          0.000          pin: I_sys_clk
hierarchy                               0.000          0.000          pin: I_sys_clk_syn_2.ipad
HDIO                x033y078            0.810          0.810          pin: I_sys_clk_syn_2.sg09_di
HDIO                x033y078            0.257          1.067          pin: I_sys_clk_syn_2.di
net (fo=1)          x043y079            0.040          1.107          net: I_sys_clk_dup_1,  ../../../diagnostics/hdmi_1080p30_tpg/hdmi_tpg_top.v(4)
                                                                      pin: u_hdmi_pll/u_ref/ph1p_phy_pll_wrapper_25a56e5ce2f9_Inst/u_PH1P_PHY_PLL.refclk
PLL                 x043y079            0.367          1.474          pin: u_hdmi_pll/u_ref/ph1p_phy_pll_wrapper_25a56e5ce2f9_Inst/u_PH1P_PHY_PLL.clkc[0]
net (fo=1)                              0.312          1.786          net: u_hdmi_pll/u_ref/clk0_buf,  ../../../user_source/hdl_source/native_hdmi_pll.v(32)
                                                                      pin: u_hdmi_pll/u_ref/bufg_feedback.clkin[0]
GCLK                x023y039z16         0.006          1.792          pin: u_hdmi_pll/u_ref/bufg_feedback.clkout
net (fo=1)                              0.136          1.928          net: u_hdmi_pll/u_output/ph1p_phy_pll_wrapper_25a56e5ce2f9_Inst/refclk,  ../../../user_source/ip_source/PLL/RTL/ph1p_phy_pll_wrapper_25a56e5ce2f9.v(119)
                                                                      pin: u_hdmi_pll/u_ref/bufg_feedback_auto_created_sclk_s_0_l_bk1.clkin
SCLK                x023y019z0          0.025          1.953          pin: u_hdmi_pll/u_ref/bufg_feedback_auto_created_sclk_s_0_l_bk1.clkout
net (fo=1)          x000y039            0.121          2.074          net: u_hdmi_pll/u_ref/bufg_feedback_auto_created_sclk_s_0_l_bk1_sclk_outnet,  NOFILE(0)
                                                                      pin: u_hdmi_pll/u_output/ph1p_phy_pll_wrapper_25a56e5ce2f9_Inst/u_PH1P_PHY_PLL.refclk
PLL                 x000y039            0.367          2.441          pin: u_hdmi_pll/u_output/ph1p_phy_pll_wrapper_25a56e5ce2f9_Inst/u_PH1P_PHY_PLL.clkc[0]
net (fo=1)                              0.310          2.751          net: u_hdmi_pll/u_output/clk0_buf,  ../../../user_source/hdl_source/native_hdmi_pll.v(32)
                                                                      pin: u_hdmi_pll/u_output/bufg_feedback.clkin[0]
GCLK                x023y039z0          0.006          2.757          pin: u_hdmi_pll/u_output/bufg_feedback.clkout
net (fo=4)                              0.143          2.900          net: u_core/I_pixel_clk,  ../../../user_source/hdl_source/hdmi_1_4b_transmitter_core_wrapper.enc.v(24)
                                                                      pin: u_hdmi_pll/u_output/bufg_feedback_auto_created_sclk_s_1_r_bk1.clkin
SCLK                x023y059z12         0.025          2.925          pin: u_hdmi_pll/u_output/bufg_feedback_auto_created_sclk_s_1_r_bk1.clkout
net (fo=91)                             0.224          3.149          net: u_hdmi_pll/u_output/bufg_feedback_auto_created_sclk_s_1_r_bk1_sclk_outnet,  NOFILE(0)
                                                                      pin: u_core/u_hdmi_tx_controller_wrapper/u2_hdmi_tmds_encode/O_tmds_code_data_reg[0]_syn_2.clk
launch edge                             0.000    r     3.149               
--------------------------------------------------------------------  ---------------
clk2q               x033y048z0          0.062    f     3.211          pin: u_core/u_hdmi_tx_controller_wrapper/u2_hdmi_tmds_encode/O_tmds_code_data_reg[0]_syn_2.oqa
net (fo=1)                              0.125          3.336          net: u_phy/u2_lane_lvds_8_1/I_data_in[9],  ../../../user_source/hdl_source/lane_lvds_10_1.v(11)
                                                                      pin: u_phy/u2_lane_lvds_8_1/S_shift_data_reg[8]_syn_2.imb
LUT3 (reg)          x032y050z6          0.070    f     3.406       1  net: u_phy/u2_lane_lvds_8_1/S_shift_data[9],  ../../../user_source/hdl_source/lane_lvds_10_1.v(22)
--------------------------------------------------------------------  ---------------
Arrival                                                3.406               

source latency                          0.000          0.000               
port                C4                  0.000          0.000          pin: I_sys_clk
hierarchy                               0.000          0.000          pin: I_sys_clk_syn_2.ipad
HDIO                x033y078            0.915          0.915          pin: I_sys_clk_syn_2.sg09_di
HDIO                x033y078            0.290          1.205          pin: I_sys_clk_syn_2.di
net (fo=1)          x043y079            0.043          1.248          net: I_sys_clk_dup_1,  ../../../diagnostics/hdmi_1080p30_tpg/hdmi_tpg_top.v(4)
                                                                      pin: u_hdmi_pll/u_ref/ph1p_phy_pll_wrapper_25a56e5ce2f9_Inst/u_PH1P_PHY_PLL.refclk
PLL                 x043y079            0.435          1.683          pin: u_hdmi_pll/u_ref/ph1p_phy_pll_wrapper_25a56e5ce2f9_Inst/u_PH1P_PHY_PLL.clkc[0]
net (fo=1)                              0.339          2.022          net: u_hdmi_pll/u_ref/clk0_buf,  ../../../user_source/hdl_source/native_hdmi_pll.v(32)
                                                                      pin: u_hdmi_pll/u_ref/bufg_feedback.clkin[0]
GCLK                x023y039z16         0.007          2.029          pin: u_hdmi_pll/u_ref/bufg_feedback.clkout
net (fo=1)                              0.148          2.177          net: u_hdmi_pll/u_output/ph1p_phy_pll_wrapper_25a56e5ce2f9_Inst/refclk,  ../../../user_source/ip_source/PLL/RTL/ph1p_phy_pll_wrapper_25a56e5ce2f9.v(119)
                                                                      pin: u_hdmi_pll/u_ref/bufg_feedback_auto_created_sclk_s_0_l_bk1.clkin
SCLK                x023y019z0          0.030          2.207          pin: u_hdmi_pll/u_ref/bufg_feedback_auto_created_sclk_s_0_l_bk1.clkout
net (fo=1)          x000y039            0.131          2.338          net: u_hdmi_pll/u_ref/bufg_feedback_auto_created_sclk_s_0_l_bk1_sclk_outnet,  NOFILE(0)
                                                                      pin: u_hdmi_pll/u_output/ph1p_phy_pll_wrapper_25a56e5ce2f9_Inst/u_PH1P_PHY_PLL.refclk
PLL                 x000y039            0.436          2.774          pin: u_hdmi_pll/u_output/ph1p_phy_pll_wrapper_25a56e5ce2f9_Inst/u_PH1P_PHY_PLL.clkc[1]
net (fo=1)                              0.334          3.108          net: u_phy/u0_lane_lvds_8_1/I_serial_clk,  ../../../user_source/hdl_source/lane_lvds_10_1.v(8)
                                                                      pin: u_phy/u0_lane_lvds_8_1/I_serial_clk_created_gclkinst.clkin[0]
GCLK                x023y039z1          0.007          3.115          pin: u_phy/u0_lane_lvds_8_1/I_serial_clk_created_gclkinst.clkout
net (fo=1)                              0.158          3.273          net: u_phy/u0_lane_lvds_8_1/I_serial_clk_syn_1,  ../../../user_source/hdl_source/lane_lvds_10_1.v(8)
                                                                      pin: u_phy/u0_lane_lvds_8_1/I_serial_clk_created_gclkinst_auto_created_sclk_s_1_r_bk2.clkin
SCLK                x023y059z13         0.030          3.303          pin: u_phy/u0_lane_lvds_8_1/I_serial_clk_created_gclkinst_auto_created_sclk_s_1_r_bk2.clkout
net (fo=36)                             0.245          3.548          net: u_phy/u0_lane_lvds_8_1/I_serial_clk_created_gclkinst_auto_created_sclk_s_1_r_bk2_sclk_outnet,  NOFILE(0)
                                                                      pin: u_phy/u2_lane_lvds_8_1/S_shift_data_reg[8]_syn_2.clk
capture edge                            0.000    r     3.548               
--------------------------------------------------------------------  ---------------
hold                                    0.012          3.560               
clock uncertainty                       0.050          3.610               
clock pessimism                        -0.264          3.346               
--------------------------------------------------------------------  ---------------
Required                                               3.346               
--------------------------------------------------------------------  ---------------
Slack                                                  0.060               

Slack               : 0.088ns
Begin Point         : u_core/u_hdmi_tx_controller_wrapper/u1_hdmi_tmds_encode/O_tmds_code_data_reg[2]_syn_5.clk (rising edge triggered by clock u_hdmi_pll/u_output/ph1p_phy_pll_wrapper_25a56e5ce2f9_Inst/u_PH1P_PHY_PLL.clkc[0]  { rise@0.000000ns  fall@6.734000ns  period=13.468000 })
End Point           : u_phy/u1_lane_lvds_8_1/S_shift_data_reg[9]_syn_2.ima (rising edge triggered by clock u_hdmi_pll/u_output/ph1p_phy_pll_wrapper_25a56e5ce2f9_Inst/u_PH1P_PHY_PLL.clkc[1]  { rise@0.000000ns  fall@1.346000ns  period=2.693000 })
Check Type          : hold
Process             : fast_m40c
Budget              : 0.000ns { u_hdmi_pll/u_output/ph1p_phy_pll_wrapper_25a56e5ce2f9_Inst/u_PH1P_PHY_PLL.clkc[0] rising@0.000ns - u_hdmi_pll/u_output/ph1p_phy_pll_wrapper_25a56e5ce2f9_Inst/u_PH1P_PHY_PLL.clkc[1] rising@0.000ns }
Data Path Delay     : 0.285ns (cell 0.174ns (61%), net 0.111ns (39%))
Clock Skew          : 0.135ns
Logic Level         : 1 ( LUT3=1 )
Max Fanout          : 1
Clock Uncertainty   : 0.050ns (sdc uncertainty: 0.000ns, default uncertainty: 0.050ns)

Delay Type          Location             Incr           Path   Level  Netlist Info
--------------------------------------------------------------------  ---------------
source latency                          0.000          0.000               
port                C4                  0.000          0.000          pin: I_sys_clk
hierarchy                               0.000          0.000          pin: I_sys_clk_syn_2.ipad
HDIO                x033y078            0.810          0.810          pin: I_sys_clk_syn_2.sg09_di
HDIO                x033y078            0.257          1.067          pin: I_sys_clk_syn_2.di
net (fo=1)          x043y079            0.040          1.107          net: I_sys_clk_dup_1,  ../../../diagnostics/hdmi_1080p30_tpg/hdmi_tpg_top.v(4)
                                                                      pin: u_hdmi_pll/u_ref/ph1p_phy_pll_wrapper_25a56e5ce2f9_Inst/u_PH1P_PHY_PLL.refclk
PLL                 x043y079            0.367          1.474          pin: u_hdmi_pll/u_ref/ph1p_phy_pll_wrapper_25a56e5ce2f9_Inst/u_PH1P_PHY_PLL.clkc[0]
net (fo=1)                              0.312          1.786          net: u_hdmi_pll/u_ref/clk0_buf,  ../../../user_source/hdl_source/native_hdmi_pll.v(32)
                                                                      pin: u_hdmi_pll/u_ref/bufg_feedback.clkin[0]
GCLK                x023y039z16         0.006          1.792          pin: u_hdmi_pll/u_ref/bufg_feedback.clkout
net (fo=1)                              0.136          1.928          net: u_hdmi_pll/u_output/ph1p_phy_pll_wrapper_25a56e5ce2f9_Inst/refclk,  ../../../user_source/ip_source/PLL/RTL/ph1p_phy_pll_wrapper_25a56e5ce2f9.v(119)
                                                                      pin: u_hdmi_pll/u_ref/bufg_feedback_auto_created_sclk_s_0_l_bk1.clkin
SCLK                x023y019z0          0.025          1.953          pin: u_hdmi_pll/u_ref/bufg_feedback_auto_created_sclk_s_0_l_bk1.clkout
net (fo=1)          x000y039            0.121          2.074          net: u_hdmi_pll/u_ref/bufg_feedback_auto_created_sclk_s_0_l_bk1_sclk_outnet,  NOFILE(0)
                                                                      pin: u_hdmi_pll/u_output/ph1p_phy_pll_wrapper_25a56e5ce2f9_Inst/u_PH1P_PHY_PLL.refclk
PLL                 x000y039            0.367          2.441          pin: u_hdmi_pll/u_output/ph1p_phy_pll_wrapper_25a56e5ce2f9_Inst/u_PH1P_PHY_PLL.clkc[0]
net (fo=1)                              0.310          2.751          net: u_hdmi_pll/u_output/clk0_buf,  ../../../user_source/hdl_source/native_hdmi_pll.v(32)
                                                                      pin: u_hdmi_pll/u_output/bufg_feedback.clkin[0]
GCLK                x023y039z0          0.006          2.757          pin: u_hdmi_pll/u_output/bufg_feedback.clkout
net (fo=4)                              0.143          2.900          net: u_core/I_pixel_clk,  ../../../user_source/hdl_source/hdmi_1_4b_transmitter_core_wrapper.enc.v(24)
                                                                      pin: u_hdmi_pll/u_output/bufg_feedback_auto_created_sclk_s_1_r_bk1.clkin
SCLK                x023y059z12         0.025          2.925          pin: u_hdmi_pll/u_output/bufg_feedback_auto_created_sclk_s_1_r_bk1.clkout
net (fo=91)                             0.224          3.149          net: u_hdmi_pll/u_output/bufg_feedback_auto_created_sclk_s_1_r_bk1_sclk_outnet,  NOFILE(0)
                                                                      pin: u_core/u_hdmi_tx_controller_wrapper/u1_hdmi_tmds_encode/O_tmds_code_data_reg[2]_syn_5.clk
launch edge                             0.000    r     3.149               
--------------------------------------------------------------------  ---------------
clk2q               x032y051z0          0.065    r     3.214          pin: u_core/u_hdmi_tx_controller_wrapper/u1_hdmi_tmds_encode/O_tmds_code_data_reg[2]_syn_5.oqb
net (fo=1)                              0.058          3.272          net: u_phy/u1_lane_lvds_8_1/I_data_in[9],  ../../../user_source/hdl_source/lane_lvds_10_1.v(11)
                                                                      pin: u_phy/u1_lane_lvds_8_1/S_shift_data_reg[9]_syn_2.ic
LUT3                x032y050z5          0.080    f     3.352       1  pin: u_phy/u1_lane_lvds_8_1/S_shift_data_reg[9]_syn_2.ofb
net (fo=1)                              0.053          3.405          net: u_phy/u1_lane_lvds_8_1/S_shift_data_b[9],  NOFILE(0)
                                                                      pin: u_phy/u1_lane_lvds_8_1/S_shift_data_reg[9]_syn_2.ima
reg                 x032y050z5          0.029    f     3.434          net: u_phy/u1_lane_lvds_8_1/S_shift_data[9],  ../../../user_source/hdl_source/lane_lvds_10_1.v(22)
--------------------------------------------------------------------  ---------------
Arrival                                                3.434               

source latency                          0.000          0.000               
port                C4                  0.000          0.000          pin: I_sys_clk
hierarchy                               0.000          0.000          pin: I_sys_clk_syn_2.ipad
HDIO                x033y078            0.915          0.915          pin: I_sys_clk_syn_2.sg09_di
HDIO                x033y078            0.290          1.205          pin: I_sys_clk_syn_2.di
net (fo=1)          x043y079            0.043          1.248          net: I_sys_clk_dup_1,  ../../../diagnostics/hdmi_1080p30_tpg/hdmi_tpg_top.v(4)
                                                                      pin: u_hdmi_pll/u_ref/ph1p_phy_pll_wrapper_25a56e5ce2f9_Inst/u_PH1P_PHY_PLL.refclk
PLL                 x043y079            0.435          1.683          pin: u_hdmi_pll/u_ref/ph1p_phy_pll_wrapper_25a56e5ce2f9_Inst/u_PH1P_PHY_PLL.clkc[0]
net (fo=1)                              0.339          2.022          net: u_hdmi_pll/u_ref/clk0_buf,  ../../../user_source/hdl_source/native_hdmi_pll.v(32)
                                                                      pin: u_hdmi_pll/u_ref/bufg_feedback.clkin[0]
GCLK                x023y039z16         0.007          2.029          pin: u_hdmi_pll/u_ref/bufg_feedback.clkout
net (fo=1)                              0.148          2.177          net: u_hdmi_pll/u_output/ph1p_phy_pll_wrapper_25a56e5ce2f9_Inst/refclk,  ../../../user_source/ip_source/PLL/RTL/ph1p_phy_pll_wrapper_25a56e5ce2f9.v(119)
                                                                      pin: u_hdmi_pll/u_ref/bufg_feedback_auto_created_sclk_s_0_l_bk1.clkin
SCLK                x023y019z0          0.030          2.207          pin: u_hdmi_pll/u_ref/bufg_feedback_auto_created_sclk_s_0_l_bk1.clkout
net (fo=1)          x000y039            0.131          2.338          net: u_hdmi_pll/u_ref/bufg_feedback_auto_created_sclk_s_0_l_bk1_sclk_outnet,  NOFILE(0)
                                                                      pin: u_hdmi_pll/u_output/ph1p_phy_pll_wrapper_25a56e5ce2f9_Inst/u_PH1P_PHY_PLL.refclk
PLL                 x000y039            0.436          2.774          pin: u_hdmi_pll/u_output/ph1p_phy_pll_wrapper_25a56e5ce2f9_Inst/u_PH1P_PHY_PLL.clkc[1]
net (fo=1)                              0.334          3.108          net: u_phy/u0_lane_lvds_8_1/I_serial_clk,  ../../../user_source/hdl_source/lane_lvds_10_1.v(8)
                                                                      pin: u_phy/u0_lane_lvds_8_1/I_serial_clk_created_gclkinst.clkin[0]
GCLK                x023y039z1          0.007          3.115          pin: u_phy/u0_lane_lvds_8_1/I_serial_clk_created_gclkinst.clkout
net (fo=1)                              0.158          3.273          net: u_phy/u0_lane_lvds_8_1/I_serial_clk_syn_1,  ../../../user_source/hdl_source/lane_lvds_10_1.v(8)
                                                                      pin: u_phy/u0_lane_lvds_8_1/I_serial_clk_created_gclkinst_auto_created_sclk_s_1_r_bk2.clkin
SCLK                x023y059z13         0.030          3.303          pin: u_phy/u0_lane_lvds_8_1/I_serial_clk_created_gclkinst_auto_created_sclk_s_1_r_bk2.clkout
net (fo=36)                             0.245          3.548          net: u_phy/u0_lane_lvds_8_1/I_serial_clk_created_gclkinst_auto_created_sclk_s_1_r_bk2_sclk_outnet,  NOFILE(0)
                                                                      pin: u_phy/u1_lane_lvds_8_1/S_shift_data_reg[9]_syn_2.clk
capture edge                            0.000    r     3.548               
--------------------------------------------------------------------  ---------------
hold                                    0.012          3.560               
clock uncertainty                       0.050          3.610               
clock pessimism                        -0.264          3.346               
--------------------------------------------------------------------  ---------------
Required                                               3.346               
--------------------------------------------------------------------  ---------------
Slack                                                  0.088               

Slack               : 0.092ns
Begin Point         : u_core/u_hdmi_tx_controller_wrapper/u1_hdmi_tmds_encode/O_tmds_code_data_reg[3]_syn_2.clk (rising edge triggered by clock u_hdmi_pll/u_output/ph1p_phy_pll_wrapper_25a56e5ce2f9_Inst/u_PH1P_PHY_PLL.clkc[0]  { rise@0.000000ns  fall@6.734000ns  period=13.468000 })
End Point           : u_phy/u1_lane_lvds_8_1/S_shift_data_reg[4]_syn_2.imb (rising edge triggered by clock u_hdmi_pll/u_output/ph1p_phy_pll_wrapper_25a56e5ce2f9_Inst/u_PH1P_PHY_PLL.clkc[1]  { rise@0.000000ns  fall@1.346000ns  period=2.693000 })
Check Type          : hold
Process             : fast_m40c
Budget              : 0.000ns { u_hdmi_pll/u_output/ph1p_phy_pll_wrapper_25a56e5ce2f9_Inst/u_PH1P_PHY_PLL.clkc[0] rising@0.000ns - u_hdmi_pll/u_output/ph1p_phy_pll_wrapper_25a56e5ce2f9_Inst/u_PH1P_PHY_PLL.clkc[1] rising@0.000ns }
Data Path Delay     : 0.289ns (cell 0.132ns (45%), net 0.157ns (55%))
Clock Skew          : 0.135ns
Logic Level         : 1 ( LUT3=1 )
Max Fanout          : 1
Clock Uncertainty   : 0.050ns (sdc uncertainty: 0.000ns, default uncertainty: 0.050ns)

Delay Type          Location             Incr           Path   Level  Netlist Info
--------------------------------------------------------------------  ---------------
source latency                          0.000          0.000               
port                C4                  0.000          0.000          pin: I_sys_clk
hierarchy                               0.000          0.000          pin: I_sys_clk_syn_2.ipad
HDIO                x033y078            0.810          0.810          pin: I_sys_clk_syn_2.sg09_di
HDIO                x033y078            0.257          1.067          pin: I_sys_clk_syn_2.di
net (fo=1)          x043y079            0.040          1.107          net: I_sys_clk_dup_1,  ../../../diagnostics/hdmi_1080p30_tpg/hdmi_tpg_top.v(4)
                                                                      pin: u_hdmi_pll/u_ref/ph1p_phy_pll_wrapper_25a56e5ce2f9_Inst/u_PH1P_PHY_PLL.refclk
PLL                 x043y079            0.367          1.474          pin: u_hdmi_pll/u_ref/ph1p_phy_pll_wrapper_25a56e5ce2f9_Inst/u_PH1P_PHY_PLL.clkc[0]
net (fo=1)                              0.312          1.786          net: u_hdmi_pll/u_ref/clk0_buf,  ../../../user_source/hdl_source/native_hdmi_pll.v(32)
                                                                      pin: u_hdmi_pll/u_ref/bufg_feedback.clkin[0]
GCLK                x023y039z16         0.006          1.792          pin: u_hdmi_pll/u_ref/bufg_feedback.clkout
net (fo=1)                              0.136          1.928          net: u_hdmi_pll/u_output/ph1p_phy_pll_wrapper_25a56e5ce2f9_Inst/refclk,  ../../../user_source/ip_source/PLL/RTL/ph1p_phy_pll_wrapper_25a56e5ce2f9.v(119)
                                                                      pin: u_hdmi_pll/u_ref/bufg_feedback_auto_created_sclk_s_0_l_bk1.clkin
SCLK                x023y019z0          0.025          1.953          pin: u_hdmi_pll/u_ref/bufg_feedback_auto_created_sclk_s_0_l_bk1.clkout
net (fo=1)          x000y039            0.121          2.074          net: u_hdmi_pll/u_ref/bufg_feedback_auto_created_sclk_s_0_l_bk1_sclk_outnet,  NOFILE(0)
                                                                      pin: u_hdmi_pll/u_output/ph1p_phy_pll_wrapper_25a56e5ce2f9_Inst/u_PH1P_PHY_PLL.refclk
PLL                 x000y039            0.367          2.441          pin: u_hdmi_pll/u_output/ph1p_phy_pll_wrapper_25a56e5ce2f9_Inst/u_PH1P_PHY_PLL.clkc[0]
net (fo=1)                              0.310          2.751          net: u_hdmi_pll/u_output/clk0_buf,  ../../../user_source/hdl_source/native_hdmi_pll.v(32)
                                                                      pin: u_hdmi_pll/u_output/bufg_feedback.clkin[0]
GCLK                x023y039z0          0.006          2.757          pin: u_hdmi_pll/u_output/bufg_feedback.clkout
net (fo=4)                              0.143          2.900          net: u_core/I_pixel_clk,  ../../../user_source/hdl_source/hdmi_1_4b_transmitter_core_wrapper.enc.v(24)
                                                                      pin: u_hdmi_pll/u_output/bufg_feedback_auto_created_sclk_s_1_r_bk1.clkin
SCLK                x023y059z12         0.025          2.925          pin: u_hdmi_pll/u_output/bufg_feedback_auto_created_sclk_s_1_r_bk1.clkout
net (fo=91)                             0.224          3.149          net: u_hdmi_pll/u_output/bufg_feedback_auto_created_sclk_s_1_r_bk1_sclk_outnet,  NOFILE(0)
                                                                      pin: u_core/u_hdmi_tx_controller_wrapper/u1_hdmi_tmds_encode/O_tmds_code_data_reg[3]_syn_2.clk
launch edge                             0.000    r     3.149               
--------------------------------------------------------------------  ---------------
clk2q               x032y051z5          0.062    f     3.211          pin: u_core/u_hdmi_tx_controller_wrapper/u1_hdmi_tmds_encode/O_tmds_code_data_reg[3]_syn_2.oqa
net (fo=1)                              0.157          3.368          net: u_phy/u1_lane_lvds_8_1/I_data_in[6],  ../../../user_source/hdl_source/lane_lvds_10_1.v(11)
                                                                      pin: u_phy/u1_lane_lvds_8_1/S_shift_data_reg[4]_syn_2.imb
LUT3 (reg)          x032y048z4          0.070    f     3.438       1  net: u_phy/u1_lane_lvds_8_1/S_shift_data[6],  ../../../user_source/hdl_source/lane_lvds_10_1.v(22)
--------------------------------------------------------------------  ---------------
Arrival                                                3.438               

source latency                          0.000          0.000               
port                C4                  0.000          0.000          pin: I_sys_clk
hierarchy                               0.000          0.000          pin: I_sys_clk_syn_2.ipad
HDIO                x033y078            0.915          0.915          pin: I_sys_clk_syn_2.sg09_di
HDIO                x033y078            0.290          1.205          pin: I_sys_clk_syn_2.di
net (fo=1)          x043y079            0.043          1.248          net: I_sys_clk_dup_1,  ../../../diagnostics/hdmi_1080p30_tpg/hdmi_tpg_top.v(4)
                                                                      pin: u_hdmi_pll/u_ref/ph1p_phy_pll_wrapper_25a56e5ce2f9_Inst/u_PH1P_PHY_PLL.refclk
PLL                 x043y079            0.435          1.683          pin: u_hdmi_pll/u_ref/ph1p_phy_pll_wrapper_25a56e5ce2f9_Inst/u_PH1P_PHY_PLL.clkc[0]
net (fo=1)                              0.339          2.022          net: u_hdmi_pll/u_ref/clk0_buf,  ../../../user_source/hdl_source/native_hdmi_pll.v(32)
                                                                      pin: u_hdmi_pll/u_ref/bufg_feedback.clkin[0]
GCLK                x023y039z16         0.007          2.029          pin: u_hdmi_pll/u_ref/bufg_feedback.clkout
net (fo=1)                              0.148          2.177          net: u_hdmi_pll/u_output/ph1p_phy_pll_wrapper_25a56e5ce2f9_Inst/refclk,  ../../../user_source/ip_source/PLL/RTL/ph1p_phy_pll_wrapper_25a56e5ce2f9.v(119)
                                                                      pin: u_hdmi_pll/u_ref/bufg_feedback_auto_created_sclk_s_0_l_bk1.clkin
SCLK                x023y019z0          0.030          2.207          pin: u_hdmi_pll/u_ref/bufg_feedback_auto_created_sclk_s_0_l_bk1.clkout
net (fo=1)          x000y039            0.131          2.338          net: u_hdmi_pll/u_ref/bufg_feedback_auto_created_sclk_s_0_l_bk1_sclk_outnet,  NOFILE(0)
                                                                      pin: u_hdmi_pll/u_output/ph1p_phy_pll_wrapper_25a56e5ce2f9_Inst/u_PH1P_PHY_PLL.refclk
PLL                 x000y039            0.436          2.774          pin: u_hdmi_pll/u_output/ph1p_phy_pll_wrapper_25a56e5ce2f9_Inst/u_PH1P_PHY_PLL.clkc[1]
net (fo=1)                              0.334          3.108          net: u_phy/u0_lane_lvds_8_1/I_serial_clk,  ../../../user_source/hdl_source/lane_lvds_10_1.v(8)
                                                                      pin: u_phy/u0_lane_lvds_8_1/I_serial_clk_created_gclkinst.clkin[0]
GCLK                x023y039z1          0.007          3.115          pin: u_phy/u0_lane_lvds_8_1/I_serial_clk_created_gclkinst.clkout
net (fo=1)                              0.158          3.273          net: u_phy/u0_lane_lvds_8_1/I_serial_clk_syn_1,  ../../../user_source/hdl_source/lane_lvds_10_1.v(8)
                                                                      pin: u_phy/u0_lane_lvds_8_1/I_serial_clk_created_gclkinst_auto_created_sclk_s_1_r_bk2.clkin
SCLK                x023y059z13         0.030          3.303          pin: u_phy/u0_lane_lvds_8_1/I_serial_clk_created_gclkinst_auto_created_sclk_s_1_r_bk2.clkout
net (fo=36)                             0.245          3.548          net: u_phy/u0_lane_lvds_8_1/I_serial_clk_created_gclkinst_auto_created_sclk_s_1_r_bk2_sclk_outnet,  NOFILE(0)
                                                                      pin: u_phy/u1_lane_lvds_8_1/S_shift_data_reg[4]_syn_2.clk
capture edge                            0.000    r     3.548               
--------------------------------------------------------------------  ---------------
hold                                    0.012          3.560               
clock uncertainty                       0.050          3.610               
clock pessimism                        -0.264          3.346               
--------------------------------------------------------------------  ---------------
Required                                               3.346               
--------------------------------------------------------------------  ---------------
Slack                                                  0.092               

Slack               : 0.129ns
Begin Point         : u_core/u_hdmi_tx_controller_wrapper/u2_hdmi_tmds_encode/O_tmds_code_data_reg[9]_syn_2.clk (rising edge triggered by clock u_hdmi_pll/u_output/ph1p_phy_pll_wrapper_25a56e5ce2f9_Inst/u_PH1P_PHY_PLL.clkc[0]  { rise@0.000000ns  fall@6.734000ns  period=13.468000 })
End Point           : u_phy/u0_lane_lvds_8_1/S_shift_data_reg[5]_syn_2.imb (rising edge triggered by clock u_hdmi_pll/u_output/ph1p_phy_pll_wrapper_25a56e5ce2f9_Inst/u_PH1P_PHY_PLL.clkc[1]  { rise@0.000000ns  fall@1.346000ns  period=2.693000 })
Check Type          : hold
Process             : fast_m40c
Budget              : 0.000ns { u_hdmi_pll/u_output/ph1p_phy_pll_wrapper_25a56e5ce2f9_Inst/u_PH1P_PHY_PLL.clkc[0] rising@0.000ns - u_hdmi_pll/u_output/ph1p_phy_pll_wrapper_25a56e5ce2f9_Inst/u_PH1P_PHY_PLL.clkc[1] rising@0.000ns }
Data Path Delay     : 0.326ns (cell 0.135ns (41%), net 0.191ns (59%))
Clock Skew          : 0.135ns
Logic Level         : 1 ( LUT3=1 )
Max Fanout          : 1
Clock Uncertainty   : 0.050ns (sdc uncertainty: 0.000ns, default uncertainty: 0.050ns)

Delay Type          Location             Incr           Path   Level  Netlist Info
--------------------------------------------------------------------  ---------------
source latency                          0.000          0.000               
port                C4                  0.000          0.000          pin: I_sys_clk
hierarchy                               0.000          0.000          pin: I_sys_clk_syn_2.ipad
HDIO                x033y078            0.810          0.810          pin: I_sys_clk_syn_2.sg09_di
HDIO                x033y078            0.257          1.067          pin: I_sys_clk_syn_2.di
net (fo=1)          x043y079            0.040          1.107          net: I_sys_clk_dup_1,  ../../../diagnostics/hdmi_1080p30_tpg/hdmi_tpg_top.v(4)
                                                                      pin: u_hdmi_pll/u_ref/ph1p_phy_pll_wrapper_25a56e5ce2f9_Inst/u_PH1P_PHY_PLL.refclk
PLL                 x043y079            0.367          1.474          pin: u_hdmi_pll/u_ref/ph1p_phy_pll_wrapper_25a56e5ce2f9_Inst/u_PH1P_PHY_PLL.clkc[0]
net (fo=1)                              0.312          1.786          net: u_hdmi_pll/u_ref/clk0_buf,  ../../../user_source/hdl_source/native_hdmi_pll.v(32)
                                                                      pin: u_hdmi_pll/u_ref/bufg_feedback.clkin[0]
GCLK                x023y039z16         0.006          1.792          pin: u_hdmi_pll/u_ref/bufg_feedback.clkout
net (fo=1)                              0.136          1.928          net: u_hdmi_pll/u_output/ph1p_phy_pll_wrapper_25a56e5ce2f9_Inst/refclk,  ../../../user_source/ip_source/PLL/RTL/ph1p_phy_pll_wrapper_25a56e5ce2f9.v(119)
                                                                      pin: u_hdmi_pll/u_ref/bufg_feedback_auto_created_sclk_s_0_l_bk1.clkin
SCLK                x023y019z0          0.025          1.953          pin: u_hdmi_pll/u_ref/bufg_feedback_auto_created_sclk_s_0_l_bk1.clkout
net (fo=1)          x000y039            0.121          2.074          net: u_hdmi_pll/u_ref/bufg_feedback_auto_created_sclk_s_0_l_bk1_sclk_outnet,  NOFILE(0)
                                                                      pin: u_hdmi_pll/u_output/ph1p_phy_pll_wrapper_25a56e5ce2f9_Inst/u_PH1P_PHY_PLL.refclk
PLL                 x000y039            0.367          2.441          pin: u_hdmi_pll/u_output/ph1p_phy_pll_wrapper_25a56e5ce2f9_Inst/u_PH1P_PHY_PLL.clkc[0]
net (fo=1)                              0.310          2.751          net: u_hdmi_pll/u_output/clk0_buf,  ../../../user_source/hdl_source/native_hdmi_pll.v(32)
                                                                      pin: u_hdmi_pll/u_output/bufg_feedback.clkin[0]
GCLK                x023y039z0          0.006          2.757          pin: u_hdmi_pll/u_output/bufg_feedback.clkout
net (fo=4)                              0.143          2.900          net: u_core/I_pixel_clk,  ../../../user_source/hdl_source/hdmi_1_4b_transmitter_core_wrapper.enc.v(24)
                                                                      pin: u_hdmi_pll/u_output/bufg_feedback_auto_created_sclk_s_1_r_bk1.clkin
SCLK                x023y059z12         0.025          2.925          pin: u_hdmi_pll/u_output/bufg_feedback_auto_created_sclk_s_1_r_bk1.clkout
net (fo=91)                             0.224          3.149          net: u_hdmi_pll/u_output/bufg_feedback_auto_created_sclk_s_1_r_bk1_sclk_outnet,  NOFILE(0)
                                                                      pin: u_core/u_hdmi_tx_controller_wrapper/u2_hdmi_tmds_encode/O_tmds_code_data_reg[9]_syn_2.clk
launch edge                             0.000    r     3.149               
--------------------------------------------------------------------  ---------------
clk2q               x031y048z5          0.065    r     3.214          pin: u_core/u_hdmi_tx_controller_wrapper/u2_hdmi_tmds_encode/O_tmds_code_data_reg[9]_syn_2.oqb
net (fo=1)                              0.191          3.405          net: u_phy/u2_lane_lvds_8_1/I_data_in[5],  ../../../user_source/hdl_source/lane_lvds_10_1.v(11)
                                                                      pin: u_phy/u0_lane_lvds_8_1/S_shift_data_reg[5]_syn_2.imb
LUT3 (reg)          x033y049z3          0.070    f     3.475       1  net: u_phy/u2_lane_lvds_8_1/S_shift_data[5],  ../../../user_source/hdl_source/lane_lvds_10_1.v(22)
--------------------------------------------------------------------  ---------------
Arrival                                                3.475               

source latency                          0.000          0.000               
port                C4                  0.000          0.000          pin: I_sys_clk
hierarchy                               0.000          0.000          pin: I_sys_clk_syn_2.ipad
HDIO                x033y078            0.915          0.915          pin: I_sys_clk_syn_2.sg09_di
HDIO                x033y078            0.290          1.205          pin: I_sys_clk_syn_2.di
net (fo=1)          x043y079            0.043          1.248          net: I_sys_clk_dup_1,  ../../../diagnostics/hdmi_1080p30_tpg/hdmi_tpg_top.v(4)
                                                                      pin: u_hdmi_pll/u_ref/ph1p_phy_pll_wrapper_25a56e5ce2f9_Inst/u_PH1P_PHY_PLL.refclk
PLL                 x043y079            0.435          1.683          pin: u_hdmi_pll/u_ref/ph1p_phy_pll_wrapper_25a56e5ce2f9_Inst/u_PH1P_PHY_PLL.clkc[0]
net (fo=1)                              0.339          2.022          net: u_hdmi_pll/u_ref/clk0_buf,  ../../../user_source/hdl_source/native_hdmi_pll.v(32)
                                                                      pin: u_hdmi_pll/u_ref/bufg_feedback.clkin[0]
GCLK                x023y039z16         0.007          2.029          pin: u_hdmi_pll/u_ref/bufg_feedback.clkout
net (fo=1)                              0.148          2.177          net: u_hdmi_pll/u_output/ph1p_phy_pll_wrapper_25a56e5ce2f9_Inst/refclk,  ../../../user_source/ip_source/PLL/RTL/ph1p_phy_pll_wrapper_25a56e5ce2f9.v(119)
                                                                      pin: u_hdmi_pll/u_ref/bufg_feedback_auto_created_sclk_s_0_l_bk1.clkin
SCLK                x023y019z0          0.030          2.207          pin: u_hdmi_pll/u_ref/bufg_feedback_auto_created_sclk_s_0_l_bk1.clkout
net (fo=1)          x000y039            0.131          2.338          net: u_hdmi_pll/u_ref/bufg_feedback_auto_created_sclk_s_0_l_bk1_sclk_outnet,  NOFILE(0)
                                                                      pin: u_hdmi_pll/u_output/ph1p_phy_pll_wrapper_25a56e5ce2f9_Inst/u_PH1P_PHY_PLL.refclk
PLL                 x000y039            0.436          2.774          pin: u_hdmi_pll/u_output/ph1p_phy_pll_wrapper_25a56e5ce2f9_Inst/u_PH1P_PHY_PLL.clkc[1]
net (fo=1)                              0.334          3.108          net: u_phy/u0_lane_lvds_8_1/I_serial_clk,  ../../../user_source/hdl_source/lane_lvds_10_1.v(8)
                                                                      pin: u_phy/u0_lane_lvds_8_1/I_serial_clk_created_gclkinst.clkin[0]
GCLK                x023y039z1          0.007          3.115          pin: u_phy/u0_lane_lvds_8_1/I_serial_clk_created_gclkinst.clkout
net (fo=1)                              0.158          3.273          net: u_phy/u0_lane_lvds_8_1/I_serial_clk_syn_1,  ../../../user_source/hdl_source/lane_lvds_10_1.v(8)
                                                                      pin: u_phy/u0_lane_lvds_8_1/I_serial_clk_created_gclkinst_auto_created_sclk_s_1_r_bk2.clkin
SCLK                x023y059z13         0.030          3.303          pin: u_phy/u0_lane_lvds_8_1/I_serial_clk_created_gclkinst_auto_created_sclk_s_1_r_bk2.clkout
net (fo=36)                             0.245          3.548          net: u_phy/u0_lane_lvds_8_1/I_serial_clk_created_gclkinst_auto_created_sclk_s_1_r_bk2_sclk_outnet,  NOFILE(0)
                                                                      pin: u_phy/u0_lane_lvds_8_1/S_shift_data_reg[5]_syn_2.clk
capture edge                            0.000    r     3.548               
--------------------------------------------------------------------  ---------------
hold                                    0.012          3.560               
clock uncertainty                       0.050          3.610               
clock pessimism                        -0.264          3.346               
--------------------------------------------------------------------  ---------------
Required                                               3.346               
--------------------------------------------------------------------  ---------------
Slack                                                  0.129               

Slack               : 0.145ns
Begin Point         : reset_sync_reg[2]_syn_5.clk (rising edge triggered by clock u_hdmi_pll/u_output/ph1p_phy_pll_wrapper_25a56e5ce2f9_Inst/u_PH1P_PHY_PLL.clkc[0]  { rise@0.000000ns  fall@6.734000ns  period=13.468000 })
End Point           : u_phy/u0_lane_lvds_8_1/S_shift_data_reg[9]_syn_2.asr (rising edge triggered by clock u_hdmi_pll/u_output/ph1p_phy_pll_wrapper_25a56e5ce2f9_Inst/u_PH1P_PHY_PLL.clkc[1]  { rise@0.000000ns  fall@1.346000ns  period=2.693000 })
Check Type          : removal
Process             : fast_m40c
Budget              : 0.000ns { u_hdmi_pll/u_output/ph1p_phy_pll_wrapper_25a56e5ce2f9_Inst/u_PH1P_PHY_PLL.clkc[0] rising@0.000ns - u_hdmi_pll/u_output/ph1p_phy_pll_wrapper_25a56e5ce2f9_Inst/u_PH1P_PHY_PLL.clkc[1] rising@0.000ns }
Data Path Delay     : 0.332ns (cell 0.065ns (19%), net 0.267ns (81%))
Clock Skew          : 0.137ns
Logic Level         : 0
Max Fanout          : 27
Clock Uncertainty   : 0.050ns (sdc uncertainty: 0.000ns, default uncertainty: 0.050ns)

Delay Type          Location             Incr           Path   Level  Netlist Info
--------------------------------------------------------------------  ---------------
source latency                          0.000          0.000               
port                C4                  0.000          0.000          pin: I_sys_clk
hierarchy                               0.000          0.000          pin: I_sys_clk_syn_2.ipad
HDIO                x033y078            0.810          0.810          pin: I_sys_clk_syn_2.sg09_di
HDIO                x033y078            0.257          1.067          pin: I_sys_clk_syn_2.di
net (fo=1)          x043y079            0.040          1.107          net: I_sys_clk_dup_1,  ../../../diagnostics/hdmi_1080p30_tpg/hdmi_tpg_top.v(4)
                                                                      pin: u_hdmi_pll/u_ref/ph1p_phy_pll_wrapper_25a56e5ce2f9_Inst/u_PH1P_PHY_PLL.refclk
PLL                 x043y079            0.367          1.474          pin: u_hdmi_pll/u_ref/ph1p_phy_pll_wrapper_25a56e5ce2f9_Inst/u_PH1P_PHY_PLL.clkc[0]
net (fo=1)                              0.312          1.786          net: u_hdmi_pll/u_ref/clk0_buf,  ../../../user_source/hdl_source/native_hdmi_pll.v(32)
                                                                      pin: u_hdmi_pll/u_ref/bufg_feedback.clkin[0]
GCLK                x023y039z16         0.006          1.792          pin: u_hdmi_pll/u_ref/bufg_feedback.clkout
net (fo=1)                              0.136          1.928          net: u_hdmi_pll/u_output/ph1p_phy_pll_wrapper_25a56e5ce2f9_Inst/refclk,  ../../../user_source/ip_source/PLL/RTL/ph1p_phy_pll_wrapper_25a56e5ce2f9.v(119)
                                                                      pin: u_hdmi_pll/u_ref/bufg_feedback_auto_created_sclk_s_0_l_bk1.clkin
SCLK                x023y019z0          0.025          1.953          pin: u_hdmi_pll/u_ref/bufg_feedback_auto_created_sclk_s_0_l_bk1.clkout
net (fo=1)          x000y039            0.121          2.074          net: u_hdmi_pll/u_ref/bufg_feedback_auto_created_sclk_s_0_l_bk1_sclk_outnet,  NOFILE(0)
                                                                      pin: u_hdmi_pll/u_output/ph1p_phy_pll_wrapper_25a56e5ce2f9_Inst/u_PH1P_PHY_PLL.refclk
PLL                 x000y039            0.367          2.441          pin: u_hdmi_pll/u_output/ph1p_phy_pll_wrapper_25a56e5ce2f9_Inst/u_PH1P_PHY_PLL.clkc[0]
net (fo=1)                              0.310          2.751          net: u_hdmi_pll/u_output/clk0_buf,  ../../../user_source/hdl_source/native_hdmi_pll.v(32)
                                                                      pin: u_hdmi_pll/u_output/bufg_feedback.clkin[0]
GCLK                x023y039z0          0.006          2.757          pin: u_hdmi_pll/u_output/bufg_feedback.clkout
net (fo=4)                              0.143          2.900          net: u_core/I_pixel_clk,  ../../../user_source/hdl_source/hdmi_1_4b_transmitter_core_wrapper.enc.v(24)
                                                                      pin: u_hdmi_pll/u_output/bufg_feedback_auto_created_sclk_s_1_r_bk1.clkin
SCLK                x023y059z12         0.025          2.925          pin: u_hdmi_pll/u_output/bufg_feedback_auto_created_sclk_s_1_r_bk1.clkout
net (fo=91)                             0.222          3.147          net: u_hdmi_pll/u_output/bufg_feedback_auto_created_sclk_s_1_r_bk1_sclk_outnet,  NOFILE(0)
                                                                      pin: reset_sync_reg[2]_syn_5.clk
launch edge                             0.000    r     3.147               
--------------------------------------------------------------------  ---------------
clk2q               x041y054z2          0.065    r     3.212          pin: reset_sync_reg[2]_syn_5.oqb
net (fo=27)                             0.267          3.479          net: reset_sync[2],  ../../../diagnostics/hdmi_1080p30_tpg/hdmi_tpg_top.v(11)
                                                                      pin: u_phy/u0_lane_lvds_8_1/S_shift_data_reg[9]_syn_2.asr
reg                 x033y049z2          0.000    f     3.479               
--------------------------------------------------------------------  ---------------
Arrival                                                3.479               

source latency                          0.000          0.000               
port                C4                  0.000          0.000          pin: I_sys_clk
hierarchy                               0.000          0.000          pin: I_sys_clk_syn_2.ipad
HDIO                x033y078            0.915          0.915          pin: I_sys_clk_syn_2.sg09_di
HDIO                x033y078            0.290          1.205          pin: I_sys_clk_syn_2.di
net (fo=1)          x043y079            0.043          1.248          net: I_sys_clk_dup_1,  ../../../diagnostics/hdmi_1080p30_tpg/hdmi_tpg_top.v(4)
                                                                      pin: u_hdmi_pll/u_ref/ph1p_phy_pll_wrapper_25a56e5ce2f9_Inst/u_PH1P_PHY_PLL.refclk
PLL                 x043y079            0.435          1.683          pin: u_hdmi_pll/u_ref/ph1p_phy_pll_wrapper_25a56e5ce2f9_Inst/u_PH1P_PHY_PLL.clkc[0]
net (fo=1)                              0.339          2.022          net: u_hdmi_pll/u_ref/clk0_buf,  ../../../user_source/hdl_source/native_hdmi_pll.v(32)
                                                                      pin: u_hdmi_pll/u_ref/bufg_feedback.clkin[0]
GCLK                x023y039z16         0.007          2.029          pin: u_hdmi_pll/u_ref/bufg_feedback.clkout
net (fo=1)                              0.148          2.177          net: u_hdmi_pll/u_output/ph1p_phy_pll_wrapper_25a56e5ce2f9_Inst/refclk,  ../../../user_source/ip_source/PLL/RTL/ph1p_phy_pll_wrapper_25a56e5ce2f9.v(119)
                                                                      pin: u_hdmi_pll/u_ref/bufg_feedback_auto_created_sclk_s_0_l_bk1.clkin
SCLK                x023y019z0          0.030          2.207          pin: u_hdmi_pll/u_ref/bufg_feedback_auto_created_sclk_s_0_l_bk1.clkout
net (fo=1)          x000y039            0.131          2.338          net: u_hdmi_pll/u_ref/bufg_feedback_auto_created_sclk_s_0_l_bk1_sclk_outnet,  NOFILE(0)
                                                                      pin: u_hdmi_pll/u_output/ph1p_phy_pll_wrapper_25a56e5ce2f9_Inst/u_PH1P_PHY_PLL.refclk
PLL                 x000y039            0.436          2.774          pin: u_hdmi_pll/u_output/ph1p_phy_pll_wrapper_25a56e5ce2f9_Inst/u_PH1P_PHY_PLL.clkc[1]
net (fo=1)                              0.334          3.108          net: u_phy/u0_lane_lvds_8_1/I_serial_clk,  ../../../user_source/hdl_source/lane_lvds_10_1.v(8)
                                                                      pin: u_phy/u0_lane_lvds_8_1/I_serial_clk_created_gclkinst.clkin[0]
GCLK                x023y039z1          0.007          3.115          pin: u_phy/u0_lane_lvds_8_1/I_serial_clk_created_gclkinst.clkout
net (fo=1)                              0.158          3.273          net: u_phy/u0_lane_lvds_8_1/I_serial_clk_syn_1,  ../../../user_source/hdl_source/lane_lvds_10_1.v(8)
                                                                      pin: u_phy/u0_lane_lvds_8_1/I_serial_clk_created_gclkinst_auto_created_sclk_s_1_r_bk2.clkin
SCLK                x023y059z13         0.030          3.303          pin: u_phy/u0_lane_lvds_8_1/I_serial_clk_created_gclkinst_auto_created_sclk_s_1_r_bk2.clkout
net (fo=36)                             0.245          3.548          net: u_phy/u0_lane_lvds_8_1/I_serial_clk_created_gclkinst_auto_created_sclk_s_1_r_bk2_sclk_outnet,  NOFILE(0)
                                                                      pin: u_phy/u0_lane_lvds_8_1/S_shift_data_reg[9]_syn_2.clk
capture edge                            0.000    r     3.548               
--------------------------------------------------------------------  ---------------
removal                                 0.000          3.548               
clock uncertainty                       0.050          3.598               
clock pessimism                        -0.264          3.334               
--------------------------------------------------------------------  ---------------
Required                                               3.334               
--------------------------------------------------------------------  ---------------
Slack                                                  0.145               

Slack               : 0.145ns
Begin Point         : reset_sync_reg[2]_syn_5.clk (rising edge triggered by clock u_hdmi_pll/u_output/ph1p_phy_pll_wrapper_25a56e5ce2f9_Inst/u_PH1P_PHY_PLL.clkc[0]  { rise@0.000000ns  fall@6.734000ns  period=13.468000 })
End Point           : u_phy/u0_lane_lvds_8_1/S_shift_data_reg[3]_syn_2.asr (rising edge triggered by clock u_hdmi_pll/u_output/ph1p_phy_pll_wrapper_25a56e5ce2f9_Inst/u_PH1P_PHY_PLL.clkc[1]  { rise@0.000000ns  fall@1.346000ns  period=2.693000 })
Check Type          : removal
Process             : fast_m40c
Budget              : 0.000ns { u_hdmi_pll/u_output/ph1p_phy_pll_wrapper_25a56e5ce2f9_Inst/u_PH1P_PHY_PLL.clkc[0] rising@0.000ns - u_hdmi_pll/u_output/ph1p_phy_pll_wrapper_25a56e5ce2f9_Inst/u_PH1P_PHY_PLL.clkc[1] rising@0.000ns }
Data Path Delay     : 0.332ns (cell 0.065ns (19%), net 0.267ns (81%))
Clock Skew          : 0.137ns
Logic Level         : 0
Max Fanout          : 27
Clock Uncertainty   : 0.050ns (sdc uncertainty: 0.000ns, default uncertainty: 0.050ns)

Delay Type          Location             Incr           Path   Level  Netlist Info
--------------------------------------------------------------------  ---------------
source latency                          0.000          0.000               
port                C4                  0.000          0.000          pin: I_sys_clk
hierarchy                               0.000          0.000          pin: I_sys_clk_syn_2.ipad
HDIO                x033y078            0.810          0.810          pin: I_sys_clk_syn_2.sg09_di
HDIO                x033y078            0.257          1.067          pin: I_sys_clk_syn_2.di
net (fo=1)          x043y079            0.040          1.107          net: I_sys_clk_dup_1,  ../../../diagnostics/hdmi_1080p30_tpg/hdmi_tpg_top.v(4)
                                                                      pin: u_hdmi_pll/u_ref/ph1p_phy_pll_wrapper_25a56e5ce2f9_Inst/u_PH1P_PHY_PLL.refclk
PLL                 x043y079            0.367          1.474          pin: u_hdmi_pll/u_ref/ph1p_phy_pll_wrapper_25a56e5ce2f9_Inst/u_PH1P_PHY_PLL.clkc[0]
net (fo=1)                              0.312          1.786          net: u_hdmi_pll/u_ref/clk0_buf,  ../../../user_source/hdl_source/native_hdmi_pll.v(32)
                                                                      pin: u_hdmi_pll/u_ref/bufg_feedback.clkin[0]
GCLK                x023y039z16         0.006          1.792          pin: u_hdmi_pll/u_ref/bufg_feedback.clkout
net (fo=1)                              0.136          1.928          net: u_hdmi_pll/u_output/ph1p_phy_pll_wrapper_25a56e5ce2f9_Inst/refclk,  ../../../user_source/ip_source/PLL/RTL/ph1p_phy_pll_wrapper_25a56e5ce2f9.v(119)
                                                                      pin: u_hdmi_pll/u_ref/bufg_feedback_auto_created_sclk_s_0_l_bk1.clkin
SCLK                x023y019z0          0.025          1.953          pin: u_hdmi_pll/u_ref/bufg_feedback_auto_created_sclk_s_0_l_bk1.clkout
net (fo=1)          x000y039            0.121          2.074          net: u_hdmi_pll/u_ref/bufg_feedback_auto_created_sclk_s_0_l_bk1_sclk_outnet,  NOFILE(0)
                                                                      pin: u_hdmi_pll/u_output/ph1p_phy_pll_wrapper_25a56e5ce2f9_Inst/u_PH1P_PHY_PLL.refclk
PLL                 x000y039            0.367          2.441          pin: u_hdmi_pll/u_output/ph1p_phy_pll_wrapper_25a56e5ce2f9_Inst/u_PH1P_PHY_PLL.clkc[0]
net (fo=1)                              0.310          2.751          net: u_hdmi_pll/u_output/clk0_buf,  ../../../user_source/hdl_source/native_hdmi_pll.v(32)
                                                                      pin: u_hdmi_pll/u_output/bufg_feedback.clkin[0]
GCLK                x023y039z0          0.006          2.757          pin: u_hdmi_pll/u_output/bufg_feedback.clkout
net (fo=4)                              0.143          2.900          net: u_core/I_pixel_clk,  ../../../user_source/hdl_source/hdmi_1_4b_transmitter_core_wrapper.enc.v(24)
                                                                      pin: u_hdmi_pll/u_output/bufg_feedback_auto_created_sclk_s_1_r_bk1.clkin
SCLK                x023y059z12         0.025          2.925          pin: u_hdmi_pll/u_output/bufg_feedback_auto_created_sclk_s_1_r_bk1.clkout
net (fo=91)                             0.222          3.147          net: u_hdmi_pll/u_output/bufg_feedback_auto_created_sclk_s_1_r_bk1_sclk_outnet,  NOFILE(0)
                                                                      pin: reset_sync_reg[2]_syn_5.clk
launch edge                             0.000    r     3.147               
--------------------------------------------------------------------  ---------------
clk2q               x041y054z2          0.065    r     3.212          pin: reset_sync_reg[2]_syn_5.oqb
net (fo=27)                             0.267          3.479          net: reset_sync[2],  ../../../diagnostics/hdmi_1080p30_tpg/hdmi_tpg_top.v(11)
                                                                      pin: u_phy/u0_lane_lvds_8_1/S_shift_data_reg[3]_syn_2.asr
reg                 x033y049z0          0.000    f     3.479               
--------------------------------------------------------------------  ---------------
Arrival                                                3.479               

source latency                          0.000          0.000               
port                C4                  0.000          0.000          pin: I_sys_clk
hierarchy                               0.000          0.000          pin: I_sys_clk_syn_2.ipad
HDIO                x033y078            0.915          0.915          pin: I_sys_clk_syn_2.sg09_di
HDIO                x033y078            0.290          1.205          pin: I_sys_clk_syn_2.di
net (fo=1)          x043y079            0.043          1.248          net: I_sys_clk_dup_1,  ../../../diagnostics/hdmi_1080p30_tpg/hdmi_tpg_top.v(4)
                                                                      pin: u_hdmi_pll/u_ref/ph1p_phy_pll_wrapper_25a56e5ce2f9_Inst/u_PH1P_PHY_PLL.refclk
PLL                 x043y079            0.435          1.683          pin: u_hdmi_pll/u_ref/ph1p_phy_pll_wrapper_25a56e5ce2f9_Inst/u_PH1P_PHY_PLL.clkc[0]
net (fo=1)                              0.339          2.022          net: u_hdmi_pll/u_ref/clk0_buf,  ../../../user_source/hdl_source/native_hdmi_pll.v(32)
                                                                      pin: u_hdmi_pll/u_ref/bufg_feedback.clkin[0]
GCLK                x023y039z16         0.007          2.029          pin: u_hdmi_pll/u_ref/bufg_feedback.clkout
net (fo=1)                              0.148          2.177          net: u_hdmi_pll/u_output/ph1p_phy_pll_wrapper_25a56e5ce2f9_Inst/refclk,  ../../../user_source/ip_source/PLL/RTL/ph1p_phy_pll_wrapper_25a56e5ce2f9.v(119)
                                                                      pin: u_hdmi_pll/u_ref/bufg_feedback_auto_created_sclk_s_0_l_bk1.clkin
SCLK                x023y019z0          0.030          2.207          pin: u_hdmi_pll/u_ref/bufg_feedback_auto_created_sclk_s_0_l_bk1.clkout
net (fo=1)          x000y039            0.131          2.338          net: u_hdmi_pll/u_ref/bufg_feedback_auto_created_sclk_s_0_l_bk1_sclk_outnet,  NOFILE(0)
                                                                      pin: u_hdmi_pll/u_output/ph1p_phy_pll_wrapper_25a56e5ce2f9_Inst/u_PH1P_PHY_PLL.refclk
PLL                 x000y039            0.436          2.774          pin: u_hdmi_pll/u_output/ph1p_phy_pll_wrapper_25a56e5ce2f9_Inst/u_PH1P_PHY_PLL.clkc[1]
net (fo=1)                              0.334          3.108          net: u_phy/u0_lane_lvds_8_1/I_serial_clk,  ../../../user_source/hdl_source/lane_lvds_10_1.v(8)
                                                                      pin: u_phy/u0_lane_lvds_8_1/I_serial_clk_created_gclkinst.clkin[0]
GCLK                x023y039z1          0.007          3.115          pin: u_phy/u0_lane_lvds_8_1/I_serial_clk_created_gclkinst.clkout
net (fo=1)                              0.158          3.273          net: u_phy/u0_lane_lvds_8_1/I_serial_clk_syn_1,  ../../../user_source/hdl_source/lane_lvds_10_1.v(8)
                                                                      pin: u_phy/u0_lane_lvds_8_1/I_serial_clk_created_gclkinst_auto_created_sclk_s_1_r_bk2.clkin
SCLK                x023y059z13         0.030          3.303          pin: u_phy/u0_lane_lvds_8_1/I_serial_clk_created_gclkinst_auto_created_sclk_s_1_r_bk2.clkout
net (fo=36)                             0.245          3.548          net: u_phy/u0_lane_lvds_8_1/I_serial_clk_created_gclkinst_auto_created_sclk_s_1_r_bk2_sclk_outnet,  NOFILE(0)
                                                                      pin: u_phy/u0_lane_lvds_8_1/S_shift_data_reg[3]_syn_2.clk
capture edge                            0.000    r     3.548               
--------------------------------------------------------------------  ---------------
removal                                 0.000          3.548               
clock uncertainty                       0.050          3.598               
clock pessimism                        -0.264          3.334               
--------------------------------------------------------------------  ---------------
Required                                               3.334               
--------------------------------------------------------------------  ---------------
Slack                                                  0.145               

Slack               : 0.145ns
Begin Point         : reset_sync_reg[2]_syn_5.clk (rising edge triggered by clock u_hdmi_pll/u_output/ph1p_phy_pll_wrapper_25a56e5ce2f9_Inst/u_PH1P_PHY_PLL.clkc[0]  { rise@0.000000ns  fall@6.734000ns  period=13.468000 })
End Point           : u_phy/u0_lane_lvds_8_1/S_shift_data_reg[5]_syn_2.asr (rising edge triggered by clock u_hdmi_pll/u_output/ph1p_phy_pll_wrapper_25a56e5ce2f9_Inst/u_PH1P_PHY_PLL.clkc[1]  { rise@0.000000ns  fall@1.346000ns  period=2.693000 })
Check Type          : removal
Process             : fast_m40c
Budget              : 0.000ns { u_hdmi_pll/u_output/ph1p_phy_pll_wrapper_25a56e5ce2f9_Inst/u_PH1P_PHY_PLL.clkc[0] rising@0.000ns - u_hdmi_pll/u_output/ph1p_phy_pll_wrapper_25a56e5ce2f9_Inst/u_PH1P_PHY_PLL.clkc[1] rising@0.000ns }
Data Path Delay     : 0.332ns (cell 0.065ns (19%), net 0.267ns (81%))
Clock Skew          : 0.137ns
Logic Level         : 0
Max Fanout          : 27
Clock Uncertainty   : 0.050ns (sdc uncertainty: 0.000ns, default uncertainty: 0.050ns)

Delay Type          Location             Incr           Path   Level  Netlist Info
--------------------------------------------------------------------  ---------------
source latency                          0.000          0.000               
port                C4                  0.000          0.000          pin: I_sys_clk
hierarchy                               0.000          0.000          pin: I_sys_clk_syn_2.ipad
HDIO                x033y078            0.810          0.810          pin: I_sys_clk_syn_2.sg09_di
HDIO                x033y078            0.257          1.067          pin: I_sys_clk_syn_2.di
net (fo=1)          x043y079            0.040          1.107          net: I_sys_clk_dup_1,  ../../../diagnostics/hdmi_1080p30_tpg/hdmi_tpg_top.v(4)
                                                                      pin: u_hdmi_pll/u_ref/ph1p_phy_pll_wrapper_25a56e5ce2f9_Inst/u_PH1P_PHY_PLL.refclk
PLL                 x043y079            0.367          1.474          pin: u_hdmi_pll/u_ref/ph1p_phy_pll_wrapper_25a56e5ce2f9_Inst/u_PH1P_PHY_PLL.clkc[0]
net (fo=1)                              0.312          1.786          net: u_hdmi_pll/u_ref/clk0_buf,  ../../../user_source/hdl_source/native_hdmi_pll.v(32)
                                                                      pin: u_hdmi_pll/u_ref/bufg_feedback.clkin[0]
GCLK                x023y039z16         0.006          1.792          pin: u_hdmi_pll/u_ref/bufg_feedback.clkout
net (fo=1)                              0.136          1.928          net: u_hdmi_pll/u_output/ph1p_phy_pll_wrapper_25a56e5ce2f9_Inst/refclk,  ../../../user_source/ip_source/PLL/RTL/ph1p_phy_pll_wrapper_25a56e5ce2f9.v(119)
                                                                      pin: u_hdmi_pll/u_ref/bufg_feedback_auto_created_sclk_s_0_l_bk1.clkin
SCLK                x023y019z0          0.025          1.953          pin: u_hdmi_pll/u_ref/bufg_feedback_auto_created_sclk_s_0_l_bk1.clkout
net (fo=1)          x000y039            0.121          2.074          net: u_hdmi_pll/u_ref/bufg_feedback_auto_created_sclk_s_0_l_bk1_sclk_outnet,  NOFILE(0)
                                                                      pin: u_hdmi_pll/u_output/ph1p_phy_pll_wrapper_25a56e5ce2f9_Inst/u_PH1P_PHY_PLL.refclk
PLL                 x000y039            0.367          2.441          pin: u_hdmi_pll/u_output/ph1p_phy_pll_wrapper_25a56e5ce2f9_Inst/u_PH1P_PHY_PLL.clkc[0]
net (fo=1)                              0.310          2.751          net: u_hdmi_pll/u_output/clk0_buf,  ../../../user_source/hdl_source/native_hdmi_pll.v(32)
                                                                      pin: u_hdmi_pll/u_output/bufg_feedback.clkin[0]
GCLK                x023y039z0          0.006          2.757          pin: u_hdmi_pll/u_output/bufg_feedback.clkout
net (fo=4)                              0.143          2.900          net: u_core/I_pixel_clk,  ../../../user_source/hdl_source/hdmi_1_4b_transmitter_core_wrapper.enc.v(24)
                                                                      pin: u_hdmi_pll/u_output/bufg_feedback_auto_created_sclk_s_1_r_bk1.clkin
SCLK                x023y059z12         0.025          2.925          pin: u_hdmi_pll/u_output/bufg_feedback_auto_created_sclk_s_1_r_bk1.clkout
net (fo=91)                             0.222          3.147          net: u_hdmi_pll/u_output/bufg_feedback_auto_created_sclk_s_1_r_bk1_sclk_outnet,  NOFILE(0)
                                                                      pin: reset_sync_reg[2]_syn_5.clk
launch edge                             0.000    r     3.147               
--------------------------------------------------------------------  ---------------
clk2q               x041y054z2          0.065    r     3.212          pin: reset_sync_reg[2]_syn_5.oqb
net (fo=27)                             0.267          3.479          net: reset_sync[2],  ../../../diagnostics/hdmi_1080p30_tpg/hdmi_tpg_top.v(11)
                                                                      pin: u_phy/u0_lane_lvds_8_1/S_shift_data_reg[5]_syn_2.asr
reg                 x033y049z3          0.000    f     3.479               
--------------------------------------------------------------------  ---------------
Arrival                                                3.479               

source latency                          0.000          0.000               
port                C4                  0.000          0.000          pin: I_sys_clk
hierarchy                               0.000          0.000          pin: I_sys_clk_syn_2.ipad
HDIO                x033y078            0.915          0.915          pin: I_sys_clk_syn_2.sg09_di
HDIO                x033y078            0.290          1.205          pin: I_sys_clk_syn_2.di
net (fo=1)          x043y079            0.043          1.248          net: I_sys_clk_dup_1,  ../../../diagnostics/hdmi_1080p30_tpg/hdmi_tpg_top.v(4)
                                                                      pin: u_hdmi_pll/u_ref/ph1p_phy_pll_wrapper_25a56e5ce2f9_Inst/u_PH1P_PHY_PLL.refclk
PLL                 x043y079            0.435          1.683          pin: u_hdmi_pll/u_ref/ph1p_phy_pll_wrapper_25a56e5ce2f9_Inst/u_PH1P_PHY_PLL.clkc[0]
net (fo=1)                              0.339          2.022          net: u_hdmi_pll/u_ref/clk0_buf,  ../../../user_source/hdl_source/native_hdmi_pll.v(32)
                                                                      pin: u_hdmi_pll/u_ref/bufg_feedback.clkin[0]
GCLK                x023y039z16         0.007          2.029          pin: u_hdmi_pll/u_ref/bufg_feedback.clkout
net (fo=1)                              0.148          2.177          net: u_hdmi_pll/u_output/ph1p_phy_pll_wrapper_25a56e5ce2f9_Inst/refclk,  ../../../user_source/ip_source/PLL/RTL/ph1p_phy_pll_wrapper_25a56e5ce2f9.v(119)
                                                                      pin: u_hdmi_pll/u_ref/bufg_feedback_auto_created_sclk_s_0_l_bk1.clkin
SCLK                x023y019z0          0.030          2.207          pin: u_hdmi_pll/u_ref/bufg_feedback_auto_created_sclk_s_0_l_bk1.clkout
net (fo=1)          x000y039            0.131          2.338          net: u_hdmi_pll/u_ref/bufg_feedback_auto_created_sclk_s_0_l_bk1_sclk_outnet,  NOFILE(0)
                                                                      pin: u_hdmi_pll/u_output/ph1p_phy_pll_wrapper_25a56e5ce2f9_Inst/u_PH1P_PHY_PLL.refclk
PLL                 x000y039            0.436          2.774          pin: u_hdmi_pll/u_output/ph1p_phy_pll_wrapper_25a56e5ce2f9_Inst/u_PH1P_PHY_PLL.clkc[1]
net (fo=1)                              0.334          3.108          net: u_phy/u0_lane_lvds_8_1/I_serial_clk,  ../../../user_source/hdl_source/lane_lvds_10_1.v(8)
                                                                      pin: u_phy/u0_lane_lvds_8_1/I_serial_clk_created_gclkinst.clkin[0]
GCLK                x023y039z1          0.007          3.115          pin: u_phy/u0_lane_lvds_8_1/I_serial_clk_created_gclkinst.clkout
net (fo=1)                              0.158          3.273          net: u_phy/u0_lane_lvds_8_1/I_serial_clk_syn_1,  ../../../user_source/hdl_source/lane_lvds_10_1.v(8)
                                                                      pin: u_phy/u0_lane_lvds_8_1/I_serial_clk_created_gclkinst_auto_created_sclk_s_1_r_bk2.clkin
SCLK                x023y059z13         0.030          3.303          pin: u_phy/u0_lane_lvds_8_1/I_serial_clk_created_gclkinst_auto_created_sclk_s_1_r_bk2.clkout
net (fo=36)                             0.245          3.548          net: u_phy/u0_lane_lvds_8_1/I_serial_clk_created_gclkinst_auto_created_sclk_s_1_r_bk2_sclk_outnet,  NOFILE(0)
                                                                      pin: u_phy/u0_lane_lvds_8_1/S_shift_data_reg[5]_syn_2.clk
capture edge                            0.000    r     3.548               
--------------------------------------------------------------------  ---------------
removal                                 0.000          3.548               
clock uncertainty                       0.050          3.598               
clock pessimism                        -0.264          3.334               
--------------------------------------------------------------------  ---------------
Required                                               3.334               
--------------------------------------------------------------------  ---------------
Slack                                                  0.145               

Slack               : 0.145ns
Begin Point         : reset_sync_reg[2]_syn_5.clk (rising edge triggered by clock u_hdmi_pll/u_output/ph1p_phy_pll_wrapper_25a56e5ce2f9_Inst/u_PH1P_PHY_PLL.clkc[0]  { rise@0.000000ns  fall@6.734000ns  period=13.468000 })
End Point           : u_phy/u0_lane_lvds_8_1/S_shift_data_reg[7]_syn_2.asr (rising edge triggered by clock u_hdmi_pll/u_output/ph1p_phy_pll_wrapper_25a56e5ce2f9_Inst/u_PH1P_PHY_PLL.clkc[1]  { rise@0.000000ns  fall@1.346000ns  period=2.693000 })
Check Type          : removal
Process             : fast_m40c
Budget              : 0.000ns { u_hdmi_pll/u_output/ph1p_phy_pll_wrapper_25a56e5ce2f9_Inst/u_PH1P_PHY_PLL.clkc[0] rising@0.000ns - u_hdmi_pll/u_output/ph1p_phy_pll_wrapper_25a56e5ce2f9_Inst/u_PH1P_PHY_PLL.clkc[1] rising@0.000ns }
Data Path Delay     : 0.332ns (cell 0.065ns (19%), net 0.267ns (81%))
Clock Skew          : 0.137ns
Logic Level         : 0
Max Fanout          : 27
Clock Uncertainty   : 0.050ns (sdc uncertainty: 0.000ns, default uncertainty: 0.050ns)

Delay Type          Location             Incr           Path   Level  Netlist Info
--------------------------------------------------------------------  ---------------
source latency                          0.000          0.000               
port                C4                  0.000          0.000          pin: I_sys_clk
hierarchy                               0.000          0.000          pin: I_sys_clk_syn_2.ipad
HDIO                x033y078            0.810          0.810          pin: I_sys_clk_syn_2.sg09_di
HDIO                x033y078            0.257          1.067          pin: I_sys_clk_syn_2.di
net (fo=1)          x043y079            0.040          1.107          net: I_sys_clk_dup_1,  ../../../diagnostics/hdmi_1080p30_tpg/hdmi_tpg_top.v(4)
                                                                      pin: u_hdmi_pll/u_ref/ph1p_phy_pll_wrapper_25a56e5ce2f9_Inst/u_PH1P_PHY_PLL.refclk
PLL                 x043y079            0.367          1.474          pin: u_hdmi_pll/u_ref/ph1p_phy_pll_wrapper_25a56e5ce2f9_Inst/u_PH1P_PHY_PLL.clkc[0]
net (fo=1)                              0.312          1.786          net: u_hdmi_pll/u_ref/clk0_buf,  ../../../user_source/hdl_source/native_hdmi_pll.v(32)
                                                                      pin: u_hdmi_pll/u_ref/bufg_feedback.clkin[0]
GCLK                x023y039z16         0.006          1.792          pin: u_hdmi_pll/u_ref/bufg_feedback.clkout
net (fo=1)                              0.136          1.928          net: u_hdmi_pll/u_output/ph1p_phy_pll_wrapper_25a56e5ce2f9_Inst/refclk,  ../../../user_source/ip_source/PLL/RTL/ph1p_phy_pll_wrapper_25a56e5ce2f9.v(119)
                                                                      pin: u_hdmi_pll/u_ref/bufg_feedback_auto_created_sclk_s_0_l_bk1.clkin
SCLK                x023y019z0          0.025          1.953          pin: u_hdmi_pll/u_ref/bufg_feedback_auto_created_sclk_s_0_l_bk1.clkout
net (fo=1)          x000y039            0.121          2.074          net: u_hdmi_pll/u_ref/bufg_feedback_auto_created_sclk_s_0_l_bk1_sclk_outnet,  NOFILE(0)
                                                                      pin: u_hdmi_pll/u_output/ph1p_phy_pll_wrapper_25a56e5ce2f9_Inst/u_PH1P_PHY_PLL.refclk
PLL                 x000y039            0.367          2.441          pin: u_hdmi_pll/u_output/ph1p_phy_pll_wrapper_25a56e5ce2f9_Inst/u_PH1P_PHY_PLL.clkc[0]
net (fo=1)                              0.310          2.751          net: u_hdmi_pll/u_output/clk0_buf,  ../../../user_source/hdl_source/native_hdmi_pll.v(32)
                                                                      pin: u_hdmi_pll/u_output/bufg_feedback.clkin[0]
GCLK                x023y039z0          0.006          2.757          pin: u_hdmi_pll/u_output/bufg_feedback.clkout
net (fo=4)                              0.143          2.900          net: u_core/I_pixel_clk,  ../../../user_source/hdl_source/hdmi_1_4b_transmitter_core_wrapper.enc.v(24)
                                                                      pin: u_hdmi_pll/u_output/bufg_feedback_auto_created_sclk_s_1_r_bk1.clkin
SCLK                x023y059z12         0.025          2.925          pin: u_hdmi_pll/u_output/bufg_feedback_auto_created_sclk_s_1_r_bk1.clkout
net (fo=91)                             0.222          3.147          net: u_hdmi_pll/u_output/bufg_feedback_auto_created_sclk_s_1_r_bk1_sclk_outnet,  NOFILE(0)
                                                                      pin: reset_sync_reg[2]_syn_5.clk
launch edge                             0.000    r     3.147               
--------------------------------------------------------------------  ---------------
clk2q               x041y054z2          0.065    r     3.212          pin: reset_sync_reg[2]_syn_5.oqb
net (fo=27)                             0.267          3.479          net: reset_sync[2],  ../../../diagnostics/hdmi_1080p30_tpg/hdmi_tpg_top.v(11)
                                                                      pin: u_phy/u0_lane_lvds_8_1/S_shift_data_reg[7]_syn_2.asr
reg                 x033y049z1          0.000    f     3.479               
--------------------------------------------------------------------  ---------------
Arrival                                                3.479               

source latency                          0.000          0.000               
port                C4                  0.000          0.000          pin: I_sys_clk
hierarchy                               0.000          0.000          pin: I_sys_clk_syn_2.ipad
HDIO                x033y078            0.915          0.915          pin: I_sys_clk_syn_2.sg09_di
HDIO                x033y078            0.290          1.205          pin: I_sys_clk_syn_2.di
net (fo=1)          x043y079            0.043          1.248          net: I_sys_clk_dup_1,  ../../../diagnostics/hdmi_1080p30_tpg/hdmi_tpg_top.v(4)
                                                                      pin: u_hdmi_pll/u_ref/ph1p_phy_pll_wrapper_25a56e5ce2f9_Inst/u_PH1P_PHY_PLL.refclk
PLL                 x043y079            0.435          1.683          pin: u_hdmi_pll/u_ref/ph1p_phy_pll_wrapper_25a56e5ce2f9_Inst/u_PH1P_PHY_PLL.clkc[0]
net (fo=1)                              0.339          2.022          net: u_hdmi_pll/u_ref/clk0_buf,  ../../../user_source/hdl_source/native_hdmi_pll.v(32)
                                                                      pin: u_hdmi_pll/u_ref/bufg_feedback.clkin[0]
GCLK                x023y039z16         0.007          2.029          pin: u_hdmi_pll/u_ref/bufg_feedback.clkout
net (fo=1)                              0.148          2.177          net: u_hdmi_pll/u_output/ph1p_phy_pll_wrapper_25a56e5ce2f9_Inst/refclk,  ../../../user_source/ip_source/PLL/RTL/ph1p_phy_pll_wrapper_25a56e5ce2f9.v(119)
                                                                      pin: u_hdmi_pll/u_ref/bufg_feedback_auto_created_sclk_s_0_l_bk1.clkin
SCLK                x023y019z0          0.030          2.207          pin: u_hdmi_pll/u_ref/bufg_feedback_auto_created_sclk_s_0_l_bk1.clkout
net (fo=1)          x000y039            0.131          2.338          net: u_hdmi_pll/u_ref/bufg_feedback_auto_created_sclk_s_0_l_bk1_sclk_outnet,  NOFILE(0)
                                                                      pin: u_hdmi_pll/u_output/ph1p_phy_pll_wrapper_25a56e5ce2f9_Inst/u_PH1P_PHY_PLL.refclk
PLL                 x000y039            0.436          2.774          pin: u_hdmi_pll/u_output/ph1p_phy_pll_wrapper_25a56e5ce2f9_Inst/u_PH1P_PHY_PLL.clkc[1]
net (fo=1)                              0.334          3.108          net: u_phy/u0_lane_lvds_8_1/I_serial_clk,  ../../../user_source/hdl_source/lane_lvds_10_1.v(8)
                                                                      pin: u_phy/u0_lane_lvds_8_1/I_serial_clk_created_gclkinst.clkin[0]
GCLK                x023y039z1          0.007          3.115          pin: u_phy/u0_lane_lvds_8_1/I_serial_clk_created_gclkinst.clkout
net (fo=1)                              0.158          3.273          net: u_phy/u0_lane_lvds_8_1/I_serial_clk_syn_1,  ../../../user_source/hdl_source/lane_lvds_10_1.v(8)
                                                                      pin: u_phy/u0_lane_lvds_8_1/I_serial_clk_created_gclkinst_auto_created_sclk_s_1_r_bk2.clkin
SCLK                x023y059z13         0.030          3.303          pin: u_phy/u0_lane_lvds_8_1/I_serial_clk_created_gclkinst_auto_created_sclk_s_1_r_bk2.clkout
net (fo=36)                             0.245          3.548          net: u_phy/u0_lane_lvds_8_1/I_serial_clk_created_gclkinst_auto_created_sclk_s_1_r_bk2_sclk_outnet,  NOFILE(0)
                                                                      pin: u_phy/u0_lane_lvds_8_1/S_shift_data_reg[7]_syn_2.clk
capture edge                            0.000    r     3.548               
--------------------------------------------------------------------  ---------------
removal                                 0.000          3.548               
clock uncertainty                       0.050          3.598               
clock pessimism                        -0.264          3.334               
--------------------------------------------------------------------  ---------------
Required                                               3.334               
--------------------------------------------------------------------  ---------------
Slack                                                  0.145               

Slack               : 0.145ns
Begin Point         : u_core/u_hdmi_tx_controller_wrapper/u0_hdmi_tmds_encode/O_tmds_code_data_reg[3]_syn_2.clk (rising edge triggered by clock u_hdmi_pll/u_output/ph1p_phy_pll_wrapper_25a56e5ce2f9_Inst/u_PH1P_PHY_PLL.clkc[0]  { rise@0.000000ns  fall@6.734000ns  period=13.468000 })
End Point           : u_phy/u0_lane_lvds_8_1/S_shift_data_reg[6]_syn_2.id (rising edge triggered by clock u_hdmi_pll/u_output/ph1p_phy_pll_wrapper_25a56e5ce2f9_Inst/u_PH1P_PHY_PLL.clkc[1]  { rise@0.000000ns  fall@1.346000ns  period=2.693000 })
Check Type          : hold
Process             : fast_m40c
Budget              : 0.000ns { u_hdmi_pll/u_output/ph1p_phy_pll_wrapper_25a56e5ce2f9_Inst/u_PH1P_PHY_PLL.clkc[0] rising@0.000ns - u_hdmi_pll/u_output/ph1p_phy_pll_wrapper_25a56e5ce2f9_Inst/u_PH1P_PHY_PLL.clkc[1] rising@0.000ns }
Data Path Delay     : 0.343ns (cell 0.120ns (34%), net 0.223ns (66%))
Clock Skew          : 0.136ns
Logic Level         : 1 ( LUT3=1 )
Max Fanout          : 1
Clock Uncertainty   : 0.050ns (sdc uncertainty: 0.000ns, default uncertainty: 0.050ns)

Delay Type          Location             Incr           Path   Level  Netlist Info
--------------------------------------------------------------------  ---------------
source latency                          0.000          0.000               
port                C4                  0.000          0.000          pin: I_sys_clk
hierarchy                               0.000          0.000          pin: I_sys_clk_syn_2.ipad
HDIO                x033y078            0.810          0.810          pin: I_sys_clk_syn_2.sg09_di
HDIO                x033y078            0.257          1.067          pin: I_sys_clk_syn_2.di
net (fo=1)          x043y079            0.040          1.107          net: I_sys_clk_dup_1,  ../../../diagnostics/hdmi_1080p30_tpg/hdmi_tpg_top.v(4)
                                                                      pin: u_hdmi_pll/u_ref/ph1p_phy_pll_wrapper_25a56e5ce2f9_Inst/u_PH1P_PHY_PLL.refclk
PLL                 x043y079            0.367          1.474          pin: u_hdmi_pll/u_ref/ph1p_phy_pll_wrapper_25a56e5ce2f9_Inst/u_PH1P_PHY_PLL.clkc[0]
net (fo=1)                              0.312          1.786          net: u_hdmi_pll/u_ref/clk0_buf,  ../../../user_source/hdl_source/native_hdmi_pll.v(32)
                                                                      pin: u_hdmi_pll/u_ref/bufg_feedback.clkin[0]
GCLK                x023y039z16         0.006          1.792          pin: u_hdmi_pll/u_ref/bufg_feedback.clkout
net (fo=1)                              0.136          1.928          net: u_hdmi_pll/u_output/ph1p_phy_pll_wrapper_25a56e5ce2f9_Inst/refclk,  ../../../user_source/ip_source/PLL/RTL/ph1p_phy_pll_wrapper_25a56e5ce2f9.v(119)
                                                                      pin: u_hdmi_pll/u_ref/bufg_feedback_auto_created_sclk_s_0_l_bk1.clkin
SCLK                x023y019z0          0.025          1.953          pin: u_hdmi_pll/u_ref/bufg_feedback_auto_created_sclk_s_0_l_bk1.clkout
net (fo=1)          x000y039            0.121          2.074          net: u_hdmi_pll/u_ref/bufg_feedback_auto_created_sclk_s_0_l_bk1_sclk_outnet,  NOFILE(0)
                                                                      pin: u_hdmi_pll/u_output/ph1p_phy_pll_wrapper_25a56e5ce2f9_Inst/u_PH1P_PHY_PLL.refclk
PLL                 x000y039            0.367          2.441          pin: u_hdmi_pll/u_output/ph1p_phy_pll_wrapper_25a56e5ce2f9_Inst/u_PH1P_PHY_PLL.clkc[0]
net (fo=1)                              0.310          2.751          net: u_hdmi_pll/u_output/clk0_buf,  ../../../user_source/hdl_source/native_hdmi_pll.v(32)
                                                                      pin: u_hdmi_pll/u_output/bufg_feedback.clkin[0]
GCLK                x023y039z0          0.006          2.757          pin: u_hdmi_pll/u_output/bufg_feedback.clkout
net (fo=4)                              0.143          2.900          net: u_core/I_pixel_clk,  ../../../user_source/hdl_source/hdmi_1_4b_transmitter_core_wrapper.enc.v(24)
                                                                      pin: u_hdmi_pll/u_output/bufg_feedback_auto_created_sclk_s_1_r_bk1.clkin
SCLK                x023y059z12         0.025          2.925          pin: u_hdmi_pll/u_output/bufg_feedback_auto_created_sclk_s_1_r_bk1.clkout
net (fo=91)                             0.224          3.149          net: u_hdmi_pll/u_output/bufg_feedback_auto_created_sclk_s_1_r_bk1_sclk_outnet,  NOFILE(0)
                                                                      pin: u_core/u_hdmi_tx_controller_wrapper/u0_hdmi_tmds_encode/O_tmds_code_data_reg[3]_syn_2.clk
launch edge                             0.000    r     3.149               
--------------------------------------------------------------------  ---------------
clk2q               x033y046z1          0.062    f     3.211          pin: u_core/u_hdmi_tx_controller_wrapper/u0_hdmi_tmds_encode/O_tmds_code_data_reg[3]_syn_2.oqa
net (fo=1)                              0.223          3.434          net: u_phy/u0_lane_lvds_8_1/I_data_in[6],  ../../../user_source/hdl_source/lane_lvds_10_1.v(11)
                                                                      pin: u_phy/u0_lane_lvds_8_1/S_shift_data_reg[6]_syn_2.id
LUT3 (reg)          x031y048z1          0.058    f     3.492       1  net: u_phy/u0_lane_lvds_8_1/S_shift_data[6],  ../../../user_source/hdl_source/lane_lvds_10_1.v(22)
--------------------------------------------------------------------  ---------------
Arrival                                                3.492               

source latency                          0.000          0.000               
port                C4                  0.000          0.000          pin: I_sys_clk
hierarchy                               0.000          0.000          pin: I_sys_clk_syn_2.ipad
HDIO                x033y078            0.915          0.915          pin: I_sys_clk_syn_2.sg09_di
HDIO                x033y078            0.290          1.205          pin: I_sys_clk_syn_2.di
net (fo=1)          x043y079            0.043          1.248          net: I_sys_clk_dup_1,  ../../../diagnostics/hdmi_1080p30_tpg/hdmi_tpg_top.v(4)
                                                                      pin: u_hdmi_pll/u_ref/ph1p_phy_pll_wrapper_25a56e5ce2f9_Inst/u_PH1P_PHY_PLL.refclk
PLL                 x043y079            0.435          1.683          pin: u_hdmi_pll/u_ref/ph1p_phy_pll_wrapper_25a56e5ce2f9_Inst/u_PH1P_PHY_PLL.clkc[0]
net (fo=1)                              0.339          2.022          net: u_hdmi_pll/u_ref/clk0_buf,  ../../../user_source/hdl_source/native_hdmi_pll.v(32)
                                                                      pin: u_hdmi_pll/u_ref/bufg_feedback.clkin[0]
GCLK                x023y039z16         0.007          2.029          pin: u_hdmi_pll/u_ref/bufg_feedback.clkout
net (fo=1)                              0.148          2.177          net: u_hdmi_pll/u_output/ph1p_phy_pll_wrapper_25a56e5ce2f9_Inst/refclk,  ../../../user_source/ip_source/PLL/RTL/ph1p_phy_pll_wrapper_25a56e5ce2f9.v(119)
                                                                      pin: u_hdmi_pll/u_ref/bufg_feedback_auto_created_sclk_s_0_l_bk1.clkin
SCLK                x023y019z0          0.030          2.207          pin: u_hdmi_pll/u_ref/bufg_feedback_auto_created_sclk_s_0_l_bk1.clkout
net (fo=1)          x000y039            0.131          2.338          net: u_hdmi_pll/u_ref/bufg_feedback_auto_created_sclk_s_0_l_bk1_sclk_outnet,  NOFILE(0)
                                                                      pin: u_hdmi_pll/u_output/ph1p_phy_pll_wrapper_25a56e5ce2f9_Inst/u_PH1P_PHY_PLL.refclk
PLL                 x000y039            0.436          2.774          pin: u_hdmi_pll/u_output/ph1p_phy_pll_wrapper_25a56e5ce2f9_Inst/u_PH1P_PHY_PLL.clkc[1]
net (fo=1)                              0.334          3.108          net: u_phy/u0_lane_lvds_8_1/I_serial_clk,  ../../../user_source/hdl_source/lane_lvds_10_1.v(8)
                                                                      pin: u_phy/u0_lane_lvds_8_1/I_serial_clk_created_gclkinst.clkin[0]
GCLK                x023y039z1          0.007          3.115          pin: u_phy/u0_lane_lvds_8_1/I_serial_clk_created_gclkinst.clkout
net (fo=1)                              0.158          3.273          net: u_phy/u0_lane_lvds_8_1/I_serial_clk_syn_1,  ../../../user_source/hdl_source/lane_lvds_10_1.v(8)
                                                                      pin: u_phy/u0_lane_lvds_8_1/I_serial_clk_created_gclkinst_auto_created_sclk_s_1_r_bk2.clkin
SCLK                x023y059z13         0.030          3.303          pin: u_phy/u0_lane_lvds_8_1/I_serial_clk_created_gclkinst_auto_created_sclk_s_1_r_bk2.clkout
net (fo=36)                             0.246          3.549          net: u_phy/u0_lane_lvds_8_1/I_serial_clk_created_gclkinst_auto_created_sclk_s_1_r_bk2_sclk_outnet,  NOFILE(0)
                                                                      pin: u_phy/u0_lane_lvds_8_1/S_shift_data_reg[6]_syn_2.clk
capture edge                            0.000    r     3.549               
--------------------------------------------------------------------  ---------------
hold                                    0.012          3.561               
clock uncertainty                       0.050          3.611               
clock pessimism                        -0.264          3.347               
--------------------------------------------------------------------  ---------------
Required                                               3.347               
--------------------------------------------------------------------  ---------------
Slack                                                  0.145               


----------------------------------------------------------------------------------------------------
Path Group     :     u_hdmi_pll/u_output/ph1p_phy_pll_wrapper_25a56e5ce2f9_Inst/u_PH1P_PHY_PLL.clkc[1] -> u_hdmi_pll/u_output/ph1p_phy_pll_wrapper_25a56e5ce2f9_Inst/u_PH1P_PHY_PLL.clkc[1]
Type           :     Self
From Clock     :     u_hdmi_pll/u_output/ph1p_phy_pll_wrapper_25a56e5ce2f9_Inst/u_PH1P_PHY_PLL.clkc[1]
To Clock       :     u_hdmi_pll/u_output/ph1p_phy_pll_wrapper_25a56e5ce2f9_Inst/u_PH1P_PHY_PLL.clkc[1]
Min Period     :     1.734ns
Fmax           :     576.701MHz

Statistics:
Max            : SWNS      0.959ns, STNS      0.000ns,         0 Viol Endpoints,        53 Total Endpoints,        80 Paths Analyzed
Min            : HWNS      0.060ns, HTNS      0.000ns,         0 Viol Endpoints,        53 Total Endpoints,        80 Paths Analyzed
----------------------------------------------------------------------------------------------------

Max Paths
----------------------------------------------------------------------------------------------------
Slack               : 0.959ns
Begin Point         : u_phy/u3_lane_lvds_8_1/S_oddr_data_reg[1]_syn_2.clk (rising edge triggered by clock u_hdmi_pll/u_output/ph1p_phy_pll_wrapper_25a56e5ce2f9_Inst/u_PH1P_PHY_PLL.clkc[1]  { rise@0.000000ns  fall@1.346000ns  period=2.693000 })
End Point           : O_tmds_clk_p_syn_2.doq[0] (rising edge triggered by clock u_hdmi_pll/u_output/ph1p_phy_pll_wrapper_25a56e5ce2f9_Inst/u_PH1P_PHY_PLL.clkc[1]  { rise@0.000000ns  fall@1.346000ns  period=2.693000 })
Check Type          : setup
Process             : slow_m40c
Budget              : 2.693ns { u_hdmi_pll/u_output/ph1p_phy_pll_wrapper_25a56e5ce2f9_Inst/u_PH1P_PHY_PLL.clkc[1] rising@2.693ns - u_hdmi_pll/u_output/ph1p_phy_pll_wrapper_25a56e5ce2f9_Inst/u_PH1P_PHY_PLL.clkc[1] rising@0.000ns }
Data Path Delay     : 1.442ns (cell 0.126ns (8%), net 1.316ns (92%))
Clock Skew          : 0.218ns
Logic Level         : 0
Max Fanout          : 1
Clock Uncertainty   : 0.077ns (sdc uncertainty: 0.000ns, default uncertainty: 0.077ns)

Delay Type          Location             Incr           Path   Level  Netlist Info
--------------------------------------------------------------------  ---------------
source latency                          0.000          0.000               
port                C4                  0.000          0.000          pin: I_sys_clk
hierarchy                               0.000          0.000          pin: I_sys_clk_syn_2.ipad
HDIO                x033y078            0.810          0.810          pin: I_sys_clk_syn_2.sg09_di
HDIO                x033y078            0.684          1.494          pin: I_sys_clk_syn_2.di
net (fo=1)          x043y079            0.115          1.609          net: I_sys_clk_dup_1,  ../../../diagnostics/hdmi_1080p30_tpg/hdmi_tpg_top.v(4)
                                                                      pin: u_hdmi_pll/u_ref/ph1p_phy_pll_wrapper_25a56e5ce2f9_Inst/u_PH1P_PHY_PLL.refclk
PLL                 x043y079            0.814          2.423          pin: u_hdmi_pll/u_ref/ph1p_phy_pll_wrapper_25a56e5ce2f9_Inst/u_PH1P_PHY_PLL.clkc[0]
net (fo=1)                              0.830          3.253          net: u_hdmi_pll/u_ref/clk0_buf,  ../../../user_source/hdl_source/native_hdmi_pll.v(32)
                                                                      pin: u_hdmi_pll/u_ref/bufg_feedback.clkin[0]
GCLK                x023y039z16         0.016          3.269          pin: u_hdmi_pll/u_ref/bufg_feedback.clkout
net (fo=1)                              0.375          3.644          net: u_hdmi_pll/u_output/ph1p_phy_pll_wrapper_25a56e5ce2f9_Inst/refclk,  ../../../user_source/ip_source/PLL/RTL/ph1p_phy_pll_wrapper_25a56e5ce2f9.v(119)
                                                                      pin: u_hdmi_pll/u_ref/bufg_feedback_auto_created_sclk_s_0_l_bk1.clkin
SCLK                x023y019z0          0.079          3.723          pin: u_hdmi_pll/u_ref/bufg_feedback_auto_created_sclk_s_0_l_bk1.clkout
net (fo=1)          x000y039            0.299          4.022          net: u_hdmi_pll/u_ref/bufg_feedback_auto_created_sclk_s_0_l_bk1_sclk_outnet,  NOFILE(0)
                                                                      pin: u_hdmi_pll/u_output/ph1p_phy_pll_wrapper_25a56e5ce2f9_Inst/u_PH1P_PHY_PLL.refclk
PLL                 x000y039            0.818          4.840          pin: u_hdmi_pll/u_output/ph1p_phy_pll_wrapper_25a56e5ce2f9_Inst/u_PH1P_PHY_PLL.clkc[1]
net (fo=1)                              0.806          5.646          net: u_phy/u0_lane_lvds_8_1/I_serial_clk,  ../../../user_source/hdl_source/lane_lvds_10_1.v(8)
                                                                      pin: u_phy/u0_lane_lvds_8_1/I_serial_clk_created_gclkinst.clkin[0]
GCLK                x023y039z1          0.016          5.662          pin: u_phy/u0_lane_lvds_8_1/I_serial_clk_created_gclkinst.clkout
net (fo=1)                              0.395          6.057          net: u_phy/u0_lane_lvds_8_1/I_serial_clk_syn_1,  ../../../user_source/hdl_source/lane_lvds_10_1.v(8)
                                                                      pin: u_phy/u0_lane_lvds_8_1/I_serial_clk_created_gclkinst_auto_created_sclk_s_1_r_bk2.clkin
SCLK                x023y059z13         0.079          6.136          pin: u_phy/u0_lane_lvds_8_1/I_serial_clk_created_gclkinst_auto_created_sclk_s_1_r_bk2.clkout
net (fo=36)                             0.639          6.775          net: u_phy/u0_lane_lvds_8_1/I_serial_clk_created_gclkinst_auto_created_sclk_s_1_r_bk2_sclk_outnet,  NOFILE(0)
                                                                      pin: u_phy/u3_lane_lvds_8_1/S_oddr_data_reg[1]_syn_2.clk
launch edge                             0.000    r     6.775               
--------------------------------------------------------------------  ---------------
clk2q               x034y051z4          0.126    f     6.901          pin: u_phy/u3_lane_lvds_8_1/S_oddr_data_reg[1]_syn_2.oqa
net (fo=1)                              1.316          8.217          net: u_phy/u3_lane_lvds_8_1/S_oddr_data[1],  ../../../user_source/hdl_source/lane_lvds_10_1.v(23)
                                                                      pin: O_tmds_clk_p_syn_2.doq[0]
PAD (reg)           x043y056            0.000    f     8.217               
--------------------------------------------------------------------  ---------------
Arrival                                                8.217               

source latency                          0.000          0.000               
port                C4                  0.000          0.000          pin: I_sys_clk
hierarchy                               0.000          0.000          pin: I_sys_clk_syn_2.ipad
HDIO                x033y078            0.745          0.745          pin: I_sys_clk_syn_2.sg09_di
HDIO                x033y078            0.629          1.374          pin: I_sys_clk_syn_2.di
net (fo=1)          x043y079            0.099          1.473          net: I_sys_clk_dup_1,  ../../../diagnostics/hdmi_1080p30_tpg/hdmi_tpg_top.v(4)
                                                                      pin: u_hdmi_pll/u_ref/ph1p_phy_pll_wrapper_25a56e5ce2f9_Inst/u_PH1P_PHY_PLL.refclk
PLL                 x043y079            0.703          2.176          pin: u_hdmi_pll/u_ref/ph1p_phy_pll_wrapper_25a56e5ce2f9_Inst/u_PH1P_PHY_PLL.clkc[0]
net (fo=1)                              0.711          2.887          net: u_hdmi_pll/u_ref/clk0_buf,  ../../../user_source/hdl_source/native_hdmi_pll.v(32)
                                                                      pin: u_hdmi_pll/u_ref/bufg_feedback.clkin[0]
GCLK                x023y039z16         0.014          2.901          pin: u_hdmi_pll/u_ref/bufg_feedback.clkout
net (fo=1)                              0.322          3.223          net: u_hdmi_pll/u_output/ph1p_phy_pll_wrapper_25a56e5ce2f9_Inst/refclk,  ../../../user_source/ip_source/PLL/RTL/ph1p_phy_pll_wrapper_25a56e5ce2f9.v(119)
                                                                      pin: u_hdmi_pll/u_ref/bufg_feedback_auto_created_sclk_s_0_l_bk1.clkin
SCLK                x023y019z0          0.068          3.291          pin: u_hdmi_pll/u_ref/bufg_feedback_auto_created_sclk_s_0_l_bk1.clkout
net (fo=1)          x000y039            0.255          3.546          net: u_hdmi_pll/u_ref/bufg_feedback_auto_created_sclk_s_0_l_bk1_sclk_outnet,  NOFILE(0)
                                                                      pin: u_hdmi_pll/u_output/ph1p_phy_pll_wrapper_25a56e5ce2f9_Inst/u_PH1P_PHY_PLL.refclk
PLL                 x000y039            0.708          4.254          pin: u_hdmi_pll/u_output/ph1p_phy_pll_wrapper_25a56e5ce2f9_Inst/u_PH1P_PHY_PLL.clkc[1]
net (fo=1)                              0.690          4.944          net: u_phy/u0_lane_lvds_8_1/I_serial_clk,  ../../../user_source/hdl_source/lane_lvds_10_1.v(8)
                                                                      pin: u_phy/u0_lane_lvds_8_1/I_serial_clk_created_gclkinst.clkin[0]
GCLK                x023y039z1          0.014          4.958          pin: u_phy/u0_lane_lvds_8_1/I_serial_clk_created_gclkinst.clkout
net (fo=1)                              0.339          5.297          net: u_phy/u0_lane_lvds_8_1/I_serial_clk_syn_1,  ../../../user_source/hdl_source/lane_lvds_10_1.v(8)
                                                                      pin: u_phy/u0_lane_lvds_8_1/I_serial_clk_created_gclkinst_auto_created_sclk_s_1_r_bk2.clkin
SCLK                x023y059z13         0.068          5.365          pin: u_phy/u0_lane_lvds_8_1/I_serial_clk_created_gclkinst_auto_created_sclk_s_1_r_bk2.clkout
net (fo=36)                             0.414          5.779          net: u_phy/u0_lane_lvds_8_1/I_serial_clk_created_gclkinst_auto_created_sclk_s_1_r_bk2_sclk_outnet,  NOFILE(0)
                                                                      pin: O_tmds_clk_p_syn_2.opclk
capture edge                            2.693    r     8.472               
--------------------------------------------------------------------  ---------------
setup                                   0.003          8.475               
clock uncertainty                      -0.077          8.398               
clock pessimism                         0.778          9.176               
--------------------------------------------------------------------  ---------------
Required                                               9.176               
--------------------------------------------------------------------  ---------------
Slack                                                  0.959               

Slack               : 1.383ns
Begin Point         : u_phy/u3_lane_lvds_8_1/S_oddr_data_reg[0]_syn_2.clk (rising edge triggered by clock u_hdmi_pll/u_output/ph1p_phy_pll_wrapper_25a56e5ce2f9_Inst/u_PH1P_PHY_PLL.clkc[1]  { rise@0.000000ns  fall@1.346000ns  period=2.693000 })
End Point           : O_tmds_clk_p_syn_2.doq[1] (rising edge triggered by clock u_hdmi_pll/u_output/ph1p_phy_pll_wrapper_25a56e5ce2f9_Inst/u_PH1P_PHY_PLL.clkc[1]  { rise@0.000000ns  fall@1.346000ns  period=2.693000 })
Check Type          : setup
Process             : slow_m40c
Budget              : 2.693ns { u_hdmi_pll/u_output/ph1p_phy_pll_wrapper_25a56e5ce2f9_Inst/u_PH1P_PHY_PLL.clkc[1] rising@2.693ns - u_hdmi_pll/u_output/ph1p_phy_pll_wrapper_25a56e5ce2f9_Inst/u_PH1P_PHY_PLL.clkc[1] rising@0.000ns }
Data Path Delay     : 1.021ns (cell 0.126ns (12%), net 0.895ns (88%))
Clock Skew          : 0.218ns
Logic Level         : 0
Max Fanout          : 1
Clock Uncertainty   : 0.077ns (sdc uncertainty: 0.000ns, default uncertainty: 0.077ns)

Delay Type          Location             Incr           Path   Level  Netlist Info
--------------------------------------------------------------------  ---------------
source latency                          0.000          0.000               
port                C4                  0.000          0.000          pin: I_sys_clk
hierarchy                               0.000          0.000          pin: I_sys_clk_syn_2.ipad
HDIO                x033y078            0.810          0.810          pin: I_sys_clk_syn_2.sg09_di
HDIO                x033y078            0.684          1.494          pin: I_sys_clk_syn_2.di
net (fo=1)          x043y079            0.115          1.609          net: I_sys_clk_dup_1,  ../../../diagnostics/hdmi_1080p30_tpg/hdmi_tpg_top.v(4)
                                                                      pin: u_hdmi_pll/u_ref/ph1p_phy_pll_wrapper_25a56e5ce2f9_Inst/u_PH1P_PHY_PLL.refclk
PLL                 x043y079            0.814          2.423          pin: u_hdmi_pll/u_ref/ph1p_phy_pll_wrapper_25a56e5ce2f9_Inst/u_PH1P_PHY_PLL.clkc[0]
net (fo=1)                              0.830          3.253          net: u_hdmi_pll/u_ref/clk0_buf,  ../../../user_source/hdl_source/native_hdmi_pll.v(32)
                                                                      pin: u_hdmi_pll/u_ref/bufg_feedback.clkin[0]
GCLK                x023y039z16         0.016          3.269          pin: u_hdmi_pll/u_ref/bufg_feedback.clkout
net (fo=1)                              0.375          3.644          net: u_hdmi_pll/u_output/ph1p_phy_pll_wrapper_25a56e5ce2f9_Inst/refclk,  ../../../user_source/ip_source/PLL/RTL/ph1p_phy_pll_wrapper_25a56e5ce2f9.v(119)
                                                                      pin: u_hdmi_pll/u_ref/bufg_feedback_auto_created_sclk_s_0_l_bk1.clkin
SCLK                x023y019z0          0.079          3.723          pin: u_hdmi_pll/u_ref/bufg_feedback_auto_created_sclk_s_0_l_bk1.clkout
net (fo=1)          x000y039            0.299          4.022          net: u_hdmi_pll/u_ref/bufg_feedback_auto_created_sclk_s_0_l_bk1_sclk_outnet,  NOFILE(0)
                                                                      pin: u_hdmi_pll/u_output/ph1p_phy_pll_wrapper_25a56e5ce2f9_Inst/u_PH1P_PHY_PLL.refclk
PLL                 x000y039            0.818          4.840          pin: u_hdmi_pll/u_output/ph1p_phy_pll_wrapper_25a56e5ce2f9_Inst/u_PH1P_PHY_PLL.clkc[1]
net (fo=1)                              0.806          5.646          net: u_phy/u0_lane_lvds_8_1/I_serial_clk,  ../../../user_source/hdl_source/lane_lvds_10_1.v(8)
                                                                      pin: u_phy/u0_lane_lvds_8_1/I_serial_clk_created_gclkinst.clkin[0]
GCLK                x023y039z1          0.016          5.662          pin: u_phy/u0_lane_lvds_8_1/I_serial_clk_created_gclkinst.clkout
net (fo=1)                              0.395          6.057          net: u_phy/u0_lane_lvds_8_1/I_serial_clk_syn_1,  ../../../user_source/hdl_source/lane_lvds_10_1.v(8)
                                                                      pin: u_phy/u0_lane_lvds_8_1/I_serial_clk_created_gclkinst_auto_created_sclk_s_1_r_bk2.clkin
SCLK                x023y059z13         0.079          6.136          pin: u_phy/u0_lane_lvds_8_1/I_serial_clk_created_gclkinst_auto_created_sclk_s_1_r_bk2.clkout
net (fo=36)                             0.639          6.775          net: u_phy/u0_lane_lvds_8_1/I_serial_clk_created_gclkinst_auto_created_sclk_s_1_r_bk2_sclk_outnet,  NOFILE(0)
                                                                      pin: u_phy/u3_lane_lvds_8_1/S_oddr_data_reg[0]_syn_2.clk
launch edge                             0.000    r     6.775               
--------------------------------------------------------------------  ---------------
clk2q               x034y051z6          0.126    f     6.901          pin: u_phy/u3_lane_lvds_8_1/S_oddr_data_reg[0]_syn_2.oqa
net (fo=1)                              0.895          7.796          net: u_phy/u3_lane_lvds_8_1/S_oddr_data[0],  ../../../user_source/hdl_source/lane_lvds_10_1.v(23)
                                                                      pin: O_tmds_clk_p_syn_2.doq[1]
PAD (reg)           x043y056            0.000    f     7.796               
--------------------------------------------------------------------  ---------------
Arrival                                                7.796               

source latency                          0.000          0.000               
port                C4                  0.000          0.000          pin: I_sys_clk
hierarchy                               0.000          0.000          pin: I_sys_clk_syn_2.ipad
HDIO                x033y078            0.745          0.745          pin: I_sys_clk_syn_2.sg09_di
HDIO                x033y078            0.629          1.374          pin: I_sys_clk_syn_2.di
net (fo=1)          x043y079            0.099          1.473          net: I_sys_clk_dup_1,  ../../../diagnostics/hdmi_1080p30_tpg/hdmi_tpg_top.v(4)
                                                                      pin: u_hdmi_pll/u_ref/ph1p_phy_pll_wrapper_25a56e5ce2f9_Inst/u_PH1P_PHY_PLL.refclk
PLL                 x043y079            0.703          2.176          pin: u_hdmi_pll/u_ref/ph1p_phy_pll_wrapper_25a56e5ce2f9_Inst/u_PH1P_PHY_PLL.clkc[0]
net (fo=1)                              0.711          2.887          net: u_hdmi_pll/u_ref/clk0_buf,  ../../../user_source/hdl_source/native_hdmi_pll.v(32)
                                                                      pin: u_hdmi_pll/u_ref/bufg_feedback.clkin[0]
GCLK                x023y039z16         0.014          2.901          pin: u_hdmi_pll/u_ref/bufg_feedback.clkout
net (fo=1)                              0.322          3.223          net: u_hdmi_pll/u_output/ph1p_phy_pll_wrapper_25a56e5ce2f9_Inst/refclk,  ../../../user_source/ip_source/PLL/RTL/ph1p_phy_pll_wrapper_25a56e5ce2f9.v(119)
                                                                      pin: u_hdmi_pll/u_ref/bufg_feedback_auto_created_sclk_s_0_l_bk1.clkin
SCLK                x023y019z0          0.068          3.291          pin: u_hdmi_pll/u_ref/bufg_feedback_auto_created_sclk_s_0_l_bk1.clkout
net (fo=1)          x000y039            0.255          3.546          net: u_hdmi_pll/u_ref/bufg_feedback_auto_created_sclk_s_0_l_bk1_sclk_outnet,  NOFILE(0)
                                                                      pin: u_hdmi_pll/u_output/ph1p_phy_pll_wrapper_25a56e5ce2f9_Inst/u_PH1P_PHY_PLL.refclk
PLL                 x000y039            0.708          4.254          pin: u_hdmi_pll/u_output/ph1p_phy_pll_wrapper_25a56e5ce2f9_Inst/u_PH1P_PHY_PLL.clkc[1]
net (fo=1)                              0.690          4.944          net: u_phy/u0_lane_lvds_8_1/I_serial_clk,  ../../../user_source/hdl_source/lane_lvds_10_1.v(8)
                                                                      pin: u_phy/u0_lane_lvds_8_1/I_serial_clk_created_gclkinst.clkin[0]
GCLK                x023y039z1          0.014          4.958          pin: u_phy/u0_lane_lvds_8_1/I_serial_clk_created_gclkinst.clkout
net (fo=1)                              0.339          5.297          net: u_phy/u0_lane_lvds_8_1/I_serial_clk_syn_1,  ../../../user_source/hdl_source/lane_lvds_10_1.v(8)
                                                                      pin: u_phy/u0_lane_lvds_8_1/I_serial_clk_created_gclkinst_auto_created_sclk_s_1_r_bk2.clkin
SCLK                x023y059z13         0.068          5.365          pin: u_phy/u0_lane_lvds_8_1/I_serial_clk_created_gclkinst_auto_created_sclk_s_1_r_bk2.clkout
net (fo=36)                             0.414          5.779          net: u_phy/u0_lane_lvds_8_1/I_serial_clk_created_gclkinst_auto_created_sclk_s_1_r_bk2_sclk_outnet,  NOFILE(0)
                                                                      pin: O_tmds_clk_p_syn_2.opclk
capture edge                            2.693    r     8.472               
--------------------------------------------------------------------  ---------------
setup                                   0.006          8.478               
clock uncertainty                      -0.077          8.401               
clock pessimism                         0.778          9.179               
--------------------------------------------------------------------  ---------------
Required                                               9.179               
--------------------------------------------------------------------  ---------------
Slack                                                  1.383               

Slack               : 1.445ns
Begin Point         : u_phy/u1_lane_lvds_8_1/S_oddr_data_reg[0]_syn_2.clk (rising edge triggered by clock u_hdmi_pll/u_output/ph1p_phy_pll_wrapper_25a56e5ce2f9_Inst/u_PH1P_PHY_PLL.clkc[1]  { rise@0.000000ns  fall@1.346000ns  period=2.693000 })
End Point           : O_tmds_ch1_p_syn_2.doq[1] (rising edge triggered by clock u_hdmi_pll/u_output/ph1p_phy_pll_wrapper_25a56e5ce2f9_Inst/u_PH1P_PHY_PLL.clkc[1]  { rise@0.000000ns  fall@1.346000ns  period=2.693000 })
Check Type          : setup
Process             : slow_m40c
Budget              : 2.693ns { u_hdmi_pll/u_output/ph1p_phy_pll_wrapper_25a56e5ce2f9_Inst/u_PH1P_PHY_PLL.clkc[1] rising@2.693ns - u_hdmi_pll/u_output/ph1p_phy_pll_wrapper_25a56e5ce2f9_Inst/u_PH1P_PHY_PLL.clkc[1] rising@0.000ns }
Data Path Delay     : 0.959ns (cell 0.126ns (13%), net 0.833ns (87%))
Clock Skew          : 0.218ns
Logic Level         : 0
Max Fanout          : 1
Clock Uncertainty   : 0.077ns (sdc uncertainty: 0.000ns, default uncertainty: 0.077ns)

Delay Type          Location             Incr           Path   Level  Netlist Info
--------------------------------------------------------------------  ---------------
source latency                          0.000          0.000               
port                C4                  0.000          0.000          pin: I_sys_clk
hierarchy                               0.000          0.000          pin: I_sys_clk_syn_2.ipad
HDIO                x033y078            0.810          0.810          pin: I_sys_clk_syn_2.sg09_di
HDIO                x033y078            0.684          1.494          pin: I_sys_clk_syn_2.di
net (fo=1)          x043y079            0.115          1.609          net: I_sys_clk_dup_1,  ../../../diagnostics/hdmi_1080p30_tpg/hdmi_tpg_top.v(4)
                                                                      pin: u_hdmi_pll/u_ref/ph1p_phy_pll_wrapper_25a56e5ce2f9_Inst/u_PH1P_PHY_PLL.refclk
PLL                 x043y079            0.814          2.423          pin: u_hdmi_pll/u_ref/ph1p_phy_pll_wrapper_25a56e5ce2f9_Inst/u_PH1P_PHY_PLL.clkc[0]
net (fo=1)                              0.830          3.253          net: u_hdmi_pll/u_ref/clk0_buf,  ../../../user_source/hdl_source/native_hdmi_pll.v(32)
                                                                      pin: u_hdmi_pll/u_ref/bufg_feedback.clkin[0]
GCLK                x023y039z16         0.016          3.269          pin: u_hdmi_pll/u_ref/bufg_feedback.clkout
net (fo=1)                              0.375          3.644          net: u_hdmi_pll/u_output/ph1p_phy_pll_wrapper_25a56e5ce2f9_Inst/refclk,  ../../../user_source/ip_source/PLL/RTL/ph1p_phy_pll_wrapper_25a56e5ce2f9.v(119)
                                                                      pin: u_hdmi_pll/u_ref/bufg_feedback_auto_created_sclk_s_0_l_bk1.clkin
SCLK                x023y019z0          0.079          3.723          pin: u_hdmi_pll/u_ref/bufg_feedback_auto_created_sclk_s_0_l_bk1.clkout
net (fo=1)          x000y039            0.299          4.022          net: u_hdmi_pll/u_ref/bufg_feedback_auto_created_sclk_s_0_l_bk1_sclk_outnet,  NOFILE(0)
                                                                      pin: u_hdmi_pll/u_output/ph1p_phy_pll_wrapper_25a56e5ce2f9_Inst/u_PH1P_PHY_PLL.refclk
PLL                 x000y039            0.818          4.840          pin: u_hdmi_pll/u_output/ph1p_phy_pll_wrapper_25a56e5ce2f9_Inst/u_PH1P_PHY_PLL.clkc[1]
net (fo=1)                              0.806          5.646          net: u_phy/u0_lane_lvds_8_1/I_serial_clk,  ../../../user_source/hdl_source/lane_lvds_10_1.v(8)
                                                                      pin: u_phy/u0_lane_lvds_8_1/I_serial_clk_created_gclkinst.clkin[0]
GCLK                x023y039z1          0.016          5.662          pin: u_phy/u0_lane_lvds_8_1/I_serial_clk_created_gclkinst.clkout
net (fo=1)                              0.395          6.057          net: u_phy/u0_lane_lvds_8_1/I_serial_clk_syn_1,  ../../../user_source/hdl_source/lane_lvds_10_1.v(8)
                                                                      pin: u_phy/u0_lane_lvds_8_1/I_serial_clk_created_gclkinst_auto_created_sclk_s_1_r_bk2.clkin
SCLK                x023y059z13         0.079          6.136          pin: u_phy/u0_lane_lvds_8_1/I_serial_clk_created_gclkinst_auto_created_sclk_s_1_r_bk2.clkout
net (fo=36)                             0.639          6.775          net: u_phy/u0_lane_lvds_8_1/I_serial_clk_created_gclkinst_auto_created_sclk_s_1_r_bk2_sclk_outnet,  NOFILE(0)
                                                                      pin: u_phy/u1_lane_lvds_8_1/S_oddr_data_reg[0]_syn_2.clk
launch edge                             0.000    r     6.775               
--------------------------------------------------------------------  ---------------
clk2q               x034y051z2          0.126    f     6.901          pin: u_phy/u1_lane_lvds_8_1/S_oddr_data_reg[0]_syn_2.oqa
net (fo=1)                              0.833          7.734          net: u_phy/u1_lane_lvds_8_1/S_oddr_data[0],  ../../../user_source/hdl_source/lane_lvds_10_1.v(23)
                                                                      pin: O_tmds_ch1_p_syn_2.doq[1]
PAD (reg)           x043y053            0.000    f     7.734               
--------------------------------------------------------------------  ---------------
Arrival                                                7.734               

source latency                          0.000          0.000               
port                C4                  0.000          0.000          pin: I_sys_clk
hierarchy                               0.000          0.000          pin: I_sys_clk_syn_2.ipad
HDIO                x033y078            0.745          0.745          pin: I_sys_clk_syn_2.sg09_di
HDIO                x033y078            0.629          1.374          pin: I_sys_clk_syn_2.di
net (fo=1)          x043y079            0.099          1.473          net: I_sys_clk_dup_1,  ../../../diagnostics/hdmi_1080p30_tpg/hdmi_tpg_top.v(4)
                                                                      pin: u_hdmi_pll/u_ref/ph1p_phy_pll_wrapper_25a56e5ce2f9_Inst/u_PH1P_PHY_PLL.refclk
PLL                 x043y079            0.703          2.176          pin: u_hdmi_pll/u_ref/ph1p_phy_pll_wrapper_25a56e5ce2f9_Inst/u_PH1P_PHY_PLL.clkc[0]
net (fo=1)                              0.711          2.887          net: u_hdmi_pll/u_ref/clk0_buf,  ../../../user_source/hdl_source/native_hdmi_pll.v(32)
                                                                      pin: u_hdmi_pll/u_ref/bufg_feedback.clkin[0]
GCLK                x023y039z16         0.014          2.901          pin: u_hdmi_pll/u_ref/bufg_feedback.clkout
net (fo=1)                              0.322          3.223          net: u_hdmi_pll/u_output/ph1p_phy_pll_wrapper_25a56e5ce2f9_Inst/refclk,  ../../../user_source/ip_source/PLL/RTL/ph1p_phy_pll_wrapper_25a56e5ce2f9.v(119)
                                                                      pin: u_hdmi_pll/u_ref/bufg_feedback_auto_created_sclk_s_0_l_bk1.clkin
SCLK                x023y019z0          0.068          3.291          pin: u_hdmi_pll/u_ref/bufg_feedback_auto_created_sclk_s_0_l_bk1.clkout
net (fo=1)          x000y039            0.255          3.546          net: u_hdmi_pll/u_ref/bufg_feedback_auto_created_sclk_s_0_l_bk1_sclk_outnet,  NOFILE(0)
                                                                      pin: u_hdmi_pll/u_output/ph1p_phy_pll_wrapper_25a56e5ce2f9_Inst/u_PH1P_PHY_PLL.refclk
PLL                 x000y039            0.708          4.254          pin: u_hdmi_pll/u_output/ph1p_phy_pll_wrapper_25a56e5ce2f9_Inst/u_PH1P_PHY_PLL.clkc[1]
net (fo=1)                              0.690          4.944          net: u_phy/u0_lane_lvds_8_1/I_serial_clk,  ../../../user_source/hdl_source/lane_lvds_10_1.v(8)
                                                                      pin: u_phy/u0_lane_lvds_8_1/I_serial_clk_created_gclkinst.clkin[0]
GCLK                x023y039z1          0.014          4.958          pin: u_phy/u0_lane_lvds_8_1/I_serial_clk_created_gclkinst.clkout
net (fo=1)                              0.339          5.297          net: u_phy/u0_lane_lvds_8_1/I_serial_clk_syn_1,  ../../../user_source/hdl_source/lane_lvds_10_1.v(8)
                                                                      pin: u_phy/u0_lane_lvds_8_1/I_serial_clk_created_gclkinst_auto_created_sclk_s_1_r_bk2.clkin
SCLK                x023y059z13         0.068          5.365          pin: u_phy/u0_lane_lvds_8_1/I_serial_clk_created_gclkinst_auto_created_sclk_s_1_r_bk2.clkout
net (fo=36)                             0.414          5.779          net: u_phy/u0_lane_lvds_8_1/I_serial_clk_created_gclkinst_auto_created_sclk_s_1_r_bk2_sclk_outnet,  NOFILE(0)
                                                                      pin: O_tmds_ch1_p_syn_2.opclk
capture edge                            2.693    r     8.472               
--------------------------------------------------------------------  ---------------
setup                                   0.006          8.478               
clock uncertainty                      -0.077          8.401               
clock pessimism                         0.778          9.179               
--------------------------------------------------------------------  ---------------
Required                                               9.179               
--------------------------------------------------------------------  ---------------
Slack                                                  1.445               

Slack               : 1.450ns
Begin Point         : u_phy/u2_lane_lvds_8_1/S_oddr_data_reg[0]_syn_2.clk (rising edge triggered by clock u_hdmi_pll/u_output/ph1p_phy_pll_wrapper_25a56e5ce2f9_Inst/u_PH1P_PHY_PLL.clkc[1]  { rise@0.000000ns  fall@1.346000ns  period=2.693000 })
End Point           : O_tmds_ch2_p_syn_2.doq[0] (rising edge triggered by clock u_hdmi_pll/u_output/ph1p_phy_pll_wrapper_25a56e5ce2f9_Inst/u_PH1P_PHY_PLL.clkc[1]  { rise@0.000000ns  fall@1.346000ns  period=2.693000 })
Check Type          : setup
Process             : slow_m40c
Budget              : 2.693ns { u_hdmi_pll/u_output/ph1p_phy_pll_wrapper_25a56e5ce2f9_Inst/u_PH1P_PHY_PLL.clkc[1] rising@2.693ns - u_hdmi_pll/u_output/ph1p_phy_pll_wrapper_25a56e5ce2f9_Inst/u_PH1P_PHY_PLL.clkc[1] rising@0.000ns }
Data Path Delay     : 0.950ns (cell 0.137ns (14%), net 0.813ns (86%))
Clock Skew          : 0.219ns
Logic Level         : 0
Max Fanout          : 1
Clock Uncertainty   : 0.077ns (sdc uncertainty: 0.000ns, default uncertainty: 0.077ns)

Delay Type          Location             Incr           Path   Level  Netlist Info
--------------------------------------------------------------------  ---------------
source latency                          0.000          0.000               
port                C4                  0.000          0.000          pin: I_sys_clk
hierarchy                               0.000          0.000          pin: I_sys_clk_syn_2.ipad
HDIO                x033y078            0.810          0.810          pin: I_sys_clk_syn_2.sg09_di
HDIO                x033y078            0.684          1.494          pin: I_sys_clk_syn_2.di
net (fo=1)          x043y079            0.115          1.609          net: I_sys_clk_dup_1,  ../../../diagnostics/hdmi_1080p30_tpg/hdmi_tpg_top.v(4)
                                                                      pin: u_hdmi_pll/u_ref/ph1p_phy_pll_wrapper_25a56e5ce2f9_Inst/u_PH1P_PHY_PLL.refclk
PLL                 x043y079            0.814          2.423          pin: u_hdmi_pll/u_ref/ph1p_phy_pll_wrapper_25a56e5ce2f9_Inst/u_PH1P_PHY_PLL.clkc[0]
net (fo=1)                              0.830          3.253          net: u_hdmi_pll/u_ref/clk0_buf,  ../../../user_source/hdl_source/native_hdmi_pll.v(32)
                                                                      pin: u_hdmi_pll/u_ref/bufg_feedback.clkin[0]
GCLK                x023y039z16         0.016          3.269          pin: u_hdmi_pll/u_ref/bufg_feedback.clkout
net (fo=1)                              0.375          3.644          net: u_hdmi_pll/u_output/ph1p_phy_pll_wrapper_25a56e5ce2f9_Inst/refclk,  ../../../user_source/ip_source/PLL/RTL/ph1p_phy_pll_wrapper_25a56e5ce2f9.v(119)
                                                                      pin: u_hdmi_pll/u_ref/bufg_feedback_auto_created_sclk_s_0_l_bk1.clkin
SCLK                x023y019z0          0.079          3.723          pin: u_hdmi_pll/u_ref/bufg_feedback_auto_created_sclk_s_0_l_bk1.clkout
net (fo=1)          x000y039            0.299          4.022          net: u_hdmi_pll/u_ref/bufg_feedback_auto_created_sclk_s_0_l_bk1_sclk_outnet,  NOFILE(0)
                                                                      pin: u_hdmi_pll/u_output/ph1p_phy_pll_wrapper_25a56e5ce2f9_Inst/u_PH1P_PHY_PLL.refclk
PLL                 x000y039            0.818          4.840          pin: u_hdmi_pll/u_output/ph1p_phy_pll_wrapper_25a56e5ce2f9_Inst/u_PH1P_PHY_PLL.clkc[1]
net (fo=1)                              0.806          5.646          net: u_phy/u0_lane_lvds_8_1/I_serial_clk,  ../../../user_source/hdl_source/lane_lvds_10_1.v(8)
                                                                      pin: u_phy/u0_lane_lvds_8_1/I_serial_clk_created_gclkinst.clkin[0]
GCLK                x023y039z1          0.016          5.662          pin: u_phy/u0_lane_lvds_8_1/I_serial_clk_created_gclkinst.clkout
net (fo=1)                              0.395          6.057          net: u_phy/u0_lane_lvds_8_1/I_serial_clk_syn_1,  ../../../user_source/hdl_source/lane_lvds_10_1.v(8)
                                                                      pin: u_phy/u0_lane_lvds_8_1/I_serial_clk_created_gclkinst_auto_created_sclk_s_1_r_bk2.clkin
SCLK                x023y059z13         0.079          6.136          pin: u_phy/u0_lane_lvds_8_1/I_serial_clk_created_gclkinst_auto_created_sclk_s_1_r_bk2.clkout
net (fo=36)                             0.640          6.776          net: u_phy/u0_lane_lvds_8_1/I_serial_clk_created_gclkinst_auto_created_sclk_s_1_r_bk2_sclk_outnet,  NOFILE(0)
                                                                      pin: u_phy/u2_lane_lvds_8_1/S_oddr_data_reg[0]_syn_2.clk
launch edge                             0.000    r     6.776               
--------------------------------------------------------------------  ---------------
clk2q               x039y049z7          0.137    r     6.913          pin: u_phy/u2_lane_lvds_8_1/S_oddr_data_reg[0]_syn_2.oqb
net (fo=1)                              0.813          7.726          net: u_phy/u2_lane_lvds_8_1/S_oddr_data[1],  ../../../user_source/hdl_source/lane_lvds_10_1.v(23)
                                                                      pin: O_tmds_ch2_p_syn_2.doq[0]
PAD (reg)           x043y053            0.000    f     7.726               
--------------------------------------------------------------------  ---------------
Arrival                                                7.726               

source latency                          0.000          0.000               
port                C4                  0.000          0.000          pin: I_sys_clk
hierarchy                               0.000          0.000          pin: I_sys_clk_syn_2.ipad
HDIO                x033y078            0.745          0.745          pin: I_sys_clk_syn_2.sg09_di
HDIO                x033y078            0.629          1.374          pin: I_sys_clk_syn_2.di
net (fo=1)          x043y079            0.099          1.473          net: I_sys_clk_dup_1,  ../../../diagnostics/hdmi_1080p30_tpg/hdmi_tpg_top.v(4)
                                                                      pin: u_hdmi_pll/u_ref/ph1p_phy_pll_wrapper_25a56e5ce2f9_Inst/u_PH1P_PHY_PLL.refclk
PLL                 x043y079            0.703          2.176          pin: u_hdmi_pll/u_ref/ph1p_phy_pll_wrapper_25a56e5ce2f9_Inst/u_PH1P_PHY_PLL.clkc[0]
net (fo=1)                              0.711          2.887          net: u_hdmi_pll/u_ref/clk0_buf,  ../../../user_source/hdl_source/native_hdmi_pll.v(32)
                                                                      pin: u_hdmi_pll/u_ref/bufg_feedback.clkin[0]
GCLK                x023y039z16         0.014          2.901          pin: u_hdmi_pll/u_ref/bufg_feedback.clkout
net (fo=1)                              0.322          3.223          net: u_hdmi_pll/u_output/ph1p_phy_pll_wrapper_25a56e5ce2f9_Inst/refclk,  ../../../user_source/ip_source/PLL/RTL/ph1p_phy_pll_wrapper_25a56e5ce2f9.v(119)
                                                                      pin: u_hdmi_pll/u_ref/bufg_feedback_auto_created_sclk_s_0_l_bk1.clkin
SCLK                x023y019z0          0.068          3.291          pin: u_hdmi_pll/u_ref/bufg_feedback_auto_created_sclk_s_0_l_bk1.clkout
net (fo=1)          x000y039            0.255          3.546          net: u_hdmi_pll/u_ref/bufg_feedback_auto_created_sclk_s_0_l_bk1_sclk_outnet,  NOFILE(0)
                                                                      pin: u_hdmi_pll/u_output/ph1p_phy_pll_wrapper_25a56e5ce2f9_Inst/u_PH1P_PHY_PLL.refclk
PLL                 x000y039            0.708          4.254          pin: u_hdmi_pll/u_output/ph1p_phy_pll_wrapper_25a56e5ce2f9_Inst/u_PH1P_PHY_PLL.clkc[1]
net (fo=1)                              0.690          4.944          net: u_phy/u0_lane_lvds_8_1/I_serial_clk,  ../../../user_source/hdl_source/lane_lvds_10_1.v(8)
                                                                      pin: u_phy/u0_lane_lvds_8_1/I_serial_clk_created_gclkinst.clkin[0]
GCLK                x023y039z1          0.014          4.958          pin: u_phy/u0_lane_lvds_8_1/I_serial_clk_created_gclkinst.clkout
net (fo=1)                              0.339          5.297          net: u_phy/u0_lane_lvds_8_1/I_serial_clk_syn_1,  ../../../user_source/hdl_source/lane_lvds_10_1.v(8)
                                                                      pin: u_phy/u0_lane_lvds_8_1/I_serial_clk_created_gclkinst_auto_created_sclk_s_1_r_bk2.clkin
SCLK                x023y059z13         0.068          5.365          pin: u_phy/u0_lane_lvds_8_1/I_serial_clk_created_gclkinst_auto_created_sclk_s_1_r_bk2.clkout
net (fo=36)                             0.414          5.779          net: u_phy/u0_lane_lvds_8_1/I_serial_clk_created_gclkinst_auto_created_sclk_s_1_r_bk2_sclk_outnet,  NOFILE(0)
                                                                      pin: O_tmds_ch2_p_syn_2.opclk
capture edge                            2.693    r     8.472               
--------------------------------------------------------------------  ---------------
setup                                   0.003          8.475               
clock uncertainty                      -0.077          8.398               
clock pessimism                         0.778          9.176               
--------------------------------------------------------------------  ---------------
Required                                               9.176               
--------------------------------------------------------------------  ---------------
Slack                                                  1.450               

Slack               : 1.488ns
Begin Point         : u_phy/u0_lane_lvds_8_1/S_load_en_1d_reg_syn_6.clk (rising edge triggered by clock u_hdmi_pll/u_output/ph1p_phy_pll_wrapper_25a56e5ce2f9_Inst/u_PH1P_PHY_PLL.clkc[1]  { rise@0.000000ns  fall@1.346000ns  period=2.693000 })
End Point           : u_phy/u2_lane_lvds_8_1/S_shift_data_reg[8]_syn_2.ib (rising edge triggered by clock u_hdmi_pll/u_output/ph1p_phy_pll_wrapper_25a56e5ce2f9_Inst/u_PH1P_PHY_PLL.clkc[1]  { rise@0.000000ns  fall@1.346000ns  period=2.693000 })
Check Type          : setup
Process             : slow_m40c
Budget              : 2.693ns { u_hdmi_pll/u_output/ph1p_phy_pll_wrapper_25a56e5ce2f9_Inst/u_PH1P_PHY_PLL.clkc[1] rising@2.693ns - u_hdmi_pll/u_output/ph1p_phy_pll_wrapper_25a56e5ce2f9_Inst/u_PH1P_PHY_PLL.clkc[1] rising@0.000ns }
Data Path Delay     : 1.053ns (cell 0.586ns (55%), net 0.467ns (45%))
Clock Skew          : 0.011ns
Logic Level         : 1 ( LUT3=1 )
Max Fanout          : 17
Clock Uncertainty   : 0.077ns (sdc uncertainty: 0.000ns, default uncertainty: 0.077ns)

Delay Type          Location             Incr           Path   Level  Netlist Info
--------------------------------------------------------------------  ---------------
source latency                          0.000          0.000               
port                C4                  0.000          0.000          pin: I_sys_clk
hierarchy                               0.000          0.000          pin: I_sys_clk_syn_2.ipad
HDIO                x033y078            0.810          0.810          pin: I_sys_clk_syn_2.sg09_di
HDIO                x033y078            0.684          1.494          pin: I_sys_clk_syn_2.di
net (fo=1)          x043y079            0.115          1.609          net: I_sys_clk_dup_1,  ../../../diagnostics/hdmi_1080p30_tpg/hdmi_tpg_top.v(4)
                                                                      pin: u_hdmi_pll/u_ref/ph1p_phy_pll_wrapper_25a56e5ce2f9_Inst/u_PH1P_PHY_PLL.refclk
PLL                 x043y079            0.814          2.423          pin: u_hdmi_pll/u_ref/ph1p_phy_pll_wrapper_25a56e5ce2f9_Inst/u_PH1P_PHY_PLL.clkc[0]
net (fo=1)                              0.830          3.253          net: u_hdmi_pll/u_ref/clk0_buf,  ../../../user_source/hdl_source/native_hdmi_pll.v(32)
                                                                      pin: u_hdmi_pll/u_ref/bufg_feedback.clkin[0]
GCLK                x023y039z16         0.016          3.269          pin: u_hdmi_pll/u_ref/bufg_feedback.clkout
net (fo=1)                              0.375          3.644          net: u_hdmi_pll/u_output/ph1p_phy_pll_wrapper_25a56e5ce2f9_Inst/refclk,  ../../../user_source/ip_source/PLL/RTL/ph1p_phy_pll_wrapper_25a56e5ce2f9.v(119)
                                                                      pin: u_hdmi_pll/u_ref/bufg_feedback_auto_created_sclk_s_0_l_bk1.clkin
SCLK                x023y019z0          0.079          3.723          pin: u_hdmi_pll/u_ref/bufg_feedback_auto_created_sclk_s_0_l_bk1.clkout
net (fo=1)          x000y039            0.299          4.022          net: u_hdmi_pll/u_ref/bufg_feedback_auto_created_sclk_s_0_l_bk1_sclk_outnet,  NOFILE(0)
                                                                      pin: u_hdmi_pll/u_output/ph1p_phy_pll_wrapper_25a56e5ce2f9_Inst/u_PH1P_PHY_PLL.refclk
PLL                 x000y039            0.818          4.840          pin: u_hdmi_pll/u_output/ph1p_phy_pll_wrapper_25a56e5ce2f9_Inst/u_PH1P_PHY_PLL.clkc[1]
net (fo=1)                              0.806          5.646          net: u_phy/u0_lane_lvds_8_1/I_serial_clk,  ../../../user_source/hdl_source/lane_lvds_10_1.v(8)
                                                                      pin: u_phy/u0_lane_lvds_8_1/I_serial_clk_created_gclkinst.clkin[0]
GCLK                x023y039z1          0.016          5.662          pin: u_phy/u0_lane_lvds_8_1/I_serial_clk_created_gclkinst.clkout
net (fo=1)                              0.395          6.057          net: u_phy/u0_lane_lvds_8_1/I_serial_clk_syn_1,  ../../../user_source/hdl_source/lane_lvds_10_1.v(8)
                                                                      pin: u_phy/u0_lane_lvds_8_1/I_serial_clk_created_gclkinst_auto_created_sclk_s_1_r_bk2.clkin
SCLK                x023y059z13         0.079          6.136          pin: u_phy/u0_lane_lvds_8_1/I_serial_clk_created_gclkinst_auto_created_sclk_s_1_r_bk2.clkout
net (fo=36)                             0.638          6.774          net: u_phy/u0_lane_lvds_8_1/I_serial_clk_created_gclkinst_auto_created_sclk_s_1_r_bk2_sclk_outnet,  NOFILE(0)
                                                                      pin: u_phy/u0_lane_lvds_8_1/S_load_en_1d_reg_syn_6.clk
launch edge                             0.000    r     6.774               
--------------------------------------------------------------------  ---------------
clk2q               x032y049z0          0.137    r     6.911          pin: u_phy/u0_lane_lvds_8_1/S_load_en_1d_reg_syn_6.oqb
net (fo=17)                             0.467          7.378          net: u_phy/u0_lane_lvds_8_1/S_load_en_2d,  ../../../user_source/hdl_source/lane_lvds_10_1.v(21)
                                                                      pin: u_phy/u2_lane_lvds_8_1/S_shift_data_reg[8]_syn_2.ib
LUT3 (reg)          x032y050z6          0.449    r     7.827       1  net: u_phy/u2_lane_lvds_8_1/S_shift_data[8],  ../../../user_source/hdl_source/lane_lvds_10_1.v(22)
--------------------------------------------------------------------  ---------------
Arrival                                                7.827               

source latency                          0.000          0.000               
port                C4                  0.000          0.000          pin: I_sys_clk
hierarchy                               0.000          0.000          pin: I_sys_clk_syn_2.ipad
HDIO                x033y078            0.745          0.745          pin: I_sys_clk_syn_2.sg09_di
HDIO                x033y078            0.629          1.374          pin: I_sys_clk_syn_2.di
net (fo=1)          x043y079            0.099          1.473          net: I_sys_clk_dup_1,  ../../../diagnostics/hdmi_1080p30_tpg/hdmi_tpg_top.v(4)
                                                                      pin: u_hdmi_pll/u_ref/ph1p_phy_pll_wrapper_25a56e5ce2f9_Inst/u_PH1P_PHY_PLL.refclk
PLL                 x043y079            0.703          2.176          pin: u_hdmi_pll/u_ref/ph1p_phy_pll_wrapper_25a56e5ce2f9_Inst/u_PH1P_PHY_PLL.clkc[0]
net (fo=1)                              0.711          2.887          net: u_hdmi_pll/u_ref/clk0_buf,  ../../../user_source/hdl_source/native_hdmi_pll.v(32)
                                                                      pin: u_hdmi_pll/u_ref/bufg_feedback.clkin[0]
GCLK                x023y039z16         0.014          2.901          pin: u_hdmi_pll/u_ref/bufg_feedback.clkout
net (fo=1)                              0.322          3.223          net: u_hdmi_pll/u_output/ph1p_phy_pll_wrapper_25a56e5ce2f9_Inst/refclk,  ../../../user_source/ip_source/PLL/RTL/ph1p_phy_pll_wrapper_25a56e5ce2f9.v(119)
                                                                      pin: u_hdmi_pll/u_ref/bufg_feedback_auto_created_sclk_s_0_l_bk1.clkin
SCLK                x023y019z0          0.068          3.291          pin: u_hdmi_pll/u_ref/bufg_feedback_auto_created_sclk_s_0_l_bk1.clkout
net (fo=1)          x000y039            0.255          3.546          net: u_hdmi_pll/u_ref/bufg_feedback_auto_created_sclk_s_0_l_bk1_sclk_outnet,  NOFILE(0)
                                                                      pin: u_hdmi_pll/u_output/ph1p_phy_pll_wrapper_25a56e5ce2f9_Inst/u_PH1P_PHY_PLL.refclk
PLL                 x000y039            0.708          4.254          pin: u_hdmi_pll/u_output/ph1p_phy_pll_wrapper_25a56e5ce2f9_Inst/u_PH1P_PHY_PLL.clkc[1]
net (fo=1)                              0.690          4.944          net: u_phy/u0_lane_lvds_8_1/I_serial_clk,  ../../../user_source/hdl_source/lane_lvds_10_1.v(8)
                                                                      pin: u_phy/u0_lane_lvds_8_1/I_serial_clk_created_gclkinst.clkin[0]
GCLK                x023y039z1          0.014          4.958          pin: u_phy/u0_lane_lvds_8_1/I_serial_clk_created_gclkinst.clkout
net (fo=1)                              0.339          5.297          net: u_phy/u0_lane_lvds_8_1/I_serial_clk_syn_1,  ../../../user_source/hdl_source/lane_lvds_10_1.v(8)
                                                                      pin: u_phy/u0_lane_lvds_8_1/I_serial_clk_created_gclkinst_auto_created_sclk_s_1_r_bk2.clkin
SCLK                x023y059z13         0.068          5.365          pin: u_phy/u0_lane_lvds_8_1/I_serial_clk_created_gclkinst_auto_created_sclk_s_1_r_bk2.clkout
net (fo=36)                             0.555          5.920          net: u_phy/u0_lane_lvds_8_1/I_serial_clk_created_gclkinst_auto_created_sclk_s_1_r_bk2_sclk_outnet,  NOFILE(0)
                                                                      pin: u_phy/u2_lane_lvds_8_1/S_shift_data_reg[8]_syn_2.clk
capture edge                            2.693    r     8.613               
--------------------------------------------------------------------  ---------------
setup                                  -0.064          8.549               
clock uncertainty                      -0.077          8.472               
clock pessimism                         0.843          9.315               
--------------------------------------------------------------------  ---------------
Required                                               9.315               
--------------------------------------------------------------------  ---------------
Slack                                                  1.488               

Slack               : 1.488ns
Begin Point         : u_phy/u0_lane_lvds_8_1/S_load_en_1d_reg_syn_6.clk (rising edge triggered by clock u_hdmi_pll/u_output/ph1p_phy_pll_wrapper_25a56e5ce2f9_Inst/u_PH1P_PHY_PLL.clkc[1]  { rise@0.000000ns  fall@1.346000ns  period=2.693000 })
End Point           : u_phy/u0_lane_lvds_8_1/S_shift_data_reg[0]_syn_2.ib (rising edge triggered by clock u_hdmi_pll/u_output/ph1p_phy_pll_wrapper_25a56e5ce2f9_Inst/u_PH1P_PHY_PLL.clkc[1]  { rise@0.000000ns  fall@1.346000ns  period=2.693000 })
Check Type          : setup
Process             : slow_m40c
Budget              : 2.693ns { u_hdmi_pll/u_output/ph1p_phy_pll_wrapper_25a56e5ce2f9_Inst/u_PH1P_PHY_PLL.clkc[1] rising@2.693ns - u_hdmi_pll/u_output/ph1p_phy_pll_wrapper_25a56e5ce2f9_Inst/u_PH1P_PHY_PLL.clkc[1] rising@0.000ns }
Data Path Delay     : 1.053ns (cell 0.586ns (55%), net 0.467ns (45%))
Clock Skew          : 0.011ns
Logic Level         : 1 ( LUT2=1 )
Max Fanout          : 17
Clock Uncertainty   : 0.077ns (sdc uncertainty: 0.000ns, default uncertainty: 0.077ns)

Delay Type          Location             Incr           Path   Level  Netlist Info
--------------------------------------------------------------------  ---------------
source latency                          0.000          0.000               
port                C4                  0.000          0.000          pin: I_sys_clk
hierarchy                               0.000          0.000          pin: I_sys_clk_syn_2.ipad
HDIO                x033y078            0.810          0.810          pin: I_sys_clk_syn_2.sg09_di
HDIO                x033y078            0.684          1.494          pin: I_sys_clk_syn_2.di
net (fo=1)          x043y079            0.115          1.609          net: I_sys_clk_dup_1,  ../../../diagnostics/hdmi_1080p30_tpg/hdmi_tpg_top.v(4)
                                                                      pin: u_hdmi_pll/u_ref/ph1p_phy_pll_wrapper_25a56e5ce2f9_Inst/u_PH1P_PHY_PLL.refclk
PLL                 x043y079            0.814          2.423          pin: u_hdmi_pll/u_ref/ph1p_phy_pll_wrapper_25a56e5ce2f9_Inst/u_PH1P_PHY_PLL.clkc[0]
net (fo=1)                              0.830          3.253          net: u_hdmi_pll/u_ref/clk0_buf,  ../../../user_source/hdl_source/native_hdmi_pll.v(32)
                                                                      pin: u_hdmi_pll/u_ref/bufg_feedback.clkin[0]
GCLK                x023y039z16         0.016          3.269          pin: u_hdmi_pll/u_ref/bufg_feedback.clkout
net (fo=1)                              0.375          3.644          net: u_hdmi_pll/u_output/ph1p_phy_pll_wrapper_25a56e5ce2f9_Inst/refclk,  ../../../user_source/ip_source/PLL/RTL/ph1p_phy_pll_wrapper_25a56e5ce2f9.v(119)
                                                                      pin: u_hdmi_pll/u_ref/bufg_feedback_auto_created_sclk_s_0_l_bk1.clkin
SCLK                x023y019z0          0.079          3.723          pin: u_hdmi_pll/u_ref/bufg_feedback_auto_created_sclk_s_0_l_bk1.clkout
net (fo=1)          x000y039            0.299          4.022          net: u_hdmi_pll/u_ref/bufg_feedback_auto_created_sclk_s_0_l_bk1_sclk_outnet,  NOFILE(0)
                                                                      pin: u_hdmi_pll/u_output/ph1p_phy_pll_wrapper_25a56e5ce2f9_Inst/u_PH1P_PHY_PLL.refclk
PLL                 x000y039            0.818          4.840          pin: u_hdmi_pll/u_output/ph1p_phy_pll_wrapper_25a56e5ce2f9_Inst/u_PH1P_PHY_PLL.clkc[1]
net (fo=1)                              0.806          5.646          net: u_phy/u0_lane_lvds_8_1/I_serial_clk,  ../../../user_source/hdl_source/lane_lvds_10_1.v(8)
                                                                      pin: u_phy/u0_lane_lvds_8_1/I_serial_clk_created_gclkinst.clkin[0]
GCLK                x023y039z1          0.016          5.662          pin: u_phy/u0_lane_lvds_8_1/I_serial_clk_created_gclkinst.clkout
net (fo=1)                              0.395          6.057          net: u_phy/u0_lane_lvds_8_1/I_serial_clk_syn_1,  ../../../user_source/hdl_source/lane_lvds_10_1.v(8)
                                                                      pin: u_phy/u0_lane_lvds_8_1/I_serial_clk_created_gclkinst_auto_created_sclk_s_1_r_bk2.clkin
SCLK                x023y059z13         0.079          6.136          pin: u_phy/u0_lane_lvds_8_1/I_serial_clk_created_gclkinst_auto_created_sclk_s_1_r_bk2.clkout
net (fo=36)                             0.638          6.774          net: u_phy/u0_lane_lvds_8_1/I_serial_clk_created_gclkinst_auto_created_sclk_s_1_r_bk2_sclk_outnet,  NOFILE(0)
                                                                      pin: u_phy/u0_lane_lvds_8_1/S_load_en_1d_reg_syn_6.clk
launch edge                             0.000    r     6.774               
--------------------------------------------------------------------  ---------------
clk2q               x032y049z0          0.137    r     6.911          pin: u_phy/u0_lane_lvds_8_1/S_load_en_1d_reg_syn_6.oqb
net (fo=17)                             0.467          7.378          net: u_phy/u0_lane_lvds_8_1/S_load_en_2d,  ../../../user_source/hdl_source/lane_lvds_10_1.v(21)
                                                                      pin: u_phy/u0_lane_lvds_8_1/S_shift_data_reg[0]_syn_2.ib
LUT2 (reg)          x032y050z4          0.449    r     7.827       1  net: u_phy/u0_lane_lvds_8_1/S_shift_data[0],  ../../../user_source/hdl_source/lane_lvds_10_1.v(22)
--------------------------------------------------------------------  ---------------
Arrival                                                7.827               

source latency                          0.000          0.000               
port                C4                  0.000          0.000          pin: I_sys_clk
hierarchy                               0.000          0.000          pin: I_sys_clk_syn_2.ipad
HDIO                x033y078            0.745          0.745          pin: I_sys_clk_syn_2.sg09_di
HDIO                x033y078            0.629          1.374          pin: I_sys_clk_syn_2.di
net (fo=1)          x043y079            0.099          1.473          net: I_sys_clk_dup_1,  ../../../diagnostics/hdmi_1080p30_tpg/hdmi_tpg_top.v(4)
                                                                      pin: u_hdmi_pll/u_ref/ph1p_phy_pll_wrapper_25a56e5ce2f9_Inst/u_PH1P_PHY_PLL.refclk
PLL                 x043y079            0.703          2.176          pin: u_hdmi_pll/u_ref/ph1p_phy_pll_wrapper_25a56e5ce2f9_Inst/u_PH1P_PHY_PLL.clkc[0]
net (fo=1)                              0.711          2.887          net: u_hdmi_pll/u_ref/clk0_buf,  ../../../user_source/hdl_source/native_hdmi_pll.v(32)
                                                                      pin: u_hdmi_pll/u_ref/bufg_feedback.clkin[0]
GCLK                x023y039z16         0.014          2.901          pin: u_hdmi_pll/u_ref/bufg_feedback.clkout
net (fo=1)                              0.322          3.223          net: u_hdmi_pll/u_output/ph1p_phy_pll_wrapper_25a56e5ce2f9_Inst/refclk,  ../../../user_source/ip_source/PLL/RTL/ph1p_phy_pll_wrapper_25a56e5ce2f9.v(119)
                                                                      pin: u_hdmi_pll/u_ref/bufg_feedback_auto_created_sclk_s_0_l_bk1.clkin
SCLK                x023y019z0          0.068          3.291          pin: u_hdmi_pll/u_ref/bufg_feedback_auto_created_sclk_s_0_l_bk1.clkout
net (fo=1)          x000y039            0.255          3.546          net: u_hdmi_pll/u_ref/bufg_feedback_auto_created_sclk_s_0_l_bk1_sclk_outnet,  NOFILE(0)
                                                                      pin: u_hdmi_pll/u_output/ph1p_phy_pll_wrapper_25a56e5ce2f9_Inst/u_PH1P_PHY_PLL.refclk
PLL                 x000y039            0.708          4.254          pin: u_hdmi_pll/u_output/ph1p_phy_pll_wrapper_25a56e5ce2f9_Inst/u_PH1P_PHY_PLL.clkc[1]
net (fo=1)                              0.690          4.944          net: u_phy/u0_lane_lvds_8_1/I_serial_clk,  ../../../user_source/hdl_source/lane_lvds_10_1.v(8)
                                                                      pin: u_phy/u0_lane_lvds_8_1/I_serial_clk_created_gclkinst.clkin[0]
GCLK                x023y039z1          0.014          4.958          pin: u_phy/u0_lane_lvds_8_1/I_serial_clk_created_gclkinst.clkout
net (fo=1)                              0.339          5.297          net: u_phy/u0_lane_lvds_8_1/I_serial_clk_syn_1,  ../../../user_source/hdl_source/lane_lvds_10_1.v(8)
                                                                      pin: u_phy/u0_lane_lvds_8_1/I_serial_clk_created_gclkinst_auto_created_sclk_s_1_r_bk2.clkin
SCLK                x023y059z13         0.068          5.365          pin: u_phy/u0_lane_lvds_8_1/I_serial_clk_created_gclkinst_auto_created_sclk_s_1_r_bk2.clkout
net (fo=36)                             0.555          5.920          net: u_phy/u0_lane_lvds_8_1/I_serial_clk_created_gclkinst_auto_created_sclk_s_1_r_bk2_sclk_outnet,  NOFILE(0)
                                                                      pin: u_phy/u0_lane_lvds_8_1/S_shift_data_reg[0]_syn_2.clk
capture edge                            2.693    r     8.613               
--------------------------------------------------------------------  ---------------
setup                                  -0.064          8.549               
clock uncertainty                      -0.077          8.472               
clock pessimism                         0.843          9.315               
--------------------------------------------------------------------  ---------------
Required                                               9.315               
--------------------------------------------------------------------  ---------------
Slack                                                  1.488               

Slack               : 1.488ns
Begin Point         : u_phy/u0_lane_lvds_8_1/S_load_en_1d_reg_syn_6.clk (rising edge triggered by clock u_hdmi_pll/u_output/ph1p_phy_pll_wrapper_25a56e5ce2f9_Inst/u_PH1P_PHY_PLL.clkc[1]  { rise@0.000000ns  fall@1.346000ns  period=2.693000 })
End Point           : u_phy/u3_lane_lvds_8_1/S_shift_data_reg[7]_syn_2.ib (rising edge triggered by clock u_hdmi_pll/u_output/ph1p_phy_pll_wrapper_25a56e5ce2f9_Inst/u_PH1P_PHY_PLL.clkc[1]  { rise@0.000000ns  fall@1.346000ns  period=2.693000 })
Check Type          : setup
Process             : slow_m40c
Budget              : 2.693ns { u_hdmi_pll/u_output/ph1p_phy_pll_wrapper_25a56e5ce2f9_Inst/u_PH1P_PHY_PLL.clkc[1] rising@2.693ns - u_hdmi_pll/u_output/ph1p_phy_pll_wrapper_25a56e5ce2f9_Inst/u_PH1P_PHY_PLL.clkc[1] rising@0.000ns }
Data Path Delay     : 1.053ns (cell 0.586ns (55%), net 0.467ns (45%))
Clock Skew          : 0.011ns
Logic Level         : 1 ( LUT2=1 )
Max Fanout          : 17
Clock Uncertainty   : 0.077ns (sdc uncertainty: 0.000ns, default uncertainty: 0.077ns)

Delay Type          Location             Incr           Path   Level  Netlist Info
--------------------------------------------------------------------  ---------------
source latency                          0.000          0.000               
port                C4                  0.000          0.000          pin: I_sys_clk
hierarchy                               0.000          0.000          pin: I_sys_clk_syn_2.ipad
HDIO                x033y078            0.810          0.810          pin: I_sys_clk_syn_2.sg09_di
HDIO                x033y078            0.684          1.494          pin: I_sys_clk_syn_2.di
net (fo=1)          x043y079            0.115          1.609          net: I_sys_clk_dup_1,  ../../../diagnostics/hdmi_1080p30_tpg/hdmi_tpg_top.v(4)
                                                                      pin: u_hdmi_pll/u_ref/ph1p_phy_pll_wrapper_25a56e5ce2f9_Inst/u_PH1P_PHY_PLL.refclk
PLL                 x043y079            0.814          2.423          pin: u_hdmi_pll/u_ref/ph1p_phy_pll_wrapper_25a56e5ce2f9_Inst/u_PH1P_PHY_PLL.clkc[0]
net (fo=1)                              0.830          3.253          net: u_hdmi_pll/u_ref/clk0_buf,  ../../../user_source/hdl_source/native_hdmi_pll.v(32)
                                                                      pin: u_hdmi_pll/u_ref/bufg_feedback.clkin[0]
GCLK                x023y039z16         0.016          3.269          pin: u_hdmi_pll/u_ref/bufg_feedback.clkout
net (fo=1)                              0.375          3.644          net: u_hdmi_pll/u_output/ph1p_phy_pll_wrapper_25a56e5ce2f9_Inst/refclk,  ../../../user_source/ip_source/PLL/RTL/ph1p_phy_pll_wrapper_25a56e5ce2f9.v(119)
                                                                      pin: u_hdmi_pll/u_ref/bufg_feedback_auto_created_sclk_s_0_l_bk1.clkin
SCLK                x023y019z0          0.079          3.723          pin: u_hdmi_pll/u_ref/bufg_feedback_auto_created_sclk_s_0_l_bk1.clkout
net (fo=1)          x000y039            0.299          4.022          net: u_hdmi_pll/u_ref/bufg_feedback_auto_created_sclk_s_0_l_bk1_sclk_outnet,  NOFILE(0)
                                                                      pin: u_hdmi_pll/u_output/ph1p_phy_pll_wrapper_25a56e5ce2f9_Inst/u_PH1P_PHY_PLL.refclk
PLL                 x000y039            0.818          4.840          pin: u_hdmi_pll/u_output/ph1p_phy_pll_wrapper_25a56e5ce2f9_Inst/u_PH1P_PHY_PLL.clkc[1]
net (fo=1)                              0.806          5.646          net: u_phy/u0_lane_lvds_8_1/I_serial_clk,  ../../../user_source/hdl_source/lane_lvds_10_1.v(8)
                                                                      pin: u_phy/u0_lane_lvds_8_1/I_serial_clk_created_gclkinst.clkin[0]
GCLK                x023y039z1          0.016          5.662          pin: u_phy/u0_lane_lvds_8_1/I_serial_clk_created_gclkinst.clkout
net (fo=1)                              0.395          6.057          net: u_phy/u0_lane_lvds_8_1/I_serial_clk_syn_1,  ../../../user_source/hdl_source/lane_lvds_10_1.v(8)
                                                                      pin: u_phy/u0_lane_lvds_8_1/I_serial_clk_created_gclkinst_auto_created_sclk_s_1_r_bk2.clkin
SCLK                x023y059z13         0.079          6.136          pin: u_phy/u0_lane_lvds_8_1/I_serial_clk_created_gclkinst_auto_created_sclk_s_1_r_bk2.clkout
net (fo=36)                             0.638          6.774          net: u_phy/u0_lane_lvds_8_1/I_serial_clk_created_gclkinst_auto_created_sclk_s_1_r_bk2_sclk_outnet,  NOFILE(0)
                                                                      pin: u_phy/u0_lane_lvds_8_1/S_load_en_1d_reg_syn_6.clk
launch edge                             0.000    r     6.774               
--------------------------------------------------------------------  ---------------
clk2q               x032y049z0          0.137    r     6.911          pin: u_phy/u0_lane_lvds_8_1/S_load_en_1d_reg_syn_6.oqb
net (fo=17)                             0.467          7.378          net: u_phy/u0_lane_lvds_8_1/S_load_en_2d,  ../../../user_source/hdl_source/lane_lvds_10_1.v(21)
                                                                      pin: u_phy/u3_lane_lvds_8_1/S_shift_data_reg[7]_syn_2.ib
LUT2 (reg)          x032y050z7          0.449    r     7.827       1  net: u_phy/u3_lane_lvds_8_1/S_shift_data[7],  ../../../user_source/hdl_source/lane_lvds_10_1.v(22)
--------------------------------------------------------------------  ---------------
Arrival                                                7.827               

source latency                          0.000          0.000               
port                C4                  0.000          0.000          pin: I_sys_clk
hierarchy                               0.000          0.000          pin: I_sys_clk_syn_2.ipad
HDIO                x033y078            0.745          0.745          pin: I_sys_clk_syn_2.sg09_di
HDIO                x033y078            0.629          1.374          pin: I_sys_clk_syn_2.di
net (fo=1)          x043y079            0.099          1.473          net: I_sys_clk_dup_1,  ../../../diagnostics/hdmi_1080p30_tpg/hdmi_tpg_top.v(4)
                                                                      pin: u_hdmi_pll/u_ref/ph1p_phy_pll_wrapper_25a56e5ce2f9_Inst/u_PH1P_PHY_PLL.refclk
PLL                 x043y079            0.703          2.176          pin: u_hdmi_pll/u_ref/ph1p_phy_pll_wrapper_25a56e5ce2f9_Inst/u_PH1P_PHY_PLL.clkc[0]
net (fo=1)                              0.711          2.887          net: u_hdmi_pll/u_ref/clk0_buf,  ../../../user_source/hdl_source/native_hdmi_pll.v(32)
                                                                      pin: u_hdmi_pll/u_ref/bufg_feedback.clkin[0]
GCLK                x023y039z16         0.014          2.901          pin: u_hdmi_pll/u_ref/bufg_feedback.clkout
net (fo=1)                              0.322          3.223          net: u_hdmi_pll/u_output/ph1p_phy_pll_wrapper_25a56e5ce2f9_Inst/refclk,  ../../../user_source/ip_source/PLL/RTL/ph1p_phy_pll_wrapper_25a56e5ce2f9.v(119)
                                                                      pin: u_hdmi_pll/u_ref/bufg_feedback_auto_created_sclk_s_0_l_bk1.clkin
SCLK                x023y019z0          0.068          3.291          pin: u_hdmi_pll/u_ref/bufg_feedback_auto_created_sclk_s_0_l_bk1.clkout
net (fo=1)          x000y039            0.255          3.546          net: u_hdmi_pll/u_ref/bufg_feedback_auto_created_sclk_s_0_l_bk1_sclk_outnet,  NOFILE(0)
                                                                      pin: u_hdmi_pll/u_output/ph1p_phy_pll_wrapper_25a56e5ce2f9_Inst/u_PH1P_PHY_PLL.refclk
PLL                 x000y039            0.708          4.254          pin: u_hdmi_pll/u_output/ph1p_phy_pll_wrapper_25a56e5ce2f9_Inst/u_PH1P_PHY_PLL.clkc[1]
net (fo=1)                              0.690          4.944          net: u_phy/u0_lane_lvds_8_1/I_serial_clk,  ../../../user_source/hdl_source/lane_lvds_10_1.v(8)
                                                                      pin: u_phy/u0_lane_lvds_8_1/I_serial_clk_created_gclkinst.clkin[0]
GCLK                x023y039z1          0.014          4.958          pin: u_phy/u0_lane_lvds_8_1/I_serial_clk_created_gclkinst.clkout
net (fo=1)                              0.339          5.297          net: u_phy/u0_lane_lvds_8_1/I_serial_clk_syn_1,  ../../../user_source/hdl_source/lane_lvds_10_1.v(8)
                                                                      pin: u_phy/u0_lane_lvds_8_1/I_serial_clk_created_gclkinst_auto_created_sclk_s_1_r_bk2.clkin
SCLK                x023y059z13         0.068          5.365          pin: u_phy/u0_lane_lvds_8_1/I_serial_clk_created_gclkinst_auto_created_sclk_s_1_r_bk2.clkout
net (fo=36)                             0.555          5.920          net: u_phy/u0_lane_lvds_8_1/I_serial_clk_created_gclkinst_auto_created_sclk_s_1_r_bk2_sclk_outnet,  NOFILE(0)
                                                                      pin: u_phy/u3_lane_lvds_8_1/S_shift_data_reg[7]_syn_2.clk
capture edge                            2.693    r     8.613               
--------------------------------------------------------------------  ---------------
setup                                  -0.064          8.549               
clock uncertainty                      -0.077          8.472               
clock pessimism                         0.843          9.315               
--------------------------------------------------------------------  ---------------
Required                                               9.315               
--------------------------------------------------------------------  ---------------
Slack                                                  1.488               

Slack               : 1.496ns
Begin Point         : u_phy/u0_lane_lvds_8_1/S_load_en_1d_reg_syn_6.clk (rising edge triggered by clock u_hdmi_pll/u_output/ph1p_phy_pll_wrapper_25a56e5ce2f9_Inst/u_PH1P_PHY_PLL.clkc[1]  { rise@0.000000ns  fall@1.346000ns  period=2.693000 })
End Point           : u_phy/u1_lane_lvds_8_1/S_shift_data_reg[9]_syn_2.ima (rising edge triggered by clock u_hdmi_pll/u_output/ph1p_phy_pll_wrapper_25a56e5ce2f9_Inst/u_PH1P_PHY_PLL.clkc[1]  { rise@0.000000ns  fall@1.346000ns  period=2.693000 })
Check Type          : setup
Process             : slow_m40c
Budget              : 2.693ns { u_hdmi_pll/u_output/ph1p_phy_pll_wrapper_25a56e5ce2f9_Inst/u_PH1P_PHY_PLL.clkc[1] rising@2.693ns - u_hdmi_pll/u_output/ph1p_phy_pll_wrapper_25a56e5ce2f9_Inst/u_PH1P_PHY_PLL.clkc[1] rising@0.000ns }
Data Path Delay     : 1.045ns (cell 0.495ns (47%), net 0.550ns (53%))
Clock Skew          : 0.011ns
Logic Level         : 1 ( LUT3=1 )
Max Fanout          : 17
Clock Uncertainty   : 0.077ns (sdc uncertainty: 0.000ns, default uncertainty: 0.077ns)

Delay Type          Location             Incr           Path   Level  Netlist Info
--------------------------------------------------------------------  ---------------
source latency                          0.000          0.000               
port                C4                  0.000          0.000          pin: I_sys_clk
hierarchy                               0.000          0.000          pin: I_sys_clk_syn_2.ipad
HDIO                x033y078            0.810          0.810          pin: I_sys_clk_syn_2.sg09_di
HDIO                x033y078            0.684          1.494          pin: I_sys_clk_syn_2.di
net (fo=1)          x043y079            0.115          1.609          net: I_sys_clk_dup_1,  ../../../diagnostics/hdmi_1080p30_tpg/hdmi_tpg_top.v(4)
                                                                      pin: u_hdmi_pll/u_ref/ph1p_phy_pll_wrapper_25a56e5ce2f9_Inst/u_PH1P_PHY_PLL.refclk
PLL                 x043y079            0.814          2.423          pin: u_hdmi_pll/u_ref/ph1p_phy_pll_wrapper_25a56e5ce2f9_Inst/u_PH1P_PHY_PLL.clkc[0]
net (fo=1)                              0.830          3.253          net: u_hdmi_pll/u_ref/clk0_buf,  ../../../user_source/hdl_source/native_hdmi_pll.v(32)
                                                                      pin: u_hdmi_pll/u_ref/bufg_feedback.clkin[0]
GCLK                x023y039z16         0.016          3.269          pin: u_hdmi_pll/u_ref/bufg_feedback.clkout
net (fo=1)                              0.375          3.644          net: u_hdmi_pll/u_output/ph1p_phy_pll_wrapper_25a56e5ce2f9_Inst/refclk,  ../../../user_source/ip_source/PLL/RTL/ph1p_phy_pll_wrapper_25a56e5ce2f9.v(119)
                                                                      pin: u_hdmi_pll/u_ref/bufg_feedback_auto_created_sclk_s_0_l_bk1.clkin
SCLK                x023y019z0          0.079          3.723          pin: u_hdmi_pll/u_ref/bufg_feedback_auto_created_sclk_s_0_l_bk1.clkout
net (fo=1)          x000y039            0.299          4.022          net: u_hdmi_pll/u_ref/bufg_feedback_auto_created_sclk_s_0_l_bk1_sclk_outnet,  NOFILE(0)
                                                                      pin: u_hdmi_pll/u_output/ph1p_phy_pll_wrapper_25a56e5ce2f9_Inst/u_PH1P_PHY_PLL.refclk
PLL                 x000y039            0.818          4.840          pin: u_hdmi_pll/u_output/ph1p_phy_pll_wrapper_25a56e5ce2f9_Inst/u_PH1P_PHY_PLL.clkc[1]
net (fo=1)                              0.806          5.646          net: u_phy/u0_lane_lvds_8_1/I_serial_clk,  ../../../user_source/hdl_source/lane_lvds_10_1.v(8)
                                                                      pin: u_phy/u0_lane_lvds_8_1/I_serial_clk_created_gclkinst.clkin[0]
GCLK                x023y039z1          0.016          5.662          pin: u_phy/u0_lane_lvds_8_1/I_serial_clk_created_gclkinst.clkout
net (fo=1)                              0.395          6.057          net: u_phy/u0_lane_lvds_8_1/I_serial_clk_syn_1,  ../../../user_source/hdl_source/lane_lvds_10_1.v(8)
                                                                      pin: u_phy/u0_lane_lvds_8_1/I_serial_clk_created_gclkinst_auto_created_sclk_s_1_r_bk2.clkin
SCLK                x023y059z13         0.079          6.136          pin: u_phy/u0_lane_lvds_8_1/I_serial_clk_created_gclkinst_auto_created_sclk_s_1_r_bk2.clkout
net (fo=36)                             0.638          6.774          net: u_phy/u0_lane_lvds_8_1/I_serial_clk_created_gclkinst_auto_created_sclk_s_1_r_bk2_sclk_outnet,  NOFILE(0)
                                                                      pin: u_phy/u0_lane_lvds_8_1/S_load_en_1d_reg_syn_6.clk
launch edge                             0.000    r     6.774               
--------------------------------------------------------------------  ---------------
clk2q               x032y049z0          0.137    r     6.911          pin: u_phy/u0_lane_lvds_8_1/S_load_en_1d_reg_syn_6.oqb
net (fo=17)                             0.371          7.282          net: u_phy/u0_lane_lvds_8_1/S_load_en_2d,  ../../../user_source/hdl_source/lane_lvds_10_1.v(21)
                                                                      pin: u_phy/u1_lane_lvds_8_1/S_shift_data_reg[9]_syn_2.imb
LUT3                x032y050z5          0.271    r     7.553       1  pin: u_phy/u1_lane_lvds_8_1/S_shift_data_reg[9]_syn_2.ofb
net (fo=1)                              0.179          7.732          net: u_phy/u1_lane_lvds_8_1/S_shift_data_b[9],  NOFILE(0)
                                                                      pin: u_phy/u1_lane_lvds_8_1/S_shift_data_reg[9]_syn_2.ima
reg                 x032y050z5          0.087    r     7.819          net: u_phy/u1_lane_lvds_8_1/S_shift_data[9],  ../../../user_source/hdl_source/lane_lvds_10_1.v(22)
--------------------------------------------------------------------  ---------------
Arrival                                                7.819               

source latency                          0.000          0.000               
port                C4                  0.000          0.000          pin: I_sys_clk
hierarchy                               0.000          0.000          pin: I_sys_clk_syn_2.ipad
HDIO                x033y078            0.745          0.745          pin: I_sys_clk_syn_2.sg09_di
HDIO                x033y078            0.629          1.374          pin: I_sys_clk_syn_2.di
net (fo=1)          x043y079            0.099          1.473          net: I_sys_clk_dup_1,  ../../../diagnostics/hdmi_1080p30_tpg/hdmi_tpg_top.v(4)
                                                                      pin: u_hdmi_pll/u_ref/ph1p_phy_pll_wrapper_25a56e5ce2f9_Inst/u_PH1P_PHY_PLL.refclk
PLL                 x043y079            0.703          2.176          pin: u_hdmi_pll/u_ref/ph1p_phy_pll_wrapper_25a56e5ce2f9_Inst/u_PH1P_PHY_PLL.clkc[0]
net (fo=1)                              0.711          2.887          net: u_hdmi_pll/u_ref/clk0_buf,  ../../../user_source/hdl_source/native_hdmi_pll.v(32)
                                                                      pin: u_hdmi_pll/u_ref/bufg_feedback.clkin[0]
GCLK                x023y039z16         0.014          2.901          pin: u_hdmi_pll/u_ref/bufg_feedback.clkout
net (fo=1)                              0.322          3.223          net: u_hdmi_pll/u_output/ph1p_phy_pll_wrapper_25a56e5ce2f9_Inst/refclk,  ../../../user_source/ip_source/PLL/RTL/ph1p_phy_pll_wrapper_25a56e5ce2f9.v(119)
                                                                      pin: u_hdmi_pll/u_ref/bufg_feedback_auto_created_sclk_s_0_l_bk1.clkin
SCLK                x023y019z0          0.068          3.291          pin: u_hdmi_pll/u_ref/bufg_feedback_auto_created_sclk_s_0_l_bk1.clkout
net (fo=1)          x000y039            0.255          3.546          net: u_hdmi_pll/u_ref/bufg_feedback_auto_created_sclk_s_0_l_bk1_sclk_outnet,  NOFILE(0)
                                                                      pin: u_hdmi_pll/u_output/ph1p_phy_pll_wrapper_25a56e5ce2f9_Inst/u_PH1P_PHY_PLL.refclk
PLL                 x000y039            0.708          4.254          pin: u_hdmi_pll/u_output/ph1p_phy_pll_wrapper_25a56e5ce2f9_Inst/u_PH1P_PHY_PLL.clkc[1]
net (fo=1)                              0.690          4.944          net: u_phy/u0_lane_lvds_8_1/I_serial_clk,  ../../../user_source/hdl_source/lane_lvds_10_1.v(8)
                                                                      pin: u_phy/u0_lane_lvds_8_1/I_serial_clk_created_gclkinst.clkin[0]
GCLK                x023y039z1          0.014          4.958          pin: u_phy/u0_lane_lvds_8_1/I_serial_clk_created_gclkinst.clkout
net (fo=1)                              0.339          5.297          net: u_phy/u0_lane_lvds_8_1/I_serial_clk_syn_1,  ../../../user_source/hdl_source/lane_lvds_10_1.v(8)
                                                                      pin: u_phy/u0_lane_lvds_8_1/I_serial_clk_created_gclkinst_auto_created_sclk_s_1_r_bk2.clkin
SCLK                x023y059z13         0.068          5.365          pin: u_phy/u0_lane_lvds_8_1/I_serial_clk_created_gclkinst_auto_created_sclk_s_1_r_bk2.clkout
net (fo=36)                             0.555          5.920          net: u_phy/u0_lane_lvds_8_1/I_serial_clk_created_gclkinst_auto_created_sclk_s_1_r_bk2_sclk_outnet,  NOFILE(0)
                                                                      pin: u_phy/u1_lane_lvds_8_1/S_shift_data_reg[9]_syn_2.clk
capture edge                            2.693    r     8.613               
--------------------------------------------------------------------  ---------------
setup                                  -0.064          8.549               
clock uncertainty                      -0.077          8.472               
clock pessimism                         0.843          9.315               
--------------------------------------------------------------------  ---------------
Required                                               9.315               
--------------------------------------------------------------------  ---------------
Slack                                                  1.496               

Slack               : 1.524ns
Begin Point         : u_phy/u0_lane_lvds_8_1/S_shift_data_reg[4]_syn_2.clk (rising edge triggered by clock u_hdmi_pll/u_output/ph1p_phy_pll_wrapper_25a56e5ce2f9_Inst/u_PH1P_PHY_PLL.clkc[1]  { rise@0.000000ns  fall@1.346000ns  period=2.693000 })
End Point           : u_phy/u2_lane_lvds_8_1/S_shift_data_reg[8]_syn_2.ie (rising edge triggered by clock u_hdmi_pll/u_output/ph1p_phy_pll_wrapper_25a56e5ce2f9_Inst/u_PH1P_PHY_PLL.clkc[1]  { rise@0.000000ns  fall@1.346000ns  period=2.693000 })
Check Type          : setup
Process             : slow_m40c
Budget              : 2.693ns { u_hdmi_pll/u_output/ph1p_phy_pll_wrapper_25a56e5ce2f9_Inst/u_PH1P_PHY_PLL.clkc[1] rising@2.693ns - u_hdmi_pll/u_output/ph1p_phy_pll_wrapper_25a56e5ce2f9_Inst/u_PH1P_PHY_PLL.clkc[1] rising@0.000ns }
Data Path Delay     : 0.951ns (cell 0.291ns (30%), net 0.660ns (70%))
Clock Skew          : 0.077ns
Logic Level         : 1 ( LUT3=1 )
Max Fanout          : 1
Clock Uncertainty   : 0.077ns (sdc uncertainty: 0.000ns, default uncertainty: 0.077ns)

Delay Type          Location             Incr           Path   Level  Netlist Info
--------------------------------------------------------------------  ---------------
source latency                          0.000          0.000               
port                C4                  0.000          0.000          pin: I_sys_clk
hierarchy                               0.000          0.000          pin: I_sys_clk_syn_2.ipad
HDIO                x033y078            0.810          0.810          pin: I_sys_clk_syn_2.sg09_di
HDIO                x033y078            0.684          1.494          pin: I_sys_clk_syn_2.di
net (fo=1)          x043y079            0.115          1.609          net: I_sys_clk_dup_1,  ../../../diagnostics/hdmi_1080p30_tpg/hdmi_tpg_top.v(4)
                                                                      pin: u_hdmi_pll/u_ref/ph1p_phy_pll_wrapper_25a56e5ce2f9_Inst/u_PH1P_PHY_PLL.refclk
PLL                 x043y079            0.814          2.423          pin: u_hdmi_pll/u_ref/ph1p_phy_pll_wrapper_25a56e5ce2f9_Inst/u_PH1P_PHY_PLL.clkc[0]
net (fo=1)                              0.830          3.253          net: u_hdmi_pll/u_ref/clk0_buf,  ../../../user_source/hdl_source/native_hdmi_pll.v(32)
                                                                      pin: u_hdmi_pll/u_ref/bufg_feedback.clkin[0]
GCLK                x023y039z16         0.016          3.269          pin: u_hdmi_pll/u_ref/bufg_feedback.clkout
net (fo=1)                              0.375          3.644          net: u_hdmi_pll/u_output/ph1p_phy_pll_wrapper_25a56e5ce2f9_Inst/refclk,  ../../../user_source/ip_source/PLL/RTL/ph1p_phy_pll_wrapper_25a56e5ce2f9.v(119)
                                                                      pin: u_hdmi_pll/u_ref/bufg_feedback_auto_created_sclk_s_0_l_bk1.clkin
SCLK                x023y019z0          0.079          3.723          pin: u_hdmi_pll/u_ref/bufg_feedback_auto_created_sclk_s_0_l_bk1.clkout
net (fo=1)          x000y039            0.299          4.022          net: u_hdmi_pll/u_ref/bufg_feedback_auto_created_sclk_s_0_l_bk1_sclk_outnet,  NOFILE(0)
                                                                      pin: u_hdmi_pll/u_output/ph1p_phy_pll_wrapper_25a56e5ce2f9_Inst/u_PH1P_PHY_PLL.refclk
PLL                 x000y039            0.818          4.840          pin: u_hdmi_pll/u_output/ph1p_phy_pll_wrapper_25a56e5ce2f9_Inst/u_PH1P_PHY_PLL.clkc[1]
net (fo=1)                              0.806          5.646          net: u_phy/u0_lane_lvds_8_1/I_serial_clk,  ../../../user_source/hdl_source/lane_lvds_10_1.v(8)
                                                                      pin: u_phy/u0_lane_lvds_8_1/I_serial_clk_created_gclkinst.clkin[0]
GCLK                x023y039z1          0.016          5.662          pin: u_phy/u0_lane_lvds_8_1/I_serial_clk_created_gclkinst.clkout
net (fo=1)                              0.395          6.057          net: u_phy/u0_lane_lvds_8_1/I_serial_clk_syn_1,  ../../../user_source/hdl_source/lane_lvds_10_1.v(8)
                                                                      pin: u_phy/u0_lane_lvds_8_1/I_serial_clk_created_gclkinst_auto_created_sclk_s_1_r_bk2.clkin
SCLK                x023y059z13         0.079          6.136          pin: u_phy/u0_lane_lvds_8_1/I_serial_clk_created_gclkinst_auto_created_sclk_s_1_r_bk2.clkout
net (fo=36)                             0.639          6.775          net: u_phy/u0_lane_lvds_8_1/I_serial_clk_created_gclkinst_auto_created_sclk_s_1_r_bk2_sclk_outnet,  NOFILE(0)
                                                                      pin: u_phy/u0_lane_lvds_8_1/S_shift_data_reg[4]_syn_2.clk
launch edge                             0.000    r     6.775               
--------------------------------------------------------------------  ---------------
clk2q               x031y048z3          0.137    r     6.912          pin: u_phy/u0_lane_lvds_8_1/S_shift_data_reg[4]_syn_2.oqb
net (fo=1)                              0.660          7.572          net: u_phy/u2_lane_lvds_8_1/S_shift_data[7],  ../../../user_source/hdl_source/lane_lvds_10_1.v(22)
                                                                      pin: u_phy/u2_lane_lvds_8_1/S_shift_data_reg[8]_syn_2.ie
LUT3 (reg)          x032y050z6          0.154    r     7.726       1  net: u_phy/u2_lane_lvds_8_1/S_shift_data[9],  ../../../user_source/hdl_source/lane_lvds_10_1.v(22)
--------------------------------------------------------------------  ---------------
Arrival                                                7.726               

source latency                          0.000          0.000               
port                C4                  0.000          0.000          pin: I_sys_clk
hierarchy                               0.000          0.000          pin: I_sys_clk_syn_2.ipad
HDIO                x033y078            0.745          0.745          pin: I_sys_clk_syn_2.sg09_di
HDIO                x033y078            0.629          1.374          pin: I_sys_clk_syn_2.di
net (fo=1)          x043y079            0.099          1.473          net: I_sys_clk_dup_1,  ../../../diagnostics/hdmi_1080p30_tpg/hdmi_tpg_top.v(4)
                                                                      pin: u_hdmi_pll/u_ref/ph1p_phy_pll_wrapper_25a56e5ce2f9_Inst/u_PH1P_PHY_PLL.refclk
PLL                 x043y079            0.703          2.176          pin: u_hdmi_pll/u_ref/ph1p_phy_pll_wrapper_25a56e5ce2f9_Inst/u_PH1P_PHY_PLL.clkc[0]
net (fo=1)                              0.711          2.887          net: u_hdmi_pll/u_ref/clk0_buf,  ../../../user_source/hdl_source/native_hdmi_pll.v(32)
                                                                      pin: u_hdmi_pll/u_ref/bufg_feedback.clkin[0]
GCLK                x023y039z16         0.014          2.901          pin: u_hdmi_pll/u_ref/bufg_feedback.clkout
net (fo=1)                              0.322          3.223          net: u_hdmi_pll/u_output/ph1p_phy_pll_wrapper_25a56e5ce2f9_Inst/refclk,  ../../../user_source/ip_source/PLL/RTL/ph1p_phy_pll_wrapper_25a56e5ce2f9.v(119)
                                                                      pin: u_hdmi_pll/u_ref/bufg_feedback_auto_created_sclk_s_0_l_bk1.clkin
SCLK                x023y019z0          0.068          3.291          pin: u_hdmi_pll/u_ref/bufg_feedback_auto_created_sclk_s_0_l_bk1.clkout
net (fo=1)          x000y039            0.255          3.546          net: u_hdmi_pll/u_ref/bufg_feedback_auto_created_sclk_s_0_l_bk1_sclk_outnet,  NOFILE(0)
                                                                      pin: u_hdmi_pll/u_output/ph1p_phy_pll_wrapper_25a56e5ce2f9_Inst/u_PH1P_PHY_PLL.refclk
PLL                 x000y039            0.708          4.254          pin: u_hdmi_pll/u_output/ph1p_phy_pll_wrapper_25a56e5ce2f9_Inst/u_PH1P_PHY_PLL.clkc[1]
net (fo=1)                              0.690          4.944          net: u_phy/u0_lane_lvds_8_1/I_serial_clk,  ../../../user_source/hdl_source/lane_lvds_10_1.v(8)
                                                                      pin: u_phy/u0_lane_lvds_8_1/I_serial_clk_created_gclkinst.clkin[0]
GCLK                x023y039z1          0.014          4.958          pin: u_phy/u0_lane_lvds_8_1/I_serial_clk_created_gclkinst.clkout
net (fo=1)                              0.339          5.297          net: u_phy/u0_lane_lvds_8_1/I_serial_clk_syn_1,  ../../../user_source/hdl_source/lane_lvds_10_1.v(8)
                                                                      pin: u_phy/u0_lane_lvds_8_1/I_serial_clk_created_gclkinst_auto_created_sclk_s_1_r_bk2.clkin
SCLK                x023y059z13         0.068          5.365          pin: u_phy/u0_lane_lvds_8_1/I_serial_clk_created_gclkinst_auto_created_sclk_s_1_r_bk2.clkout
net (fo=36)                             0.555          5.920          net: u_phy/u0_lane_lvds_8_1/I_serial_clk_created_gclkinst_auto_created_sclk_s_1_r_bk2_sclk_outnet,  NOFILE(0)
                                                                      pin: u_phy/u2_lane_lvds_8_1/S_shift_data_reg[8]_syn_2.clk
capture edge                            2.693    r     8.613               
--------------------------------------------------------------------  ---------------
setup                                  -0.064          8.549               
clock uncertainty                      -0.077          8.472               
clock pessimism                         0.778          9.250               
--------------------------------------------------------------------  ---------------
Required                                               9.250               
--------------------------------------------------------------------  ---------------
Slack                                                  1.524               

Slack               : 1.537ns
Begin Point         : u_phy/u0_lane_lvds_8_1/S_load_en_1d_reg_syn_6.clk (rising edge triggered by clock u_hdmi_pll/u_output/ph1p_phy_pll_wrapper_25a56e5ce2f9_Inst/u_PH1P_PHY_PLL.clkc[1]  { rise@0.000000ns  fall@1.346000ns  period=2.693000 })
End Point           : u_phy/u0_lane_lvds_8_1/S_shift_data_reg[1]_syn_2.ib (rising edge triggered by clock u_hdmi_pll/u_output/ph1p_phy_pll_wrapper_25a56e5ce2f9_Inst/u_PH1P_PHY_PLL.clkc[1]  { rise@0.000000ns  fall@1.346000ns  period=2.693000 })
Check Type          : setup
Process             : slow_m40c
Budget              : 2.693ns { u_hdmi_pll/u_output/ph1p_phy_pll_wrapper_25a56e5ce2f9_Inst/u_PH1P_PHY_PLL.clkc[1] rising@2.693ns - u_hdmi_pll/u_output/ph1p_phy_pll_wrapper_25a56e5ce2f9_Inst/u_PH1P_PHY_PLL.clkc[1] rising@0.000ns }
Data Path Delay     : 0.940ns (cell 0.586ns (62%), net 0.354ns (38%))
Clock Skew          : 0.075ns
Logic Level         : 1 ( LUT2=1 )
Max Fanout          : 17
Clock Uncertainty   : 0.077ns (sdc uncertainty: 0.000ns, default uncertainty: 0.077ns)

Delay Type          Location             Incr           Path   Level  Netlist Info
--------------------------------------------------------------------  ---------------
source latency                          0.000          0.000               
port                C4                  0.000          0.000          pin: I_sys_clk
hierarchy                               0.000          0.000          pin: I_sys_clk_syn_2.ipad
HDIO                x033y078            0.810          0.810          pin: I_sys_clk_syn_2.sg09_di
HDIO                x033y078            0.684          1.494          pin: I_sys_clk_syn_2.di
net (fo=1)          x043y079            0.115          1.609          net: I_sys_clk_dup_1,  ../../../diagnostics/hdmi_1080p30_tpg/hdmi_tpg_top.v(4)
                                                                      pin: u_hdmi_pll/u_ref/ph1p_phy_pll_wrapper_25a56e5ce2f9_Inst/u_PH1P_PHY_PLL.refclk
PLL                 x043y079            0.814          2.423          pin: u_hdmi_pll/u_ref/ph1p_phy_pll_wrapper_25a56e5ce2f9_Inst/u_PH1P_PHY_PLL.clkc[0]
net (fo=1)                              0.830          3.253          net: u_hdmi_pll/u_ref/clk0_buf,  ../../../user_source/hdl_source/native_hdmi_pll.v(32)
                                                                      pin: u_hdmi_pll/u_ref/bufg_feedback.clkin[0]
GCLK                x023y039z16         0.016          3.269          pin: u_hdmi_pll/u_ref/bufg_feedback.clkout
net (fo=1)                              0.375          3.644          net: u_hdmi_pll/u_output/ph1p_phy_pll_wrapper_25a56e5ce2f9_Inst/refclk,  ../../../user_source/ip_source/PLL/RTL/ph1p_phy_pll_wrapper_25a56e5ce2f9.v(119)
                                                                      pin: u_hdmi_pll/u_ref/bufg_feedback_auto_created_sclk_s_0_l_bk1.clkin
SCLK                x023y019z0          0.079          3.723          pin: u_hdmi_pll/u_ref/bufg_feedback_auto_created_sclk_s_0_l_bk1.clkout
net (fo=1)          x000y039            0.299          4.022          net: u_hdmi_pll/u_ref/bufg_feedback_auto_created_sclk_s_0_l_bk1_sclk_outnet,  NOFILE(0)
                                                                      pin: u_hdmi_pll/u_output/ph1p_phy_pll_wrapper_25a56e5ce2f9_Inst/u_PH1P_PHY_PLL.refclk
PLL                 x000y039            0.818          4.840          pin: u_hdmi_pll/u_output/ph1p_phy_pll_wrapper_25a56e5ce2f9_Inst/u_PH1P_PHY_PLL.clkc[1]
net (fo=1)                              0.806          5.646          net: u_phy/u0_lane_lvds_8_1/I_serial_clk,  ../../../user_source/hdl_source/lane_lvds_10_1.v(8)
                                                                      pin: u_phy/u0_lane_lvds_8_1/I_serial_clk_created_gclkinst.clkin[0]
GCLK                x023y039z1          0.016          5.662          pin: u_phy/u0_lane_lvds_8_1/I_serial_clk_created_gclkinst.clkout
net (fo=1)                              0.395          6.057          net: u_phy/u0_lane_lvds_8_1/I_serial_clk_syn_1,  ../../../user_source/hdl_source/lane_lvds_10_1.v(8)
                                                                      pin: u_phy/u0_lane_lvds_8_1/I_serial_clk_created_gclkinst_auto_created_sclk_s_1_r_bk2.clkin
SCLK                x023y059z13         0.079          6.136          pin: u_phy/u0_lane_lvds_8_1/I_serial_clk_created_gclkinst_auto_created_sclk_s_1_r_bk2.clkout
net (fo=36)                             0.638          6.774          net: u_phy/u0_lane_lvds_8_1/I_serial_clk_created_gclkinst_auto_created_sclk_s_1_r_bk2_sclk_outnet,  NOFILE(0)
                                                                      pin: u_phy/u0_lane_lvds_8_1/S_load_en_1d_reg_syn_6.clk
launch edge                             0.000    r     6.774               
--------------------------------------------------------------------  ---------------
clk2q               x032y049z0          0.137    r     6.911          pin: u_phy/u0_lane_lvds_8_1/S_load_en_1d_reg_syn_6.oqb
net (fo=17)                             0.354          7.265          net: u_phy/u0_lane_lvds_8_1/S_load_en_2d,  ../../../user_source/hdl_source/lane_lvds_10_1.v(21)
                                                                      pin: u_phy/u0_lane_lvds_8_1/S_shift_data_reg[1]_syn_2.ib
LUT2 (reg)          x031y048z2          0.449    r     7.714       1  net: u_phy/u0_lane_lvds_8_1/S_shift_data[1],  ../../../user_source/hdl_source/lane_lvds_10_1.v(22)
--------------------------------------------------------------------  ---------------
Arrival                                                7.714               

source latency                          0.000          0.000               
port                C4                  0.000          0.000          pin: I_sys_clk
hierarchy                               0.000          0.000          pin: I_sys_clk_syn_2.ipad
HDIO                x033y078            0.745          0.745          pin: I_sys_clk_syn_2.sg09_di
HDIO                x033y078            0.629          1.374          pin: I_sys_clk_syn_2.di
net (fo=1)          x043y079            0.099          1.473          net: I_sys_clk_dup_1,  ../../../diagnostics/hdmi_1080p30_tpg/hdmi_tpg_top.v(4)
                                                                      pin: u_hdmi_pll/u_ref/ph1p_phy_pll_wrapper_25a56e5ce2f9_Inst/u_PH1P_PHY_PLL.refclk
PLL                 x043y079            0.703          2.176          pin: u_hdmi_pll/u_ref/ph1p_phy_pll_wrapper_25a56e5ce2f9_Inst/u_PH1P_PHY_PLL.clkc[0]
net (fo=1)                              0.711          2.887          net: u_hdmi_pll/u_ref/clk0_buf,  ../../../user_source/hdl_source/native_hdmi_pll.v(32)
                                                                      pin: u_hdmi_pll/u_ref/bufg_feedback.clkin[0]
GCLK                x023y039z16         0.014          2.901          pin: u_hdmi_pll/u_ref/bufg_feedback.clkout
net (fo=1)                              0.322          3.223          net: u_hdmi_pll/u_output/ph1p_phy_pll_wrapper_25a56e5ce2f9_Inst/refclk,  ../../../user_source/ip_source/PLL/RTL/ph1p_phy_pll_wrapper_25a56e5ce2f9.v(119)
                                                                      pin: u_hdmi_pll/u_ref/bufg_feedback_auto_created_sclk_s_0_l_bk1.clkin
SCLK                x023y019z0          0.068          3.291          pin: u_hdmi_pll/u_ref/bufg_feedback_auto_created_sclk_s_0_l_bk1.clkout
net (fo=1)          x000y039            0.255          3.546          net: u_hdmi_pll/u_ref/bufg_feedback_auto_created_sclk_s_0_l_bk1_sclk_outnet,  NOFILE(0)
                                                                      pin: u_hdmi_pll/u_output/ph1p_phy_pll_wrapper_25a56e5ce2f9_Inst/u_PH1P_PHY_PLL.refclk
PLL                 x000y039            0.708          4.254          pin: u_hdmi_pll/u_output/ph1p_phy_pll_wrapper_25a56e5ce2f9_Inst/u_PH1P_PHY_PLL.clkc[1]
net (fo=1)                              0.690          4.944          net: u_phy/u0_lane_lvds_8_1/I_serial_clk,  ../../../user_source/hdl_source/lane_lvds_10_1.v(8)
                                                                      pin: u_phy/u0_lane_lvds_8_1/I_serial_clk_created_gclkinst.clkin[0]
GCLK                x023y039z1          0.014          4.958          pin: u_phy/u0_lane_lvds_8_1/I_serial_clk_created_gclkinst.clkout
net (fo=1)                              0.339          5.297          net: u_phy/u0_lane_lvds_8_1/I_serial_clk_syn_1,  ../../../user_source/hdl_source/lane_lvds_10_1.v(8)
                                                                      pin: u_phy/u0_lane_lvds_8_1/I_serial_clk_created_gclkinst_auto_created_sclk_s_1_r_bk2.clkin
SCLK                x023y059z13         0.068          5.365          pin: u_phy/u0_lane_lvds_8_1/I_serial_clk_created_gclkinst_auto_created_sclk_s_1_r_bk2.clkout
net (fo=36)                             0.556          5.921          net: u_phy/u0_lane_lvds_8_1/I_serial_clk_created_gclkinst_auto_created_sclk_s_1_r_bk2_sclk_outnet,  NOFILE(0)
                                                                      pin: u_phy/u0_lane_lvds_8_1/S_shift_data_reg[1]_syn_2.clk
capture edge                            2.693    r     8.614               
--------------------------------------------------------------------  ---------------
setup                                  -0.064          8.550               
clock uncertainty                      -0.077          8.473               
clock pessimism                         0.778          9.251               
--------------------------------------------------------------------  ---------------
Required                                               9.251               
--------------------------------------------------------------------  ---------------
Slack                                                  1.537               



Min Paths
----------------------------------------------------------------------------------------------------
Slack               : 0.060ns
Begin Point         : u_phy/u0_lane_lvds_8_1/S_load_en_reg_syn_3.clk (rising edge triggered by clock u_hdmi_pll/u_output/ph1p_phy_pll_wrapper_25a56e5ce2f9_Inst/u_PH1P_PHY_PLL.clkc[1]  { rise@0.000000ns  fall@1.346000ns  period=2.693000 })
End Point           : u_phy/u0_lane_lvds_8_1/S_odd_even_2d_reg_syn_3.ima (rising edge triggered by clock u_hdmi_pll/u_output/ph1p_phy_pll_wrapper_25a56e5ce2f9_Inst/u_PH1P_PHY_PLL.clkc[1]  { rise@0.000000ns  fall@1.346000ns  period=2.693000 })
Check Type          : hold
Process             : fast_m40c
Budget              : 0.000ns { u_hdmi_pll/u_output/ph1p_phy_pll_wrapper_25a56e5ce2f9_Inst/u_PH1P_PHY_PLL.clkc[1] rising@0.000ns - u_hdmi_pll/u_output/ph1p_phy_pll_wrapper_25a56e5ce2f9_Inst/u_PH1P_PHY_PLL.clkc[1] rising@0.000ns }
Data Path Delay     : 0.122ns (cell 0.094ns (77%), net 0.028ns (23%))
Clock Skew          : 0.000ns
Logic Level         : 0
Max Fanout          : 2
Clock Uncertainty   : 0.050ns (sdc uncertainty: 0.000ns, default uncertainty: 0.050ns)

Delay Type          Location             Incr           Path   Level  Netlist Info
--------------------------------------------------------------------  ---------------
source latency                          0.000          0.000               
port                C4                  0.000          0.000          pin: I_sys_clk
hierarchy                               0.000          0.000          pin: I_sys_clk_syn_2.ipad
HDIO                x033y078            0.810          0.810          pin: I_sys_clk_syn_2.sg09_di
HDIO                x033y078            0.257          1.067          pin: I_sys_clk_syn_2.di
net (fo=1)          x043y079            0.040          1.107          net: I_sys_clk_dup_1,  ../../../diagnostics/hdmi_1080p30_tpg/hdmi_tpg_top.v(4)
                                                                      pin: u_hdmi_pll/u_ref/ph1p_phy_pll_wrapper_25a56e5ce2f9_Inst/u_PH1P_PHY_PLL.refclk
PLL                 x043y079            0.367          1.474          pin: u_hdmi_pll/u_ref/ph1p_phy_pll_wrapper_25a56e5ce2f9_Inst/u_PH1P_PHY_PLL.clkc[0]
net (fo=1)                              0.312          1.786          net: u_hdmi_pll/u_ref/clk0_buf,  ../../../user_source/hdl_source/native_hdmi_pll.v(32)
                                                                      pin: u_hdmi_pll/u_ref/bufg_feedback.clkin[0]
GCLK                x023y039z16         0.006          1.792          pin: u_hdmi_pll/u_ref/bufg_feedback.clkout
net (fo=1)                              0.136          1.928          net: u_hdmi_pll/u_output/ph1p_phy_pll_wrapper_25a56e5ce2f9_Inst/refclk,  ../../../user_source/ip_source/PLL/RTL/ph1p_phy_pll_wrapper_25a56e5ce2f9.v(119)
                                                                      pin: u_hdmi_pll/u_ref/bufg_feedback_auto_created_sclk_s_0_l_bk1.clkin
SCLK                x023y019z0          0.025          1.953          pin: u_hdmi_pll/u_ref/bufg_feedback_auto_created_sclk_s_0_l_bk1.clkout
net (fo=1)          x000y039            0.121          2.074          net: u_hdmi_pll/u_ref/bufg_feedback_auto_created_sclk_s_0_l_bk1_sclk_outnet,  NOFILE(0)
                                                                      pin: u_hdmi_pll/u_output/ph1p_phy_pll_wrapper_25a56e5ce2f9_Inst/u_PH1P_PHY_PLL.refclk
PLL                 x000y039            0.367          2.441          pin: u_hdmi_pll/u_output/ph1p_phy_pll_wrapper_25a56e5ce2f9_Inst/u_PH1P_PHY_PLL.clkc[1]
net (fo=1)                              0.307          2.748          net: u_phy/u0_lane_lvds_8_1/I_serial_clk,  ../../../user_source/hdl_source/lane_lvds_10_1.v(8)
                                                                      pin: u_phy/u0_lane_lvds_8_1/I_serial_clk_created_gclkinst.clkin[0]
GCLK                x023y039z1          0.006          2.754          pin: u_phy/u0_lane_lvds_8_1/I_serial_clk_created_gclkinst.clkout
net (fo=1)                              0.146          2.900          net: u_phy/u0_lane_lvds_8_1/I_serial_clk_syn_1,  ../../../user_source/hdl_source/lane_lvds_10_1.v(8)
                                                                      pin: u_phy/u0_lane_lvds_8_1/I_serial_clk_created_gclkinst_auto_created_sclk_s_1_r_bk2.clkin
SCLK                x023y059z13         0.025          2.925          pin: u_phy/u0_lane_lvds_8_1/I_serial_clk_created_gclkinst_auto_created_sclk_s_1_r_bk2.clkout
net (fo=36)                             0.225          3.150          net: u_phy/u0_lane_lvds_8_1/I_serial_clk_created_gclkinst_auto_created_sclk_s_1_r_bk2_sclk_outnet,  NOFILE(0)
                                                                      pin: u_phy/u0_lane_lvds_8_1/S_load_en_reg_syn_3.clk
launch edge                             0.000    r     3.150               
--------------------------------------------------------------------  ---------------
clk2q               x035y046z3          0.065    r     3.215          pin: u_phy/u0_lane_lvds_8_1/S_load_en_reg_syn_3.oqb
net (fo=2)                              0.028          3.243          net: u_phy/u0_lane_lvds_8_1/S_odd_even_1d,  ../../../user_source/hdl_source/lane_lvds_10_1.v(17)
                                                                      pin: u_phy/u0_lane_lvds_8_1/S_odd_even_2d_reg_syn_3.ima
reg                 x035y046z0          0.029    f     3.272          net: u_phy/u0_lane_lvds_8_1/S_odd_even_2d,  ../../../user_source/hdl_source/lane_lvds_10_1.v(18)
--------------------------------------------------------------------  ---------------
Arrival                                                3.272               

source latency                          0.000          0.000               
port                C4                  0.000          0.000          pin: I_sys_clk
hierarchy                               0.000          0.000          pin: I_sys_clk_syn_2.ipad
HDIO                x033y078            0.915          0.915          pin: I_sys_clk_syn_2.sg09_di
HDIO                x033y078            0.290          1.205          pin: I_sys_clk_syn_2.di
net (fo=1)          x043y079            0.043          1.248          net: I_sys_clk_dup_1,  ../../../diagnostics/hdmi_1080p30_tpg/hdmi_tpg_top.v(4)
                                                                      pin: u_hdmi_pll/u_ref/ph1p_phy_pll_wrapper_25a56e5ce2f9_Inst/u_PH1P_PHY_PLL.refclk
PLL                 x043y079            0.435          1.683          pin: u_hdmi_pll/u_ref/ph1p_phy_pll_wrapper_25a56e5ce2f9_Inst/u_PH1P_PHY_PLL.clkc[0]
net (fo=1)                              0.339          2.022          net: u_hdmi_pll/u_ref/clk0_buf,  ../../../user_source/hdl_source/native_hdmi_pll.v(32)
                                                                      pin: u_hdmi_pll/u_ref/bufg_feedback.clkin[0]
GCLK                x023y039z16         0.007          2.029          pin: u_hdmi_pll/u_ref/bufg_feedback.clkout
net (fo=1)                              0.148          2.177          net: u_hdmi_pll/u_output/ph1p_phy_pll_wrapper_25a56e5ce2f9_Inst/refclk,  ../../../user_source/ip_source/PLL/RTL/ph1p_phy_pll_wrapper_25a56e5ce2f9.v(119)
                                                                      pin: u_hdmi_pll/u_ref/bufg_feedback_auto_created_sclk_s_0_l_bk1.clkin
SCLK                x023y019z0          0.030          2.207          pin: u_hdmi_pll/u_ref/bufg_feedback_auto_created_sclk_s_0_l_bk1.clkout
net (fo=1)          x000y039            0.131          2.338          net: u_hdmi_pll/u_ref/bufg_feedback_auto_created_sclk_s_0_l_bk1_sclk_outnet,  NOFILE(0)
                                                                      pin: u_hdmi_pll/u_output/ph1p_phy_pll_wrapper_25a56e5ce2f9_Inst/u_PH1P_PHY_PLL.refclk
PLL                 x000y039            0.436          2.774          pin: u_hdmi_pll/u_output/ph1p_phy_pll_wrapper_25a56e5ce2f9_Inst/u_PH1P_PHY_PLL.clkc[1]
net (fo=1)                              0.334          3.108          net: u_phy/u0_lane_lvds_8_1/I_serial_clk,  ../../../user_source/hdl_source/lane_lvds_10_1.v(8)
                                                                      pin: u_phy/u0_lane_lvds_8_1/I_serial_clk_created_gclkinst.clkin[0]
GCLK                x023y039z1          0.007          3.115          pin: u_phy/u0_lane_lvds_8_1/I_serial_clk_created_gclkinst.clkout
net (fo=1)                              0.158          3.273          net: u_phy/u0_lane_lvds_8_1/I_serial_clk_syn_1,  ../../../user_source/hdl_source/lane_lvds_10_1.v(8)
                                                                      pin: u_phy/u0_lane_lvds_8_1/I_serial_clk_created_gclkinst_auto_created_sclk_s_1_r_bk2.clkin
SCLK                x023y059z13         0.030          3.303          pin: u_phy/u0_lane_lvds_8_1/I_serial_clk_created_gclkinst_auto_created_sclk_s_1_r_bk2.clkout
net (fo=36)                             0.248          3.551          net: u_phy/u0_lane_lvds_8_1/I_serial_clk_created_gclkinst_auto_created_sclk_s_1_r_bk2_sclk_outnet,  NOFILE(0)
                                                                      pin: u_phy/u0_lane_lvds_8_1/S_odd_even_2d_reg_syn_3.clk
capture edge                            0.000    r     3.551               
--------------------------------------------------------------------  ---------------
hold                                    0.012          3.563               
clock uncertainty                       0.050          3.613               
clock pessimism                        -0.401          3.212               
--------------------------------------------------------------------  ---------------
Required                                               3.212               
--------------------------------------------------------------------  ---------------
Slack                                                  0.060               

Slack               : 0.073ns
Begin Point         : u_phy/u0_lane_lvds_8_1/S_shift_data_reg[1]_syn_2.clk (rising edge triggered by clock u_hdmi_pll/u_output/ph1p_phy_pll_wrapper_25a56e5ce2f9_Inst/u_PH1P_PHY_PLL.clkc[1]  { rise@0.000000ns  fall@1.346000ns  period=2.693000 })
End Point           : u_phy/u0_lane_lvds_8_1/S_shift_data_reg[6]_syn_2.ie (rising edge triggered by clock u_hdmi_pll/u_output/ph1p_phy_pll_wrapper_25a56e5ce2f9_Inst/u_PH1P_PHY_PLL.clkc[1]  { rise@0.000000ns  fall@1.346000ns  period=2.693000 })
Check Type          : hold
Process             : fast_m40c
Budget              : 0.000ns { u_hdmi_pll/u_output/ph1p_phy_pll_wrapper_25a56e5ce2f9_Inst/u_PH1P_PHY_PLL.clkc[1] rising@0.000ns - u_hdmi_pll/u_output/ph1p_phy_pll_wrapper_25a56e5ce2f9_Inst/u_PH1P_PHY_PLL.clkc[1] rising@0.000ns }
Data Path Delay     : 0.135ns (cell 0.109ns (80%), net 0.026ns (20%))
Clock Skew          : 0.000ns
Logic Level         : 1 ( LUT3=1 )
Max Fanout          : 1
Clock Uncertainty   : 0.050ns (sdc uncertainty: 0.000ns, default uncertainty: 0.050ns)

Delay Type          Location             Incr           Path   Level  Netlist Info
--------------------------------------------------------------------  ---------------
source latency                          0.000          0.000               
port                C4                  0.000          0.000          pin: I_sys_clk
hierarchy                               0.000          0.000          pin: I_sys_clk_syn_2.ipad
HDIO                x033y078            0.810          0.810          pin: I_sys_clk_syn_2.sg09_di
HDIO                x033y078            0.257          1.067          pin: I_sys_clk_syn_2.di
net (fo=1)          x043y079            0.040          1.107          net: I_sys_clk_dup_1,  ../../../diagnostics/hdmi_1080p30_tpg/hdmi_tpg_top.v(4)
                                                                      pin: u_hdmi_pll/u_ref/ph1p_phy_pll_wrapper_25a56e5ce2f9_Inst/u_PH1P_PHY_PLL.refclk
PLL                 x043y079            0.367          1.474          pin: u_hdmi_pll/u_ref/ph1p_phy_pll_wrapper_25a56e5ce2f9_Inst/u_PH1P_PHY_PLL.clkc[0]
net (fo=1)                              0.312          1.786          net: u_hdmi_pll/u_ref/clk0_buf,  ../../../user_source/hdl_source/native_hdmi_pll.v(32)
                                                                      pin: u_hdmi_pll/u_ref/bufg_feedback.clkin[0]
GCLK                x023y039z16         0.006          1.792          pin: u_hdmi_pll/u_ref/bufg_feedback.clkout
net (fo=1)                              0.136          1.928          net: u_hdmi_pll/u_output/ph1p_phy_pll_wrapper_25a56e5ce2f9_Inst/refclk,  ../../../user_source/ip_source/PLL/RTL/ph1p_phy_pll_wrapper_25a56e5ce2f9.v(119)
                                                                      pin: u_hdmi_pll/u_ref/bufg_feedback_auto_created_sclk_s_0_l_bk1.clkin
SCLK                x023y019z0          0.025          1.953          pin: u_hdmi_pll/u_ref/bufg_feedback_auto_created_sclk_s_0_l_bk1.clkout
net (fo=1)          x000y039            0.121          2.074          net: u_hdmi_pll/u_ref/bufg_feedback_auto_created_sclk_s_0_l_bk1_sclk_outnet,  NOFILE(0)
                                                                      pin: u_hdmi_pll/u_output/ph1p_phy_pll_wrapper_25a56e5ce2f9_Inst/u_PH1P_PHY_PLL.refclk
PLL                 x000y039            0.367          2.441          pin: u_hdmi_pll/u_output/ph1p_phy_pll_wrapper_25a56e5ce2f9_Inst/u_PH1P_PHY_PLL.clkc[1]
net (fo=1)                              0.307          2.748          net: u_phy/u0_lane_lvds_8_1/I_serial_clk,  ../../../user_source/hdl_source/lane_lvds_10_1.v(8)
                                                                      pin: u_phy/u0_lane_lvds_8_1/I_serial_clk_created_gclkinst.clkin[0]
GCLK                x023y039z1          0.006          2.754          pin: u_phy/u0_lane_lvds_8_1/I_serial_clk_created_gclkinst.clkout
net (fo=1)                              0.146          2.900          net: u_phy/u0_lane_lvds_8_1/I_serial_clk_syn_1,  ../../../user_source/hdl_source/lane_lvds_10_1.v(8)
                                                                      pin: u_phy/u0_lane_lvds_8_1/I_serial_clk_created_gclkinst_auto_created_sclk_s_1_r_bk2.clkin
SCLK                x023y059z13         0.025          2.925          pin: u_phy/u0_lane_lvds_8_1/I_serial_clk_created_gclkinst_auto_created_sclk_s_1_r_bk2.clkout
net (fo=36)                             0.223          3.148          net: u_phy/u0_lane_lvds_8_1/I_serial_clk_created_gclkinst_auto_created_sclk_s_1_r_bk2_sclk_outnet,  NOFILE(0)
                                                                      pin: u_phy/u0_lane_lvds_8_1/S_shift_data_reg[1]_syn_2.clk
launch edge                             0.000    r     3.148               
--------------------------------------------------------------------  ---------------
clk2q               x031y048z2          0.065    r     3.213          pin: u_phy/u0_lane_lvds_8_1/S_shift_data_reg[1]_syn_2.oqb
net (fo=1)                              0.026          3.239          net: u_phy/u2_lane_lvds_8_1/S_shift_data[4],  ../../../user_source/hdl_source/lane_lvds_10_1.v(22)
                                                                      pin: u_phy/u0_lane_lvds_8_1/S_shift_data_reg[6]_syn_2.ie
LUT3 (reg)          x031y048z1          0.044    f     3.283       1  net: u_phy/u2_lane_lvds_8_1/S_shift_data[6],  ../../../user_source/hdl_source/lane_lvds_10_1.v(22)
--------------------------------------------------------------------  ---------------
Arrival                                                3.283               

source latency                          0.000          0.000               
port                C4                  0.000          0.000          pin: I_sys_clk
hierarchy                               0.000          0.000          pin: I_sys_clk_syn_2.ipad
HDIO                x033y078            0.915          0.915          pin: I_sys_clk_syn_2.sg09_di
HDIO                x033y078            0.290          1.205          pin: I_sys_clk_syn_2.di
net (fo=1)          x043y079            0.043          1.248          net: I_sys_clk_dup_1,  ../../../diagnostics/hdmi_1080p30_tpg/hdmi_tpg_top.v(4)
                                                                      pin: u_hdmi_pll/u_ref/ph1p_phy_pll_wrapper_25a56e5ce2f9_Inst/u_PH1P_PHY_PLL.refclk
PLL                 x043y079            0.435          1.683          pin: u_hdmi_pll/u_ref/ph1p_phy_pll_wrapper_25a56e5ce2f9_Inst/u_PH1P_PHY_PLL.clkc[0]
net (fo=1)                              0.339          2.022          net: u_hdmi_pll/u_ref/clk0_buf,  ../../../user_source/hdl_source/native_hdmi_pll.v(32)
                                                                      pin: u_hdmi_pll/u_ref/bufg_feedback.clkin[0]
GCLK                x023y039z16         0.007          2.029          pin: u_hdmi_pll/u_ref/bufg_feedback.clkout
net (fo=1)                              0.148          2.177          net: u_hdmi_pll/u_output/ph1p_phy_pll_wrapper_25a56e5ce2f9_Inst/refclk,  ../../../user_source/ip_source/PLL/RTL/ph1p_phy_pll_wrapper_25a56e5ce2f9.v(119)
                                                                      pin: u_hdmi_pll/u_ref/bufg_feedback_auto_created_sclk_s_0_l_bk1.clkin
SCLK                x023y019z0          0.030          2.207          pin: u_hdmi_pll/u_ref/bufg_feedback_auto_created_sclk_s_0_l_bk1.clkout
net (fo=1)          x000y039            0.131          2.338          net: u_hdmi_pll/u_ref/bufg_feedback_auto_created_sclk_s_0_l_bk1_sclk_outnet,  NOFILE(0)
                                                                      pin: u_hdmi_pll/u_output/ph1p_phy_pll_wrapper_25a56e5ce2f9_Inst/u_PH1P_PHY_PLL.refclk
PLL                 x000y039            0.436          2.774          pin: u_hdmi_pll/u_output/ph1p_phy_pll_wrapper_25a56e5ce2f9_Inst/u_PH1P_PHY_PLL.clkc[1]
net (fo=1)                              0.334          3.108          net: u_phy/u0_lane_lvds_8_1/I_serial_clk,  ../../../user_source/hdl_source/lane_lvds_10_1.v(8)
                                                                      pin: u_phy/u0_lane_lvds_8_1/I_serial_clk_created_gclkinst.clkin[0]
GCLK                x023y039z1          0.007          3.115          pin: u_phy/u0_lane_lvds_8_1/I_serial_clk_created_gclkinst.clkout
net (fo=1)                              0.158          3.273          net: u_phy/u0_lane_lvds_8_1/I_serial_clk_syn_1,  ../../../user_source/hdl_source/lane_lvds_10_1.v(8)
                                                                      pin: u_phy/u0_lane_lvds_8_1/I_serial_clk_created_gclkinst_auto_created_sclk_s_1_r_bk2.clkin
SCLK                x023y059z13         0.030          3.303          pin: u_phy/u0_lane_lvds_8_1/I_serial_clk_created_gclkinst_auto_created_sclk_s_1_r_bk2.clkout
net (fo=36)                             0.246          3.549          net: u_phy/u0_lane_lvds_8_1/I_serial_clk_created_gclkinst_auto_created_sclk_s_1_r_bk2_sclk_outnet,  NOFILE(0)
                                                                      pin: u_phy/u0_lane_lvds_8_1/S_shift_data_reg[6]_syn_2.clk
capture edge                            0.000    r     3.549               
--------------------------------------------------------------------  ---------------
hold                                    0.012          3.561               
clock uncertainty                       0.050          3.611               
clock pessimism                        -0.401          3.210               
--------------------------------------------------------------------  ---------------
Required                                               3.210               
--------------------------------------------------------------------  ---------------
Slack                                                  0.073               

Slack               : 0.088ns
Begin Point         : u_phy/u0_lane_lvds_8_1/S_odd_even_2d_reg_syn_3.clk (rising edge triggered by clock u_hdmi_pll/u_output/ph1p_phy_pll_wrapper_25a56e5ce2f9_Inst/u_PH1P_PHY_PLL.clkc[1]  { rise@0.000000ns  fall@1.346000ns  period=2.693000 })
End Point           : u_phy/u0_lane_lvds_8_1/S_load_en_reg_syn_3.ie (rising edge triggered by clock u_hdmi_pll/u_output/ph1p_phy_pll_wrapper_25a56e5ce2f9_Inst/u_PH1P_PHY_PLL.clkc[1]  { rise@0.000000ns  fall@1.346000ns  period=2.693000 })
Check Type          : hold
Process             : fast_m40c
Budget              : 0.000ns { u_hdmi_pll/u_output/ph1p_phy_pll_wrapper_25a56e5ce2f9_Inst/u_PH1P_PHY_PLL.clkc[1] rising@0.000ns - u_hdmi_pll/u_output/ph1p_phy_pll_wrapper_25a56e5ce2f9_Inst/u_PH1P_PHY_PLL.clkc[1] rising@0.000ns }
Data Path Delay     : 0.150ns (cell 0.122ns (81%), net 0.028ns (19%))
Clock Skew          : 0.000ns
Logic Level         : 1 ( LUT2=1 )
Max Fanout          : 1
Clock Uncertainty   : 0.050ns (sdc uncertainty: 0.000ns, default uncertainty: 0.050ns)

Delay Type          Location             Incr           Path   Level  Netlist Info
--------------------------------------------------------------------  ---------------
source latency                          0.000          0.000               
port                C4                  0.000          0.000          pin: I_sys_clk
hierarchy                               0.000          0.000          pin: I_sys_clk_syn_2.ipad
HDIO                x033y078            0.810          0.810          pin: I_sys_clk_syn_2.sg09_di
HDIO                x033y078            0.257          1.067          pin: I_sys_clk_syn_2.di
net (fo=1)          x043y079            0.040          1.107          net: I_sys_clk_dup_1,  ../../../diagnostics/hdmi_1080p30_tpg/hdmi_tpg_top.v(4)
                                                                      pin: u_hdmi_pll/u_ref/ph1p_phy_pll_wrapper_25a56e5ce2f9_Inst/u_PH1P_PHY_PLL.refclk
PLL                 x043y079            0.367          1.474          pin: u_hdmi_pll/u_ref/ph1p_phy_pll_wrapper_25a56e5ce2f9_Inst/u_PH1P_PHY_PLL.clkc[0]
net (fo=1)                              0.312          1.786          net: u_hdmi_pll/u_ref/clk0_buf,  ../../../user_source/hdl_source/native_hdmi_pll.v(32)
                                                                      pin: u_hdmi_pll/u_ref/bufg_feedback.clkin[0]
GCLK                x023y039z16         0.006          1.792          pin: u_hdmi_pll/u_ref/bufg_feedback.clkout
net (fo=1)                              0.136          1.928          net: u_hdmi_pll/u_output/ph1p_phy_pll_wrapper_25a56e5ce2f9_Inst/refclk,  ../../../user_source/ip_source/PLL/RTL/ph1p_phy_pll_wrapper_25a56e5ce2f9.v(119)
                                                                      pin: u_hdmi_pll/u_ref/bufg_feedback_auto_created_sclk_s_0_l_bk1.clkin
SCLK                x023y019z0          0.025          1.953          pin: u_hdmi_pll/u_ref/bufg_feedback_auto_created_sclk_s_0_l_bk1.clkout
net (fo=1)          x000y039            0.121          2.074          net: u_hdmi_pll/u_ref/bufg_feedback_auto_created_sclk_s_0_l_bk1_sclk_outnet,  NOFILE(0)
                                                                      pin: u_hdmi_pll/u_output/ph1p_phy_pll_wrapper_25a56e5ce2f9_Inst/u_PH1P_PHY_PLL.refclk
PLL                 x000y039            0.367          2.441          pin: u_hdmi_pll/u_output/ph1p_phy_pll_wrapper_25a56e5ce2f9_Inst/u_PH1P_PHY_PLL.clkc[1]
net (fo=1)                              0.307          2.748          net: u_phy/u0_lane_lvds_8_1/I_serial_clk,  ../../../user_source/hdl_source/lane_lvds_10_1.v(8)
                                                                      pin: u_phy/u0_lane_lvds_8_1/I_serial_clk_created_gclkinst.clkin[0]
GCLK                x023y039z1          0.006          2.754          pin: u_phy/u0_lane_lvds_8_1/I_serial_clk_created_gclkinst.clkout
net (fo=1)                              0.146          2.900          net: u_phy/u0_lane_lvds_8_1/I_serial_clk_syn_1,  ../../../user_source/hdl_source/lane_lvds_10_1.v(8)
                                                                      pin: u_phy/u0_lane_lvds_8_1/I_serial_clk_created_gclkinst_auto_created_sclk_s_1_r_bk2.clkin
SCLK                x023y059z13         0.025          2.925          pin: u_phy/u0_lane_lvds_8_1/I_serial_clk_created_gclkinst_auto_created_sclk_s_1_r_bk2.clkout
net (fo=36)                             0.225          3.150          net: u_phy/u0_lane_lvds_8_1/I_serial_clk_created_gclkinst_auto_created_sclk_s_1_r_bk2_sclk_outnet,  NOFILE(0)
                                                                      pin: u_phy/u0_lane_lvds_8_1/S_odd_even_2d_reg_syn_3.clk
launch edge                             0.000    r     3.150               
--------------------------------------------------------------------  ---------------
clk2q               x035y046z0          0.062    f     3.212          pin: u_phy/u0_lane_lvds_8_1/S_odd_even_2d_reg_syn_3.oqa
net (fo=1)                              0.028          3.240          net: u_phy/u0_lane_lvds_8_1/S_odd_even_2d,  ../../../user_source/hdl_source/lane_lvds_10_1.v(18)
                                                                      pin: u_phy/u0_lane_lvds_8_1/S_load_en_reg_syn_3.ie
LUT2 (reg)          x035y046z3          0.060    f     3.300       1  net: u_phy/u0_lane_lvds_8_1/S_load_en,  ../../../user_source/hdl_source/lane_lvds_10_1.v(19)
--------------------------------------------------------------------  ---------------
Arrival                                                3.300               

source latency                          0.000          0.000               
port                C4                  0.000          0.000          pin: I_sys_clk
hierarchy                               0.000          0.000          pin: I_sys_clk_syn_2.ipad
HDIO                x033y078            0.915          0.915          pin: I_sys_clk_syn_2.sg09_di
HDIO                x033y078            0.290          1.205          pin: I_sys_clk_syn_2.di
net (fo=1)          x043y079            0.043          1.248          net: I_sys_clk_dup_1,  ../../../diagnostics/hdmi_1080p30_tpg/hdmi_tpg_top.v(4)
                                                                      pin: u_hdmi_pll/u_ref/ph1p_phy_pll_wrapper_25a56e5ce2f9_Inst/u_PH1P_PHY_PLL.refclk
PLL                 x043y079            0.435          1.683          pin: u_hdmi_pll/u_ref/ph1p_phy_pll_wrapper_25a56e5ce2f9_Inst/u_PH1P_PHY_PLL.clkc[0]
net (fo=1)                              0.339          2.022          net: u_hdmi_pll/u_ref/clk0_buf,  ../../../user_source/hdl_source/native_hdmi_pll.v(32)
                                                                      pin: u_hdmi_pll/u_ref/bufg_feedback.clkin[0]
GCLK                x023y039z16         0.007          2.029          pin: u_hdmi_pll/u_ref/bufg_feedback.clkout
net (fo=1)                              0.148          2.177          net: u_hdmi_pll/u_output/ph1p_phy_pll_wrapper_25a56e5ce2f9_Inst/refclk,  ../../../user_source/ip_source/PLL/RTL/ph1p_phy_pll_wrapper_25a56e5ce2f9.v(119)
                                                                      pin: u_hdmi_pll/u_ref/bufg_feedback_auto_created_sclk_s_0_l_bk1.clkin
SCLK                x023y019z0          0.030          2.207          pin: u_hdmi_pll/u_ref/bufg_feedback_auto_created_sclk_s_0_l_bk1.clkout
net (fo=1)          x000y039            0.131          2.338          net: u_hdmi_pll/u_ref/bufg_feedback_auto_created_sclk_s_0_l_bk1_sclk_outnet,  NOFILE(0)
                                                                      pin: u_hdmi_pll/u_output/ph1p_phy_pll_wrapper_25a56e5ce2f9_Inst/u_PH1P_PHY_PLL.refclk
PLL                 x000y039            0.436          2.774          pin: u_hdmi_pll/u_output/ph1p_phy_pll_wrapper_25a56e5ce2f9_Inst/u_PH1P_PHY_PLL.clkc[1]
net (fo=1)                              0.334          3.108          net: u_phy/u0_lane_lvds_8_1/I_serial_clk,  ../../../user_source/hdl_source/lane_lvds_10_1.v(8)
                                                                      pin: u_phy/u0_lane_lvds_8_1/I_serial_clk_created_gclkinst.clkin[0]
GCLK                x023y039z1          0.007          3.115          pin: u_phy/u0_lane_lvds_8_1/I_serial_clk_created_gclkinst.clkout
net (fo=1)                              0.158          3.273          net: u_phy/u0_lane_lvds_8_1/I_serial_clk_syn_1,  ../../../user_source/hdl_source/lane_lvds_10_1.v(8)
                                                                      pin: u_phy/u0_lane_lvds_8_1/I_serial_clk_created_gclkinst_auto_created_sclk_s_1_r_bk2.clkin
SCLK                x023y059z13         0.030          3.303          pin: u_phy/u0_lane_lvds_8_1/I_serial_clk_created_gclkinst_auto_created_sclk_s_1_r_bk2.clkout
net (fo=36)                             0.248          3.551          net: u_phy/u0_lane_lvds_8_1/I_serial_clk_created_gclkinst_auto_created_sclk_s_1_r_bk2_sclk_outnet,  NOFILE(0)
                                                                      pin: u_phy/u0_lane_lvds_8_1/S_load_en_reg_syn_3.clk
capture edge                            0.000    r     3.551               
--------------------------------------------------------------------  ---------------
hold                                    0.012          3.563               
clock uncertainty                       0.050          3.613               
clock pessimism                        -0.401          3.212               
--------------------------------------------------------------------  ---------------
Required                                               3.212               
--------------------------------------------------------------------  ---------------
Slack                                                  0.088               

Slack               : 0.091ns
Begin Point         : u_phy/u0_lane_lvds_8_1/S_shift_data_reg[9]_syn_2.clk (rising edge triggered by clock u_hdmi_pll/u_output/ph1p_phy_pll_wrapper_25a56e5ce2f9_Inst/u_PH1P_PHY_PLL.clkc[1]  { rise@0.000000ns  fall@1.346000ns  period=2.693000 })
End Point           : u_phy/u0_lane_lvds_8_1/S_oddr_data_reg[1]_syn_2.ima (rising edge triggered by clock u_hdmi_pll/u_output/ph1p_phy_pll_wrapper_25a56e5ce2f9_Inst/u_PH1P_PHY_PLL.clkc[1]  { rise@0.000000ns  fall@1.346000ns  period=2.693000 })
Check Type          : hold
Process             : fast_m40c
Budget              : 0.000ns { u_hdmi_pll/u_output/ph1p_phy_pll_wrapper_25a56e5ce2f9_Inst/u_PH1P_PHY_PLL.clkc[1] rising@0.000ns - u_hdmi_pll/u_output/ph1p_phy_pll_wrapper_25a56e5ce2f9_Inst/u_PH1P_PHY_PLL.clkc[1] rising@0.000ns }
Data Path Delay     : 0.175ns (cell 0.091ns (51%), net 0.084ns (49%))
Clock Skew          : 0.022ns
Logic Level         : 0
Max Fanout          : 1
Clock Uncertainty   : 0.050ns (sdc uncertainty: 0.000ns, default uncertainty: 0.050ns)

Delay Type          Location             Incr           Path   Level  Netlist Info
--------------------------------------------------------------------  ---------------
source latency                          0.000          0.000               
port                C4                  0.000          0.000          pin: I_sys_clk
hierarchy                               0.000          0.000          pin: I_sys_clk_syn_2.ipad
HDIO                x033y078            0.810          0.810          pin: I_sys_clk_syn_2.sg09_di
HDIO                x033y078            0.257          1.067          pin: I_sys_clk_syn_2.di
net (fo=1)          x043y079            0.040          1.107          net: I_sys_clk_dup_1,  ../../../diagnostics/hdmi_1080p30_tpg/hdmi_tpg_top.v(4)
                                                                      pin: u_hdmi_pll/u_ref/ph1p_phy_pll_wrapper_25a56e5ce2f9_Inst/u_PH1P_PHY_PLL.refclk
PLL                 x043y079            0.367          1.474          pin: u_hdmi_pll/u_ref/ph1p_phy_pll_wrapper_25a56e5ce2f9_Inst/u_PH1P_PHY_PLL.clkc[0]
net (fo=1)                              0.312          1.786          net: u_hdmi_pll/u_ref/clk0_buf,  ../../../user_source/hdl_source/native_hdmi_pll.v(32)
                                                                      pin: u_hdmi_pll/u_ref/bufg_feedback.clkin[0]
GCLK                x023y039z16         0.006          1.792          pin: u_hdmi_pll/u_ref/bufg_feedback.clkout
net (fo=1)                              0.136          1.928          net: u_hdmi_pll/u_output/ph1p_phy_pll_wrapper_25a56e5ce2f9_Inst/refclk,  ../../../user_source/ip_source/PLL/RTL/ph1p_phy_pll_wrapper_25a56e5ce2f9.v(119)
                                                                      pin: u_hdmi_pll/u_ref/bufg_feedback_auto_created_sclk_s_0_l_bk1.clkin
SCLK                x023y019z0          0.025          1.953          pin: u_hdmi_pll/u_ref/bufg_feedback_auto_created_sclk_s_0_l_bk1.clkout
net (fo=1)          x000y039            0.121          2.074          net: u_hdmi_pll/u_ref/bufg_feedback_auto_created_sclk_s_0_l_bk1_sclk_outnet,  NOFILE(0)
                                                                      pin: u_hdmi_pll/u_output/ph1p_phy_pll_wrapper_25a56e5ce2f9_Inst/u_PH1P_PHY_PLL.refclk
PLL                 x000y039            0.367          2.441          pin: u_hdmi_pll/u_output/ph1p_phy_pll_wrapper_25a56e5ce2f9_Inst/u_PH1P_PHY_PLL.clkc[1]
net (fo=1)                              0.307          2.748          net: u_phy/u0_lane_lvds_8_1/I_serial_clk,  ../../../user_source/hdl_source/lane_lvds_10_1.v(8)
                                                                      pin: u_phy/u0_lane_lvds_8_1/I_serial_clk_created_gclkinst.clkin[0]
GCLK                x023y039z1          0.006          2.754          pin: u_phy/u0_lane_lvds_8_1/I_serial_clk_created_gclkinst.clkout
net (fo=1)                              0.146          2.900          net: u_phy/u0_lane_lvds_8_1/I_serial_clk_syn_1,  ../../../user_source/hdl_source/lane_lvds_10_1.v(8)
                                                                      pin: u_phy/u0_lane_lvds_8_1/I_serial_clk_created_gclkinst_auto_created_sclk_s_1_r_bk2.clkin
SCLK                x023y059z13         0.025          2.925          pin: u_phy/u0_lane_lvds_8_1/I_serial_clk_created_gclkinst_auto_created_sclk_s_1_r_bk2.clkout
net (fo=36)                             0.222          3.147          net: u_phy/u0_lane_lvds_8_1/I_serial_clk_created_gclkinst_auto_created_sclk_s_1_r_bk2_sclk_outnet,  NOFILE(0)
                                                                      pin: u_phy/u0_lane_lvds_8_1/S_shift_data_reg[9]_syn_2.clk
launch edge                             0.000    r     3.147               
--------------------------------------------------------------------  ---------------
clk2q               x033y049z2          0.062    f     3.209          pin: u_phy/u0_lane_lvds_8_1/S_shift_data_reg[9]_syn_2.oqa
net (fo=1)                              0.084          3.293          net: u_phy/u0_lane_lvds_8_1/S_shift_data[9],  ../../../user_source/hdl_source/lane_lvds_10_1.v(22)
                                                                      pin: u_phy/u0_lane_lvds_8_1/S_oddr_data_reg[1]_syn_2.ima
reg                 x036y049z2          0.029    f     3.322          net: u_phy/u0_lane_lvds_8_1/S_oddr_data[1],  ../../../user_source/hdl_source/lane_lvds_10_1.v(23)
--------------------------------------------------------------------  ---------------
Arrival                                                3.322               

source latency                          0.000          0.000               
port                C4                  0.000          0.000          pin: I_sys_clk
hierarchy                               0.000          0.000          pin: I_sys_clk_syn_2.ipad
HDIO                x033y078            0.915          0.915          pin: I_sys_clk_syn_2.sg09_di
HDIO                x033y078            0.290          1.205          pin: I_sys_clk_syn_2.di
net (fo=1)          x043y079            0.043          1.248          net: I_sys_clk_dup_1,  ../../../diagnostics/hdmi_1080p30_tpg/hdmi_tpg_top.v(4)
                                                                      pin: u_hdmi_pll/u_ref/ph1p_phy_pll_wrapper_25a56e5ce2f9_Inst/u_PH1P_PHY_PLL.refclk
PLL                 x043y079            0.435          1.683          pin: u_hdmi_pll/u_ref/ph1p_phy_pll_wrapper_25a56e5ce2f9_Inst/u_PH1P_PHY_PLL.clkc[0]
net (fo=1)                              0.339          2.022          net: u_hdmi_pll/u_ref/clk0_buf,  ../../../user_source/hdl_source/native_hdmi_pll.v(32)
                                                                      pin: u_hdmi_pll/u_ref/bufg_feedback.clkin[0]
GCLK                x023y039z16         0.007          2.029          pin: u_hdmi_pll/u_ref/bufg_feedback.clkout
net (fo=1)                              0.148          2.177          net: u_hdmi_pll/u_output/ph1p_phy_pll_wrapper_25a56e5ce2f9_Inst/refclk,  ../../../user_source/ip_source/PLL/RTL/ph1p_phy_pll_wrapper_25a56e5ce2f9.v(119)
                                                                      pin: u_hdmi_pll/u_ref/bufg_feedback_auto_created_sclk_s_0_l_bk1.clkin
SCLK                x023y019z0          0.030          2.207          pin: u_hdmi_pll/u_ref/bufg_feedback_auto_created_sclk_s_0_l_bk1.clkout
net (fo=1)          x000y039            0.131          2.338          net: u_hdmi_pll/u_ref/bufg_feedback_auto_created_sclk_s_0_l_bk1_sclk_outnet,  NOFILE(0)
                                                                      pin: u_hdmi_pll/u_output/ph1p_phy_pll_wrapper_25a56e5ce2f9_Inst/u_PH1P_PHY_PLL.refclk
PLL                 x000y039            0.436          2.774          pin: u_hdmi_pll/u_output/ph1p_phy_pll_wrapper_25a56e5ce2f9_Inst/u_PH1P_PHY_PLL.clkc[1]
net (fo=1)                              0.334          3.108          net: u_phy/u0_lane_lvds_8_1/I_serial_clk,  ../../../user_source/hdl_source/lane_lvds_10_1.v(8)
                                                                      pin: u_phy/u0_lane_lvds_8_1/I_serial_clk_created_gclkinst.clkin[0]
GCLK                x023y039z1          0.007          3.115          pin: u_phy/u0_lane_lvds_8_1/I_serial_clk_created_gclkinst.clkout
net (fo=1)                              0.158          3.273          net: u_phy/u0_lane_lvds_8_1/I_serial_clk_syn_1,  ../../../user_source/hdl_source/lane_lvds_10_1.v(8)
                                                                      pin: u_phy/u0_lane_lvds_8_1/I_serial_clk_created_gclkinst_auto_created_sclk_s_1_r_bk2.clkin
SCLK                x023y059z13         0.030          3.303          pin: u_phy/u0_lane_lvds_8_1/I_serial_clk_created_gclkinst_auto_created_sclk_s_1_r_bk2.clkout
net (fo=36)                             0.245          3.548          net: u_phy/u0_lane_lvds_8_1/I_serial_clk_created_gclkinst_auto_created_sclk_s_1_r_bk2_sclk_outnet,  NOFILE(0)
                                                                      pin: u_phy/u0_lane_lvds_8_1/S_oddr_data_reg[1]_syn_2.clk
capture edge                            0.000    r     3.548               
--------------------------------------------------------------------  ---------------
hold                                    0.012          3.560               
clock uncertainty                       0.050          3.610               
clock pessimism                        -0.379          3.231               
--------------------------------------------------------------------  ---------------
Required                                               3.231               
--------------------------------------------------------------------  ---------------
Slack                                                  0.091               

Slack               : 0.091ns
Begin Point         : u_phy/u0_lane_lvds_8_1/S_shift_data_reg[5]_syn_2.clk (rising edge triggered by clock u_hdmi_pll/u_output/ph1p_phy_pll_wrapper_25a56e5ce2f9_Inst/u_PH1P_PHY_PLL.clkc[1]  { rise@0.000000ns  fall@1.346000ns  period=2.693000 })
End Point           : u_phy/u0_lane_lvds_8_1/S_shift_data_reg[7]_syn_2.imf (rising edge triggered by clock u_hdmi_pll/u_output/ph1p_phy_pll_wrapper_25a56e5ce2f9_Inst/u_PH1P_PHY_PLL.clkc[1]  { rise@0.000000ns  fall@1.346000ns  period=2.693000 })
Check Type          : hold
Process             : fast_m40c
Budget              : 0.000ns { u_hdmi_pll/u_output/ph1p_phy_pll_wrapper_25a56e5ce2f9_Inst/u_PH1P_PHY_PLL.clkc[1] rising@0.000ns - u_hdmi_pll/u_output/ph1p_phy_pll_wrapper_25a56e5ce2f9_Inst/u_PH1P_PHY_PLL.clkc[1] rising@0.000ns }
Data Path Delay     : 0.153ns (cell 0.125ns (81%), net 0.028ns (19%))
Clock Skew          : 0.000ns
Logic Level         : 1 ( LUT3=1 )
Max Fanout          : 1
Clock Uncertainty   : 0.050ns (sdc uncertainty: 0.000ns, default uncertainty: 0.050ns)

Delay Type          Location             Incr           Path   Level  Netlist Info
--------------------------------------------------------------------  ---------------
source latency                          0.000          0.000               
port                C4                  0.000          0.000          pin: I_sys_clk
hierarchy                               0.000          0.000          pin: I_sys_clk_syn_2.ipad
HDIO                x033y078            0.810          0.810          pin: I_sys_clk_syn_2.sg09_di
HDIO                x033y078            0.257          1.067          pin: I_sys_clk_syn_2.di
net (fo=1)          x043y079            0.040          1.107          net: I_sys_clk_dup_1,  ../../../diagnostics/hdmi_1080p30_tpg/hdmi_tpg_top.v(4)
                                                                      pin: u_hdmi_pll/u_ref/ph1p_phy_pll_wrapper_25a56e5ce2f9_Inst/u_PH1P_PHY_PLL.refclk
PLL                 x043y079            0.367          1.474          pin: u_hdmi_pll/u_ref/ph1p_phy_pll_wrapper_25a56e5ce2f9_Inst/u_PH1P_PHY_PLL.clkc[0]
net (fo=1)                              0.312          1.786          net: u_hdmi_pll/u_ref/clk0_buf,  ../../../user_source/hdl_source/native_hdmi_pll.v(32)
                                                                      pin: u_hdmi_pll/u_ref/bufg_feedback.clkin[0]
GCLK                x023y039z16         0.006          1.792          pin: u_hdmi_pll/u_ref/bufg_feedback.clkout
net (fo=1)                              0.136          1.928          net: u_hdmi_pll/u_output/ph1p_phy_pll_wrapper_25a56e5ce2f9_Inst/refclk,  ../../../user_source/ip_source/PLL/RTL/ph1p_phy_pll_wrapper_25a56e5ce2f9.v(119)
                                                                      pin: u_hdmi_pll/u_ref/bufg_feedback_auto_created_sclk_s_0_l_bk1.clkin
SCLK                x023y019z0          0.025          1.953          pin: u_hdmi_pll/u_ref/bufg_feedback_auto_created_sclk_s_0_l_bk1.clkout
net (fo=1)          x000y039            0.121          2.074          net: u_hdmi_pll/u_ref/bufg_feedback_auto_created_sclk_s_0_l_bk1_sclk_outnet,  NOFILE(0)
                                                                      pin: u_hdmi_pll/u_output/ph1p_phy_pll_wrapper_25a56e5ce2f9_Inst/u_PH1P_PHY_PLL.refclk
PLL                 x000y039            0.367          2.441          pin: u_hdmi_pll/u_output/ph1p_phy_pll_wrapper_25a56e5ce2f9_Inst/u_PH1P_PHY_PLL.clkc[1]
net (fo=1)                              0.307          2.748          net: u_phy/u0_lane_lvds_8_1/I_serial_clk,  ../../../user_source/hdl_source/lane_lvds_10_1.v(8)
                                                                      pin: u_phy/u0_lane_lvds_8_1/I_serial_clk_created_gclkinst.clkin[0]
GCLK                x023y039z1          0.006          2.754          pin: u_phy/u0_lane_lvds_8_1/I_serial_clk_created_gclkinst.clkout
net (fo=1)                              0.146          2.900          net: u_phy/u0_lane_lvds_8_1/I_serial_clk_syn_1,  ../../../user_source/hdl_source/lane_lvds_10_1.v(8)
                                                                      pin: u_phy/u0_lane_lvds_8_1/I_serial_clk_created_gclkinst_auto_created_sclk_s_1_r_bk2.clkin
SCLK                x023y059z13         0.025          2.925          pin: u_phy/u0_lane_lvds_8_1/I_serial_clk_created_gclkinst_auto_created_sclk_s_1_r_bk2.clkout
net (fo=36)                             0.222          3.147          net: u_phy/u0_lane_lvds_8_1/I_serial_clk_created_gclkinst_auto_created_sclk_s_1_r_bk2_sclk_outnet,  NOFILE(0)
                                                                      pin: u_phy/u0_lane_lvds_8_1/S_shift_data_reg[5]_syn_2.clk
launch edge                             0.000    r     3.147               
--------------------------------------------------------------------  ---------------
clk2q               x033y049z3          0.062    f     3.209          pin: u_phy/u0_lane_lvds_8_1/S_shift_data_reg[5]_syn_2.oqa
net (fo=1)                              0.028          3.237          net: u_phy/u0_lane_lvds_8_1/S_shift_data[5],  ../../../user_source/hdl_source/lane_lvds_10_1.v(22)
                                                                      pin: u_phy/u0_lane_lvds_8_1/S_shift_data_reg[7]_syn_2.imf
LUT3 (reg)          x033y049z1          0.063    f     3.300       1  net: u_phy/u0_lane_lvds_8_1/S_shift_data[7],  ../../../user_source/hdl_source/lane_lvds_10_1.v(22)
--------------------------------------------------------------------  ---------------
Arrival                                                3.300               

source latency                          0.000          0.000               
port                C4                  0.000          0.000          pin: I_sys_clk
hierarchy                               0.000          0.000          pin: I_sys_clk_syn_2.ipad
HDIO                x033y078            0.915          0.915          pin: I_sys_clk_syn_2.sg09_di
HDIO                x033y078            0.290          1.205          pin: I_sys_clk_syn_2.di
net (fo=1)          x043y079            0.043          1.248          net: I_sys_clk_dup_1,  ../../../diagnostics/hdmi_1080p30_tpg/hdmi_tpg_top.v(4)
                                                                      pin: u_hdmi_pll/u_ref/ph1p_phy_pll_wrapper_25a56e5ce2f9_Inst/u_PH1P_PHY_PLL.refclk
PLL                 x043y079            0.435          1.683          pin: u_hdmi_pll/u_ref/ph1p_phy_pll_wrapper_25a56e5ce2f9_Inst/u_PH1P_PHY_PLL.clkc[0]
net (fo=1)                              0.339          2.022          net: u_hdmi_pll/u_ref/clk0_buf,  ../../../user_source/hdl_source/native_hdmi_pll.v(32)
                                                                      pin: u_hdmi_pll/u_ref/bufg_feedback.clkin[0]
GCLK                x023y039z16         0.007          2.029          pin: u_hdmi_pll/u_ref/bufg_feedback.clkout
net (fo=1)                              0.148          2.177          net: u_hdmi_pll/u_output/ph1p_phy_pll_wrapper_25a56e5ce2f9_Inst/refclk,  ../../../user_source/ip_source/PLL/RTL/ph1p_phy_pll_wrapper_25a56e5ce2f9.v(119)
                                                                      pin: u_hdmi_pll/u_ref/bufg_feedback_auto_created_sclk_s_0_l_bk1.clkin
SCLK                x023y019z0          0.030          2.207          pin: u_hdmi_pll/u_ref/bufg_feedback_auto_created_sclk_s_0_l_bk1.clkout
net (fo=1)          x000y039            0.131          2.338          net: u_hdmi_pll/u_ref/bufg_feedback_auto_created_sclk_s_0_l_bk1_sclk_outnet,  NOFILE(0)
                                                                      pin: u_hdmi_pll/u_output/ph1p_phy_pll_wrapper_25a56e5ce2f9_Inst/u_PH1P_PHY_PLL.refclk
PLL                 x000y039            0.436          2.774          pin: u_hdmi_pll/u_output/ph1p_phy_pll_wrapper_25a56e5ce2f9_Inst/u_PH1P_PHY_PLL.clkc[1]
net (fo=1)                              0.334          3.108          net: u_phy/u0_lane_lvds_8_1/I_serial_clk,  ../../../user_source/hdl_source/lane_lvds_10_1.v(8)
                                                                      pin: u_phy/u0_lane_lvds_8_1/I_serial_clk_created_gclkinst.clkin[0]
GCLK                x023y039z1          0.007          3.115          pin: u_phy/u0_lane_lvds_8_1/I_serial_clk_created_gclkinst.clkout
net (fo=1)                              0.158          3.273          net: u_phy/u0_lane_lvds_8_1/I_serial_clk_syn_1,  ../../../user_source/hdl_source/lane_lvds_10_1.v(8)
                                                                      pin: u_phy/u0_lane_lvds_8_1/I_serial_clk_created_gclkinst_auto_created_sclk_s_1_r_bk2.clkin
SCLK                x023y059z13         0.030          3.303          pin: u_phy/u0_lane_lvds_8_1/I_serial_clk_created_gclkinst_auto_created_sclk_s_1_r_bk2.clkout
net (fo=36)                             0.245          3.548          net: u_phy/u0_lane_lvds_8_1/I_serial_clk_created_gclkinst_auto_created_sclk_s_1_r_bk2_sclk_outnet,  NOFILE(0)
                                                                      pin: u_phy/u0_lane_lvds_8_1/S_shift_data_reg[7]_syn_2.clk
capture edge                            0.000    r     3.548               
--------------------------------------------------------------------  ---------------
hold                                    0.012          3.560               
clock uncertainty                       0.050          3.610               
clock pessimism                        -0.401          3.209               
--------------------------------------------------------------------  ---------------
Required                                               3.209               
--------------------------------------------------------------------  ---------------
Slack                                                  0.091               

Slack               : 0.091ns
Begin Point         : u_phy/u0_lane_lvds_8_1/S_shift_data_reg[4]_syn_2.clk (rising edge triggered by clock u_hdmi_pll/u_output/ph1p_phy_pll_wrapper_25a56e5ce2f9_Inst/u_PH1P_PHY_PLL.clkc[1]  { rise@0.000000ns  fall@1.346000ns  period=2.693000 })
End Point           : u_phy/u0_lane_lvds_8_1/S_shift_data_reg[6]_syn_2.imf (rising edge triggered by clock u_hdmi_pll/u_output/ph1p_phy_pll_wrapper_25a56e5ce2f9_Inst/u_PH1P_PHY_PLL.clkc[1]  { rise@0.000000ns  fall@1.346000ns  period=2.693000 })
Check Type          : hold
Process             : fast_m40c
Budget              : 0.000ns { u_hdmi_pll/u_output/ph1p_phy_pll_wrapper_25a56e5ce2f9_Inst/u_PH1P_PHY_PLL.clkc[1] rising@0.000ns - u_hdmi_pll/u_output/ph1p_phy_pll_wrapper_25a56e5ce2f9_Inst/u_PH1P_PHY_PLL.clkc[1] rising@0.000ns }
Data Path Delay     : 0.153ns (cell 0.125ns (81%), net 0.028ns (19%))
Clock Skew          : 0.000ns
Logic Level         : 1 ( LUT3=1 )
Max Fanout          : 1
Clock Uncertainty   : 0.050ns (sdc uncertainty: 0.000ns, default uncertainty: 0.050ns)

Delay Type          Location             Incr           Path   Level  Netlist Info
--------------------------------------------------------------------  ---------------
source latency                          0.000          0.000               
port                C4                  0.000          0.000          pin: I_sys_clk
hierarchy                               0.000          0.000          pin: I_sys_clk_syn_2.ipad
HDIO                x033y078            0.810          0.810          pin: I_sys_clk_syn_2.sg09_di
HDIO                x033y078            0.257          1.067          pin: I_sys_clk_syn_2.di
net (fo=1)          x043y079            0.040          1.107          net: I_sys_clk_dup_1,  ../../../diagnostics/hdmi_1080p30_tpg/hdmi_tpg_top.v(4)
                                                                      pin: u_hdmi_pll/u_ref/ph1p_phy_pll_wrapper_25a56e5ce2f9_Inst/u_PH1P_PHY_PLL.refclk
PLL                 x043y079            0.367          1.474          pin: u_hdmi_pll/u_ref/ph1p_phy_pll_wrapper_25a56e5ce2f9_Inst/u_PH1P_PHY_PLL.clkc[0]
net (fo=1)                              0.312          1.786          net: u_hdmi_pll/u_ref/clk0_buf,  ../../../user_source/hdl_source/native_hdmi_pll.v(32)
                                                                      pin: u_hdmi_pll/u_ref/bufg_feedback.clkin[0]
GCLK                x023y039z16         0.006          1.792          pin: u_hdmi_pll/u_ref/bufg_feedback.clkout
net (fo=1)                              0.136          1.928          net: u_hdmi_pll/u_output/ph1p_phy_pll_wrapper_25a56e5ce2f9_Inst/refclk,  ../../../user_source/ip_source/PLL/RTL/ph1p_phy_pll_wrapper_25a56e5ce2f9.v(119)
                                                                      pin: u_hdmi_pll/u_ref/bufg_feedback_auto_created_sclk_s_0_l_bk1.clkin
SCLK                x023y019z0          0.025          1.953          pin: u_hdmi_pll/u_ref/bufg_feedback_auto_created_sclk_s_0_l_bk1.clkout
net (fo=1)          x000y039            0.121          2.074          net: u_hdmi_pll/u_ref/bufg_feedback_auto_created_sclk_s_0_l_bk1_sclk_outnet,  NOFILE(0)
                                                                      pin: u_hdmi_pll/u_output/ph1p_phy_pll_wrapper_25a56e5ce2f9_Inst/u_PH1P_PHY_PLL.refclk
PLL                 x000y039            0.367          2.441          pin: u_hdmi_pll/u_output/ph1p_phy_pll_wrapper_25a56e5ce2f9_Inst/u_PH1P_PHY_PLL.clkc[1]
net (fo=1)                              0.307          2.748          net: u_phy/u0_lane_lvds_8_1/I_serial_clk,  ../../../user_source/hdl_source/lane_lvds_10_1.v(8)
                                                                      pin: u_phy/u0_lane_lvds_8_1/I_serial_clk_created_gclkinst.clkin[0]
GCLK                x023y039z1          0.006          2.754          pin: u_phy/u0_lane_lvds_8_1/I_serial_clk_created_gclkinst.clkout
net (fo=1)                              0.146          2.900          net: u_phy/u0_lane_lvds_8_1/I_serial_clk_syn_1,  ../../../user_source/hdl_source/lane_lvds_10_1.v(8)
                                                                      pin: u_phy/u0_lane_lvds_8_1/I_serial_clk_created_gclkinst_auto_created_sclk_s_1_r_bk2.clkin
SCLK                x023y059z13         0.025          2.925          pin: u_phy/u0_lane_lvds_8_1/I_serial_clk_created_gclkinst_auto_created_sclk_s_1_r_bk2.clkout
net (fo=36)                             0.223          3.148          net: u_phy/u0_lane_lvds_8_1/I_serial_clk_created_gclkinst_auto_created_sclk_s_1_r_bk2_sclk_outnet,  NOFILE(0)
                                                                      pin: u_phy/u0_lane_lvds_8_1/S_shift_data_reg[4]_syn_2.clk
launch edge                             0.000    r     3.148               
--------------------------------------------------------------------  ---------------
clk2q               x031y048z3          0.062    f     3.210          pin: u_phy/u0_lane_lvds_8_1/S_shift_data_reg[4]_syn_2.oqa
net (fo=1)                              0.028          3.238          net: u_phy/u0_lane_lvds_8_1/S_shift_data[4],  ../../../user_source/hdl_source/lane_lvds_10_1.v(22)
                                                                      pin: u_phy/u0_lane_lvds_8_1/S_shift_data_reg[6]_syn_2.imf
LUT3 (reg)          x031y048z1          0.063    f     3.301       1  net: u_phy/u0_lane_lvds_8_1/S_shift_data[6],  ../../../user_source/hdl_source/lane_lvds_10_1.v(22)
--------------------------------------------------------------------  ---------------
Arrival                                                3.301               

source latency                          0.000          0.000               
port                C4                  0.000          0.000          pin: I_sys_clk
hierarchy                               0.000          0.000          pin: I_sys_clk_syn_2.ipad
HDIO                x033y078            0.915          0.915          pin: I_sys_clk_syn_2.sg09_di
HDIO                x033y078            0.290          1.205          pin: I_sys_clk_syn_2.di
net (fo=1)          x043y079            0.043          1.248          net: I_sys_clk_dup_1,  ../../../diagnostics/hdmi_1080p30_tpg/hdmi_tpg_top.v(4)
                                                                      pin: u_hdmi_pll/u_ref/ph1p_phy_pll_wrapper_25a56e5ce2f9_Inst/u_PH1P_PHY_PLL.refclk
PLL                 x043y079            0.435          1.683          pin: u_hdmi_pll/u_ref/ph1p_phy_pll_wrapper_25a56e5ce2f9_Inst/u_PH1P_PHY_PLL.clkc[0]
net (fo=1)                              0.339          2.022          net: u_hdmi_pll/u_ref/clk0_buf,  ../../../user_source/hdl_source/native_hdmi_pll.v(32)
                                                                      pin: u_hdmi_pll/u_ref/bufg_feedback.clkin[0]
GCLK                x023y039z16         0.007          2.029          pin: u_hdmi_pll/u_ref/bufg_feedback.clkout
net (fo=1)                              0.148          2.177          net: u_hdmi_pll/u_output/ph1p_phy_pll_wrapper_25a56e5ce2f9_Inst/refclk,  ../../../user_source/ip_source/PLL/RTL/ph1p_phy_pll_wrapper_25a56e5ce2f9.v(119)
                                                                      pin: u_hdmi_pll/u_ref/bufg_feedback_auto_created_sclk_s_0_l_bk1.clkin
SCLK                x023y019z0          0.030          2.207          pin: u_hdmi_pll/u_ref/bufg_feedback_auto_created_sclk_s_0_l_bk1.clkout
net (fo=1)          x000y039            0.131          2.338          net: u_hdmi_pll/u_ref/bufg_feedback_auto_created_sclk_s_0_l_bk1_sclk_outnet,  NOFILE(0)
                                                                      pin: u_hdmi_pll/u_output/ph1p_phy_pll_wrapper_25a56e5ce2f9_Inst/u_PH1P_PHY_PLL.refclk
PLL                 x000y039            0.436          2.774          pin: u_hdmi_pll/u_output/ph1p_phy_pll_wrapper_25a56e5ce2f9_Inst/u_PH1P_PHY_PLL.clkc[1]
net (fo=1)                              0.334          3.108          net: u_phy/u0_lane_lvds_8_1/I_serial_clk,  ../../../user_source/hdl_source/lane_lvds_10_1.v(8)
                                                                      pin: u_phy/u0_lane_lvds_8_1/I_serial_clk_created_gclkinst.clkin[0]
GCLK                x023y039z1          0.007          3.115          pin: u_phy/u0_lane_lvds_8_1/I_serial_clk_created_gclkinst.clkout
net (fo=1)                              0.158          3.273          net: u_phy/u0_lane_lvds_8_1/I_serial_clk_syn_1,  ../../../user_source/hdl_source/lane_lvds_10_1.v(8)
                                                                      pin: u_phy/u0_lane_lvds_8_1/I_serial_clk_created_gclkinst_auto_created_sclk_s_1_r_bk2.clkin
SCLK                x023y059z13         0.030          3.303          pin: u_phy/u0_lane_lvds_8_1/I_serial_clk_created_gclkinst_auto_created_sclk_s_1_r_bk2.clkout
net (fo=36)                             0.246          3.549          net: u_phy/u0_lane_lvds_8_1/I_serial_clk_created_gclkinst_auto_created_sclk_s_1_r_bk2_sclk_outnet,  NOFILE(0)
                                                                      pin: u_phy/u0_lane_lvds_8_1/S_shift_data_reg[6]_syn_2.clk
capture edge                            0.000    r     3.549               
--------------------------------------------------------------------  ---------------
hold                                    0.012          3.561               
clock uncertainty                       0.050          3.611               
clock pessimism                        -0.401          3.210               
--------------------------------------------------------------------  ---------------
Required                                               3.210               
--------------------------------------------------------------------  ---------------
Slack                                                  0.091               

Slack               : 0.092ns
Begin Point         : u_phy/u3_lane_lvds_8_1/S_shift_data_reg[7]_syn_2.clk (rising edge triggered by clock u_hdmi_pll/u_output/ph1p_phy_pll_wrapper_25a56e5ce2f9_Inst/u_PH1P_PHY_PLL.clkc[1]  { rise@0.000000ns  fall@1.346000ns  period=2.693000 })
End Point           : u_phy/u3_lane_lvds_8_1/S_oddr_data_reg[0]_syn_2.ima (rising edge triggered by clock u_hdmi_pll/u_output/ph1p_phy_pll_wrapper_25a56e5ce2f9_Inst/u_PH1P_PHY_PLL.clkc[1]  { rise@0.000000ns  fall@1.346000ns  period=2.693000 })
Check Type          : hold
Process             : fast_m40c
Budget              : 0.000ns { u_hdmi_pll/u_output/ph1p_phy_pll_wrapper_25a56e5ce2f9_Inst/u_PH1P_PHY_PLL.clkc[1] rising@0.000ns - u_hdmi_pll/u_output/ph1p_phy_pll_wrapper_25a56e5ce2f9_Inst/u_PH1P_PHY_PLL.clkc[1] rising@0.000ns }
Data Path Delay     : 0.179ns (cell 0.091ns (50%), net 0.088ns (50%))
Clock Skew          : 0.025ns
Logic Level         : 0
Max Fanout          : 2
Clock Uncertainty   : 0.050ns (sdc uncertainty: 0.000ns, default uncertainty: 0.050ns)

Delay Type          Location             Incr           Path   Level  Netlist Info
--------------------------------------------------------------------  ---------------
source latency                          0.000          0.000               
port                C4                  0.000          0.000          pin: I_sys_clk
hierarchy                               0.000          0.000          pin: I_sys_clk_syn_2.ipad
HDIO                x033y078            0.810          0.810          pin: I_sys_clk_syn_2.sg09_di
HDIO                x033y078            0.257          1.067          pin: I_sys_clk_syn_2.di
net (fo=1)          x043y079            0.040          1.107          net: I_sys_clk_dup_1,  ../../../diagnostics/hdmi_1080p30_tpg/hdmi_tpg_top.v(4)
                                                                      pin: u_hdmi_pll/u_ref/ph1p_phy_pll_wrapper_25a56e5ce2f9_Inst/u_PH1P_PHY_PLL.refclk
PLL                 x043y079            0.367          1.474          pin: u_hdmi_pll/u_ref/ph1p_phy_pll_wrapper_25a56e5ce2f9_Inst/u_PH1P_PHY_PLL.clkc[0]
net (fo=1)                              0.312          1.786          net: u_hdmi_pll/u_ref/clk0_buf,  ../../../user_source/hdl_source/native_hdmi_pll.v(32)
                                                                      pin: u_hdmi_pll/u_ref/bufg_feedback.clkin[0]
GCLK                x023y039z16         0.006          1.792          pin: u_hdmi_pll/u_ref/bufg_feedback.clkout
net (fo=1)                              0.136          1.928          net: u_hdmi_pll/u_output/ph1p_phy_pll_wrapper_25a56e5ce2f9_Inst/refclk,  ../../../user_source/ip_source/PLL/RTL/ph1p_phy_pll_wrapper_25a56e5ce2f9.v(119)
                                                                      pin: u_hdmi_pll/u_ref/bufg_feedback_auto_created_sclk_s_0_l_bk1.clkin
SCLK                x023y019z0          0.025          1.953          pin: u_hdmi_pll/u_ref/bufg_feedback_auto_created_sclk_s_0_l_bk1.clkout
net (fo=1)          x000y039            0.121          2.074          net: u_hdmi_pll/u_ref/bufg_feedback_auto_created_sclk_s_0_l_bk1_sclk_outnet,  NOFILE(0)
                                                                      pin: u_hdmi_pll/u_output/ph1p_phy_pll_wrapper_25a56e5ce2f9_Inst/u_PH1P_PHY_PLL.refclk
PLL                 x000y039            0.367          2.441          pin: u_hdmi_pll/u_output/ph1p_phy_pll_wrapper_25a56e5ce2f9_Inst/u_PH1P_PHY_PLL.clkc[1]
net (fo=1)                              0.307          2.748          net: u_phy/u0_lane_lvds_8_1/I_serial_clk,  ../../../user_source/hdl_source/lane_lvds_10_1.v(8)
                                                                      pin: u_phy/u0_lane_lvds_8_1/I_serial_clk_created_gclkinst.clkin[0]
GCLK                x023y039z1          0.006          2.754          pin: u_phy/u0_lane_lvds_8_1/I_serial_clk_created_gclkinst.clkout
net (fo=1)                              0.146          2.900          net: u_phy/u0_lane_lvds_8_1/I_serial_clk_syn_1,  ../../../user_source/hdl_source/lane_lvds_10_1.v(8)
                                                                      pin: u_phy/u0_lane_lvds_8_1/I_serial_clk_created_gclkinst_auto_created_sclk_s_1_r_bk2.clkin
SCLK                x023y059z13         0.025          2.925          pin: u_phy/u0_lane_lvds_8_1/I_serial_clk_created_gclkinst_auto_created_sclk_s_1_r_bk2.clkout
net (fo=36)                             0.222          3.147          net: u_phy/u0_lane_lvds_8_1/I_serial_clk_created_gclkinst_auto_created_sclk_s_1_r_bk2_sclk_outnet,  NOFILE(0)
                                                                      pin: u_phy/u3_lane_lvds_8_1/S_shift_data_reg[7]_syn_2.clk
launch edge                             0.000    r     3.147               
--------------------------------------------------------------------  ---------------
clk2q               x032y050z7          0.062    f     3.209          pin: u_phy/u3_lane_lvds_8_1/S_shift_data_reg[7]_syn_2.oqa
net (fo=2)                              0.088          3.297          net: u_phy/u3_lane_lvds_8_1/S_shift_data[7],  ../../../user_source/hdl_source/lane_lvds_10_1.v(22)
                                                                      pin: u_phy/u3_lane_lvds_8_1/S_oddr_data_reg[0]_syn_2.ima
reg                 x034y051z6          0.029    f     3.326          net: u_phy/u3_lane_lvds_8_1/S_oddr_data[0],  ../../../user_source/hdl_source/lane_lvds_10_1.v(23)
--------------------------------------------------------------------  ---------------
Arrival                                                3.326               

source latency                          0.000          0.000               
port                C4                  0.000          0.000          pin: I_sys_clk
hierarchy                               0.000          0.000          pin: I_sys_clk_syn_2.ipad
HDIO                x033y078            0.915          0.915          pin: I_sys_clk_syn_2.sg09_di
HDIO                x033y078            0.290          1.205          pin: I_sys_clk_syn_2.di
net (fo=1)          x043y079            0.043          1.248          net: I_sys_clk_dup_1,  ../../../diagnostics/hdmi_1080p30_tpg/hdmi_tpg_top.v(4)
                                                                      pin: u_hdmi_pll/u_ref/ph1p_phy_pll_wrapper_25a56e5ce2f9_Inst/u_PH1P_PHY_PLL.refclk
PLL                 x043y079            0.435          1.683          pin: u_hdmi_pll/u_ref/ph1p_phy_pll_wrapper_25a56e5ce2f9_Inst/u_PH1P_PHY_PLL.clkc[0]
net (fo=1)                              0.339          2.022          net: u_hdmi_pll/u_ref/clk0_buf,  ../../../user_source/hdl_source/native_hdmi_pll.v(32)
                                                                      pin: u_hdmi_pll/u_ref/bufg_feedback.clkin[0]
GCLK                x023y039z16         0.007          2.029          pin: u_hdmi_pll/u_ref/bufg_feedback.clkout
net (fo=1)                              0.148          2.177          net: u_hdmi_pll/u_output/ph1p_phy_pll_wrapper_25a56e5ce2f9_Inst/refclk,  ../../../user_source/ip_source/PLL/RTL/ph1p_phy_pll_wrapper_25a56e5ce2f9.v(119)
                                                                      pin: u_hdmi_pll/u_ref/bufg_feedback_auto_created_sclk_s_0_l_bk1.clkin
SCLK                x023y019z0          0.030          2.207          pin: u_hdmi_pll/u_ref/bufg_feedback_auto_created_sclk_s_0_l_bk1.clkout
net (fo=1)          x000y039            0.131          2.338          net: u_hdmi_pll/u_ref/bufg_feedback_auto_created_sclk_s_0_l_bk1_sclk_outnet,  NOFILE(0)
                                                                      pin: u_hdmi_pll/u_output/ph1p_phy_pll_wrapper_25a56e5ce2f9_Inst/u_PH1P_PHY_PLL.refclk
PLL                 x000y039            0.436          2.774          pin: u_hdmi_pll/u_output/ph1p_phy_pll_wrapper_25a56e5ce2f9_Inst/u_PH1P_PHY_PLL.clkc[1]
net (fo=1)                              0.334          3.108          net: u_phy/u0_lane_lvds_8_1/I_serial_clk,  ../../../user_source/hdl_source/lane_lvds_10_1.v(8)
                                                                      pin: u_phy/u0_lane_lvds_8_1/I_serial_clk_created_gclkinst.clkin[0]
GCLK                x023y039z1          0.007          3.115          pin: u_phy/u0_lane_lvds_8_1/I_serial_clk_created_gclkinst.clkout
net (fo=1)                              0.158          3.273          net: u_phy/u0_lane_lvds_8_1/I_serial_clk_syn_1,  ../../../user_source/hdl_source/lane_lvds_10_1.v(8)
                                                                      pin: u_phy/u0_lane_lvds_8_1/I_serial_clk_created_gclkinst_auto_created_sclk_s_1_r_bk2.clkin
SCLK                x023y059z13         0.030          3.303          pin: u_phy/u0_lane_lvds_8_1/I_serial_clk_created_gclkinst_auto_created_sclk_s_1_r_bk2.clkout
net (fo=36)                             0.248          3.551          net: u_phy/u0_lane_lvds_8_1/I_serial_clk_created_gclkinst_auto_created_sclk_s_1_r_bk2_sclk_outnet,  NOFILE(0)
                                                                      pin: u_phy/u3_lane_lvds_8_1/S_oddr_data_reg[0]_syn_2.clk
capture edge                            0.000    r     3.551               
--------------------------------------------------------------------  ---------------
hold                                    0.012          3.563               
clock uncertainty                       0.050          3.613               
clock pessimism                        -0.379          3.234               
--------------------------------------------------------------------  ---------------
Required                                               3.234               
--------------------------------------------------------------------  ---------------
Slack                                                  0.092               

Slack               : 0.092ns
Begin Point         : u_phy/u1_lane_lvds_8_1/S_shift_data_reg[9]_syn_2.clk (rising edge triggered by clock u_hdmi_pll/u_output/ph1p_phy_pll_wrapper_25a56e5ce2f9_Inst/u_PH1P_PHY_PLL.clkc[1]  { rise@0.000000ns  fall@1.346000ns  period=2.693000 })
End Point           : u_phy/u3_lane_lvds_8_1/S_shift_data_reg[7]_syn_2.imf (rising edge triggered by clock u_hdmi_pll/u_output/ph1p_phy_pll_wrapper_25a56e5ce2f9_Inst/u_PH1P_PHY_PLL.clkc[1]  { rise@0.000000ns  fall@1.346000ns  period=2.693000 })
Check Type          : hold
Process             : fast_m40c
Budget              : 0.000ns { u_hdmi_pll/u_output/ph1p_phy_pll_wrapper_25a56e5ce2f9_Inst/u_PH1P_PHY_PLL.clkc[1] rising@0.000ns - u_hdmi_pll/u_output/ph1p_phy_pll_wrapper_25a56e5ce2f9_Inst/u_PH1P_PHY_PLL.clkc[1] rising@0.000ns }
Data Path Delay     : 0.154ns (cell 0.128ns (83%), net 0.026ns (17%))
Clock Skew          : 0.000ns
Logic Level         : 1 ( LUT2=1 )
Max Fanout          : 1
Clock Uncertainty   : 0.050ns (sdc uncertainty: 0.000ns, default uncertainty: 0.050ns)

Delay Type          Location             Incr           Path   Level  Netlist Info
--------------------------------------------------------------------  ---------------
source latency                          0.000          0.000               
port                C4                  0.000          0.000          pin: I_sys_clk
hierarchy                               0.000          0.000          pin: I_sys_clk_syn_2.ipad
HDIO                x033y078            0.810          0.810          pin: I_sys_clk_syn_2.sg09_di
HDIO                x033y078            0.257          1.067          pin: I_sys_clk_syn_2.di
net (fo=1)          x043y079            0.040          1.107          net: I_sys_clk_dup_1,  ../../../diagnostics/hdmi_1080p30_tpg/hdmi_tpg_top.v(4)
                                                                      pin: u_hdmi_pll/u_ref/ph1p_phy_pll_wrapper_25a56e5ce2f9_Inst/u_PH1P_PHY_PLL.refclk
PLL                 x043y079            0.367          1.474          pin: u_hdmi_pll/u_ref/ph1p_phy_pll_wrapper_25a56e5ce2f9_Inst/u_PH1P_PHY_PLL.clkc[0]
net (fo=1)                              0.312          1.786          net: u_hdmi_pll/u_ref/clk0_buf,  ../../../user_source/hdl_source/native_hdmi_pll.v(32)
                                                                      pin: u_hdmi_pll/u_ref/bufg_feedback.clkin[0]
GCLK                x023y039z16         0.006          1.792          pin: u_hdmi_pll/u_ref/bufg_feedback.clkout
net (fo=1)                              0.136          1.928          net: u_hdmi_pll/u_output/ph1p_phy_pll_wrapper_25a56e5ce2f9_Inst/refclk,  ../../../user_source/ip_source/PLL/RTL/ph1p_phy_pll_wrapper_25a56e5ce2f9.v(119)
                                                                      pin: u_hdmi_pll/u_ref/bufg_feedback_auto_created_sclk_s_0_l_bk1.clkin
SCLK                x023y019z0          0.025          1.953          pin: u_hdmi_pll/u_ref/bufg_feedback_auto_created_sclk_s_0_l_bk1.clkout
net (fo=1)          x000y039            0.121          2.074          net: u_hdmi_pll/u_ref/bufg_feedback_auto_created_sclk_s_0_l_bk1_sclk_outnet,  NOFILE(0)
                                                                      pin: u_hdmi_pll/u_output/ph1p_phy_pll_wrapper_25a56e5ce2f9_Inst/u_PH1P_PHY_PLL.refclk
PLL                 x000y039            0.367          2.441          pin: u_hdmi_pll/u_output/ph1p_phy_pll_wrapper_25a56e5ce2f9_Inst/u_PH1P_PHY_PLL.clkc[1]
net (fo=1)                              0.307          2.748          net: u_phy/u0_lane_lvds_8_1/I_serial_clk,  ../../../user_source/hdl_source/lane_lvds_10_1.v(8)
                                                                      pin: u_phy/u0_lane_lvds_8_1/I_serial_clk_created_gclkinst.clkin[0]
GCLK                x023y039z1          0.006          2.754          pin: u_phy/u0_lane_lvds_8_1/I_serial_clk_created_gclkinst.clkout
net (fo=1)                              0.146          2.900          net: u_phy/u0_lane_lvds_8_1/I_serial_clk_syn_1,  ../../../user_source/hdl_source/lane_lvds_10_1.v(8)
                                                                      pin: u_phy/u0_lane_lvds_8_1/I_serial_clk_created_gclkinst_auto_created_sclk_s_1_r_bk2.clkin
SCLK                x023y059z13         0.025          2.925          pin: u_phy/u0_lane_lvds_8_1/I_serial_clk_created_gclkinst_auto_created_sclk_s_1_r_bk2.clkout
net (fo=36)                             0.222          3.147          net: u_phy/u0_lane_lvds_8_1/I_serial_clk_created_gclkinst_auto_created_sclk_s_1_r_bk2_sclk_outnet,  NOFILE(0)
                                                                      pin: u_phy/u1_lane_lvds_8_1/S_shift_data_reg[9]_syn_2.clk
launch edge                             0.000    r     3.147               
--------------------------------------------------------------------  ---------------
clk2q               x032y050z5          0.065    r     3.212          pin: u_phy/u1_lane_lvds_8_1/S_shift_data_reg[9]_syn_2.oqb
net (fo=1)                              0.026          3.238          net: u_phy/u3_lane_lvds_8_1/S_shift_data[5],  ../../../user_source/hdl_source/lane_lvds_10_1.v(22)
                                                                      pin: u_phy/u3_lane_lvds_8_1/S_shift_data_reg[7]_syn_2.imf
LUT2 (reg)          x032y050z7          0.063    f     3.301       1  net: u_phy/u3_lane_lvds_8_1/S_shift_data[7],  ../../../user_source/hdl_source/lane_lvds_10_1.v(22)
--------------------------------------------------------------------  ---------------
Arrival                                                3.301               

source latency                          0.000          0.000               
port                C4                  0.000          0.000          pin: I_sys_clk
hierarchy                               0.000          0.000          pin: I_sys_clk_syn_2.ipad
HDIO                x033y078            0.915          0.915          pin: I_sys_clk_syn_2.sg09_di
HDIO                x033y078            0.290          1.205          pin: I_sys_clk_syn_2.di
net (fo=1)          x043y079            0.043          1.248          net: I_sys_clk_dup_1,  ../../../diagnostics/hdmi_1080p30_tpg/hdmi_tpg_top.v(4)
                                                                      pin: u_hdmi_pll/u_ref/ph1p_phy_pll_wrapper_25a56e5ce2f9_Inst/u_PH1P_PHY_PLL.refclk
PLL                 x043y079            0.435          1.683          pin: u_hdmi_pll/u_ref/ph1p_phy_pll_wrapper_25a56e5ce2f9_Inst/u_PH1P_PHY_PLL.clkc[0]
net (fo=1)                              0.339          2.022          net: u_hdmi_pll/u_ref/clk0_buf,  ../../../user_source/hdl_source/native_hdmi_pll.v(32)
                                                                      pin: u_hdmi_pll/u_ref/bufg_feedback.clkin[0]
GCLK                x023y039z16         0.007          2.029          pin: u_hdmi_pll/u_ref/bufg_feedback.clkout
net (fo=1)                              0.148          2.177          net: u_hdmi_pll/u_output/ph1p_phy_pll_wrapper_25a56e5ce2f9_Inst/refclk,  ../../../user_source/ip_source/PLL/RTL/ph1p_phy_pll_wrapper_25a56e5ce2f9.v(119)
                                                                      pin: u_hdmi_pll/u_ref/bufg_feedback_auto_created_sclk_s_0_l_bk1.clkin
SCLK                x023y019z0          0.030          2.207          pin: u_hdmi_pll/u_ref/bufg_feedback_auto_created_sclk_s_0_l_bk1.clkout
net (fo=1)          x000y039            0.131          2.338          net: u_hdmi_pll/u_ref/bufg_feedback_auto_created_sclk_s_0_l_bk1_sclk_outnet,  NOFILE(0)
                                                                      pin: u_hdmi_pll/u_output/ph1p_phy_pll_wrapper_25a56e5ce2f9_Inst/u_PH1P_PHY_PLL.refclk
PLL                 x000y039            0.436          2.774          pin: u_hdmi_pll/u_output/ph1p_phy_pll_wrapper_25a56e5ce2f9_Inst/u_PH1P_PHY_PLL.clkc[1]
net (fo=1)                              0.334          3.108          net: u_phy/u0_lane_lvds_8_1/I_serial_clk,  ../../../user_source/hdl_source/lane_lvds_10_1.v(8)
                                                                      pin: u_phy/u0_lane_lvds_8_1/I_serial_clk_created_gclkinst.clkin[0]
GCLK                x023y039z1          0.007          3.115          pin: u_phy/u0_lane_lvds_8_1/I_serial_clk_created_gclkinst.clkout
net (fo=1)                              0.158          3.273          net: u_phy/u0_lane_lvds_8_1/I_serial_clk_syn_1,  ../../../user_source/hdl_source/lane_lvds_10_1.v(8)
                                                                      pin: u_phy/u0_lane_lvds_8_1/I_serial_clk_created_gclkinst_auto_created_sclk_s_1_r_bk2.clkin
SCLK                x023y059z13         0.030          3.303          pin: u_phy/u0_lane_lvds_8_1/I_serial_clk_created_gclkinst_auto_created_sclk_s_1_r_bk2.clkout
net (fo=36)                             0.245          3.548          net: u_phy/u0_lane_lvds_8_1/I_serial_clk_created_gclkinst_auto_created_sclk_s_1_r_bk2_sclk_outnet,  NOFILE(0)
                                                                      pin: u_phy/u3_lane_lvds_8_1/S_shift_data_reg[7]_syn_2.clk
capture edge                            0.000    r     3.548               
--------------------------------------------------------------------  ---------------
hold                                    0.012          3.560               
clock uncertainty                       0.050          3.610               
clock pessimism                        -0.401          3.209               
--------------------------------------------------------------------  ---------------
Required                                               3.209               
--------------------------------------------------------------------  ---------------
Slack                                                  0.092               

Slack               : 0.100ns
Begin Point         : u_phy/u1_lane_lvds_8_1/S_shift_data_reg[8]_syn_2.clk (rising edge triggered by clock u_hdmi_pll/u_output/ph1p_phy_pll_wrapper_25a56e5ce2f9_Inst/u_PH1P_PHY_PLL.clkc[1]  { rise@0.000000ns  fall@1.346000ns  period=2.693000 })
End Point           : u_phy/u1_lane_lvds_8_1/S_oddr_data_reg[0]_syn_2.ima (rising edge triggered by clock u_hdmi_pll/u_output/ph1p_phy_pll_wrapper_25a56e5ce2f9_Inst/u_PH1P_PHY_PLL.clkc[1]  { rise@0.000000ns  fall@1.346000ns  period=2.693000 })
Check Type          : hold
Process             : fast_m40c
Budget              : 0.000ns { u_hdmi_pll/u_output/ph1p_phy_pll_wrapper_25a56e5ce2f9_Inst/u_PH1P_PHY_PLL.clkc[1] rising@0.000ns - u_hdmi_pll/u_output/ph1p_phy_pll_wrapper_25a56e5ce2f9_Inst/u_PH1P_PHY_PLL.clkc[1] rising@0.000ns }
Data Path Delay     : 0.186ns (cell 0.091ns (48%), net 0.095ns (52%))
Clock Skew          : 0.024ns
Logic Level         : 0
Max Fanout          : 1
Clock Uncertainty   : 0.050ns (sdc uncertainty: 0.000ns, default uncertainty: 0.050ns)

Delay Type          Location             Incr           Path   Level  Netlist Info
--------------------------------------------------------------------  ---------------
source latency                          0.000          0.000               
port                C4                  0.000          0.000          pin: I_sys_clk
hierarchy                               0.000          0.000          pin: I_sys_clk_syn_2.ipad
HDIO                x033y078            0.810          0.810          pin: I_sys_clk_syn_2.sg09_di
HDIO                x033y078            0.257          1.067          pin: I_sys_clk_syn_2.di
net (fo=1)          x043y079            0.040          1.107          net: I_sys_clk_dup_1,  ../../../diagnostics/hdmi_1080p30_tpg/hdmi_tpg_top.v(4)
                                                                      pin: u_hdmi_pll/u_ref/ph1p_phy_pll_wrapper_25a56e5ce2f9_Inst/u_PH1P_PHY_PLL.refclk
PLL                 x043y079            0.367          1.474          pin: u_hdmi_pll/u_ref/ph1p_phy_pll_wrapper_25a56e5ce2f9_Inst/u_PH1P_PHY_PLL.clkc[0]
net (fo=1)                              0.312          1.786          net: u_hdmi_pll/u_ref/clk0_buf,  ../../../user_source/hdl_source/native_hdmi_pll.v(32)
                                                                      pin: u_hdmi_pll/u_ref/bufg_feedback.clkin[0]
GCLK                x023y039z16         0.006          1.792          pin: u_hdmi_pll/u_ref/bufg_feedback.clkout
net (fo=1)                              0.136          1.928          net: u_hdmi_pll/u_output/ph1p_phy_pll_wrapper_25a56e5ce2f9_Inst/refclk,  ../../../user_source/ip_source/PLL/RTL/ph1p_phy_pll_wrapper_25a56e5ce2f9.v(119)
                                                                      pin: u_hdmi_pll/u_ref/bufg_feedback_auto_created_sclk_s_0_l_bk1.clkin
SCLK                x023y019z0          0.025          1.953          pin: u_hdmi_pll/u_ref/bufg_feedback_auto_created_sclk_s_0_l_bk1.clkout
net (fo=1)          x000y039            0.121          2.074          net: u_hdmi_pll/u_ref/bufg_feedback_auto_created_sclk_s_0_l_bk1_sclk_outnet,  NOFILE(0)
                                                                      pin: u_hdmi_pll/u_output/ph1p_phy_pll_wrapper_25a56e5ce2f9_Inst/u_PH1P_PHY_PLL.refclk
PLL                 x000y039            0.367          2.441          pin: u_hdmi_pll/u_output/ph1p_phy_pll_wrapper_25a56e5ce2f9_Inst/u_PH1P_PHY_PLL.clkc[1]
net (fo=1)                              0.307          2.748          net: u_phy/u0_lane_lvds_8_1/I_serial_clk,  ../../../user_source/hdl_source/lane_lvds_10_1.v(8)
                                                                      pin: u_phy/u0_lane_lvds_8_1/I_serial_clk_created_gclkinst.clkin[0]
GCLK                x023y039z1          0.006          2.754          pin: u_phy/u0_lane_lvds_8_1/I_serial_clk_created_gclkinst.clkout
net (fo=1)                              0.146          2.900          net: u_phy/u0_lane_lvds_8_1/I_serial_clk_syn_1,  ../../../user_source/hdl_source/lane_lvds_10_1.v(8)
                                                                      pin: u_phy/u0_lane_lvds_8_1/I_serial_clk_created_gclkinst_auto_created_sclk_s_1_r_bk2.clkin
SCLK                x023y059z13         0.025          2.925          pin: u_phy/u0_lane_lvds_8_1/I_serial_clk_created_gclkinst_auto_created_sclk_s_1_r_bk2.clkout
net (fo=36)                             0.223          3.148          net: u_phy/u0_lane_lvds_8_1/I_serial_clk_created_gclkinst_auto_created_sclk_s_1_r_bk2_sclk_outnet,  NOFILE(0)
                                                                      pin: u_phy/u1_lane_lvds_8_1/S_shift_data_reg[8]_syn_2.clk
launch edge                             0.000    r     3.148               
--------------------------------------------------------------------  ---------------
clk2q               x031y050z1          0.062    f     3.210          pin: u_phy/u1_lane_lvds_8_1/S_shift_data_reg[8]_syn_2.oqa
net (fo=1)                              0.095          3.305          net: u_phy/u1_lane_lvds_8_1/S_shift_data[8],  ../../../user_source/hdl_source/lane_lvds_10_1.v(22)
                                                                      pin: u_phy/u1_lane_lvds_8_1/S_oddr_data_reg[0]_syn_2.ima
reg                 x034y051z2          0.029    f     3.334          net: u_phy/u1_lane_lvds_8_1/S_oddr_data[0],  ../../../user_source/hdl_source/lane_lvds_10_1.v(23)
--------------------------------------------------------------------  ---------------
Arrival                                                3.334               

source latency                          0.000          0.000               
port                C4                  0.000          0.000          pin: I_sys_clk
hierarchy                               0.000          0.000          pin: I_sys_clk_syn_2.ipad
HDIO                x033y078            0.915          0.915          pin: I_sys_clk_syn_2.sg09_di
HDIO                x033y078            0.290          1.205          pin: I_sys_clk_syn_2.di
net (fo=1)          x043y079            0.043          1.248          net: I_sys_clk_dup_1,  ../../../diagnostics/hdmi_1080p30_tpg/hdmi_tpg_top.v(4)
                                                                      pin: u_hdmi_pll/u_ref/ph1p_phy_pll_wrapper_25a56e5ce2f9_Inst/u_PH1P_PHY_PLL.refclk
PLL                 x043y079            0.435          1.683          pin: u_hdmi_pll/u_ref/ph1p_phy_pll_wrapper_25a56e5ce2f9_Inst/u_PH1P_PHY_PLL.clkc[0]
net (fo=1)                              0.339          2.022          net: u_hdmi_pll/u_ref/clk0_buf,  ../../../user_source/hdl_source/native_hdmi_pll.v(32)
                                                                      pin: u_hdmi_pll/u_ref/bufg_feedback.clkin[0]
GCLK                x023y039z16         0.007          2.029          pin: u_hdmi_pll/u_ref/bufg_feedback.clkout
net (fo=1)                              0.148          2.177          net: u_hdmi_pll/u_output/ph1p_phy_pll_wrapper_25a56e5ce2f9_Inst/refclk,  ../../../user_source/ip_source/PLL/RTL/ph1p_phy_pll_wrapper_25a56e5ce2f9.v(119)
                                                                      pin: u_hdmi_pll/u_ref/bufg_feedback_auto_created_sclk_s_0_l_bk1.clkin
SCLK                x023y019z0          0.030          2.207          pin: u_hdmi_pll/u_ref/bufg_feedback_auto_created_sclk_s_0_l_bk1.clkout
net (fo=1)          x000y039            0.131          2.338          net: u_hdmi_pll/u_ref/bufg_feedback_auto_created_sclk_s_0_l_bk1_sclk_outnet,  NOFILE(0)
                                                                      pin: u_hdmi_pll/u_output/ph1p_phy_pll_wrapper_25a56e5ce2f9_Inst/u_PH1P_PHY_PLL.refclk
PLL                 x000y039            0.436          2.774          pin: u_hdmi_pll/u_output/ph1p_phy_pll_wrapper_25a56e5ce2f9_Inst/u_PH1P_PHY_PLL.clkc[1]
net (fo=1)                              0.334          3.108          net: u_phy/u0_lane_lvds_8_1/I_serial_clk,  ../../../user_source/hdl_source/lane_lvds_10_1.v(8)
                                                                      pin: u_phy/u0_lane_lvds_8_1/I_serial_clk_created_gclkinst.clkin[0]
GCLK                x023y039z1          0.007          3.115          pin: u_phy/u0_lane_lvds_8_1/I_serial_clk_created_gclkinst.clkout
net (fo=1)                              0.158          3.273          net: u_phy/u0_lane_lvds_8_1/I_serial_clk_syn_1,  ../../../user_source/hdl_source/lane_lvds_10_1.v(8)
                                                                      pin: u_phy/u0_lane_lvds_8_1/I_serial_clk_created_gclkinst_auto_created_sclk_s_1_r_bk2.clkin
SCLK                x023y059z13         0.030          3.303          pin: u_phy/u0_lane_lvds_8_1/I_serial_clk_created_gclkinst_auto_created_sclk_s_1_r_bk2.clkout
net (fo=36)                             0.248          3.551          net: u_phy/u0_lane_lvds_8_1/I_serial_clk_created_gclkinst_auto_created_sclk_s_1_r_bk2_sclk_outnet,  NOFILE(0)
                                                                      pin: u_phy/u1_lane_lvds_8_1/S_oddr_data_reg[0]_syn_2.clk
capture edge                            0.000    r     3.551               
--------------------------------------------------------------------  ---------------
hold                                    0.012          3.563               
clock uncertainty                       0.050          3.613               
clock pessimism                        -0.379          3.234               
--------------------------------------------------------------------  ---------------
Required                                               3.234               
--------------------------------------------------------------------  ---------------
Slack                                                  0.100               

Slack               : 0.101ns
Begin Point         : u_phy/u1_lane_lvds_8_1/S_shift_data_reg[5]_syn_2.clk (rising edge triggered by clock u_hdmi_pll/u_output/ph1p_phy_pll_wrapper_25a56e5ce2f9_Inst/u_PH1P_PHY_PLL.clkc[1]  { rise@0.000000ns  fall@1.346000ns  period=2.693000 })
End Point           : u_phy/u1_lane_lvds_8_1/S_shift_data_reg[1]_syn_2.ie (rising edge triggered by clock u_hdmi_pll/u_output/ph1p_phy_pll_wrapper_25a56e5ce2f9_Inst/u_PH1P_PHY_PLL.clkc[1]  { rise@0.000000ns  fall@1.346000ns  period=2.693000 })
Check Type          : hold
Process             : fast_m40c
Budget              : 0.000ns { u_hdmi_pll/u_output/ph1p_phy_pll_wrapper_25a56e5ce2f9_Inst/u_PH1P_PHY_PLL.clkc[1] rising@0.000ns - u_hdmi_pll/u_output/ph1p_phy_pll_wrapper_25a56e5ce2f9_Inst/u_PH1P_PHY_PLL.clkc[1] rising@0.000ns }
Data Path Delay     : 0.163ns (cell 0.106ns (65%), net 0.057ns (35%))
Clock Skew          : 0.000ns
Logic Level         : 1 ( LUT3=1 )
Max Fanout          : 1
Clock Uncertainty   : 0.050ns (sdc uncertainty: 0.000ns, default uncertainty: 0.050ns)

Delay Type          Location             Incr           Path   Level  Netlist Info
--------------------------------------------------------------------  ---------------
source latency                          0.000          0.000               
port                C4                  0.000          0.000          pin: I_sys_clk
hierarchy                               0.000          0.000          pin: I_sys_clk_syn_2.ipad
HDIO                x033y078            0.810          0.810          pin: I_sys_clk_syn_2.sg09_di
HDIO                x033y078            0.257          1.067          pin: I_sys_clk_syn_2.di
net (fo=1)          x043y079            0.040          1.107          net: I_sys_clk_dup_1,  ../../../diagnostics/hdmi_1080p30_tpg/hdmi_tpg_top.v(4)
                                                                      pin: u_hdmi_pll/u_ref/ph1p_phy_pll_wrapper_25a56e5ce2f9_Inst/u_PH1P_PHY_PLL.refclk
PLL                 x043y079            0.367          1.474          pin: u_hdmi_pll/u_ref/ph1p_phy_pll_wrapper_25a56e5ce2f9_Inst/u_PH1P_PHY_PLL.clkc[0]
net (fo=1)                              0.312          1.786          net: u_hdmi_pll/u_ref/clk0_buf,  ../../../user_source/hdl_source/native_hdmi_pll.v(32)
                                                                      pin: u_hdmi_pll/u_ref/bufg_feedback.clkin[0]
GCLK                x023y039z16         0.006          1.792          pin: u_hdmi_pll/u_ref/bufg_feedback.clkout
net (fo=1)                              0.136          1.928          net: u_hdmi_pll/u_output/ph1p_phy_pll_wrapper_25a56e5ce2f9_Inst/refclk,  ../../../user_source/ip_source/PLL/RTL/ph1p_phy_pll_wrapper_25a56e5ce2f9.v(119)
                                                                      pin: u_hdmi_pll/u_ref/bufg_feedback_auto_created_sclk_s_0_l_bk1.clkin
SCLK                x023y019z0          0.025          1.953          pin: u_hdmi_pll/u_ref/bufg_feedback_auto_created_sclk_s_0_l_bk1.clkout
net (fo=1)          x000y039            0.121          2.074          net: u_hdmi_pll/u_ref/bufg_feedback_auto_created_sclk_s_0_l_bk1_sclk_outnet,  NOFILE(0)
                                                                      pin: u_hdmi_pll/u_output/ph1p_phy_pll_wrapper_25a56e5ce2f9_Inst/u_PH1P_PHY_PLL.refclk
PLL                 x000y039            0.367          2.441          pin: u_hdmi_pll/u_output/ph1p_phy_pll_wrapper_25a56e5ce2f9_Inst/u_PH1P_PHY_PLL.clkc[1]
net (fo=1)                              0.307          2.748          net: u_phy/u0_lane_lvds_8_1/I_serial_clk,  ../../../user_source/hdl_source/lane_lvds_10_1.v(8)
                                                                      pin: u_phy/u0_lane_lvds_8_1/I_serial_clk_created_gclkinst.clkin[0]
GCLK                x023y039z1          0.006          2.754          pin: u_phy/u0_lane_lvds_8_1/I_serial_clk_created_gclkinst.clkout
net (fo=1)                              0.146          2.900          net: u_phy/u0_lane_lvds_8_1/I_serial_clk_syn_1,  ../../../user_source/hdl_source/lane_lvds_10_1.v(8)
                                                                      pin: u_phy/u0_lane_lvds_8_1/I_serial_clk_created_gclkinst_auto_created_sclk_s_1_r_bk2.clkin
SCLK                x023y059z13         0.025          2.925          pin: u_phy/u0_lane_lvds_8_1/I_serial_clk_created_gclkinst_auto_created_sclk_s_1_r_bk2.clkout
net (fo=36)                             0.222          3.147          net: u_phy/u0_lane_lvds_8_1/I_serial_clk_created_gclkinst_auto_created_sclk_s_1_r_bk2_sclk_outnet,  NOFILE(0)
                                                                      pin: u_phy/u1_lane_lvds_8_1/S_shift_data_reg[5]_syn_2.clk
launch edge                             0.000    r     3.147               
--------------------------------------------------------------------  ---------------
clk2q               x032y050z3          0.062    f     3.209          pin: u_phy/u1_lane_lvds_8_1/S_shift_data_reg[5]_syn_2.oqa
net (fo=1)                              0.057          3.266          net: u_phy/u1_lane_lvds_8_1/S_shift_data[5],  ../../../user_source/hdl_source/lane_lvds_10_1.v(22)
                                                                      pin: u_phy/u1_lane_lvds_8_1/S_shift_data_reg[1]_syn_2.ie
LUT3 (reg)          x032y050z0          0.044    f     3.310       1  net: u_phy/u1_lane_lvds_8_1/S_shift_data[7],  ../../../user_source/hdl_source/lane_lvds_10_1.v(22)
--------------------------------------------------------------------  ---------------
Arrival                                                3.310               

source latency                          0.000          0.000               
port                C4                  0.000          0.000          pin: I_sys_clk
hierarchy                               0.000          0.000          pin: I_sys_clk_syn_2.ipad
HDIO                x033y078            0.915          0.915          pin: I_sys_clk_syn_2.sg09_di
HDIO                x033y078            0.290          1.205          pin: I_sys_clk_syn_2.di
net (fo=1)          x043y079            0.043          1.248          net: I_sys_clk_dup_1,  ../../../diagnostics/hdmi_1080p30_tpg/hdmi_tpg_top.v(4)
                                                                      pin: u_hdmi_pll/u_ref/ph1p_phy_pll_wrapper_25a56e5ce2f9_Inst/u_PH1P_PHY_PLL.refclk
PLL                 x043y079            0.435          1.683          pin: u_hdmi_pll/u_ref/ph1p_phy_pll_wrapper_25a56e5ce2f9_Inst/u_PH1P_PHY_PLL.clkc[0]
net (fo=1)                              0.339          2.022          net: u_hdmi_pll/u_ref/clk0_buf,  ../../../user_source/hdl_source/native_hdmi_pll.v(32)
                                                                      pin: u_hdmi_pll/u_ref/bufg_feedback.clkin[0]
GCLK                x023y039z16         0.007          2.029          pin: u_hdmi_pll/u_ref/bufg_feedback.clkout
net (fo=1)                              0.148          2.177          net: u_hdmi_pll/u_output/ph1p_phy_pll_wrapper_25a56e5ce2f9_Inst/refclk,  ../../../user_source/ip_source/PLL/RTL/ph1p_phy_pll_wrapper_25a56e5ce2f9.v(119)
                                                                      pin: u_hdmi_pll/u_ref/bufg_feedback_auto_created_sclk_s_0_l_bk1.clkin
SCLK                x023y019z0          0.030          2.207          pin: u_hdmi_pll/u_ref/bufg_feedback_auto_created_sclk_s_0_l_bk1.clkout
net (fo=1)          x000y039            0.131          2.338          net: u_hdmi_pll/u_ref/bufg_feedback_auto_created_sclk_s_0_l_bk1_sclk_outnet,  NOFILE(0)
                                                                      pin: u_hdmi_pll/u_output/ph1p_phy_pll_wrapper_25a56e5ce2f9_Inst/u_PH1P_PHY_PLL.refclk
PLL                 x000y039            0.436          2.774          pin: u_hdmi_pll/u_output/ph1p_phy_pll_wrapper_25a56e5ce2f9_Inst/u_PH1P_PHY_PLL.clkc[1]
net (fo=1)                              0.334          3.108          net: u_phy/u0_lane_lvds_8_1/I_serial_clk,  ../../../user_source/hdl_source/lane_lvds_10_1.v(8)
                                                                      pin: u_phy/u0_lane_lvds_8_1/I_serial_clk_created_gclkinst.clkin[0]
GCLK                x023y039z1          0.007          3.115          pin: u_phy/u0_lane_lvds_8_1/I_serial_clk_created_gclkinst.clkout
net (fo=1)                              0.158          3.273          net: u_phy/u0_lane_lvds_8_1/I_serial_clk_syn_1,  ../../../user_source/hdl_source/lane_lvds_10_1.v(8)
                                                                      pin: u_phy/u0_lane_lvds_8_1/I_serial_clk_created_gclkinst_auto_created_sclk_s_1_r_bk2.clkin
SCLK                x023y059z13         0.030          3.303          pin: u_phy/u0_lane_lvds_8_1/I_serial_clk_created_gclkinst_auto_created_sclk_s_1_r_bk2.clkout
net (fo=36)                             0.245          3.548          net: u_phy/u0_lane_lvds_8_1/I_serial_clk_created_gclkinst_auto_created_sclk_s_1_r_bk2_sclk_outnet,  NOFILE(0)
                                                                      pin: u_phy/u1_lane_lvds_8_1/S_shift_data_reg[1]_syn_2.clk
capture edge                            0.000    r     3.548               
--------------------------------------------------------------------  ---------------
hold                                    0.012          3.560               
clock uncertainty                       0.050          3.610               
clock pessimism                        -0.401          3.209               
--------------------------------------------------------------------  ---------------
Required                                               3.209               
--------------------------------------------------------------------  ---------------
Slack                                                  0.101               


Inter clock domain timing
--------------------------------------------------

IP timing
--------------------------------------------------
