============================================================
   Tang Dynasty, V6.2.178840
   Copyright (c) 2012-2025 Anlogic Inc.
   Executable = D:/td6.2.1/bin/td_commands_prompt.exe
   Built at =   14:07:58 Sep  4 2025
   Run by =     Li47
   Run Date =   Fri Oct  9 20:27:27 2026

   Run on =     LI474747
============================================================
RUN-1002 : start command "import_device ph1_35p.db -package PH1P35MDG324 -speed 3"
ARC-1001 : Device Initialization.
ARC-1001 : ----------------------------------------------------------------
ARC-1001 :           OPTION          |          IO           |   SETTING   
ARC-1001 : ----------------------------------------------------------------
ARC-1001 :   non_jtag_persist(none)  |        35 IOs         |    gpio    
ARC-1001 :            jtag           |  P13/P15/L14/R13/T13  |  dedicate  
ARC-1001 : ----------------------------------------------------------------
RUN-1003 : finish command "import_device ph1_35p.db -package PH1P35MDG324 -speed 3" in  2.104892s wall, 1.656250s user + 0.171875s system = 1.828125s CPU (86.9%)

RUN-1004 : used memory is 333 MB, reserved memory is 330 MB, peak memory is 333 MB
RUN-1002 : start command "open_project positive_fhd30.prj -noanalyze"
RUN-1002 : start command "import_db ../syn_1/positive_fhd30_gate.db"
RUN-1001 : Importing database generated by Tang Dynasty, V6.2.178840.
RUN-1001 : Database version number 46207
RUN-1001 : Import flow parameters
RUN-1001 : Import netlist
RUN-1001 : Import timing constraints
RUN-1001 : Import IO constraints
RUN-1001 : Import Inst constraints
RUN-1001 : Import ChipWatcher
RUN-1001 : Import design success TD_VERSION=6.2.178840 , DB_VERSION=46207
RUN-1002 : start command "commit_param -step place"
RUN-1001 : Print Global Property
RUN-1001 : -------------------------------------------------------------
RUN-1001 :     Parameters    |   Settings   |  Default Values  |  Note  
RUN-1001 : -------------------------------------------------------------
RUN-1001 :    enable_seed    |     off      |       off        |        
RUN-1001 :    hfn_to_clock   |  1000000000  |    1000000000    |        
RUN-1001 :      message      |   standard   |     standard     |        
RUN-1001 :    qor_monitor    |      on      |        on        |        
RUN-1001 :   speedup_effort  |      0       |        0         |        
RUN-1001 :    syn_ip_flow    |     off      |       off        |        
RUN-1001 :       thread      |     auto     |       auto       |        
RUN-1001 : -------------------------------------------------------------
RUN-1001 : Print Place Property
RUN-1001 : --------------------------------------------------------------
RUN-1001 :      Parameters      |  Settings  |  Default Values  |  Note  
RUN-1001 : --------------------------------------------------------------
RUN-1001 :        effort        |   medium   |      medium      |        
RUN-1001 :       floorplan      |    off     |       off        |        
RUN-1001 :    hfn_opt_effort    |   medium   |      medium      |        
RUN-1001 :    logic_level_opt   |    off     |       off        |        
RUN-1001 :   macro_performance  |    auto    |       auto       |        
RUN-1001 :      max_fanout      |   999999   |      999999      |        
RUN-1001 :      opt_timing      |   medium   |      medium      |        
RUN-1001 :    post_place_opt    |    auto    |       auto       |        
RUN-1001 :      pr_strategy     |     1      |        1         |        
RUN-1001 : --------------------------------------------------------------
RUN-1002 : start command "insert_debugger"
RUN-1002 : start command "place"
RUN-1001 : Open license file D:/td6.2.1/license/Anlogic.lic
PHY-3001 : Placer runs in 20 thread(s).
PHY-1001 : Stage 1 | Initialize Design
PHY-1001 : Stage 1.1 | Build Design
PHY-1001 : 102 luts, 101 seqs, 0 mslices, 12 lslices, 8 pads, 0 brams, 0 dsps
RUN-1002 : start command "legalize_phy_inst"
SYN-1011 : Flatten model positive_fhd30_top
PHY-1001 : Remove keep and sweep redundant instances ...
PHY-1001 : 102 luts, 101 seqs, 0 mslices, 12 lslices, 8 pads, 0 brams, 0 dsps
PHY-1001 : End Stage 1.1 | Build Design; Time: 0.002387s wall, 0.000000s user + 0.000000s system = 0.000000s CPU (n/a%); Memory(MB): used = 335, reserved = 330, peak = 335;

PHY-1001 : Stage 1.2 | Optimize Design
OPT-1001 : Stage 1.2.1 | Simplify Lut
OPT-1001 : End Stage 1.2.1 | Simplify Lut; Time: 0.001164s wall, 0.000000s user + 0.000000s system = 0.000000s CPU (n/a%); Memory(MB): used = 335, reserved = 330, peak = 335;

OPT-1001 : Stage 1.2.2 | Sweep
OPT-1001 : End Stage 1.2.2 | Sweep; Time: 0.000141s wall, 0.000000s user + 0.000000s system = 0.000000s CPU (n/a%); Memory(MB): used = 335, reserved = 330, peak = 335;

OPT-1001 : Stage 1.2.3 | Merge Lut
OPT-1001 : Start remap optimization ...
RUN-1001 :   Added 0 lut1 for undup drivers
OPT-1001 : skip lut merge since lut number 102 is similar to or less than reg number 101
OPT-1001 : End Stage 1.2.3 | Merge Lut; Time: 0.001272s wall, 0.000000s user + 0.000000s system = 0.000000s CPU (n/a%); Memory(MB): used = 335, reserved = 330, peak = 335;

OPT-1001 : Stage 1.2.4 | Synthesize High-fanout Net
OPT-1001 : Start high-fanout net optimization in pre-place flow with medium effort ...
RUN-1001 : HFN opt statistic
RUN-1001 : ------------------------------------------------------
RUN-1001 :   DriverCell type  |  HFN count  |  Duplicated count  
RUN-1001 : ------------------------------------------------------
RUN-1001 :       LSLICE       |      0      |         0          
RUN-1001 :       MSLICE       |      0      |         0          
RUN-1001 :        TOTAL       |      0      |         0          
RUN-1001 : ------------------------------------------------------
OPT-1001 : End high-fanout net optimization;  0.000514s wall, 0.000000s user + 0.000000s system = 0.000000s CPU (n/a%)

OPT-1001 : Current memory(MB): used = 335, reserved = 330, peak = 335.
OPT-1001 : End Stage 1.2.4 | Synthesize High-fanout Net; Time: 0.001093s wall, 0.000000s user + 0.000000s system = 0.000000s CPU (n/a%); Memory(MB): used = 335, reserved = 330, peak = 335;

OPT-1001 : End physical optimization;  0.005648s wall, 0.000000s user + 0.000000s system = 0.000000s CPU (n/a%)

PHY-1001 : End Stage 1.2 | Optimize Design; Time: 0.006681s wall, 0.000000s user + 0.000000s system = 0.000000s CPU (n/a%); Memory(MB): used = 335, reserved = 330, peak = 335;

PHY-1001 : Stage 1.3 | Initialize Clock
PHY-1001 : Start to synthesize physical clock networks.
RUN-1002 : start command "start_timer"
USR-1002 : Derived clock:  create_generated_clock -name {u_video/u_pll/u_ref/ph1p_phy_pll_wrapper_25a56e5ce2f9_Inst/u_PH1P_PHY_PLL.clkc[0]} -source [get_ports I_sys_clk] -master_clock {sys_clk_50m} -divide_by 1.4815 -duty_cycle 50.0000 [get_pins {u_video/u_pll/u_ref/ph1p_phy_pll_wrapper_25a56e5ce2f9_Inst/u_PH1P_PHY_PLL.clkc[0]}]
USR-1002 : Derived clock:  create_generated_clock -name {u_video/u_pll/u_output/ph1p_phy_pll_wrapper_25a56e5ce2f9_Inst/u_PH1P_PHY_PLL.clkc[0]} -source [get_pins {u_video/u_pll/u_ref/ph1p_phy_pll_wrapper_25a56e5ce2f9_Inst/u_PH1P_PHY_PLL.clkc[0]}] -master_clock {u_video/u_pll/u_ref/ph1p_phy_pll_wrapper_25a56e5ce2f9_Inst/u_PH1P_PHY_PLL.clkc[0]} -multiply_by 2.2000 -duty_cycle 50.0000 [get_pins {u_video/u_pll/u_output/ph1p_phy_pll_wrapper_25a56e5ce2f9_Inst/u_PH1P_PHY_PLL.clkc[0]}]
USR-1002 : Derived clock:  create_generated_clock -name {u_video/u_pll/u_output/ph1p_phy_pll_wrapper_25a56e5ce2f9_Inst/u_PH1P_PHY_PLL.clkc[1]} -source [get_pins {u_video/u_pll/u_ref/ph1p_phy_pll_wrapper_25a56e5ce2f9_Inst/u_PH1P_PHY_PLL.clkc[0]}] -master_clock {u_video/u_pll/u_ref/ph1p_phy_pll_wrapper_25a56e5ce2f9_Inst/u_PH1P_PHY_PLL.clkc[0]} -multiply_by 11.0000 -duty_cycle 50.0000 [get_pins {u_video/u_pll/u_output/ph1p_phy_pll_wrapper_25a56e5ce2f9_Inst/u_PH1P_PHY_PLL.clkc[1]}]
TMR-2502 : Net delay update with mode: Synthesized
PHY-1001 : Populate physical database on model positive_fhd30_top.
RUN-1001 : There are total 233 instances
RUN-0007 : 102 luts, 101 seqs, 0 mslices, 12 lslices, 8 pads, 0 brams, 0 dsps
RUN-1001 : There are total 254 nets
RUN-1001 : 187 nets have 2 pins
RUN-1001 : 37 nets have [3 - 5] pins
RUN-1001 : 22 nets have [6 - 10] pins
RUN-1001 : 1 nets have [11 - 20] pins
RUN-1001 : 7 nets have [21 - 99] pins
PHY-1001 : End Stage 1.3 | Initialize Clock; Time: 0.024867s wall, 0.015625s user + 0.000000s system = 0.015625s CPU (62.8%); Memory(MB): used = 338, reserved = 330, peak = 338;

PHY-1001 : End Stage 1 | Initialize Design; Time: 0.035276s wall, 0.031250s user + 0.000000s system = 0.031250s CPU (88.6%); Memory(MB): used = 338, reserved = 330, peak = 338;

PHY-1001 : Stage 2 | Global Placement
RUN-1001 : Report Control nets information:
RUN-1001 : DFF Distribution
RUN-1001 : -------------------------------------
RUN-1001 :   CE   |  SSR  |  ASR  |  DFF Count  
RUN-1001 : -------------------------------------
RUN-1001 :   No   |  No   |  No   |     13      
RUN-1001 :   No   |  No   |  Yes  |     77      
RUN-1001 :   No   |  Yes  |  No   |      0      
RUN-1001 :   Yes  |  No   |  No   |      0      
RUN-1001 :   Yes  |  No   |  Yes  |     11      
RUN-1001 :   Yes  |  Yes  |  No   |      0      
RUN-1001 : -------------------------------------
RUN-1001 : Control Group Statistic
RUN-1001 : -----------------------------
RUN-1001 :   #CLK  |  #CE  |  #SSR/ASR  
RUN-1001 : -----------------------------
RUN-1001 :    2    |   2   |     3      
RUN-1001 : -----------------------------
RUN-0007 : Control Set = 5
PHY-1001 : Stage 2.1 | Place Fixed Instances
PHY-5016 WARNING: PLL clkc is driving an IO without location.
PHY-5016 WARNING: PLL clkc is not driving a clock-capable IO.
PHY-5016 WARNING: PLL clkc is driving an IO without location.
PHY-1001 : End Stage 2.1 | Place Fixed Instances; Time: 0.005512s wall, 0.000000s user + 0.000000s system = 0.000000s CPU (n/a%); Memory(MB): used = 339, reserved = 330, peak = 339;

PHY-1001 : Stage 2.2 | Pre-Place DRC Check
PHY-1001 : Stage 2.2.1 | Force Route Constraint Check
PHY-1001 : Check Pass.
PHY-1001 : End Stage 2.2.1 | Force Route Constraint Check; Time: 0.000090s wall, 0.000000s user + 0.000000s system = 0.000000s CPU (n/a%); Memory(MB): used = 339, reserved = 330, peak = 339;

PHY-1001 : Stage 2.2.2 | Sigmap Check
PHY-1001 : Check pass.
PHY-1001 : End Stage 2.2.2 | Sigmap Check; Time: 0.002813s wall, 0.000000s user + 0.000000s system = 0.000000s CPU (n/a%); Memory(MB): used = 339, reserved = 330, peak = 339;

PHY-1001 : End Stage 2.2 | Pre-Place DRC Check; Time: 0.003259s wall, 0.000000s user + 0.000000s system = 0.000000s CPU (n/a%); Memory(MB): used = 339, reserved = 330, peak = 339;

PHY-1001 : Clock GCLK Statistics:
RUN-1001 : GCLK Index: 
RUN-1001 : ----------------------------------------------------------------------------------------
RUN-1001 :   Index  |                           Clock GCLK                           |  Location   
RUN-1001 : ----------------------------------------------------------------------------------------
RUN-1001 :     1    |  u_video/u_phy/u0_lane_lvds_8_1/I_serial_clk_created_gclkinst  |  x23y39z0   
RUN-1001 :     2    |              u_video/u_pll/u_output/bufg_feedback              |  x23y39z1   
RUN-1001 :     3    |               u_video/u_pll/u_ref/bufg_feedback                |  x23y39z16  
RUN-1001 : ----------------------------------------------------------------------------------------
RUN-1001 : Clock Nets Connect To GCLK Statistics: 
RUN-1001 : -----------------------------------------------------------------------------------------------------------------------------------------------------------------------------
RUN-1001 :   Index  |                  Leading Net                  |  CLK/DATA/IO/PLL Sink(s)  |                       Following Net                       |  CLK/DATA/IO/PLL Sink(s)  
RUN-1001 : -----------------------------------------------------------------------------------------------------------------------------------------------------------------------------
RUN-1001 :     1    |  u_video/u_phy/u0_lane_lvds_8_1/I_serial_clk  |          1/0/0/0          |     u_video/u_phy/u0_lane_lvds_8_1/I_serial_clk_syn_1     |         59/0/0/0          
RUN-1001 :     2    |        u_video/u_pll/u_output/clk0_buf        |          1/0/0/0          |                       u_video/pixel                       |         50/0/0/0          
RUN-1001 :     3    |         u_video/u_pll/u_ref/clk0_buf          |          1/0/0/0          | u_video/u_pll/u_output/ph1p_phy_pll_wrapper_25a56e5ce...  |          1/0/0/0          
RUN-1001 : -----------------------------------------------------------------------------------------------------------------------------------------------------------------------------
PHY-1001 : Stage 2.3 | Global Placement Step 1
PHY-3001 : Target density is 60%
PHY-1001 : Stage 2.3.1 | Update Timing
RUN-1002 : start command "start_timer"
PHY-1001 : SWNS: 349, STNS: 0, FEP: 0
PHY-3001 : tot_pins 2640 tot_hfn_pins 0 perc. 0 tot_hhfn_pins 0 perc. 0
PHY-1001 : End Stage 2.3.1 | Update Timing; Time: 0.014391s wall, 0.000000s user + 0.000000s system = 0.000000s CPU (n/a%); Memory(MB): used = 340, reserved = 331, peak = 340;

PHY-0007 : Cell area utilization is 0%
PHY-3001 : Clustering ...
PHY-3001 : End clustering;  0.000042s wall, 0.000000s user + 0.000000s system = 0.000000s CPU (n/a%)

PHY-3001 : Target density is 60%
PHY-1001 : Stage 2.3.2 | GP Iteration
PHY-1001 : End Stage 2.3.2 | GP Iteration; Time: 0.136301s wall, 0.515625s user + 0.171875s system = 0.687500s CPU (504.4%); Memory(MB): used = 340, reserved = 331, peak = 340;

PHY-3001 : Multithread accelerating rate: 4.30
RUN-1002 : start command "start_timer"
PHY-3001 : No need to merge 9x9 Dsps.
PHY-1001 : Populate physical database on model positive_fhd30_top.
PHY-1001 : End Stage 2.3 | Global Placement Step 1; Time: 0.202353s wall, 0.562500s user + 0.171875s system = 0.734375s CPU (362.9%); Memory(MB): used = 340, reserved = 331, peak = 340;

PHY-1001 : Stage 2.4 | RAM/DSP Legalization and Detailed Placement
PHY-1001 : Stage 2.4.1 | Legalization
PHY-3001 : Before Legalized: Len = 13549.7
PHY-3001 : After Legalized: Len = 13549.7, Over = 0 with grid_size = 640
PHY-1001 : End Stage 2.4.1 | Legalization; Time: 0.002879s wall, 0.000000s user + 0.000000s system = 0.000000s CPU (n/a%); Memory(MB): used = 340, reserved = 331, peak = 340;

PHY-1001 : Stage 2.4.2 | Detailed Placement
PHY-1001 : Stage 2.4.2.1 | Simulated Annealing Based DP
PHY-3001 : No movable unit~
PHY-1001 : End Stage 2.4.2.1 | Simulated Annealing Based DP; Time: 0.000757s wall, 0.000000s user + 0.000000s system = 0.000000s CPU (n/a%); Memory(MB): used = 341, reserved = 331, peak = 341;

PHY-3001 : End Detailed Place; 
PHY-1001 : End Stage 2.4.2 | Detailed Placement; Time: 0.002665s wall, 0.000000s user + 0.000000s system = 0.000000s CPU (n/a%); Memory(MB): used = 341, reserved = 331, peak = 341;

PHY-1001 : End Stage 2.4 | RAM/DSP Legalization and Detailed Placement; Time: 0.005754s wall, 0.000000s user + 0.000000s system = 0.000000s CPU (n/a%); Memory(MB): used = 341, reserved = 331, peak = 341;

PHY-1001 : Stage 2.5 | Global Placement Step 2
PHY-3001 : Target density is 60%
PHY-1001 : Stage 2.5.1 | Update Timing
PHY-1001 : SWNS: -466, STNS: -1776, FEP: 7
PHY-1001 : End Stage 2.5.1 | Update Timing; Time: 0.001101s wall, 0.000000s user + 0.000000s system = 0.000000s CPU (n/a%); Memory(MB): used = 341, reserved = 331, peak = 341;

PHY-1001 : Stage 2.5.2 | Refresh Congestion
RUN-1001 : Generating global routing grids ...
RUN-1001 : Building simple global routing graph ...
PHY-1001 : Generate routing nets ...
PHY-1001 : Reuse net number 0/166.
PHY-1001 : Global iterations in 20 thread ...
PHY-1002 : len = 13888, over cnt = 10(0%), over = 28, worst = 6
PHY-1001 : End global iterations;  0.010617s wall, 0.000000s user + 0.000000s system = 0.000000s CPU (n/a%)

PHY-1001 : Congestion index:
PHY-1001 : top1  = 14.49(S 6.14, N 9.56, E 10.94, W 7.89, I 11.10, O 14.88)
PHY-1001 : top5  = 5.14(S 1.37, N 2.65, E 3.16, W 1.60, I 2.25, O 3.03)
PHY-1001 : top10 = 2.57(S 0.69, N 1.33, E 1.58, W 0.80, I 1.12, O 1.51)
PHY-1001 : top15 = 1.71(S 0.46, N 0.88, E 1.05, W 0.53, I 0.75, O 1.01)
PHY-1001 : End Stage 2.5.2 | Refresh Congestion; Time: 0.349514s wall, 0.250000s user + 0.000000s system = 0.250000s CPU (71.5%); Memory(MB): used = 372, reserved = 362, peak = 372;

PHY-1001 : Stage 2.5.3 | GP Iteration
PHY-1001 : End Stage 2.5.3 | GP Iteration; Time: 0.075439s wall, 0.234375s user + 0.109375s system = 0.343750s CPU (455.7%); Memory(MB): used = 372, reserved = 363, peak = 372;

PHY-3001 : Multithread accelerating rate: 4.43
PHY-1001 : End Stage 2.5 | Global Placement Step 2; Time: 0.437758s wall, 0.484375s user + 0.125000s system = 0.609375s CPU (139.2%); Memory(MB): used = 372, reserved = 363, peak = 372;

PHY-1001 : Stage 2.6 | RAM/DSP Detailed Placement
PHY-1001 : Stage 2.6.1 | Detailed Placement
PHY-1001 : Stage 2.6.1.1 | Simulated Annealing Based DP
PHY-3001 : No movable unit~
PHY-1001 : End Stage 2.6.1.1 | Simulated Annealing Based DP; Time: 0.000088s wall, 0.000000s user + 0.000000s system = 0.000000s CPU (n/a%); Memory(MB): used = 372, reserved = 363, peak = 372;

PHY-3001 : End Detailed Place; 
PHY-1001 : End Stage 2.6.1 | Detailed Placement; Time: 0.001184s wall, 0.000000s user + 0.000000s system = 0.000000s CPU (n/a%); Memory(MB): used = 372, reserved = 363, peak = 372;

PHY-1001 : Stage 2.6.2 | Spreading
OPT-1001 : Total overflow 4.25 peak overflow 1.88
PHY-3001 : Spreading for sector grids.
PHY-3001 : Iter 1, total overflow: 0
PHY-3001 : tot_capacity: 36, usage_cnt: 4, movable_cnt: 36
PHY-3001 : End spreading;  0.002856s wall, 0.000000s user + 0.000000s system = 0.000000s CPU (n/a%)

PHY-1001 : End Stage 2.6.2 | Spreading; Time: 0.002938s wall, 0.000000s user + 0.000000s system = 0.000000s CPU (n/a%); Memory(MB): used = 372, reserved = 363, peak = 372;

PHY-1001 : End Stage 2.6 | RAM/DSP Detailed Placement; Time: 0.005543s wall, 0.000000s user + 0.000000s system = 0.000000s CPU (n/a%); Memory(MB): used = 372, reserved = 363, peak = 372;

PHY-1001 : Stage 2.7 | Optimize Design
OPT-1001 : Start physical optimization ...
OPT-1001 : Total overflow 4.25 peak overflow 1.88
OPT-1001 : Stage 2.7.1 | Synthesize High-fanout Net
OPT-1001 : Start high-fanout net optimization in pre-pack flow with medium effort ...
OPT-1001 : Update timing in Manhattan mode
OPT-1001 : End timing update;  0.007332s wall, 0.015625s user + 0.000000s system = 0.015625s CPU (213.1%)

OPT-1001 : Start: SWNS -394 STNS -1914 NUM_FEPS 8
OPT-1001 : Total overflow 4.25 peak overflow 1.88
DBG-001 :  select 1 high fanout candidates
DBG-001 :  crit level 1 net count 0 (fanout thres 50)
DBG-001 :  crit level 2 net count 0 (fanout thres 50)
DBG-001 :  crit level 3 net count 0 (fanout thres 40)
DBG-001 :  crit level 4 net count 0 (fanout thres 30)
DBG-001 :  crit level 5 net count 0 (fanout thres 30)
DBG-001 :  crit level 6 net count 1 (fanout thres 30)
PHY-1001 : Populate physical database on model positive_fhd30_top.
OPT-1001 : 1 high-fanout net processed.
PHY-3001 : Start incremental placement ...
PHY-1001 : Populate physical database on model positive_fhd30_top.
PHY-3001 : Target density is 60%
PHY-3001 : Target density is 60%
PHY-1001 : Stage 2.7.1.1 | Update Timing
PHY-1001 : SWNS: 269, STNS: 0, FEP: 0
PHY-1001 : End Stage 2.7.1.1 | Update Timing; Time: 0.001460s wall, 0.000000s user + 0.000000s system = 0.000000s CPU (n/a%); Memory(MB): used = 374, reserved = 363, peak = 374;

PHY-1001 : Stage 2.7.1.2 | Refresh Congestion
RUN-1001 : Generating global routing grids ...
PHY-1001 : Generate routing nets ...
PHY-1001 : Reuse net number 0/144.
PHY-1001 : Global iterations in 20 thread ...
PHY-1002 : len = 11184, over cnt = 12(0%), over = 65, worst = 20
PHY-1001 : End global iterations;  0.008908s wall, 0.015625s user + 0.000000s system = 0.015625s CPU (175.4%)

PHY-1001 : Congestion index:
PHY-1001 : top1  = 14.25(S 4.13, N 9.23, E 11.43, W 2.64, I 11.84, O 16.28)
PHY-1001 : top5  = 4.13(S 0.82, N 2.13, E 2.61, W 0.52, I 2.34, O 3.22)
PHY-1001 : top10 = 2.07(S 0.41, N 1.06, E 1.30, W 0.26, I 1.17, O 1.61)
PHY-1001 : top15 = 1.38(S 0.27, N 0.71, E 0.87, W 0.17, I 0.78, O 1.07)
PHY-1001 : End Stage 2.7.1.2 | Refresh Congestion; Time: 0.081803s wall, 0.046875s user + 0.015625s system = 0.062500s CPU (76.4%); Memory(MB): used = 374, reserved = 363, peak = 374;

PHY-1001 : Stage 2.7.1.3 | GP Iteration
PHY-1001 : End Stage 2.7.1.3 | GP Iteration; Time: 0.126758s wall, 0.515625s user + 0.078125s system = 0.593750s CPU (468.4%); Memory(MB): used = 374, reserved = 363, peak = 374;

PHY-3001 : Multithread accelerating rate: 4.61
OPT-1001 : Total overflow 5.12 peak overflow 1.38
PHY-3001 : Spreading for sector grids.
PHY-3001 : Iter 1, total overflow: 0
PHY-3001 : tot_capacity: 24, usage_cnt: 4, movable_cnt: 24
PHY-3001 : End spreading;  0.002031s wall, 0.000000s user + 0.000000s system = 0.000000s CPU (n/a%)

PHY-3001 : Final: Len = 11125.6, Over = 0.0625
PHY-3001 : End incremental placement;  0.220290s wall, 0.562500s user + 0.093750s system = 0.656250s CPU (297.9%)

OPT-1001 : Total overflow 5.12 peak overflow 1.38
RUN-1001 : HFN opt statistic
RUN-1001 : ------------------------------------------------------
RUN-1001 :   DriverCell type  |  HFN count  |  Duplicated count  
RUN-1001 : ------------------------------------------------------
RUN-1001 :         REG        |      1      |         3          
RUN-1001 :        LUT6        |      0      |         0          
RUN-1001 :        LUT5        |      0      |         0          
RUN-1001 :        LUT4        |      0      |         0          
RUN-1001 :        LUT3        |      0      |         0          
RUN-1001 :        LUT2        |      0      |         0          
RUN-1001 :        TOTAL       |      1      |         3          
RUN-1001 : ------------------------------------------------------
OPT-1001 : End high-fanout net optimization;  0.245533s wall, 0.593750s user + 0.093750s system = 0.687500s CPU (280.0%)

OPT-1001 : Update timing in Manhattan mode
OPT-1001 : End timing update;  0.009246s wall, 0.015625s user + 0.000000s system = 0.015625s CPU (169.0%)

OPT-1001 : Current memory(MB): used = 374, reserved = 364, peak = 374.
OPT-1001 : End Stage 2.7.1 | Synthesize High-fanout Net; Time: 0.256330s wall, 0.609375s user + 0.093750s system = 0.703125s CPU (274.3%); Memory(MB): used = 374, reserved = 364, peak = 374;

OPT-1001 : Stage 2.7.2 | Global Optimization
OPT-1001 : Start global optimization ...
OPT-0007 : Start: SWNS 809 STNS 0 NUM_FEPS 0
OPT-1001 : Start congestion update ...
RUN-1001 : Generating global routing grids ...
PHY-1001 : Generate routing nets ...
PHY-1001 : Reuse net number 2/138.
PHY-1001 : Global iterations in 20 thread ...
PHY-1002 : len = 11744, over cnt = 11(0%), over = 34, worst = 9
PHY-1002 : len = 12352, over cnt = 5(0%), over = 5, worst = 1
PHY-1002 : len = 12496, over cnt = 0(0%), over = 0, worst = 0
PHY-1001 : End global iterations;  0.020110s wall, 0.015625s user + 0.000000s system = 0.015625s CPU (77.7%)

PHY-1001 : Congestion index:
PHY-1001 : top1  = 13.69(S 5.03, N 9.19, E 11.76, W 3.81, I 11.81, O 16.28)
PHY-1001 : top5  = 4.26(S 1.08, N 2.33, E 2.86, W 0.75, I 2.34, O 3.22)
PHY-1001 : top10 = 2.13(S 0.54, N 1.16, E 1.43, W 0.38, I 1.17, O 1.61)
PHY-1001 : top15 = 1.42(S 0.36, N 0.78, E 0.95, W 0.25, I 0.78, O 1.07)
OPT-1001 : End congestion update;  0.057759s wall, 0.046875s user + 0.000000s system = 0.046875s CPU (81.2%)

OPT-0007 : Iter 1: improved SWNS 809 STNS 0 NUM_FEPS 0 with 2 cells processed and 464 slack improved
OPT-0007 : Iter 2: improved SWNS 809 STNS 0 NUM_FEPS 0 with 6 cells processed and 198 slack improved
OPT-0007 : Iter 3: improved SWNS 809 STNS 0 NUM_FEPS 0 with 0 cells processed and 0 slack improved
OPT-1001 : Overall commit ratio 1.00
OPT-1001 : End global optimization;  0.083502s wall, 0.062500s user + 0.000000s system = 0.062500s CPU (74.8%)

OPT-1001 : Current memory(MB): used = 374, reserved = 364, peak = 374.
OPT-1001 : End Stage 2.7.2 | Global Optimization; Time: 0.091048s wall, 0.062500s user + 0.015625s system = 0.078125s CPU (85.8%); Memory(MB): used = 374, reserved = 364, peak = 374;

OPT-0007 : End flow prepack: SWNS 809 STNS 0 NUM_FEPS 0
OPT-1001 : End physical optimization;  0.350127s wall, 0.671875s user + 0.109375s system = 0.781250s CPU (223.1%)

PHY-1001 : End Stage 2.7 | Optimize Design; Time: 0.350227s wall, 0.671875s user + 0.109375s system = 0.781250s CPU (223.1%); Memory(MB): used = 374, reserved = 364, peak = 374;

PHY-1001 : Stage 2.8 | Pack and Legalization
PHY-1001 : Stage 2.8.1 | Direct Legalization
PHY-3001 : Start Direct Legalization ...
PHY-3001 : Get top1 grid util = 0.027832, top1_avg = 0.027832.
PHY-1001 : Populate physical database on model positive_fhd30_top.
PHY-3001 : Target density is 60%
PHY-3001 : Before Legalization for Slice Macros, Len = 11693.
RUN-1001 : Legalization top10 inst displacement:
RUN-1001 : ---------------------------------------------------------------------------------------------------------------------
RUN-1001 :   Index  |  Bounded  |  Height  |        Location        |  Disp. (slots)  |  Disp. (grids)  |         Name          
RUN-1001 : ---------------------------------------------------------------------------------------------------------------------
RUN-1001 :     1    |     N     |    12    |  x25y35z2 to x25y35z0  |        2        |        0        |  u_video/add1_syn_74  
RUN-1001 : ---------------------------------------------------------------------------------------------------------------------
PHY-3001 : After Legalization for Slice Macros, Len = 11725.
RUN-1001 : Generating global routing grids ...
PHY-1001 : Generate routing nets ...
PHY-1001 : Reuse net number 128/147.
RUN-1002 : start command "update_timing -mode MANHATTAN"
RUN-1002 : start command "start_timer"
PHY-1001 : Global iterations in 20 thread ...
PHY-1002 : len = 12976, over cnt = 1(0%), over = 3, worst = 3
PHY-1002 : len = 13040, over cnt = 1(0%), over = 1, worst = 1
PHY-1002 : len = 13072, over cnt = 0(0%), over = 0, worst = 0
PHY-1001 : End global iterations;  0.006643s wall, 0.000000s user + 0.000000s system = 0.000000s CPU (n/a%)

PHY-1001 : Congestion index:
PHY-1001 : top1  = 14.14(S 4.86, N 9.15, E 12.17, W 5.37, I 11.62, O 16.12)
PHY-1001 : top5  = 4.46(S 1.06, N 2.36, E 3.03, W 1.08, I 2.30, O 3.19)
PHY-1001 : top10 = 2.23(S 0.53, N 1.18, E 1.51, W 0.54, I 1.15, O 1.60)
PHY-1001 : top15 = 1.49(S 0.35, N 0.79, E 1.01, W 0.36, I 0.77, O 1.06)
PHY-3001 : Total Iter 55, legal = 199 / 199 (100.00%), avg_move = 73.47, max_move = 317.
PHY-3001 : There are no illegal insts.
PHY-1001 : Populate physical database on model positive_fhd30_top.
PHY-3001 : End Direct Legalization;  3.149628s wall, 24.203125s user + 0.250000s system = 24.453125s CPU (776.4%)

RUN-1001 : Summary of LUT-FF Pairs
RUN-1001 : -------------------------------------------------------------
RUN-1001 :   Num of Fanout Seqs  |  1x  |  2x  |  3~5  |  6~10  |  >10  
RUN-1001 : -------------------------------------------------------------
RUN-1001 :         Total         |  78  |  0   |   0   |   0    |   0   
RUN-1001 :          Grid         |  78  |  0   |   0   |   0    |   0   
RUN-1001 :          Bank         |  78  |  0   |   0   |   0    |   0   
RUN-1001 :         Paired        |  78  |  0   |   0   |   0    |   0   
RUN-1001 : -------------------------------------------------------------
RUN-1001 : Summary of LUT Pairs
RUN-1001 : ---------------------------------------------------------------------------------------------------------------------
RUN-1001 :            |           |           |           |           |           |  O5 + O6  |  Only O5  |  Only O6  |  Total  
RUN-1001 : ---------------------------------------------------------------------------------------------------------------------
RUN-1001 :   5 Share  |  4 Share  |  3 Share  |  2 Share  |  1 Share  |  0 Share  |           |           |           |         
RUN-1001 :      0     |     1     |     7     |    17     |    11     |    12     |    48     |    17     |    13     |   78    
RUN-1001 : ---------------------------------------------------------------------------------------------------------------------
PHY-1001 : End Stage 2.8.1 | Direct Legalization; Time: 3.150921s wall, 24.203125s user + 0.250000s system = 24.453125s CPU (776.1%); Memory(MB): used = 393, reserved = 382, peak = 394;

PHY-3001 : Target density is 60%
PHY-3001 : After Direct Legalization, Len = 13081.
PHY-1001 : End Stage 2.8 | Pack and Legalization; Time: 3.154661s wall, 24.203125s user + 0.250000s system = 24.453125s CPU (775.1%); Memory(MB): used = 393, reserved = 382, peak = 394;

RUN-1002 : start command "start_timer"
PHY-1001 : End Stage 2 | Global Placement; Time: 4.220133s wall, 26.000000s user + 0.656250s system = 26.656250s CPU (631.6%); Memory(MB): used = 393, reserved = 382, peak = 394;

PHY-1001 : Stage 3 | Detailed Placement
PHY-1001 : Stage 3.1 | SLICE Detailed Placement
PHY-1001 : Stage 3.1.1 | Spreading
PHY-3001 : Design contains 1 ce signals.
PHY-3001 : Spreading for sector grids.
PHY-3001 : Iter 1, total overflow: 0
PHY-3001 : tot_capacity: 36, usage_cnt: 5, movable_cnt: 35
PHY-3001 : Spreading for clock grids.
PHY-3001 : clock grid count for 24 x 4 grids
PHY-3001 : Spreading for plb grids.
PHY-3001 : total displace: 0, max displace: 0.
PHY-3001 : End spreading;  0.013742s wall, 0.000000s user + 0.000000s system = 0.000000s CPU (n/a%)

PHY-1001 : End Stage 3.1.1 | Spreading; Time: 0.013870s wall, 0.000000s user + 0.000000s system = 0.000000s CPU (n/a%); Memory(MB): used = 393, reserved = 382, peak = 394;

PHY-1001 : Stage 3.1.2 | Simulated Annealing Based DP
RUN-1001 : Generating global routing grids ...
PHY-1001 : Generate routing nets ...
PHY-1001 : Reuse net number 2/77.
PHY-1001 : Global iterations in 20 thread ...
PHY-1002 : len = 13136, over cnt = 3(0%), over = 12, worst = 5
PHY-1002 : len = 13376, over cnt = 2(0%), over = 2, worst = 1
PHY-1002 : len = 13440, over cnt = 0(0%), over = 0, worst = 0
PHY-1001 : End global iterations;  0.020764s wall, 0.015625s user + 0.000000s system = 0.015625s CPU (75.2%)

PHY-1001 : Congestion index:
PHY-1001 : top1  = 12.11(S 3.58, N 6.53, E 10.77, W 6.28, I 8.06, O 10.94)
PHY-1001 : top5  = 4.56(S 0.73, N 1.89, E 2.61, W 1.47, I 1.60, O 2.16)
PHY-1001 : top10 = 2.28(S 0.37, N 0.94, E 1.30, W 0.74, I 0.80, O 1.08)
PHY-1001 : top15 = 1.52(S 0.24, N 0.63, E 0.87, W 0.49, I 0.53, O 0.72)
PHY-0007 : Initial: WL Cost = 923.569, TD Cost = 1140.11, SWNS = 862, STNS = 0, Nums per T = 780, Range Limit = 4x8
PHY-0007 : Finally: WL Cost = 850.938, TD Cost = 620.011, WL Ratio = 0.921359, TD Ratio = 0.543815, SWNS = 852, STNS = 0
RUN-1001 : Print Detailed placement's Summary information
RUN-1001 : -----------------------------------------------------------------------------------------------------------------------------
RUN-1001 :           |  Total  |  Accept  |  Reject by overFlow  |  Reject by worseCost  |  Failed by noTarget  |  Failed by gridCheck  
RUN-1001 : -----------------------------------------------------------------------------------------------------------------------------
RUN-1001 :   Slices  |  4680   |   251    |          0           |         4413          |          0           |          16           
RUN-1001 :   Macros  |   64    |    1     |          0           |          63           |          0           |           0           
RUN-1001 : -----------------------------------------------------------------------------------------------------------------------------
PHY-1001 : End Stage 3.1.2 | Simulated Annealing Based DP; Time: 0.162900s wall, 0.125000s user + 0.000000s system = 0.125000s CPU (76.7%); Memory(MB): used = 393, reserved = 382, peak = 394;

PHY-3001 : End Detailed Place; 
PHY-3001 : Final: Len = 12220, Over = 0
PHY-1001 : End Stage 3.1 | SLICE Detailed Placement; Time: 0.180530s wall, 0.140625s user + 0.000000s system = 0.140625s CPU (77.9%); Memory(MB): used = 393, reserved = 382, peak = 394;

PHY-3001 : End Detailed Place; 
PHY-1001 : Stage 3.2 | Optimize Design
OPT-1001 : Start physical optimization ...
OPT-1001 : Total overflow 0.00 peak overflow 0.00
OPT-1001 : Stage 3.2.1 | Physical Optimization
OPT-1001 : Start high-fanout net optimization in optimize equivalent flow with medium effort ...
OPT-1001 : Clean unloaded insts before merging registers
PHY-1001 : Populate physical database on model positive_fhd30_top.
PHY-1001 : Populate physical database on model positive_fhd30_top.
OPT-1001 : Total overflow 0.00 peak overflow 0.00
OPT-1001 : End optimize duplicated nets. Total 1 instances are merged and 8 sinks are reconnected,  0.025198s wall, 0.031250s user + 0.000000s system = 0.031250s CPU (124.0%)

OPT-1001 : End high-fanout net optimization;  0.025346s wall, 0.031250s user + 0.000000s system = 0.031250s CPU (123.3%)

OPT-1001 : Update timing in Manhattan mode
RUN-1002 : start command "start_timer"
OPT-1001 : End timing update;  0.022569s wall, 0.015625s user + 0.000000s system = 0.015625s CPU (69.2%)

OPT-1001 : Current memory(MB): used = 393, reserved = 382, peak = 394.
OPT-1001 : End Stage 3.2.1 | Physical Optimization; Time: 0.048916s wall, 0.062500s user + 0.000000s system = 0.062500s CPU (127.8%); Memory(MB): used = 393, reserved = 382, peak = 394;

OPT-1001 : Stage 3.2.2 | Synthesize High-fanout Net
OPT-1001 : Start high-fanout net optimization in post-pack flow with medium effort ...
OPT-1001 : Start: SWNS 852 STNS 0 NUM_FEPS 0
OPT-1001 : Total overflow 0.00 peak overflow 0.00
DBG-001 :  select 0 high fanout candidates
DBG-001 :  crit level 1 net count 0 (fanout thres 50)
DBG-001 :  crit level 2 net count 0 (fanout thres 50)
DBG-001 :  crit level 3 net count 0 (fanout thres 40)
DBG-001 :  crit level 4 net count 0 (fanout thres 30)
DBG-001 :  crit level 5 net count 0 (fanout thres 30)
DBG-001 :  crit level 6 net count 0 (fanout thres 30)
PHY-1001 : Populate physical database on model positive_fhd30_top.
OPT-1001 : 0 high-fanout net processed.
OPT-1001 : Total overflow 0.00 peak overflow 0.00
RUN-1001 : HFN opt statistic
RUN-1001 : ------------------------------------------------------
RUN-1001 :   DriverCell type  |  HFN count  |  Duplicated count  
RUN-1001 : ------------------------------------------------------
RUN-1001 :       LSLICE       |      0      |         0          
RUN-1001 :       MSLICE       |      0      |         0          
RUN-1001 :        TOTAL       |      0      |         0          
RUN-1001 : ------------------------------------------------------
OPT-1001 : End high-fanout net optimization;  0.036757s wall, 0.000000s user + 0.000000s system = 0.000000s CPU (n/a%)

OPT-1001 : Current memory(MB): used = 393, reserved = 382, peak = 394.
OPT-1001 : End Stage 3.2.2 | Synthesize High-fanout Net; Time: 0.038302s wall, 0.000000s user + 0.000000s system = 0.000000s CPU (n/a%); Memory(MB): used = 393, reserved = 382, peak = 394;

OPT-1001 : Stage 3.2.3 | Optimize Path
OPT-1001 : Start unpack path based optimization ...
OPT-0007 : Start: SWNS 852 STNS 0 NUM_FEPS 0 with mode 2
OPT-1001 : Start congestion update ...
RUN-1001 : Generating global routing grids ...
PHY-1001 : Generate routing nets ...
PHY-1001 : Reuse net number 15/87.
PHY-1001 : Global iterations in 20 thread ...
PHY-1002 : len = 12544, over cnt = 7(0%), over = 10, worst = 3
PHY-1002 : len = 12752, over cnt = 1(0%), over = 1, worst = 1
PHY-1002 : len = 12768, over cnt = 0(0%), over = 0, worst = 0
PHY-1001 : End global iterations;  0.021282s wall, 0.046875s user + 0.000000s system = 0.046875s CPU (220.3%)

PHY-1001 : Congestion index:
PHY-1001 : top1  = 11.72(S 3.71, N 6.53, E 10.12, W 6.77, I 8.06, O 10.86)
PHY-1001 : top5  = 4.27(S 0.75, N 1.70, E 2.80, W 1.50, I 1.60, O 2.15)
PHY-1001 : top10 = 2.13(S 0.38, N 0.85, E 1.40, W 0.75, I 0.80, O 1.07)
PHY-1001 : top15 = 1.42(S 0.25, N 0.57, E 0.93, W 0.50, I 0.53, O 0.72)
OPT-1001 : End congestion update;  0.062156s wall, 0.078125s user + 0.000000s system = 0.078125s CPU (125.7%)

OPT-0007 : Iter 1: improved SWNS 939 STNS 0 NUM_FEPS 0 with 1(6) cells and 3(3) paths processed with 87 slack improved, crit_thod: 852 ratio: 1.00(1/1) rt: 0.0s
OPT-0007 : Iter 2: improved SWNS 939 STNS 0 NUM_FEPS 0 with 0(6) cells and 3(3) paths processed with 0 slack improved, crit_thod: 939 ratio: -1.00(0/0) rt: 0.0s
OPT-1001 : End path based optimization;  0.079652s wall, 0.078125s user + 0.000000s system = 0.078125s CPU (98.1%)

OPT-1001 : Current memory(MB): used = 394, reserved = 382, peak = 394.
OPT-1001 : End Stage 3.2.3 | Optimize Path; Time: 0.087510s wall, 0.078125s user + 0.000000s system = 0.078125s CPU (89.3%); Memory(MB): used = 394, reserved = 382, peak = 394;

OPT-1001 : Stage 3.2.4 | Optimize Duplicated Nets
OPT-1001 : Start: WNS 939 TNS 0 NUM_FEPS 0
OPT-1001 : Clean unloaded insts before merging registers
PHY-1001 : Populate physical database on model positive_fhd30_top.
PHY-1001 : Populate physical database on model positive_fhd30_top.
OPT-1001 : Total overflow 0.00 peak overflow 0.00
OPT-1001 : End optimize duplicated nets. Total 0 instances are merged and 0 sinks are reconnected,  0.027283s wall, 0.031250s user + 0.000000s system = 0.031250s CPU (114.5%)

OPT-1001 : Update timing in Manhattan mode
RUN-1002 : start command "start_timer"
OPT-1001 : End timing update;  0.029351s wall, 0.031250s user + 0.000000s system = 0.031250s CPU (106.5%)

OPT-1001 : Current memory(MB): used = 394, reserved = 382, peak = 394.
OPT-1001 : End Stage 3.2.4 | Optimize Duplicated Nets; Time: 0.058355s wall, 0.062500s user + 0.000000s system = 0.062500s CPU (107.1%); Memory(MB): used = 394, reserved = 382, peak = 394;

OPT-1001 : Stage 3.2.5 | Swap Pins
OPT-1001 : Start pin optimization...
OPT-1001 : Start: SWNS 939 STNS 0 NUM_FEPS 0
OPT-1001 : Successfully optimized 2 instances
OPT-1001 : Successfully optimized 1 instances
OPT-1001 : End pin optimization;  0.014098s wall, 0.015625s user + 0.000000s system = 0.015625s CPU (110.8%)

OPT-1001 : Current memory(MB): used = 394, reserved = 382, peak = 394.
OPT-1001 : End Stage 3.2.5 | Swap Pins; Time: 0.015559s wall, 0.015625s user + 0.000000s system = 0.015625s CPU (100.4%); Memory(MB): used = 394, reserved = 382, peak = 394;

OPT-1001 : Stage 3.2.6 | Optimize Beeline
OPT-1001 : Start beeline optimization...
OPT-1001 : Start: SWNS 939 STNS 0 NUM_FEPS 0
PHY-1001 : Beeline DP, 11 out of 18 (61.11)%; hop = 15.
PHY-1001 : Beeline DP, 1 out of 9 (11.11)%; hop = 2.
PHY-1001 : Beeline DP, 1 out of 9 (11.11)%; hop = 2.
PHY-1001 : Beeline DP, 1 out of 9 (11.11)%; hop = 2.
PHY-1001 : Beeline DP, 1 out of 9 (11.11)%; hop = 2.
PHY-1001 : Beeline optimization intraPLB, 34 1-hop(43.59%), 35 2-hop(44.87%), 2 3-hop( 2.56%), 7 others ( 8.97%)
PHY-1001 :  0.114900s wall, 0.062500s user + 0.000000s system = 0.062500s CPU (54.4%)

RUN-1001 : Beeline optimization outerPLB: 1-hop 18, 2-hop 21, 3-hop 7, 4-hop 4, other 12 
OPT-1001 : End beeline optimization;  0.148577s wall, 0.093750s user + 0.000000s system = 0.093750s CPU (63.1%)

OPT-1001 : Update timing in Manhattan mode
OPT-1001 : End timing update;  0.011599s wall, 0.000000s user + 0.000000s system = 0.000000s CPU (n/a%)

OPT-1001 : End Stage 3.2.6 | Optimize Beeline; Time: 0.173993s wall, 0.093750s user + 0.000000s system = 0.093750s CPU (53.9%); Memory(MB): used = 407, reserved = 395, peak = 407;

OPT-0007 : End flow postpack: SWNS 939 STNS 0 NUM_FEPS 0
RUN-1001 : Generating global routing grids ...
PHY-1001 : Generate routing nets ...
PHY-1001 : Reuse net number 68/81.
PHY-1001 : Global iterations in 20 thread ...
PHY-1002 : len = 12832, over cnt = 1(0%), over = 4, worst = 4
PHY-1002 : len = 12944, over cnt = 0(0%), over = 0, worst = 0
PHY-1001 : End global iterations;  0.004880s wall, 0.015625s user + 0.000000s system = 0.015625s CPU (320.2%)

PHY-1001 : Congestion index:
PHY-1001 : top1  = 11.80(S 3.83, N 6.33, E 9.87, W 6.69, I 8.06, O 10.86)
PHY-1001 : top5  = 4.36(S 0.77, N 1.67, E 2.86, W 1.47, I 1.60, O 2.15)
PHY-1001 : top10 = 2.18(S 0.38, N 0.83, E 1.43, W 0.74, I 0.80, O 1.07)
PHY-1001 : top15 = 1.45(S 0.26, N 0.56, E 0.95, W 0.49, I 0.53, O 0.72)
RUN-1001 : QoR Analysis:
OPT-0007 :   SWNS 939 STNS 0 NUM_FEPS 0
RUN-1001 :   No local congestion issue, and most congested 1% tile average routing util is 11.421053
RUN-1001 :   Top critical paths
RUN-1001 :       #1 path slack 939ps with logic level 2 
RUN-1001 :       #2 path slack 939ps with logic level 2 
RUN-1001 :       #3 path slack 939ps with logic level 2 
RUN-1001 :       #4 path slack 1020ps with logic level 2 
OPT-1001 : End physical optimization;  0.481369s wall, 0.359375s user + 0.000000s system = 0.359375s CPU (74.7%)

PHY-1001 : End Stage 3.2 | Optimize Design; Time: 0.481673s wall, 0.359375s user + 0.000000s system = 0.359375s CPU (74.6%); Memory(MB): used = 407, reserved = 395, peak = 407;

RUN-1001 : Report Control nets information:
RUN-1001 : DFF Distribution
RUN-1001 : -------------------------------------
RUN-1001 :   CE   |  SSR  |  ASR  |  DFF Count  
RUN-1001 : -------------------------------------
RUN-1001 :   No   |  No   |  No   |      0      
RUN-1001 :   No   |  No   |  Yes  |      0      
RUN-1001 :   No   |  Yes  |  No   |      0      
RUN-1001 :   Yes  |  No   |  No   |     13      
RUN-1001 :   Yes  |  No   |  Yes  |     90      
RUN-1001 :   Yes  |  Yes  |  No   |      0      
RUN-1001 : -------------------------------------
RUN-1001 : Control Group Statistic
RUN-1001 : -----------------------------
RUN-1001 :   #CLK  |  #CE  |  #SSR/ASR  
RUN-1001 : -----------------------------
RUN-1001 :    2    |   6   |     5      
RUN-1001 : -----------------------------
RUN-0007 : Control Set = 14
PHY-1001 : End Stage 3 | Detailed Placement; Time: 0.665123s wall, 0.500000s user + 0.000000s system = 0.500000s CPU (75.2%); Memory(MB): used = 407, reserved = 395, peak = 407;

PHY-1001 : Populate physical database on model positive_fhd30_top.
PHY-1001 : Stage 4 | Optimize Design
PHY-3001 : Start incremental legalization ...
PHY-1001 : Populate physical database on model positive_fhd30_top.
PHY-3001 : Target density is 60%
PHY-3001 : Target density is 60%
PHY-3001 : Initial: Len = 12575.8, Over = 0
PHY-1001 : Stage 4.1 | Spreading
PHY-3001 : Design contains 1 ce signals.
PHY-3001 : Spreading for sector grids.
PHY-3001 : Iter 1, total overflow: 0
PHY-3001 : tot_capacity: 36, usage_cnt: 5, movable_cnt: 36
PHY-3001 : Spreading for clock grids.
PHY-3001 : clock grid count for 24 x 4 grids
PHY-3001 : Spreading for plb grids.
PHY-3001 : total displace: 0, max displace: 0.
PHY-3001 : End spreading;  0.014007s wall, 0.015625s user + 0.000000s system = 0.015625s CPU (111.6%)

PHY-1001 : End Stage 4.1 | Spreading; Time: 0.014146s wall, 0.015625s user + 0.000000s system = 0.015625s CPU (110.5%); Memory(MB): used = 408, reserved = 395, peak = 408;

PHY-3001 : Final: Len = 12575.8, Over = 0
PHY-3001 : End incremental legalization;  0.029835s wall, 0.015625s user + 0.000000s system = 0.015625s CPU (52.4%)

RUN-1002 : start command "report_qor -step place -file place.qor"
RUN-1002 : start command "start_timer"
TMR-2502 : Net delay update with mode: Placed
RUN-1001 : Generating global routing grids ...
-----------------------------------------------------------
| QoR metrics               |         value               |
-----------------------------------------------------------
| Timing                    |                             |
|     Setup WNS             |          939                |
|     Setup TNS             |            0                |
|     Num of violated S-EP  |            0                |
|     FMAX                  |   570.125MHz                |
|     SWNS path clock period |       2693ps                |
|     Hold WNS              |           54                |
|     Hold TNS              |            0                |
|     Num of violated H-EP  |            0                |
-----------------------------------------------------------
| Routing Resource          |                             |
|     Wire length           |        12549                |
|     Route Net Num         |          141                |
|     DontRoute Net Num     |           30                |
|     RouteSinks Num        |          460                |
-----------------------------------------------------------
| Utilization               |                             |
|     #slices               |           88                |
|     slices percentage     |        0.41%                |
|     #RAMs                 |            0                |
|     #DSPs                 |            0                |
|     #DRAMHARDCON          |            0                |
-----------------------------------------------------------
| Congestion                |                             |
|     Top 1% tile util      |            6                |
|     Top 1% tile avg util  |       11.42%                |
|     Over 100% util #tile  |            0                |
-----------------------------------------------------------
Report place stage QoR done.

PHY-1001 : End Stage 4 | Optimize Design; Time: 0.164897s wall, 0.093750s user + 0.015625s system = 0.109375s CPU (66.3%); Memory(MB): used = 408, reserved = 395, peak = 408;

PHY-1001 : Stage 5 | DRC Check
PHY-1001 : Stage 5.1 | Slice Attributes Check
PHY-1001 : Check pass.
PHY-1001 : End Stage 5.1 | Slice Attributes Check; Time: 0.000754s wall, 0.000000s user + 0.000000s system = 0.000000s CPU (n/a%); Memory(MB): used = 408, reserved = 395, peak = 408;

PHY-1001 : Stage 5.2 | Clock Bound Check
PHY-1001 : Check pass.
PHY-1001 : End Stage 5.2 | Clock Bound Check; Time: 0.000067s wall, 0.000000s user + 0.000000s system = 0.000000s CPU (n/a%); Memory(MB): used = 408, reserved = 395, peak = 408;

PHY-1001 : Stage 5.3 | Force Route Constraint Check
PHY-1001 : Check Pass.
PHY-1001 : End Stage 5.3 | Force Route Constraint Check; Time: 0.000088s wall, 0.000000s user + 0.000000s system = 0.000000s CPU (n/a%); Memory(MB): used = 408, reserved = 395, peak = 408;

PHY-1001 : Stage 5.4 | Sigmap Check
PHY-1001 : Check pass.
PHY-1001 : End Stage 5.4 | Sigmap Check; Time: 0.000663s wall, 0.000000s user + 0.000000s system = 0.000000s CPU (n/a%); Memory(MB): used = 408, reserved = 395, peak = 408;

PHY-1001 : Stage 5.5 | Duplicated SelfDriven Check
PHY-1001 : Check pass.
PHY-1001 : End Stage 5.5 | Duplicated SelfDriven Check; Time: 0.003825s wall, 0.000000s user + 0.000000s system = 0.000000s CPU (n/a%); Memory(MB): used = 408, reserved = 395, peak = 408;

PHY-1001 : Stage 5.6 | Clock Rule Check
PHY-1001 : End Stage 5.6 | Clock Rule Check; Time: 0.002642s wall, 0.000000s user + 0.000000s system = 0.000000s CPU (n/a%); Memory(MB): used = 408, reserved = 395, peak = 408;

PHY-1001 : End Stage 5 | DRC Check; Time: 0.037487s wall, 0.031250s user + 0.000000s system = 0.031250s CPU (83.4%); Memory(MB): used = 408, reserved = 395, peak = 408;

OPT-1001 : QoR tracer report on placement steps:
    SWNS [   incr ]    STNS [   incr ]    FEPS [   incr ]    CRIT [   incr ]      CELL [     incr ]        WL [     incr ]    CONG [   incr ]    PDES [   incr ]   RT(s) [   incr ]   MEM(mb) [     incr ]
       0 [      0 ]       0 [      0 ]       0 [      0 ]       0 [      0 ]       232 [        0 ]         0 [        0 ]    0.00 [   0.00 ]       0 [      0 ]       0 [      0 ]       335 [        0 ] : preplace:simplify_lut
       0 [      0 ]       0 [      0 ]       0 [      0 ]       0 [      0 ]       232 [        0 ]         0 [        0 ]    0.00 [   0.00 ]       0 [      0 ]       0 [      0 ]       335 [        0 ] : preplace:sweep
       0 [      0 ]       0 [      0 ]       0 [      0 ]       0 [      0 ]       232 [        0 ]         0 [        0 ]    0.00 [   0.00 ]       0 [      0 ]       0 [      0 ]       335 [        0 ] : preplace:lut_merge
       0 [      0 ]       0 [      0 ]       0 [      0 ]       0 [      0 ]       232 [        0 ]         0 [        0 ]    0.00 [   0.00 ]       0 [      0 ]       0 [      0 ]       335 [        0 ] : preplace:hfn_opt
    -466 [   -466 ]   -1776 [  -1776 ]       7 [      7 ]    1341 [   1341 ]       233 [        1 ]     13510 [    13510 ]    0.00 [   0.00 ]       0 [      0 ]       0 [      0 ]       340 [        5 ] : step1_gp
    -466 [      0 ]   -1776 [      0 ]       7 [      0 ]    1341 [      0 ]       233 [        0 ]     13510 [        0 ]    0.00 [   0.00 ]       0 [      0 ]       0 [      0 ]       340 [        0 ] : step1_legal
    -466 [      0 ]   -1776 [      0 ]       7 [      0 ]    1341 [      0 ]       233 [        0 ]     13510 [        0 ]    0.00 [   0.00 ]       0 [      0 ]       0 [      0 ]       341 [        1 ] : step1_dp
    -394 [     72 ]   -1914 [   -138 ]       8 [      1 ]    1289 [    -52 ]       233 [        0 ]     10590 [    -2920 ]   14.00 [  14.00 ]       0 [      0 ]       0 [      0 ]       372 [       31 ] : step2_gp
    -394 [      0 ]   -1914 [      0 ]       8 [      0 ]    1289 [      0 ]       233 [        0 ]     10590 [        0 ]   14.00 [   0.00 ]       0 [      0 ]       0 [      0 ]       372 [        0 ] : step2_dp
    -394 [      0 ]   -1914 [      0 ]       8 [      0 ]    1289 [      0 ]       233 [        0 ]     10590 [        0 ]   14.00 [   0.00 ]       0 [      0 ]       0 [      0 ]       372 [        0 ] : prepack_spreading
     809 [   1203 ]       0 [   1914 ]       0 [     -8 ]    1056 [   -233 ]       236 [        3 ]     11091 [      501 ]   13.82 [  -0.18 ]       0 [      0 ]       0 [      0 ]       374 [        2 ] : prepack:hfn_opt
     809 [      0 ]       0 [      0 ]       0 [      0 ]    1108 [     52 ]       236 [        0 ]     11662 [      571 ]   13.32 [  -0.50 ]       0 [      0 ]       1 [      1 ]       374 [        0 ] : prepack:global_opt
     862 [     53 ]       0 [      0 ]       0 [      0 ]    1431 [    323 ]       107 [     -129 ]     13054 [     1392 ]   13.76 [   0.45 ]       0 [      0 ]       4 [      3 ]       394 [       20 ] : direct_legalization
     862 [      0 ]       0 [      0 ]       0 [      0 ]    1431 [      0 ]       107 [        0 ]     13054 [        0 ]   13.76 [   0.00 ]       0 [      0 ]       4 [      0 ]       394 [        0 ] : post_pack_spreading
     852 [    -10 ]       0 [      0 ]       0 [      0 ]    1515 [     84 ]       107 [        0 ]     12193 [     -861 ]   11.71 [  -2.05 ]       0 [      0 ]       4 [      0 ]       394 [        0 ] : post_pack_dp
     852 [      0 ]       0 [      0 ]       0 [      0 ]    1515 [      0 ]       107 [        0 ]     12141 [      -52 ]   11.71 [   0.00 ]       0 [      0 ]       4 [      0 ]       394 [        0 ] : postpack:optimize_equivalent_quick
     852 [      0 ]       0 [      0 ]       0 [      0 ]    1515 [      0 ]       107 [        0 ]     12141 [        0 ]   11.71 [   0.00 ]       0 [      0 ]       4 [      0 ]       394 [        0 ] : postpack:hfn_opt
     939 [     87 ]       0 [      0 ]       0 [      0 ]    1515 [      0 ]       106 [       -1 ]     12167 [       26 ]   11.32 [  -0.39 ]       0 [      0 ]       4 [      0 ]       394 [        0 ] : postpack:path_opt
     939 [      0 ]       0 [      0 ]       0 [      0 ]    1515 [      0 ]       106 [        0 ]     12167 [        0 ]   11.32 [   0.00 ]       0 [      0 ]       4 [      0 ]       394 [        0 ] : postpack:optimize_equivalent
     939 [      0 ]       0 [      0 ]       0 [      0 ]    1515 [      0 ]       106 [        0 ]     12167 [        0 ]   11.32 [   0.00 ]       0 [      0 ]       4 [      0 ]       394 [        0 ] : postpack:pin_opt
     939 [      0 ]       0 [      0 ]       0 [      0 ]    1509 [     -6 ]       106 [        0 ]     12549 [      382 ]   11.32 [   0.00 ]       0 [      0 ]       4 [      0 ]       407 [       13 ] : postpack:beeline_opt

RUN-1003 : finish command "place" in  5.165759s wall, 26.671875s user + 0.687500s system = 27.359375s CPU (529.6%)

RUN-1004 : used memory is 408 MB, reserved memory is 395 MB, peak memory is 408 MB
RUN-1002 : start command "update_timing -mode manhattan"
RUN-1002 : start command "start_timer"
RUN-1002 : start command "report_timing_status -file positive_fhd30_place.ts"
RUN-1002 : start command "report_timing_summary -file positive_fhd30_place.timing"
RUN-1002 : start command "report_area -io_info -file positive_fhd30_phy.area"
SYN-4034 : The count of slices with lut is 66.
SYN-4035 : The count of slices with lut+ripple is 12.
RUN-1001 : standard
***Report Model: positive_fhd30_top Device: PH1P35MDG324***

Design Statistics
#IO                         6   out of    160    3.75%
  #input                    2
  #output                   4
  #inout                    0
#lut6                      78   out of  21216    0.37%
#reg                      103
  #slice reg              103   out of  42432    0.24%
  #pad reg                  0

Utilization Statistics
#slice                     88   out of  21216    0.41%
  #used ram                 0
    #dram lut               0
    #shifter lut            0
  #used logic              88
    #with luts             66
    #with adder            12
    #reg only              10
#f7mux                      0   out of  10608    0.00%
#f8mux                      0   out of   5304    0.00%
#eram                       0   out of    108    0.00%
  #eram20k                  0
  #fifo20k                  0
#dsp                        0   out of     40    0.00%
#ddr_byte                   0   out of     12    0.00%
#mipi_tx                    0   out of      2    0.00%
#mipi_rx                    0   out of      2    0.00%
#pad                       10   out of    160    6.25%
#pll                        2   out of      6   33.33%
#gclk                       3   out of     32    9.38%
#lclk                       0   out of     12    0.00%
#sclk                       0   out of     48    0.00%
#mlclk                      0   out of      6    0.00%
#ioclk                      0   out of     18    0.00%

RUN-1002 : start command "flow_status -file place_flow.status"
Location         : C:\Users\Li47\Desktop\aa\native_positive_fhd30_r1_20261009\td_project\positive_fhd30_Runs\phy_1
Running with     : Tang Dynasty v6.2.178840
                   Copyright (c) 2012-2025 Anlogic Inc.
Top Model        : positive_fhd30_top
Device           : PH1P35MDG324
Speed            : 3

Timing Mode      : manhattan
Setup            : WNS   939ps  TNS        0ps  NUM_FEPS     0
Hold             : WNS    54ps  TNS        0ps  NUM_FEPS     0

Flow Statistics  :
RUN-1001 : Flow Statistics:
RUN-1001 : --------------------------------------------------------------------------------------------------
RUN-1001 :      command     |  #calls  |  wall time  |  cpu time(s)  |  used memory(mb)  |  peak memory(mb)  
RUN-1001 : --------------------------------------------------------------------------------------------------
RUN-1001 :       place      |    1     |   5s(71%)   |    26(96%)    |        408        |        408        
RUN-1001 :   import_device  |    1     |   2s(28%)   |     1(3%)     |        333        |        333        
RUN-1001 :     import_db    |    1     |   0s(0%)    |     0(0%)     |        334        |        334        
RUN-1001 : --------------------------------------------------------------------------------------------------
RUN-1001 :       total      |    3     |     7s      |      27       |        408        |        408        
RUN-1001 : --------------------------------------------------------------------------------------------------
RUN-1002 : start command "report_clock_utilization -file place_clock_utilization.txt"
RUN-1002 : start command "export_db positive_fhd30_place.db"
RUN-1001 : Exported flow parameters
RUN-1001 : Exported /
RUN-1001 : Exported libs
RUN-1001 : Exported entities
RUN-1001 : Exported ports
RUN-1001 : Exported pins
RUN-1001 : Exported instances
RUN-1001 : Exported nets
RUN-1001 : Exported buses
RUN-1001 : Exported models
RUN-1001 : Exported phy database
RUN-1001 : Exported packer
RUN-1001 : Exported congestions
RUN-1001 : Exported violations
RUN-1001 : Exported ATMR Setting
RUN-1001 : Exported timing constraints
RUN-1001 : Exported IO constraints
RUN-1001 : Exported Inst constraints
RUN-1001 : Exported ChipWatcher
RUN-1002 : start command "commit_param -step route"
RUN-1001 : Print Global Property
RUN-1001 : -------------------------------------------------------------
RUN-1001 :     Parameters    |   Settings   |  Default Values  |  Note  
RUN-1001 : -------------------------------------------------------------
RUN-1001 :    enable_seed    |     off      |       off        |        
RUN-1001 :    hfn_to_clock   |  1000000000  |    1000000000    |        
RUN-1001 :      message      |   standard   |     standard     |        
RUN-1001 :    qor_monitor    |      on      |        on        |        
RUN-1001 :   speedup_effort  |      0       |        0         |        
RUN-1001 :    syn_ip_flow    |     off      |       off        |        
RUN-1001 :       thread      |     auto     |       auto       |        
RUN-1001 : -------------------------------------------------------------
RUN-1001 : Print Route Property
RUN-1001 : ---------------------------------------------------------------
RUN-1001 :       Parameters      |  Settings  |  Default Values  |  Note  
RUN-1001 : ---------------------------------------------------------------
RUN-1001 :         effort        |   normal   |      normal      |        
RUN-1001 :        fix_hold       |     on     |        on        |        
RUN-1001 :   hold_fix_iteration  |     5      |        5         |        
RUN-1001 :     post_route_opt    |    auto    |       auto       |        
RUN-1001 :         timing        |     on     |        on        |        
RUN-1001 : ---------------------------------------------------------------
RUN-1002 : start command "route"
RUN-1001 : Open license file D:/td6.2.1/license/Anlogic.lic
PHY-1001 : Reconnected 2 VDD pins with routing demanding
PHY-1001 : Populate physical database on model positive_fhd30_top.
RUN-1001 : Dedicate pll clock connection statistics:
RUN-1001 : Clock Region s_0_l [0,0][23,39]; Utilization: 1 out of 12
RUN-1001 : --------------------------------------------------------------------------------------------------------------------------------------------------------------------------
RUN-1001 :   Index  |                             Leading Clock                              |                                     Special Sink                                      
RUN-1001 : --------------------------------------------------------------------------------------------------------------------------------------------------------------------------
RUN-1001 :     1    |  u_video/u_pll/u_output/ph1p_phy_pll_wrapper_25a56e5ce2f9_Inst/refclk  |  u_video/u_pll/u_output/ph1p_phy_pll_wrapper_25a56e5ce2f9_Inst/u_PH1P_PHY_PLL.refclk  
RUN-1001 : --------------------------------------------------------------------------------------------------------------------------------------------------------------------------
PHY-1001 : Working orders of clock nets being processed in bank assignment:
PHY-1001 : u_video/u_pll/u_output/ph1p_phy_pll_wrapper_25a56e5ce2f9_Inst/refclk;
PHY-1001 : u_video/pixel;
PHY-1001 : u_video/u_phy/u0_lane_lvds_8_1/I_serial_clk_syn_1;
PHY-1001 : Internal bound Intnl_0_0_25_40 is being created by clock u_video/u_pll/u_output/ph1p_phy_pll_wrapper_25a56e5ce2f9_Inst/u_PH1P_PHY_PLL.clkc[0] through SCLK.
PHY-1001 : Internal bound Intnl_25_0_23_40 is being created by clock u_video/u_pll/u_output/ph1p_phy_pll_wrapper_25a56e5ce2f9_Inst/u_PH1P_PHY_PLL.clkc[0] through SCLK.
PHY-1001 : Internal bound Intnl_25_40_19_40 is being created by clock u_video/u_pll/u_output/ph1p_phy_pll_wrapper_25a56e5ce2f9_Inst/u_PH1P_PHY_PLL.clkc[1] through SCLK.
RUN-1001 : Clock region assignment statistics:
RUN-1001 : Clock Region s_0_l [0,0][23,39]; Utilization: 2 out of 12
RUN-1001 : -----------------------------------------------------------------------------------------------------------------------------------------------------------------------------------------------------
RUN-1001 :   Bank  |                             Leading Clock                              |       Type        |                               Buffer                               |  Regional Clock Fanouts  
RUN-1001 : -----------------------------------------------------------------------------------------------------------------------------------------------------------------------------------------------------
RUN-1001 :    1    |  u_video/u_pll/u_output/ph1p_phy_pll_wrapper_25a56e5ce2f9_Inst/refclk  |  (infered sclk)   |   u_video/u_pll/u_ref/bufg_feedback_auto_created_sclk_s_0_l_bk1    |            1             
RUN-1001 :    2    |                             u_video/pixel                              |  (infered sclk)   |  u_video/u_pll/u_output/bufg_feedback_auto_created_sclk_s_0_l_bk2  |            6             
RUN-1001 : -----------------------------------------------------------------------------------------------------------------------------------------------------------------------------------------------------
RUN-1001 : Clock Region s_0_r [24,0][47,39]; Utilization: 2 out of 12
RUN-1001 : ----------------------------------------------------------------------------------------------------------------------------------------------------------------------------------------------------------
RUN-1001 :   Bank  |                    Leading Clock                    |       Type        |                                           Buffer                                           |  Regional Clock Fanouts  
RUN-1001 : ----------------------------------------------------------------------------------------------------------------------------------------------------------------------------------------------------------
RUN-1001 :    1    |                    u_video/pixel                    |  (infered sclk)   |              u_video/u_pll/u_output/bufg_feedback_auto_created_sclk_s_0_r_bk1              |            32            
RUN-1001 :    2    |  u_video/u_phy/u0_lane_lvds_8_1/I_serial_clk_syn_1  |  (infered sclk)   |  u_video/u_phy/u0_lane_lvds_8_1/I_serial_clk_created_gclkinst_auto_created_sclk_s_0_r_bk2  |            23            
RUN-1001 : ----------------------------------------------------------------------------------------------------------------------------------------------------------------------------------------------------------
RUN-1001 : Clock Region s_1_r [24,40][43,79]; Utilization: 2 out of 12
RUN-1001 : ----------------------------------------------------------------------------------------------------------------------------------------------------------------------------------------------------------
RUN-1001 :   Bank  |                    Leading Clock                    |       Type        |                                           Buffer                                           |  Regional Clock Fanouts  
RUN-1001 : ----------------------------------------------------------------------------------------------------------------------------------------------------------------------------------------------------------
RUN-1001 :    1    |  u_video/u_phy/u0_lane_lvds_8_1/I_serial_clk_syn_1  |  (infered sclk)   |  u_video/u_phy/u0_lane_lvds_8_1/I_serial_clk_created_gclkinst_auto_created_sclk_s_1_r_bk1  |            13            
RUN-1001 :    2    |                    u_video/pixel                    |  (infered sclk)   |              u_video/u_pll/u_output/bufg_feedback_auto_created_sclk_s_1_r_bk2              |            2             
RUN-1001 : ----------------------------------------------------------------------------------------------------------------------------------------------------------------------------------------------------------
PHY-1001 : Populate physical database on model positive_fhd30_top.
PHY-1001 : Route runs in 20 thread(s)
RUN-1001 : There are total 130 instances
RUN-1001 : 0 mslices, 88 lslices, 8 pads, 0 brams, 0 dsps
RUN-1001 : There are total 193 nets
RUN-1001 : 117 nets have 2 pins
RUN-1001 : 49 nets have [3 - 5] pins
RUN-1001 : 14 nets have [6 - 10] pins
RUN-1001 : 5 nets have [11 - 20] pins
RUN-1001 : 8 nets have [21 - 99] pins
RUN-1002 : start command "start_timer"
PHY-1001 : 0 mslices, 88 lslices, 8 pads, 0 brams, 0 dsps

PHY-1001 : Stage 1 | Global Routing
PHY-1001 : Start global routing, caller is route ...
RUN-1001 : Generating global routing grids ...
PHY-1001 : Generate routing nets ...
RUN-1001 : Generate nets statistics:
RUN-1001 : ---------------------------
RUN-1001 :        Type       |  Nets  
RUN-1001 : ---------------------------
RUN-1001 :   TotalRouteNets  |  147   
RUN-1001 :   DontRouteNets   |   66   
RUN-1001 :     RouteNets     |   81   
RUN-1001 :     RouteSinks    |  142   
RUN-1001 : ---------------------------
PHY-1001 : Global iterations in 20 thread ...
PHY-1002 : len = 12576, over cnt = 5(0%), over = 12, worst = 5
PHY-1002 : len = 12896, over cnt = 1(0%), over = 1, worst = 1
PHY-1002 : len = 12928, over cnt = 0(0%), over = 0, worst = 0
PHY-1001 : End global iterations;  0.015490s wall, 0.015625s user + 0.000000s system = 0.015625s CPU (100.9%)

PHY-1001 : Congestion index:
PHY-1001 : top1  = 11.88(S 3.75, N 6.45, E 9.95, W 6.52, I 8.06, O 10.86)
PHY-1001 : top5  = 4.36(S 0.75, N 1.69, E 2.83, W 1.44, I 1.60, O 2.15)
PHY-1001 : top10 = 2.18(S 0.38, N 0.84, E 1.42, W 0.72, I 0.80, O 1.07)
PHY-1001 : top15 = 1.45(S 0.25, N 0.56, E 0.94, W 0.48, I 0.53, O 0.72)
PHY-1001 : End global routing;  0.042054s wall, 0.046875s user + 0.000000s system = 0.046875s CPU (111.5%)

PHY-1001 : End Stage 1 | Global Routing; Time: 0.042143s wall, 0.046875s user + 0.000000s system = 0.046875s CPU (111.2%); Memory(MB): used = 410, reserved = 524, peak = 410;

PHY-1001 : Stage 2 | Detail Routing
PHY-1001 : Stage 2.1 | Build Routing Design
PHY-1001 : Routing in high effort: false
PHY-1001 : Routing Mode: normal
PHY-1001 : Generate detailed routing grids ...
RUN-1001 : Constructing routing connections ...
PHY-1001 : End build routing graph; 4.165870s wall, 20.765625s user + 0.250000s system = 21.015625s CPU (504.5%)

PHY-1001 : Generate nets ...
RUN-1001 : Generate nets statistics:
RUN-1001 : -----------------------------
RUN-1001 :         Type        |  Nets  
RUN-1001 : -----------------------------
RUN-1001 :        Route        |  164   
RUN-1001 :      DontRoute      |   29   
RUN-1001 :      RouteSinks     |  562   
RUN-1001 :   RouteEntitySinks  |   0    
RUN-1001 :       Lut2Dff       |   0    
RUN-1001 :       Ram2Dff       |   0    
RUN-1001 :      Carry2Dff      |   0    
RUN-1001 : -----------------------------
RUN-1001 : DR clock net summary:
RUN-1001 : ---------------------------------------------------------------------------------------------------
RUN-1001 :   Net Idx  |                                Net Name                                |  Clock Type  
RUN-1001 : ---------------------------------------------------------------------------------------------------
RUN-1001 :      1     |                            I_sys_clk_dup_1                             |    Normal    
RUN-1001 :      2     |                             u_video/pixel                              |    Normal    
RUN-1001 :      3     |              u_video/u_phy/u0_lane_lvds_8_1/I_serial_clk               |    Normal    
RUN-1001 :      4     |           u_video/u_phy/u0_lane_lvds_8_1/I_serial_clk_syn_1            |    Normal    
RUN-1001 :      5     |                    u_video/u_pll/u_output/clk0_buf                     |    Normal    
RUN-1001 :      6     |  u_video/u_pll/u_output/ph1p_phy_pll_wrapper_25a56e5ce2f9_Inst/refclk  |    Normal    
RUN-1001 :      7     |                      u_video/u_pll/u_ref/clk0_buf                      |    Normal    
RUN-1001 : ---------------------------------------------------------------------------------------------------
RUN-1001 : DR clock buffer summary:
RUN-1001 : ----------------------------------------------------------------------------------------------------
RUN-1001 :   Idx  |                                            Name                                            
RUN-1001 : ----------------------------------------------------------------------------------------------------
RUN-1001 :    1   |               u_video/u_pll/u_ref/bufg_feedback_auto_created_sclk_s_0_l_bk1                
RUN-1001 :    2   |              u_video/u_pll/u_output/bufg_feedback_auto_created_sclk_s_0_l_bk2              
RUN-1001 :    3   |              u_video/u_pll/u_output/bufg_feedback_auto_created_sclk_s_0_r_bk1              
RUN-1001 :    4   |  u_video/u_phy/u0_lane_lvds_8_1/I_serial_clk_created_gclkinst_auto_created_sclk_s_0_r_bk2  
RUN-1001 :    5   |  u_video/u_phy/u0_lane_lvds_8_1/I_serial_clk_created_gclkinst_auto_created_sclk_s_1_r_bk1  
RUN-1001 :    6   |              u_video/u_pll/u_output/bufg_feedback_auto_created_sclk_s_1_r_bk2              
RUN-1001 : ----------------------------------------------------------------------------------------------------
PHY-1001 : End Stage 2.1 | Build Routing Design; Time: 4.202126s wall, 20.781250s user + 0.250000s system = 21.031250s CPU (500.5%); Memory(MB): used = 702, reserved = 688, peak = 702;

RUN-1001 : Top Percentage Crit. Net Stat.
RUN-1001 : -------------------------------------------------------
RUN-1001 :   Top %  |  Net Count  |  Avg. Fanout  |  Avg. Slack   
RUN-1001 : -------------------------------------------------------
RUN-1001 :     1    |      1      |   1.000000    |  939.000000   
RUN-1001 :     2    |      3      |   2.000000    |  1096.666667  
RUN-1001 :     3    |      5      |   2.200000    |  1243.800000  
RUN-1001 :     4    |      7      |   4.571429    |  1316.714286  
RUN-1001 :     5    |      9      |   3.777778    |  1359.222222  
RUN-1001 :     6    |     11      |   3.272727    |  1388.272727  
RUN-1001 :     7    |     13      |   3.076923    |  1414.461538  
RUN-1001 :     8    |     15      |   2.866667    |  1436.000000  
RUN-1001 :     9    |     17      |   2.764706    |  1455.764706  
RUN-1001 :    10    |     19      |   2.631579    |  1472.789474  
RUN-1001 : -------------------------------------------------------
PHY-1001 : Stage 2.2 | Tile Base Routing
PHY-1001 : 9 nets need to preroute.
PHY-1001 : len = 0, over cnt = 0(0%), over = 0, worst = 0, crit = 0
PHY-1001 : End Stage 2.2 | Tile Base Routing; Time: 0.042736s wall, 0.031250s user + 0.000000s system = 0.031250s CPU (73.1%); Memory(MB): used = 703, reserved = 689, peak = 703;

PHY-1001 : Stage 2.3 | Clock Nets Routing
PHY-1001 : Routed 7% nets.
PHY-1001 : len = 20160, over cnt = 0(0%), over = 0, worst = 0, crit = 0
PHY-1001 : End Stage 2.3 | Clock Nets Routing; Time: 0.196240s wall, 0.109375s user + 0.000000s system = 0.109375s CPU (55.7%); Memory(MB): used = 708, reserved = 694, peak = 708;

PHY-1001 : Stage 2.4 | Routing Initialization
PHY-1001 : Mark 1% net(place mode slack < 939ps) as critical nets.
PHY-1001 : Stage 2.4.1 | Normal Nets Routing

PHY-1001 : Routed 79% nets.
PHY-1001 : len = 35808, over cnt = 36(0%), over = 37, worst = 2, crit = 0
PHY-1001 : End Stage 2.4.1 | Normal Nets Routing; Time: 0.229641s wall, 0.187500s user + 0.015625s system = 0.203125s CPU (88.5%); Memory(MB): used = 724, reserved = 711, peak = 724;

PHY-1001 : Stage 2.4.2 | Update Timing
RUN-1002 : start command "start_timer"
PHY-1001 : 0/147(0%) critical/total net(s).
PHY-1001 : Setup: WNS(ns) = 0.334, TNS(ns) = 0.000, FEP = 0 | Hold: WNS(ns) = -0.070, TNS(ns) = -0.785, FEP = 17.
PHY-1001 : End Stage 2.4.2 | Update Timing; Time: 0.232042s wall, 0.234375s user + 0.000000s system = 0.234375s CPU (101.0%); Memory(MB): used = 725, reserved = 711, peak = 725;

PHY-1001 : Stage 2.4.3 | Deskew Clock Tree
RUN-1001 : Deskew Summary
RUN-1001 : -------------------------------------------------------------------------------------------------------------------
RUN-1001 :                                          Clock                                          |  Pre-Skew  |  Post-Skew  
RUN-1001 : -------------------------------------------------------------------------------------------------------------------
RUN-1001 :   u_video/u_pll/u_output/ph1p_phy_pll_wrapper_25a56e5ce2f9_Inst/u_PH1P_PHY_PLL.clkc[1]  |     26     |     26      
RUN-1001 :   u_video/u_pll/u_output/ph1p_phy_pll_wrapper_25a56e5ce2f9_Inst/u_PH1P_PHY_PLL.clkc[0]  |     28     |     28      
RUN-1001 : -------------------------------------------------------------------------------------------------------------------
PHY-1001 : 0/147(0%) critical/total net(s).
PHY-1001 : Setup: WNS(ns) = 0.334, TNS(ns) = 0.000, FEP = 0 | Hold: WNS(ns) = -0.070, TNS(ns) = -0.785, FEP = 17.
PHY-1001 : End Stage 2.4.3 | Deskew Clock Tree; Time: 0.184432s wall, 0.187500s user + 0.000000s system = 0.187500s CPU (101.7%); Memory(MB): used = 726, reserved = 712, peak = 726;

PHY-1001 : End Stage 2.4 | Routing Initialization; Time: 0.654269s wall, 0.609375s user + 0.015625s system = 0.625000s CPU (95.5%); Memory(MB): used = 726, reserved = 712, peak = 726;

PHY-1001 : Stage 2.5 | Routing Optimization
PHY-1001 : Build lut bridge;  0.041351s wall, 0.031250s user + 0.000000s system = 0.031250s CPU (75.6%)

PHY-1001 : Stage 2.5.1 | Phase 1
PHY-1001 : Stage 2.5.1.1 | Hold TimeOptimization
PHY-1001 : Iter 0; Processed 16 pins with HWNS -0.052ns HTNS -0.384ns FEP 8 took 0.0160653 seconds.
PHY-1001 : Iter 1; Processed 18 pins with HWNS 0.021ns HTNS 0.000ns FEP 0 took 0.0038048 seconds.
PHY-1001 : len = 36304, over cnt = 34(0%), over = 35, worst = 2, crit = 0
PHY-1001 : End Stage 2.5.1.1 | Hold TimeOptimization; Time: 0.028661s wall, 0.015625s user + 0.000000s system = 0.015625s CPU (54.5%); Memory(MB): used = 764, reserved = 750, peak = 764;

PHY-1001 : Stage 2.5.1.2 | High Fanout Nets Optimization
PHY-1001 : High fanout net optimize summary:
PHY-1001 : Process 0 nets and 0 pins with SWNS 0.301ns STNS 0.000ns FEP 0.
PHY-1001 : len = 36304, over cnt = 34(0%), over = 35, worst = 2, crit = 0
PHY-1001 : End Stage 2.5.1.2 | High Fanout Nets Optimization; Time: 0.010006s wall, 0.015625s user + 0.000000s system = 0.015625s CPU (156.2%); Memory(MB): used = 764, reserved = 750, peak = 764;

PHY-1001 : Stage 2.5.1.3 | Setup TimeOptimization
PHY-1001 : len = 36304, over cnt = 34(0%), over = 35, worst = 2, crit = 0
PHY-1001 : End Stage 2.5.1.3 | Setup TimeOptimization; Time: 0.011433s wall, 0.015625s user + 0.000000s system = 0.015625s CPU (136.7%); Memory(MB): used = 764, reserved = 750, peak = 764;

PHY-1001 : Stage 2.5.1.4 | Rip-up And ReRoute
PHY-0007 : Congestion: {14.77, 5.70, 2.85, 1.90}; Timing: {0.301ns, 0.000ns, 0}
PHY-1001 : Iter 1: len = 36640, over cnt = 4(0%), over = 4, worst = 1, crit = 0, time(s) = 0.03
PHY-1001 : Iter 2: len = 36640, over cnt = 2(0%), over = 2, worst = 1, crit = 0, time(s) = 0.02
PHY-1001 : Iter 3: len = 36640, over cnt = 2(0%), over = 2, worst = 1, crit = 0, time(s) = 0.02
PHY-1001 : Iter 4: len = 36672, over cnt = 0(0%), over = 0, worst = 0, crit = 0, time(s) = 0.02
PHY-1001 : Commit 113 pin swap with 0 error; 0.021788s wall, 0.015625s user + 0.000000s system = 0.015625s CPU (71.7%)

PHY-1001 : Update congestion ...
PHY-1001 : Congestion index:
PHY-1001 : top1  = 15.92(S 7.03, N 9.17, E 10.36, W 9.13, I 8.06, O 10.86)
PHY-1001 : top5  = 6.24(S 1.39, N 2.40, E 3.22, W 1.99, I 1.60, O 2.15)
PHY-1001 : top10 = 3.12(S 0.70, N 1.20, E 1.61, W 1.00, I 0.80, O 1.07)
PHY-1001 : top15 = 2.08(S 0.46, N 0.80, E 1.07, W 0.66, I 0.53, O 0.72)
PHY-1001 : End update congestion; 0.013018s wall, 0.015625s user + 0.000000s system = 0.015625s CPU (120.0%)

PHY-1001 : End Stage 2.5.1.4 | Rip-up And ReRoute; Time: 0.160660s wall, 0.109375s user + 0.015625s system = 0.125000s CPU (77.8%); Memory(MB): used = 767, reserved = 753, peak = 767;

PHY-1001 : Stage 2.5.1.5 | Update Timing
RUN-1002 : start command "start_timer"
PHY-1001 : 0/147(0%) critical/total net(s).
PHY-1001 : Setup: WNS(ns) = 0.063, TNS(ns) = 0.000, FEP = 0 | Hold: WNS(ns) = -0.031, TNS(ns) = -0.031, FEP = 1.
PHY-1001 : End Stage 2.5.1.5 | Update Timing; Time: 0.148428s wall, 0.140625s user + 0.015625s system = 0.156250s CPU (105.3%); Memory(MB): used = 767, reserved = 753, peak = 767;

PHY-1001 : Stage 2.5.1.6 | Commit Data
PHY-1001 : Commit better result to database ...
PHY-1001 : End Stage 2.5.1.6 | Commit Data; Time: 0.001249s wall, 0.000000s user + 0.000000s system = 0.000000s CPU (n/a%); Memory(MB): used = 767, reserved = 753, peak = 767;

PHY-1001 : End Stage 2.5.1 | Phase 1; Time: 0.512352s wall, 0.562500s user + 0.031250s system = 0.593750s CPU (115.9%); Memory(MB): used = 767, reserved = 753, peak = 767;

PHY-1001 : Stage 2.5.2 | Phase 2
PHY-1001 : Stage 2.5.2.1 | Hold TimeOptimization
PHY-1001 : Iter 0; Processed 4 pins with HWNS 0.021ns HTNS 0.000ns FEP 0 took 0.0032694 seconds.
PHY-1001 : len = 36864, over cnt = 0(0%), over = 0, worst = 0, crit = 0
PHY-1001 : End Stage 2.5.2.1 | Hold TimeOptimization; Time: 0.013238s wall, 0.015625s user + 0.000000s system = 0.015625s CPU (118.0%); Memory(MB): used = 767, reserved = 753, peak = 767;

PHY-1001 : Stage 2.5.2.2 | High Fanout Nets Optimization
PHY-1001 : High fanout net optimize summary:
PHY-1001 : Process 0 nets and 0 pins with SWNS -0.059ns STNS -0.098ns FEP 2.
PHY-1001 : len = 36864, over cnt = 0(0%), over = 0, worst = 0, crit = 0
PHY-1001 : End Stage 2.5.2.2 | High Fanout Nets Optimization; Time: 0.011137s wall, 0.015625s user + 0.000000s system = 0.015625s CPU (140.3%); Memory(MB): used = 767, reserved = 753, peak = 767;

PHY-1001 : Stage 2.5.2.3 | Setup TimeOptimization
PHY-1001 : Start to optimize setup violation with net base ...
PHY-1001 : Iter 1; Processed 3 pins with SWNS 0.334ns STNS 0.000ns FEP 0 took 0.0032968 seconds.
PHY-1001 : len = 36768, over cnt = 4(0%), over = 4, worst = 1, crit = 0
PHY-1001 : End Stage 2.5.2.3 | Setup TimeOptimization; Time: 0.012604s wall, 0.015625s user + 0.000000s system = 0.015625s CPU (124.0%); Memory(MB): used = 767, reserved = 753, peak = 767;

PHY-1001 : Stage 2.5.2.4 | Rip-up And ReRoute
PHY-1001 : Iter 1: len = 36768, over cnt = 0(0%), over = 0, worst = 0, crit = 0, time(s) = 0.01
PHY-1001 : Update congestion ...
PHY-1001 : Congestion index:
PHY-1001 : top1  = 16.18(S 7.17, N 9.17, E 10.69, W 9.13, I 8.06, O 10.86)
PHY-1001 : top5  = 6.30(S 1.42, N 2.42, E 3.32, W 1.99, I 1.60, O 2.15)
PHY-1001 : top10 = 3.15(S 0.71, N 1.21, E 1.66, W 1.00, I 0.80, O 1.07)
PHY-1001 : top15 = 2.10(S 0.47, N 0.81, E 1.11, W 0.66, I 0.53, O 0.72)
PHY-1001 : End update congestion; 0.011488s wall, 0.000000s user + 0.000000s system = 0.000000s CPU (n/a%)

PHY-1001 : End Stage 2.5.2.4 | Rip-up And ReRoute; Time: 0.055526s wall, 0.078125s user + 0.000000s system = 0.078125s CPU (140.7%); Memory(MB): used = 767, reserved = 753, peak = 767;

PHY-1001 : Stage 2.5.2.5 | Update Timing
PHY-1001 : 0/147(0%) critical/total net(s).
PHY-1001 : Setup: WNS(ns) = 0.334, TNS(ns) = 0.000, FEP = 0 | Hold: WNS(ns) = -0.031, TNS(ns) = -0.031, FEP = 1.
PHY-1001 : End Stage 2.5.2.5 | Update Timing; Time: 0.002898s wall, 0.000000s user + 0.000000s system = 0.000000s CPU (n/a%); Memory(MB): used = 767, reserved = 753, peak = 767;

PHY-1001 : Stage 2.5.2.6 | Commit Data
PHY-1001 : Commit better result to database ...
PHY-1001 : End Stage 2.5.2.6 | Commit Data; Time: 0.000339s wall, 0.000000s user + 0.000000s system = 0.000000s CPU (n/a%); Memory(MB): used = 767, reserved = 753, peak = 767;

PHY-1001 : End Stage 2.5.2 | Phase 2; Time: 0.100774s wall, 0.140625s user + 0.000000s system = 0.140625s CPU (139.5%); Memory(MB): used = 767, reserved = 753, peak = 767;

PHY-1001 : End Stage 2.5 | Routing Optimization; Time: 0.815676s wall, 0.984375s user + 0.031250s system = 1.015625s CPU (124.5%); Memory(MB): used = 767, reserved = 753, peak = 767;

PHY-1001 : Stage 2.6 | Multi-try route Optimization
PHY-1001 : End Stage 2.6 | Multi-try route Optimization; Time: 0.000284s wall, 0.000000s user + 0.000000s system = 0.000000s CPU (n/a%); Memory(MB): used = 767, reserved = 753, peak = 767;

PHY-1003 : Routed, final wirelength = 36768
RUN-1001 : Clock region assignment statistics:
PHY-1001 : Sector 0, clock routing of x0y19_clk_auto_gnd.fbclk[0,39] is not in assigned region.
RUN-1001 : Clock Region s_0_l [0,0][23,39]; Utilization: 3 out of 12
RUN-1001 : ----------------------------------------------------------------------------------------------------------------------------------------------------------------------------------------------------------------------------------------------------------------------
RUN-1001 :   Bank  |                             Assigned Clock                             |                              Route Clock                               |  Marking  |                               Buffer                               |  Regional Clock Fanouts  
RUN-1001 : ----------------------------------------------------------------------------------------------------------------------------------------------------------------------------------------------------------------------------------------------------------------------
RUN-1001 :    1    |  u_video/u_pll/u_output/ph1p_phy_pll_wrapper_25a56e5ce2f9_Inst/refclk  |  u_video/u_pll/u_output/ph1p_phy_pll_wrapper_25a56e5ce2f9_Inst/refclk  |           |   u_video/u_pll/u_ref/bufg_feedback_auto_created_sclk_s_0_l_bk1    |            1             
RUN-1001 :    2    |                             u_video/pixel                              |                             u_video/pixel                              |           |  u_video/u_pll/u_output/bufg_feedback_auto_created_sclk_s_0_l_bk2  |            6             
RUN-1001 :    11   |                                   -                                    |                           x0y19_clk_auto_gnd                           |     +     |                                 -                                  |            0             
RUN-1001 : ----------------------------------------------------------------------------------------------------------------------------------------------------------------------------------------------------------------------------------------------------------------------
RUN-1001 : Clock Region s_0_r [24,0][47,39]; Utilization: 2 out of 12
RUN-1001 : --------------------------------------------------------------------------------------------------------------------------------------------------------------------------------------------------------------------------------------------------------
RUN-1001 :   Bank  |                   Assigned Clock                    |                     Route Clock                     |  Marking  |                                           Buffer                                           |  Regional Clock Fanouts  
RUN-1001 : --------------------------------------------------------------------------------------------------------------------------------------------------------------------------------------------------------------------------------------------------------
RUN-1001 :    1    |                    u_video/pixel                    |                    u_video/pixel                    |           |              u_video/u_pll/u_output/bufg_feedback_auto_created_sclk_s_0_r_bk1              |            32            
RUN-1001 :    2    |  u_video/u_phy/u0_lane_lvds_8_1/I_serial_clk_syn_1  |  u_video/u_phy/u0_lane_lvds_8_1/I_serial_clk_syn_1  |           |  u_video/u_phy/u0_lane_lvds_8_1/I_serial_clk_created_gclkinst_auto_created_sclk_s_0_r_bk2  |            23            
RUN-1001 : --------------------------------------------------------------------------------------------------------------------------------------------------------------------------------------------------------------------------------------------------------
PHY-1001 : Sector 3, clock routing of x43y59_clk_auto_gnd.fbclk[43,79] is not in assigned region.
RUN-1001 : Clock Region s_1_r [24,40][43,79]; Utilization: 3 out of 12
RUN-1001 : --------------------------------------------------------------------------------------------------------------------------------------------------------------------------------------------------------------------------------------------------------
RUN-1001 :   Bank  |                   Assigned Clock                    |                     Route Clock                     |  Marking  |                                           Buffer                                           |  Regional Clock Fanouts  
RUN-1001 : --------------------------------------------------------------------------------------------------------------------------------------------------------------------------------------------------------------------------------------------------------
RUN-1001 :    1    |  u_video/u_phy/u0_lane_lvds_8_1/I_serial_clk_syn_1  |  u_video/u_phy/u0_lane_lvds_8_1/I_serial_clk_syn_1  |           |  u_video/u_phy/u0_lane_lvds_8_1/I_serial_clk_created_gclkinst_auto_created_sclk_s_1_r_bk1  |            13            
RUN-1001 :    2    |                    u_video/pixel                    |                    u_video/pixel                    |           |              u_video/u_pll/u_output/bufg_feedback_auto_created_sclk_s_1_r_bk2              |            2             
RUN-1001 :    12   |                          -                          |                 x43y59_clk_auto_gnd                 |     +     |                                             -                                              |            0             
RUN-1001 : --------------------------------------------------------------------------------------------------------------------------------------------------------------------------------------------------------------------------------------------------------
RUN-1002 : start command "export_db positive_fhd30_pr.db"
RUN-1001 : Exported flow parameters
RUN-1001 : Exported /
RUN-1001 : Exported libs
RUN-1001 : Exported entities
RUN-1001 : Exported ports
RUN-1001 : Exported pins
RUN-1001 : Exported instances
RUN-1001 : Exported nets
RUN-1001 : Exported buses
RUN-1001 : Exported models
RUN-1001 : Exported phy database
RUN-1001 : Exported packer
RUN-1001 : Exported congestions
RUN-1001 : Exported violations
RUN-1001 : Exported ATMR Setting
RUN-1001 : Exported timing constraints
RUN-1001 : Exported IO constraints
RUN-1001 : Exported Inst constraints
RUN-1001 : Exported ChipWatcher
PHY-1001 : Current memory(MB): used = 771, reserved = 890, peak = 771.
PHY-1001 : End export database. 0.081197s wall, 0.031250s user + 0.000000s system = 0.031250s CPU (38.5%)

PHY-1001 : End detail routing;  6.149302s wall, 22.656250s user + 0.312500s system = 22.968750s CPU (373.5%)

PHY-1001 : End Stage 2 | Detail Routing; Time: 6.150345s wall, 22.656250s user + 0.312500s system = 22.968750s CPU (373.5%); Memory(MB): used = 771, reserved = 890, peak = 771;

RUN-1002 : start command "fix_hold"

PHY-1001 : Stage 3 | Hold Fix
PHY-1001 : Stage 3.1 | Load Design Data
PHY-1034 : Refresh detailed routing grids ...
PHY-1001 : Generate nets ...
PHY-1001 : eco open net = 0
PHY-1001 : End Stage 3.1 | Load Design Data; Time: 0.026653s wall, 0.093750s user + 0.015625s system = 0.109375s CPU (410.4%); Memory(MB): used = 771, reserved = 890, peak = 771;

PHY-1001 : Stage 3.2 | Hold Fix Optimization
RUN-1002 : start command "start_timer"
PHY-1001 : Timing info: SWNS 0.334ns | STNS 0.000ns | HWNS -0.031ns | HTNS -0.031ns.
PHY-1001 : Processing hold violation on 3 end-point, worst slack = -31ps, best slack = 12ps.
PHY-1001 : End timing refresh.  0.129725s wall, 0.125000s user + 0.000000s system = 0.125000s CPU (96.4%)

PHY-1001 : Stage 3.2.1 | Phase 1
PHY-1001 : Stage 3.2.1.1 | Hold Fix By LutBridge
PHY-1001 : len = 36800, over cnt = 0(0%), over = 0, worst = 0, crit = 0
PHY-1001 : Bridge count = 0; unresolved count = 0.
PHY-1001 : 0 out of 2 ((0.00)%) EP fixed by LB.
PHY-1001 : End Stage 3.2.1.1 | Hold Fix By LutBridge; Time: 0.010567s wall, 0.015625s user + 0.000000s system = 0.015625s CPU (147.9%); Memory(MB): used = 771, reserved = 890, peak = 771;

PHY-1001 : Timing info: SWNS 0.334ns | STNS 0.000ns | HWNS 0.030ns | HTNS 0.000ns.
PHY-1001 : End timing refresh.  0.000382s wall, 0.000000s user + 0.000000s system = 0.000000s CPU (n/a%)

PHY-1001 : End Stage 3.2.1 | Phase 1; Time: 0.011204s wall, 0.015625s user + 0.000000s system = 0.015625s CPU (139.5%); Memory(MB): used = 771, reserved = 890, peak = 771;

PHY-1001 : End Stage 3.2 | Hold Fix Optimization; Time: 0.141332s wall, 0.140625s user + 0.000000s system = 0.140625s CPU (99.5%); Memory(MB): used = 771, reserved = 890, peak = 771;

PHY-1001 : End Stage 3 | Hold Fix; Time: 0.187175s wall, 0.250000s user + 0.015625s system = 0.265625s CPU (141.9%); Memory(MB): used = 771, reserved = 890, peak = 771;

PHY-1001 : Stage 4 | Report Route Qor
RUN-1002 : start command "report_qor -step route -file route.qor"
RUN-1002 : start command "start_timer"
TMR-2502 : Net delay update with mode: Routed
-----------------------------------------------------------
| QoR metrics               |         value               |
-----------------------------------------------------------
| Timing                    |                             |
|     Setup WNS             |          334                |
|     Setup TNS             |            0                |
|     Num of violated S-EP  |            0                |
|     Hold WNS              |           30                |
|     Hold TNS              |            0                |
|     Num of violated H-EP  |            0                |
-----------------------------------------------------------
| Routing Resource          |                             |
|     Wire length           |        36800                |
-----------------------------------------------------------
| Utilization               |                             |
|     #slices               |           88                |
|     slices percentage     |        0.41%                |
|     #RAMs                 |            0                |
|     #DSPs                 |            0                |
|     #DRAMHARDCON          |            0                |
-----------------------------------------------------------
Report route stage QoR done.

RUN-1002 : start command "update_timing -mode final"
RUN-1002 : start command "start_timer"
RUN-1002 : start command "report_timing_summary -file final_timing.rpt"
OPT-1001 : QoR tracer report on route step:
    SWNS [   incr ]    STNS [   incr ]  S-FEPS [   incr ]    HWNS [   incr ]      HTNS [     incr ]    H-FEPS [     incr ]    CELL [   incr ]      WL [   incr ]   RT(s) [   incr ]   MEM(mb) [     incr ]
     334 [      0 ]       0 [      0 ]       0 [      0 ]     -70 [      0 ]      -785 [        0 ]        17 [        0 ]     130 [      0 ]   35808 [      0 ]       5 [      0 ]       726 [        0 ] : dr_initialization
     301 [    -33 ]       0 [      0 ]       0 [      0 ]      21 [     91 ]         0 [      785 ]         0 [      -17 ]     130 [      0 ]   36304 [    496 ]       5 [      0 ]       764 [       38 ] : dr_timing_opt_phase1
      63 [   -238 ]       0 [      0 ]       0 [      0 ]     -31 [    -52 ]       -31 [      -31 ]         1 [        1 ]     130 [      0 ]   36672 [    368 ]       5 [      0 ]       767 [        3 ] : dr_opt_phase1
     334 [    271 ]       0 [      0 ]       0 [      0 ]     -31 [      0 ]       -31 [        0 ]         1 [        0 ]     130 [      0 ]   36768 [     96 ]       5 [      0 ]       767 [        0 ] : dr_timing_opt_phase2
     334 [      0 ]       0 [      0 ]       0 [      0 ]     -31 [      0 ]       -31 [        0 ]         1 [        0 ]     130 [      0 ]   36768 [      0 ]       6 [      1 ]       767 [        0 ] : dr_opt_phase2
     334 [      0 ]       0 [      0 ]       0 [      0 ]     -31 [      0 ]       -31 [        0 ]         1 [        0 ]     130 [      0 ]   36768 [      0 ]       6 [      0 ]       767 [        0 ] : multi_try_opt
     334 [      0 ]       0 [      0 ]       0 [      0 ]      30 [     61 ]         0 [       31 ]         0 [       -1 ]     130 [      0 ]   36800 [     32 ]       6 [      0 ]       771 [        4 ] : fix_hold_opt

PHY-1001 : End Stage 4 | Report Route Qor; Time: 0.295738s wall, 0.296875s user + 0.000000s system = 0.296875s CPU (100.4%); Memory(MB): used = 771, reserved = 890, peak = 771;

PHY-1001 : Stage 5 | Design Rule Check
PHY-1001 : Stage 5.1 | Check And Add Lut-bridge
PHY-1001 : End Stage 5.1 | Check And Add Lut-bridge; Time: 0.000628s wall, 0.000000s user + 0.000000s system = 0.000000s CPU (n/a%); Memory(MB): used = 771, reserved = 890, peak = 771;

PHY-1001 : Stage 5.2 | Lut Bridge Check
PHY-1001 : End Stage 5.2 | Lut Bridge Check; Time: 0.001604s wall, 0.000000s user + 0.000000s system = 0.000000s CPU (n/a%); Memory(MB): used = 771, reserved = 890, peak = 771;

PHY-1001 : Stage 5.3 | Pin swap Check
PHY-1001 : End Stage 5.3 | Pin swap Check; Time: 0.000204s wall, 0.000000s user + 0.000000s system = 0.000000s CPU (n/a%); Memory(MB): used = 771, reserved = 890, peak = 771;

PHY-1001 : Stage 5.4 | Physical Net Status Check
PHY-1001 : End Stage 5.4 | Physical Net Status Check; Time: 0.000283s wall, 0.000000s user + 0.000000s system = 0.000000s CPU (n/a%); Memory(MB): used = 771, reserved = 890, peak = 771;

PHY-1001 : Start multi-drive drc check......
PHY-1001 : No multi-drive.
PHY-1001 : Stage 5.5 | Clock Net Status Check
PHY-1001 : All clock nets do not utilize local routing resource.
PHY-1001 : End Stage 5.5 | Clock Net Status Check; Time: 0.000276s wall, 0.000000s user + 0.000000s system = 0.000000s CPU (n/a%); Memory(MB): used = 771, reserved = 890, peak = 771;

PHY-1001 : Stage 5.6 | Abnormal Timing Path check
PHY-1001 : No abnormal timing path.
PHY-1001 : End Stage 5.6 | Abnormal Timing Path check; Time: 0.001188s wall, 0.000000s user + 0.000000s system = 0.000000s CPU (n/a%); Memory(MB): used = 771, reserved = 890, peak = 771;

PHY-1001 : Stage 5.7 | Bound Check
PHY-1001 : Check Pass.
PHY-1001 : End Stage 5.7 | Bound Check; Time: 0.000095s wall, 0.000000s user + 0.000000s system = 0.000000s CPU (n/a%); Memory(MB): used = 771, reserved = 890, peak = 771;

PHY-1001 : End Stage 5 | Design Rule Check; Time: 0.032745s wall, 0.015625s user + 0.000000s system = 0.015625s CPU (47.7%); Memory(MB): used = 771, reserved = 890, peak = 771;

RUN-1003 : finish command "route" in  6.813439s wall, 23.328125s user + 0.328125s system = 23.656250s CPU (347.2%)

RUN-1004 : used memory is 771 MB, reserved memory is 890 MB, peak memory is 771 MB
RUN-1002 : start command "report_area -io_info -file positive_fhd30_phy.area"
SYN-4034 : The count of slices with lut is 66.
SYN-4035 : The count of slices with lut+ripple is 12.
RUN-1001 : standard
***Report Model: positive_fhd30_top Device: PH1P35MDG324***

Design Statistics
#IO                         6   out of    160    3.75%
  #input                    2
  #output                   4
  #inout                    0
#lut6                      78   out of  21216    0.37%
#reg                      103
  #slice reg              103   out of  42432    0.24%
  #pad reg                  0

Utilization Statistics
#slice                     88   out of  21216    0.41%
  #used ram                 0
    #dram lut               0
    #shifter lut            0
  #used logic              88
    #with luts             66
    #with adder            12
    #reg only              10
#feedthrough               22
#f7mux                      0   out of  10608    0.00%
#f8mux                      0   out of   5304    0.00%
#eram                       0   out of    108    0.00%
  #eram20k                  0
  #fifo20k                  0
#dsp                        0   out of     40    0.00%
#ddr_byte                   0   out of     12    0.00%
#mipi_tx                    0   out of      2    0.00%
#mipi_rx                    0   out of      2    0.00%
#pad                       10   out of    160    6.25%
#pll                        2   out of      6   33.33%
#gclk                       3   out of     32    9.38%
#lclk                       0   out of     12    0.00%
#sclk                       6   out of     48   12.50%
#mlclk                      0   out of      6    0.00%
#ioclk                      0   out of     18    0.00%


DataNet Average Fanout:

   Index     Fanout    Nets  
    #1         1        94   
    #2         2        13   
    #3         3        23   
    #4         4        8    
    #5        5-10      12   
    #6       11-50      2    
  Average     2.15           

RUN-1002 : start command "update_timing -mode final"
RUN-1002 : start command "start_timer"
RUN-1002 : start command "report_timing_status -file positive_fhd30_phy.ts"
RUN-1002 : start command "report_timing_summary -file positive_fhd30_pr.timing"
RUN-1002 : start command "report_timing_exception -file positive_fhd30_exception.timing"
RUN-1002 : start command "check_timing -verbose -file positive_fhd30_chk.timing"
RUN-1002 : start command "flow_status -file route_flow.status"
Location         : C:\Users\Li47\Desktop\aa\native_positive_fhd30_r1_20261009\td_project\positive_fhd30_Runs\phy_1
Running with     : Tang Dynasty v6.2.178840
                   Copyright (c) 2012-2025 Anlogic Inc.
Top Model        : positive_fhd30_top
Device           : PH1P35MDG324
Speed            : 3

Timing Mode      : final
Setup            : WNS   334ps  TNS        0ps  NUM_FEPS     0
Hold             : WNS    30ps  TNS        0ps  NUM_FEPS     0

Flow Statistics  :
RUN-1001 : Flow Statistics:
RUN-1001 : --------------------------------------------------------------------------------------------------
RUN-1001 :      command     |  #calls  |  wall time  |  cpu time(s)  |  used memory(mb)  |  peak memory(mb)  
RUN-1001 : --------------------------------------------------------------------------------------------------
RUN-1001 :       route      |    1     |   6s(46%)   |    23(46%)    |        771        |        771        
RUN-1001 :       place      |    1     |   5s(38%)   |    26(52%)    |        408        |        408        
RUN-1001 :   import_device  |    1     |   2s(15%)   |     1(2%)     |        333        |        333        
RUN-1001 :     fix_hold     |    1     |   0s(0%)    |     0(0%)     |        771        |        771        
RUN-1001 :     import_db    |    1     |   0s(0%)    |     0(0%)     |        334        |        334        
RUN-1001 : --------------------------------------------------------------------------------------------------
RUN-1001 :       total      |    5     |     13s     |      50       |        771        |        771        
RUN-1001 : --------------------------------------------------------------------------------------------------
RUN-1002 : start command "report_clock_utilization -file route_clock_utilization.txt"
RUN-1002 : start command "export_db positive_fhd30_pr.db"
RUN-1001 : Exported flow parameters
RUN-1001 : Exported /
RUN-1001 : Exported libs
RUN-1001 : Exported entities
RUN-1001 : Exported ports
RUN-1001 : Exported pins
RUN-1001 : Exported instances
RUN-1001 : Exported nets
RUN-1001 : Exported buses
RUN-1001 : Exported models
RUN-1001 : Exported phy database
RUN-1001 : Exported packer
RUN-1001 : Exported congestions
RUN-1001 : Exported violations
RUN-1001 : Exported ATMR Setting
RUN-1001 : Exported timing constraints
RUN-1001 : Exported IO constraints
RUN-1001 : Exported Inst constraints
RUN-1001 : Exported ChipWatcher
RUN-1002 : start command "commit_param -step bitgen"
RUN-1001 : Print Global Property
RUN-1001 : -------------------------------------------------------------
RUN-1001 :     Parameters    |   Settings   |  Default Values  |  Note  
RUN-1001 : -------------------------------------------------------------
RUN-1001 :    enable_seed    |     off      |       off        |        
RUN-1001 :    hfn_to_clock   |  1000000000  |    1000000000    |        
RUN-1001 :      message      |   standard   |     standard     |        
RUN-1001 :    qor_monitor    |      on      |        on        |        
RUN-1001 :   speedup_effort  |      0       |        0         |        
RUN-1001 :    syn_ip_flow    |     off      |       off        |        
RUN-1001 :       thread      |     auto     |       auto       |        
RUN-1001 : -------------------------------------------------------------
RUN-1001 : Print Bitgen Property
RUN-1001 : -------------------------------------------------------------
RUN-1001 :      Parameters     |  Settings  |  Default Values  |  Note  
RUN-1001 : -------------------------------------------------------------
RUN-1001 :         bin         |    off     |       off        |        
RUN-1001 :       compress      |    off     |       off        |        
RUN-1001 :       gen_mask      |    off     |       off        |        
RUN-1001 :      max_stream     |     on     |        on        |        
RUN-1001 :      time_info      |     on     |        on        |        
RUN-1001 :   unused_io_status  |   pullup   |      pullup      |        
RUN-1001 :       version       |    0x00    |       0x00       |        
RUN-1001 : -------------------------------------------------------------
RUN-1002 : start command "bitgen -bit positive_fhd30.bit"
RUN-1002 : start command "export_bid positive_fhd30_inst.bid"
BIT-1003 : Start to generate bitstream. 
BIT-1002 : Bitgen processed 4 pll_pd instances.
BIT-1002 : Init instances with 20 threads.
BIT-1002 : Init instances completely, inst num: 132
BIT-1002 : Init pips with 20 threads.
BIT-1002 : Init pips completely, net num: 164, pip num: 1747
BIT-1002 : Init feedthrough with 20 threads.
BIT-1002 : Init feedthrough completely, num: 22
BIT-1003 : Multithreading accelaration with 20 threads.
BIT-1003 : Generate bitstream completely, there are 5186 bits set as '1'.
BIT-1004 : Generate file positive_fhd30.bit.
RUN-1002 : start command "setup_debugger"
RUN-1002 : start command "export_bitgen_param -file .bitgen_param.f"
RUN-1002 : start command "export_flow_status -s opt_place -e bitgen"
RUN-1002 : start command "flow_status"

Location         : C:\Users\Li47\Desktop\aa\native_positive_fhd30_r1_20261009\td_project\positive_fhd30_Runs\phy_1
Running with     : Tang Dynasty v6.2.178840
                   Copyright (c) 2012-2025 Anlogic Inc.
Top Model        : positive_fhd30_top
Device           : PH1P35MDG324
Speed            : 3

Timing Mode      : final
Setup            : WNS   334ps  TNS        0ps  NUM_FEPS     0
Hold             : WNS    30ps  TNS        0ps  NUM_FEPS     0

RUN-1001 : Flow Statistics:
RUN-1001 : --------------------------------------------------------------------------------------------------
RUN-1001 :      command     |  #calls  |  wall time  |  cpu time(s)  |  used memory(mb)  |  peak memory(mb)  
RUN-1001 : --------------------------------------------------------------------------------------------------
RUN-1001 :       route      |    1     |   6s(46%)   |    23(45%)    |        771        |        771        
RUN-1001 :       place      |    1     |   5s(38%)   |    26(50%)    |        408        |        408        
RUN-1001 :   import_device  |    1     |   2s(15%)   |     1(1%)     |        333        |        333        
RUN-1001 :      bitgen      |    1     |   0s(0%)    |     1(1%)     |        782        |        782        
RUN-1001 :     fix_hold     |    1     |   0s(0%)    |     0(0%)     |        771        |        771        
RUN-1001 :     import_db    |    1     |   0s(0%)    |     0(0%)     |        334        |        334        
RUN-1001 : --------------------------------------------------------------------------------------------------
RUN-1001 :       total      |    6     |     13s     |      51       |        782        |        782        
RUN-1001 : --------------------------------------------------------------------------------------------------
RUN-1002 : start command "check_timing -file constraint_coverage.txt -verbose"
