============================================================
   Tang Dynasty, V6.2.178840
   Copyright (c) 2012-2025 Anlogic Inc.
   Executable = D:/td6.2.1/bin/td_commands_prompt.exe
   Built at =   14:07:58 Sep  4 2025
   Run by =     Li47
   Run Date =   Fri Oct  9 21:39:10 2026

   Run on =     LI474747
============================================================
RUN-1002 : start command "import_device ph1_35p.db -package PH1P35MDG324 -speed 3"
ARC-1001 : Device Initialization.
ARC-1001 : ----------------------------------------------------------------
ARC-1001 :           OPTION          |          IO           |   SETTING   
ARC-1001 : ----------------------------------------------------------------
ARC-1001 :   non_jtag_persist(none)  |        35 IOs         |    gpio    
ARC-1001 :            jtag           |  P13/P15/L14/R13/T13  |  dedicate  
ARC-1001 : ----------------------------------------------------------------
RUN-1003 : finish command "import_device ph1_35p.db -package PH1P35MDG324 -speed 3" in  1.682502s wall, 1.093750s user + 0.109375s system = 1.203125s CPU (71.5%)

RUN-1004 : used memory is 333 MB, reserved memory is 330 MB, peak memory is 333 MB
RUN-1002 : start command "open_project avi_fhd30.prj -noanalyze"
RUN-1002 : start command "import_db ../syn_1/avi_fhd30_gate.db"
RUN-1001 : Importing database generated by Tang Dynasty, V6.2.178840.
RUN-1001 : Database version number 46207
RUN-1001 : Import flow parameters
RUN-1001 : Import netlist
RUN-1001 : Import timing constraints
RUN-1001 : Import IO constraints
RUN-1001 : Import Inst constraints
RUN-1001 : Import ChipWatcher
RUN-1001 : Import design success TD_VERSION=6.2.178840 , DB_VERSION=46207
RUN-1002 : start command "commit_param -step place"
RUN-1001 : Print Global Property
RUN-1001 : -------------------------------------------------------------
RUN-1001 :     Parameters    |   Settings   |  Default Values  |  Note  
RUN-1001 : -------------------------------------------------------------
RUN-1001 :    enable_seed    |     off      |       off        |        
RUN-1001 :    hfn_to_clock   |  1000000000  |    1000000000    |        
RUN-1001 :      message      |   standard   |     standard     |        
RUN-1001 :    qor_monitor    |      on      |        on        |        
RUN-1001 :   speedup_effort  |      0       |        0         |        
RUN-1001 :    syn_ip_flow    |     off      |       off        |        
RUN-1001 :       thread      |     auto     |       auto       |        
RUN-1001 : -------------------------------------------------------------
RUN-1001 : Print Place Property
RUN-1001 : --------------------------------------------------------------
RUN-1001 :      Parameters      |  Settings  |  Default Values  |  Note  
RUN-1001 : --------------------------------------------------------------
RUN-1001 :        effort        |   medium   |      medium      |        
RUN-1001 :       floorplan      |    off     |       off        |        
RUN-1001 :    hfn_opt_effort    |   medium   |      medium      |        
RUN-1001 :    logic_level_opt   |    off     |       off        |        
RUN-1001 :   macro_performance  |    auto    |       auto       |        
RUN-1001 :      max_fanout      |   999999   |      999999      |        
RUN-1001 :      opt_timing      |   medium   |      medium      |        
RUN-1001 :    post_place_opt    |    auto    |       auto       |        
RUN-1001 :      pr_strategy     |     1      |        1         |        
RUN-1001 : --------------------------------------------------------------
RUN-1002 : start command "insert_debugger"
RUN-1002 : start command "place"
RUN-1001 : Open license file D:/td6.2.1/license/Anlogic.lic
PHY-3001 : Placer runs in 20 thread(s).
PHY-1001 : Stage 1 | Initialize Design
PHY-1001 : Stage 1.1 | Build Design
PHY-1001 : 147 luts, 123 seqs, 0 mslices, 12 lslices, 8 pads, 0 brams, 0 dsps
RUN-1002 : start command "legalize_phy_inst"
SYN-1011 : Flatten model avi_fhd30_top
PHY-1001 : Remove keep and sweep redundant instances ...
PHY-1001 : 147 luts, 123 seqs, 0 mslices, 12 lslices, 8 pads, 0 brams, 0 dsps
PHY-1001 : End Stage 1.1 | Build Design; Time: 0.001089s wall, 0.000000s user + 0.000000s system = 0.000000s CPU (n/a%); Memory(MB): used = 336, reserved = 330, peak = 336;

PHY-1001 : Stage 1.2 | Optimize Design
OPT-1001 : Stage 1.2.1 | Simplify Lut
OPT-1001 : End Stage 1.2.1 | Simplify Lut; Time: 0.000327s wall, 0.000000s user + 0.000000s system = 0.000000s CPU (n/a%); Memory(MB): used = 336, reserved = 330, peak = 336;

OPT-1001 : Stage 1.2.2 | Sweep
OPT-1001 : End Stage 1.2.2 | Sweep; Time: 0.000120s wall, 0.000000s user + 0.000000s system = 0.000000s CPU (n/a%); Memory(MB): used = 336, reserved = 330, peak = 336;

OPT-1001 : Stage 1.2.3 | Merge Lut
OPT-1001 : Start remap optimization ...
RUN-1001 :   Added 0 lut1 for undup drivers
OPT-1001 : Update timing in basic mode
RUN-1002 : start command "start_timer"
USR-1002 : Derived clock:  create_generated_clock -name {u_pll/u_ref/ph1p_phy_pll_wrapper_25a56e5ce2f9_Inst/u_PH1P_PHY_PLL.clkc[0]} -source [get_ports I_sys_clk] -master_clock {sys_clk_50m} -divide_by 1.4815 -duty_cycle 50.0000 [get_pins {u_pll/u_ref/ph1p_phy_pll_wrapper_25a56e5ce2f9_Inst/u_PH1P_PHY_PLL.clkc[0]}]
USR-1002 : Derived clock:  create_generated_clock -name {u_pll/u_output/ph1p_phy_pll_wrapper_25a56e5ce2f9_Inst/u_PH1P_PHY_PLL.clkc[0]} -source [get_pins {u_pll/u_ref/ph1p_phy_pll_wrapper_25a56e5ce2f9_Inst/u_PH1P_PHY_PLL.clkc[0]}] -master_clock {u_pll/u_ref/ph1p_phy_pll_wrapper_25a56e5ce2f9_Inst/u_PH1P_PHY_PLL.clkc[0]} -multiply_by 2.2000 -duty_cycle 50.0000 [get_pins {u_pll/u_output/ph1p_phy_pll_wrapper_25a56e5ce2f9_Inst/u_PH1P_PHY_PLL.clkc[0]}]
USR-1002 : Derived clock:  create_generated_clock -name {u_pll/u_output/ph1p_phy_pll_wrapper_25a56e5ce2f9_Inst/u_PH1P_PHY_PLL.clkc[1]} -source [get_pins {u_pll/u_ref/ph1p_phy_pll_wrapper_25a56e5ce2f9_Inst/u_PH1P_PHY_PLL.clkc[0]}] -master_clock {u_pll/u_ref/ph1p_phy_pll_wrapper_25a56e5ce2f9_Inst/u_PH1P_PHY_PLL.clkc[0]} -multiply_by 11.0000 -duty_cycle 50.0000 [get_pins {u_pll/u_output/ph1p_phy_pll_wrapper_25a56e5ce2f9_Inst/u_PH1P_PHY_PLL.clkc[1]}]
TMR-2502 : Net delay update with mode: Synthesized
OPT-1001 : End timing update;  0.016436s wall, 0.015625s user + 0.000000s system = 0.015625s CPU (95.1%)

OPT-0007 : Start: SWNS 317 STNS 0 NUM_FEPS 0
OPT-1001 : RemapOpt: identify 0 lut pair candidates and remap 0 pairs successfully
OPT-1001 : End remap optimization;  0.026945s wall, 0.015625s user + 0.015625s system = 0.031250s CPU (116.0%)

OPT-1001 : End Stage 1.2.3 | Merge Lut; Time: 0.027118s wall, 0.015625s user + 0.015625s system = 0.031250s CPU (115.2%); Memory(MB): used = 338, reserved = 330, peak = 338;

OPT-1001 : Stage 1.2.4 | Synthesize High-fanout Net
OPT-1001 : Start high-fanout net optimization in pre-place flow with medium effort ...
RUN-1001 : HFN opt statistic
RUN-1001 : ------------------------------------------------------
RUN-1001 :   DriverCell type  |  HFN count  |  Duplicated count  
RUN-1001 : ------------------------------------------------------
RUN-1001 :       LSLICE       |      0      |         0          
RUN-1001 :       MSLICE       |      0      |         0          
RUN-1001 :        TOTAL       |      0      |         0          
RUN-1001 : ------------------------------------------------------
OPT-1001 : End high-fanout net optimization;  0.000180s wall, 0.000000s user + 0.000000s system = 0.000000s CPU (n/a%)

OPT-1001 : Current memory(MB): used = 338, reserved = 330, peak = 338.
OPT-1001 : End Stage 1.2.4 | Synthesize High-fanout Net; Time: 0.000269s wall, 0.000000s user + 0.000000s system = 0.000000s CPU (n/a%); Memory(MB): used = 338, reserved = 330, peak = 338;

OPT-1001 : End physical optimization;  0.028028s wall, 0.015625s user + 0.015625s system = 0.031250s CPU (111.5%)

PHY-1001 : End Stage 1.2 | Optimize Design; Time: 0.028096s wall, 0.015625s user + 0.015625s system = 0.031250s CPU (111.2%); Memory(MB): used = 338, reserved = 330, peak = 338;

PHY-1001 : Stage 1.3 | Initialize Clock
PHY-1001 : Start to synthesize physical clock networks.
PHY-1001 : Populate physical database on model avi_fhd30_top.
RUN-1001 : There are total 300 instances
RUN-0007 : 147 luts, 123 seqs, 0 mslices, 12 lslices, 8 pads, 0 brams, 0 dsps
RUN-1001 : There are total 321 nets
RUN-1001 : 213 nets have 2 pins
RUN-1001 : 68 nets have [3 - 5] pins
RUN-1001 : 25 nets have [6 - 10] pins
RUN-1001 : 7 nets have [11 - 20] pins
RUN-1001 : 7 nets have [21 - 99] pins
RUN-1001 : 1 nets have 100+ pins
PHY-1001 : End Stage 1.3 | Initialize Clock; Time: 0.001284s wall, 0.000000s user + 0.000000s system = 0.000000s CPU (n/a%); Memory(MB): used = 338, reserved = 330, peak = 338;

PHY-1001 : End Stage 1 | Initialize Design; Time: 0.030828s wall, 0.015625s user + 0.015625s system = 0.031250s CPU (101.4%); Memory(MB): used = 338, reserved = 330, peak = 338;

PHY-1001 : Stage 2 | Global Placement
RUN-1001 : Report Control nets information:
RUN-1001 : DFF Distribution
RUN-1001 : -------------------------------------
RUN-1001 :   CE   |  SSR  |  ASR  |  DFF Count  
RUN-1001 : -------------------------------------
RUN-1001 :   No   |  No   |  No   |     13      
RUN-1001 :   No   |  No   |  Yes  |     99      
RUN-1001 :   No   |  Yes  |  No   |      0      
RUN-1001 :   Yes  |  No   |  No   |      0      
RUN-1001 :   Yes  |  No   |  Yes  |     11      
RUN-1001 :   Yes  |  Yes  |  No   |      0      
RUN-1001 : -------------------------------------
RUN-1001 : Control Group Statistic
RUN-1001 : -----------------------------
RUN-1001 :   #CLK  |  #CE  |  #SSR/ASR  
RUN-1001 : -----------------------------
RUN-1001 :    2    |   2   |     3      
RUN-1001 : -----------------------------
RUN-0007 : Control Set = 5
PHY-1001 : Stage 2.1 | Place Fixed Instances
PHY-5016 WARNING: PLL clkc is driving an IO without location.
PHY-5016 WARNING: PLL clkc is not driving a clock-capable IO.
PHY-5016 WARNING: PLL clkc is driving an IO without location.
PHY-1001 : End Stage 2.1 | Place Fixed Instances; Time: 0.001272s wall, 0.000000s user + 0.000000s system = 0.000000s CPU (n/a%); Memory(MB): used = 339, reserved = 330, peak = 339;

PHY-1001 : Stage 2.2 | Pre-Place DRC Check
PHY-1001 : Stage 2.2.1 | Force Route Constraint Check
PHY-1001 : Check Pass.
PHY-1001 : End Stage 2.2.1 | Force Route Constraint Check; Time: 0.000056s wall, 0.000000s user + 0.000000s system = 0.000000s CPU (n/a%); Memory(MB): used = 339, reserved = 330, peak = 339;

PHY-1001 : Stage 2.2.2 | Sigmap Check
PHY-1001 : Check pass.
PHY-1001 : End Stage 2.2.2 | Sigmap Check; Time: 0.000196s wall, 0.000000s user + 0.000000s system = 0.000000s CPU (n/a%); Memory(MB): used = 339, reserved = 330, peak = 339;

PHY-1001 : End Stage 2.2 | Pre-Place DRC Check; Time: 0.000324s wall, 0.000000s user + 0.000000s system = 0.000000s CPU (n/a%); Memory(MB): used = 339, reserved = 330, peak = 339;

PHY-1001 : Clock GCLK Statistics:
RUN-1001 : GCLK Index: 
RUN-1001 : --------------------------------------------------------------------------------
RUN-1001 :   Index  |                       Clock GCLK                       |  Location   
RUN-1001 : --------------------------------------------------------------------------------
RUN-1001 :     1    |              u_pll/u_output/bufg_feedback              |  x23y39z0   
RUN-1001 :     2    |  u_phy/u0_lane_lvds_8_1/I_serial_clk_created_gclkinst  |  x23y39z1   
RUN-1001 :     3    |               u_pll/u_ref/bufg_feedback                |  x23y39z16  
RUN-1001 : --------------------------------------------------------------------------------
RUN-1001 : Clock Nets Connect To GCLK Statistics: 
RUN-1001 : ---------------------------------------------------------------------------------------------------------------------------------------------------------------------
RUN-1001 :   Index  |              Leading Net              |  CLK/DATA/IO/PLL Sink(s)  |                       Following Net                       |  CLK/DATA/IO/PLL Sink(s)  
RUN-1001 : ---------------------------------------------------------------------------------------------------------------------------------------------------------------------
RUN-1001 :     1    |        u_pll/u_output/clk0_buf        |          1/0/0/0          |                           pixel                           |         72/0/0/0          
RUN-1001 :     2    |  u_phy/u0_lane_lvds_8_1/I_serial_clk  |          1/0/0/0          |         u_phy/u0_lane_lvds_8_1/I_serial_clk_syn_1         |         59/0/0/0          
RUN-1001 :     3    |         u_pll/u_ref/clk0_buf          |          1/0/0/0          | u_pll/u_output/ph1p_phy_pll_wrapper_25a56e5ce2f9_Inst...  |          1/0/0/0          
RUN-1001 : ---------------------------------------------------------------------------------------------------------------------------------------------------------------------
PHY-1001 : Stage 2.3 | Global Placement Step 1
PHY-3001 : Target density is 60%
PHY-1001 : Stage 2.3.1 | Update Timing
RUN-1002 : start command "start_timer"
PHY-1001 : SWNS: 317, STNS: 0, FEP: 0
PHY-1001 : End Stage 2.3.1 | Update Timing; Time: 0.013065s wall, 0.015625s user + 0.000000s system = 0.015625s CPU (119.6%); Memory(MB): used = 340, reserved = 331, peak = 340;

PHY-0007 : Cell area utilization is 0%
PHY-3001 : Clustering ...
PHY-3001 : End clustering;  0.000044s wall, 0.000000s user + 0.000000s system = 0.000000s CPU (n/a%)

PHY-3001 : Target density is 60%
PHY-1001 : Stage 2.3.2 | GP Iteration
PHY-1001 : End Stage 2.3.2 | GP Iteration; Time: 0.081809s wall, 0.281250s user + 0.093750s system = 0.375000s CPU (458.4%); Memory(MB): used = 340, reserved = 331, peak = 340;

PHY-3001 : Multithread accelerating rate: 4.50
RUN-1002 : start command "start_timer"
PHY-3001 : No need to merge 9x9 Dsps.
PHY-1001 : Populate physical database on model avi_fhd30_top.
PHY-1001 : End Stage 2.3 | Global Placement Step 1; Time: 0.116386s wall, 0.296875s user + 0.109375s system = 0.406250s CPU (349.1%); Memory(MB): used = 340, reserved = 331, peak = 340;

PHY-1001 : Stage 2.4 | RAM/DSP Legalization and Detailed Placement
PHY-1001 : Stage 2.4.1 | Legalization
PHY-3001 : Before Legalized: Len = 13331.5
PHY-3001 : After Legalized: Len = 13331.5, Over = 0 with grid_size = 640
PHY-1001 : End Stage 2.4.1 | Legalization; Time: 0.001401s wall, 0.000000s user + 0.015625s system = 0.015625s CPU (1115.0%); Memory(MB): used = 340, reserved = 331, peak = 340;

PHY-1001 : Stage 2.4.2 | Detailed Placement
PHY-1001 : Stage 2.4.2.1 | Simulated Annealing Based DP
PHY-3001 : No movable unit~
PHY-1001 : End Stage 2.4.2.1 | Simulated Annealing Based DP; Time: 0.000089s wall, 0.000000s user + 0.000000s system = 0.000000s CPU (n/a%); Memory(MB): used = 340, reserved = 331, peak = 340;

PHY-3001 : End Detailed Place; 
PHY-1001 : End Stage 2.4.2 | Detailed Placement; Time: 0.001031s wall, 0.000000s user + 0.000000s system = 0.000000s CPU (n/a%); Memory(MB): used = 340, reserved = 331, peak = 340;

PHY-1001 : End Stage 2.4 | RAM/DSP Legalization and Detailed Placement; Time: 0.002648s wall, 0.000000s user + 0.015625s system = 0.015625s CPU (590.2%); Memory(MB): used = 340, reserved = 331, peak = 340;

PHY-1001 : Stage 2.5 | Global Placement Step 2
PHY-3001 : Target density is 60%
PHY-1001 : Stage 2.5.1 | Update Timing
PHY-1001 : SWNS: -499, STNS: -2902, FEP: 8
PHY-1001 : End Stage 2.5.1 | Update Timing; Time: 0.000807s wall, 0.000000s user + 0.000000s system = 0.000000s CPU (n/a%); Memory(MB): used = 340, reserved = 331, peak = 340;

PHY-1001 : Stage 2.5.2 | Refresh Congestion
RUN-1001 : Generating global routing grids ...
RUN-1001 : Building simple global routing graph ...
PHY-1001 : Generate routing nets ...
PHY-1001 : Reuse net number 0/181.
PHY-1001 : Global iterations in 20 thread ...
PHY-1002 : len = 13360, over cnt = 16(0%), over = 107, worst = 17
PHY-1001 : End global iterations;  0.006653s wall, 0.000000s user + 0.000000s system = 0.000000s CPU (n/a%)

PHY-1001 : Congestion index:
PHY-1001 : top1  = 18.96(S 5.20, N 13.52, E 12.01, W 6.26, I 17.90, O 21.38)
PHY-1001 : top5  = 5.51(S 1.03, N 3.00, E 3.13, W 1.24, I 3.54, O 4.23)
PHY-1001 : top10 = 2.75(S 0.51, N 1.50, E 1.56, W 0.62, I 1.77, O 2.12)
PHY-1001 : top15 = 1.84(S 0.34, N 1.00, E 1.04, W 0.41, I 1.18, O 1.41)
PHY-1001 : End Stage 2.5.2 | Refresh Congestion; Time: 0.190027s wall, 0.140625s user + 0.046875s system = 0.187500s CPU (98.7%); Memory(MB): used = 373, reserved = 364, peak = 373;

PHY-1001 : Stage 2.5.3 | GP Iteration
PHY-1001 : End Stage 2.5.3 | GP Iteration; Time: 0.168317s wall, 0.515625s user + 0.500000s system = 1.015625s CPU (603.4%); Memory(MB): used = 374, reserved = 365, peak = 374;

PHY-3001 : Multithread accelerating rate: 5.98
PHY-1001 : End Stage 2.5 | Global Placement Step 2; Time: 0.368665s wall, 0.656250s user + 0.546875s system = 1.203125s CPU (326.3%); Memory(MB): used = 374, reserved = 365, peak = 374;

PHY-1001 : Stage 2.6 | RAM/DSP Detailed Placement
PHY-1001 : Stage 2.6.1 | Detailed Placement
PHY-1001 : Stage 2.6.1.1 | Simulated Annealing Based DP
PHY-3001 : No movable unit~
PHY-1001 : End Stage 2.6.1.1 | Simulated Annealing Based DP; Time: 0.000077s wall, 0.000000s user + 0.000000s system = 0.000000s CPU (n/a%); Memory(MB): used = 374, reserved = 365, peak = 374;

PHY-3001 : End Detailed Place; 
PHY-1001 : End Stage 2.6.1 | Detailed Placement; Time: 0.001083s wall, 0.000000s user + 0.000000s system = 0.000000s CPU (n/a%); Memory(MB): used = 374, reserved = 365, peak = 374;

PHY-1001 : Stage 2.6.2 | Spreading
OPT-1001 : Total overflow 8.03 peak overflow 2.66
PHY-3001 : Spreading for sector grids.
PHY-3001 : Iter 1, total overflow: 0
PHY-3001 : tot_capacity: 12, usage_cnt: 2, movable_cnt: 12
PHY-3001 : End spreading;  0.001940s wall, 0.015625s user + 0.000000s system = 0.015625s CPU (805.2%)

PHY-1001 : End Stage 2.6.2 | Spreading; Time: 0.002001s wall, 0.015625s user + 0.000000s system = 0.015625s CPU (780.9%); Memory(MB): used = 375, reserved = 365, peak = 375;

PHY-1001 : End Stage 2.6 | RAM/DSP Detailed Placement; Time: 0.004158s wall, 0.015625s user + 0.000000s system = 0.015625s CPU (375.8%); Memory(MB): used = 375, reserved = 365, peak = 375;

PHY-1001 : Stage 2.7 | Optimize Design
OPT-1001 : Start physical optimization ...
OPT-1001 : Total overflow 8.03 peak overflow 2.66
OPT-1001 : Stage 2.7.1 | Synthesize High-fanout Net
OPT-1001 : Start high-fanout net optimization in pre-pack flow with medium effort ...
OPT-1001 : Update timing in Manhattan mode
OPT-1001 : End timing update;  0.007128s wall, 0.000000s user + 0.000000s system = 0.000000s CPU (n/a%)

OPT-1001 : Start: SWNS -18 STNS -18 NUM_FEPS 1
OPT-1001 : Total overflow 8.03 peak overflow 2.66
DBG-001 :  select 1 high fanout candidates
DBG-001 :  crit level 1 net count 0 (fanout thres 50)
DBG-001 :  crit level 2 net count 0 (fanout thres 50)
DBG-001 :  crit level 3 net count 0 (fanout thres 40)
DBG-001 :  crit level 4 net count 0 (fanout thres 30)
DBG-001 :  crit level 5 net count 0 (fanout thres 30)
DBG-001 :  crit level 6 net count 1 (fanout thres 30)
PHY-1001 : Populate physical database on model avi_fhd30_top.
OPT-1001 : 1 high-fanout net processed.
PHY-3001 : Start incremental placement ...
PHY-1001 : Populate physical database on model avi_fhd30_top.
PHY-3001 : Target density is 60%
PHY-3001 : Target density is 60%
PHY-1001 : Stage 2.7.1.1 | Update Timing
PHY-1001 : SWNS: 702, STNS: 0, FEP: 0
PHY-1001 : End Stage 2.7.1.1 | Update Timing; Time: 0.001176s wall, 0.000000s user + 0.000000s system = 0.000000s CPU (n/a%); Memory(MB): used = 376, reserved = 366, peak = 376;

PHY-1001 : Stage 2.7.1.2 | Refresh Congestion
RUN-1001 : Generating global routing grids ...
PHY-1001 : Generate routing nets ...
PHY-1001 : Reuse net number 0/153.
PHY-1001 : Global iterations in 20 thread ...
PHY-1002 : len = 9520, over cnt = 11(0%), over = 90, worst = 21
PHY-1001 : End global iterations;  0.005618s wall, 0.000000s user + 0.015625s system = 0.015625s CPU (278.1%)

PHY-1001 : Congestion index:
PHY-1001 : top1  = 14.76(S 3.15, N 9.61, E 11.94, W 3.63, I 18.06, O 22.20)
PHY-1001 : top5  = 3.98(S 0.62, N 2.09, E 2.57, W 0.72, I 3.58, O 4.39)
PHY-1001 : top10 = 1.99(S 0.31, N 1.05, E 1.29, W 0.36, I 1.79, O 2.20)
PHY-1001 : top15 = 1.33(S 0.21, N 0.70, E 0.86, W 0.24, I 1.19, O 1.46)
PHY-1001 : End Stage 2.7.1.2 | Refresh Congestion; Time: 0.025956s wall, 0.015625s user + 0.015625s system = 0.031250s CPU (120.4%); Memory(MB): used = 376, reserved = 366, peak = 376;

PHY-1001 : Stage 2.7.1.3 | GP Iteration
PHY-1001 : End Stage 2.7.1.3 | GP Iteration; Time: 0.011926s wall, 0.015625s user + 0.000000s system = 0.015625s CPU (131.0%); Memory(MB): used = 376, reserved = 366, peak = 376;

PHY-3001 : Multithread accelerating rate: 1.18
PHY-3001 : Low accelerating rate: 1.18. This may happen when it is heavy-loaded.
OPT-1001 : Total overflow 8.34 peak overflow 3.03
PHY-3001 : Spreading for sector grids.
PHY-3001 : Iter 1, total overflow: 0
PHY-3001 : tot_capacity: 12, usage_cnt: 2, movable_cnt: 12
PHY-3001 : End spreading;  0.001486s wall, 0.000000s user + 0.000000s system = 0.000000s CPU (n/a%)

PHY-3001 : Final: Len = 9314.6, Over = 0.0625
PHY-3001 : End incremental placement;  0.046681s wall, 0.031250s user + 0.015625s system = 0.046875s CPU (100.4%)

OPT-1001 : Total overflow 8.34 peak overflow 3.03
RUN-1001 : HFN opt statistic
RUN-1001 : ------------------------------------------------------
RUN-1001 :   DriverCell type  |  HFN count  |  Duplicated count  
RUN-1001 : ------------------------------------------------------
RUN-1001 :         REG        |      1      |         4          
RUN-1001 :        LUT6        |      0      |         0          
RUN-1001 :        LUT5        |      0      |         0          
RUN-1001 :        LUT4        |      0      |         0          
RUN-1001 :        LUT3        |      0      |         0          
RUN-1001 :        LUT2        |      0      |         0          
RUN-1001 :        TOTAL       |      1      |         4          
RUN-1001 : ------------------------------------------------------
OPT-1001 : End high-fanout net optimization;  0.066121s wall, 0.046875s user + 0.015625s system = 0.062500s CPU (94.5%)

OPT-1001 : Update timing in Manhattan mode
OPT-1001 : End timing update;  0.007717s wall, 0.000000s user + 0.000000s system = 0.000000s CPU (n/a%)

OPT-1001 : Current memory(MB): used = 376, reserved = 366, peak = 376.
OPT-1001 : End Stage 2.7.1 | Synthesize High-fanout Net; Time: 0.075015s wall, 0.046875s user + 0.015625s system = 0.062500s CPU (83.3%); Memory(MB): used = 376, reserved = 366, peak = 376;

OPT-1001 : Stage 2.7.2 | Global Optimization
OPT-1001 : Start global optimization ...
OPT-0007 : Start: SWNS 648 STNS 0 NUM_FEPS 0
OPT-1001 : Start congestion update ...
RUN-1001 : Generating global routing grids ...
PHY-1001 : Generate routing nets ...
PHY-1001 : Reuse net number 110/140.
PHY-1001 : Global iterations in 20 thread ...
PHY-1002 : len = 9504, over cnt = 9(0%), over = 72, worst = 20
PHY-1002 : len = 11408, over cnt = 7(0%), over = 9, worst = 2
PHY-1002 : len = 11632, over cnt = 3(0%), over = 3, worst = 1
PHY-1002 : len = 11792, over cnt = 0(0%), over = 0, worst = 0
PHY-1001 : End global iterations;  0.011031s wall, 0.000000s user + 0.000000s system = 0.000000s CPU (n/a%)

PHY-1001 : Congestion index:
PHY-1001 : top1  = 14.69(S 5.20, N 10.03, E 13.58, W 6.26, I 18.06, O 22.20)
PHY-1001 : top5  = 4.10(S 1.03, N 2.29, E 3.03, W 1.24, I 3.58, O 4.39)
PHY-1001 : top10 = 2.05(S 0.51, N 1.14, E 1.51, W 0.62, I 1.79, O 2.20)
PHY-1001 : top15 = 1.37(S 0.34, N 0.76, E 1.01, W 0.41, I 1.19, O 1.46)
OPT-1001 : End congestion update;  0.032018s wall, 0.031250s user + 0.000000s system = 0.031250s CPU (97.6%)

OPT-0007 : Iter 1: improved SWNS 648 STNS 0 NUM_FEPS 0 with 6 cells processed and 86 slack improved
OPT-0007 : Iter 2: improved SWNS 648 STNS 0 NUM_FEPS 0 with 2 cells processed and 6 slack improved
OPT-1001 : Overall commit ratio 1.00
OPT-1001 : End global optimization;  0.033189s wall, 0.046875s user + 0.000000s system = 0.046875s CPU (141.2%)

OPT-1001 : Current memory(MB): used = 376, reserved = 366, peak = 376.
OPT-1001 : End Stage 2.7.2 | Global Optimization; Time: 0.036911s wall, 0.046875s user + 0.000000s system = 0.046875s CPU (127.0%); Memory(MB): used = 376, reserved = 366, peak = 376;

OPT-0007 : End flow prepack: SWNS 648 STNS 0 NUM_FEPS 0
OPT-1001 : End physical optimization;  0.113478s wall, 0.093750s user + 0.015625s system = 0.109375s CPU (96.4%)

PHY-1001 : End Stage 2.7 | Optimize Design; Time: 0.113545s wall, 0.093750s user + 0.015625s system = 0.109375s CPU (96.3%); Memory(MB): used = 376, reserved = 366, peak = 376;

PHY-1001 : Stage 2.8 | Pack and Legalization
PHY-1001 : Stage 2.8.1 | Direct Legalization
PHY-3001 : Start Direct Legalization ...
PHY-3001 : Get top1 grid util = 0.066903, top1_avg = 0.066903.
PHY-1001 : Populate physical database on model avi_fhd30_top.
PHY-3001 : Target density is 60%
PHY-3001 : Before Legalization for Slice Macros, Len = 9394.6.
RUN-1001 : Legalization top10 inst displacement:
RUN-1001 : -------------------------------------------------------------------------------------------------------------
RUN-1001 :   Index  |  Bounded  |  Height  |        Location        |  Disp. (slots)  |  Disp. (grids)  |     Name      
RUN-1001 : -------------------------------------------------------------------------------------------------------------
RUN-1001 :     1    |     N     |    12    |  x32y41z0 to x32y41z0  |        0        |        0        |  add1_syn_74  
RUN-1001 : -------------------------------------------------------------------------------------------------------------
PHY-3001 : After Legalization for Slice Macros, Len = 9388.6.
RUN-1001 : Generating global routing grids ...
PHY-1001 : Generate routing nets ...
PHY-1001 : Reuse net number 126/148.
RUN-1002 : start command "update_timing -mode MANHATTAN"
RUN-1002 : start command "start_timer"
PHY-1001 : Global iterations in 20 thread ...
PHY-1002 : len = 11664, over cnt = 7(0%), over = 17, worst = 7
PHY-1002 : len = 11984, over cnt = 3(0%), over = 4, worst = 2
PHY-1002 : len = 12064, over cnt = 1(0%), over = 1, worst = 1
PHY-1002 : len = 12128, over cnt = 0(0%), over = 0, worst = 0
PHY-1001 : End global iterations;  0.009575s wall, 0.000000s user + 0.000000s system = 0.000000s CPU (n/a%)

PHY-1001 : Congestion index:
PHY-1001 : top1  = 15.43(S 5.45, N 10.48, E 14.73, W 6.26, I 17.90, O 22.29)
PHY-1001 : top5  = 4.27(S 1.08, N 2.39, E 3.22, W 1.24, I 3.54, O 4.41)
PHY-1001 : top10 = 2.13(S 0.54, N 1.19, E 1.61, W 0.62, I 1.77, O 2.21)
PHY-1001 : top15 = 1.42(S 0.36, N 0.80, E 1.07, W 0.41, I 1.18, O 1.47)
PHY-3001 : Total Iter 63, legal = 267 / 267 (100.00%), avg_move = 41.39, max_move = 316.
PHY-3001 : There are no illegal insts.
PHY-1001 : Populate physical database on model avi_fhd30_top.
PHY-3001 : End Direct Legalization;  1.314783s wall, 13.312500s user + 0.218750s system = 13.531250s CPU (1029.2%)

RUN-1001 : Summary of LUT-FF Pairs
RUN-1001 : --------------------------------------------------------------
RUN-1001 :   Num of Fanout Seqs  |  1x   |  2x  |  3~5  |  6~10  |  >10  
RUN-1001 : --------------------------------------------------------------
RUN-1001 :         Total         |  100  |  0   |   0   |   0    |   0   
RUN-1001 :          Grid         |  100  |  0   |   0   |   0    |   0   
RUN-1001 :          Bank         |  90   |  0   |   0   |   0    |   0   
RUN-1001 :         Paired        |  90   |  0   |   0   |   0    |   0   
RUN-1001 : --------------------------------------------------------------
RUN-1001 : Summary of LUT Pairs
RUN-1001 : ---------------------------------------------------------------------------------------------------------------------
RUN-1001 :            |           |           |           |           |           |  O5 + O6  |  Only O5  |  Only O6  |  Total  
RUN-1001 : ---------------------------------------------------------------------------------------------------------------------
RUN-1001 :   5 Share  |  4 Share  |  3 Share  |  2 Share  |  1 Share  |  0 Share  |           |           |           |         
RUN-1001 :      0     |     2     |     8     |     7     |    12     |    17     |    46     |    57     |    22     |   125   
RUN-1001 : ---------------------------------------------------------------------------------------------------------------------
PHY-1001 : End Stage 2.8.1 | Direct Legalization; Time: 1.315556s wall, 13.312500s user + 0.218750s system = 13.531250s CPU (1028.6%); Memory(MB): used = 392, reserved = 381, peak = 393;

PHY-3001 : Target density is 60%
PHY-3001 : After Direct Legalization, Len = 18471.6.
PHY-1001 : End Stage 2.8 | Pack and Legalization; Time: 1.318351s wall, 13.312500s user + 0.218750s system = 13.531250s CPU (1026.4%); Memory(MB): used = 392, reserved = 381, peak = 393;

RUN-1002 : start command "start_timer"
PHY-1001 : End Stage 2 | Global Placement; Time: 1.954947s wall, 14.406250s user + 0.906250s system = 15.312500s CPU (783.3%); Memory(MB): used = 392, reserved = 381, peak = 393;

PHY-1001 : Stage 3 | Detailed Placement
PHY-1001 : Stage 3.1 | SLICE Detailed Placement
PHY-1001 : Stage 3.1.1 | Spreading
PHY-3001 : Design contains 1 ce signals.
PHY-3001 : Spreading for sector grids.
PHY-3001 : Iter 1, total overflow: 0
PHY-3001 : tot_capacity: 36, usage_cnt: 5, movable_cnt: 35
PHY-3001 : Spreading for clock grids.
PHY-3001 : clock grid count for 24 x 4 grids
PHY-3001 : Spreading for plb grids.
PHY-3001 : total displace: 0, max displace: 0.
PHY-3001 : End spreading;  0.006496s wall, 0.000000s user + 0.000000s system = 0.000000s CPU (n/a%)

PHY-1001 : End Stage 3.1.1 | Spreading; Time: 0.006554s wall, 0.000000s user + 0.000000s system = 0.000000s CPU (n/a%); Memory(MB): used = 392, reserved = 381, peak = 393;

PHY-1001 : Stage 3.1.2 | Simulated Annealing Based DP
RUN-1001 : Generating global routing grids ...
PHY-1001 : Generate routing nets ...
PHY-1001 : Reuse net number 5/130.
PHY-1001 : Global iterations in 20 thread ...
PHY-1002 : len = 18512, over cnt = 9(0%), over = 15, worst = 5
PHY-1002 : len = 18848, over cnt = 2(0%), over = 2, worst = 1
PHY-1002 : len = 18928, over cnt = 0(0%), over = 0, worst = 0
PHY-1001 : End global iterations;  0.014457s wall, 0.000000s user + 0.000000s system = 0.000000s CPU (n/a%)

PHY-1001 : Congestion index:
PHY-1001 : top1  = 16.43(S 5.63, N 8.94, E 13.82, W 9.96, I 14.25, O 16.53)
PHY-1001 : top5  = 6.00(S 1.54, N 2.43, E 3.83, W 2.25, I 2.82, O 3.27)
PHY-1001 : top10 = 3.00(S 0.77, N 1.21, E 1.92, W 1.12, I 1.41, O 1.64)
PHY-1001 : top15 = 2.00(S 0.51, N 0.81, E 1.28, W 0.75, I 0.94, O 1.09)
PHY-0007 : Initial: WL Cost = 1284.77, TD Cost = 3154.9, SWNS = 678, STNS = 0, Nums per T = 1270, Range Limit = 4x8
PHY-0007 : Finally: WL Cost = 795.657, TD Cost = 1976.89, WL Ratio = 0.619299, TD Ratio = 0.626609, SWNS = 558, STNS = 0
RUN-1001 : Print Detailed placement's Summary information
RUN-1001 : -----------------------------------------------------------------------------------------------------------------------------
RUN-1001 :           |  Total  |  Accept  |  Reject by overFlow  |  Reject by worseCost  |  Failed by noTarget  |  Failed by gridCheck  
RUN-1001 : -----------------------------------------------------------------------------------------------------------------------------
RUN-1001 :   Slices  |  8890   |   379    |          0           |         8443          |          0           |          68           
RUN-1001 :   Macros  |   82    |    0     |          0           |          82           |          0           |           0           
RUN-1001 : -----------------------------------------------------------------------------------------------------------------------------
PHY-1001 : End Stage 3.1.2 | Simulated Annealing Based DP; Time: 0.096757s wall, 0.093750s user + 0.015625s system = 0.109375s CPU (113.0%); Memory(MB): used = 393, reserved = 381, peak = 393;

PHY-3001 : End Detailed Place; 
PHY-3001 : Final: Len = 11510.6, Over = 0
PHY-1001 : End Stage 3.1 | SLICE Detailed Placement; Time: 0.105936s wall, 0.093750s user + 0.015625s system = 0.109375s CPU (103.2%); Memory(MB): used = 393, reserved = 381, peak = 393;

PHY-3001 : End Detailed Place; 
PHY-1001 : Stage 3.2 | Optimize Design
OPT-1001 : Start physical optimization ...
OPT-1001 : Total overflow 0.00 peak overflow 0.00
OPT-1001 : Stage 3.2.1 | Physical Optimization
OPT-1001 : Start high-fanout net optimization in optimize equivalent flow with medium effort ...
OPT-1001 : Clean unloaded insts before merging registers
PHY-1001 : Populate physical database on model avi_fhd30_top.
PHY-1001 : Populate physical database on model avi_fhd30_top.
OPT-1001 : Total overflow 0.00 peak overflow 0.00
OPT-1001 : End optimize duplicated nets. Total 2 instances are merged and 16 sinks are reconnected,  0.025267s wall, 0.015625s user + 0.000000s system = 0.015625s CPU (61.8%)

OPT-1001 : End high-fanout net optimization;  0.025341s wall, 0.015625s user + 0.000000s system = 0.015625s CPU (61.7%)

OPT-1001 : Update timing in Manhattan mode
RUN-1002 : start command "start_timer"
OPT-1001 : End timing update;  0.023632s wall, 0.031250s user + 0.000000s system = 0.031250s CPU (132.2%)

OPT-1001 : Current memory(MB): used = 393, reserved = 381, peak = 393.
OPT-1001 : End Stage 3.2.1 | Physical Optimization; Time: 0.050033s wall, 0.046875s user + 0.000000s system = 0.046875s CPU (93.7%); Memory(MB): used = 393, reserved = 381, peak = 393;

OPT-1001 : Stage 3.2.2 | Synthesize High-fanout Net
OPT-1001 : Start high-fanout net optimization in post-pack flow with medium effort ...
OPT-1001 : Start: SWNS 443 STNS 0 NUM_FEPS 0
OPT-1001 : Total overflow 0.00 peak overflow 0.00
DBG-001 :  select 0 high fanout candidates
DBG-001 :  crit level 1 net count 0 (fanout thres 50)
DBG-001 :  crit level 2 net count 0 (fanout thres 50)
DBG-001 :  crit level 3 net count 0 (fanout thres 40)
DBG-001 :  crit level 4 net count 0 (fanout thres 30)
DBG-001 :  crit level 5 net count 0 (fanout thres 30)
DBG-001 :  crit level 6 net count 0 (fanout thres 30)
PHY-1001 : Populate physical database on model avi_fhd30_top.
OPT-1001 : 0 high-fanout net processed.
OPT-1001 : Total overflow 0.00 peak overflow 0.00
RUN-1001 : HFN opt statistic
RUN-1001 : ------------------------------------------------------
RUN-1001 :   DriverCell type  |  HFN count  |  Duplicated count  
RUN-1001 : ------------------------------------------------------
RUN-1001 :       LSLICE       |      0      |         0          
RUN-1001 :       MSLICE       |      0      |         0          
RUN-1001 :        TOTAL       |      0      |         0          
RUN-1001 : ------------------------------------------------------
OPT-1001 : End high-fanout net optimization;  0.004227s wall, 0.000000s user + 0.000000s system = 0.000000s CPU (n/a%)

OPT-1001 : Current memory(MB): used = 393, reserved = 381, peak = 393.
OPT-1001 : End Stage 3.2.2 | Synthesize High-fanout Net; Time: 0.005299s wall, 0.000000s user + 0.000000s system = 0.000000s CPU (n/a%); Memory(MB): used = 393, reserved = 381, peak = 393;

OPT-1001 : Stage 3.2.3 | Optimize Path
OPT-1001 : Start unpack path based optimization ...
OPT-0007 : Start: SWNS 443 STNS 0 NUM_FEPS 0 with mode 2
OPT-1001 : Start congestion update ...
RUN-1001 : Generating global routing grids ...
PHY-1001 : Generate routing nets ...
PHY-1001 : Reuse net number 48/137.
PHY-1001 : Global iterations in 20 thread ...
PHY-1002 : len = 12560, over cnt = 10(0%), over = 13, worst = 3
PHY-1002 : len = 12816, over cnt = 0(0%), over = 0, worst = 0
PHY-1001 : End global iterations;  0.013088s wall, 0.015625s user + 0.000000s system = 0.015625s CPU (119.4%)

PHY-1001 : Congestion index:
PHY-1001 : top1  = 15.72(S 6.87, N 9.48, E 13.82, W 7.40, I 14.23, O 16.37)
PHY-1001 : top5  = 4.58(S 1.39, N 2.43, E 3.32, W 1.46, I 2.82, O 3.24)
PHY-1001 : top10 = 2.29(S 0.70, N 1.21, E 1.66, W 0.73, I 1.41, O 1.62)
PHY-1001 : top15 = 1.53(S 0.46, N 0.81, E 1.11, W 0.49, I 0.94, O 1.08)
OPT-1001 : End congestion update;  0.035927s wall, 0.046875s user + 0.000000s system = 0.046875s CPU (130.5%)

OPT-0007 : Iter 1: improved SWNS 939 STNS 0 NUM_FEPS 0 with 2(18) cells and 9(9) paths processed with 542 slack improved, crit_thod: 1071 ratio: 1.00(2/2) rt: 0.0s
OPT-0007 : Iter 2: improved SWNS 939 STNS 0 NUM_FEPS 0 with 1(16) cells and 8(8) paths processed with 56 slack improved, crit_thod: 1117 ratio: 1.00(1/1) rt: 0.0s
OPT-0007 : Iter 3: improved SWNS 939 STNS 0 NUM_FEPS 0 with 1(18) cells and 9(9) paths processed with 80 slack improved, crit_thod: 1162 ratio: 1.00(1/1) rt: 0.0s
OPT-0007 : Iter 4: improved SWNS 939 STNS 0 NUM_FEPS 0 with 1(18) cells and 9(9) paths processed with 213 slack improved, crit_thod: 1173 ratio: 1.00(1/1) rt: 0.0s
OPT-0007 : Iter 5: improved SWNS 939 STNS 0 NUM_FEPS 0 with 2(20) cells and 10(10) paths processed with 214 slack improved, crit_thod: 1201 ratio: 1.00(2/2) rt: 0.0s
OPT-0007 : Iter 6: improved SWNS 939 STNS 0 NUM_FEPS 0 with 1(18) cells and 9(9) paths processed with 42 slack improved, crit_thod: 1230 ratio: 1.00(1/1) rt: 0.0s
OPT-1001 : End path based optimization;  0.059991s wall, 0.062500s user + 0.000000s system = 0.062500s CPU (104.2%)

OPT-1001 : Current memory(MB): used = 393, reserved = 381, peak = 393.
OPT-1001 : End Stage 3.2.3 | Optimize Path; Time: 0.060848s wall, 0.062500s user + 0.000000s system = 0.062500s CPU (102.7%); Memory(MB): used = 393, reserved = 381, peak = 393;

OPT-1001 : Stage 3.2.4 | Optimize Duplicated Nets
OPT-1001 : Start: WNS 939 TNS 0 NUM_FEPS 0
OPT-1001 : Clean unloaded insts before merging registers
PHY-1001 : Populate physical database on model avi_fhd30_top.
PHY-1001 : Populate physical database on model avi_fhd30_top.
OPT-1001 : Total overflow 0.00 peak overflow 0.00
OPT-1001 : End optimize duplicated nets. Total 0 instances are merged and 31 sinks are reconnected,  0.016881s wall, 0.015625s user + 0.000000s system = 0.015625s CPU (92.6%)

OPT-1001 : Update timing in Manhattan mode
RUN-1002 : start command "start_timer"
OPT-1001 : End timing update;  0.021513s wall, 0.031250s user + 0.000000s system = 0.031250s CPU (145.3%)

OPT-1001 : Current memory(MB): used = 393, reserved = 381, peak = 393.
OPT-1001 : End Stage 3.2.4 | Optimize Duplicated Nets; Time: 0.039333s wall, 0.046875s user + 0.000000s system = 0.046875s CPU (119.2%); Memory(MB): used = 393, reserved = 381, peak = 393;

OPT-1001 : Stage 3.2.5 | Swap Pins
OPT-1001 : Start pin optimization...
OPT-1001 : Start: SWNS 939 STNS 0 NUM_FEPS 0
OPT-1001 : Successfully optimized 31 instances
OPT-1001 : Successfully optimized 27 instances
OPT-1001 : End pin optimization;  0.022286s wall, 0.015625s user + 0.000000s system = 0.015625s CPU (70.1%)

OPT-1001 : Current memory(MB): used = 393, reserved = 381, peak = 393.
OPT-1001 : End Stage 3.2.5 | Swap Pins; Time: 0.023181s wall, 0.015625s user + 0.000000s system = 0.015625s CPU (67.4%); Memory(MB): used = 393, reserved = 381, peak = 393;

OPT-1001 : Stage 3.2.6 | Optimize Beeline
OPT-1001 : Start beeline optimization...
OPT-1001 : Start: SWNS 939 STNS 0 NUM_FEPS 0
PHY-1001 : Beeline DP, 11 out of 27 (40.74)%; hop = 14.
PHY-1001 : Beeline DP, 3 out of 18 (16.67)%; hop = 5.
PHY-1001 : Beeline DP, 1 out of 15 (6.67)%; hop = 2.
PHY-1001 : Beeline DP, 1 out of 16 (6.25)%; hop = 2.
PHY-1001 : Beeline DP, 1 out of 15 (6.67)%; hop = 2.
PHY-1001 : Beeline optimization intraPLB, 43 1-hop(42.57%), 49 2-hop(48.51%), 6 3-hop( 5.94%), 3 others ( 2.97%)
PHY-1001 :  0.071302s wall, 0.078125s user + 0.000000s system = 0.078125s CPU (109.6%)

RUN-1001 : Beeline optimization outerPLB: 1-hop 42, 2-hop 84, 3-hop 38, 4-hop 5, other 21 
OPT-1001 : End beeline optimization;  0.088926s wall, 0.093750s user + 0.000000s system = 0.093750s CPU (105.4%)

OPT-1001 : Update timing in Manhattan mode
OPT-1001 : End timing update;  0.006924s wall, 0.015625s user + 0.000000s system = 0.015625s CPU (225.7%)

OPT-1001 : End Stage 3.2.6 | Optimize Beeline; Time: 0.103280s wall, 0.109375s user + 0.000000s system = 0.109375s CPU (105.9%); Memory(MB): used = 406, reserved = 394, peak = 406;

OPT-0007 : End flow postpack: SWNS 939 STNS 0 NUM_FEPS 0
RUN-1001 : Generating global routing grids ...
PHY-1001 : Generate routing nets ...
PHY-1001 : Reuse net number 97/130.
PHY-1001 : Global iterations in 20 thread ...
PHY-1002 : len = 13888, over cnt = 2(0%), over = 2, worst = 1
PHY-1002 : len = 13872, over cnt = 0(0%), over = 0, worst = 0
PHY-1001 : End global iterations;  0.005172s wall, 0.000000s user + 0.000000s system = 0.000000s CPU (n/a%)

PHY-1001 : Congestion index:
PHY-1001 : top1  = 15.96(S 6.41, N 9.73, E 13.82, W 8.32, I 14.23, O 16.37)
PHY-1001 : top5  = 4.72(S 1.31, N 2.51, E 3.45, W 1.66, I 2.82, O 3.24)
PHY-1001 : top10 = 2.36(S 0.66, N 1.26, E 1.73, W 0.83, I 1.41, O 1.62)
PHY-1001 : top15 = 1.57(S 0.44, N 0.84, E 1.15, W 0.55, I 0.94, O 1.08)
RUN-1001 : QoR Analysis:
OPT-0007 :   SWNS 939 STNS 0 NUM_FEPS 0
RUN-1001 :   No local congestion issue, and most congested 1% tile average routing util is 15.526316
RUN-1001 :   Top critical paths
RUN-1001 :       #1 path slack 939ps with logic level 2 
RUN-1001 :       #2 path slack 939ps with logic level 2 
RUN-1001 :       #3 path slack 939ps with logic level 2 
RUN-1001 :       #4 path slack 1020ps with logic level 2 
OPT-1001 : End physical optimization;  0.313653s wall, 0.312500s user + 0.000000s system = 0.312500s CPU (99.6%)

PHY-1001 : End Stage 3.2 | Optimize Design; Time: 0.313767s wall, 0.312500s user + 0.000000s system = 0.312500s CPU (99.6%); Memory(MB): used = 406, reserved = 394, peak = 406;

RUN-1001 : Report Control nets information:
RUN-1001 : DFF Distribution
RUN-1001 : -------------------------------------
RUN-1001 :   CE   |  SSR  |  ASR  |  DFF Count  
RUN-1001 : -------------------------------------
RUN-1001 :   No   |  No   |  No   |      0      
RUN-1001 :   No   |  No   |  Yes  |      0      
RUN-1001 :   No   |  Yes  |  No   |      0      
RUN-1001 :   Yes  |  No   |  No   |     13      
RUN-1001 :   Yes  |  No   |  Yes  |     112     
RUN-1001 :   Yes  |  Yes  |  No   |      0      
RUN-1001 : -------------------------------------
RUN-1001 : Control Group Statistic
RUN-1001 : -----------------------------
RUN-1001 :   #CLK  |  #CE  |  #SSR/ASR  
RUN-1001 : -----------------------------
RUN-1001 :    2    |   6   |     5      
RUN-1001 : -----------------------------
RUN-0007 : Control Set = 15
PHY-1001 : End Stage 3 | Detailed Placement; Time: 0.421280s wall, 0.406250s user + 0.015625s system = 0.421875s CPU (100.1%); Memory(MB): used = 406, reserved = 394, peak = 406;

PHY-1001 : Populate physical database on model avi_fhd30_top.
PHY-1001 : Stage 4 | Optimize Design
PHY-3001 : Start incremental legalization ...
PHY-1001 : Populate physical database on model avi_fhd30_top.
PHY-3001 : Target density is 60%
PHY-3001 : Target density is 60%
PHY-3001 : Initial: Len = 12833.2, Over = 0
PHY-1001 : Stage 4.1 | Spreading
PHY-3001 : Design contains 1 ce signals.
PHY-3001 : Spreading for sector grids.
PHY-3001 : Iter 1, total overflow: 0
PHY-3001 : tot_capacity: 24, usage_cnt: 3, movable_cnt: 24
PHY-3001 : Spreading for clock grids.
PHY-3001 : clock grid count for 24 x 4 grids
PHY-3001 : Spreading for plb grids.
PHY-3001 : total displace: 0, max displace: 0.
PHY-3001 : End spreading;  0.007011s wall, 0.015625s user + 0.000000s system = 0.015625s CPU (222.9%)

PHY-1001 : End Stage 4.1 | Spreading; Time: 0.007117s wall, 0.015625s user + 0.000000s system = 0.015625s CPU (219.5%); Memory(MB): used = 406, reserved = 394, peak = 406;

PHY-3001 : Final: Len = 12833.2, Over = 0
PHY-3001 : End incremental legalization;  0.016691s wall, 0.015625s user + 0.000000s system = 0.015625s CPU (93.6%)

RUN-1002 : start command "report_qor -step place -file place.qor"
RUN-1002 : start command "start_timer"
TMR-2502 : Net delay update with mode: Placed
RUN-1001 : Generating global routing grids ...
-----------------------------------------------------------
| QoR metrics               |         value               |
-----------------------------------------------------------
| Timing                    |                             |
|     Setup WNS             |          939                |
|     Setup TNS             |            0                |
|     Num of violated S-EP  |            0                |
|     FMAX                  |   570.125MHz                |
|     SWNS path clock period |       2693ps                |
|     Hold WNS              |           51                |
|     Hold TNS              |            0                |
|     Num of violated H-EP  |            0                |
-----------------------------------------------------------
| Routing Resource          |                             |
|     Wire length           |        12793                |
|     Route Net Num         |          208                |
|     DontRoute Net Num     |           30                |
|     RouteSinks Num        |          726                |
-----------------------------------------------------------
| Utilization               |                             |
|     #slices               |          138                |
|     slices percentage     |        0.65%                |
|     #RAMs                 |            0                |
|     #DSPs                 |            0                |
|     #DRAMHARDCON          |            0                |
-----------------------------------------------------------
| Congestion                |                             |
|     Top 1% tile util      |            6                |
|     Top 1% tile avg util  |       15.53%                |
|     Over 100% util #tile  |            0                |
-----------------------------------------------------------
Report place stage QoR done.

PHY-1001 : End Stage 4 | Optimize Design; Time: 0.091030s wall, 0.093750s user + 0.000000s system = 0.093750s CPU (103.0%); Memory(MB): used = 407, reserved = 394, peak = 407;

PHY-1001 : Stage 5 | DRC Check
PHY-1001 : Stage 5.1 | Slice Attributes Check
PHY-1001 : Check pass.
PHY-1001 : End Stage 5.1 | Slice Attributes Check; Time: 0.000490s wall, 0.000000s user + 0.000000s system = 0.000000s CPU (n/a%); Memory(MB): used = 407, reserved = 394, peak = 407;

PHY-1001 : Stage 5.2 | Clock Bound Check
PHY-1001 : Check pass.
PHY-1001 : End Stage 5.2 | Clock Bound Check; Time: 0.000052s wall, 0.000000s user + 0.000000s system = 0.000000s CPU (n/a%); Memory(MB): used = 407, reserved = 394, peak = 407;

PHY-1001 : Stage 5.3 | Force Route Constraint Check
PHY-1001 : Check Pass.
PHY-1001 : End Stage 5.3 | Force Route Constraint Check; Time: 0.000059s wall, 0.000000s user + 0.000000s system = 0.000000s CPU (n/a%); Memory(MB): used = 407, reserved = 394, peak = 407;

PHY-1001 : Stage 5.4 | Sigmap Check
PHY-1001 : Check pass.
PHY-1001 : End Stage 5.4 | Sigmap Check; Time: 0.000450s wall, 0.000000s user + 0.000000s system = 0.000000s CPU (n/a%); Memory(MB): used = 407, reserved = 394, peak = 407;

PHY-1001 : Stage 5.5 | Duplicated SelfDriven Check
PHY-1001 : Check pass.
PHY-1001 : End Stage 5.5 | Duplicated SelfDriven Check; Time: 0.004297s wall, 0.000000s user + 0.000000s system = 0.000000s CPU (n/a%); Memory(MB): used = 407, reserved = 394, peak = 407;

PHY-1001 : Stage 5.6 | Clock Rule Check
PHY-1001 : End Stage 5.6 | Clock Rule Check; Time: 0.000588s wall, 0.000000s user + 0.000000s system = 0.000000s CPU (n/a%); Memory(MB): used = 407, reserved = 394, peak = 407;

PHY-1001 : End Stage 5 | DRC Check; Time: 0.021964s wall, 0.015625s user + 0.000000s system = 0.015625s CPU (71.1%); Memory(MB): used = 407, reserved = 394, peak = 407;

OPT-1001 : QoR tracer report on placement steps:
    SWNS [   incr ]    STNS [   incr ]    FEPS [   incr ]    CRIT [   incr ]      CELL [     incr ]        WL [     incr ]    CONG [   incr ]    PDES [   incr ]   RT(s) [   incr ]   MEM(mb) [     incr ]
       0 [      0 ]       0 [      0 ]       0 [      0 ]       0 [      0 ]       299 [        0 ]         0 [        0 ]    0.00 [   0.00 ]       0 [      0 ]       0 [      0 ]       336 [        0 ] : preplace:simplify_lut
       0 [      0 ]       0 [      0 ]       0 [      0 ]       0 [      0 ]       299 [        0 ]         0 [        0 ]    0.00 [   0.00 ]       0 [      0 ]       0 [      0 ]       336 [        0 ] : preplace:sweep
       0 [      0 ]       0 [      0 ]       0 [      0 ]       0 [      0 ]       299 [        0 ]         0 [        0 ]    0.00 [   0.00 ]       0 [      0 ]       0 [      0 ]       338 [        2 ] : preplace:lut_merge
       0 [      0 ]       0 [      0 ]       0 [      0 ]       0 [      0 ]       299 [        0 ]         0 [        0 ]    0.00 [   0.00 ]       0 [      0 ]       0 [      0 ]       338 [        0 ] : preplace:hfn_opt
    -499 [   -499 ]   -2902 [  -2902 ]       8 [      8 ]    1401 [   1401 ]       300 [        1 ]     13284 [    13284 ]    0.00 [   0.00 ]       0 [      0 ]       0 [      0 ]       340 [        2 ] : step1_gp
    -499 [      0 ]   -2902 [      0 ]       8 [      0 ]    1401 [      0 ]       300 [        0 ]     13284 [        0 ]    0.00 [   0.00 ]       0 [      0 ]       0 [      0 ]       340 [        0 ] : step1_legal
    -499 [      0 ]   -2902 [      0 ]       8 [      0 ]    1401 [      0 ]       300 [        0 ]     13284 [        0 ]    0.00 [   0.00 ]       0 [      0 ]       0 [      0 ]       340 [        0 ] : step1_dp
     -18 [    481 ]     -18 [   2884 ]       1 [     -7 ]    1405 [      4 ]       300 [        0 ]      9036 [    -4248 ]   18.47 [  18.47 ]       0 [      0 ]       0 [      0 ]       374 [       34 ] : step2_gp
     -18 [      0 ]     -18 [      0 ]       1 [      0 ]    1405 [      0 ]       300 [        0 ]      9036 [        0 ]   18.47 [   0.00 ]       0 [      0 ]       0 [      0 ]       374 [        0 ] : step2_dp
     -18 [      0 ]     -18 [      0 ]       1 [      0 ]    1405 [      0 ]       300 [        0 ]      9036 [        0 ]   18.47 [   0.00 ]       0 [      0 ]       0 [      0 ]       375 [        1 ] : prepack_spreading
     648 [    666 ]       0 [     18 ]       0 [     -1 ]    1428 [     23 ]       304 [        4 ]      9229 [      193 ]   14.39 [  -4.08 ]       0 [      0 ]       0 [      0 ]       376 [        1 ] : prepack:hfn_opt
     648 [      0 ]       0 [      0 ]       0 [      0 ]    1428 [      0 ]       304 [        0 ]      9462 [      233 ]   14.26 [  -0.13 ]       0 [      0 ]       0 [      0 ]       376 [        0 ] : prepack:global_opt
     678 [     30 ]       0 [      0 ]       0 [      0 ]    1151 [   -277 ]       156 [     -148 ]     18431 [     8969 ]   15.00 [   0.74 ]       0 [      0 ]       2 [      2 ]       393 [       17 ] : direct_legalization
     678 [      0 ]       0 [      0 ]       0 [      0 ]    1151 [      0 ]       156 [        0 ]     18431 [        0 ]   15.00 [   0.00 ]       0 [      0 ]       2 [      0 ]       393 [        0 ] : post_pack_spreading
     558 [   -120 ]       0 [      0 ]       0 [      0 ]    1232 [     81 ]       156 [        0 ]     11470 [    -6961 ]   15.97 [   0.97 ]       0 [      0 ]       2 [      0 ]       393 [        0 ] : post_pack_dp
     443 [   -115 ]       0 [      0 ]       0 [      0 ]    1221 [    -11 ]       155 [       -1 ]     11306 [     -164 ]   15.97 [   0.00 ]       0 [      0 ]       2 [      0 ]       393 [        0 ] : postpack:optimize_equivalent_quick
     443 [      0 ]       0 [      0 ]       0 [      0 ]    1221 [      0 ]       155 [        0 ]     11306 [        0 ]   15.97 [   0.00 ]       0 [      0 ]       2 [      0 ]       393 [        0 ] : postpack:hfn_opt
     939 [    496 ]       0 [      0 ]       0 [      0 ]    1263 [     42 ]       156 [        1 ]     12418 [     1112 ]   15.26 [  -0.71 ]       0 [      0 ]       2 [      0 ]       393 [        0 ] : postpack:path_opt
     939 [      0 ]       0 [      0 ]       0 [      0 ]    1263 [      0 ]       156 [        0 ]     12146 [     -272 ]   15.26 [   0.00 ]       0 [      0 ]       2 [      0 ]       393 [        0 ] : postpack:optimize_equivalent
     939 [      0 ]       0 [      0 ]       0 [      0 ]    1314 [     51 ]       156 [        0 ]     12146 [        0 ]   15.26 [   0.00 ]       0 [      0 ]       2 [      0 ]       393 [        0 ] : postpack:pin_opt
     939 [      0 ]       0 [      0 ]       0 [      0 ]    1275 [    -39 ]       156 [        0 ]     12793 [      647 ]   15.26 [   0.00 ]       0 [      0 ]       2 [      0 ]       406 [       13 ] : postpack:beeline_opt

RUN-1003 : finish command "place" in  2.547476s wall, 14.968750s user + 0.937500s system = 15.906250s CPU (624.4%)

RUN-1004 : used memory is 407 MB, reserved memory is 394 MB, peak memory is 407 MB
RUN-1002 : start command "update_timing -mode manhattan"
RUN-1002 : start command "start_timer"
RUN-1002 : start command "report_timing_status -file avi_fhd30_place.ts"
RUN-1002 : start command "report_timing_summary -file avi_fhd30_place.timing"
RUN-1002 : start command "report_area -io_info -file avi_fhd30_phy.area"
SYN-4034 : The count of slices with lut is 113.
SYN-4035 : The count of slices with lut+ripple is 12.
RUN-1001 : standard
***Report Model: avi_fhd30_top Device: PH1P35MDG324***

Design Statistics
#IO                         6   out of    160    3.75%
  #input                    2
  #output                   4
  #inout                    0
#lut6                     125   out of  21216    0.59%
#reg                      125
  #slice reg              125   out of  42432    0.29%
  #pad reg                  0

Utilization Statistics
#slice                    138   out of  21216    0.65%
  #used ram                 0
    #dram lut               0
    #shifter lut            0
  #used logic             138
    #with luts            113
    #with adder            12
    #reg only              13
#f7mux                      0   out of  10608    0.00%
#f8mux                      0   out of   5304    0.00%
#eram                       0   out of    108    0.00%
  #eram20k                  0
  #fifo20k                  0
#dsp                        0   out of     40    0.00%
#ddr_byte                   0   out of     12    0.00%
#mipi_tx                    0   out of      2    0.00%
#mipi_rx                    0   out of      2    0.00%
#pad                       10   out of    160    6.25%
#pll                        2   out of      6   33.33%
#gclk                       3   out of     32    9.38%
#lclk                       0   out of     12    0.00%
#sclk                       0   out of     48    0.00%
#mlclk                      0   out of      6    0.00%
#ioclk                      0   out of     18    0.00%

RUN-1002 : start command "flow_status -file place_flow.status"
Location         : C:\Users\Li47\Desktop\aa\native_d_avi_r1_20261009\td_project\avi_fhd30_Runs\phy_1
Running with     : Tang Dynasty v6.2.178840
                   Copyright (c) 2012-2025 Anlogic Inc.
Top Model        : avi_fhd30_top
Device           : PH1P35MDG324
Speed            : 3

Timing Mode      : manhattan
Setup            : WNS   939ps  TNS        0ps  NUM_FEPS     0
Hold             : WNS    51ps  TNS        0ps  NUM_FEPS     0

Flow Statistics  :
RUN-1001 : Flow Statistics:
RUN-1001 : --------------------------------------------------------------------------------------------------
RUN-1001 :      command     |  #calls  |  wall time  |  cpu time(s)  |  used memory(mb)  |  peak memory(mb)  
RUN-1001 : --------------------------------------------------------------------------------------------------
RUN-1001 :       place      |    1     |   2s(66%)   |    14(93%)    |        407        |        407        
RUN-1001 :   import_device  |    1     |   1s(33%)   |     1(6%)     |        333        |        333        
RUN-1001 :     import_db    |    1     |   0s(0%)    |     0(0%)     |        335        |        335        
RUN-1001 : --------------------------------------------------------------------------------------------------
RUN-1001 :       total      |    3     |     3s      |      15       |        407        |        407        
RUN-1001 : --------------------------------------------------------------------------------------------------
RUN-1002 : start command "report_clock_utilization -file place_clock_utilization.txt"
RUN-1002 : start command "export_db avi_fhd30_place.db"
RUN-1001 : Exported flow parameters
RUN-1001 : Exported /
RUN-1001 : Exported libs
RUN-1001 : Exported entities
RUN-1001 : Exported ports
RUN-1001 : Exported pins
RUN-1001 : Exported instances
RUN-1001 : Exported nets
RUN-1001 : Exported buses
RUN-1001 : Exported models
RUN-1001 : Exported phy database
RUN-1001 : Exported packer
RUN-1001 : Exported congestions
RUN-1001 : Exported violations
RUN-1001 : Exported ATMR Setting
RUN-1001 : Exported timing constraints
RUN-1001 : Exported IO constraints
RUN-1001 : Exported Inst constraints
RUN-1001 : Exported ChipWatcher
RUN-1002 : start command "commit_param -step route"
RUN-1001 : Print Global Property
RUN-1001 : -------------------------------------------------------------
RUN-1001 :     Parameters    |   Settings   |  Default Values  |  Note  
RUN-1001 : -------------------------------------------------------------
RUN-1001 :    enable_seed    |     off      |       off        |        
RUN-1001 :    hfn_to_clock   |  1000000000  |    1000000000    |        
RUN-1001 :      message      |   standard   |     standard     |        
RUN-1001 :    qor_monitor    |      on      |        on        |        
RUN-1001 :   speedup_effort  |      0       |        0         |        
RUN-1001 :    syn_ip_flow    |     off      |       off        |        
RUN-1001 :       thread      |     auto     |       auto       |        
RUN-1001 : -------------------------------------------------------------
RUN-1001 : Print Route Property
RUN-1001 : ---------------------------------------------------------------
RUN-1001 :       Parameters      |  Settings  |  Default Values  |  Note  
RUN-1001 : ---------------------------------------------------------------
RUN-1001 :         effort        |   normal   |      normal      |        
RUN-1001 :        fix_hold       |     on     |        on        |        
RUN-1001 :   hold_fix_iteration  |     5      |        5         |        
RUN-1001 :     post_route_opt    |    auto    |       auto       |        
RUN-1001 :         timing        |     on     |        on        |        
RUN-1001 : ---------------------------------------------------------------
RUN-1002 : start command "route"
RUN-1001 : Open license file D:/td6.2.1/license/Anlogic.lic
PHY-1001 : Reconnected 2 VDD pins with routing demanding
PHY-1001 : Populate physical database on model avi_fhd30_top.
RUN-1001 : Dedicate pll clock connection statistics:
RUN-1001 : Clock Region s_0_l [0,0][23,39]; Utilization: 1 out of 12
RUN-1001 : ----------------------------------------------------------------------------------------------------------------------------------------------------------
RUN-1001 :   Index  |                         Leading Clock                          |                                 Special Sink                                  
RUN-1001 : ----------------------------------------------------------------------------------------------------------------------------------------------------------
RUN-1001 :     1    |  u_pll/u_output/ph1p_phy_pll_wrapper_25a56e5ce2f9_Inst/refclk  |  u_pll/u_output/ph1p_phy_pll_wrapper_25a56e5ce2f9_Inst/u_PH1P_PHY_PLL.refclk  
RUN-1001 : ----------------------------------------------------------------------------------------------------------------------------------------------------------
PHY-1001 : Working orders of clock nets being processed in bank assignment:
PHY-1001 : u_pll/u_output/ph1p_phy_pll_wrapper_25a56e5ce2f9_Inst/refclk;
PHY-1001 : pixel;
PHY-1001 : u_phy/u0_lane_lvds_8_1/I_serial_clk_syn_1;
PHY-1001 : Internal bound Intnl_25_0_23_40 is being created by clock u_pll/u_output/ph1p_phy_pll_wrapper_25a56e5ce2f9_Inst/u_PH1P_PHY_PLL.clkc[0] through SCLK.
PHY-1001 : Internal bound Intnl_25_40_19_40 is being created by clock u_pll/u_output/ph1p_phy_pll_wrapper_25a56e5ce2f9_Inst/u_PH1P_PHY_PLL.clkc[0] through SCLK.
RUN-1001 : Clock region assignment statistics:
RUN-1001 : Clock Region s_0_l [0,0][23,39]; Utilization: 1 out of 12
RUN-1001 : ----------------------------------------------------------------------------------------------------------------------------------------------------------------------------------
RUN-1001 :   Bank  |                         Leading Clock                          |       Type        |                         Buffer                          |  Regional Clock Fanouts  
RUN-1001 : ----------------------------------------------------------------------------------------------------------------------------------------------------------------------------------
RUN-1001 :    1    |  u_pll/u_output/ph1p_phy_pll_wrapper_25a56e5ce2f9_Inst/refclk  |  (infered sclk)   |  u_pll/u_ref/bufg_feedback_auto_created_sclk_s_0_l_bk1  |            1             
RUN-1001 : ----------------------------------------------------------------------------------------------------------------------------------------------------------------------------------
RUN-1001 : Clock Region s_0_r [24,0][47,39]; Utilization: 1 out of 12
RUN-1001 : --------------------------------------------------------------------------------------------------------------------------------------
RUN-1001 :   Bank  |  Leading Clock  |       Type        |                           Buffer                           |  Regional Clock Fanouts  
RUN-1001 : --------------------------------------------------------------------------------------------------------------------------------------
RUN-1001 :    1    |      pixel      |  (infered sclk)   |  u_pll/u_output/bufg_feedback_auto_created_sclk_s_0_r_bk1  |            3             
RUN-1001 : --------------------------------------------------------------------------------------------------------------------------------------
RUN-1001 : Clock Region s_1_r [24,40][43,79]; Utilization: 2 out of 12
RUN-1001 : ------------------------------------------------------------------------------------------------------------------------------------------------------------------------------------------
RUN-1001 :   Bank  |                Leading Clock                |       Type        |                                       Buffer                                       |  Regional Clock Fanouts  
RUN-1001 : ------------------------------------------------------------------------------------------------------------------------------------------------------------------------------------------
RUN-1001 :    1    |                    pixel                    |  (infered sclk)   |              u_pll/u_output/bufg_feedback_auto_created_sclk_s_1_r_bk1              |            52            
RUN-1001 :    2    |  u_phy/u0_lane_lvds_8_1/I_serial_clk_syn_1  |  (infered sclk)   |  u_phy/u0_lane_lvds_8_1/I_serial_clk_created_gclkinst_auto_created_sclk_s_1_r_bk2  |            43            
RUN-1001 : ------------------------------------------------------------------------------------------------------------------------------------------------------------------------------------------
PHY-1001 : Populate physical database on model avi_fhd30_top.
PHY-1001 : Route runs in 20 thread(s)
RUN-1001 : There are total 178 instances
RUN-1001 : 0 mslices, 138 lslices, 8 pads, 0 brams, 0 dsps
RUN-1001 : There are total 258 nets
RUN-1001 : 149 nets have 2 pins
RUN-1001 : 70 nets have [3 - 5] pins
RUN-1001 : 20 nets have [6 - 10] pins
RUN-1001 : 11 nets have [11 - 20] pins
RUN-1001 : 8 nets have [21 - 99] pins
RUN-1002 : start command "start_timer"
PHY-1001 : 0 mslices, 138 lslices, 8 pads, 0 brams, 0 dsps

PHY-1001 : Stage 1 | Global Routing
PHY-1001 : Start global routing, caller is route ...
RUN-1001 : Generating global routing grids ...
PHY-1001 : Generate routing nets ...
RUN-1001 : Generate nets statistics:
RUN-1001 : ---------------------------
RUN-1001 :        Type       |  Nets  
RUN-1001 : ---------------------------
RUN-1001 :   TotalRouteNets  |  212   
RUN-1001 :   DontRouteNets   |   82   
RUN-1001 :     RouteNets     |  130   
RUN-1001 :     RouteSinks    |  259   
RUN-1001 : ---------------------------
PHY-1001 : Global iterations in 20 thread ...
PHY-1002 : len = 13360, over cnt = 7(0%), over = 11, worst = 3
PHY-1002 : len = 13648, over cnt = 2(0%), over = 2, worst = 1
PHY-1002 : len = 13680, over cnt = 0(0%), over = 0, worst = 0
PHY-1001 : End global iterations;  0.013758s wall, 0.000000s user + 0.015625s system = 0.015625s CPU (113.6%)

PHY-1001 : Congestion index:
PHY-1001 : top1  = 15.02(S 6.83, N 9.40, E 13.24, W 7.49, I 14.23, O 16.37)
PHY-1001 : top5  = 4.47(S 1.39, N 2.43, E 3.29, W 1.50, I 2.82, O 3.24)
PHY-1001 : top10 = 2.24(S 0.70, N 1.21, E 1.64, W 0.75, I 1.41, O 1.62)
PHY-1001 : top15 = 1.49(S 0.46, N 0.81, E 1.10, W 0.50, I 0.94, O 1.08)
PHY-1001 : End global routing;  0.037014s wall, 0.031250s user + 0.015625s system = 0.046875s CPU (126.6%)

PHY-1001 : End Stage 1 | Global Routing; Time: 0.037101s wall, 0.031250s user + 0.015625s system = 0.046875s CPU (126.3%); Memory(MB): used = 409, reserved = 523, peak = 409;

PHY-1001 : Stage 2 | Detail Routing
PHY-1001 : Stage 2.1 | Build Routing Design
PHY-1001 : Routing in high effort: false
PHY-1001 : Routing Mode: normal
PHY-1001 : Generate detailed routing grids ...
RUN-1001 : Constructing routing connections ...
PHY-1001 : End build routing graph; 2.149635s wall, 14.421875s user + 0.125000s system = 14.546875s CPU (676.7%)

PHY-1001 : Generate nets ...
RUN-1001 : Generate nets statistics:
RUN-1001 : -----------------------------
RUN-1001 :         Type        |  Nets  
RUN-1001 : -----------------------------
RUN-1001 :        Route        |  229   
RUN-1001 :      DontRoute      |   29   
RUN-1001 :      RouteSinks     |  826   
RUN-1001 :   RouteEntitySinks  |   0    
RUN-1001 :       Lut2Dff       |   0    
RUN-1001 :       Ram2Dff       |   0    
RUN-1001 :      Carry2Dff      |   0    
RUN-1001 : -----------------------------
RUN-1001 : DR clock net summary:
RUN-1001 : -------------------------------------------------------------------------------------------
RUN-1001 :   Net Idx  |                            Net Name                            |  Clock Type  
RUN-1001 : -------------------------------------------------------------------------------------------
RUN-1001 :      1     |                        I_sys_clk_dup_1                         |    Normal    
RUN-1001 :      2     |                             pixel                              |    Normal    
RUN-1001 :      3     |              u_phy/u0_lane_lvds_8_1/I_serial_clk               |    Normal    
RUN-1001 :      4     |           u_phy/u0_lane_lvds_8_1/I_serial_clk_syn_1            |    Normal    
RUN-1001 :      5     |                    u_pll/u_output/clk0_buf                     |    Normal    
RUN-1001 :      6     |  u_pll/u_output/ph1p_phy_pll_wrapper_25a56e5ce2f9_Inst/refclk  |    Normal    
RUN-1001 :      7     |                      u_pll/u_ref/clk0_buf                      |    Normal    
RUN-1001 : -------------------------------------------------------------------------------------------
RUN-1001 : DR clock buffer summary:
RUN-1001 : --------------------------------------------------------------------------------------------
RUN-1001 :   Idx  |                                        Name                                        
RUN-1001 : --------------------------------------------------------------------------------------------
RUN-1001 :    1   |               u_pll/u_ref/bufg_feedback_auto_created_sclk_s_0_l_bk1                
RUN-1001 :    2   |              u_pll/u_output/bufg_feedback_auto_created_sclk_s_0_r_bk1              
RUN-1001 :    3   |              u_pll/u_output/bufg_feedback_auto_created_sclk_s_1_r_bk1              
RUN-1001 :    4   |  u_phy/u0_lane_lvds_8_1/I_serial_clk_created_gclkinst_auto_created_sclk_s_1_r_bk2  
RUN-1001 : --------------------------------------------------------------------------------------------
PHY-1001 : End Stage 2.1 | Build Routing Design; Time: 2.156132s wall, 14.421875s user + 0.125000s system = 14.546875s CPU (674.7%); Memory(MB): used = 703, reserved = 690, peak = 703;

RUN-1001 : Top Percentage Crit. Net Stat.
RUN-1001 : -------------------------------------------------------
RUN-1001 :   Top %  |  Net Count  |  Avg. Fanout  |  Avg. Slack   
RUN-1001 : -------------------------------------------------------
RUN-1001 :     1    |      2      |   2.500000    |  939.000000   
RUN-1001 :     2    |      5      |   7.400000    |  1015.800000  
RUN-1001 :     3    |      7      |   10.285714   |  1048.285714  
RUN-1001 :     4    |     10      |   7.600000    |  1103.800000  
RUN-1001 :     5    |     12      |   6.500000    |  1130.333333  
RUN-1001 :     6    |     15      |   5.466667    |  1160.600000  
RUN-1001 :     7    |     18      |   5.000000    |  1186.166667  
RUN-1001 :     8    |     20      |   4.600000    |  1200.950000  
RUN-1001 :     9    |     23      |   4.217391    |  1219.826087  
RUN-1001 :    10    |     25      |   3.960000    |  1232.400000  
RUN-1001 : -------------------------------------------------------
PHY-1001 : Stage 2.2 | Tile Base Routing
PHY-1001 : 7 nets need to preroute.
PHY-1001 : len = 0, over cnt = 0(0%), over = 0, worst = 0, crit = 0
PHY-1001 : End Stage 2.2 | Tile Base Routing; Time: 0.017152s wall, 0.015625s user + 0.000000s system = 0.015625s CPU (91.1%); Memory(MB): used = 704, reserved = 690, peak = 704;

PHY-1001 : Stage 2.3 | Clock Nets Routing
PHY-1001 : Routed 5% nets.
PHY-1001 : len = 19456, over cnt = 0(0%), over = 0, worst = 0, crit = 0
PHY-1001 : End Stage 2.3 | Clock Nets Routing; Time: 0.048163s wall, 0.312500s user + 0.000000s system = 0.312500s CPU (648.8%); Memory(MB): used = 709, reserved = 695, peak = 709;

PHY-1001 : Stage 2.4 | Routing Initialization
PHY-1001 : Mark 1% net(place mode slack < 1055ps) as critical nets.
PHY-1001 : Stage 2.4.1 | Normal Nets Routing

PHY-1001 : Routed 86% nets.
PHY-1001 : len = 37856, over cnt = 54(0%), over = 55, worst = 2, crit = 0
PHY-1001 : End Stage 2.4.1 | Normal Nets Routing; Time: 0.104238s wall, 0.093750s user + 0.000000s system = 0.093750s CPU (89.9%); Memory(MB): used = 725, reserved = 711, peak = 725;

PHY-1001 : Stage 2.4.2 | Update Timing
RUN-1002 : start command "start_timer"
PHY-1001 : 0/212(0%) critical/total net(s).
PHY-1001 : Setup: WNS(ns) = 0.431, TNS(ns) = 0.000, FEP = 0 | Hold: WNS(ns) = -0.096, TNS(ns) = -0.490, FEP = 15.
PHY-1001 : End Stage 2.4.2 | Update Timing; Time: 0.118317s wall, 0.125000s user + 0.000000s system = 0.125000s CPU (105.6%); Memory(MB): used = 726, reserved = 713, peak = 726;

PHY-1001 : Stage 2.4.3 | Deskew Clock Tree
RUN-1001 : Deskew Summary
RUN-1001 : -----------------------------------------------------------------------------------------------------------
RUN-1001 :                                      Clock                                      |  Pre-Skew  |  Post-Skew  
RUN-1001 : -----------------------------------------------------------------------------------------------------------
RUN-1001 :   u_pll/u_output/ph1p_phy_pll_wrapper_25a56e5ce2f9_Inst/u_PH1P_PHY_PLL.clkc[0]  |     26     |     26      
RUN-1001 : -----------------------------------------------------------------------------------------------------------
PHY-1001 : 0/212(0%) critical/total net(s).
PHY-1001 : Setup: WNS(ns) = 0.431, TNS(ns) = 0.000, FEP = 0 | Hold: WNS(ns) = -0.096, TNS(ns) = -0.490, FEP = 15.
PHY-1001 : End Stage 2.4.3 | Deskew Clock Tree; Time: 0.108990s wall, 0.109375s user + 0.000000s system = 0.109375s CPU (100.4%); Memory(MB): used = 726, reserved = 713, peak = 726;

PHY-1001 : End Stage 2.4 | Routing Initialization; Time: 0.337889s wall, 0.328125s user + 0.000000s system = 0.328125s CPU (97.1%); Memory(MB): used = 726, reserved = 713, peak = 726;

PHY-1001 : Stage 2.5 | Routing Optimization
PHY-1001 : Build lut bridge;  0.028672s wall, 0.031250s user + 0.000000s system = 0.031250s CPU (109.0%)

PHY-1001 : Stage 2.5.1 | Phase 1
PHY-1001 : Stage 2.5.1.1 | Hold TimeOptimization
PHY-1001 : Iter 0; Processed 21 pins with HWNS -0.042ns HTNS -0.236ns FEP 7 took 0.0177795 seconds.
PHY-1001 : Iter 1; Processed 31 pins with HWNS 0.020ns HTNS 0.000ns FEP 0 took 0.0180891 seconds.
PHY-1001 : len = 39568, over cnt = 52(0%), over = 53, worst = 2, crit = 0
PHY-1001 : End Stage 2.5.1.1 | Hold TimeOptimization; Time: 0.043489s wall, 0.031250s user + 0.000000s system = 0.031250s CPU (71.9%); Memory(MB): used = 765, reserved = 751, peak = 765;

PHY-1001 : Stage 2.5.1.2 | High Fanout Nets Optimization
PHY-1001 : High fanout net optimize summary:
PHY-1001 : Process 1 nets and 1 pins with SWNS -0.123ns STNS -0.123ns FEP 1.
PHY-1001 : len = 39472, over cnt = 52(0%), over = 53, worst = 2, crit = 0
PHY-1001 : End Stage 2.5.1.2 | High Fanout Nets Optimization; Time: 0.011227s wall, 0.015625s user + 0.000000s system = 0.015625s CPU (139.2%); Memory(MB): used = 765, reserved = 751, peak = 765;

PHY-1001 : Stage 2.5.1.3 | Setup TimeOptimization
PHY-1001 : Start to optimize setup violation with net base ...
PHY-1001 : Iter 1; Processed 1 pins with SWNS 0.137ns STNS 0.000ns FEP 0 took 0.0012552 seconds.
PHY-1001 : len = 39344, over cnt = 52(0%), over = 53, worst = 2, crit = 0
PHY-1001 : End Stage 2.5.1.3 | Setup TimeOptimization; Time: 0.009549s wall, 0.015625s user + 0.000000s system = 0.015625s CPU (163.6%); Memory(MB): used = 765, reserved = 751, peak = 765;

PHY-1001 : Stage 2.5.1.4 | Rip-up And ReRoute
PHY-0007 : Congestion: {21.24, 6.07, 3.03, 2.02}; Timing: {0.137ns, 0.000ns, 0}
PHY-1001 : Iter 1: len = 39216, over cnt = 21(0%), over = 21, worst = 1, crit = 0, time(s) = 0.03
PHY-1001 : Iter 2: len = 39296, over cnt = 16(0%), over = 16, worst = 1, crit = 0, time(s) = 0.02
PHY-1001 : Iter 3: len = 39328, over cnt = 14(0%), over = 14, worst = 1, crit = 0, time(s) = 0.02
PHY-1001 : Iter 4: len = 39568, over cnt = 0(0%), over = 0, worst = 0, crit = 0, time(s) = 0.02
PHY-1001 : Commit 234 pin swap with 0 error; 0.029686s wall, 0.031250s user + 0.000000s system = 0.031250s CPU (105.3%)

PHY-1001 : Update congestion ...
PHY-1001 : Congestion index:
PHY-1001 : top1  = 23.05(S 11.38, N 15.37, E 16.65, W 11.47, I 14.23, O 16.37)
PHY-1001 : top5  = 6.59(S 2.28, N 3.65, E 3.78, W 2.27, I 2.82, O 3.24)
PHY-1001 : top10 = 3.30(S 1.14, N 1.82, E 1.89, W 1.14, I 1.41, O 1.62)
PHY-1001 : top15 = 2.20(S 0.76, N 1.22, E 1.26, W 0.76, I 0.94, O 1.08)
PHY-1001 : End update congestion; 0.009838s wall, 0.000000s user + 0.000000s system = 0.000000s CPU (n/a%)

PHY-1001 : End Stage 2.5.1.4 | Rip-up And ReRoute; Time: 0.162450s wall, 0.156250s user + 0.000000s system = 0.156250s CPU (96.2%); Memory(MB): used = 767, reserved = 753, peak = 767;

PHY-1001 : Stage 2.5.1.5 | Update Timing
RUN-1002 : start command "start_timer"
PHY-1001 : 2/212(0%) critical/total net(s).
PHY-1001 : Setup: WNS(ns) = -0.364, TNS(ns) = -0.536, FEP = 3 | Hold: WNS(ns) = -0.047, TNS(ns) = -0.047, FEP = 1.
PHY-1001 : End Stage 2.5.1.5 | Update Timing; Time: 0.119933s wall, 0.125000s user + 0.000000s system = 0.125000s CPU (104.2%); Memory(MB): used = 767, reserved = 753, peak = 767;

PHY-1001 : Stage 2.5.1.6 | Commit Data
PHY-1001 : Commit better result to database ...
PHY-1001 : End Stage 2.5.1.6 | Commit Data; Time: 0.000585s wall, 0.000000s user + 0.000000s system = 0.000000s CPU (n/a%); Memory(MB): used = 767, reserved = 753, peak = 767;

PHY-1001 : End Stage 2.5.1 | Phase 1; Time: 0.454818s wall, 0.453125s user + 0.000000s system = 0.453125s CPU (99.6%); Memory(MB): used = 767, reserved = 753, peak = 767;

PHY-1001 : Stage 2.5.2 | Phase 2
PHY-1001 : Stage 2.5.2.1 | Hold TimeOptimization
PHY-1001 : Iter 0; Processed 2 pins with HWNS 0.022ns HTNS 0.000ns FEP 0 took 0.0017205 seconds.
PHY-1001 : len = 39728, over cnt = 0(0%), over = 0, worst = 0, crit = 0
PHY-1001 : End Stage 2.5.2.1 | Hold TimeOptimization; Time: 0.009877s wall, 0.000000s user + 0.000000s system = 0.000000s CPU (n/a%); Memory(MB): used = 767, reserved = 753, peak = 767;

PHY-1001 : Stage 2.5.2.2 | High Fanout Nets Optimization
PHY-1001 : High fanout net optimize summary:
PHY-1001 : Process 0 nets and 0 pins with SWNS -0.364ns STNS -0.896ns FEP 4.
PHY-1001 : len = 39728, over cnt = 0(0%), over = 0, worst = 0, crit = 0
PHY-1001 : End Stage 2.5.2.2 | High Fanout Nets Optimization; Time: 0.008300s wall, 0.015625s user + 0.000000s system = 0.015625s CPU (188.3%); Memory(MB): used = 767, reserved = 753, peak = 767;

PHY-1001 : Stage 2.5.2.3 | Setup TimeOptimization
PHY-1001 : Start to optimize setup violation with net base ...
PHY-1001 : Iter 1; Processed 4 pins with SWNS 0.104ns STNS 0.000ns FEP 0 took 0.0075805 seconds.
PHY-1001 : len = 39616, over cnt = 2(0%), over = 2, worst = 1, crit = 0
PHY-1001 : End Stage 2.5.2.3 | Setup TimeOptimization; Time: 0.016017s wall, 0.000000s user + 0.015625s system = 0.015625s CPU (97.6%); Memory(MB): used = 767, reserved = 753, peak = 767;

PHY-1001 : Stage 2.5.2.4 | Rip-up And ReRoute
PHY-1001 : Iter 1: len = 39680, over cnt = 0(0%), over = 0, worst = 0, crit = 0, time(s) = 0.01
PHY-1001 : Update congestion ...
PHY-1001 : Congestion index:
PHY-1001 : top1  = 23.31(S 11.45, N 15.37, E 16.98, W 11.63, I 14.23, O 16.37)
PHY-1001 : top5  = 6.67(S 2.29, N 3.65, E 3.87, W 2.30, I 2.82, O 3.24)
PHY-1001 : top10 = 3.34(S 1.15, N 1.82, E 1.94, W 1.15, I 1.41, O 1.62)
PHY-1001 : top15 = 2.22(S 0.76, N 1.22, E 1.29, W 0.77, I 0.94, O 1.08)
PHY-1001 : End update congestion; 0.010107s wall, 0.203125s user + 0.000000s system = 0.203125s CPU (2009.8%)

PHY-1001 : End Stage 2.5.2.4 | Rip-up And ReRoute; Time: 0.050863s wall, 0.484375s user + 0.000000s system = 0.484375s CPU (952.3%); Memory(MB): used = 767, reserved = 753, peak = 767;

PHY-1001 : Stage 2.5.2.5 | Update Timing
PHY-1001 : 0/212(0%) critical/total net(s).
PHY-1001 : Setup: WNS(ns) = 0.104, TNS(ns) = 0.000, FEP = 0 | Hold: WNS(ns) = 0.019, TNS(ns) = 0.000, FEP = 0.
PHY-1001 : End Stage 2.5.2.5 | Update Timing; Time: 0.002162s wall, 0.000000s user + 0.000000s system = 0.000000s CPU (n/a%); Memory(MB): used = 767, reserved = 753, peak = 767;

PHY-1001 : Stage 2.5.2.6 | Commit Data
PHY-1001 : Commit better result to database ...
PHY-1001 : End Stage 2.5.2.6 | Commit Data; Time: 0.000350s wall, 0.000000s user + 0.000000s system = 0.000000s CPU (n/a%); Memory(MB): used = 767, reserved = 753, peak = 767;

PHY-1001 : End Stage 2.5.2 | Phase 2; Time: 0.092029s wall, 0.703125s user + 0.015625s system = 0.718750s CPU (781.0%); Memory(MB): used = 767, reserved = 753, peak = 767;

PHY-1001 : End Stage 2.5 | Routing Optimization; Time: 0.685850s wall, 1.296875s user + 0.015625s system = 1.312500s CPU (191.4%); Memory(MB): used = 767, reserved = 753, peak = 767;

PHY-1001 : Stage 2.6 | Multi-try route Optimization
PHY-1001 : End Stage 2.6 | Multi-try route Optimization; Time: 0.000292s wall, 0.000000s user + 0.000000s system = 0.000000s CPU (n/a%); Memory(MB): used = 767, reserved = 753, peak = 767;

PHY-1003 : Routed, final wirelength = 39680
RUN-1001 : Clock region assignment statistics:
PHY-1001 : Sector 0, clock routing of x0y19_clk_auto_gnd.fbclk[0,39] is not in assigned region.
RUN-1001 : Clock Region s_0_l [0,0][23,39]; Utilization: 2 out of 12
RUN-1001 : -------------------------------------------------------------------------------------------------------------------------------------------------------------------------------------------------------------------------------------------
RUN-1001 :   Bank  |                         Assigned Clock                         |                          Route Clock                           |  Marking  |                         Buffer                          |  Regional Clock Fanouts  
RUN-1001 : -------------------------------------------------------------------------------------------------------------------------------------------------------------------------------------------------------------------------------------------
RUN-1001 :    1    |  u_pll/u_output/ph1p_phy_pll_wrapper_25a56e5ce2f9_Inst/refclk  |  u_pll/u_output/ph1p_phy_pll_wrapper_25a56e5ce2f9_Inst/refclk  |           |  u_pll/u_ref/bufg_feedback_auto_created_sclk_s_0_l_bk1  |            1             
RUN-1001 :    2    |                               -                                |                       x0y19_clk_auto_gnd                       |     +     |                            -                            |            0             
RUN-1001 : -------------------------------------------------------------------------------------------------------------------------------------------------------------------------------------------------------------------------------------------
RUN-1001 : Clock Region s_0_r [24,0][47,39]; Utilization: 1 out of 12
RUN-1001 : -----------------------------------------------------------------------------------------------------------------------------------------------
RUN-1001 :   Bank  |  Assigned Clock  |  Route Clock  |  Marking  |                           Buffer                           |  Regional Clock Fanouts  
RUN-1001 : -----------------------------------------------------------------------------------------------------------------------------------------------
RUN-1001 :    1    |      pixel       |     pixel     |           |  u_pll/u_output/bufg_feedback_auto_created_sclk_s_0_r_bk1  |            3             
RUN-1001 : -----------------------------------------------------------------------------------------------------------------------------------------------
PHY-1001 : Sector 3, clock routing of x43y59_clk_auto_gnd.fbclk[43,79] is not in assigned region.
RUN-1001 : Clock Region s_1_r [24,40][43,79]; Utilization: 3 out of 12
RUN-1001 : --------------------------------------------------------------------------------------------------------------------------------------------------------------------------------------------------------------------------------
RUN-1001 :   Bank  |               Assigned Clock                |                 Route Clock                 |  Marking  |                                       Buffer                                       |  Regional Clock Fanouts  
RUN-1001 : --------------------------------------------------------------------------------------------------------------------------------------------------------------------------------------------------------------------------------
RUN-1001 :    1    |                    pixel                    |                    pixel                    |           |              u_pll/u_output/bufg_feedback_auto_created_sclk_s_1_r_bk1              |            52            
RUN-1001 :    2    |  u_phy/u0_lane_lvds_8_1/I_serial_clk_syn_1  |  u_phy/u0_lane_lvds_8_1/I_serial_clk_syn_1  |           |  u_phy/u0_lane_lvds_8_1/I_serial_clk_created_gclkinst_auto_created_sclk_s_1_r_bk2  |            43            
RUN-1001 :    12   |                      -                      |             x43y59_clk_auto_gnd             |     +     |                                         -                                          |            0             
RUN-1001 : --------------------------------------------------------------------------------------------------------------------------------------------------------------------------------------------------------------------------------
RUN-1002 : start command "export_db avi_fhd30_pr.db"
RUN-1001 : Exported flow parameters
RUN-1001 : Exported /
RUN-1001 : Exported libs
RUN-1001 : Exported entities
RUN-1001 : Exported ports
RUN-1001 : Exported pins
RUN-1001 : Exported instances
RUN-1001 : Exported nets
RUN-1001 : Exported buses
RUN-1001 : Exported models
RUN-1001 : Exported phy database
RUN-1001 : Exported packer
RUN-1001 : Exported congestions
RUN-1001 : Exported violations
RUN-1001 : Exported ATMR Setting
RUN-1001 : Exported timing constraints
RUN-1001 : Exported IO constraints
RUN-1001 : Exported Inst constraints
RUN-1001 : Exported ChipWatcher
PHY-1001 : Current memory(MB): used = 769, reserved = 891, peak = 769.
PHY-1001 : End export database. 0.074191s wall, 0.031250s user + 0.000000s system = 0.031250s CPU (42.1%)

PHY-1001 : End detail routing;  3.417904s wall, 16.500000s user + 0.156250s system = 16.656250s CPU (487.3%)

PHY-1001 : End Stage 2 | Detail Routing; Time: 3.418074s wall, 16.500000s user + 0.156250s system = 16.656250s CPU (487.3%); Memory(MB): used = 769, reserved = 891, peak = 769;

RUN-1002 : start command "fix_hold"

PHY-1001 : Stage 3 | Hold Fix
PHY-1001 : Stage 3.1 | Load Design Data
PHY-1034 : Refresh detailed routing grids ...
PHY-1001 : Generate nets ...
PHY-1001 : eco open net = 0
PHY-1001 : End Stage 3.1 | Load Design Data; Time: 0.022029s wall, 0.031250s user + 0.000000s system = 0.031250s CPU (141.9%); Memory(MB): used = 770, reserved = 891, peak = 770;

PHY-1001 : Stage 3.2 | Hold Fix Optimization
RUN-1002 : start command "start_timer"
PHY-1001 : Timing info: SWNS 0.104ns | STNS 0.000ns | HWNS 0.019ns | HTNS 0.000ns.
PHY-1001 : Processing hold violation on 1 end-point, worst slack = 19ps, best slack = 19ps.
PHY-1001 : End timing refresh.  0.117030s wall, 0.109375s user + 0.000000s system = 0.109375s CPU (93.5%)

PHY-1001 : Stage 3.2.1 | Phase 1
PHY-1001 : Stage 3.2.1.1 | Hold Fix By LutBridge
PHY-1001 : len = 39712, over cnt = 0(0%), over = 0, worst = 0, crit = 0
PHY-1001 : Bridge count = 0; unresolved count = 0.
PHY-1001 : 0 out of 1 ((0.00)%) EP fixed by LB.
PHY-1001 : End Stage 3.2.1.1 | Hold Fix By LutBridge; Time: 0.008047s wall, 0.015625s user + 0.000000s system = 0.015625s CPU (194.2%); Memory(MB): used = 770, reserved = 891, peak = 770;

PHY-1001 : Timing info: SWNS 0.052ns | STNS 0.000ns | HWNS 0.022ns | HTNS 0.000ns.
PHY-1001 : End timing refresh.  0.000260s wall, 0.000000s user + 0.000000s system = 0.000000s CPU (n/a%)

PHY-1001 : End Stage 3.2.1 | Phase 1; Time: 0.008535s wall, 0.015625s user + 0.000000s system = 0.015625s CPU (183.1%); Memory(MB): used = 770, reserved = 891, peak = 770;

PHY-1001 : End Stage 3.2 | Hold Fix Optimization; Time: 0.125957s wall, 0.125000s user + 0.000000s system = 0.125000s CPU (99.2%); Memory(MB): used = 770, reserved = 891, peak = 770;

PHY-1001 : End Stage 3 | Hold Fix; Time: 0.165468s wall, 0.171875s user + 0.000000s system = 0.171875s CPU (103.9%); Memory(MB): used = 770, reserved = 891, peak = 770;

PHY-1001 : Stage 4 | Report Route Qor
RUN-1002 : start command "report_qor -step route -file route.qor"
RUN-1002 : start command "start_timer"
TMR-2502 : Net delay update with mode: Routed
-----------------------------------------------------------
| QoR metrics               |         value               |
-----------------------------------------------------------
| Timing                    |                             |
|     Setup WNS             |           52                |
|     Setup TNS             |            0                |
|     Num of violated S-EP  |            0                |
|     Hold WNS              |           22                |
|     Hold TNS              |            0                |
|     Num of violated H-EP  |            0                |
-----------------------------------------------------------
| Routing Resource          |                             |
|     Wire length           |        39712                |
-----------------------------------------------------------
| Utilization               |                             |
|     #slices               |          138                |
|     slices percentage     |        0.65%                |
|     #RAMs                 |            0                |
|     #DSPs                 |            0                |
|     #DRAMHARDCON          |            0                |
-----------------------------------------------------------
Report route stage QoR done.

RUN-1002 : start command "update_timing -mode final"
RUN-1002 : start command "start_timer"
RUN-1002 : start command "report_timing_summary -file final_timing.rpt"
OPT-1001 : QoR tracer report on route step:
    SWNS [   incr ]    STNS [   incr ]  S-FEPS [   incr ]    HWNS [   incr ]      HTNS [     incr ]    H-FEPS [     incr ]    CELL [   incr ]      WL [   incr ]   RT(s) [   incr ]   MEM(mb) [     incr ]
     431 [      0 ]       0 [      0 ]       0 [      0 ]     -96 [      0 ]      -490 [        0 ]        15 [        0 ]     178 [      0 ]   37856 [      0 ]       2 [      0 ]       726 [        0 ] : dr_initialization
     137 [   -294 ]       0 [      0 ]       0 [      0 ]       4 [    100 ]         0 [      490 ]         0 [      -15 ]     178 [      0 ]   39344 [   1488 ]       2 [      0 ]       765 [       39 ] : dr_timing_opt_phase1
    -364 [   -501 ]    -536 [   -536 ]       3 [      3 ]     -47 [    -51 ]       -47 [      -47 ]         1 [        1 ]     178 [      0 ]   39568 [    224 ]       3 [      1 ]       767 [        2 ] : dr_opt_phase1
     104 [    468 ]       0 [    536 ]       0 [     -3 ]      19 [     66 ]         0 [       47 ]         0 [       -1 ]     178 [      0 ]   39616 [     48 ]       3 [      0 ]       767 [        0 ] : dr_timing_opt_phase2
     104 [      0 ]       0 [      0 ]       0 [      0 ]      19 [      0 ]         0 [        0 ]         0 [        0 ]     178 [      0 ]   39680 [     64 ]       3 [      0 ]       767 [        0 ] : dr_opt_phase2
     104 [      0 ]       0 [      0 ]       0 [      0 ]      19 [      0 ]         0 [        0 ]         0 [        0 ]     178 [      0 ]   39680 [      0 ]       3 [      0 ]       767 [        0 ] : multi_try_opt
      52 [    -52 ]       0 [      0 ]       0 [      0 ]      22 [      3 ]         0 [        0 ]         0 [        0 ]     178 [      0 ]   39712 [     32 ]       3 [      0 ]       770 [        3 ] : fix_hold_opt

PHY-1001 : End Stage 4 | Report Route Qor; Time: 0.255994s wall, 0.265625s user + 0.000000s system = 0.265625s CPU (103.8%); Memory(MB): used = 770, reserved = 891, peak = 770;

PHY-1001 : Stage 5 | Design Rule Check
PHY-1001 : Stage 5.1 | Check And Add Lut-bridge
PHY-1001 : End Stage 5.1 | Check And Add Lut-bridge; Time: 0.000647s wall, 0.000000s user + 0.000000s system = 0.000000s CPU (n/a%); Memory(MB): used = 770, reserved = 891, peak = 770;

PHY-1001 : Stage 5.2 | Lut Bridge Check
PHY-1001 : End Stage 5.2 | Lut Bridge Check; Time: 0.001277s wall, 0.000000s user + 0.000000s system = 0.000000s CPU (n/a%); Memory(MB): used = 770, reserved = 891, peak = 770;

PHY-1001 : Stage 5.3 | Pin swap Check
PHY-1001 : End Stage 5.3 | Pin swap Check; Time: 0.000146s wall, 0.000000s user + 0.000000s system = 0.000000s CPU (n/a%); Memory(MB): used = 770, reserved = 891, peak = 770;

PHY-1001 : Stage 5.4 | Physical Net Status Check
PHY-1001 : End Stage 5.4 | Physical Net Status Check; Time: 0.000204s wall, 0.000000s user + 0.000000s system = 0.000000s CPU (n/a%); Memory(MB): used = 770, reserved = 891, peak = 770;

PHY-1001 : Start multi-drive drc check......
PHY-1001 : No multi-drive.
PHY-1001 : Stage 5.5 | Clock Net Status Check
PHY-1001 : All clock nets do not utilize local routing resource.
PHY-1001 : End Stage 5.5 | Clock Net Status Check; Time: 0.000216s wall, 0.000000s user + 0.000000s system = 0.000000s CPU (n/a%); Memory(MB): used = 770, reserved = 891, peak = 770;

PHY-1001 : Stage 5.6 | Abnormal Timing Path check
PHY-1001 : No abnormal timing path.
PHY-1001 : End Stage 5.6 | Abnormal Timing Path check; Time: 0.001149s wall, 0.000000s user + 0.000000s system = 0.000000s CPU (n/a%); Memory(MB): used = 770, reserved = 891, peak = 770;

PHY-1001 : Stage 5.7 | Bound Check
PHY-1001 : Check Pass.
PHY-1001 : End Stage 5.7 | Bound Check; Time: 0.000073s wall, 0.000000s user + 0.000000s system = 0.000000s CPU (n/a%); Memory(MB): used = 770, reserved = 891, peak = 770;

PHY-1001 : End Stage 5 | Design Rule Check; Time: 0.009799s wall, 0.000000s user + 0.000000s system = 0.000000s CPU (n/a%); Memory(MB): used = 770, reserved = 891, peak = 770;

RUN-1003 : finish command "route" in  3.951827s wall, 17.000000s user + 0.187500s system = 17.187500s CPU (434.9%)

RUN-1004 : used memory is 770 MB, reserved memory is 891 MB, peak memory is 770 MB
RUN-1002 : start command "report_area -io_info -file avi_fhd30_phy.area"
SYN-4034 : The count of slices with lut is 113.
SYN-4035 : The count of slices with lut+ripple is 12.
RUN-1001 : standard
***Report Model: avi_fhd30_top Device: PH1P35MDG324***

Design Statistics
#IO                         6   out of    160    3.75%
  #input                    2
  #output                   4
  #inout                    0
#lut6                     125   out of  21216    0.59%
#reg                      125
  #slice reg              125   out of  42432    0.29%
  #pad reg                  0

Utilization Statistics
#slice                    138   out of  21216    0.65%
  #used ram                 0
    #dram lut               0
    #shifter lut            0
  #used logic             138
    #with luts            113
    #with adder            12
    #reg only              13
#feedthrough               26
#f7mux                      0   out of  10608    0.00%
#f8mux                      0   out of   5304    0.00%
#eram                       0   out of    108    0.00%
  #eram20k                  0
  #fifo20k                  0
#dsp                        0   out of     40    0.00%
#ddr_byte                   0   out of     12    0.00%
#mipi_tx                    0   out of      2    0.00%
#mipi_rx                    0   out of      2    0.00%
#pad                       10   out of    160    6.25%
#pll                        2   out of      6   33.33%
#gclk                       3   out of     32    9.38%
#lclk                       0   out of     12    0.00%
#sclk                       4   out of     48    8.33%
#mlclk                      0   out of      6    0.00%
#ioclk                      0   out of     18    0.00%


DataNet Average Fanout:

   Index     Fanout    Nets  
    #1         1       125   
    #2         2        33   
    #3         3        25   
    #4         4        8    
    #5        5-10      21   
    #6       11-50      7    
  Average     2.53           

RUN-1002 : start command "update_timing -mode final"
RUN-1002 : start command "start_timer"
RUN-1002 : start command "report_timing_status -file avi_fhd30_phy.ts"
RUN-1002 : start command "report_timing_summary -file avi_fhd30_pr.timing"
RUN-1002 : start command "report_timing_exception -file avi_fhd30_exception.timing"
RUN-1002 : start command "check_timing -verbose -file avi_fhd30_chk.timing"
RUN-1002 : start command "flow_status -file route_flow.status"
Location         : C:\Users\Li47\Desktop\aa\native_d_avi_r1_20261009\td_project\avi_fhd30_Runs\phy_1
Running with     : Tang Dynasty v6.2.178840
                   Copyright (c) 2012-2025 Anlogic Inc.
Top Model        : avi_fhd30_top
Device           : PH1P35MDG324
Speed            : 3

Timing Mode      : final
Setup            : WNS    52ps  TNS        0ps  NUM_FEPS     0
Hold             : WNS    22ps  TNS        0ps  NUM_FEPS     0

Flow Statistics  :
RUN-1001 : Flow Statistics:
RUN-1001 : --------------------------------------------------------------------------------------------------
RUN-1001 :      command     |  #calls  |  wall time  |  cpu time(s)  |  used memory(mb)  |  peak memory(mb)  
RUN-1001 : --------------------------------------------------------------------------------------------------
RUN-1001 :       route      |    1     |   3s(50%)   |    17(53%)    |        770        |        770        
RUN-1001 :       place      |    1     |   2s(33%)   |    14(43%)    |        407        |        407        
RUN-1001 :   import_device  |    1     |   1s(16%)   |     1(3%)     |        333        |        333        
RUN-1001 :     fix_hold     |    1     |   0s(0%)    |     0(0%)     |        770        |        770        
RUN-1001 :     import_db    |    1     |   0s(0%)    |     0(0%)     |        335        |        335        
RUN-1001 : --------------------------------------------------------------------------------------------------
RUN-1001 :       total      |    5     |     6s      |      32       |        770        |        770        
RUN-1001 : --------------------------------------------------------------------------------------------------
RUN-1002 : start command "report_clock_utilization -file route_clock_utilization.txt"
RUN-1002 : start command "export_db avi_fhd30_pr.db"
RUN-1001 : Exported flow parameters
RUN-1001 : Exported /
RUN-1001 : Exported libs
RUN-1001 : Exported entities
RUN-1001 : Exported ports
RUN-1001 : Exported pins
RUN-1001 : Exported instances
RUN-1001 : Exported nets
RUN-1001 : Exported buses
RUN-1001 : Exported models
RUN-1001 : Exported phy database
RUN-1001 : Exported packer
RUN-1001 : Exported congestions
RUN-1001 : Exported violations
RUN-1001 : Exported ATMR Setting
RUN-1001 : Exported timing constraints
RUN-1001 : Exported IO constraints
RUN-1001 : Exported Inst constraints
RUN-1001 : Exported ChipWatcher
RUN-1002 : start command "commit_param -step bitgen"
RUN-1001 : Print Global Property
RUN-1001 : -------------------------------------------------------------
RUN-1001 :     Parameters    |   Settings   |  Default Values  |  Note  
RUN-1001 : -------------------------------------------------------------
RUN-1001 :    enable_seed    |     off      |       off        |        
RUN-1001 :    hfn_to_clock   |  1000000000  |    1000000000    |        
RUN-1001 :      message      |   standard   |     standard     |        
RUN-1001 :    qor_monitor    |      on      |        on        |        
RUN-1001 :   speedup_effort  |      0       |        0         |        
RUN-1001 :    syn_ip_flow    |     off      |       off        |        
RUN-1001 :       thread      |     auto     |       auto       |        
RUN-1001 : -------------------------------------------------------------
RUN-1001 : Print Bitgen Property
RUN-1001 : -------------------------------------------------------------
RUN-1001 :      Parameters     |  Settings  |  Default Values  |  Note  
RUN-1001 : -------------------------------------------------------------
RUN-1001 :         bin         |    off     |       off        |        
RUN-1001 :       compress      |    off     |       off        |        
RUN-1001 :       gen_mask      |    off     |       off        |        
RUN-1001 :      max_stream     |     on     |        on        |        
RUN-1001 :      time_info      |     on     |        on        |        
RUN-1001 :   unused_io_status  |   pullup   |      pullup      |        
RUN-1001 :       version       |    0x00    |       0x00       |        
RUN-1001 : -------------------------------------------------------------
RUN-1002 : start command "bitgen -bit avi_fhd30.bit"
RUN-1002 : start command "export_bid avi_fhd30_inst.bid"
BIT-1003 : Start to generate bitstream. 
BIT-1002 : Bitgen processed 4 pll_pd instances.
BIT-1002 : Init instances with 20 threads.
BIT-1002 : Init instances completely, inst num: 180
BIT-1002 : Init pips with 20 threads.
BIT-1002 : Init pips completely, net num: 229, pip num: 2300
BIT-1002 : Init feedthrough with 20 threads.
BIT-1002 : Init feedthrough completely, num: 26
BIT-1003 : Multithreading accelaration with 20 threads.
BIT-1003 : Generate bitstream completely, there are 6933 bits set as '1'.
BIT-1004 : Generate file avi_fhd30.bit.
RUN-1002 : start command "setup_debugger"
RUN-1002 : start command "export_bitgen_param -file .bitgen_param.f"
RUN-1002 : start command "export_flow_status -s opt_place -e bitgen"
RUN-1002 : start command "flow_status"

Location         : C:\Users\Li47\Desktop\aa\native_d_avi_r1_20261009\td_project\avi_fhd30_Runs\phy_1
Running with     : Tang Dynasty v6.2.178840
                   Copyright (c) 2012-2025 Anlogic Inc.
Top Model        : avi_fhd30_top
Device           : PH1P35MDG324
Speed            : 3

Timing Mode      : final
Setup            : WNS    52ps  TNS        0ps  NUM_FEPS     0
Hold             : WNS    22ps  TNS        0ps  NUM_FEPS     0

RUN-1001 : Flow Statistics:
RUN-1001 : --------------------------------------------------------------------------------------------------
RUN-1001 :      command     |  #calls  |  wall time  |  cpu time(s)  |  used memory(mb)  |  peak memory(mb)  
RUN-1001 : --------------------------------------------------------------------------------------------------
RUN-1001 :       route      |    1     |   3s(50%)   |    17(51%)    |        770        |        770        
RUN-1001 :       place      |    1     |   2s(33%)   |    14(42%)    |        407        |        407        
RUN-1001 :   import_device  |    1     |   1s(16%)   |     1(3%)     |        333        |        333        
RUN-1001 :      bitgen      |    1     |   0s(0%)    |     1(3%)     |        778        |        778        
RUN-1001 :     fix_hold     |    1     |   0s(0%)    |     0(0%)     |        770        |        770        
RUN-1001 :     import_db    |    1     |   0s(0%)    |     0(0%)     |        335        |        335        
RUN-1001 : --------------------------------------------------------------------------------------------------
RUN-1001 :       total      |    6     |     6s      |      33       |        778        |        778        
RUN-1001 : --------------------------------------------------------------------------------------------------
RUN-1002 : start command "check_timing -file constraint_coverage.txt -verbose"
