Created by          : Tang Dynasty v6.2.178840
                    : Copyright (c) 2012-2025 Anlogic Inc.
Generated           : Fri Oct  9 21:39:18 2026

Top Model           : avi_fhd30_top
Device              : PH1P35MDG324
Speed               : 3
STA coverage        : 99.76%
Constraint File     : C:/Users/Li47/Desktop/aa/native_d_avi_r1_20261009/td_project/avi_fhd30.sdc;
Confidence          : Routed
Check Corner        : Both (Slow and Fast)
CRPR Enabled        : Yes
Report Scheme       : 10 end point(s) per path group, 1 path(s) per end point


Check Status
-------------

Corner   | Max      Min     
------------------------------------
Slow     | yes      yes     
Fast     | yes      yes     


Timing Status
--------------------
	SWNS: 0.052ns, STNS: 0.000ns
	HWNS: 0.022ns, HTNS: 0.000ns
	Period Check WNS: 0.000ns


Clock Summary
--------------------

       Clock-Id:       C-Freq       Fanout   Clock-Name
--------------------------------------------------------------------------------
           clk0:       74.250           55   u_pll/u_output/ph1p_phy_pll_wrapper_25a56e5ce2f9_Inst/u_PH1P_PHY_PLL.clkc[0]
           clk1:      371.333           43   u_pll/u_output/ph1p_phy_pll_wrapper_25a56e5ce2f9_Inst/u_PH1P_PHY_PLL.clkc[1]
           clk2:       33.750            2   u_pll/u_ref/ph1p_phy_pll_wrapper_25a56e5ce2f9_Inst/u_PH1P_PHY_PLL.clkc[0]
           clk3:       50.000            1   sys_clk_50m
--------------------------------------------------------------------------------

       Name            Type         Rise(ns)   Fall(ns)          C-Period(ns)     C-Freq(MHz)          R-Period(ns)     R-Freq(MHz)         SWNS(ns)   STNS(ns)         HWNS(ns)   HTNS(ns)         Skew(ns)           Fanout        Max-Level        CC-From    CC-To
       clk0       User GCLK            0.000      6.734                13.468          74.250                 5.655         176.835            7.813      0.000            0.042      0.000            0.157               55                8             no       no
       clk1   Inferred GCLK            0.000      1.346                 2.693         371.333                 2.641         378.644            0.052      0.000            0.022      0.000            0.216               43                1             no       no
       clk2       User GCLK            0.000     14.815                29.630          33.750                29.630          33.750            0.000      0.000            0.000      0.000            0.000                2                0             no       no
       clk3           local            0.000     10.000                20.000          50.000                20.000          50.000            0.000      0.000            0.000      0.000            0.000                1                0             no       no

Notes
----------
C-Period  :  constraint period
C-Freq    :  constraint freq
R-Period  :  report min period
R-Freq    :  report fmax
CC-From   :  has path(s) from cross-domain clock
CC-To     :  has path(s) to cross-domain clock


*   Clock R-Period data only takes intra-clock timing. SWNS/STNS/HWNS/HTNS take both intra-clock and inter-clock timing.
*   If there is mismatch between R-Period and SWNS, check inter-clock timing of this clock as capture clock.
*   SWNS/STNS/HWNS/HTNS of timing exception (SMCP/SMD) only counted in global Timing Status, not counted in Clock Summary.

Intra clock domain timing
--------------------------------------------------

----------------------------------------------------------------------------------------------------
Path Group     :     u_pll/u_output/ph1p_phy_pll_wrapper_25a56e5ce2f9_Inst/u_PH1P_PHY_PLL.clkc[0] -> u_pll/u_output/ph1p_phy_pll_wrapper_25a56e5ce2f9_Inst/u_PH1P_PHY_PLL.clkc[0]
Type           :     Self
From Clock     :     u_pll/u_output/ph1p_phy_pll_wrapper_25a56e5ce2f9_Inst/u_PH1P_PHY_PLL.clkc[0]
To Clock       :     u_pll/u_output/ph1p_phy_pll_wrapper_25a56e5ce2f9_Inst/u_PH1P_PHY_PLL.clkc[0]
Min Period     :     5.655ns
Fmax           :     176.835MHz

Statistics:
Max            : SWNS      7.813ns, STNS      0.000ns,         0 Viol Endpoints,       135 Total Endpoints,      2955 Paths Analyzed
Min            : HWNS      0.042ns, HTNS      0.000ns,         0 Viol Endpoints,       135 Total Endpoints,      2955 Paths Analyzed
----------------------------------------------------------------------------------------------------

Max Paths
----------------------------------------------------------------------------------------------------
Slack               : 7.813ns
Begin Point         : y_reg[0]_syn_2.clk (rising edge triggered by clock u_pll/u_output/ph1p_phy_pll_wrapper_25a56e5ce2f9_Inst/u_PH1P_PHY_PLL.clkc[0]  { rise@0.000000ns  fall@6.734000ns  period=13.468000 })
End Point           : u_packet/packet_g_reg[0]_syn_2.imf (rising edge triggered by clock u_pll/u_output/ph1p_phy_pll_wrapper_25a56e5ce2f9_Inst/u_PH1P_PHY_PLL.clkc[0]  { rise@0.000000ns  fall@6.734000ns  period=13.468000 })
Check Type          : setup
Process             : slow_m40c
Budget              : 13.468ns { u_pll/u_output/ph1p_phy_pll_wrapper_25a56e5ce2f9_Inst/u_PH1P_PHY_PLL.clkc[0] rising@13.468ns - u_pll/u_output/ph1p_phy_pll_wrapper_25a56e5ce2f9_Inst/u_PH1P_PHY_PLL.clkc[0] rising@0.000ns }
Data Path Delay     : 5.413ns (cell 2.523ns (46%), net 2.890ns (54%))
Clock Skew          : 0.075ns
Logic Level         : 8 ( LUT6=2  LUT5=2  LUT4=1  LUT3=1  LUT2=1  LUT1=1 )
Max Fanout          : 5
Clock Uncertainty   : 0.103ns (sdc uncertainty: 0.000ns, default uncertainty: 0.103ns)

Delay Type          Location             Incr           Path   Level  Netlist Info
--------------------------------------------------------------------  ---------------
source latency                          0.000          0.000               
port                C4                  0.000          0.000          pin: I_sys_clk
hierarchy                               0.000          0.000          pin: I_sys_clk_syn_2.ipad
HDIO                x033y078            0.810          0.810          pin: I_sys_clk_syn_2.sg09_di
HDIO                x033y078            0.684          1.494          pin: I_sys_clk_syn_2.di
net (fo=1)          x043y079            0.115          1.609          net: I_sys_clk_dup_1,  ../../../diagnostics/hdmi_positive/avi_fhd30_top.v(3)
                                                                      pin: u_pll/u_ref/ph1p_phy_pll_wrapper_25a56e5ce2f9_Inst/u_PH1P_PHY_PLL.refclk
PLL                 x043y079            0.814          2.423          pin: u_pll/u_ref/ph1p_phy_pll_wrapper_25a56e5ce2f9_Inst/u_PH1P_PHY_PLL.clkc[0]
net (fo=1)                              0.830          3.253          net: u_pll/u_ref/clk0_buf,  ../../../user_source/hdl_source/native_hdmi_pll.v(32)
                                                                      pin: u_pll/u_ref/bufg_feedback.clkin[0]
GCLK                x023y039z16         0.016          3.269          pin: u_pll/u_ref/bufg_feedback.clkout
net (fo=1)                              0.375          3.644          net: u_pll/u_output/ph1p_phy_pll_wrapper_25a56e5ce2f9_Inst/refclk,  ../../../user_source/ip_source/PLL/RTL/ph1p_phy_pll_wrapper_25a56e5ce2f9.v(119)
                                                                      pin: u_pll/u_ref/bufg_feedback_auto_created_sclk_s_0_l_bk1.clkin
SCLK                x023y019z0          0.079          3.723          pin: u_pll/u_ref/bufg_feedback_auto_created_sclk_s_0_l_bk1.clkout
net (fo=1)          x000y039            0.299          4.022          net: u_pll/u_ref/bufg_feedback_auto_created_sclk_s_0_l_bk1_sclk_outnet,  NOFILE(0)
                                                                      pin: u_pll/u_output/ph1p_phy_pll_wrapper_25a56e5ce2f9_Inst/u_PH1P_PHY_PLL.refclk
PLL                 x000y039            0.814          4.836          pin: u_pll/u_output/ph1p_phy_pll_wrapper_25a56e5ce2f9_Inst/u_PH1P_PHY_PLL.clkc[0]
net (fo=1)                              0.815          5.651          net: u_pll/u_output/clk0_buf,  ../../../user_source/hdl_source/native_hdmi_pll.v(32)
                                                                      pin: u_pll/u_output/bufg_feedback.clkin[0]
GCLK                x023y039z0          0.016          5.667          pin: u_pll/u_output/bufg_feedback.clkout
net (fo=2)                              0.396          6.063          net: pixel,  ../../../diagnostics/hdmi_positive/avi_fhd30_top.v(5)
                                                                      pin: u_pll/u_output/bufg_feedback_auto_created_sclk_s_1_r_bk1.clkin
SCLK                x023y059z12         0.079          6.142          pin: u_pll/u_output/bufg_feedback_auto_created_sclk_s_1_r_bk1.clkout
net (fo=52)                             0.635          6.777          net: u_pll/u_output/bufg_feedback_auto_created_sclk_s_1_r_bk1_sclk_outnet,  NOFILE(0)
                                                                      pin: y_reg[0]_syn_2.clk
launch edge                             0.000    r     6.777               
--------------------------------------------------------------------  ---------------
clk2q               x030y040z7          0.137    r     6.914          pin: y_reg[0]_syn_2.oqb
net (fo=5)                              0.340          7.254          net: y[1],  ../../../diagnostics/hdmi_positive/avi_fhd30_top.v(12)
                                                                      pin: u_blue/symbol_b[9]_syn_21.ia
LUT6                x030y041z2          0.408    f     7.662       1  pin: u_blue/symbol_b[9]_syn_21.ofb
net (fo=1)                              0.079          7.741          net: u_blue/symbol_b[9]_syn_5,  NOFILE(0)
                                                                      pin: u_blue/symbol_b[9]_syn_24.ib
LUT4                x030y041z1          0.408    f     8.149       2  pin: u_blue/symbol_b[9]_syn_24.ofb
net (fo=2)                              0.183          8.332          net: u_blue/symbol_b[9]_syn_7,  NOFILE(0)
                                                                      pin: u_blue/symbol_b[9]_syn_23.ie
LUT3                x030y041z7          0.189    r     8.521       3  pin: u_blue/symbol_b[9]_syn_23.ofb
net (fo=5)                              0.483          9.004          net: y_b2_n1,  NOFILE(0)
                                                                      pin: u_packet/packet_b1[3]_syn_19.ia
LUT5                x030y041z3          0.399    f     9.403       4  pin: u_packet/packet_b1[3]_syn_19.ofb
net (fo=2)                              0.190          9.593          net: u_packet/packet_b1[3]_syn_10,  NOFILE(0)
                                                                      pin: u_packet/mux18_syn_27.ib
LUT5                x031y040z3          0.408    f    10.001       5  pin: u_packet/mux18_syn_27.ofb
net (fo=2)                              0.709         10.710          net: u_packet/video_pre_n1,  NOFILE(0)
                                                                      pin: u_packet/override_r_reg_syn_3.ie
LUT2                x035y042z2          0.189    r    10.899       6  pin: u_packet/override_r_reg_syn_3.ofb
net (fo=3)                              0.314         11.213          net: u_packet/override_r_n2_syn_2,  NOFILE(0)
                                                                      pin: u_packet/packet_g_reg[2]_syn_2.imf
LUT6                x031y042z5          0.168    r    11.381       7  pin: u_packet/packet_g_reg[2]_syn_2.ofb
net (fo=1)                              0.592         11.973          net: u_packet/mux18_syn_16,  ../../../diagnostics/hdmi_positive/hdmi_avi_insert.v(73)
                                                                      pin: u_packet/packet_g_reg[0]_syn_2.imf
LUT1 (reg)          x035y043z5          0.217    f    12.190       8  net: u_packet/packet_g[0],  ../../../diagnostics/hdmi_positive/hdmi_avi_insert.v(63)
--------------------------------------------------------------------  ---------------
Arrival                                               12.190               

source latency                          0.000          0.000               
port                C4                  0.000          0.000          pin: I_sys_clk
hierarchy                               0.000          0.000          pin: I_sys_clk_syn_2.ipad
HDIO                x033y078            0.745          0.745          pin: I_sys_clk_syn_2.sg09_di
HDIO                x033y078            0.629          1.374          pin: I_sys_clk_syn_2.di
net (fo=1)          x043y079            0.099          1.473          net: I_sys_clk_dup_1,  ../../../diagnostics/hdmi_positive/avi_fhd30_top.v(3)
                                                                      pin: u_pll/u_ref/ph1p_phy_pll_wrapper_25a56e5ce2f9_Inst/u_PH1P_PHY_PLL.refclk
PLL                 x043y079            0.703          2.176          pin: u_pll/u_ref/ph1p_phy_pll_wrapper_25a56e5ce2f9_Inst/u_PH1P_PHY_PLL.clkc[0]
net (fo=1)                              0.711          2.887          net: u_pll/u_ref/clk0_buf,  ../../../user_source/hdl_source/native_hdmi_pll.v(32)
                                                                      pin: u_pll/u_ref/bufg_feedback.clkin[0]
GCLK                x023y039z16         0.014          2.901          pin: u_pll/u_ref/bufg_feedback.clkout
net (fo=1)                              0.322          3.223          net: u_pll/u_output/ph1p_phy_pll_wrapper_25a56e5ce2f9_Inst/refclk,  ../../../user_source/ip_source/PLL/RTL/ph1p_phy_pll_wrapper_25a56e5ce2f9.v(119)
                                                                      pin: u_pll/u_ref/bufg_feedback_auto_created_sclk_s_0_l_bk1.clkin
SCLK                x023y019z0          0.068          3.291          pin: u_pll/u_ref/bufg_feedback_auto_created_sclk_s_0_l_bk1.clkout
net (fo=1)          x000y039            0.255          3.546          net: u_pll/u_ref/bufg_feedback_auto_created_sclk_s_0_l_bk1_sclk_outnet,  NOFILE(0)
                                                                      pin: u_pll/u_output/ph1p_phy_pll_wrapper_25a56e5ce2f9_Inst/u_PH1P_PHY_PLL.refclk
PLL                 x000y039            0.703          4.249          pin: u_pll/u_output/ph1p_phy_pll_wrapper_25a56e5ce2f9_Inst/u_PH1P_PHY_PLL.clkc[0]
net (fo=1)                              0.697          4.946          net: u_pll/u_output/clk0_buf,  ../../../user_source/hdl_source/native_hdmi_pll.v(32)
                                                                      pin: u_pll/u_output/bufg_feedback.clkin[0]
GCLK                x023y039z0          0.014          4.960          pin: u_pll/u_output/bufg_feedback.clkout
net (fo=2)                              0.339          5.299          net: pixel,  ../../../diagnostics/hdmi_positive/avi_fhd30_top.v(5)
                                                                      pin: u_pll/u_output/bufg_feedback_auto_created_sclk_s_1_r_bk1.clkin
SCLK                x023y059z12         0.068          5.367          pin: u_pll/u_output/bufg_feedback_auto_created_sclk_s_1_r_bk1.clkout
net (fo=52)                             0.553          5.920          net: u_pll/u_output/bufg_feedback_auto_created_sclk_s_1_r_bk1_sclk_outnet,  NOFILE(0)
                                                                      pin: u_packet/packet_g_reg[0]_syn_2.clk
capture edge                           13.468    r    19.388               
--------------------------------------------------------------------  ---------------
setup                                  -0.064         19.324               
clock uncertainty                      -0.103         19.221               
clock pessimism                         0.782         20.003               
--------------------------------------------------------------------  ---------------
Required                                              20.003               
--------------------------------------------------------------------  ---------------
Slack                                                  7.813               

Slack               : 8.334ns
Begin Point         : y_reg[6]_syn_2.clk (rising edge triggered by clock u_pll/u_output/ph1p_phy_pll_wrapper_25a56e5ce2f9_Inst/u_PH1P_PHY_PLL.clkc[0]  { rise@0.000000ns  fall@6.734000ns  period=13.468000 })
End Point           : u_packet/packet_b_reg[3]_syn_2.ie (rising edge triggered by clock u_pll/u_output/ph1p_phy_pll_wrapper_25a56e5ce2f9_Inst/u_PH1P_PHY_PLL.clkc[0]  { rise@0.000000ns  fall@6.734000ns  period=13.468000 })
Check Type          : setup
Process             : slow_m40c
Budget              : 13.468ns { u_pll/u_output/ph1p_phy_pll_wrapper_25a56e5ce2f9_Inst/u_PH1P_PHY_PLL.clkc[0] rising@13.468ns - u_pll/u_output/ph1p_phy_pll_wrapper_25a56e5ce2f9_Inst/u_PH1P_PHY_PLL.clkc[0] rising@0.000ns }
Data Path Delay     : 4.892ns (cell 2.001ns (40%), net 2.891ns (60%))
Clock Skew          : 0.075ns
Logic Level         : 7 ( LUT4=2  LUT2=2  LUT6=1  LUT5=1  LUT1=1 )
Max Fanout          : 4
Clock Uncertainty   : 0.103ns (sdc uncertainty: 0.000ns, default uncertainty: 0.103ns)

Delay Type          Location             Incr           Path   Level  Netlist Info
--------------------------------------------------------------------  ---------------
source latency                          0.000          0.000               
port                C4                  0.000          0.000          pin: I_sys_clk
hierarchy                               0.000          0.000          pin: I_sys_clk_syn_2.ipad
HDIO                x033y078            0.810          0.810          pin: I_sys_clk_syn_2.sg09_di
HDIO                x033y078            0.684          1.494          pin: I_sys_clk_syn_2.di
net (fo=1)          x043y079            0.115          1.609          net: I_sys_clk_dup_1,  ../../../diagnostics/hdmi_positive/avi_fhd30_top.v(3)
                                                                      pin: u_pll/u_ref/ph1p_phy_pll_wrapper_25a56e5ce2f9_Inst/u_PH1P_PHY_PLL.refclk
PLL                 x043y079            0.814          2.423          pin: u_pll/u_ref/ph1p_phy_pll_wrapper_25a56e5ce2f9_Inst/u_PH1P_PHY_PLL.clkc[0]
net (fo=1)                              0.830          3.253          net: u_pll/u_ref/clk0_buf,  ../../../user_source/hdl_source/native_hdmi_pll.v(32)
                                                                      pin: u_pll/u_ref/bufg_feedback.clkin[0]
GCLK                x023y039z16         0.016          3.269          pin: u_pll/u_ref/bufg_feedback.clkout
net (fo=1)                              0.375          3.644          net: u_pll/u_output/ph1p_phy_pll_wrapper_25a56e5ce2f9_Inst/refclk,  ../../../user_source/ip_source/PLL/RTL/ph1p_phy_pll_wrapper_25a56e5ce2f9.v(119)
                                                                      pin: u_pll/u_ref/bufg_feedback_auto_created_sclk_s_0_l_bk1.clkin
SCLK                x023y019z0          0.079          3.723          pin: u_pll/u_ref/bufg_feedback_auto_created_sclk_s_0_l_bk1.clkout
net (fo=1)          x000y039            0.299          4.022          net: u_pll/u_ref/bufg_feedback_auto_created_sclk_s_0_l_bk1_sclk_outnet,  NOFILE(0)
                                                                      pin: u_pll/u_output/ph1p_phy_pll_wrapper_25a56e5ce2f9_Inst/u_PH1P_PHY_PLL.refclk
PLL                 x000y039            0.814          4.836          pin: u_pll/u_output/ph1p_phy_pll_wrapper_25a56e5ce2f9_Inst/u_PH1P_PHY_PLL.clkc[0]
net (fo=1)                              0.815          5.651          net: u_pll/u_output/clk0_buf,  ../../../user_source/hdl_source/native_hdmi_pll.v(32)
                                                                      pin: u_pll/u_output/bufg_feedback.clkin[0]
GCLK                x023y039z0          0.016          5.667          pin: u_pll/u_output/bufg_feedback.clkout
net (fo=2)                              0.396          6.063          net: pixel,  ../../../diagnostics/hdmi_positive/avi_fhd30_top.v(5)
                                                                      pin: u_pll/u_output/bufg_feedback_auto_created_sclk_s_1_r_bk1.clkin
SCLK                x023y059z12         0.079          6.142          pin: u_pll/u_output/bufg_feedback_auto_created_sclk_s_1_r_bk1.clkout
net (fo=52)                             0.635          6.777          net: u_pll/u_output/bufg_feedback_auto_created_sclk_s_1_r_bk1_sclk_outnet,  NOFILE(0)
                                                                      pin: y_reg[6]_syn_2.clk
launch edge                             0.000    r     6.777               
--------------------------------------------------------------------  ---------------
clk2q               x031y041z1          0.126    f     6.903          pin: y_reg[6]_syn_2.oqa
net (fo=4)                              0.608          7.511          net: y[6],  ../../../diagnostics/hdmi_positive/avi_fhd30_top.v(12)
                                                                      pin: u_blue/disparity_b[4]_syn_22.ib
LUT5                x030y041z4          0.408    f     7.919       1  pin: u_blue/disparity_b[4]_syn_22.ofb
net (fo=3)                              0.183          8.102          net: u_blue/disparity_b[4]_syn_6,  NOFILE(0)
                                                                      pin: u_blue/symbol_b[9]_syn_22.ie
LUT4                x030y041z0          0.189    r     8.291       2  pin: u_blue/symbol_b[9]_syn_22.ofb
net (fo=2)                              0.181          8.472          net: u_blue/symbol_b[9]_syn_15,  NOFILE(0)
                                                                      pin: u_packet/packet_b1[1]_syn_19.ie
LUT6                x030y040z6          0.190    r     8.662       3  pin: u_packet/packet_b1[1]_syn_19.ofb
net (fo=3)                              0.283          8.945          net: u_packet/packet_b1[1]_syn_4,  NOFILE(0)
                                                                      pin: u_packet/packet_b1[1]_syn_21.ie
LUT4                x031y040z4          0.189    r     9.134       4  pin: u_packet/packet_b1[1]_syn_21.ofb
net (fo=2)                              0.379          9.513          net: u_packet/packet_r_b[0]_syn_4,  NOFILE(0)
                                                                      pin: u_packet/packet_r_reg[9]_syn_2.ia
LUT2                x033y041z0          0.473    r     9.986       5  pin: u_packet/packet_r_reg[9]_syn_2.ofa
net (fo=3)                              0.741         10.727          net: u_packet/packet_r_b1[9],  NOFILE(0)
                                                                      pin: u_packet/packet_r_reg[2]_syn_2.imf
LUT2                x035y045z0          0.272    f    10.999       6  pin: u_packet/packet_r_reg[2]_syn_2.ofa
net (fo=1)                              0.516         11.515          net: u_packet/packet_r_b[0]_syn_2,  NOFILE(0)
                                                                      pin: u_packet/packet_b_reg[3]_syn_2.ie
LUT1 (reg)          x033y042z2          0.154    r    11.669       7  net: u_packet/packet_r[0],  ../../../diagnostics/hdmi_positive/hdmi_avi_insert.v(63)
--------------------------------------------------------------------  ---------------
Arrival                                               11.669               

source latency                          0.000          0.000               
port                C4                  0.000          0.000          pin: I_sys_clk
hierarchy                               0.000          0.000          pin: I_sys_clk_syn_2.ipad
HDIO                x033y078            0.745          0.745          pin: I_sys_clk_syn_2.sg09_di
HDIO                x033y078            0.629          1.374          pin: I_sys_clk_syn_2.di
net (fo=1)          x043y079            0.099          1.473          net: I_sys_clk_dup_1,  ../../../diagnostics/hdmi_positive/avi_fhd30_top.v(3)
                                                                      pin: u_pll/u_ref/ph1p_phy_pll_wrapper_25a56e5ce2f9_Inst/u_PH1P_PHY_PLL.refclk
PLL                 x043y079            0.703          2.176          pin: u_pll/u_ref/ph1p_phy_pll_wrapper_25a56e5ce2f9_Inst/u_PH1P_PHY_PLL.clkc[0]
net (fo=1)                              0.711          2.887          net: u_pll/u_ref/clk0_buf,  ../../../user_source/hdl_source/native_hdmi_pll.v(32)
                                                                      pin: u_pll/u_ref/bufg_feedback.clkin[0]
GCLK                x023y039z16         0.014          2.901          pin: u_pll/u_ref/bufg_feedback.clkout
net (fo=1)                              0.322          3.223          net: u_pll/u_output/ph1p_phy_pll_wrapper_25a56e5ce2f9_Inst/refclk,  ../../../user_source/ip_source/PLL/RTL/ph1p_phy_pll_wrapper_25a56e5ce2f9.v(119)
                                                                      pin: u_pll/u_ref/bufg_feedback_auto_created_sclk_s_0_l_bk1.clkin
SCLK                x023y019z0          0.068          3.291          pin: u_pll/u_ref/bufg_feedback_auto_created_sclk_s_0_l_bk1.clkout
net (fo=1)          x000y039            0.255          3.546          net: u_pll/u_ref/bufg_feedback_auto_created_sclk_s_0_l_bk1_sclk_outnet,  NOFILE(0)
                                                                      pin: u_pll/u_output/ph1p_phy_pll_wrapper_25a56e5ce2f9_Inst/u_PH1P_PHY_PLL.refclk
PLL                 x000y039            0.703          4.249          pin: u_pll/u_output/ph1p_phy_pll_wrapper_25a56e5ce2f9_Inst/u_PH1P_PHY_PLL.clkc[0]
net (fo=1)                              0.697          4.946          net: u_pll/u_output/clk0_buf,  ../../../user_source/hdl_source/native_hdmi_pll.v(32)
                                                                      pin: u_pll/u_output/bufg_feedback.clkin[0]
GCLK                x023y039z0          0.014          4.960          pin: u_pll/u_output/bufg_feedback.clkout
net (fo=2)                              0.339          5.299          net: pixel,  ../../../diagnostics/hdmi_positive/avi_fhd30_top.v(5)
                                                                      pin: u_pll/u_output/bufg_feedback_auto_created_sclk_s_1_r_bk1.clkin
SCLK                x023y059z12         0.068          5.367          pin: u_pll/u_output/bufg_feedback_auto_created_sclk_s_1_r_bk1.clkout
net (fo=52)                             0.553          5.920          net: u_pll/u_output/bufg_feedback_auto_created_sclk_s_1_r_bk1_sclk_outnet,  NOFILE(0)
                                                                      pin: u_packet/packet_b_reg[3]_syn_2.clk
capture edge                           13.468    r    19.388               
--------------------------------------------------------------------  ---------------
setup                                  -0.064         19.324               
clock uncertainty                      -0.103         19.221               
clock pessimism                         0.782         20.003               
--------------------------------------------------------------------  ---------------
Required                                              20.003               
--------------------------------------------------------------------  ---------------
Slack                                                  8.334               

Slack               : 8.484ns
Begin Point         : add1_syn_82.clk (rising edge triggered by clock u_pll/u_output/ph1p_phy_pll_wrapper_25a56e5ce2f9_Inst/u_PH1P_PHY_PLL.clkc[0]  { rise@0.000000ns  fall@6.734000ns  period=13.468000 })
End Point           : u_packet/packet_b_reg[1]_syn_2.imf (rising edge triggered by clock u_pll/u_output/ph1p_phy_pll_wrapper_25a56e5ce2f9_Inst/u_PH1P_PHY_PLL.clkc[0]  { rise@0.000000ns  fall@6.734000ns  period=13.468000 })
Check Type          : setup
Process             : slow_m40c
Budget              : 13.468ns { u_pll/u_output/ph1p_phy_pll_wrapper_25a56e5ce2f9_Inst/u_PH1P_PHY_PLL.clkc[0] rising@13.468ns - u_pll/u_output/ph1p_phy_pll_wrapper_25a56e5ce2f9_Inst/u_PH1P_PHY_PLL.clkc[0] rising@0.000ns }
Data Path Delay     : 4.741ns (cell 1.630ns (34%), net 3.111ns (66%))
Clock Skew          : 0.076ns
Logic Level         : 6 ( LUT2=3  LUT6=1  LUT3=1  LUT1=1 )
Max Fanout          : 5
Clock Uncertainty   : 0.103ns (sdc uncertainty: 0.000ns, default uncertainty: 0.103ns)

Delay Type          Location             Incr           Path   Level  Netlist Info
--------------------------------------------------------------------  ---------------
source latency                          0.000          0.000               
port                C4                  0.000          0.000          pin: I_sys_clk
hierarchy                               0.000          0.000          pin: I_sys_clk_syn_2.ipad
HDIO                x033y078            0.810          0.810          pin: I_sys_clk_syn_2.sg09_di
HDIO                x033y078            0.684          1.494          pin: I_sys_clk_syn_2.di
net (fo=1)          x043y079            0.115          1.609          net: I_sys_clk_dup_1,  ../../../diagnostics/hdmi_positive/avi_fhd30_top.v(3)
                                                                      pin: u_pll/u_ref/ph1p_phy_pll_wrapper_25a56e5ce2f9_Inst/u_PH1P_PHY_PLL.refclk
PLL                 x043y079            0.814          2.423          pin: u_pll/u_ref/ph1p_phy_pll_wrapper_25a56e5ce2f9_Inst/u_PH1P_PHY_PLL.clkc[0]
net (fo=1)                              0.830          3.253          net: u_pll/u_ref/clk0_buf,  ../../../user_source/hdl_source/native_hdmi_pll.v(32)
                                                                      pin: u_pll/u_ref/bufg_feedback.clkin[0]
GCLK                x023y039z16         0.016          3.269          pin: u_pll/u_ref/bufg_feedback.clkout
net (fo=1)                              0.375          3.644          net: u_pll/u_output/ph1p_phy_pll_wrapper_25a56e5ce2f9_Inst/refclk,  ../../../user_source/ip_source/PLL/RTL/ph1p_phy_pll_wrapper_25a56e5ce2f9.v(119)
                                                                      pin: u_pll/u_ref/bufg_feedback_auto_created_sclk_s_0_l_bk1.clkin
SCLK                x023y019z0          0.079          3.723          pin: u_pll/u_ref/bufg_feedback_auto_created_sclk_s_0_l_bk1.clkout
net (fo=1)          x000y039            0.299          4.022          net: u_pll/u_ref/bufg_feedback_auto_created_sclk_s_0_l_bk1_sclk_outnet,  NOFILE(0)
                                                                      pin: u_pll/u_output/ph1p_phy_pll_wrapper_25a56e5ce2f9_Inst/u_PH1P_PHY_PLL.refclk
PLL                 x000y039            0.814          4.836          pin: u_pll/u_output/ph1p_phy_pll_wrapper_25a56e5ce2f9_Inst/u_PH1P_PHY_PLL.clkc[0]
net (fo=1)                              0.815          5.651          net: u_pll/u_output/clk0_buf,  ../../../user_source/hdl_source/native_hdmi_pll.v(32)
                                                                      pin: u_pll/u_output/bufg_feedback.clkin[0]
GCLK                x023y039z0          0.016          5.667          pin: u_pll/u_output/bufg_feedback.clkout
net (fo=2)                              0.396          6.063          net: pixel,  ../../../diagnostics/hdmi_positive/avi_fhd30_top.v(5)
                                                                      pin: u_pll/u_output/bufg_feedback_auto_created_sclk_s_1_r_bk1.clkin
SCLK                x023y059z12         0.079          6.142          pin: u_pll/u_output/bufg_feedback_auto_created_sclk_s_1_r_bk1.clkout
net (fo=52)                             0.636          6.778          net: u_pll/u_output/bufg_feedback_auto_created_sclk_s_1_r_bk1_sclk_outnet,  NOFILE(0)
                                                                      pin: add1_syn_82.clk
launch edge                             0.000    r     6.778               
--------------------------------------------------------------------  ---------------
clk2q               x032y042z0          0.137    r     6.915          pin: add1_syn_82.oqb
net (fo=4)                              0.409          7.324          net: x[8],  ../../../diagnostics/hdmi_positive/avi_fhd30_top.v(12)
                                                                      pin: u_blue/disparity_b[4]_syn_26.imf
LUT3                x032y040z4          0.272    f     7.596       1  pin: u_blue/disparity_b[4]_syn_26.ofa
net (fo=3)                              0.757          8.353          net: u_blue/symbol_b[9]_syn_2,  NOFILE(0)
                                                                      pin: u_blue/symbol_b[9]_syn_20.imb
LUT2                x031y040z6          0.271    r     8.624       2  pin: u_blue/symbol_b[9]_syn_20.ofb
net (fo=2)                              0.316          8.940          net: u_packet/lt2_syn_94,  ../../../diagnostics/hdmi_positive/hdmi_avi_insert.v(57)
                                                                      pin: u_packet/packet_b_reg[0]_syn_2.ie
LUT6                x030y042z1          0.190    r     9.130       3  pin: u_packet/packet_b_reg[0]_syn_2.ofb
net (fo=5)                              0.728          9.858          net: u_packet/hs,  ../../../diagnostics/hdmi_positive/hdmi_avi_insert.v(6)
                                                                      pin: u_packet/packet_b1[1]_syn_17.imb
LUT2                x033y040z7          0.271    r    10.129       4  pin: u_packet/packet_b1[1]_syn_17.ofb
net (fo=2)                              0.508         10.637          net: u_packet/packet_b1[1]_syn_12,  NOFILE(0)
                                                                      pin: u_packet/packet_b_reg[6]_syn_2.imf
LUT2                x032y043z6          0.272    f    10.909       5  pin: u_packet/packet_b_reg[6]_syn_2.ofa
net (fo=1)                              0.393         11.302          net: u_packet/packet_b1[1]_syn_2,  NOFILE(0)
                                                                      pin: u_packet/packet_b_reg[1]_syn_2.imf
LUT1 (reg)          x035y043z7          0.217    f    11.519       6  net: u_packet/packet_b[1],  ../../../diagnostics/hdmi_positive/hdmi_avi_insert.v(63)
--------------------------------------------------------------------  ---------------
Arrival                                               11.519               

source latency                          0.000          0.000               
port                C4                  0.000          0.000          pin: I_sys_clk
hierarchy                               0.000          0.000          pin: I_sys_clk_syn_2.ipad
HDIO                x033y078            0.745          0.745          pin: I_sys_clk_syn_2.sg09_di
HDIO                x033y078            0.629          1.374          pin: I_sys_clk_syn_2.di
net (fo=1)          x043y079            0.099          1.473          net: I_sys_clk_dup_1,  ../../../diagnostics/hdmi_positive/avi_fhd30_top.v(3)
                                                                      pin: u_pll/u_ref/ph1p_phy_pll_wrapper_25a56e5ce2f9_Inst/u_PH1P_PHY_PLL.refclk
PLL                 x043y079            0.703          2.176          pin: u_pll/u_ref/ph1p_phy_pll_wrapper_25a56e5ce2f9_Inst/u_PH1P_PHY_PLL.clkc[0]
net (fo=1)                              0.711          2.887          net: u_pll/u_ref/clk0_buf,  ../../../user_source/hdl_source/native_hdmi_pll.v(32)
                                                                      pin: u_pll/u_ref/bufg_feedback.clkin[0]
GCLK                x023y039z16         0.014          2.901          pin: u_pll/u_ref/bufg_feedback.clkout
net (fo=1)                              0.322          3.223          net: u_pll/u_output/ph1p_phy_pll_wrapper_25a56e5ce2f9_Inst/refclk,  ../../../user_source/ip_source/PLL/RTL/ph1p_phy_pll_wrapper_25a56e5ce2f9.v(119)
                                                                      pin: u_pll/u_ref/bufg_feedback_auto_created_sclk_s_0_l_bk1.clkin
SCLK                x023y019z0          0.068          3.291          pin: u_pll/u_ref/bufg_feedback_auto_created_sclk_s_0_l_bk1.clkout
net (fo=1)          x000y039            0.255          3.546          net: u_pll/u_ref/bufg_feedback_auto_created_sclk_s_0_l_bk1_sclk_outnet,  NOFILE(0)
                                                                      pin: u_pll/u_output/ph1p_phy_pll_wrapper_25a56e5ce2f9_Inst/u_PH1P_PHY_PLL.refclk
PLL                 x000y039            0.703          4.249          pin: u_pll/u_output/ph1p_phy_pll_wrapper_25a56e5ce2f9_Inst/u_PH1P_PHY_PLL.clkc[0]
net (fo=1)                              0.697          4.946          net: u_pll/u_output/clk0_buf,  ../../../user_source/hdl_source/native_hdmi_pll.v(32)
                                                                      pin: u_pll/u_output/bufg_feedback.clkin[0]
GCLK                x023y039z0          0.014          4.960          pin: u_pll/u_output/bufg_feedback.clkout
net (fo=2)                              0.339          5.299          net: pixel,  ../../../diagnostics/hdmi_positive/avi_fhd30_top.v(5)
                                                                      pin: u_pll/u_output/bufg_feedback_auto_created_sclk_s_1_r_bk1.clkin
SCLK                x023y059z12         0.068          5.367          pin: u_pll/u_output/bufg_feedback_auto_created_sclk_s_1_r_bk1.clkout
net (fo=52)                             0.553          5.920          net: u_pll/u_output/bufg_feedback_auto_created_sclk_s_1_r_bk1_sclk_outnet,  NOFILE(0)
                                                                      pin: u_packet/packet_b_reg[1]_syn_2.clk
capture edge                           13.468    r    19.388               
--------------------------------------------------------------------  ---------------
setup                                  -0.064         19.324               
clock uncertainty                      -0.103         19.221               
clock pessimism                         0.782         20.003               
--------------------------------------------------------------------  ---------------
Required                                              20.003               
--------------------------------------------------------------------  ---------------
Slack                                                  8.484               

Slack               : 8.540ns
Begin Point         : y_reg[0]_syn_2.clk (rising edge triggered by clock u_pll/u_output/ph1p_phy_pll_wrapper_25a56e5ce2f9_Inst/u_PH1P_PHY_PLL.clkc[0]  { rise@0.000000ns  fall@6.734000ns  period=13.468000 })
End Point           : u_packet/packet_g_reg[2]_syn_2.imf (rising edge triggered by clock u_pll/u_output/ph1p_phy_pll_wrapper_25a56e5ce2f9_Inst/u_PH1P_PHY_PLL.clkc[0]  { rise@0.000000ns  fall@6.734000ns  period=13.468000 })
Check Type          : setup
Process             : slow_m40c
Budget              : 13.468ns { u_pll/u_output/ph1p_phy_pll_wrapper_25a56e5ce2f9_Inst/u_PH1P_PHY_PLL.clkc[0] rising@13.468ns - u_pll/u_output/ph1p_phy_pll_wrapper_25a56e5ce2f9_Inst/u_PH1P_PHY_PLL.clkc[0] rising@0.000ns }
Data Path Delay     : 4.750ns (cell 2.452ns (51%), net 2.298ns (49%))
Clock Skew          : 0.011ns
Logic Level         : 7 ( LUT6=2  LUT5=2  LUT4=1  LUT3=1  LUT2=1 )
Max Fanout          : 5
Clock Uncertainty   : 0.103ns (sdc uncertainty: 0.000ns, default uncertainty: 0.103ns)

Delay Type          Location             Incr           Path   Level  Netlist Info
--------------------------------------------------------------------  ---------------
source latency                          0.000          0.000               
port                C4                  0.000          0.000          pin: I_sys_clk
hierarchy                               0.000          0.000          pin: I_sys_clk_syn_2.ipad
HDIO                x033y078            0.810          0.810          pin: I_sys_clk_syn_2.sg09_di
HDIO                x033y078            0.684          1.494          pin: I_sys_clk_syn_2.di
net (fo=1)          x043y079            0.115          1.609          net: I_sys_clk_dup_1,  ../../../diagnostics/hdmi_positive/avi_fhd30_top.v(3)
                                                                      pin: u_pll/u_ref/ph1p_phy_pll_wrapper_25a56e5ce2f9_Inst/u_PH1P_PHY_PLL.refclk
PLL                 x043y079            0.814          2.423          pin: u_pll/u_ref/ph1p_phy_pll_wrapper_25a56e5ce2f9_Inst/u_PH1P_PHY_PLL.clkc[0]
net (fo=1)                              0.830          3.253          net: u_pll/u_ref/clk0_buf,  ../../../user_source/hdl_source/native_hdmi_pll.v(32)
                                                                      pin: u_pll/u_ref/bufg_feedback.clkin[0]
GCLK                x023y039z16         0.016          3.269          pin: u_pll/u_ref/bufg_feedback.clkout
net (fo=1)                              0.375          3.644          net: u_pll/u_output/ph1p_phy_pll_wrapper_25a56e5ce2f9_Inst/refclk,  ../../../user_source/ip_source/PLL/RTL/ph1p_phy_pll_wrapper_25a56e5ce2f9.v(119)
                                                                      pin: u_pll/u_ref/bufg_feedback_auto_created_sclk_s_0_l_bk1.clkin
SCLK                x023y019z0          0.079          3.723          pin: u_pll/u_ref/bufg_feedback_auto_created_sclk_s_0_l_bk1.clkout
net (fo=1)          x000y039            0.299          4.022          net: u_pll/u_ref/bufg_feedback_auto_created_sclk_s_0_l_bk1_sclk_outnet,  NOFILE(0)
                                                                      pin: u_pll/u_output/ph1p_phy_pll_wrapper_25a56e5ce2f9_Inst/u_PH1P_PHY_PLL.refclk
PLL                 x000y039            0.814          4.836          pin: u_pll/u_output/ph1p_phy_pll_wrapper_25a56e5ce2f9_Inst/u_PH1P_PHY_PLL.clkc[0]
net (fo=1)                              0.815          5.651          net: u_pll/u_output/clk0_buf,  ../../../user_source/hdl_source/native_hdmi_pll.v(32)
                                                                      pin: u_pll/u_output/bufg_feedback.clkin[0]
GCLK                x023y039z0          0.016          5.667          pin: u_pll/u_output/bufg_feedback.clkout
net (fo=2)                              0.396          6.063          net: pixel,  ../../../diagnostics/hdmi_positive/avi_fhd30_top.v(5)
                                                                      pin: u_pll/u_output/bufg_feedback_auto_created_sclk_s_1_r_bk1.clkin
SCLK                x023y059z12         0.079          6.142          pin: u_pll/u_output/bufg_feedback_auto_created_sclk_s_1_r_bk1.clkout
net (fo=52)                             0.635          6.777          net: u_pll/u_output/bufg_feedback_auto_created_sclk_s_1_r_bk1_sclk_outnet,  NOFILE(0)
                                                                      pin: y_reg[0]_syn_2.clk
launch edge                             0.000    r     6.777               
--------------------------------------------------------------------  ---------------
clk2q               x030y040z7          0.137    r     6.914          pin: y_reg[0]_syn_2.oqb
net (fo=5)                              0.340          7.254          net: y[1],  ../../../diagnostics/hdmi_positive/avi_fhd30_top.v(12)
                                                                      pin: u_blue/symbol_b[9]_syn_21.ia
LUT6                x030y041z2          0.408    f     7.662       1  pin: u_blue/symbol_b[9]_syn_21.ofb
net (fo=1)                              0.079          7.741          net: u_blue/symbol_b[9]_syn_5,  NOFILE(0)
                                                                      pin: u_blue/symbol_b[9]_syn_24.ib
LUT4                x030y041z1          0.408    f     8.149       2  pin: u_blue/symbol_b[9]_syn_24.ofb
net (fo=2)                              0.183          8.332          net: u_blue/symbol_b[9]_syn_7,  NOFILE(0)
                                                                      pin: u_blue/symbol_b[9]_syn_23.ie
LUT3                x030y041z7          0.189    r     8.521       3  pin: u_blue/symbol_b[9]_syn_23.ofb
net (fo=5)                              0.483          9.004          net: y_b2_n1,  NOFILE(0)
                                                                      pin: u_packet/packet_b1[3]_syn_19.ia
LUT5                x030y041z3          0.399    f     9.403       4  pin: u_packet/packet_b1[3]_syn_19.ofb
net (fo=2)                              0.190          9.593          net: u_packet/packet_b1[3]_syn_10,  NOFILE(0)
                                                                      pin: u_packet/mux18_syn_27.ib
LUT5                x031y040z3          0.408    f    10.001       5  pin: u_packet/mux18_syn_27.ofb
net (fo=2)                              0.709         10.710          net: u_packet/video_pre_n1,  NOFILE(0)
                                                                      pin: u_packet/override_r_reg_syn_3.ie
LUT2                x035y042z2          0.189    r    10.899       6  pin: u_packet/override_r_reg_syn_3.ofb
net (fo=3)                              0.314         11.213          net: u_packet/override_r_n2_syn_2,  NOFILE(0)
                                                                      pin: u_packet/packet_g_reg[2]_syn_2.imf
LUT6 (reg)          x031y042z5          0.314    f    11.527       7  net: u_packet/packet_g[2],  ../../../diagnostics/hdmi_positive/hdmi_avi_insert.v(63)
--------------------------------------------------------------------  ---------------
Arrival                                               11.527               

source latency                          0.000          0.000               
port                C4                  0.000          0.000          pin: I_sys_clk
hierarchy                               0.000          0.000          pin: I_sys_clk_syn_2.ipad
HDIO                x033y078            0.745          0.745          pin: I_sys_clk_syn_2.sg09_di
HDIO                x033y078            0.629          1.374          pin: I_sys_clk_syn_2.di
net (fo=1)          x043y079            0.099          1.473          net: I_sys_clk_dup_1,  ../../../diagnostics/hdmi_positive/avi_fhd30_top.v(3)
                                                                      pin: u_pll/u_ref/ph1p_phy_pll_wrapper_25a56e5ce2f9_Inst/u_PH1P_PHY_PLL.refclk
PLL                 x043y079            0.703          2.176          pin: u_pll/u_ref/ph1p_phy_pll_wrapper_25a56e5ce2f9_Inst/u_PH1P_PHY_PLL.clkc[0]
net (fo=1)                              0.711          2.887          net: u_pll/u_ref/clk0_buf,  ../../../user_source/hdl_source/native_hdmi_pll.v(32)
                                                                      pin: u_pll/u_ref/bufg_feedback.clkin[0]
GCLK                x023y039z16         0.014          2.901          pin: u_pll/u_ref/bufg_feedback.clkout
net (fo=1)                              0.322          3.223          net: u_pll/u_output/ph1p_phy_pll_wrapper_25a56e5ce2f9_Inst/refclk,  ../../../user_source/ip_source/PLL/RTL/ph1p_phy_pll_wrapper_25a56e5ce2f9.v(119)
                                                                      pin: u_pll/u_ref/bufg_feedback_auto_created_sclk_s_0_l_bk1.clkin
SCLK                x023y019z0          0.068          3.291          pin: u_pll/u_ref/bufg_feedback_auto_created_sclk_s_0_l_bk1.clkout
net (fo=1)          x000y039            0.255          3.546          net: u_pll/u_ref/bufg_feedback_auto_created_sclk_s_0_l_bk1_sclk_outnet,  NOFILE(0)
                                                                      pin: u_pll/u_output/ph1p_phy_pll_wrapper_25a56e5ce2f9_Inst/u_PH1P_PHY_PLL.refclk
PLL                 x000y039            0.703          4.249          pin: u_pll/u_output/ph1p_phy_pll_wrapper_25a56e5ce2f9_Inst/u_PH1P_PHY_PLL.clkc[0]
net (fo=1)                              0.697          4.946          net: u_pll/u_output/clk0_buf,  ../../../user_source/hdl_source/native_hdmi_pll.v(32)
                                                                      pin: u_pll/u_output/bufg_feedback.clkin[0]
GCLK                x023y039z0          0.014          4.960          pin: u_pll/u_output/bufg_feedback.clkout
net (fo=2)                              0.339          5.299          net: pixel,  ../../../diagnostics/hdmi_positive/avi_fhd30_top.v(5)
                                                                      pin: u_pll/u_output/bufg_feedback_auto_created_sclk_s_1_r_bk1.clkin
SCLK                x023y059z12         0.068          5.367          pin: u_pll/u_output/bufg_feedback_auto_created_sclk_s_1_r_bk1.clkout
net (fo=52)                             0.552          5.919          net: u_pll/u_output/bufg_feedback_auto_created_sclk_s_1_r_bk1_sclk_outnet,  NOFILE(0)
                                                                      pin: u_packet/packet_g_reg[2]_syn_2.clk
capture edge                           13.468    r    19.387               
--------------------------------------------------------------------  ---------------
setup                                  -0.064         19.323               
clock uncertainty                      -0.103         19.220               
clock pessimism                         0.847         20.067               
--------------------------------------------------------------------  ---------------
Required                                              20.067               
--------------------------------------------------------------------  ---------------
Slack                                                  8.540               

Slack               : 8.540ns
Begin Point         : y_reg[0]_syn_2.clk (rising edge triggered by clock u_pll/u_output/ph1p_phy_pll_wrapper_25a56e5ce2f9_Inst/u_PH1P_PHY_PLL.clkc[0]  { rise@0.000000ns  fall@6.734000ns  period=13.468000 })
End Point           : u_packet/packet_g_reg[6]_syn_2.imf (rising edge triggered by clock u_pll/u_output/ph1p_phy_pll_wrapper_25a56e5ce2f9_Inst/u_PH1P_PHY_PLL.clkc[0]  { rise@0.000000ns  fall@6.734000ns  period=13.468000 })
Check Type          : setup
Process             : slow_m40c
Budget              : 13.468ns { u_pll/u_output/ph1p_phy_pll_wrapper_25a56e5ce2f9_Inst/u_PH1P_PHY_PLL.clkc[0] rising@13.468ns - u_pll/u_output/ph1p_phy_pll_wrapper_25a56e5ce2f9_Inst/u_PH1P_PHY_PLL.clkc[0] rising@0.000ns }
Data Path Delay     : 4.750ns (cell 2.452ns (51%), net 2.298ns (49%))
Clock Skew          : 0.011ns
Logic Level         : 7 ( LUT6=2  LUT5=2  LUT4=1  LUT3=1  LUT2=1 )
Max Fanout          : 5
Clock Uncertainty   : 0.103ns (sdc uncertainty: 0.000ns, default uncertainty: 0.103ns)

Delay Type          Location             Incr           Path   Level  Netlist Info
--------------------------------------------------------------------  ---------------
source latency                          0.000          0.000               
port                C4                  0.000          0.000          pin: I_sys_clk
hierarchy                               0.000          0.000          pin: I_sys_clk_syn_2.ipad
HDIO                x033y078            0.810          0.810          pin: I_sys_clk_syn_2.sg09_di
HDIO                x033y078            0.684          1.494          pin: I_sys_clk_syn_2.di
net (fo=1)          x043y079            0.115          1.609          net: I_sys_clk_dup_1,  ../../../diagnostics/hdmi_positive/avi_fhd30_top.v(3)
                                                                      pin: u_pll/u_ref/ph1p_phy_pll_wrapper_25a56e5ce2f9_Inst/u_PH1P_PHY_PLL.refclk
PLL                 x043y079            0.814          2.423          pin: u_pll/u_ref/ph1p_phy_pll_wrapper_25a56e5ce2f9_Inst/u_PH1P_PHY_PLL.clkc[0]
net (fo=1)                              0.830          3.253          net: u_pll/u_ref/clk0_buf,  ../../../user_source/hdl_source/native_hdmi_pll.v(32)
                                                                      pin: u_pll/u_ref/bufg_feedback.clkin[0]
GCLK                x023y039z16         0.016          3.269          pin: u_pll/u_ref/bufg_feedback.clkout
net (fo=1)                              0.375          3.644          net: u_pll/u_output/ph1p_phy_pll_wrapper_25a56e5ce2f9_Inst/refclk,  ../../../user_source/ip_source/PLL/RTL/ph1p_phy_pll_wrapper_25a56e5ce2f9.v(119)
                                                                      pin: u_pll/u_ref/bufg_feedback_auto_created_sclk_s_0_l_bk1.clkin
SCLK                x023y019z0          0.079          3.723          pin: u_pll/u_ref/bufg_feedback_auto_created_sclk_s_0_l_bk1.clkout
net (fo=1)          x000y039            0.299          4.022          net: u_pll/u_ref/bufg_feedback_auto_created_sclk_s_0_l_bk1_sclk_outnet,  NOFILE(0)
                                                                      pin: u_pll/u_output/ph1p_phy_pll_wrapper_25a56e5ce2f9_Inst/u_PH1P_PHY_PLL.refclk
PLL                 x000y039            0.814          4.836          pin: u_pll/u_output/ph1p_phy_pll_wrapper_25a56e5ce2f9_Inst/u_PH1P_PHY_PLL.clkc[0]
net (fo=1)                              0.815          5.651          net: u_pll/u_output/clk0_buf,  ../../../user_source/hdl_source/native_hdmi_pll.v(32)
                                                                      pin: u_pll/u_output/bufg_feedback.clkin[0]
GCLK                x023y039z0          0.016          5.667          pin: u_pll/u_output/bufg_feedback.clkout
net (fo=2)                              0.396          6.063          net: pixel,  ../../../diagnostics/hdmi_positive/avi_fhd30_top.v(5)
                                                                      pin: u_pll/u_output/bufg_feedback_auto_created_sclk_s_1_r_bk1.clkin
SCLK                x023y059z12         0.079          6.142          pin: u_pll/u_output/bufg_feedback_auto_created_sclk_s_1_r_bk1.clkout
net (fo=52)                             0.635          6.777          net: u_pll/u_output/bufg_feedback_auto_created_sclk_s_1_r_bk1_sclk_outnet,  NOFILE(0)
                                                                      pin: y_reg[0]_syn_2.clk
launch edge                             0.000    r     6.777               
--------------------------------------------------------------------  ---------------
clk2q               x030y040z7          0.137    r     6.914          pin: y_reg[0]_syn_2.oqb
net (fo=5)                              0.340          7.254          net: y[1],  ../../../diagnostics/hdmi_positive/avi_fhd30_top.v(12)
                                                                      pin: u_blue/symbol_b[9]_syn_21.ia
LUT6                x030y041z2          0.408    f     7.662       1  pin: u_blue/symbol_b[9]_syn_21.ofb
net (fo=1)                              0.079          7.741          net: u_blue/symbol_b[9]_syn_5,  NOFILE(0)
                                                                      pin: u_blue/symbol_b[9]_syn_24.ib
LUT4                x030y041z1          0.408    f     8.149       2  pin: u_blue/symbol_b[9]_syn_24.ofb
net (fo=2)                              0.183          8.332          net: u_blue/symbol_b[9]_syn_7,  NOFILE(0)
                                                                      pin: u_blue/symbol_b[9]_syn_23.ie
LUT3                x030y041z7          0.189    r     8.521       3  pin: u_blue/symbol_b[9]_syn_23.ofb
net (fo=5)                              0.483          9.004          net: y_b2_n1,  NOFILE(0)
                                                                      pin: u_packet/packet_b1[3]_syn_19.ia
LUT5                x030y041z3          0.399    f     9.403       4  pin: u_packet/packet_b1[3]_syn_19.ofb
net (fo=2)                              0.190          9.593          net: u_packet/packet_b1[3]_syn_10,  NOFILE(0)
                                                                      pin: u_packet/mux18_syn_27.ib
LUT5                x031y040z3          0.408    f    10.001       5  pin: u_packet/mux18_syn_27.ofb
net (fo=2)                              0.709         10.710          net: u_packet/video_pre_n1,  NOFILE(0)
                                                                      pin: u_packet/override_r_reg_syn_3.ie
LUT2                x035y042z2          0.189    r    10.899       6  pin: u_packet/override_r_reg_syn_3.ofb
net (fo=3)                              0.314         11.213          net: u_packet/override_r_n2_syn_2,  NOFILE(0)
                                                                      pin: u_packet/packet_g_reg[6]_syn_2.imf
LUT6 (reg)          x031y042z0          0.314    f    11.527       7  net: u_packet/packet_g[6],  ../../../diagnostics/hdmi_positive/hdmi_avi_insert.v(63)
--------------------------------------------------------------------  ---------------
Arrival                                               11.527               

source latency                          0.000          0.000               
port                C4                  0.000          0.000          pin: I_sys_clk
hierarchy                               0.000          0.000          pin: I_sys_clk_syn_2.ipad
HDIO                x033y078            0.745          0.745          pin: I_sys_clk_syn_2.sg09_di
HDIO                x033y078            0.629          1.374          pin: I_sys_clk_syn_2.di
net (fo=1)          x043y079            0.099          1.473          net: I_sys_clk_dup_1,  ../../../diagnostics/hdmi_positive/avi_fhd30_top.v(3)
                                                                      pin: u_pll/u_ref/ph1p_phy_pll_wrapper_25a56e5ce2f9_Inst/u_PH1P_PHY_PLL.refclk
PLL                 x043y079            0.703          2.176          pin: u_pll/u_ref/ph1p_phy_pll_wrapper_25a56e5ce2f9_Inst/u_PH1P_PHY_PLL.clkc[0]
net (fo=1)                              0.711          2.887          net: u_pll/u_ref/clk0_buf,  ../../../user_source/hdl_source/native_hdmi_pll.v(32)
                                                                      pin: u_pll/u_ref/bufg_feedback.clkin[0]
GCLK                x023y039z16         0.014          2.901          pin: u_pll/u_ref/bufg_feedback.clkout
net (fo=1)                              0.322          3.223          net: u_pll/u_output/ph1p_phy_pll_wrapper_25a56e5ce2f9_Inst/refclk,  ../../../user_source/ip_source/PLL/RTL/ph1p_phy_pll_wrapper_25a56e5ce2f9.v(119)
                                                                      pin: u_pll/u_ref/bufg_feedback_auto_created_sclk_s_0_l_bk1.clkin
SCLK                x023y019z0          0.068          3.291          pin: u_pll/u_ref/bufg_feedback_auto_created_sclk_s_0_l_bk1.clkout
net (fo=1)          x000y039            0.255          3.546          net: u_pll/u_ref/bufg_feedback_auto_created_sclk_s_0_l_bk1_sclk_outnet,  NOFILE(0)
                                                                      pin: u_pll/u_output/ph1p_phy_pll_wrapper_25a56e5ce2f9_Inst/u_PH1P_PHY_PLL.refclk
PLL                 x000y039            0.703          4.249          pin: u_pll/u_output/ph1p_phy_pll_wrapper_25a56e5ce2f9_Inst/u_PH1P_PHY_PLL.clkc[0]
net (fo=1)                              0.697          4.946          net: u_pll/u_output/clk0_buf,  ../../../user_source/hdl_source/native_hdmi_pll.v(32)
                                                                      pin: u_pll/u_output/bufg_feedback.clkin[0]
GCLK                x023y039z0          0.014          4.960          pin: u_pll/u_output/bufg_feedback.clkout
net (fo=2)                              0.339          5.299          net: pixel,  ../../../diagnostics/hdmi_positive/avi_fhd30_top.v(5)
                                                                      pin: u_pll/u_output/bufg_feedback_auto_created_sclk_s_1_r_bk1.clkin
SCLK                x023y059z12         0.068          5.367          pin: u_pll/u_output/bufg_feedback_auto_created_sclk_s_1_r_bk1.clkout
net (fo=52)                             0.552          5.919          net: u_pll/u_output/bufg_feedback_auto_created_sclk_s_1_r_bk1_sclk_outnet,  NOFILE(0)
                                                                      pin: u_packet/packet_g_reg[6]_syn_2.clk
capture edge                           13.468    r    19.387               
--------------------------------------------------------------------  ---------------
setup                                  -0.064         19.323               
clock uncertainty                      -0.103         19.220               
clock pessimism                         0.847         20.067               
--------------------------------------------------------------------  ---------------
Required                                              20.067               
--------------------------------------------------------------------  ---------------
Slack                                                  8.540               

Slack               : 8.652ns
Begin Point         : y_reg[0]_syn_2.clk (rising edge triggered by clock u_pll/u_output/ph1p_phy_pll_wrapper_25a56e5ce2f9_Inst/u_PH1P_PHY_PLL.clkc[0]  { rise@0.000000ns  fall@6.734000ns  period=13.468000 })
End Point           : u_packet/packet_r_reg[3]_syn_2.ib (rising edge triggered by clock u_pll/u_output/ph1p_phy_pll_wrapper_25a56e5ce2f9_Inst/u_PH1P_PHY_PLL.clkc[0]  { rise@0.000000ns  fall@6.734000ns  period=13.468000 })
Check Type          : setup
Process             : slow_m40c
Budget              : 13.468ns { u_pll/u_output/ph1p_phy_pll_wrapper_25a56e5ce2f9_Inst/u_PH1P_PHY_PLL.clkc[0] rising@13.468ns - u_pll/u_output/ph1p_phy_pll_wrapper_25a56e5ce2f9_Inst/u_PH1P_PHY_PLL.clkc[0] rising@0.000ns }
Data Path Delay     : 4.574ns (cell 2.578ns (56%), net 1.996ns (44%))
Clock Skew          : 0.075ns
Logic Level         : 7 ( LUT3=3  LUT6=1  LUT5=1  LUT4=1  LUT2=1 )
Max Fanout          : 5
Clock Uncertainty   : 0.103ns (sdc uncertainty: 0.000ns, default uncertainty: 0.103ns)

Delay Type          Location             Incr           Path   Level  Netlist Info
--------------------------------------------------------------------  ---------------
source latency                          0.000          0.000               
port                C4                  0.000          0.000          pin: I_sys_clk
hierarchy                               0.000          0.000          pin: I_sys_clk_syn_2.ipad
HDIO                x033y078            0.810          0.810          pin: I_sys_clk_syn_2.sg09_di
HDIO                x033y078            0.684          1.494          pin: I_sys_clk_syn_2.di
net (fo=1)          x043y079            0.115          1.609          net: I_sys_clk_dup_1,  ../../../diagnostics/hdmi_positive/avi_fhd30_top.v(3)
                                                                      pin: u_pll/u_ref/ph1p_phy_pll_wrapper_25a56e5ce2f9_Inst/u_PH1P_PHY_PLL.refclk
PLL                 x043y079            0.814          2.423          pin: u_pll/u_ref/ph1p_phy_pll_wrapper_25a56e5ce2f9_Inst/u_PH1P_PHY_PLL.clkc[0]
net (fo=1)                              0.830          3.253          net: u_pll/u_ref/clk0_buf,  ../../../user_source/hdl_source/native_hdmi_pll.v(32)
                                                                      pin: u_pll/u_ref/bufg_feedback.clkin[0]
GCLK                x023y039z16         0.016          3.269          pin: u_pll/u_ref/bufg_feedback.clkout
net (fo=1)                              0.375          3.644          net: u_pll/u_output/ph1p_phy_pll_wrapper_25a56e5ce2f9_Inst/refclk,  ../../../user_source/ip_source/PLL/RTL/ph1p_phy_pll_wrapper_25a56e5ce2f9.v(119)
                                                                      pin: u_pll/u_ref/bufg_feedback_auto_created_sclk_s_0_l_bk1.clkin
SCLK                x023y019z0          0.079          3.723          pin: u_pll/u_ref/bufg_feedback_auto_created_sclk_s_0_l_bk1.clkout
net (fo=1)          x000y039            0.299          4.022          net: u_pll/u_ref/bufg_feedback_auto_created_sclk_s_0_l_bk1_sclk_outnet,  NOFILE(0)
                                                                      pin: u_pll/u_output/ph1p_phy_pll_wrapper_25a56e5ce2f9_Inst/u_PH1P_PHY_PLL.refclk
PLL                 x000y039            0.814          4.836          pin: u_pll/u_output/ph1p_phy_pll_wrapper_25a56e5ce2f9_Inst/u_PH1P_PHY_PLL.clkc[0]
net (fo=1)                              0.815          5.651          net: u_pll/u_output/clk0_buf,  ../../../user_source/hdl_source/native_hdmi_pll.v(32)
                                                                      pin: u_pll/u_output/bufg_feedback.clkin[0]
GCLK                x023y039z0          0.016          5.667          pin: u_pll/u_output/bufg_feedback.clkout
net (fo=2)                              0.396          6.063          net: pixel,  ../../../diagnostics/hdmi_positive/avi_fhd30_top.v(5)
                                                                      pin: u_pll/u_output/bufg_feedback_auto_created_sclk_s_1_r_bk1.clkin
SCLK                x023y059z12         0.079          6.142          pin: u_pll/u_output/bufg_feedback_auto_created_sclk_s_1_r_bk1.clkout
net (fo=52)                             0.635          6.777          net: u_pll/u_output/bufg_feedback_auto_created_sclk_s_1_r_bk1_sclk_outnet,  NOFILE(0)
                                                                      pin: y_reg[0]_syn_2.clk
launch edge                             0.000    r     6.777               
--------------------------------------------------------------------  ---------------
clk2q               x030y040z7          0.137    r     6.914          pin: y_reg[0]_syn_2.oqb
net (fo=5)                              0.340          7.254          net: y[1],  ../../../diagnostics/hdmi_positive/avi_fhd30_top.v(12)
                                                                      pin: u_blue/symbol_b[9]_syn_21.ia
LUT6                x030y041z2          0.408    f     7.662       1  pin: u_blue/symbol_b[9]_syn_21.ofb
net (fo=1)                              0.079          7.741          net: u_blue/symbol_b[9]_syn_5,  NOFILE(0)
                                                                      pin: u_blue/symbol_b[9]_syn_24.ib
LUT4                x030y041z1          0.408    f     8.149       2  pin: u_blue/symbol_b[9]_syn_24.ofb
net (fo=2)                              0.183          8.332          net: u_blue/symbol_b[9]_syn_7,  NOFILE(0)
                                                                      pin: u_blue/symbol_b[9]_syn_23.ie
LUT3                x030y041z7          0.189    r     8.521       3  pin: u_blue/symbol_b[9]_syn_23.ofb
net (fo=5)                              0.483          9.004          net: y_b2_n1,  NOFILE(0)
                                                                      pin: u_packet/packet_b1[3]_syn_19.ia
LUT5                x030y041z3          0.399    f     9.403       4  pin: u_packet/packet_b1[3]_syn_19.ofb
net (fo=2)                              0.289          9.692          net: u_packet/packet_b1[3]_syn_10,  NOFILE(0)
                                                                      pin: u_packet/packet_b1[3]_syn_17.ia
LUT3                x031y041z7          0.399    f    10.091       5  pin: u_packet/packet_b1[3]_syn_17.ofb
net (fo=2)                              0.194         10.285          net: u_packet/packet_b1[3]_syn_14,  NOFILE(0)
                                                                      pin: u_packet/packet_r_reg[9]_syn_2.ie
LUT3                x033y041z0          0.189    r    10.474       6  pin: u_packet/packet_r_reg[9]_syn_2.ofb
net (fo=2)                              0.428         10.902          net: u_packet/packet_r_b[8],  NOFILE(0)
                                                                      pin: u_packet/packet_r_reg[3]_syn_2.ib
LUT2 (reg)          x035y045z4          0.449    r    11.351       7  net: u_packet/packet_r[3],  ../../../diagnostics/hdmi_positive/hdmi_avi_insert.v(63)
--------------------------------------------------------------------  ---------------
Arrival                                               11.351               

source latency                          0.000          0.000               
port                C4                  0.000          0.000          pin: I_sys_clk
hierarchy                               0.000          0.000          pin: I_sys_clk_syn_2.ipad
HDIO                x033y078            0.745          0.745          pin: I_sys_clk_syn_2.sg09_di
HDIO                x033y078            0.629          1.374          pin: I_sys_clk_syn_2.di
net (fo=1)          x043y079            0.099          1.473          net: I_sys_clk_dup_1,  ../../../diagnostics/hdmi_positive/avi_fhd30_top.v(3)
                                                                      pin: u_pll/u_ref/ph1p_phy_pll_wrapper_25a56e5ce2f9_Inst/u_PH1P_PHY_PLL.refclk
PLL                 x043y079            0.703          2.176          pin: u_pll/u_ref/ph1p_phy_pll_wrapper_25a56e5ce2f9_Inst/u_PH1P_PHY_PLL.clkc[0]
net (fo=1)                              0.711          2.887          net: u_pll/u_ref/clk0_buf,  ../../../user_source/hdl_source/native_hdmi_pll.v(32)
                                                                      pin: u_pll/u_ref/bufg_feedback.clkin[0]
GCLK                x023y039z16         0.014          2.901          pin: u_pll/u_ref/bufg_feedback.clkout
net (fo=1)                              0.322          3.223          net: u_pll/u_output/ph1p_phy_pll_wrapper_25a56e5ce2f9_Inst/refclk,  ../../../user_source/ip_source/PLL/RTL/ph1p_phy_pll_wrapper_25a56e5ce2f9.v(119)
                                                                      pin: u_pll/u_ref/bufg_feedback_auto_created_sclk_s_0_l_bk1.clkin
SCLK                x023y019z0          0.068          3.291          pin: u_pll/u_ref/bufg_feedback_auto_created_sclk_s_0_l_bk1.clkout
net (fo=1)          x000y039            0.255          3.546          net: u_pll/u_ref/bufg_feedback_auto_created_sclk_s_0_l_bk1_sclk_outnet,  NOFILE(0)
                                                                      pin: u_pll/u_output/ph1p_phy_pll_wrapper_25a56e5ce2f9_Inst/u_PH1P_PHY_PLL.refclk
PLL                 x000y039            0.703          4.249          pin: u_pll/u_output/ph1p_phy_pll_wrapper_25a56e5ce2f9_Inst/u_PH1P_PHY_PLL.clkc[0]
net (fo=1)                              0.697          4.946          net: u_pll/u_output/clk0_buf,  ../../../user_source/hdl_source/native_hdmi_pll.v(32)
                                                                      pin: u_pll/u_output/bufg_feedback.clkin[0]
GCLK                x023y039z0          0.014          4.960          pin: u_pll/u_output/bufg_feedback.clkout
net (fo=2)                              0.339          5.299          net: pixel,  ../../../diagnostics/hdmi_positive/avi_fhd30_top.v(5)
                                                                      pin: u_pll/u_output/bufg_feedback_auto_created_sclk_s_1_r_bk1.clkin
SCLK                x023y059z12         0.068          5.367          pin: u_pll/u_output/bufg_feedback_auto_created_sclk_s_1_r_bk1.clkout
net (fo=52)                             0.553          5.920          net: u_pll/u_output/bufg_feedback_auto_created_sclk_s_1_r_bk1_sclk_outnet,  NOFILE(0)
                                                                      pin: u_packet/packet_r_reg[3]_syn_2.clk
capture edge                           13.468    r    19.388               
--------------------------------------------------------------------  ---------------
setup                                  -0.064         19.324               
clock uncertainty                      -0.103         19.221               
clock pessimism                         0.782         20.003               
--------------------------------------------------------------------  ---------------
Required                                              20.003               
--------------------------------------------------------------------  ---------------
Slack                                                  8.652               

Slack               : 8.710ns
Begin Point         : y_reg[0]_syn_2.clk (rising edge triggered by clock u_pll/u_output/ph1p_phy_pll_wrapper_25a56e5ce2f9_Inst/u_PH1P_PHY_PLL.clkc[0]  { rise@0.000000ns  fall@6.734000ns  period=13.468000 })
End Point           : u_packet/override_r_reg_syn_3.id (rising edge triggered by clock u_pll/u_output/ph1p_phy_pll_wrapper_25a56e5ce2f9_Inst/u_PH1P_PHY_PLL.clkc[0]  { rise@0.000000ns  fall@6.734000ns  period=13.468000 })
Check Type          : setup
Process             : slow_m40c
Budget              : 13.468ns { u_pll/u_output/ph1p_phy_pll_wrapper_25a56e5ce2f9_Inst/u_PH1P_PHY_PLL.clkc[0] rising@13.468ns - u_pll/u_output/ph1p_phy_pll_wrapper_25a56e5ce2f9_Inst/u_PH1P_PHY_PLL.clkc[0] rising@0.000ns }
Data Path Delay     : 4.516ns (cell 2.349ns (52%), net 2.167ns (48%))
Clock Skew          : 0.075ns
Logic Level         : 7 ( LUT5=2  LUT2=2  LUT6=1  LUT4=1  LUT3=1 )
Max Fanout          : 5
Clock Uncertainty   : 0.103ns (sdc uncertainty: 0.000ns, default uncertainty: 0.103ns)

Delay Type          Location             Incr           Path   Level  Netlist Info
--------------------------------------------------------------------  ---------------
source latency                          0.000          0.000               
port                C4                  0.000          0.000          pin: I_sys_clk
hierarchy                               0.000          0.000          pin: I_sys_clk_syn_2.ipad
HDIO                x033y078            0.810          0.810          pin: I_sys_clk_syn_2.sg09_di
HDIO                x033y078            0.684          1.494          pin: I_sys_clk_syn_2.di
net (fo=1)          x043y079            0.115          1.609          net: I_sys_clk_dup_1,  ../../../diagnostics/hdmi_positive/avi_fhd30_top.v(3)
                                                                      pin: u_pll/u_ref/ph1p_phy_pll_wrapper_25a56e5ce2f9_Inst/u_PH1P_PHY_PLL.refclk
PLL                 x043y079            0.814          2.423          pin: u_pll/u_ref/ph1p_phy_pll_wrapper_25a56e5ce2f9_Inst/u_PH1P_PHY_PLL.clkc[0]
net (fo=1)                              0.830          3.253          net: u_pll/u_ref/clk0_buf,  ../../../user_source/hdl_source/native_hdmi_pll.v(32)
                                                                      pin: u_pll/u_ref/bufg_feedback.clkin[0]
GCLK                x023y039z16         0.016          3.269          pin: u_pll/u_ref/bufg_feedback.clkout
net (fo=1)                              0.375          3.644          net: u_pll/u_output/ph1p_phy_pll_wrapper_25a56e5ce2f9_Inst/refclk,  ../../../user_source/ip_source/PLL/RTL/ph1p_phy_pll_wrapper_25a56e5ce2f9.v(119)
                                                                      pin: u_pll/u_ref/bufg_feedback_auto_created_sclk_s_0_l_bk1.clkin
SCLK                x023y019z0          0.079          3.723          pin: u_pll/u_ref/bufg_feedback_auto_created_sclk_s_0_l_bk1.clkout
net (fo=1)          x000y039            0.299          4.022          net: u_pll/u_ref/bufg_feedback_auto_created_sclk_s_0_l_bk1_sclk_outnet,  NOFILE(0)
                                                                      pin: u_pll/u_output/ph1p_phy_pll_wrapper_25a56e5ce2f9_Inst/u_PH1P_PHY_PLL.refclk
PLL                 x000y039            0.814          4.836          pin: u_pll/u_output/ph1p_phy_pll_wrapper_25a56e5ce2f9_Inst/u_PH1P_PHY_PLL.clkc[0]
net (fo=1)                              0.815          5.651          net: u_pll/u_output/clk0_buf,  ../../../user_source/hdl_source/native_hdmi_pll.v(32)
                                                                      pin: u_pll/u_output/bufg_feedback.clkin[0]
GCLK                x023y039z0          0.016          5.667          pin: u_pll/u_output/bufg_feedback.clkout
net (fo=2)                              0.396          6.063          net: pixel,  ../../../diagnostics/hdmi_positive/avi_fhd30_top.v(5)
                                                                      pin: u_pll/u_output/bufg_feedback_auto_created_sclk_s_1_r_bk1.clkin
SCLK                x023y059z12         0.079          6.142          pin: u_pll/u_output/bufg_feedback_auto_created_sclk_s_1_r_bk1.clkout
net (fo=52)                             0.635          6.777          net: u_pll/u_output/bufg_feedback_auto_created_sclk_s_1_r_bk1_sclk_outnet,  NOFILE(0)
                                                                      pin: y_reg[0]_syn_2.clk
launch edge                             0.000    r     6.777               
--------------------------------------------------------------------  ---------------
clk2q               x030y040z7          0.137    r     6.914          pin: y_reg[0]_syn_2.oqb
net (fo=5)                              0.340          7.254          net: y[1],  ../../../diagnostics/hdmi_positive/avi_fhd30_top.v(12)
                                                                      pin: u_blue/symbol_b[9]_syn_21.ia
LUT6                x030y041z2          0.408    f     7.662       1  pin: u_blue/symbol_b[9]_syn_21.ofb
net (fo=1)                              0.079          7.741          net: u_blue/symbol_b[9]_syn_5,  NOFILE(0)
                                                                      pin: u_blue/symbol_b[9]_syn_24.ib
LUT4                x030y041z1          0.408    f     8.149       2  pin: u_blue/symbol_b[9]_syn_24.ofb
net (fo=2)                              0.183          8.332          net: u_blue/symbol_b[9]_syn_7,  NOFILE(0)
                                                                      pin: u_blue/symbol_b[9]_syn_23.ie
LUT3                x030y041z7          0.189    r     8.521       3  pin: u_blue/symbol_b[9]_syn_23.ofb
net (fo=5)                              0.483          9.004          net: y_b2_n1,  NOFILE(0)
                                                                      pin: u_packet/packet_b1[3]_syn_19.ia
LUT5                x030y041z3          0.399    f     9.403       4  pin: u_packet/packet_b1[3]_syn_19.ofb
net (fo=2)                              0.190          9.593          net: u_packet/packet_b1[3]_syn_10,  NOFILE(0)
                                                                      pin: u_packet/mux18_syn_27.ib
LUT5                x031y040z3          0.408    f    10.001       5  pin: u_packet/mux18_syn_27.ofb
net (fo=2)                              0.709         10.710          net: u_packet/video_pre_n1,  NOFILE(0)
                                                                      pin: u_packet/override_r_reg_syn_3.ie
LUT2                x035y042z2          0.189    r    10.899       6  pin: u_packet/override_r_reg_syn_3.ofb
net (fo=3)                              0.183         11.082          net: u_packet/override_r_n2_syn_2,  NOFILE(0)
                                                                      pin: u_packet/override_r_reg_syn_3.id
LUT2 (reg)          x035y042z2          0.211    f    11.293       7  net: u_packet/override_r,  ../../../diagnostics/hdmi_positive/hdmi_avi_insert.v(62)
--------------------------------------------------------------------  ---------------
Arrival                                               11.293               

source latency                          0.000          0.000               
port                C4                  0.000          0.000          pin: I_sys_clk
hierarchy                               0.000          0.000          pin: I_sys_clk_syn_2.ipad
HDIO                x033y078            0.745          0.745          pin: I_sys_clk_syn_2.sg09_di
HDIO                x033y078            0.629          1.374          pin: I_sys_clk_syn_2.di
net (fo=1)          x043y079            0.099          1.473          net: I_sys_clk_dup_1,  ../../../diagnostics/hdmi_positive/avi_fhd30_top.v(3)
                                                                      pin: u_pll/u_ref/ph1p_phy_pll_wrapper_25a56e5ce2f9_Inst/u_PH1P_PHY_PLL.refclk
PLL                 x043y079            0.703          2.176          pin: u_pll/u_ref/ph1p_phy_pll_wrapper_25a56e5ce2f9_Inst/u_PH1P_PHY_PLL.clkc[0]
net (fo=1)                              0.711          2.887          net: u_pll/u_ref/clk0_buf,  ../../../user_source/hdl_source/native_hdmi_pll.v(32)
                                                                      pin: u_pll/u_ref/bufg_feedback.clkin[0]
GCLK                x023y039z16         0.014          2.901          pin: u_pll/u_ref/bufg_feedback.clkout
net (fo=1)                              0.322          3.223          net: u_pll/u_output/ph1p_phy_pll_wrapper_25a56e5ce2f9_Inst/refclk,  ../../../user_source/ip_source/PLL/RTL/ph1p_phy_pll_wrapper_25a56e5ce2f9.v(119)
                                                                      pin: u_pll/u_ref/bufg_feedback_auto_created_sclk_s_0_l_bk1.clkin
SCLK                x023y019z0          0.068          3.291          pin: u_pll/u_ref/bufg_feedback_auto_created_sclk_s_0_l_bk1.clkout
net (fo=1)          x000y039            0.255          3.546          net: u_pll/u_ref/bufg_feedback_auto_created_sclk_s_0_l_bk1_sclk_outnet,  NOFILE(0)
                                                                      pin: u_pll/u_output/ph1p_phy_pll_wrapper_25a56e5ce2f9_Inst/u_PH1P_PHY_PLL.refclk
PLL                 x000y039            0.703          4.249          pin: u_pll/u_output/ph1p_phy_pll_wrapper_25a56e5ce2f9_Inst/u_PH1P_PHY_PLL.clkc[0]
net (fo=1)                              0.697          4.946          net: u_pll/u_output/clk0_buf,  ../../../user_source/hdl_source/native_hdmi_pll.v(32)
                                                                      pin: u_pll/u_output/bufg_feedback.clkin[0]
GCLK                x023y039z0          0.014          4.960          pin: u_pll/u_output/bufg_feedback.clkout
net (fo=2)                              0.339          5.299          net: pixel,  ../../../diagnostics/hdmi_positive/avi_fhd30_top.v(5)
                                                                      pin: u_pll/u_output/bufg_feedback_auto_created_sclk_s_1_r_bk1.clkin
SCLK                x023y059z12         0.068          5.367          pin: u_pll/u_output/bufg_feedback_auto_created_sclk_s_1_r_bk1.clkout
net (fo=52)                             0.553          5.920          net: u_pll/u_output/bufg_feedback_auto_created_sclk_s_1_r_bk1_sclk_outnet,  NOFILE(0)
                                                                      pin: u_packet/override_r_reg_syn_3.clk
capture edge                           13.468    r    19.388               
--------------------------------------------------------------------  ---------------
setup                                  -0.064         19.324               
clock uncertainty                      -0.103         19.221               
clock pessimism                         0.782         20.003               
--------------------------------------------------------------------  ---------------
Required                                              20.003               
--------------------------------------------------------------------  ---------------
Slack                                                  8.710               

Slack               : 8.862ns
Begin Point         : y_reg[0]_syn_2.clk (rising edge triggered by clock u_pll/u_output/ph1p_phy_pll_wrapper_25a56e5ce2f9_Inst/u_PH1P_PHY_PLL.clkc[0]  { rise@0.000000ns  fall@6.734000ns  period=13.468000 })
End Point           : u_packet/packet_g_reg[3]_syn_2.ia (rising edge triggered by clock u_pll/u_output/ph1p_phy_pll_wrapper_25a56e5ce2f9_Inst/u_PH1P_PHY_PLL.clkc[0]  { rise@0.000000ns  fall@6.734000ns  period=13.468000 })
Check Type          : setup
Process             : slow_m40c
Budget              : 13.468ns { u_pll/u_output/ph1p_phy_pll_wrapper_25a56e5ce2f9_Inst/u_PH1P_PHY_PLL.clkc[0] rising@13.468ns - u_pll/u_output/ph1p_phy_pll_wrapper_25a56e5ce2f9_Inst/u_PH1P_PHY_PLL.clkc[0] rising@0.000ns }
Data Path Delay     : 4.428ns (cell 2.771ns (62%), net 1.657ns (38%))
Clock Skew          : 0.011ns
Logic Level         : 7 ( LUT6=2  LUT5=2  LUT4=2  LUT3=1 )
Max Fanout          : 5
Clock Uncertainty   : 0.103ns (sdc uncertainty: 0.000ns, default uncertainty: 0.103ns)

Delay Type          Location             Incr           Path   Level  Netlist Info
--------------------------------------------------------------------  ---------------
source latency                          0.000          0.000               
port                C4                  0.000          0.000          pin: I_sys_clk
hierarchy                               0.000          0.000          pin: I_sys_clk_syn_2.ipad
HDIO                x033y078            0.810          0.810          pin: I_sys_clk_syn_2.sg09_di
HDIO                x033y078            0.684          1.494          pin: I_sys_clk_syn_2.di
net (fo=1)          x043y079            0.115          1.609          net: I_sys_clk_dup_1,  ../../../diagnostics/hdmi_positive/avi_fhd30_top.v(3)
                                                                      pin: u_pll/u_ref/ph1p_phy_pll_wrapper_25a56e5ce2f9_Inst/u_PH1P_PHY_PLL.refclk
PLL                 x043y079            0.814          2.423          pin: u_pll/u_ref/ph1p_phy_pll_wrapper_25a56e5ce2f9_Inst/u_PH1P_PHY_PLL.clkc[0]
net (fo=1)                              0.830          3.253          net: u_pll/u_ref/clk0_buf,  ../../../user_source/hdl_source/native_hdmi_pll.v(32)
                                                                      pin: u_pll/u_ref/bufg_feedback.clkin[0]
GCLK                x023y039z16         0.016          3.269          pin: u_pll/u_ref/bufg_feedback.clkout
net (fo=1)                              0.375          3.644          net: u_pll/u_output/ph1p_phy_pll_wrapper_25a56e5ce2f9_Inst/refclk,  ../../../user_source/ip_source/PLL/RTL/ph1p_phy_pll_wrapper_25a56e5ce2f9.v(119)
                                                                      pin: u_pll/u_ref/bufg_feedback_auto_created_sclk_s_0_l_bk1.clkin
SCLK                x023y019z0          0.079          3.723          pin: u_pll/u_ref/bufg_feedback_auto_created_sclk_s_0_l_bk1.clkout
net (fo=1)          x000y039            0.299          4.022          net: u_pll/u_ref/bufg_feedback_auto_created_sclk_s_0_l_bk1_sclk_outnet,  NOFILE(0)
                                                                      pin: u_pll/u_output/ph1p_phy_pll_wrapper_25a56e5ce2f9_Inst/u_PH1P_PHY_PLL.refclk
PLL                 x000y039            0.814          4.836          pin: u_pll/u_output/ph1p_phy_pll_wrapper_25a56e5ce2f9_Inst/u_PH1P_PHY_PLL.clkc[0]
net (fo=1)                              0.815          5.651          net: u_pll/u_output/clk0_buf,  ../../../user_source/hdl_source/native_hdmi_pll.v(32)
                                                                      pin: u_pll/u_output/bufg_feedback.clkin[0]
GCLK                x023y039z0          0.016          5.667          pin: u_pll/u_output/bufg_feedback.clkout
net (fo=2)                              0.396          6.063          net: pixel,  ../../../diagnostics/hdmi_positive/avi_fhd30_top.v(5)
                                                                      pin: u_pll/u_output/bufg_feedback_auto_created_sclk_s_1_r_bk1.clkin
SCLK                x023y059z12         0.079          6.142          pin: u_pll/u_output/bufg_feedback_auto_created_sclk_s_1_r_bk1.clkout
net (fo=52)                             0.635          6.777          net: u_pll/u_output/bufg_feedback_auto_created_sclk_s_1_r_bk1_sclk_outnet,  NOFILE(0)
                                                                      pin: y_reg[0]_syn_2.clk
launch edge                             0.000    r     6.777               
--------------------------------------------------------------------  ---------------
clk2q               x030y040z7          0.137    r     6.914          pin: y_reg[0]_syn_2.oqb
net (fo=5)                              0.340          7.254          net: y[1],  ../../../diagnostics/hdmi_positive/avi_fhd30_top.v(12)
                                                                      pin: u_blue/symbol_b[9]_syn_21.ia
LUT6                x030y041z2          0.408    f     7.662       1  pin: u_blue/symbol_b[9]_syn_21.ofb
net (fo=1)                              0.079          7.741          net: u_blue/symbol_b[9]_syn_5,  NOFILE(0)
                                                                      pin: u_blue/symbol_b[9]_syn_24.ib
LUT4                x030y041z1          0.408    f     8.149       2  pin: u_blue/symbol_b[9]_syn_24.ofb
net (fo=2)                              0.183          8.332          net: u_blue/symbol_b[9]_syn_7,  NOFILE(0)
                                                                      pin: u_blue/symbol_b[9]_syn_23.ie
LUT3                x030y041z7          0.189    r     8.521       3  pin: u_blue/symbol_b[9]_syn_23.ofb
net (fo=5)                              0.483          9.004          net: y_b2_n1,  NOFILE(0)
                                                                      pin: u_packet/packet_b1[3]_syn_19.ia
LUT5                x030y041z3          0.399    f     9.403       4  pin: u_packet/packet_b1[3]_syn_19.ofb
net (fo=2)                              0.190          9.593          net: u_packet/packet_b1[3]_syn_10,  NOFILE(0)
                                                                      pin: u_packet/mux18_syn_27.ib
LUT5                x031y040z3          0.408    f    10.001       5  pin: u_packet/mux18_syn_27.ofb
net (fo=2)                              0.288         10.289          net: u_packet/video_pre_n1,  NOFILE(0)
                                                                      pin: u_packet/packet_g_reg[8]_syn_2.id
LUT4                x031y042z7          0.266    f    10.555       6  pin: u_packet/packet_g_reg[8]_syn_2.ofa
net (fo=2)                              0.094         10.649          net: u_packet/mux18_syn_12,  ../../../diagnostics/hdmi_positive/hdmi_avi_insert.v(73)
                                                                      pin: u_packet/packet_g_reg[3]_syn_2.ia
LUT6 (reg)          x031y042z6          0.556    f    11.205       7  net: u_packet/packet_g[3],  ../../../diagnostics/hdmi_positive/hdmi_avi_insert.v(63)
--------------------------------------------------------------------  ---------------
Arrival                                               11.205               

source latency                          0.000          0.000               
port                C4                  0.000          0.000          pin: I_sys_clk
hierarchy                               0.000          0.000          pin: I_sys_clk_syn_2.ipad
HDIO                x033y078            0.745          0.745          pin: I_sys_clk_syn_2.sg09_di
HDIO                x033y078            0.629          1.374          pin: I_sys_clk_syn_2.di
net (fo=1)          x043y079            0.099          1.473          net: I_sys_clk_dup_1,  ../../../diagnostics/hdmi_positive/avi_fhd30_top.v(3)
                                                                      pin: u_pll/u_ref/ph1p_phy_pll_wrapper_25a56e5ce2f9_Inst/u_PH1P_PHY_PLL.refclk
PLL                 x043y079            0.703          2.176          pin: u_pll/u_ref/ph1p_phy_pll_wrapper_25a56e5ce2f9_Inst/u_PH1P_PHY_PLL.clkc[0]
net (fo=1)                              0.711          2.887          net: u_pll/u_ref/clk0_buf,  ../../../user_source/hdl_source/native_hdmi_pll.v(32)
                                                                      pin: u_pll/u_ref/bufg_feedback.clkin[0]
GCLK                x023y039z16         0.014          2.901          pin: u_pll/u_ref/bufg_feedback.clkout
net (fo=1)                              0.322          3.223          net: u_pll/u_output/ph1p_phy_pll_wrapper_25a56e5ce2f9_Inst/refclk,  ../../../user_source/ip_source/PLL/RTL/ph1p_phy_pll_wrapper_25a56e5ce2f9.v(119)
                                                                      pin: u_pll/u_ref/bufg_feedback_auto_created_sclk_s_0_l_bk1.clkin
SCLK                x023y019z0          0.068          3.291          pin: u_pll/u_ref/bufg_feedback_auto_created_sclk_s_0_l_bk1.clkout
net (fo=1)          x000y039            0.255          3.546          net: u_pll/u_ref/bufg_feedback_auto_created_sclk_s_0_l_bk1_sclk_outnet,  NOFILE(0)
                                                                      pin: u_pll/u_output/ph1p_phy_pll_wrapper_25a56e5ce2f9_Inst/u_PH1P_PHY_PLL.refclk
PLL                 x000y039            0.703          4.249          pin: u_pll/u_output/ph1p_phy_pll_wrapper_25a56e5ce2f9_Inst/u_PH1P_PHY_PLL.clkc[0]
net (fo=1)                              0.697          4.946          net: u_pll/u_output/clk0_buf,  ../../../user_source/hdl_source/native_hdmi_pll.v(32)
                                                                      pin: u_pll/u_output/bufg_feedback.clkin[0]
GCLK                x023y039z0          0.014          4.960          pin: u_pll/u_output/bufg_feedback.clkout
net (fo=2)                              0.339          5.299          net: pixel,  ../../../diagnostics/hdmi_positive/avi_fhd30_top.v(5)
                                                                      pin: u_pll/u_output/bufg_feedback_auto_created_sclk_s_1_r_bk1.clkin
SCLK                x023y059z12         0.068          5.367          pin: u_pll/u_output/bufg_feedback_auto_created_sclk_s_1_r_bk1.clkout
net (fo=52)                             0.552          5.919          net: u_pll/u_output/bufg_feedback_auto_created_sclk_s_1_r_bk1_sclk_outnet,  NOFILE(0)
                                                                      pin: u_packet/packet_g_reg[3]_syn_2.clk
capture edge                           13.468    r    19.387               
--------------------------------------------------------------------  ---------------
setup                                  -0.064         19.323               
clock uncertainty                      -0.103         19.220               
clock pessimism                         0.847         20.067               
--------------------------------------------------------------------  ---------------
Required                                              20.067               
--------------------------------------------------------------------  ---------------
Slack                                                  8.862               

Slack               : 8.862ns
Begin Point         : y_reg[0]_syn_2.clk (rising edge triggered by clock u_pll/u_output/ph1p_phy_pll_wrapper_25a56e5ce2f9_Inst/u_PH1P_PHY_PLL.clkc[0]  { rise@0.000000ns  fall@6.734000ns  period=13.468000 })
End Point           : u_packet/packet_g_reg[4]_syn_2.ia (rising edge triggered by clock u_pll/u_output/ph1p_phy_pll_wrapper_25a56e5ce2f9_Inst/u_PH1P_PHY_PLL.clkc[0]  { rise@0.000000ns  fall@6.734000ns  period=13.468000 })
Check Type          : setup
Process             : slow_m40c
Budget              : 13.468ns { u_pll/u_output/ph1p_phy_pll_wrapper_25a56e5ce2f9_Inst/u_PH1P_PHY_PLL.clkc[0] rising@13.468ns - u_pll/u_output/ph1p_phy_pll_wrapper_25a56e5ce2f9_Inst/u_PH1P_PHY_PLL.clkc[0] rising@0.000ns }
Data Path Delay     : 4.428ns (cell 2.771ns (62%), net 1.657ns (38%))
Clock Skew          : 0.011ns
Logic Level         : 7 ( LUT6=2  LUT5=2  LUT4=2  LUT3=1 )
Max Fanout          : 5
Clock Uncertainty   : 0.103ns (sdc uncertainty: 0.000ns, default uncertainty: 0.103ns)

Delay Type          Location             Incr           Path   Level  Netlist Info
--------------------------------------------------------------------  ---------------
source latency                          0.000          0.000               
port                C4                  0.000          0.000          pin: I_sys_clk
hierarchy                               0.000          0.000          pin: I_sys_clk_syn_2.ipad
HDIO                x033y078            0.810          0.810          pin: I_sys_clk_syn_2.sg09_di
HDIO                x033y078            0.684          1.494          pin: I_sys_clk_syn_2.di
net (fo=1)          x043y079            0.115          1.609          net: I_sys_clk_dup_1,  ../../../diagnostics/hdmi_positive/avi_fhd30_top.v(3)
                                                                      pin: u_pll/u_ref/ph1p_phy_pll_wrapper_25a56e5ce2f9_Inst/u_PH1P_PHY_PLL.refclk
PLL                 x043y079            0.814          2.423          pin: u_pll/u_ref/ph1p_phy_pll_wrapper_25a56e5ce2f9_Inst/u_PH1P_PHY_PLL.clkc[0]
net (fo=1)                              0.830          3.253          net: u_pll/u_ref/clk0_buf,  ../../../user_source/hdl_source/native_hdmi_pll.v(32)
                                                                      pin: u_pll/u_ref/bufg_feedback.clkin[0]
GCLK                x023y039z16         0.016          3.269          pin: u_pll/u_ref/bufg_feedback.clkout
net (fo=1)                              0.375          3.644          net: u_pll/u_output/ph1p_phy_pll_wrapper_25a56e5ce2f9_Inst/refclk,  ../../../user_source/ip_source/PLL/RTL/ph1p_phy_pll_wrapper_25a56e5ce2f9.v(119)
                                                                      pin: u_pll/u_ref/bufg_feedback_auto_created_sclk_s_0_l_bk1.clkin
SCLK                x023y019z0          0.079          3.723          pin: u_pll/u_ref/bufg_feedback_auto_created_sclk_s_0_l_bk1.clkout
net (fo=1)          x000y039            0.299          4.022          net: u_pll/u_ref/bufg_feedback_auto_created_sclk_s_0_l_bk1_sclk_outnet,  NOFILE(0)
                                                                      pin: u_pll/u_output/ph1p_phy_pll_wrapper_25a56e5ce2f9_Inst/u_PH1P_PHY_PLL.refclk
PLL                 x000y039            0.814          4.836          pin: u_pll/u_output/ph1p_phy_pll_wrapper_25a56e5ce2f9_Inst/u_PH1P_PHY_PLL.clkc[0]
net (fo=1)                              0.815          5.651          net: u_pll/u_output/clk0_buf,  ../../../user_source/hdl_source/native_hdmi_pll.v(32)
                                                                      pin: u_pll/u_output/bufg_feedback.clkin[0]
GCLK                x023y039z0          0.016          5.667          pin: u_pll/u_output/bufg_feedback.clkout
net (fo=2)                              0.396          6.063          net: pixel,  ../../../diagnostics/hdmi_positive/avi_fhd30_top.v(5)
                                                                      pin: u_pll/u_output/bufg_feedback_auto_created_sclk_s_1_r_bk1.clkin
SCLK                x023y059z12         0.079          6.142          pin: u_pll/u_output/bufg_feedback_auto_created_sclk_s_1_r_bk1.clkout
net (fo=52)                             0.635          6.777          net: u_pll/u_output/bufg_feedback_auto_created_sclk_s_1_r_bk1_sclk_outnet,  NOFILE(0)
                                                                      pin: y_reg[0]_syn_2.clk
launch edge                             0.000    r     6.777               
--------------------------------------------------------------------  ---------------
clk2q               x030y040z7          0.137    r     6.914          pin: y_reg[0]_syn_2.oqb
net (fo=5)                              0.340          7.254          net: y[1],  ../../../diagnostics/hdmi_positive/avi_fhd30_top.v(12)
                                                                      pin: u_blue/symbol_b[9]_syn_21.ia
LUT6                x030y041z2          0.408    f     7.662       1  pin: u_blue/symbol_b[9]_syn_21.ofb
net (fo=1)                              0.079          7.741          net: u_blue/symbol_b[9]_syn_5,  NOFILE(0)
                                                                      pin: u_blue/symbol_b[9]_syn_24.ib
LUT4                x030y041z1          0.408    f     8.149       2  pin: u_blue/symbol_b[9]_syn_24.ofb
net (fo=2)                              0.183          8.332          net: u_blue/symbol_b[9]_syn_7,  NOFILE(0)
                                                                      pin: u_blue/symbol_b[9]_syn_23.ie
LUT3                x030y041z7          0.189    r     8.521       3  pin: u_blue/symbol_b[9]_syn_23.ofb
net (fo=5)                              0.483          9.004          net: y_b2_n1,  NOFILE(0)
                                                                      pin: u_packet/packet_b1[3]_syn_19.ia
LUT5                x030y041z3          0.399    f     9.403       4  pin: u_packet/packet_b1[3]_syn_19.ofb
net (fo=2)                              0.190          9.593          net: u_packet/packet_b1[3]_syn_10,  NOFILE(0)
                                                                      pin: u_packet/mux18_syn_27.ib
LUT5                x031y040z3          0.408    f    10.001       5  pin: u_packet/mux18_syn_27.ofb
net (fo=2)                              0.288         10.289          net: u_packet/video_pre_n1,  NOFILE(0)
                                                                      pin: u_packet/packet_g_reg[8]_syn_2.id
LUT4                x031y042z7          0.266    f    10.555       6  pin: u_packet/packet_g_reg[8]_syn_2.ofa
net (fo=2)                              0.094         10.649          net: u_packet/mux18_syn_12,  ../../../diagnostics/hdmi_positive/hdmi_avi_insert.v(73)
                                                                      pin: u_packet/packet_g_reg[4]_syn_2.ia
LUT6 (reg)          x031y042z4          0.556    f    11.205       7  net: u_packet/packet_g[4],  ../../../diagnostics/hdmi_positive/hdmi_avi_insert.v(63)
--------------------------------------------------------------------  ---------------
Arrival                                               11.205               

source latency                          0.000          0.000               
port                C4                  0.000          0.000          pin: I_sys_clk
hierarchy                               0.000          0.000          pin: I_sys_clk_syn_2.ipad
HDIO                x033y078            0.745          0.745          pin: I_sys_clk_syn_2.sg09_di
HDIO                x033y078            0.629          1.374          pin: I_sys_clk_syn_2.di
net (fo=1)          x043y079            0.099          1.473          net: I_sys_clk_dup_1,  ../../../diagnostics/hdmi_positive/avi_fhd30_top.v(3)
                                                                      pin: u_pll/u_ref/ph1p_phy_pll_wrapper_25a56e5ce2f9_Inst/u_PH1P_PHY_PLL.refclk
PLL                 x043y079            0.703          2.176          pin: u_pll/u_ref/ph1p_phy_pll_wrapper_25a56e5ce2f9_Inst/u_PH1P_PHY_PLL.clkc[0]
net (fo=1)                              0.711          2.887          net: u_pll/u_ref/clk0_buf,  ../../../user_source/hdl_source/native_hdmi_pll.v(32)
                                                                      pin: u_pll/u_ref/bufg_feedback.clkin[0]
GCLK                x023y039z16         0.014          2.901          pin: u_pll/u_ref/bufg_feedback.clkout
net (fo=1)                              0.322          3.223          net: u_pll/u_output/ph1p_phy_pll_wrapper_25a56e5ce2f9_Inst/refclk,  ../../../user_source/ip_source/PLL/RTL/ph1p_phy_pll_wrapper_25a56e5ce2f9.v(119)
                                                                      pin: u_pll/u_ref/bufg_feedback_auto_created_sclk_s_0_l_bk1.clkin
SCLK                x023y019z0          0.068          3.291          pin: u_pll/u_ref/bufg_feedback_auto_created_sclk_s_0_l_bk1.clkout
net (fo=1)          x000y039            0.255          3.546          net: u_pll/u_ref/bufg_feedback_auto_created_sclk_s_0_l_bk1_sclk_outnet,  NOFILE(0)
                                                                      pin: u_pll/u_output/ph1p_phy_pll_wrapper_25a56e5ce2f9_Inst/u_PH1P_PHY_PLL.refclk
PLL                 x000y039            0.703          4.249          pin: u_pll/u_output/ph1p_phy_pll_wrapper_25a56e5ce2f9_Inst/u_PH1P_PHY_PLL.clkc[0]
net (fo=1)                              0.697          4.946          net: u_pll/u_output/clk0_buf,  ../../../user_source/hdl_source/native_hdmi_pll.v(32)
                                                                      pin: u_pll/u_output/bufg_feedback.clkin[0]
GCLK                x023y039z0          0.014          4.960          pin: u_pll/u_output/bufg_feedback.clkout
net (fo=2)                              0.339          5.299          net: pixel,  ../../../diagnostics/hdmi_positive/avi_fhd30_top.v(5)
                                                                      pin: u_pll/u_output/bufg_feedback_auto_created_sclk_s_1_r_bk1.clkin
SCLK                x023y059z12         0.068          5.367          pin: u_pll/u_output/bufg_feedback_auto_created_sclk_s_1_r_bk1.clkout
net (fo=52)                             0.552          5.919          net: u_pll/u_output/bufg_feedback_auto_created_sclk_s_1_r_bk1_sclk_outnet,  NOFILE(0)
                                                                      pin: u_packet/packet_g_reg[4]_syn_2.clk
capture edge                           13.468    r    19.387               
--------------------------------------------------------------------  ---------------
setup                                  -0.064         19.323               
clock uncertainty                      -0.103         19.220               
clock pessimism                         0.847         20.067               
--------------------------------------------------------------------  ---------------
Required                                              20.067               
--------------------------------------------------------------------  ---------------
Slack                                                  8.862               

Slack               : 8.947ns
Begin Point         : y_reg[0]_syn_2.clk (rising edge triggered by clock u_pll/u_output/ph1p_phy_pll_wrapper_25a56e5ce2f9_Inst/u_PH1P_PHY_PLL.clkc[0]  { rise@0.000000ns  fall@6.734000ns  period=13.468000 })
End Point           : u_packet/packet_b_reg[3]_syn_2.imf (rising edge triggered by clock u_pll/u_output/ph1p_phy_pll_wrapper_25a56e5ce2f9_Inst/u_PH1P_PHY_PLL.clkc[0]  { rise@0.000000ns  fall@6.734000ns  period=13.468000 })
Check Type          : setup
Process             : slow_m40c
Budget              : 13.468ns { u_pll/u_output/ph1p_phy_pll_wrapper_25a56e5ce2f9_Inst/u_PH1P_PHY_PLL.clkc[0] rising@13.468ns - u_pll/u_output/ph1p_phy_pll_wrapper_25a56e5ce2f9_Inst/u_PH1P_PHY_PLL.clkc[0] rising@0.000ns }
Data Path Delay     : 4.279ns (cell 2.429ns (56%), net 1.850ns (44%))
Clock Skew          : 0.075ns
Logic Level         : 7 ( LUT3=3  LUT6=1  LUT5=1  LUT4=1  LUT1=1 )
Max Fanout          : 5
Clock Uncertainty   : 0.103ns (sdc uncertainty: 0.000ns, default uncertainty: 0.103ns)

Delay Type          Location             Incr           Path   Level  Netlist Info
--------------------------------------------------------------------  ---------------
source latency                          0.000          0.000               
port                C4                  0.000          0.000          pin: I_sys_clk
hierarchy                               0.000          0.000          pin: I_sys_clk_syn_2.ipad
HDIO                x033y078            0.810          0.810          pin: I_sys_clk_syn_2.sg09_di
HDIO                x033y078            0.684          1.494          pin: I_sys_clk_syn_2.di
net (fo=1)          x043y079            0.115          1.609          net: I_sys_clk_dup_1,  ../../../diagnostics/hdmi_positive/avi_fhd30_top.v(3)
                                                                      pin: u_pll/u_ref/ph1p_phy_pll_wrapper_25a56e5ce2f9_Inst/u_PH1P_PHY_PLL.refclk
PLL                 x043y079            0.814          2.423          pin: u_pll/u_ref/ph1p_phy_pll_wrapper_25a56e5ce2f9_Inst/u_PH1P_PHY_PLL.clkc[0]
net (fo=1)                              0.830          3.253          net: u_pll/u_ref/clk0_buf,  ../../../user_source/hdl_source/native_hdmi_pll.v(32)
                                                                      pin: u_pll/u_ref/bufg_feedback.clkin[0]
GCLK                x023y039z16         0.016          3.269          pin: u_pll/u_ref/bufg_feedback.clkout
net (fo=1)                              0.375          3.644          net: u_pll/u_output/ph1p_phy_pll_wrapper_25a56e5ce2f9_Inst/refclk,  ../../../user_source/ip_source/PLL/RTL/ph1p_phy_pll_wrapper_25a56e5ce2f9.v(119)
                                                                      pin: u_pll/u_ref/bufg_feedback_auto_created_sclk_s_0_l_bk1.clkin
SCLK                x023y019z0          0.079          3.723          pin: u_pll/u_ref/bufg_feedback_auto_created_sclk_s_0_l_bk1.clkout
net (fo=1)          x000y039            0.299          4.022          net: u_pll/u_ref/bufg_feedback_auto_created_sclk_s_0_l_bk1_sclk_outnet,  NOFILE(0)
                                                                      pin: u_pll/u_output/ph1p_phy_pll_wrapper_25a56e5ce2f9_Inst/u_PH1P_PHY_PLL.refclk
PLL                 x000y039            0.814          4.836          pin: u_pll/u_output/ph1p_phy_pll_wrapper_25a56e5ce2f9_Inst/u_PH1P_PHY_PLL.clkc[0]
net (fo=1)                              0.815          5.651          net: u_pll/u_output/clk0_buf,  ../../../user_source/hdl_source/native_hdmi_pll.v(32)
                                                                      pin: u_pll/u_output/bufg_feedback.clkin[0]
GCLK                x023y039z0          0.016          5.667          pin: u_pll/u_output/bufg_feedback.clkout
net (fo=2)                              0.396          6.063          net: pixel,  ../../../diagnostics/hdmi_positive/avi_fhd30_top.v(5)
                                                                      pin: u_pll/u_output/bufg_feedback_auto_created_sclk_s_1_r_bk1.clkin
SCLK                x023y059z12         0.079          6.142          pin: u_pll/u_output/bufg_feedback_auto_created_sclk_s_1_r_bk1.clkout
net (fo=52)                             0.635          6.777          net: u_pll/u_output/bufg_feedback_auto_created_sclk_s_1_r_bk1_sclk_outnet,  NOFILE(0)
                                                                      pin: y_reg[0]_syn_2.clk
launch edge                             0.000    r     6.777               
--------------------------------------------------------------------  ---------------
clk2q               x030y040z7          0.137    r     6.914          pin: y_reg[0]_syn_2.oqb
net (fo=5)                              0.340          7.254          net: y[1],  ../../../diagnostics/hdmi_positive/avi_fhd30_top.v(12)
                                                                      pin: u_blue/symbol_b[9]_syn_21.ia
LUT6                x030y041z2          0.408    f     7.662       1  pin: u_blue/symbol_b[9]_syn_21.ofb
net (fo=1)                              0.079          7.741          net: u_blue/symbol_b[9]_syn_5,  NOFILE(0)
                                                                      pin: u_blue/symbol_b[9]_syn_24.ib
LUT4                x030y041z1          0.408    f     8.149       2  pin: u_blue/symbol_b[9]_syn_24.ofb
net (fo=2)                              0.183          8.332          net: u_blue/symbol_b[9]_syn_7,  NOFILE(0)
                                                                      pin: u_blue/symbol_b[9]_syn_23.ie
LUT3                x030y041z7          0.189    r     8.521       3  pin: u_blue/symbol_b[9]_syn_23.ofb
net (fo=5)                              0.483          9.004          net: y_b2_n1,  NOFILE(0)
                                                                      pin: u_packet/packet_b1[3]_syn_19.ia
LUT5                x030y041z3          0.399    f     9.403       4  pin: u_packet/packet_b1[3]_syn_19.ofb
net (fo=2)                              0.289          9.692          net: u_packet/packet_b1[3]_syn_10,  NOFILE(0)
                                                                      pin: u_packet/packet_b1[3]_syn_17.ia
LUT3                x031y041z7          0.399    f    10.091       5  pin: u_packet/packet_b1[3]_syn_17.ofb
net (fo=2)                              0.391         10.482          net: u_packet/packet_b1[3]_syn_14,  NOFILE(0)
                                                                      pin: u_packet/packet_b_reg[4]_syn_2.imf
LUT3                x033y042z7          0.272    f    10.754       6  pin: u_packet/packet_b_reg[4]_syn_2.ofa
net (fo=1)                              0.085         10.839          net: u_packet/packet_b1[3]_syn_2,  NOFILE(0)
                                                                      pin: u_packet/packet_b_reg[3]_syn_2.imf
LUT1 (reg)          x033y042z2          0.217    f    11.056       7  net: u_packet/packet_b[3],  ../../../diagnostics/hdmi_positive/hdmi_avi_insert.v(63)
--------------------------------------------------------------------  ---------------
Arrival                                               11.056               

source latency                          0.000          0.000               
port                C4                  0.000          0.000          pin: I_sys_clk
hierarchy                               0.000          0.000          pin: I_sys_clk_syn_2.ipad
HDIO                x033y078            0.745          0.745          pin: I_sys_clk_syn_2.sg09_di
HDIO                x033y078            0.629          1.374          pin: I_sys_clk_syn_2.di
net (fo=1)          x043y079            0.099          1.473          net: I_sys_clk_dup_1,  ../../../diagnostics/hdmi_positive/avi_fhd30_top.v(3)
                                                                      pin: u_pll/u_ref/ph1p_phy_pll_wrapper_25a56e5ce2f9_Inst/u_PH1P_PHY_PLL.refclk
PLL                 x043y079            0.703          2.176          pin: u_pll/u_ref/ph1p_phy_pll_wrapper_25a56e5ce2f9_Inst/u_PH1P_PHY_PLL.clkc[0]
net (fo=1)                              0.711          2.887          net: u_pll/u_ref/clk0_buf,  ../../../user_source/hdl_source/native_hdmi_pll.v(32)
                                                                      pin: u_pll/u_ref/bufg_feedback.clkin[0]
GCLK                x023y039z16         0.014          2.901          pin: u_pll/u_ref/bufg_feedback.clkout
net (fo=1)                              0.322          3.223          net: u_pll/u_output/ph1p_phy_pll_wrapper_25a56e5ce2f9_Inst/refclk,  ../../../user_source/ip_source/PLL/RTL/ph1p_phy_pll_wrapper_25a56e5ce2f9.v(119)
                                                                      pin: u_pll/u_ref/bufg_feedback_auto_created_sclk_s_0_l_bk1.clkin
SCLK                x023y019z0          0.068          3.291          pin: u_pll/u_ref/bufg_feedback_auto_created_sclk_s_0_l_bk1.clkout
net (fo=1)          x000y039            0.255          3.546          net: u_pll/u_ref/bufg_feedback_auto_created_sclk_s_0_l_bk1_sclk_outnet,  NOFILE(0)
                                                                      pin: u_pll/u_output/ph1p_phy_pll_wrapper_25a56e5ce2f9_Inst/u_PH1P_PHY_PLL.refclk
PLL                 x000y039            0.703          4.249          pin: u_pll/u_output/ph1p_phy_pll_wrapper_25a56e5ce2f9_Inst/u_PH1P_PHY_PLL.clkc[0]
net (fo=1)                              0.697          4.946          net: u_pll/u_output/clk0_buf,  ../../../user_source/hdl_source/native_hdmi_pll.v(32)
                                                                      pin: u_pll/u_output/bufg_feedback.clkin[0]
GCLK                x023y039z0          0.014          4.960          pin: u_pll/u_output/bufg_feedback.clkout
net (fo=2)                              0.339          5.299          net: pixel,  ../../../diagnostics/hdmi_positive/avi_fhd30_top.v(5)
                                                                      pin: u_pll/u_output/bufg_feedback_auto_created_sclk_s_1_r_bk1.clkin
SCLK                x023y059z12         0.068          5.367          pin: u_pll/u_output/bufg_feedback_auto_created_sclk_s_1_r_bk1.clkout
net (fo=52)                             0.553          5.920          net: u_pll/u_output/bufg_feedback_auto_created_sclk_s_1_r_bk1_sclk_outnet,  NOFILE(0)
                                                                      pin: u_packet/packet_b_reg[3]_syn_2.clk
capture edge                           13.468    r    19.388               
--------------------------------------------------------------------  ---------------
setup                                  -0.064         19.324               
clock uncertainty                      -0.103         19.221               
clock pessimism                         0.782         20.003               
--------------------------------------------------------------------  ---------------
Required                                              20.003               
--------------------------------------------------------------------  ---------------
Slack                                                  8.947               



Min Paths
----------------------------------------------------------------------------------------------------
Slack               : 0.042ns
Begin Point         : u_green/disparity_reg[4]_syn_2.clk (rising edge triggered by clock u_pll/u_output/ph1p_phy_pll_wrapper_25a56e5ce2f9_Inst/u_PH1P_PHY_PLL.clkc[0]  { rise@0.000000ns  fall@6.734000ns  period=13.468000 })
End Point           : u_blue/symbol_reg[2]_syn_2.ie (rising edge triggered by clock u_pll/u_output/ph1p_phy_pll_wrapper_25a56e5ce2f9_Inst/u_PH1P_PHY_PLL.clkc[0]  { rise@0.000000ns  fall@6.734000ns  period=13.468000 })
Check Type          : hold
Process             : fast_m40c
Budget              : 0.000ns { u_pll/u_output/ph1p_phy_pll_wrapper_25a56e5ce2f9_Inst/u_PH1P_PHY_PLL.clkc[0] rising@0.000ns - u_pll/u_output/ph1p_phy_pll_wrapper_25a56e5ce2f9_Inst/u_PH1P_PHY_PLL.clkc[0] rising@0.000ns }
Data Path Delay     : 0.210ns (cell 0.106ns (50%), net 0.104ns (50%))
Clock Skew          : 0.056ns
Logic Level         : 1 ( LUT2=1 )
Max Fanout          : 6
Clock Uncertainty   : 0.100ns (sdc uncertainty: 0.000ns, default uncertainty: 0.100ns)

Delay Type          Location             Incr           Path   Level  Netlist Info
--------------------------------------------------------------------  ---------------
source latency                          0.000          0.000               
port                C4                  0.000          0.000          pin: I_sys_clk
hierarchy                               0.000          0.000          pin: I_sys_clk_syn_2.ipad
HDIO                x033y078            0.810          0.810          pin: I_sys_clk_syn_2.sg09_di
HDIO                x033y078            0.257          1.067          pin: I_sys_clk_syn_2.di
net (fo=1)          x043y079            0.040          1.107          net: I_sys_clk_dup_1,  ../../../diagnostics/hdmi_positive/avi_fhd30_top.v(3)
                                                                      pin: u_pll/u_ref/ph1p_phy_pll_wrapper_25a56e5ce2f9_Inst/u_PH1P_PHY_PLL.refclk
PLL                 x043y079            0.367          1.474          pin: u_pll/u_ref/ph1p_phy_pll_wrapper_25a56e5ce2f9_Inst/u_PH1P_PHY_PLL.clkc[0]
net (fo=1)                              0.312          1.786          net: u_pll/u_ref/clk0_buf,  ../../../user_source/hdl_source/native_hdmi_pll.v(32)
                                                                      pin: u_pll/u_ref/bufg_feedback.clkin[0]
GCLK                x023y039z16         0.006          1.792          pin: u_pll/u_ref/bufg_feedback.clkout
net (fo=1)                              0.136          1.928          net: u_pll/u_output/ph1p_phy_pll_wrapper_25a56e5ce2f9_Inst/refclk,  ../../../user_source/ip_source/PLL/RTL/ph1p_phy_pll_wrapper_25a56e5ce2f9.v(119)
                                                                      pin: u_pll/u_ref/bufg_feedback_auto_created_sclk_s_0_l_bk1.clkin
SCLK                x023y019z0          0.025          1.953          pin: u_pll/u_ref/bufg_feedback_auto_created_sclk_s_0_l_bk1.clkout
net (fo=1)          x000y039            0.121          2.074          net: u_pll/u_ref/bufg_feedback_auto_created_sclk_s_0_l_bk1_sclk_outnet,  NOFILE(0)
                                                                      pin: u_pll/u_output/ph1p_phy_pll_wrapper_25a56e5ce2f9_Inst/u_PH1P_PHY_PLL.refclk
PLL                 x000y039            0.367          2.441          pin: u_pll/u_output/ph1p_phy_pll_wrapper_25a56e5ce2f9_Inst/u_PH1P_PHY_PLL.clkc[0]
net (fo=1)                              0.310          2.751          net: u_pll/u_output/clk0_buf,  ../../../user_source/hdl_source/native_hdmi_pll.v(32)
                                                                      pin: u_pll/u_output/bufg_feedback.clkin[0]
GCLK                x023y039z0          0.006          2.757          pin: u_pll/u_output/bufg_feedback.clkout
net (fo=2)                              0.131          2.888          net: pixel,  ../../../diagnostics/hdmi_positive/avi_fhd30_top.v(5)
                                                                      pin: u_pll/u_output/bufg_feedback_auto_created_sclk_s_0_r_bk1.clkin
SCLK                x023y019z12         0.025          2.913          pin: u_pll/u_output/bufg_feedback_auto_created_sclk_s_0_r_bk1.clkout
net (fo=3)                              0.220          3.133          net: u_pll/u_output/bufg_feedback_auto_created_sclk_s_0_r_bk1_sclk_outnet,  NOFILE(0)
                                                                      pin: u_green/disparity_reg[4]_syn_2.clk
launch edge                             0.000    r     3.133               
--------------------------------------------------------------------  ---------------
clk2q               x033y039z7          0.062    f     3.195          pin: u_green/disparity_reg[4]_syn_2.oqa
net (fo=6)                              0.104          3.299          net: u_green/disparity[4],  ../../../diagnostics/hdmi_positive/dvi_encoder.v(5)
                                                                      pin: u_blue/symbol_reg[2]_syn_2.ie
LUT2 (reg)          x033y042z6          0.044    f     3.343       1  net: u_packet/video_g[2],  ../../../diagnostics/hdmi_positive/hdmi_avi_insert.v(7)
--------------------------------------------------------------------  ---------------
Arrival                                                3.343               

source latency                          0.000          0.000               
port                C4                  0.000          0.000          pin: I_sys_clk
hierarchy                               0.000          0.000          pin: I_sys_clk_syn_2.ipad
HDIO                x033y078            0.915          0.915          pin: I_sys_clk_syn_2.sg09_di
HDIO                x033y078            0.290          1.205          pin: I_sys_clk_syn_2.di
net (fo=1)          x043y079            0.043          1.248          net: I_sys_clk_dup_1,  ../../../diagnostics/hdmi_positive/avi_fhd30_top.v(3)
                                                                      pin: u_pll/u_ref/ph1p_phy_pll_wrapper_25a56e5ce2f9_Inst/u_PH1P_PHY_PLL.refclk
PLL                 x043y079            0.435          1.683          pin: u_pll/u_ref/ph1p_phy_pll_wrapper_25a56e5ce2f9_Inst/u_PH1P_PHY_PLL.clkc[0]
net (fo=1)                              0.339          2.022          net: u_pll/u_ref/clk0_buf,  ../../../user_source/hdl_source/native_hdmi_pll.v(32)
                                                                      pin: u_pll/u_ref/bufg_feedback.clkin[0]
GCLK                x023y039z16         0.007          2.029          pin: u_pll/u_ref/bufg_feedback.clkout
net (fo=1)                              0.148          2.177          net: u_pll/u_output/ph1p_phy_pll_wrapper_25a56e5ce2f9_Inst/refclk,  ../../../user_source/ip_source/PLL/RTL/ph1p_phy_pll_wrapper_25a56e5ce2f9.v(119)
                                                                      pin: u_pll/u_ref/bufg_feedback_auto_created_sclk_s_0_l_bk1.clkin
SCLK                x023y019z0          0.030          2.207          pin: u_pll/u_ref/bufg_feedback_auto_created_sclk_s_0_l_bk1.clkout
net (fo=1)          x000y039            0.131          2.338          net: u_pll/u_ref/bufg_feedback_auto_created_sclk_s_0_l_bk1_sclk_outnet,  NOFILE(0)
                                                                      pin: u_pll/u_output/ph1p_phy_pll_wrapper_25a56e5ce2f9_Inst/u_PH1P_PHY_PLL.refclk
PLL                 x000y039            0.435          2.773          pin: u_pll/u_output/ph1p_phy_pll_wrapper_25a56e5ce2f9_Inst/u_PH1P_PHY_PLL.clkc[0]
net (fo=1)                              0.337          3.110          net: u_pll/u_output/clk0_buf,  ../../../user_source/hdl_source/native_hdmi_pll.v(32)
                                                                      pin: u_pll/u_output/bufg_feedback.clkin[0]
GCLK                x023y039z0          0.007          3.117          pin: u_pll/u_output/bufg_feedback.clkout
net (fo=2)                              0.155          3.272          net: pixel,  ../../../diagnostics/hdmi_positive/avi_fhd30_top.v(5)
                                                                      pin: u_pll/u_output/bufg_feedback_auto_created_sclk_s_1_r_bk1.clkin
SCLK                x023y059z12         0.030          3.302          pin: u_pll/u_output/bufg_feedback_auto_created_sclk_s_1_r_bk1.clkout
net (fo=52)                             0.247          3.549          net: u_pll/u_output/bufg_feedback_auto_created_sclk_s_1_r_bk1_sclk_outnet,  NOFILE(0)
                                                                      pin: u_blue/symbol_reg[2]_syn_2.clk
capture edge                            0.000    r     3.549               
--------------------------------------------------------------------  ---------------
hold                                    0.012          3.561               
clock uncertainty                       0.100          3.661               
clock pessimism                        -0.360          3.301               
--------------------------------------------------------------------  ---------------
Required                                               3.301               
--------------------------------------------------------------------  ---------------
Slack                                                  0.042               

Slack               : 0.057ns
Begin Point         : release_sync_reg[0]_syn_2.clk (rising edge triggered by clock u_pll/u_output/ph1p_phy_pll_wrapper_25a56e5ce2f9_Inst/u_PH1P_PHY_PLL.clkc[0]  { rise@0.000000ns  fall@6.734000ns  period=13.468000 })
End Point           : release_sync_reg[1]_syn_2.ima (rising edge triggered by clock u_pll/u_output/ph1p_phy_pll_wrapper_25a56e5ce2f9_Inst/u_PH1P_PHY_PLL.clkc[0]  { rise@0.000000ns  fall@6.734000ns  period=13.468000 })
Check Type          : hold
Process             : fast_m40c
Budget              : 0.000ns { u_pll/u_output/ph1p_phy_pll_wrapper_25a56e5ce2f9_Inst/u_PH1P_PHY_PLL.clkc[0] rising@0.000ns - u_pll/u_output/ph1p_phy_pll_wrapper_25a56e5ce2f9_Inst/u_PH1P_PHY_PLL.clkc[0] rising@0.000ns }
Data Path Delay     : 0.119ns (cell 0.091ns (76%), net 0.028ns (24%))
Clock Skew          : 0.000ns
Logic Level         : 0
Max Fanout          : 1
Clock Uncertainty   : 0.050ns (sdc uncertainty: 0.000ns, default uncertainty: 0.050ns)

Delay Type          Location             Incr           Path   Level  Netlist Info
--------------------------------------------------------------------  ---------------
source latency                          0.000          0.000               
port                C4                  0.000          0.000          pin: I_sys_clk
hierarchy                               0.000          0.000          pin: I_sys_clk_syn_2.ipad
HDIO                x033y078            0.810          0.810          pin: I_sys_clk_syn_2.sg09_di
HDIO                x033y078            0.257          1.067          pin: I_sys_clk_syn_2.di
net (fo=1)          x043y079            0.040          1.107          net: I_sys_clk_dup_1,  ../../../diagnostics/hdmi_positive/avi_fhd30_top.v(3)
                                                                      pin: u_pll/u_ref/ph1p_phy_pll_wrapper_25a56e5ce2f9_Inst/u_PH1P_PHY_PLL.refclk
PLL                 x043y079            0.367          1.474          pin: u_pll/u_ref/ph1p_phy_pll_wrapper_25a56e5ce2f9_Inst/u_PH1P_PHY_PLL.clkc[0]
net (fo=1)                              0.312          1.786          net: u_pll/u_ref/clk0_buf,  ../../../user_source/hdl_source/native_hdmi_pll.v(32)
                                                                      pin: u_pll/u_ref/bufg_feedback.clkin[0]
GCLK                x023y039z16         0.006          1.792          pin: u_pll/u_ref/bufg_feedback.clkout
net (fo=1)                              0.136          1.928          net: u_pll/u_output/ph1p_phy_pll_wrapper_25a56e5ce2f9_Inst/refclk,  ../../../user_source/ip_source/PLL/RTL/ph1p_phy_pll_wrapper_25a56e5ce2f9.v(119)
                                                                      pin: u_pll/u_ref/bufg_feedback_auto_created_sclk_s_0_l_bk1.clkin
SCLK                x023y019z0          0.025          1.953          pin: u_pll/u_ref/bufg_feedback_auto_created_sclk_s_0_l_bk1.clkout
net (fo=1)          x000y039            0.121          2.074          net: u_pll/u_ref/bufg_feedback_auto_created_sclk_s_0_l_bk1_sclk_outnet,  NOFILE(0)
                                                                      pin: u_pll/u_output/ph1p_phy_pll_wrapper_25a56e5ce2f9_Inst/u_PH1P_PHY_PLL.refclk
PLL                 x000y039            0.367          2.441          pin: u_pll/u_output/ph1p_phy_pll_wrapper_25a56e5ce2f9_Inst/u_PH1P_PHY_PLL.clkc[0]
net (fo=1)                              0.310          2.751          net: u_pll/u_output/clk0_buf,  ../../../user_source/hdl_source/native_hdmi_pll.v(32)
                                                                      pin: u_pll/u_output/bufg_feedback.clkin[0]
GCLK                x023y039z0          0.006          2.757          pin: u_pll/u_output/bufg_feedback.clkout
net (fo=2)                              0.143          2.900          net: pixel,  ../../../diagnostics/hdmi_positive/avi_fhd30_top.v(5)
                                                                      pin: u_pll/u_output/bufg_feedback_auto_created_sclk_s_1_r_bk1.clkin
SCLK                x023y059z12         0.025          2.925          pin: u_pll/u_output/bufg_feedback_auto_created_sclk_s_1_r_bk1.clkout
net (fo=52)                             0.220          3.145          net: u_pll/u_output/bufg_feedback_auto_created_sclk_s_1_r_bk1_sclk_outnet,  NOFILE(0)
                                                                      pin: release_sync_reg[0]_syn_2.clk
launch edge                             0.000    r     3.145               
--------------------------------------------------------------------  ---------------
clk2q               x031y045z1          0.062    f     3.207          pin: release_sync_reg[0]_syn_2.oqa
net (fo=1)                              0.028          3.235          net: release_sync[0],  ../../../diagnostics/hdmi_positive/avi_fhd30_top.v(8)
                                                                      pin: release_sync_reg[1]_syn_2.ima
reg                 x031y045z0          0.029    f     3.264          net: release_sync[1],  ../../../diagnostics/hdmi_positive/avi_fhd30_top.v(8)
--------------------------------------------------------------------  ---------------
Arrival                                                3.264               

source latency                          0.000          0.000               
port                C4                  0.000          0.000          pin: I_sys_clk
hierarchy                               0.000          0.000          pin: I_sys_clk_syn_2.ipad
HDIO                x033y078            0.915          0.915          pin: I_sys_clk_syn_2.sg09_di
HDIO                x033y078            0.290          1.205          pin: I_sys_clk_syn_2.di
net (fo=1)          x043y079            0.043          1.248          net: I_sys_clk_dup_1,  ../../../diagnostics/hdmi_positive/avi_fhd30_top.v(3)
                                                                      pin: u_pll/u_ref/ph1p_phy_pll_wrapper_25a56e5ce2f9_Inst/u_PH1P_PHY_PLL.refclk
PLL                 x043y079            0.435          1.683          pin: u_pll/u_ref/ph1p_phy_pll_wrapper_25a56e5ce2f9_Inst/u_PH1P_PHY_PLL.clkc[0]
net (fo=1)                              0.339          2.022          net: u_pll/u_ref/clk0_buf,  ../../../user_source/hdl_source/native_hdmi_pll.v(32)
                                                                      pin: u_pll/u_ref/bufg_feedback.clkin[0]
GCLK                x023y039z16         0.007          2.029          pin: u_pll/u_ref/bufg_feedback.clkout
net (fo=1)                              0.148          2.177          net: u_pll/u_output/ph1p_phy_pll_wrapper_25a56e5ce2f9_Inst/refclk,  ../../../user_source/ip_source/PLL/RTL/ph1p_phy_pll_wrapper_25a56e5ce2f9.v(119)
                                                                      pin: u_pll/u_ref/bufg_feedback_auto_created_sclk_s_0_l_bk1.clkin
SCLK                x023y019z0          0.030          2.207          pin: u_pll/u_ref/bufg_feedback_auto_created_sclk_s_0_l_bk1.clkout
net (fo=1)          x000y039            0.131          2.338          net: u_pll/u_ref/bufg_feedback_auto_created_sclk_s_0_l_bk1_sclk_outnet,  NOFILE(0)
                                                                      pin: u_pll/u_output/ph1p_phy_pll_wrapper_25a56e5ce2f9_Inst/u_PH1P_PHY_PLL.refclk
PLL                 x000y039            0.435          2.773          pin: u_pll/u_output/ph1p_phy_pll_wrapper_25a56e5ce2f9_Inst/u_PH1P_PHY_PLL.clkc[0]
net (fo=1)                              0.337          3.110          net: u_pll/u_output/clk0_buf,  ../../../user_source/hdl_source/native_hdmi_pll.v(32)
                                                                      pin: u_pll/u_output/bufg_feedback.clkin[0]
GCLK                x023y039z0          0.007          3.117          pin: u_pll/u_output/bufg_feedback.clkout
net (fo=2)                              0.155          3.272          net: pixel,  ../../../diagnostics/hdmi_positive/avi_fhd30_top.v(5)
                                                                      pin: u_pll/u_output/bufg_feedback_auto_created_sclk_s_1_r_bk1.clkin
SCLK                x023y059z12         0.030          3.302          pin: u_pll/u_output/bufg_feedback_auto_created_sclk_s_1_r_bk1.clkout
net (fo=52)                             0.243          3.545          net: u_pll/u_output/bufg_feedback_auto_created_sclk_s_1_r_bk1_sclk_outnet,  NOFILE(0)
                                                                      pin: release_sync_reg[1]_syn_2.clk
capture edge                            0.000    r     3.545               
--------------------------------------------------------------------  ---------------
hold                                    0.012          3.557               
clock uncertainty                       0.050          3.607               
clock pessimism                        -0.400          3.207               
--------------------------------------------------------------------  ---------------
Required                                               3.207               
--------------------------------------------------------------------  ---------------
Slack                                                  0.057               

Slack               : 0.083ns
Begin Point         : y_reg[8]_syn_2.clk (rising edge triggered by clock u_pll/u_output/ph1p_phy_pll_wrapper_25a56e5ce2f9_Inst/u_PH1P_PHY_PLL.clkc[0]  { rise@0.000000ns  fall@6.734000ns  period=13.468000 })
End Point           : y_reg[4]_syn_2.id (rising edge triggered by clock u_pll/u_output/ph1p_phy_pll_wrapper_25a56e5ce2f9_Inst/u_PH1P_PHY_PLL.clkc[0]  { rise@0.000000ns  fall@6.734000ns  period=13.468000 })
Check Type          : hold
Process             : fast_m40c
Budget              : 0.000ns { u_pll/u_output/ph1p_phy_pll_wrapper_25a56e5ce2f9_Inst/u_PH1P_PHY_PLL.clkc[0] rising@0.000ns - u_pll/u_output/ph1p_phy_pll_wrapper_25a56e5ce2f9_Inst/u_PH1P_PHY_PLL.clkc[0] rising@0.000ns }
Data Path Delay     : 0.154ns (cell 0.123ns (79%), net 0.031ns (21%))
Clock Skew          : 0.009ns
Logic Level         : 1 ( LUT3=1 )
Max Fanout          : 5
Clock Uncertainty   : 0.050ns (sdc uncertainty: 0.000ns, default uncertainty: 0.050ns)

Delay Type          Location             Incr           Path   Level  Netlist Info
--------------------------------------------------------------------  ---------------
source latency                          0.000          0.000               
port                C4                  0.000          0.000          pin: I_sys_clk
hierarchy                               0.000          0.000          pin: I_sys_clk_syn_2.ipad
HDIO                x033y078            0.810          0.810          pin: I_sys_clk_syn_2.sg09_di
HDIO                x033y078            0.257          1.067          pin: I_sys_clk_syn_2.di
net (fo=1)          x043y079            0.040          1.107          net: I_sys_clk_dup_1,  ../../../diagnostics/hdmi_positive/avi_fhd30_top.v(3)
                                                                      pin: u_pll/u_ref/ph1p_phy_pll_wrapper_25a56e5ce2f9_Inst/u_PH1P_PHY_PLL.refclk
PLL                 x043y079            0.367          1.474          pin: u_pll/u_ref/ph1p_phy_pll_wrapper_25a56e5ce2f9_Inst/u_PH1P_PHY_PLL.clkc[0]
net (fo=1)                              0.312          1.786          net: u_pll/u_ref/clk0_buf,  ../../../user_source/hdl_source/native_hdmi_pll.v(32)
                                                                      pin: u_pll/u_ref/bufg_feedback.clkin[0]
GCLK                x023y039z16         0.006          1.792          pin: u_pll/u_ref/bufg_feedback.clkout
net (fo=1)                              0.136          1.928          net: u_pll/u_output/ph1p_phy_pll_wrapper_25a56e5ce2f9_Inst/refclk,  ../../../user_source/ip_source/PLL/RTL/ph1p_phy_pll_wrapper_25a56e5ce2f9.v(119)
                                                                      pin: u_pll/u_ref/bufg_feedback_auto_created_sclk_s_0_l_bk1.clkin
SCLK                x023y019z0          0.025          1.953          pin: u_pll/u_ref/bufg_feedback_auto_created_sclk_s_0_l_bk1.clkout
net (fo=1)          x000y039            0.121          2.074          net: u_pll/u_ref/bufg_feedback_auto_created_sclk_s_0_l_bk1_sclk_outnet,  NOFILE(0)
                                                                      pin: u_pll/u_output/ph1p_phy_pll_wrapper_25a56e5ce2f9_Inst/u_PH1P_PHY_PLL.refclk
PLL                 x000y039            0.367          2.441          pin: u_pll/u_output/ph1p_phy_pll_wrapper_25a56e5ce2f9_Inst/u_PH1P_PHY_PLL.clkc[0]
net (fo=1)                              0.310          2.751          net: u_pll/u_output/clk0_buf,  ../../../user_source/hdl_source/native_hdmi_pll.v(32)
                                                                      pin: u_pll/u_output/bufg_feedback.clkin[0]
GCLK                x023y039z0          0.006          2.757          pin: u_pll/u_output/bufg_feedback.clkout
net (fo=2)                              0.143          2.900          net: pixel,  ../../../diagnostics/hdmi_positive/avi_fhd30_top.v(5)
                                                                      pin: u_pll/u_output/bufg_feedback_auto_created_sclk_s_1_r_bk1.clkin
SCLK                x023y059z12         0.025          2.925          pin: u_pll/u_output/bufg_feedback_auto_created_sclk_s_1_r_bk1.clkout
net (fo=52)                             0.220          3.145          net: u_pll/u_output/bufg_feedback_auto_created_sclk_s_1_r_bk1_sclk_outnet,  NOFILE(0)
                                                                      pin: y_reg[8]_syn_2.clk
launch edge                             0.000    r     3.145               
--------------------------------------------------------------------  ---------------
clk2q               x031y041z4          0.065    r     3.210          pin: y_reg[8]_syn_2.oqb
net (fo=5)                              0.031          3.241          net: y[3],  ../../../diagnostics/hdmi_positive/avi_fhd30_top.v(12)
                                                                      pin: y_reg[4]_syn_2.id
LUT3 (reg)          x031y041z2          0.058    f     3.299       1  net: y[4],  ../../../diagnostics/hdmi_positive/avi_fhd30_top.v(12)
--------------------------------------------------------------------  ---------------
Arrival                                                3.299               

source latency                          0.000          0.000               
port                C4                  0.000          0.000          pin: I_sys_clk
hierarchy                               0.000          0.000          pin: I_sys_clk_syn_2.ipad
HDIO                x033y078            0.915          0.915          pin: I_sys_clk_syn_2.sg09_di
HDIO                x033y078            0.290          1.205          pin: I_sys_clk_syn_2.di
net (fo=1)          x043y079            0.043          1.248          net: I_sys_clk_dup_1,  ../../../diagnostics/hdmi_positive/avi_fhd30_top.v(3)
                                                                      pin: u_pll/u_ref/ph1p_phy_pll_wrapper_25a56e5ce2f9_Inst/u_PH1P_PHY_PLL.refclk
PLL                 x043y079            0.435          1.683          pin: u_pll/u_ref/ph1p_phy_pll_wrapper_25a56e5ce2f9_Inst/u_PH1P_PHY_PLL.clkc[0]
net (fo=1)                              0.339          2.022          net: u_pll/u_ref/clk0_buf,  ../../../user_source/hdl_source/native_hdmi_pll.v(32)
                                                                      pin: u_pll/u_ref/bufg_feedback.clkin[0]
GCLK                x023y039z16         0.007          2.029          pin: u_pll/u_ref/bufg_feedback.clkout
net (fo=1)                              0.148          2.177          net: u_pll/u_output/ph1p_phy_pll_wrapper_25a56e5ce2f9_Inst/refclk,  ../../../user_source/ip_source/PLL/RTL/ph1p_phy_pll_wrapper_25a56e5ce2f9.v(119)
                                                                      pin: u_pll/u_ref/bufg_feedback_auto_created_sclk_s_0_l_bk1.clkin
SCLK                x023y019z0          0.030          2.207          pin: u_pll/u_ref/bufg_feedback_auto_created_sclk_s_0_l_bk1.clkout
net (fo=1)          x000y039            0.131          2.338          net: u_pll/u_ref/bufg_feedback_auto_created_sclk_s_0_l_bk1_sclk_outnet,  NOFILE(0)
                                                                      pin: u_pll/u_output/ph1p_phy_pll_wrapper_25a56e5ce2f9_Inst/u_PH1P_PHY_PLL.refclk
PLL                 x000y039            0.435          2.773          pin: u_pll/u_output/ph1p_phy_pll_wrapper_25a56e5ce2f9_Inst/u_PH1P_PHY_PLL.clkc[0]
net (fo=1)                              0.337          3.110          net: u_pll/u_output/clk0_buf,  ../../../user_source/hdl_source/native_hdmi_pll.v(32)
                                                                      pin: u_pll/u_output/bufg_feedback.clkin[0]
GCLK                x023y039z0          0.007          3.117          pin: u_pll/u_output/bufg_feedback.clkout
net (fo=2)                              0.155          3.272          net: pixel,  ../../../diagnostics/hdmi_positive/avi_fhd30_top.v(5)
                                                                      pin: u_pll/u_output/bufg_feedback_auto_created_sclk_s_1_r_bk1.clkin
SCLK                x023y059z12         0.030          3.302          pin: u_pll/u_output/bufg_feedback_auto_created_sclk_s_1_r_bk1.clkout
net (fo=52)                             0.243          3.545          net: u_pll/u_output/bufg_feedback_auto_created_sclk_s_1_r_bk1_sclk_outnet,  NOFILE(0)
                                                                      pin: y_reg[4]_syn_2.clk
capture edge                            0.000    r     3.545               
--------------------------------------------------------------------  ---------------
hold                                    0.012          3.557               
clock uncertainty                       0.050          3.607               
clock pessimism                        -0.391          3.216               
--------------------------------------------------------------------  ---------------
Required                                               3.216               
--------------------------------------------------------------------  ---------------
Slack                                                  0.083               

Slack               : 0.086ns
Begin Point         : u_green/disparity_reg[4]_syn_2.clk (rising edge triggered by clock u_pll/u_output/ph1p_phy_pll_wrapper_25a56e5ce2f9_Inst/u_PH1P_PHY_PLL.clkc[0]  { rise@0.000000ns  fall@6.734000ns  period=13.468000 })
End Point           : u_green/symbol_reg[0]_syn_2.imf (rising edge triggered by clock u_pll/u_output/ph1p_phy_pll_wrapper_25a56e5ce2f9_Inst/u_PH1P_PHY_PLL.clkc[0]  { rise@0.000000ns  fall@6.734000ns  period=13.468000 })
Check Type          : hold
Process             : fast_m40c
Budget              : 0.000ns { u_pll/u_output/ph1p_phy_pll_wrapper_25a56e5ce2f9_Inst/u_PH1P_PHY_PLL.clkc[0] rising@0.000ns - u_pll/u_output/ph1p_phy_pll_wrapper_25a56e5ce2f9_Inst/u_PH1P_PHY_PLL.clkc[0] rising@0.000ns }
Data Path Delay     : 0.253ns (cell 0.125ns (49%), net 0.128ns (51%))
Clock Skew          : 0.055ns
Logic Level         : 1 ( LUT2=1 )
Max Fanout          : 6
Clock Uncertainty   : 0.100ns (sdc uncertainty: 0.000ns, default uncertainty: 0.100ns)

Delay Type          Location             Incr           Path   Level  Netlist Info
--------------------------------------------------------------------  ---------------
source latency                          0.000          0.000               
port                C4                  0.000          0.000          pin: I_sys_clk
hierarchy                               0.000          0.000          pin: I_sys_clk_syn_2.ipad
HDIO                x033y078            0.810          0.810          pin: I_sys_clk_syn_2.sg09_di
HDIO                x033y078            0.257          1.067          pin: I_sys_clk_syn_2.di
net (fo=1)          x043y079            0.040          1.107          net: I_sys_clk_dup_1,  ../../../diagnostics/hdmi_positive/avi_fhd30_top.v(3)
                                                                      pin: u_pll/u_ref/ph1p_phy_pll_wrapper_25a56e5ce2f9_Inst/u_PH1P_PHY_PLL.refclk
PLL                 x043y079            0.367          1.474          pin: u_pll/u_ref/ph1p_phy_pll_wrapper_25a56e5ce2f9_Inst/u_PH1P_PHY_PLL.clkc[0]
net (fo=1)                              0.312          1.786          net: u_pll/u_ref/clk0_buf,  ../../../user_source/hdl_source/native_hdmi_pll.v(32)
                                                                      pin: u_pll/u_ref/bufg_feedback.clkin[0]
GCLK                x023y039z16         0.006          1.792          pin: u_pll/u_ref/bufg_feedback.clkout
net (fo=1)                              0.136          1.928          net: u_pll/u_output/ph1p_phy_pll_wrapper_25a56e5ce2f9_Inst/refclk,  ../../../user_source/ip_source/PLL/RTL/ph1p_phy_pll_wrapper_25a56e5ce2f9.v(119)
                                                                      pin: u_pll/u_ref/bufg_feedback_auto_created_sclk_s_0_l_bk1.clkin
SCLK                x023y019z0          0.025          1.953          pin: u_pll/u_ref/bufg_feedback_auto_created_sclk_s_0_l_bk1.clkout
net (fo=1)          x000y039            0.121          2.074          net: u_pll/u_ref/bufg_feedback_auto_created_sclk_s_0_l_bk1_sclk_outnet,  NOFILE(0)
                                                                      pin: u_pll/u_output/ph1p_phy_pll_wrapper_25a56e5ce2f9_Inst/u_PH1P_PHY_PLL.refclk
PLL                 x000y039            0.367          2.441          pin: u_pll/u_output/ph1p_phy_pll_wrapper_25a56e5ce2f9_Inst/u_PH1P_PHY_PLL.clkc[0]
net (fo=1)                              0.310          2.751          net: u_pll/u_output/clk0_buf,  ../../../user_source/hdl_source/native_hdmi_pll.v(32)
                                                                      pin: u_pll/u_output/bufg_feedback.clkin[0]
GCLK                x023y039z0          0.006          2.757          pin: u_pll/u_output/bufg_feedback.clkout
net (fo=2)                              0.131          2.888          net: pixel,  ../../../diagnostics/hdmi_positive/avi_fhd30_top.v(5)
                                                                      pin: u_pll/u_output/bufg_feedback_auto_created_sclk_s_0_r_bk1.clkin
SCLK                x023y019z12         0.025          2.913          pin: u_pll/u_output/bufg_feedback_auto_created_sclk_s_0_r_bk1.clkout
net (fo=3)                              0.220          3.133          net: u_pll/u_output/bufg_feedback_auto_created_sclk_s_0_r_bk1_sclk_outnet,  NOFILE(0)
                                                                      pin: u_green/disparity_reg[4]_syn_2.clk
launch edge                             0.000    r     3.133               
--------------------------------------------------------------------  ---------------
clk2q               x033y039z7          0.062    f     3.195          pin: u_green/disparity_reg[4]_syn_2.oqa
net (fo=6)                              0.128          3.323          net: u_green/disparity[4],  ../../../diagnostics/hdmi_positive/dvi_encoder.v(5)
                                                                      pin: u_green/symbol_reg[0]_syn_2.imf
LUT2 (reg)          x034y042z7          0.063    f     3.386       1  net: u_packet/video_g[0],  ../../../diagnostics/hdmi_positive/hdmi_avi_insert.v(7)
--------------------------------------------------------------------  ---------------
Arrival                                                3.386               

source latency                          0.000          0.000               
port                C4                  0.000          0.000          pin: I_sys_clk
hierarchy                               0.000          0.000          pin: I_sys_clk_syn_2.ipad
HDIO                x033y078            0.915          0.915          pin: I_sys_clk_syn_2.sg09_di
HDIO                x033y078            0.290          1.205          pin: I_sys_clk_syn_2.di
net (fo=1)          x043y079            0.043          1.248          net: I_sys_clk_dup_1,  ../../../diagnostics/hdmi_positive/avi_fhd30_top.v(3)
                                                                      pin: u_pll/u_ref/ph1p_phy_pll_wrapper_25a56e5ce2f9_Inst/u_PH1P_PHY_PLL.refclk
PLL                 x043y079            0.435          1.683          pin: u_pll/u_ref/ph1p_phy_pll_wrapper_25a56e5ce2f9_Inst/u_PH1P_PHY_PLL.clkc[0]
net (fo=1)                              0.339          2.022          net: u_pll/u_ref/clk0_buf,  ../../../user_source/hdl_source/native_hdmi_pll.v(32)
                                                                      pin: u_pll/u_ref/bufg_feedback.clkin[0]
GCLK                x023y039z16         0.007          2.029          pin: u_pll/u_ref/bufg_feedback.clkout
net (fo=1)                              0.148          2.177          net: u_pll/u_output/ph1p_phy_pll_wrapper_25a56e5ce2f9_Inst/refclk,  ../../../user_source/ip_source/PLL/RTL/ph1p_phy_pll_wrapper_25a56e5ce2f9.v(119)
                                                                      pin: u_pll/u_ref/bufg_feedback_auto_created_sclk_s_0_l_bk1.clkin
SCLK                x023y019z0          0.030          2.207          pin: u_pll/u_ref/bufg_feedback_auto_created_sclk_s_0_l_bk1.clkout
net (fo=1)          x000y039            0.131          2.338          net: u_pll/u_ref/bufg_feedback_auto_created_sclk_s_0_l_bk1_sclk_outnet,  NOFILE(0)
                                                                      pin: u_pll/u_output/ph1p_phy_pll_wrapper_25a56e5ce2f9_Inst/u_PH1P_PHY_PLL.refclk
PLL                 x000y039            0.435          2.773          pin: u_pll/u_output/ph1p_phy_pll_wrapper_25a56e5ce2f9_Inst/u_PH1P_PHY_PLL.clkc[0]
net (fo=1)                              0.337          3.110          net: u_pll/u_output/clk0_buf,  ../../../user_source/hdl_source/native_hdmi_pll.v(32)
                                                                      pin: u_pll/u_output/bufg_feedback.clkin[0]
GCLK                x023y039z0          0.007          3.117          pin: u_pll/u_output/bufg_feedback.clkout
net (fo=2)                              0.155          3.272          net: pixel,  ../../../diagnostics/hdmi_positive/avi_fhd30_top.v(5)
                                                                      pin: u_pll/u_output/bufg_feedback_auto_created_sclk_s_1_r_bk1.clkin
SCLK                x023y059z12         0.030          3.302          pin: u_pll/u_output/bufg_feedback_auto_created_sclk_s_1_r_bk1.clkout
net (fo=52)                             0.246          3.548          net: u_pll/u_output/bufg_feedback_auto_created_sclk_s_1_r_bk1_sclk_outnet,  NOFILE(0)
                                                                      pin: u_green/symbol_reg[0]_syn_2.clk
capture edge                            0.000    r     3.548               
--------------------------------------------------------------------  ---------------
hold                                    0.012          3.560               
clock uncertainty                       0.100          3.660               
clock pessimism                        -0.360          3.300               
--------------------------------------------------------------------  ---------------
Required                                               3.300               
--------------------------------------------------------------------  ---------------
Slack                                                  0.086               

Slack               : 0.095ns
Begin Point         : release_sync_reg[1]_syn_2.clk (rising edge triggered by clock u_pll/u_output/ph1p_phy_pll_wrapper_25a56e5ce2f9_Inst/u_PH1P_PHY_PLL.clkc[0]  { rise@0.000000ns  fall@6.734000ns  period=13.468000 })
End Point           : u_phy/u0_lane_lvds_8_1/S_odd_even_reg_syn_3.asr (rising edge triggered by clock u_pll/u_output/ph1p_phy_pll_wrapper_25a56e5ce2f9_Inst/u_PH1P_PHY_PLL.clkc[0]  { rise@0.000000ns  fall@6.734000ns  period=13.468000 })
Check Type          : removal
Process             : fast_m40c
Budget              : 0.000ns { u_pll/u_output/ph1p_phy_pll_wrapper_25a56e5ce2f9_Inst/u_PH1P_PHY_PLL.clkc[0] rising@0.000ns - u_pll/u_output/ph1p_phy_pll_wrapper_25a56e5ce2f9_Inst/u_PH1P_PHY_PLL.clkc[0] rising@0.000ns }
Data Path Delay     : 0.154ns (cell 0.065ns (42%), net 0.089ns (58%))
Clock Skew          : 0.009ns
Logic Level         : 0
Max Fanout          : 15
Clock Uncertainty   : 0.050ns (sdc uncertainty: 0.000ns, default uncertainty: 0.050ns)

Delay Type          Location             Incr           Path   Level  Netlist Info
--------------------------------------------------------------------  ---------------
source latency                          0.000          0.000               
port                C4                  0.000          0.000          pin: I_sys_clk
hierarchy                               0.000          0.000          pin: I_sys_clk_syn_2.ipad
HDIO                x033y078            0.810          0.810          pin: I_sys_clk_syn_2.sg09_di
HDIO                x033y078            0.257          1.067          pin: I_sys_clk_syn_2.di
net (fo=1)          x043y079            0.040          1.107          net: I_sys_clk_dup_1,  ../../../diagnostics/hdmi_positive/avi_fhd30_top.v(3)
                                                                      pin: u_pll/u_ref/ph1p_phy_pll_wrapper_25a56e5ce2f9_Inst/u_PH1P_PHY_PLL.refclk
PLL                 x043y079            0.367          1.474          pin: u_pll/u_ref/ph1p_phy_pll_wrapper_25a56e5ce2f9_Inst/u_PH1P_PHY_PLL.clkc[0]
net (fo=1)                              0.312          1.786          net: u_pll/u_ref/clk0_buf,  ../../../user_source/hdl_source/native_hdmi_pll.v(32)
                                                                      pin: u_pll/u_ref/bufg_feedback.clkin[0]
GCLK                x023y039z16         0.006          1.792          pin: u_pll/u_ref/bufg_feedback.clkout
net (fo=1)                              0.136          1.928          net: u_pll/u_output/ph1p_phy_pll_wrapper_25a56e5ce2f9_Inst/refclk,  ../../../user_source/ip_source/PLL/RTL/ph1p_phy_pll_wrapper_25a56e5ce2f9.v(119)
                                                                      pin: u_pll/u_ref/bufg_feedback_auto_created_sclk_s_0_l_bk1.clkin
SCLK                x023y019z0          0.025          1.953          pin: u_pll/u_ref/bufg_feedback_auto_created_sclk_s_0_l_bk1.clkout
net (fo=1)          x000y039            0.121          2.074          net: u_pll/u_ref/bufg_feedback_auto_created_sclk_s_0_l_bk1_sclk_outnet,  NOFILE(0)
                                                                      pin: u_pll/u_output/ph1p_phy_pll_wrapper_25a56e5ce2f9_Inst/u_PH1P_PHY_PLL.refclk
PLL                 x000y039            0.367          2.441          pin: u_pll/u_output/ph1p_phy_pll_wrapper_25a56e5ce2f9_Inst/u_PH1P_PHY_PLL.clkc[0]
net (fo=1)                              0.310          2.751          net: u_pll/u_output/clk0_buf,  ../../../user_source/hdl_source/native_hdmi_pll.v(32)
                                                                      pin: u_pll/u_output/bufg_feedback.clkin[0]
GCLK                x023y039z0          0.006          2.757          pin: u_pll/u_output/bufg_feedback.clkout
net (fo=2)                              0.143          2.900          net: pixel,  ../../../diagnostics/hdmi_positive/avi_fhd30_top.v(5)
                                                                      pin: u_pll/u_output/bufg_feedback_auto_created_sclk_s_1_r_bk1.clkin
SCLK                x023y059z12         0.025          2.925          pin: u_pll/u_output/bufg_feedback_auto_created_sclk_s_1_r_bk1.clkout
net (fo=52)                             0.220          3.145          net: u_pll/u_output/bufg_feedback_auto_created_sclk_s_1_r_bk1_sclk_outnet,  NOFILE(0)
                                                                      pin: release_sync_reg[1]_syn_2.clk
launch edge                             0.000    r     3.145               
--------------------------------------------------------------------  ---------------
clk2q               x031y045z0          0.065    r     3.210          pin: release_sync_reg[1]_syn_2.oqb
net (fo=15)                             0.089          3.299          net: release_sync[2]_dup_431,  ../../../diagnostics/hdmi_positive/avi_fhd30_top.v(8)
                                                                      pin: u_phy/u0_lane_lvds_8_1/S_odd_even_reg_syn_3.asr
reg                 x031y043z0          0.000    f     3.299               
--------------------------------------------------------------------  ---------------
Arrival                                                3.299               

source latency                          0.000          0.000               
port                C4                  0.000          0.000          pin: I_sys_clk
hierarchy                               0.000          0.000          pin: I_sys_clk_syn_2.ipad
HDIO                x033y078            0.915          0.915          pin: I_sys_clk_syn_2.sg09_di
HDIO                x033y078            0.290          1.205          pin: I_sys_clk_syn_2.di
net (fo=1)          x043y079            0.043          1.248          net: I_sys_clk_dup_1,  ../../../diagnostics/hdmi_positive/avi_fhd30_top.v(3)
                                                                      pin: u_pll/u_ref/ph1p_phy_pll_wrapper_25a56e5ce2f9_Inst/u_PH1P_PHY_PLL.refclk
PLL                 x043y079            0.435          1.683          pin: u_pll/u_ref/ph1p_phy_pll_wrapper_25a56e5ce2f9_Inst/u_PH1P_PHY_PLL.clkc[0]
net (fo=1)                              0.339          2.022          net: u_pll/u_ref/clk0_buf,  ../../../user_source/hdl_source/native_hdmi_pll.v(32)
                                                                      pin: u_pll/u_ref/bufg_feedback.clkin[0]
GCLK                x023y039z16         0.007          2.029          pin: u_pll/u_ref/bufg_feedback.clkout
net (fo=1)                              0.148          2.177          net: u_pll/u_output/ph1p_phy_pll_wrapper_25a56e5ce2f9_Inst/refclk,  ../../../user_source/ip_source/PLL/RTL/ph1p_phy_pll_wrapper_25a56e5ce2f9.v(119)
                                                                      pin: u_pll/u_ref/bufg_feedback_auto_created_sclk_s_0_l_bk1.clkin
SCLK                x023y019z0          0.030          2.207          pin: u_pll/u_ref/bufg_feedback_auto_created_sclk_s_0_l_bk1.clkout
net (fo=1)          x000y039            0.131          2.338          net: u_pll/u_ref/bufg_feedback_auto_created_sclk_s_0_l_bk1_sclk_outnet,  NOFILE(0)
                                                                      pin: u_pll/u_output/ph1p_phy_pll_wrapper_25a56e5ce2f9_Inst/u_PH1P_PHY_PLL.refclk
PLL                 x000y039            0.435          2.773          pin: u_pll/u_output/ph1p_phy_pll_wrapper_25a56e5ce2f9_Inst/u_PH1P_PHY_PLL.clkc[0]
net (fo=1)                              0.337          3.110          net: u_pll/u_output/clk0_buf,  ../../../user_source/hdl_source/native_hdmi_pll.v(32)
                                                                      pin: u_pll/u_output/bufg_feedback.clkin[0]
GCLK                x023y039z0          0.007          3.117          pin: u_pll/u_output/bufg_feedback.clkout
net (fo=2)                              0.155          3.272          net: pixel,  ../../../diagnostics/hdmi_positive/avi_fhd30_top.v(5)
                                                                      pin: u_pll/u_output/bufg_feedback_auto_created_sclk_s_1_r_bk1.clkin
SCLK                x023y059z12         0.030          3.302          pin: u_pll/u_output/bufg_feedback_auto_created_sclk_s_1_r_bk1.clkout
net (fo=52)                             0.243          3.545          net: u_pll/u_output/bufg_feedback_auto_created_sclk_s_1_r_bk1_sclk_outnet,  NOFILE(0)
                                                                      pin: u_phy/u0_lane_lvds_8_1/S_odd_even_reg_syn_3.clk
capture edge                            0.000    r     3.545               
--------------------------------------------------------------------  ---------------
removal                                 0.000          3.545               
clock uncertainty                       0.050          3.595               
clock pessimism                        -0.391          3.204               
--------------------------------------------------------------------  ---------------
Required                                               3.204               
--------------------------------------------------------------------  ---------------
Slack                                                  0.095               

Slack               : 0.102ns
Begin Point         : release_sync_reg[1]_syn_2.clk (rising edge triggered by clock u_pll/u_output/ph1p_phy_pll_wrapper_25a56e5ce2f9_Inst/u_PH1P_PHY_PLL.clkc[0]  { rise@0.000000ns  fall@6.734000ns  period=13.468000 })
End Point           : release_sync_reg[2]_syn_6.ima (rising edge triggered by clock u_pll/u_output/ph1p_phy_pll_wrapper_25a56e5ce2f9_Inst/u_PH1P_PHY_PLL.clkc[0]  { rise@0.000000ns  fall@6.734000ns  period=13.468000 })
Check Type          : hold
Process             : fast_m40c
Budget              : 0.000ns { u_pll/u_output/ph1p_phy_pll_wrapper_25a56e5ce2f9_Inst/u_PH1P_PHY_PLL.clkc[0] rising@0.000ns - u_pll/u_output/ph1p_phy_pll_wrapper_25a56e5ce2f9_Inst/u_PH1P_PHY_PLL.clkc[0] rising@0.000ns }
Data Path Delay     : 0.190ns (cell 0.091ns (47%), net 0.099ns (53%))
Clock Skew          : 0.026ns
Logic Level         : 0
Max Fanout          : 3
Clock Uncertainty   : 0.050ns (sdc uncertainty: 0.000ns, default uncertainty: 0.050ns)

Delay Type          Location             Incr           Path   Level  Netlist Info
--------------------------------------------------------------------  ---------------
source latency                          0.000          0.000               
port                C4                  0.000          0.000          pin: I_sys_clk
hierarchy                               0.000          0.000          pin: I_sys_clk_syn_2.ipad
HDIO                x033y078            0.810          0.810          pin: I_sys_clk_syn_2.sg09_di
HDIO                x033y078            0.257          1.067          pin: I_sys_clk_syn_2.di
net (fo=1)          x043y079            0.040          1.107          net: I_sys_clk_dup_1,  ../../../diagnostics/hdmi_positive/avi_fhd30_top.v(3)
                                                                      pin: u_pll/u_ref/ph1p_phy_pll_wrapper_25a56e5ce2f9_Inst/u_PH1P_PHY_PLL.refclk
PLL                 x043y079            0.367          1.474          pin: u_pll/u_ref/ph1p_phy_pll_wrapper_25a56e5ce2f9_Inst/u_PH1P_PHY_PLL.clkc[0]
net (fo=1)                              0.312          1.786          net: u_pll/u_ref/clk0_buf,  ../../../user_source/hdl_source/native_hdmi_pll.v(32)
                                                                      pin: u_pll/u_ref/bufg_feedback.clkin[0]
GCLK                x023y039z16         0.006          1.792          pin: u_pll/u_ref/bufg_feedback.clkout
net (fo=1)                              0.136          1.928          net: u_pll/u_output/ph1p_phy_pll_wrapper_25a56e5ce2f9_Inst/refclk,  ../../../user_source/ip_source/PLL/RTL/ph1p_phy_pll_wrapper_25a56e5ce2f9.v(119)
                                                                      pin: u_pll/u_ref/bufg_feedback_auto_created_sclk_s_0_l_bk1.clkin
SCLK                x023y019z0          0.025          1.953          pin: u_pll/u_ref/bufg_feedback_auto_created_sclk_s_0_l_bk1.clkout
net (fo=1)          x000y039            0.121          2.074          net: u_pll/u_ref/bufg_feedback_auto_created_sclk_s_0_l_bk1_sclk_outnet,  NOFILE(0)
                                                                      pin: u_pll/u_output/ph1p_phy_pll_wrapper_25a56e5ce2f9_Inst/u_PH1P_PHY_PLL.refclk
PLL                 x000y039            0.367          2.441          pin: u_pll/u_output/ph1p_phy_pll_wrapper_25a56e5ce2f9_Inst/u_PH1P_PHY_PLL.clkc[0]
net (fo=1)                              0.310          2.751          net: u_pll/u_output/clk0_buf,  ../../../user_source/hdl_source/native_hdmi_pll.v(32)
                                                                      pin: u_pll/u_output/bufg_feedback.clkin[0]
GCLK                x023y039z0          0.006          2.757          pin: u_pll/u_output/bufg_feedback.clkout
net (fo=2)                              0.143          2.900          net: pixel,  ../../../diagnostics/hdmi_positive/avi_fhd30_top.v(5)
                                                                      pin: u_pll/u_output/bufg_feedback_auto_created_sclk_s_1_r_bk1.clkin
SCLK                x023y059z12         0.025          2.925          pin: u_pll/u_output/bufg_feedback_auto_created_sclk_s_1_r_bk1.clkout
net (fo=52)                             0.220          3.145          net: u_pll/u_output/bufg_feedback_auto_created_sclk_s_1_r_bk1_sclk_outnet,  NOFILE(0)
                                                                      pin: release_sync_reg[1]_syn_2.clk
launch edge                             0.000    r     3.145               
--------------------------------------------------------------------  ---------------
clk2q               x031y045z0          0.062    f     3.207          pin: release_sync_reg[1]_syn_2.oqa
net (fo=3)                              0.099          3.306          net: release_sync[1],  ../../../diagnostics/hdmi_positive/avi_fhd30_top.v(8)
                                                                      pin: release_sync_reg[2]_syn_6.ima
reg                 x032y044z5          0.029    f     3.335          net: release_sync[2]_dup_432,  ../../../diagnostics/hdmi_positive/avi_fhd30_top.v(8)
--------------------------------------------------------------------  ---------------
Arrival                                                3.335               

source latency                          0.000          0.000               
port                C4                  0.000          0.000          pin: I_sys_clk
hierarchy                               0.000          0.000          pin: I_sys_clk_syn_2.ipad
HDIO                x033y078            0.915          0.915          pin: I_sys_clk_syn_2.sg09_di
HDIO                x033y078            0.290          1.205          pin: I_sys_clk_syn_2.di
net (fo=1)          x043y079            0.043          1.248          net: I_sys_clk_dup_1,  ../../../diagnostics/hdmi_positive/avi_fhd30_top.v(3)
                                                                      pin: u_pll/u_ref/ph1p_phy_pll_wrapper_25a56e5ce2f9_Inst/u_PH1P_PHY_PLL.refclk
PLL                 x043y079            0.435          1.683          pin: u_pll/u_ref/ph1p_phy_pll_wrapper_25a56e5ce2f9_Inst/u_PH1P_PHY_PLL.clkc[0]
net (fo=1)                              0.339          2.022          net: u_pll/u_ref/clk0_buf,  ../../../user_source/hdl_source/native_hdmi_pll.v(32)
                                                                      pin: u_pll/u_ref/bufg_feedback.clkin[0]
GCLK                x023y039z16         0.007          2.029          pin: u_pll/u_ref/bufg_feedback.clkout
net (fo=1)                              0.148          2.177          net: u_pll/u_output/ph1p_phy_pll_wrapper_25a56e5ce2f9_Inst/refclk,  ../../../user_source/ip_source/PLL/RTL/ph1p_phy_pll_wrapper_25a56e5ce2f9.v(119)
                                                                      pin: u_pll/u_ref/bufg_feedback_auto_created_sclk_s_0_l_bk1.clkin
SCLK                x023y019z0          0.030          2.207          pin: u_pll/u_ref/bufg_feedback_auto_created_sclk_s_0_l_bk1.clkout
net (fo=1)          x000y039            0.131          2.338          net: u_pll/u_ref/bufg_feedback_auto_created_sclk_s_0_l_bk1_sclk_outnet,  NOFILE(0)
                                                                      pin: u_pll/u_output/ph1p_phy_pll_wrapper_25a56e5ce2f9_Inst/u_PH1P_PHY_PLL.refclk
PLL                 x000y039            0.435          2.773          pin: u_pll/u_output/ph1p_phy_pll_wrapper_25a56e5ce2f9_Inst/u_PH1P_PHY_PLL.clkc[0]
net (fo=1)                              0.337          3.110          net: u_pll/u_output/clk0_buf,  ../../../user_source/hdl_source/native_hdmi_pll.v(32)
                                                                      pin: u_pll/u_output/bufg_feedback.clkin[0]
GCLK                x023y039z0          0.007          3.117          pin: u_pll/u_output/bufg_feedback.clkout
net (fo=2)                              0.155          3.272          net: pixel,  ../../../diagnostics/hdmi_positive/avi_fhd30_top.v(5)
                                                                      pin: u_pll/u_output/bufg_feedback_auto_created_sclk_s_1_r_bk1.clkin
SCLK                x023y059z12         0.030          3.302          pin: u_pll/u_output/bufg_feedback_auto_created_sclk_s_1_r_bk1.clkout
net (fo=52)                             0.247          3.549          net: u_pll/u_output/bufg_feedback_auto_created_sclk_s_1_r_bk1_sclk_outnet,  NOFILE(0)
                                                                      pin: release_sync_reg[2]_syn_6.clk
capture edge                            0.000    r     3.549               
--------------------------------------------------------------------  ---------------
hold                                    0.012          3.561               
clock uncertainty                       0.050          3.611               
clock pessimism                        -0.378          3.233               
--------------------------------------------------------------------  ---------------
Required                                               3.233               
--------------------------------------------------------------------  ---------------
Slack                                                  0.102               

Slack               : 0.110ns
Begin Point         : release_sync_reg[2]_syn_6.clk (rising edge triggered by clock u_pll/u_output/ph1p_phy_pll_wrapper_25a56e5ce2f9_Inst/u_PH1P_PHY_PLL.clkc[0]  { rise@0.000000ns  fall@6.734000ns  period=13.468000 })
End Point           : u_red/symbol_reg[9]_syn_2.asr (rising edge triggered by clock u_pll/u_output/ph1p_phy_pll_wrapper_25a56e5ce2f9_Inst/u_PH1P_PHY_PLL.clkc[0]  { rise@0.000000ns  fall@6.734000ns  period=13.468000 })
Check Type          : removal
Process             : fast_m40c
Budget              : 0.000ns { u_pll/u_output/ph1p_phy_pll_wrapper_25a56e5ce2f9_Inst/u_PH1P_PHY_PLL.clkc[0] rising@0.000ns - u_pll/u_output/ph1p_phy_pll_wrapper_25a56e5ce2f9_Inst/u_PH1P_PHY_PLL.clkc[0] rising@0.000ns }
Data Path Delay     : 0.183ns (cell 0.062ns (33%), net 0.121ns (67%))
Clock Skew          : 0.023ns
Logic Level         : 0
Max Fanout          : 60
Clock Uncertainty   : 0.050ns (sdc uncertainty: 0.000ns, default uncertainty: 0.050ns)

Delay Type          Location             Incr           Path   Level  Netlist Info
--------------------------------------------------------------------  ---------------
source latency                          0.000          0.000               
port                C4                  0.000          0.000          pin: I_sys_clk
hierarchy                               0.000          0.000          pin: I_sys_clk_syn_2.ipad
HDIO                x033y078            0.810          0.810          pin: I_sys_clk_syn_2.sg09_di
HDIO                x033y078            0.257          1.067          pin: I_sys_clk_syn_2.di
net (fo=1)          x043y079            0.040          1.107          net: I_sys_clk_dup_1,  ../../../diagnostics/hdmi_positive/avi_fhd30_top.v(3)
                                                                      pin: u_pll/u_ref/ph1p_phy_pll_wrapper_25a56e5ce2f9_Inst/u_PH1P_PHY_PLL.refclk
PLL                 x043y079            0.367          1.474          pin: u_pll/u_ref/ph1p_phy_pll_wrapper_25a56e5ce2f9_Inst/u_PH1P_PHY_PLL.clkc[0]
net (fo=1)                              0.312          1.786          net: u_pll/u_ref/clk0_buf,  ../../../user_source/hdl_source/native_hdmi_pll.v(32)
                                                                      pin: u_pll/u_ref/bufg_feedback.clkin[0]
GCLK                x023y039z16         0.006          1.792          pin: u_pll/u_ref/bufg_feedback.clkout
net (fo=1)                              0.136          1.928          net: u_pll/u_output/ph1p_phy_pll_wrapper_25a56e5ce2f9_Inst/refclk,  ../../../user_source/ip_source/PLL/RTL/ph1p_phy_pll_wrapper_25a56e5ce2f9.v(119)
                                                                      pin: u_pll/u_ref/bufg_feedback_auto_created_sclk_s_0_l_bk1.clkin
SCLK                x023y019z0          0.025          1.953          pin: u_pll/u_ref/bufg_feedback_auto_created_sclk_s_0_l_bk1.clkout
net (fo=1)          x000y039            0.121          2.074          net: u_pll/u_ref/bufg_feedback_auto_created_sclk_s_0_l_bk1_sclk_outnet,  NOFILE(0)
                                                                      pin: u_pll/u_output/ph1p_phy_pll_wrapper_25a56e5ce2f9_Inst/u_PH1P_PHY_PLL.refclk
PLL                 x000y039            0.367          2.441          pin: u_pll/u_output/ph1p_phy_pll_wrapper_25a56e5ce2f9_Inst/u_PH1P_PHY_PLL.clkc[0]
net (fo=1)                              0.310          2.751          net: u_pll/u_output/clk0_buf,  ../../../user_source/hdl_source/native_hdmi_pll.v(32)
                                                                      pin: u_pll/u_output/bufg_feedback.clkin[0]
GCLK                x023y039z0          0.006          2.757          pin: u_pll/u_output/bufg_feedback.clkout
net (fo=2)                              0.143          2.900          net: pixel,  ../../../diagnostics/hdmi_positive/avi_fhd30_top.v(5)
                                                                      pin: u_pll/u_output/bufg_feedback_auto_created_sclk_s_1_r_bk1.clkin
SCLK                x023y059z12         0.025          2.925          pin: u_pll/u_output/bufg_feedback_auto_created_sclk_s_1_r_bk1.clkout
net (fo=52)                             0.224          3.149          net: u_pll/u_output/bufg_feedback_auto_created_sclk_s_1_r_bk1_sclk_outnet,  NOFILE(0)
                                                                      pin: release_sync_reg[2]_syn_6.clk
launch edge                             0.000    r     3.149               
--------------------------------------------------------------------  ---------------
clk2q               x032y044z5          0.062    f     3.211          pin: release_sync_reg[2]_syn_6.oqa
net (fo=60)                             0.121          3.332          net: release_sync[2]_dup_432,  ../../../diagnostics/hdmi_positive/avi_fhd30_top.v(8)
                                                                      pin: u_red/symbol_reg[9]_syn_2.asr
reg                 x036y044z1          0.000    f     3.332               
--------------------------------------------------------------------  ---------------
Arrival                                                3.332               

source latency                          0.000          0.000               
port                C4                  0.000          0.000          pin: I_sys_clk
hierarchy                               0.000          0.000          pin: I_sys_clk_syn_2.ipad
HDIO                x033y078            0.915          0.915          pin: I_sys_clk_syn_2.sg09_di
HDIO                x033y078            0.290          1.205          pin: I_sys_clk_syn_2.di
net (fo=1)          x043y079            0.043          1.248          net: I_sys_clk_dup_1,  ../../../diagnostics/hdmi_positive/avi_fhd30_top.v(3)
                                                                      pin: u_pll/u_ref/ph1p_phy_pll_wrapper_25a56e5ce2f9_Inst/u_PH1P_PHY_PLL.refclk
PLL                 x043y079            0.435          1.683          pin: u_pll/u_ref/ph1p_phy_pll_wrapper_25a56e5ce2f9_Inst/u_PH1P_PHY_PLL.clkc[0]
net (fo=1)                              0.339          2.022          net: u_pll/u_ref/clk0_buf,  ../../../user_source/hdl_source/native_hdmi_pll.v(32)
                                                                      pin: u_pll/u_ref/bufg_feedback.clkin[0]
GCLK                x023y039z16         0.007          2.029          pin: u_pll/u_ref/bufg_feedback.clkout
net (fo=1)                              0.148          2.177          net: u_pll/u_output/ph1p_phy_pll_wrapper_25a56e5ce2f9_Inst/refclk,  ../../../user_source/ip_source/PLL/RTL/ph1p_phy_pll_wrapper_25a56e5ce2f9.v(119)
                                                                      pin: u_pll/u_ref/bufg_feedback_auto_created_sclk_s_0_l_bk1.clkin
SCLK                x023y019z0          0.030          2.207          pin: u_pll/u_ref/bufg_feedback_auto_created_sclk_s_0_l_bk1.clkout
net (fo=1)          x000y039            0.131          2.338          net: u_pll/u_ref/bufg_feedback_auto_created_sclk_s_0_l_bk1_sclk_outnet,  NOFILE(0)
                                                                      pin: u_pll/u_output/ph1p_phy_pll_wrapper_25a56e5ce2f9_Inst/u_PH1P_PHY_PLL.refclk
PLL                 x000y039            0.435          2.773          pin: u_pll/u_output/ph1p_phy_pll_wrapper_25a56e5ce2f9_Inst/u_PH1P_PHY_PLL.clkc[0]
net (fo=1)                              0.337          3.110          net: u_pll/u_output/clk0_buf,  ../../../user_source/hdl_source/native_hdmi_pll.v(32)
                                                                      pin: u_pll/u_output/bufg_feedback.clkin[0]
GCLK                x023y039z0          0.007          3.117          pin: u_pll/u_output/bufg_feedback.clkout
net (fo=2)                              0.155          3.272          net: pixel,  ../../../diagnostics/hdmi_positive/avi_fhd30_top.v(5)
                                                                      pin: u_pll/u_output/bufg_feedback_auto_created_sclk_s_1_r_bk1.clkin
SCLK                x023y059z12         0.030          3.302          pin: u_pll/u_output/bufg_feedback_auto_created_sclk_s_1_r_bk1.clkout
net (fo=52)                             0.248          3.550          net: u_pll/u_output/bufg_feedback_auto_created_sclk_s_1_r_bk1_sclk_outnet,  NOFILE(0)
                                                                      pin: u_red/symbol_reg[9]_syn_2.clk
capture edge                            0.000    r     3.550               
--------------------------------------------------------------------  ---------------
removal                                 0.000          3.550               
clock uncertainty                       0.050          3.600               
clock pessimism                        -0.378          3.222               
--------------------------------------------------------------------  ---------------
Required                                               3.222               
--------------------------------------------------------------------  ---------------
Slack                                                  0.110               

Slack               : 0.123ns
Begin Point         : y_reg[9]_syn_2.clk (rising edge triggered by clock u_pll/u_output/ph1p_phy_pll_wrapper_25a56e5ce2f9_Inst/u_PH1P_PHY_PLL.clkc[0]  { rise@0.000000ns  fall@6.734000ns  period=13.468000 })
End Point           : y_reg[9]_syn_2.ie (rising edge triggered by clock u_pll/u_output/ph1p_phy_pll_wrapper_25a56e5ce2f9_Inst/u_PH1P_PHY_PLL.clkc[0]  { rise@0.000000ns  fall@6.734000ns  period=13.468000 })
Check Type          : hold
Process             : fast_m40c
Budget              : 0.000ns { u_pll/u_output/ph1p_phy_pll_wrapper_25a56e5ce2f9_Inst/u_PH1P_PHY_PLL.clkc[0] rising@0.000ns - u_pll/u_output/ph1p_phy_pll_wrapper_25a56e5ce2f9_Inst/u_PH1P_PHY_PLL.clkc[0] rising@0.000ns }
Data Path Delay     : 0.135ns (cell 0.106ns (78%), net 0.029ns (22%))
Clock Skew          : 0.000ns
Logic Level         : 1 ( LUT5=1 )
Max Fanout          : 3
Clock Uncertainty   : 0.000ns (sdc uncertainty: 0.000ns, default uncertainty: 0.000ns)

Delay Type          Location             Incr           Path   Level  Netlist Info
--------------------------------------------------------------------  ---------------
source latency                          0.000          0.000               
port                C4                  0.000          0.000          pin: I_sys_clk
hierarchy                               0.000          0.000          pin: I_sys_clk_syn_2.ipad
HDIO                x033y078            0.810          0.810          pin: I_sys_clk_syn_2.sg09_di
HDIO                x033y078            0.257          1.067          pin: I_sys_clk_syn_2.di
net (fo=1)          x043y079            0.040          1.107          net: I_sys_clk_dup_1,  ../../../diagnostics/hdmi_positive/avi_fhd30_top.v(3)
                                                                      pin: u_pll/u_ref/ph1p_phy_pll_wrapper_25a56e5ce2f9_Inst/u_PH1P_PHY_PLL.refclk
PLL                 x043y079            0.367          1.474          pin: u_pll/u_ref/ph1p_phy_pll_wrapper_25a56e5ce2f9_Inst/u_PH1P_PHY_PLL.clkc[0]
net (fo=1)                              0.312          1.786          net: u_pll/u_ref/clk0_buf,  ../../../user_source/hdl_source/native_hdmi_pll.v(32)
                                                                      pin: u_pll/u_ref/bufg_feedback.clkin[0]
GCLK                x023y039z16         0.006          1.792          pin: u_pll/u_ref/bufg_feedback.clkout
net (fo=1)                              0.136          1.928          net: u_pll/u_output/ph1p_phy_pll_wrapper_25a56e5ce2f9_Inst/refclk,  ../../../user_source/ip_source/PLL/RTL/ph1p_phy_pll_wrapper_25a56e5ce2f9.v(119)
                                                                      pin: u_pll/u_ref/bufg_feedback_auto_created_sclk_s_0_l_bk1.clkin
SCLK                x023y019z0          0.025          1.953          pin: u_pll/u_ref/bufg_feedback_auto_created_sclk_s_0_l_bk1.clkout
net (fo=1)          x000y039            0.121          2.074          net: u_pll/u_ref/bufg_feedback_auto_created_sclk_s_0_l_bk1_sclk_outnet,  NOFILE(0)
                                                                      pin: u_pll/u_output/ph1p_phy_pll_wrapper_25a56e5ce2f9_Inst/u_PH1P_PHY_PLL.refclk
PLL                 x000y039            0.367          2.441          pin: u_pll/u_output/ph1p_phy_pll_wrapper_25a56e5ce2f9_Inst/u_PH1P_PHY_PLL.clkc[0]
net (fo=1)                              0.310          2.751          net: u_pll/u_output/clk0_buf,  ../../../user_source/hdl_source/native_hdmi_pll.v(32)
                                                                      pin: u_pll/u_output/bufg_feedback.clkin[0]
GCLK                x023y039z0          0.006          2.757          pin: u_pll/u_output/bufg_feedback.clkout
net (fo=2)                              0.143          2.900          net: pixel,  ../../../diagnostics/hdmi_positive/avi_fhd30_top.v(5)
                                                                      pin: u_pll/u_output/bufg_feedback_auto_created_sclk_s_1_r_bk1.clkin
SCLK                x023y059z12         0.025          2.925          pin: u_pll/u_output/bufg_feedback_auto_created_sclk_s_1_r_bk1.clkout
net (fo=52)                             0.220          3.145          net: u_pll/u_output/bufg_feedback_auto_created_sclk_s_1_r_bk1_sclk_outnet,  NOFILE(0)
                                                                      pin: y_reg[9]_syn_2.clk
launch edge                             0.000    r     3.145               
--------------------------------------------------------------------  ---------------
clk2q               x031y041z0          0.062    f     3.207          pin: y_reg[9]_syn_2.oqa
net (fo=3)                              0.029          3.236          net: y[9],  ../../../diagnostics/hdmi_positive/avi_fhd30_top.v(12)
                                                                      pin: y_reg[9]_syn_2.ie
LUT5 (reg)          x031y041z0          0.044    f     3.280       1  net: y[10],  ../../../diagnostics/hdmi_positive/avi_fhd30_top.v(12)
--------------------------------------------------------------------  ---------------
Arrival                                                3.280               

source latency                          0.000          0.000               
port                C4                  0.000          0.000          pin: I_sys_clk
hierarchy                               0.000          0.000          pin: I_sys_clk_syn_2.ipad
HDIO                x033y078            0.915          0.915          pin: I_sys_clk_syn_2.sg09_di
HDIO                x033y078            0.290          1.205          pin: I_sys_clk_syn_2.di
net (fo=1)          x043y079            0.043          1.248          net: I_sys_clk_dup_1,  ../../../diagnostics/hdmi_positive/avi_fhd30_top.v(3)
                                                                      pin: u_pll/u_ref/ph1p_phy_pll_wrapper_25a56e5ce2f9_Inst/u_PH1P_PHY_PLL.refclk
PLL                 x043y079            0.435          1.683          pin: u_pll/u_ref/ph1p_phy_pll_wrapper_25a56e5ce2f9_Inst/u_PH1P_PHY_PLL.clkc[0]
net (fo=1)                              0.339          2.022          net: u_pll/u_ref/clk0_buf,  ../../../user_source/hdl_source/native_hdmi_pll.v(32)
                                                                      pin: u_pll/u_ref/bufg_feedback.clkin[0]
GCLK                x023y039z16         0.007          2.029          pin: u_pll/u_ref/bufg_feedback.clkout
net (fo=1)                              0.148          2.177          net: u_pll/u_output/ph1p_phy_pll_wrapper_25a56e5ce2f9_Inst/refclk,  ../../../user_source/ip_source/PLL/RTL/ph1p_phy_pll_wrapper_25a56e5ce2f9.v(119)
                                                                      pin: u_pll/u_ref/bufg_feedback_auto_created_sclk_s_0_l_bk1.clkin
SCLK                x023y019z0          0.030          2.207          pin: u_pll/u_ref/bufg_feedback_auto_created_sclk_s_0_l_bk1.clkout
net (fo=1)          x000y039            0.131          2.338          net: u_pll/u_ref/bufg_feedback_auto_created_sclk_s_0_l_bk1_sclk_outnet,  NOFILE(0)
                                                                      pin: u_pll/u_output/ph1p_phy_pll_wrapper_25a56e5ce2f9_Inst/u_PH1P_PHY_PLL.refclk
PLL                 x000y039            0.435          2.773          pin: u_pll/u_output/ph1p_phy_pll_wrapper_25a56e5ce2f9_Inst/u_PH1P_PHY_PLL.clkc[0]
net (fo=1)                              0.337          3.110          net: u_pll/u_output/clk0_buf,  ../../../user_source/hdl_source/native_hdmi_pll.v(32)
                                                                      pin: u_pll/u_output/bufg_feedback.clkin[0]
GCLK                x023y039z0          0.007          3.117          pin: u_pll/u_output/bufg_feedback.clkout
net (fo=2)                              0.155          3.272          net: pixel,  ../../../diagnostics/hdmi_positive/avi_fhd30_top.v(5)
                                                                      pin: u_pll/u_output/bufg_feedback_auto_created_sclk_s_1_r_bk1.clkin
SCLK                x023y059z12         0.030          3.302          pin: u_pll/u_output/bufg_feedback_auto_created_sclk_s_1_r_bk1.clkout
net (fo=52)                             0.243          3.545          net: u_pll/u_output/bufg_feedback_auto_created_sclk_s_1_r_bk1_sclk_outnet,  NOFILE(0)
                                                                      pin: y_reg[9]_syn_2.clk
capture edge                            0.000    r     3.545               
--------------------------------------------------------------------  ---------------
hold                                    0.012          3.557               
clock uncertainty                       0.000          3.557               
clock pessimism                        -0.400          3.157               
--------------------------------------------------------------------  ---------------
Required                                               3.157               
--------------------------------------------------------------------  ---------------
Slack                                                  0.123               

Slack               : 0.123ns
Begin Point         : release_sync_reg[2]_syn_6.clk (rising edge triggered by clock u_pll/u_output/ph1p_phy_pll_wrapper_25a56e5ce2f9_Inst/u_PH1P_PHY_PLL.clkc[0]  { rise@0.000000ns  fall@6.734000ns  period=13.468000 })
End Point           : u_packet/packet_r_reg[3]_syn_2.asr (rising edge triggered by clock u_pll/u_output/ph1p_phy_pll_wrapper_25a56e5ce2f9_Inst/u_PH1P_PHY_PLL.clkc[0]  { rise@0.000000ns  fall@6.734000ns  period=13.468000 })
Check Type          : removal
Process             : fast_m40c
Budget              : 0.000ns { u_pll/u_output/ph1p_phy_pll_wrapper_25a56e5ce2f9_Inst/u_PH1P_PHY_PLL.clkc[0] rising@0.000ns - u_pll/u_output/ph1p_phy_pll_wrapper_25a56e5ce2f9_Inst/u_PH1P_PHY_PLL.clkc[0] rising@0.000ns }
Data Path Delay     : 0.194ns (cell 0.062ns (31%), net 0.132ns (69%))
Clock Skew          : 0.021ns
Logic Level         : 0
Max Fanout          : 60
Clock Uncertainty   : 0.050ns (sdc uncertainty: 0.000ns, default uncertainty: 0.050ns)

Delay Type          Location             Incr           Path   Level  Netlist Info
--------------------------------------------------------------------  ---------------
source latency                          0.000          0.000               
port                C4                  0.000          0.000          pin: I_sys_clk
hierarchy                               0.000          0.000          pin: I_sys_clk_syn_2.ipad
HDIO                x033y078            0.810          0.810          pin: I_sys_clk_syn_2.sg09_di
HDIO                x033y078            0.257          1.067          pin: I_sys_clk_syn_2.di
net (fo=1)          x043y079            0.040          1.107          net: I_sys_clk_dup_1,  ../../../diagnostics/hdmi_positive/avi_fhd30_top.v(3)
                                                                      pin: u_pll/u_ref/ph1p_phy_pll_wrapper_25a56e5ce2f9_Inst/u_PH1P_PHY_PLL.refclk
PLL                 x043y079            0.367          1.474          pin: u_pll/u_ref/ph1p_phy_pll_wrapper_25a56e5ce2f9_Inst/u_PH1P_PHY_PLL.clkc[0]
net (fo=1)                              0.312          1.786          net: u_pll/u_ref/clk0_buf,  ../../../user_source/hdl_source/native_hdmi_pll.v(32)
                                                                      pin: u_pll/u_ref/bufg_feedback.clkin[0]
GCLK                x023y039z16         0.006          1.792          pin: u_pll/u_ref/bufg_feedback.clkout
net (fo=1)                              0.136          1.928          net: u_pll/u_output/ph1p_phy_pll_wrapper_25a56e5ce2f9_Inst/refclk,  ../../../user_source/ip_source/PLL/RTL/ph1p_phy_pll_wrapper_25a56e5ce2f9.v(119)
                                                                      pin: u_pll/u_ref/bufg_feedback_auto_created_sclk_s_0_l_bk1.clkin
SCLK                x023y019z0          0.025          1.953          pin: u_pll/u_ref/bufg_feedback_auto_created_sclk_s_0_l_bk1.clkout
net (fo=1)          x000y039            0.121          2.074          net: u_pll/u_ref/bufg_feedback_auto_created_sclk_s_0_l_bk1_sclk_outnet,  NOFILE(0)
                                                                      pin: u_pll/u_output/ph1p_phy_pll_wrapper_25a56e5ce2f9_Inst/u_PH1P_PHY_PLL.refclk
PLL                 x000y039            0.367          2.441          pin: u_pll/u_output/ph1p_phy_pll_wrapper_25a56e5ce2f9_Inst/u_PH1P_PHY_PLL.clkc[0]
net (fo=1)                              0.310          2.751          net: u_pll/u_output/clk0_buf,  ../../../user_source/hdl_source/native_hdmi_pll.v(32)
                                                                      pin: u_pll/u_output/bufg_feedback.clkin[0]
GCLK                x023y039z0          0.006          2.757          pin: u_pll/u_output/bufg_feedback.clkout
net (fo=2)                              0.143          2.900          net: pixel,  ../../../diagnostics/hdmi_positive/avi_fhd30_top.v(5)
                                                                      pin: u_pll/u_output/bufg_feedback_auto_created_sclk_s_1_r_bk1.clkin
SCLK                x023y059z12         0.025          2.925          pin: u_pll/u_output/bufg_feedback_auto_created_sclk_s_1_r_bk1.clkout
net (fo=52)                             0.224          3.149          net: u_pll/u_output/bufg_feedback_auto_created_sclk_s_1_r_bk1_sclk_outnet,  NOFILE(0)
                                                                      pin: release_sync_reg[2]_syn_6.clk
launch edge                             0.000    r     3.149               
--------------------------------------------------------------------  ---------------
clk2q               x032y044z5          0.062    f     3.211          pin: release_sync_reg[2]_syn_6.oqa
net (fo=60)                             0.132          3.343          net: release_sync[2]_dup_432,  ../../../diagnostics/hdmi_positive/avi_fhd30_top.v(8)
                                                                      pin: u_packet/packet_r_reg[3]_syn_2.asr
reg                 x035y045z4          0.000    f     3.343               
--------------------------------------------------------------------  ---------------
Arrival                                                3.343               

source latency                          0.000          0.000               
port                C4                  0.000          0.000          pin: I_sys_clk
hierarchy                               0.000          0.000          pin: I_sys_clk_syn_2.ipad
HDIO                x033y078            0.915          0.915          pin: I_sys_clk_syn_2.sg09_di
HDIO                x033y078            0.290          1.205          pin: I_sys_clk_syn_2.di
net (fo=1)          x043y079            0.043          1.248          net: I_sys_clk_dup_1,  ../../../diagnostics/hdmi_positive/avi_fhd30_top.v(3)
                                                                      pin: u_pll/u_ref/ph1p_phy_pll_wrapper_25a56e5ce2f9_Inst/u_PH1P_PHY_PLL.refclk
PLL                 x043y079            0.435          1.683          pin: u_pll/u_ref/ph1p_phy_pll_wrapper_25a56e5ce2f9_Inst/u_PH1P_PHY_PLL.clkc[0]
net (fo=1)                              0.339          2.022          net: u_pll/u_ref/clk0_buf,  ../../../user_source/hdl_source/native_hdmi_pll.v(32)
                                                                      pin: u_pll/u_ref/bufg_feedback.clkin[0]
GCLK                x023y039z16         0.007          2.029          pin: u_pll/u_ref/bufg_feedback.clkout
net (fo=1)                              0.148          2.177          net: u_pll/u_output/ph1p_phy_pll_wrapper_25a56e5ce2f9_Inst/refclk,  ../../../user_source/ip_source/PLL/RTL/ph1p_phy_pll_wrapper_25a56e5ce2f9.v(119)
                                                                      pin: u_pll/u_ref/bufg_feedback_auto_created_sclk_s_0_l_bk1.clkin
SCLK                x023y019z0          0.030          2.207          pin: u_pll/u_ref/bufg_feedback_auto_created_sclk_s_0_l_bk1.clkout
net (fo=1)          x000y039            0.131          2.338          net: u_pll/u_ref/bufg_feedback_auto_created_sclk_s_0_l_bk1_sclk_outnet,  NOFILE(0)
                                                                      pin: u_pll/u_output/ph1p_phy_pll_wrapper_25a56e5ce2f9_Inst/u_PH1P_PHY_PLL.refclk
PLL                 x000y039            0.435          2.773          pin: u_pll/u_output/ph1p_phy_pll_wrapper_25a56e5ce2f9_Inst/u_PH1P_PHY_PLL.clkc[0]
net (fo=1)                              0.337          3.110          net: u_pll/u_output/clk0_buf,  ../../../user_source/hdl_source/native_hdmi_pll.v(32)
                                                                      pin: u_pll/u_output/bufg_feedback.clkin[0]
GCLK                x023y039z0          0.007          3.117          pin: u_pll/u_output/bufg_feedback.clkout
net (fo=2)                              0.155          3.272          net: pixel,  ../../../diagnostics/hdmi_positive/avi_fhd30_top.v(5)
                                                                      pin: u_pll/u_output/bufg_feedback_auto_created_sclk_s_1_r_bk1.clkin
SCLK                x023y059z12         0.030          3.302          pin: u_pll/u_output/bufg_feedback_auto_created_sclk_s_1_r_bk1.clkout
net (fo=52)                             0.246          3.548          net: u_pll/u_output/bufg_feedback_auto_created_sclk_s_1_r_bk1_sclk_outnet,  NOFILE(0)
                                                                      pin: u_packet/packet_r_reg[3]_syn_2.clk
capture edge                            0.000    r     3.548               
--------------------------------------------------------------------  ---------------
removal                                 0.000          3.548               
clock uncertainty                       0.050          3.598               
clock pessimism                        -0.378          3.220               
--------------------------------------------------------------------  ---------------
Required                                               3.220               
--------------------------------------------------------------------  ---------------
Slack                                                  0.123               

Slack               : 0.123ns
Begin Point         : release_sync_reg[2]_syn_6.clk (rising edge triggered by clock u_pll/u_output/ph1p_phy_pll_wrapper_25a56e5ce2f9_Inst/u_PH1P_PHY_PLL.clkc[0]  { rise@0.000000ns  fall@6.734000ns  period=13.468000 })
End Point           : u_packet/packet_r_reg[2]_syn_2.asr (rising edge triggered by clock u_pll/u_output/ph1p_phy_pll_wrapper_25a56e5ce2f9_Inst/u_PH1P_PHY_PLL.clkc[0]  { rise@0.000000ns  fall@6.734000ns  period=13.468000 })
Check Type          : removal
Process             : fast_m40c
Budget              : 0.000ns { u_pll/u_output/ph1p_phy_pll_wrapper_25a56e5ce2f9_Inst/u_PH1P_PHY_PLL.clkc[0] rising@0.000ns - u_pll/u_output/ph1p_phy_pll_wrapper_25a56e5ce2f9_Inst/u_PH1P_PHY_PLL.clkc[0] rising@0.000ns }
Data Path Delay     : 0.194ns (cell 0.062ns (31%), net 0.132ns (69%))
Clock Skew          : 0.021ns
Logic Level         : 0
Max Fanout          : 60
Clock Uncertainty   : 0.050ns (sdc uncertainty: 0.000ns, default uncertainty: 0.050ns)

Delay Type          Location             Incr           Path   Level  Netlist Info
--------------------------------------------------------------------  ---------------
source latency                          0.000          0.000               
port                C4                  0.000          0.000          pin: I_sys_clk
hierarchy                               0.000          0.000          pin: I_sys_clk_syn_2.ipad
HDIO                x033y078            0.810          0.810          pin: I_sys_clk_syn_2.sg09_di
HDIO                x033y078            0.257          1.067          pin: I_sys_clk_syn_2.di
net (fo=1)          x043y079            0.040          1.107          net: I_sys_clk_dup_1,  ../../../diagnostics/hdmi_positive/avi_fhd30_top.v(3)
                                                                      pin: u_pll/u_ref/ph1p_phy_pll_wrapper_25a56e5ce2f9_Inst/u_PH1P_PHY_PLL.refclk
PLL                 x043y079            0.367          1.474          pin: u_pll/u_ref/ph1p_phy_pll_wrapper_25a56e5ce2f9_Inst/u_PH1P_PHY_PLL.clkc[0]
net (fo=1)                              0.312          1.786          net: u_pll/u_ref/clk0_buf,  ../../../user_source/hdl_source/native_hdmi_pll.v(32)
                                                                      pin: u_pll/u_ref/bufg_feedback.clkin[0]
GCLK                x023y039z16         0.006          1.792          pin: u_pll/u_ref/bufg_feedback.clkout
net (fo=1)                              0.136          1.928          net: u_pll/u_output/ph1p_phy_pll_wrapper_25a56e5ce2f9_Inst/refclk,  ../../../user_source/ip_source/PLL/RTL/ph1p_phy_pll_wrapper_25a56e5ce2f9.v(119)
                                                                      pin: u_pll/u_ref/bufg_feedback_auto_created_sclk_s_0_l_bk1.clkin
SCLK                x023y019z0          0.025          1.953          pin: u_pll/u_ref/bufg_feedback_auto_created_sclk_s_0_l_bk1.clkout
net (fo=1)          x000y039            0.121          2.074          net: u_pll/u_ref/bufg_feedback_auto_created_sclk_s_0_l_bk1_sclk_outnet,  NOFILE(0)
                                                                      pin: u_pll/u_output/ph1p_phy_pll_wrapper_25a56e5ce2f9_Inst/u_PH1P_PHY_PLL.refclk
PLL                 x000y039            0.367          2.441          pin: u_pll/u_output/ph1p_phy_pll_wrapper_25a56e5ce2f9_Inst/u_PH1P_PHY_PLL.clkc[0]
net (fo=1)                              0.310          2.751          net: u_pll/u_output/clk0_buf,  ../../../user_source/hdl_source/native_hdmi_pll.v(32)
                                                                      pin: u_pll/u_output/bufg_feedback.clkin[0]
GCLK                x023y039z0          0.006          2.757          pin: u_pll/u_output/bufg_feedback.clkout
net (fo=2)                              0.143          2.900          net: pixel,  ../../../diagnostics/hdmi_positive/avi_fhd30_top.v(5)
                                                                      pin: u_pll/u_output/bufg_feedback_auto_created_sclk_s_1_r_bk1.clkin
SCLK                x023y059z12         0.025          2.925          pin: u_pll/u_output/bufg_feedback_auto_created_sclk_s_1_r_bk1.clkout
net (fo=52)                             0.224          3.149          net: u_pll/u_output/bufg_feedback_auto_created_sclk_s_1_r_bk1_sclk_outnet,  NOFILE(0)
                                                                      pin: release_sync_reg[2]_syn_6.clk
launch edge                             0.000    r     3.149               
--------------------------------------------------------------------  ---------------
clk2q               x032y044z5          0.062    f     3.211          pin: release_sync_reg[2]_syn_6.oqa
net (fo=60)                             0.132          3.343          net: release_sync[2]_dup_432,  ../../../diagnostics/hdmi_positive/avi_fhd30_top.v(8)
                                                                      pin: u_packet/packet_r_reg[2]_syn_2.asr
reg                 x035y045z0          0.000    f     3.343               
--------------------------------------------------------------------  ---------------
Arrival                                                3.343               

source latency                          0.000          0.000               
port                C4                  0.000          0.000          pin: I_sys_clk
hierarchy                               0.000          0.000          pin: I_sys_clk_syn_2.ipad
HDIO                x033y078            0.915          0.915          pin: I_sys_clk_syn_2.sg09_di
HDIO                x033y078            0.290          1.205          pin: I_sys_clk_syn_2.di
net (fo=1)          x043y079            0.043          1.248          net: I_sys_clk_dup_1,  ../../../diagnostics/hdmi_positive/avi_fhd30_top.v(3)
                                                                      pin: u_pll/u_ref/ph1p_phy_pll_wrapper_25a56e5ce2f9_Inst/u_PH1P_PHY_PLL.refclk
PLL                 x043y079            0.435          1.683          pin: u_pll/u_ref/ph1p_phy_pll_wrapper_25a56e5ce2f9_Inst/u_PH1P_PHY_PLL.clkc[0]
net (fo=1)                              0.339          2.022          net: u_pll/u_ref/clk0_buf,  ../../../user_source/hdl_source/native_hdmi_pll.v(32)
                                                                      pin: u_pll/u_ref/bufg_feedback.clkin[0]
GCLK                x023y039z16         0.007          2.029          pin: u_pll/u_ref/bufg_feedback.clkout
net (fo=1)                              0.148          2.177          net: u_pll/u_output/ph1p_phy_pll_wrapper_25a56e5ce2f9_Inst/refclk,  ../../../user_source/ip_source/PLL/RTL/ph1p_phy_pll_wrapper_25a56e5ce2f9.v(119)
                                                                      pin: u_pll/u_ref/bufg_feedback_auto_created_sclk_s_0_l_bk1.clkin
SCLK                x023y019z0          0.030          2.207          pin: u_pll/u_ref/bufg_feedback_auto_created_sclk_s_0_l_bk1.clkout
net (fo=1)          x000y039            0.131          2.338          net: u_pll/u_ref/bufg_feedback_auto_created_sclk_s_0_l_bk1_sclk_outnet,  NOFILE(0)
                                                                      pin: u_pll/u_output/ph1p_phy_pll_wrapper_25a56e5ce2f9_Inst/u_PH1P_PHY_PLL.refclk
PLL                 x000y039            0.435          2.773          pin: u_pll/u_output/ph1p_phy_pll_wrapper_25a56e5ce2f9_Inst/u_PH1P_PHY_PLL.clkc[0]
net (fo=1)                              0.337          3.110          net: u_pll/u_output/clk0_buf,  ../../../user_source/hdl_source/native_hdmi_pll.v(32)
                                                                      pin: u_pll/u_output/bufg_feedback.clkin[0]
GCLK                x023y039z0          0.007          3.117          pin: u_pll/u_output/bufg_feedback.clkout
net (fo=2)                              0.155          3.272          net: pixel,  ../../../diagnostics/hdmi_positive/avi_fhd30_top.v(5)
                                                                      pin: u_pll/u_output/bufg_feedback_auto_created_sclk_s_1_r_bk1.clkin
SCLK                x023y059z12         0.030          3.302          pin: u_pll/u_output/bufg_feedback_auto_created_sclk_s_1_r_bk1.clkout
net (fo=52)                             0.246          3.548          net: u_pll/u_output/bufg_feedback_auto_created_sclk_s_1_r_bk1_sclk_outnet,  NOFILE(0)
                                                                      pin: u_packet/packet_r_reg[2]_syn_2.clk
capture edge                            0.000    r     3.548               
--------------------------------------------------------------------  ---------------
removal                                 0.000          3.548               
clock uncertainty                       0.050          3.598               
clock pessimism                        -0.378          3.220               
--------------------------------------------------------------------  ---------------
Required                                               3.220               
--------------------------------------------------------------------  ---------------
Slack                                                  0.123               


----------------------------------------------------------------------------------------------------
Path Group     :     u_pll/u_output/ph1p_phy_pll_wrapper_25a56e5ce2f9_Inst/u_PH1P_PHY_PLL.clkc[0] -> u_pll/u_output/ph1p_phy_pll_wrapper_25a56e5ce2f9_Inst/u_PH1P_PHY_PLL.clkc[1]
Type           :     Same Domain
From Clock     :     u_pll/u_output/ph1p_phy_pll_wrapper_25a56e5ce2f9_Inst/u_PH1P_PHY_PLL.clkc[0]
To Clock       :     u_pll/u_output/ph1p_phy_pll_wrapper_25a56e5ce2f9_Inst/u_PH1P_PHY_PLL.clkc[1]
Min Period     :     2.641ns
Fmax           :     378.644MHz

Statistics:
Max            : SWNS      0.052ns, STNS      0.000ns,         0 Viol Endpoints,        63 Total Endpoints,       123 Paths Analyzed
Min            : HWNS      0.022ns, HTNS      0.000ns,         0 Viol Endpoints,        63 Total Endpoints,       123 Paths Analyzed
----------------------------------------------------------------------------------------------------

Max Paths
----------------------------------------------------------------------------------------------------
Slack               : 0.052ns
Begin Point         : u_packet/packet_g_reg[0]_syn_2.clk (rising edge triggered by clock u_pll/u_output/ph1p_phy_pll_wrapper_25a56e5ce2f9_Inst/u_PH1P_PHY_PLL.clkc[0]  { rise@0.000000ns  fall@6.734000ns  period=13.468000 })
End Point           : u_phy/u1_lane_lvds_8_1/S_shift_data_reg[9]_syn_2.imf (rising edge triggered by clock u_pll/u_output/ph1p_phy_pll_wrapper_25a56e5ce2f9_Inst/u_PH1P_PHY_PLL.clkc[1]  { rise@0.000000ns  fall@1.346000ns  period=2.693000 })
Check Type          : setup
Process             : slow_m40c
Budget              : 2.693ns { u_pll/u_output/ph1p_phy_pll_wrapper_25a56e5ce2f9_Inst/u_PH1P_PHY_PLL.clkc[1] rising@2.693ns - u_pll/u_output/ph1p_phy_pll_wrapper_25a56e5ce2f9_Inst/u_PH1P_PHY_PLL.clkc[0] rising@0.000ns }
Data Path Delay     : 2.092ns (cell 0.343ns (16%), net 1.749ns (84%))
Clock Skew          : 0.382ns
Logic Level         : 1 ( LUT5=1 )
Max Fanout          : 3
Clock Uncertainty   : 0.103ns (sdc uncertainty: 0.000ns, default uncertainty: 0.103ns)

Delay Type          Location             Incr           Path   Level  Netlist Info
--------------------------------------------------------------------  ---------------
source latency                          0.000          0.000               
port                C4                  0.000          0.000          pin: I_sys_clk
hierarchy                               0.000          0.000          pin: I_sys_clk_syn_2.ipad
HDIO                x033y078            0.810          0.810          pin: I_sys_clk_syn_2.sg09_di
HDIO                x033y078            0.684          1.494          pin: I_sys_clk_syn_2.di
net (fo=1)          x043y079            0.115          1.609          net: I_sys_clk_dup_1,  ../../../diagnostics/hdmi_positive/avi_fhd30_top.v(3)
                                                                      pin: u_pll/u_ref/ph1p_phy_pll_wrapper_25a56e5ce2f9_Inst/u_PH1P_PHY_PLL.refclk
PLL                 x043y079            0.814          2.423          pin: u_pll/u_ref/ph1p_phy_pll_wrapper_25a56e5ce2f9_Inst/u_PH1P_PHY_PLL.clkc[0]
net (fo=1)                              0.830          3.253          net: u_pll/u_ref/clk0_buf,  ../../../user_source/hdl_source/native_hdmi_pll.v(32)
                                                                      pin: u_pll/u_ref/bufg_feedback.clkin[0]
GCLK                x023y039z16         0.016          3.269          pin: u_pll/u_ref/bufg_feedback.clkout
net (fo=1)                              0.375          3.644          net: u_pll/u_output/ph1p_phy_pll_wrapper_25a56e5ce2f9_Inst/refclk,  ../../../user_source/ip_source/PLL/RTL/ph1p_phy_pll_wrapper_25a56e5ce2f9.v(119)
                                                                      pin: u_pll/u_ref/bufg_feedback_auto_created_sclk_s_0_l_bk1.clkin
SCLK                x023y019z0          0.079          3.723          pin: u_pll/u_ref/bufg_feedback_auto_created_sclk_s_0_l_bk1.clkout
net (fo=1)          x000y039            0.299          4.022          net: u_pll/u_ref/bufg_feedback_auto_created_sclk_s_0_l_bk1_sclk_outnet,  NOFILE(0)
                                                                      pin: u_pll/u_output/ph1p_phy_pll_wrapper_25a56e5ce2f9_Inst/u_PH1P_PHY_PLL.refclk
PLL                 x000y039            0.814          4.836          pin: u_pll/u_output/ph1p_phy_pll_wrapper_25a56e5ce2f9_Inst/u_PH1P_PHY_PLL.clkc[0]
net (fo=1)                              0.815          5.651          net: u_pll/u_output/clk0_buf,  ../../../user_source/hdl_source/native_hdmi_pll.v(32)
                                                                      pin: u_pll/u_output/bufg_feedback.clkin[0]
GCLK                x023y039z0          0.016          5.667          pin: u_pll/u_output/bufg_feedback.clkout
net (fo=2)                              0.396          6.063          net: pixel,  ../../../diagnostics/hdmi_positive/avi_fhd30_top.v(5)
                                                                      pin: u_pll/u_output/bufg_feedback_auto_created_sclk_s_1_r_bk1.clkin
SCLK                x023y059z12         0.079          6.142          pin: u_pll/u_output/bufg_feedback_auto_created_sclk_s_1_r_bk1.clkout
net (fo=52)                             0.636          6.778          net: u_pll/u_output/bufg_feedback_auto_created_sclk_s_1_r_bk1_sclk_outnet,  NOFILE(0)
                                                                      pin: u_packet/packet_g_reg[0]_syn_2.clk
launch edge                             0.000    r     6.778               
--------------------------------------------------------------------  ---------------
clk2q               x035y043z5          0.126    f     6.904          pin: u_packet/packet_g_reg[0]_syn_2.oqa
net (fo=3)                              1.749          8.653          net: u_packet/packet_g[0],  ../../../diagnostics/hdmi_positive/hdmi_avi_insert.v(63)
                                                                      pin: u_phy/u1_lane_lvds_8_1/S_shift_data_reg[9]_syn_2.imf
LUT5 (reg)          x033y043z0          0.217    f     8.870       1  net: u_phy/u1_lane_lvds_8_1/S_shift_data[9],  ../../../user_source/hdl_source/lane_lvds_10_1.v(22)
--------------------------------------------------------------------  ---------------
Arrival                                                8.870               

source latency                          0.000          0.000               
port                C4                  0.000          0.000          pin: I_sys_clk
hierarchy                               0.000          0.000          pin: I_sys_clk_syn_2.ipad
HDIO                x033y078            0.745          0.745          pin: I_sys_clk_syn_2.sg09_di
HDIO                x033y078            0.629          1.374          pin: I_sys_clk_syn_2.di
net (fo=1)          x043y079            0.099          1.473          net: I_sys_clk_dup_1,  ../../../diagnostics/hdmi_positive/avi_fhd30_top.v(3)
                                                                      pin: u_pll/u_ref/ph1p_phy_pll_wrapper_25a56e5ce2f9_Inst/u_PH1P_PHY_PLL.refclk
PLL                 x043y079            0.703          2.176          pin: u_pll/u_ref/ph1p_phy_pll_wrapper_25a56e5ce2f9_Inst/u_PH1P_PHY_PLL.clkc[0]
net (fo=1)                              0.711          2.887          net: u_pll/u_ref/clk0_buf,  ../../../user_source/hdl_source/native_hdmi_pll.v(32)
                                                                      pin: u_pll/u_ref/bufg_feedback.clkin[0]
GCLK                x023y039z16         0.014          2.901          pin: u_pll/u_ref/bufg_feedback.clkout
net (fo=1)                              0.322          3.223          net: u_pll/u_output/ph1p_phy_pll_wrapper_25a56e5ce2f9_Inst/refclk,  ../../../user_source/ip_source/PLL/RTL/ph1p_phy_pll_wrapper_25a56e5ce2f9.v(119)
                                                                      pin: u_pll/u_ref/bufg_feedback_auto_created_sclk_s_0_l_bk1.clkin
SCLK                x023y019z0          0.068          3.291          pin: u_pll/u_ref/bufg_feedback_auto_created_sclk_s_0_l_bk1.clkout
net (fo=1)          x000y039            0.255          3.546          net: u_pll/u_ref/bufg_feedback_auto_created_sclk_s_0_l_bk1_sclk_outnet,  NOFILE(0)
                                                                      pin: u_pll/u_output/ph1p_phy_pll_wrapper_25a56e5ce2f9_Inst/u_PH1P_PHY_PLL.refclk
PLL                 x000y039            0.708          4.254          pin: u_pll/u_output/ph1p_phy_pll_wrapper_25a56e5ce2f9_Inst/u_PH1P_PHY_PLL.clkc[1]
net (fo=1)                              0.690          4.944          net: u_phy/u0_lane_lvds_8_1/I_serial_clk,  ../../../user_source/hdl_source/lane_lvds_10_1.v(8)
                                                                      pin: u_phy/u0_lane_lvds_8_1/I_serial_clk_created_gclkinst.clkin[0]
GCLK                x023y039z1          0.014          4.958          pin: u_phy/u0_lane_lvds_8_1/I_serial_clk_created_gclkinst.clkout
net (fo=1)                              0.339          5.297          net: u_phy/u0_lane_lvds_8_1/I_serial_clk_syn_1,  ../../../user_source/hdl_source/lane_lvds_10_1.v(8)
                                                                      pin: u_phy/u0_lane_lvds_8_1/I_serial_clk_created_gclkinst_auto_created_sclk_s_1_r_bk2.clkin
SCLK                x023y059z13         0.068          5.365          pin: u_phy/u0_lane_lvds_8_1/I_serial_clk_created_gclkinst_auto_created_sclk_s_1_r_bk2.clkout
net (fo=43)                             0.555          5.920          net: u_phy/u0_lane_lvds_8_1/I_serial_clk_created_gclkinst_auto_created_sclk_s_1_r_bk2_sclk_outnet,  NOFILE(0)
                                                                      pin: u_phy/u1_lane_lvds_8_1/S_shift_data_reg[9]_syn_2.clk
capture edge                            2.693    r     8.613               
--------------------------------------------------------------------  ---------------
setup                                  -0.064          8.549               
clock uncertainty                      -0.103          8.446               
clock pessimism                         0.476          8.922               
--------------------------------------------------------------------  ---------------
Required                                               8.922               
--------------------------------------------------------------------  ---------------
Slack                                                  0.052               

Slack               : 0.104ns
Begin Point         : u_packet/packet_b_reg[1]_syn_2.clk (rising edge triggered by clock u_pll/u_output/ph1p_phy_pll_wrapper_25a56e5ce2f9_Inst/u_PH1P_PHY_PLL.clkc[0]  { rise@0.000000ns  fall@6.734000ns  period=13.468000 })
End Point           : u_phy/u1_lane_lvds_8_1/S_shift_data_reg[8]_syn_2.imb (rising edge triggered by clock u_pll/u_output/ph1p_phy_pll_wrapper_25a56e5ce2f9_Inst/u_PH1P_PHY_PLL.clkc[1]  { rise@0.000000ns  fall@1.346000ns  period=2.693000 })
Check Type          : setup
Process             : slow_m40c
Budget              : 2.693ns { u_pll/u_output/ph1p_phy_pll_wrapper_25a56e5ce2f9_Inst/u_PH1P_PHY_PLL.clkc[1] rising@2.693ns - u_pll/u_output/ph1p_phy_pll_wrapper_25a56e5ce2f9_Inst/u_PH1P_PHY_PLL.clkc[0] rising@0.000ns }
Data Path Delay     : 2.041ns (cell 0.470ns (23%), net 1.571ns (77%))
Clock Skew          : 0.381ns
Logic Level         : 1 ( LUT5=1 )
Max Fanout          : 1
Clock Uncertainty   : 0.103ns (sdc uncertainty: 0.000ns, default uncertainty: 0.103ns)

Delay Type          Location             Incr           Path   Level  Netlist Info
--------------------------------------------------------------------  ---------------
source latency                          0.000          0.000               
port                C4                  0.000          0.000          pin: I_sys_clk
hierarchy                               0.000          0.000          pin: I_sys_clk_syn_2.ipad
HDIO                x033y078            0.810          0.810          pin: I_sys_clk_syn_2.sg09_di
HDIO                x033y078            0.684          1.494          pin: I_sys_clk_syn_2.di
net (fo=1)          x043y079            0.115          1.609          net: I_sys_clk_dup_1,  ../../../diagnostics/hdmi_positive/avi_fhd30_top.v(3)
                                                                      pin: u_pll/u_ref/ph1p_phy_pll_wrapper_25a56e5ce2f9_Inst/u_PH1P_PHY_PLL.refclk
PLL                 x043y079            0.814          2.423          pin: u_pll/u_ref/ph1p_phy_pll_wrapper_25a56e5ce2f9_Inst/u_PH1P_PHY_PLL.clkc[0]
net (fo=1)                              0.830          3.253          net: u_pll/u_ref/clk0_buf,  ../../../user_source/hdl_source/native_hdmi_pll.v(32)
                                                                      pin: u_pll/u_ref/bufg_feedback.clkin[0]
GCLK                x023y039z16         0.016          3.269          pin: u_pll/u_ref/bufg_feedback.clkout
net (fo=1)                              0.375          3.644          net: u_pll/u_output/ph1p_phy_pll_wrapper_25a56e5ce2f9_Inst/refclk,  ../../../user_source/ip_source/PLL/RTL/ph1p_phy_pll_wrapper_25a56e5ce2f9.v(119)
                                                                      pin: u_pll/u_ref/bufg_feedback_auto_created_sclk_s_0_l_bk1.clkin
SCLK                x023y019z0          0.079          3.723          pin: u_pll/u_ref/bufg_feedback_auto_created_sclk_s_0_l_bk1.clkout
net (fo=1)          x000y039            0.299          4.022          net: u_pll/u_ref/bufg_feedback_auto_created_sclk_s_0_l_bk1_sclk_outnet,  NOFILE(0)
                                                                      pin: u_pll/u_output/ph1p_phy_pll_wrapper_25a56e5ce2f9_Inst/u_PH1P_PHY_PLL.refclk
PLL                 x000y039            0.814          4.836          pin: u_pll/u_output/ph1p_phy_pll_wrapper_25a56e5ce2f9_Inst/u_PH1P_PHY_PLL.clkc[0]
net (fo=1)                              0.815          5.651          net: u_pll/u_output/clk0_buf,  ../../../user_source/hdl_source/native_hdmi_pll.v(32)
                                                                      pin: u_pll/u_output/bufg_feedback.clkin[0]
GCLK                x023y039z0          0.016          5.667          pin: u_pll/u_output/bufg_feedback.clkout
net (fo=2)                              0.396          6.063          net: pixel,  ../../../diagnostics/hdmi_positive/avi_fhd30_top.v(5)
                                                                      pin: u_pll/u_output/bufg_feedback_auto_created_sclk_s_1_r_bk1.clkin
SCLK                x023y059z12         0.079          6.142          pin: u_pll/u_output/bufg_feedback_auto_created_sclk_s_1_r_bk1.clkout
net (fo=52)                             0.636          6.778          net: u_pll/u_output/bufg_feedback_auto_created_sclk_s_1_r_bk1_sclk_outnet,  NOFILE(0)
                                                                      pin: u_packet/packet_b_reg[1]_syn_2.clk
launch edge                             0.000    r     6.778               
--------------------------------------------------------------------  ---------------
clk2q               x035y043z7          0.126    f     6.904          pin: u_packet/packet_b_reg[1]_syn_2.oqa
net (fo=1)                              0.395          7.299          net: u_packet/packet_b[1],  ../../../diagnostics/hdmi_positive/hdmi_avi_insert.v(63)
                                                                      pin: u_phy/u0_lane_lvds_8_1/S_shift_data_b[8]_syn_2.id
LUT5                x035y043z4          0.266    r     7.565       1  pin: u_phy/u0_lane_lvds_8_1/S_shift_data_b[8]_syn_2.ofb
net (fo=1)                              1.176          8.741          net: u_phy/u0_lane_lvds_8_1/S_shift_data_b[8],  NOFILE(0)
                                                                      pin: u_phy/u1_lane_lvds_8_1/S_shift_data_reg[8]_syn_2.imb
reg                 x035y043z1          0.078    r     8.819          net: u_phy/u0_lane_lvds_8_1/S_shift_data[8],  ../../../user_source/hdl_source/lane_lvds_10_1.v(22)
--------------------------------------------------------------------  ---------------
Arrival                                                8.819               

source latency                          0.000          0.000               
port                C4                  0.000          0.000          pin: I_sys_clk
hierarchy                               0.000          0.000          pin: I_sys_clk_syn_2.ipad
HDIO                x033y078            0.745          0.745          pin: I_sys_clk_syn_2.sg09_di
HDIO                x033y078            0.629          1.374          pin: I_sys_clk_syn_2.di
net (fo=1)          x043y079            0.099          1.473          net: I_sys_clk_dup_1,  ../../../diagnostics/hdmi_positive/avi_fhd30_top.v(3)
                                                                      pin: u_pll/u_ref/ph1p_phy_pll_wrapper_25a56e5ce2f9_Inst/u_PH1P_PHY_PLL.refclk
PLL                 x043y079            0.703          2.176          pin: u_pll/u_ref/ph1p_phy_pll_wrapper_25a56e5ce2f9_Inst/u_PH1P_PHY_PLL.clkc[0]
net (fo=1)                              0.711          2.887          net: u_pll/u_ref/clk0_buf,  ../../../user_source/hdl_source/native_hdmi_pll.v(32)
                                                                      pin: u_pll/u_ref/bufg_feedback.clkin[0]
GCLK                x023y039z16         0.014          2.901          pin: u_pll/u_ref/bufg_feedback.clkout
net (fo=1)                              0.322          3.223          net: u_pll/u_output/ph1p_phy_pll_wrapper_25a56e5ce2f9_Inst/refclk,  ../../../user_source/ip_source/PLL/RTL/ph1p_phy_pll_wrapper_25a56e5ce2f9.v(119)
                                                                      pin: u_pll/u_ref/bufg_feedback_auto_created_sclk_s_0_l_bk1.clkin
SCLK                x023y019z0          0.068          3.291          pin: u_pll/u_ref/bufg_feedback_auto_created_sclk_s_0_l_bk1.clkout
net (fo=1)          x000y039            0.255          3.546          net: u_pll/u_ref/bufg_feedback_auto_created_sclk_s_0_l_bk1_sclk_outnet,  NOFILE(0)
                                                                      pin: u_pll/u_output/ph1p_phy_pll_wrapper_25a56e5ce2f9_Inst/u_PH1P_PHY_PLL.refclk
PLL                 x000y039            0.708          4.254          pin: u_pll/u_output/ph1p_phy_pll_wrapper_25a56e5ce2f9_Inst/u_PH1P_PHY_PLL.clkc[1]
net (fo=1)                              0.690          4.944          net: u_phy/u0_lane_lvds_8_1/I_serial_clk,  ../../../user_source/hdl_source/lane_lvds_10_1.v(8)
                                                                      pin: u_phy/u0_lane_lvds_8_1/I_serial_clk_created_gclkinst.clkin[0]
GCLK                x023y039z1          0.014          4.958          pin: u_phy/u0_lane_lvds_8_1/I_serial_clk_created_gclkinst.clkout
net (fo=1)                              0.339          5.297          net: u_phy/u0_lane_lvds_8_1/I_serial_clk_syn_1,  ../../../user_source/hdl_source/lane_lvds_10_1.v(8)
                                                                      pin: u_phy/u0_lane_lvds_8_1/I_serial_clk_created_gclkinst_auto_created_sclk_s_1_r_bk2.clkin
SCLK                x023y059z13         0.068          5.365          pin: u_phy/u0_lane_lvds_8_1/I_serial_clk_created_gclkinst_auto_created_sclk_s_1_r_bk2.clkout
net (fo=43)                             0.556          5.921          net: u_phy/u0_lane_lvds_8_1/I_serial_clk_created_gclkinst_auto_created_sclk_s_1_r_bk2_sclk_outnet,  NOFILE(0)
                                                                      pin: u_phy/u1_lane_lvds_8_1/S_shift_data_reg[8]_syn_2.clk
capture edge                            2.693    r     8.614               
--------------------------------------------------------------------  ---------------
setup                                  -0.064          8.550               
clock uncertainty                      -0.103          8.447               
clock pessimism                         0.476          8.923               
--------------------------------------------------------------------  ---------------
Required                                               8.923               
--------------------------------------------------------------------  ---------------
Slack                                                  0.104               

Slack               : 0.154ns
Begin Point         : u_red/symbol_reg[0]_syn_2.clk (rising edge triggered by clock u_pll/u_output/ph1p_phy_pll_wrapper_25a56e5ce2f9_Inst/u_PH1P_PHY_PLL.clkc[0]  { rise@0.000000ns  fall@6.734000ns  period=13.468000 })
End Point           : u_phy/u0_lane_lvds_8_1/S_shift_data_reg[9]_syn_2.ia (rising edge triggered by clock u_pll/u_output/ph1p_phy_pll_wrapper_25a56e5ce2f9_Inst/u_PH1P_PHY_PLL.clkc[1]  { rise@0.000000ns  fall@1.346000ns  period=2.693000 })
Check Type          : setup
Process             : slow_m40c
Budget              : 2.693ns { u_pll/u_output/ph1p_phy_pll_wrapper_25a56e5ce2f9_Inst/u_PH1P_PHY_PLL.clkc[1] rising@2.693ns - u_pll/u_output/ph1p_phy_pll_wrapper_25a56e5ce2f9_Inst/u_PH1P_PHY_PLL.clkc[0] rising@0.000ns }
Data Path Delay     : 1.991ns (cell 0.572ns (28%), net 1.419ns (72%))
Clock Skew          : 0.381ns
Logic Level         : 1 ( LUT5=1 )
Max Fanout          : 5
Clock Uncertainty   : 0.103ns (sdc uncertainty: 0.000ns, default uncertainty: 0.103ns)

Delay Type          Location             Incr           Path   Level  Netlist Info
--------------------------------------------------------------------  ---------------
source latency                          0.000          0.000               
port                C4                  0.000          0.000          pin: I_sys_clk
hierarchy                               0.000          0.000          pin: I_sys_clk_syn_2.ipad
HDIO                x033y078            0.810          0.810          pin: I_sys_clk_syn_2.sg09_di
HDIO                x033y078            0.684          1.494          pin: I_sys_clk_syn_2.di
net (fo=1)          x043y079            0.115          1.609          net: I_sys_clk_dup_1,  ../../../diagnostics/hdmi_positive/avi_fhd30_top.v(3)
                                                                      pin: u_pll/u_ref/ph1p_phy_pll_wrapper_25a56e5ce2f9_Inst/u_PH1P_PHY_PLL.refclk
PLL                 x043y079            0.814          2.423          pin: u_pll/u_ref/ph1p_phy_pll_wrapper_25a56e5ce2f9_Inst/u_PH1P_PHY_PLL.clkc[0]
net (fo=1)                              0.830          3.253          net: u_pll/u_ref/clk0_buf,  ../../../user_source/hdl_source/native_hdmi_pll.v(32)
                                                                      pin: u_pll/u_ref/bufg_feedback.clkin[0]
GCLK                x023y039z16         0.016          3.269          pin: u_pll/u_ref/bufg_feedback.clkout
net (fo=1)                              0.375          3.644          net: u_pll/u_output/ph1p_phy_pll_wrapper_25a56e5ce2f9_Inst/refclk,  ../../../user_source/ip_source/PLL/RTL/ph1p_phy_pll_wrapper_25a56e5ce2f9.v(119)
                                                                      pin: u_pll/u_ref/bufg_feedback_auto_created_sclk_s_0_l_bk1.clkin
SCLK                x023y019z0          0.079          3.723          pin: u_pll/u_ref/bufg_feedback_auto_created_sclk_s_0_l_bk1.clkout
net (fo=1)          x000y039            0.299          4.022          net: u_pll/u_ref/bufg_feedback_auto_created_sclk_s_0_l_bk1_sclk_outnet,  NOFILE(0)
                                                                      pin: u_pll/u_output/ph1p_phy_pll_wrapper_25a56e5ce2f9_Inst/u_PH1P_PHY_PLL.refclk
PLL                 x000y039            0.814          4.836          pin: u_pll/u_output/ph1p_phy_pll_wrapper_25a56e5ce2f9_Inst/u_PH1P_PHY_PLL.clkc[0]
net (fo=1)                              0.815          5.651          net: u_pll/u_output/clk0_buf,  ../../../user_source/hdl_source/native_hdmi_pll.v(32)
                                                                      pin: u_pll/u_output/bufg_feedback.clkin[0]
GCLK                x023y039z0          0.016          5.667          pin: u_pll/u_output/bufg_feedback.clkout
net (fo=2)                              0.396          6.063          net: pixel,  ../../../diagnostics/hdmi_positive/avi_fhd30_top.v(5)
                                                                      pin: u_pll/u_output/bufg_feedback_auto_created_sclk_s_1_r_bk1.clkin
SCLK                x023y059z12         0.079          6.142          pin: u_pll/u_output/bufg_feedback_auto_created_sclk_s_1_r_bk1.clkout
net (fo=52)                             0.636          6.778          net: u_pll/u_output/bufg_feedback_auto_created_sclk_s_1_r_bk1_sclk_outnet,  NOFILE(0)
                                                                      pin: u_red/symbol_reg[0]_syn_2.clk
launch edge                             0.000    r     6.778               
--------------------------------------------------------------------  ---------------
clk2q               x034y043z1          0.137    r     6.915          pin: u_red/symbol_reg[0]_syn_2.oqb
net (fo=5)                              1.419          8.334          net: u_packet/video_b[0],  ../../../diagnostics/hdmi_positive/hdmi_avi_insert.v(7)
                                                                      pin: u_phy/u0_lane_lvds_8_1/S_shift_data_reg[9]_syn_2.ia
LUT5 (reg)          x034y043z7          0.435    r     8.769       1  net: u_phy/u0_lane_lvds_8_1/S_shift_data[9],  ../../../user_source/hdl_source/lane_lvds_10_1.v(22)
--------------------------------------------------------------------  ---------------
Arrival                                                8.769               

source latency                          0.000          0.000               
port                C4                  0.000          0.000          pin: I_sys_clk
hierarchy                               0.000          0.000          pin: I_sys_clk_syn_2.ipad
HDIO                x033y078            0.745          0.745          pin: I_sys_clk_syn_2.sg09_di
HDIO                x033y078            0.629          1.374          pin: I_sys_clk_syn_2.di
net (fo=1)          x043y079            0.099          1.473          net: I_sys_clk_dup_1,  ../../../diagnostics/hdmi_positive/avi_fhd30_top.v(3)
                                                                      pin: u_pll/u_ref/ph1p_phy_pll_wrapper_25a56e5ce2f9_Inst/u_PH1P_PHY_PLL.refclk
PLL                 x043y079            0.703          2.176          pin: u_pll/u_ref/ph1p_phy_pll_wrapper_25a56e5ce2f9_Inst/u_PH1P_PHY_PLL.clkc[0]
net (fo=1)                              0.711          2.887          net: u_pll/u_ref/clk0_buf,  ../../../user_source/hdl_source/native_hdmi_pll.v(32)
                                                                      pin: u_pll/u_ref/bufg_feedback.clkin[0]
GCLK                x023y039z16         0.014          2.901          pin: u_pll/u_ref/bufg_feedback.clkout
net (fo=1)                              0.322          3.223          net: u_pll/u_output/ph1p_phy_pll_wrapper_25a56e5ce2f9_Inst/refclk,  ../../../user_source/ip_source/PLL/RTL/ph1p_phy_pll_wrapper_25a56e5ce2f9.v(119)
                                                                      pin: u_pll/u_ref/bufg_feedback_auto_created_sclk_s_0_l_bk1.clkin
SCLK                x023y019z0          0.068          3.291          pin: u_pll/u_ref/bufg_feedback_auto_created_sclk_s_0_l_bk1.clkout
net (fo=1)          x000y039            0.255          3.546          net: u_pll/u_ref/bufg_feedback_auto_created_sclk_s_0_l_bk1_sclk_outnet,  NOFILE(0)
                                                                      pin: u_pll/u_output/ph1p_phy_pll_wrapper_25a56e5ce2f9_Inst/u_PH1P_PHY_PLL.refclk
PLL                 x000y039            0.708          4.254          pin: u_pll/u_output/ph1p_phy_pll_wrapper_25a56e5ce2f9_Inst/u_PH1P_PHY_PLL.clkc[1]
net (fo=1)                              0.690          4.944          net: u_phy/u0_lane_lvds_8_1/I_serial_clk,  ../../../user_source/hdl_source/lane_lvds_10_1.v(8)
                                                                      pin: u_phy/u0_lane_lvds_8_1/I_serial_clk_created_gclkinst.clkin[0]
GCLK                x023y039z1          0.014          4.958          pin: u_phy/u0_lane_lvds_8_1/I_serial_clk_created_gclkinst.clkout
net (fo=1)                              0.339          5.297          net: u_phy/u0_lane_lvds_8_1/I_serial_clk_syn_1,  ../../../user_source/hdl_source/lane_lvds_10_1.v(8)
                                                                      pin: u_phy/u0_lane_lvds_8_1/I_serial_clk_created_gclkinst_auto_created_sclk_s_1_r_bk2.clkin
SCLK                x023y059z13         0.068          5.365          pin: u_phy/u0_lane_lvds_8_1/I_serial_clk_created_gclkinst_auto_created_sclk_s_1_r_bk2.clkout
net (fo=43)                             0.556          5.921          net: u_phy/u0_lane_lvds_8_1/I_serial_clk_created_gclkinst_auto_created_sclk_s_1_r_bk2_sclk_outnet,  NOFILE(0)
                                                                      pin: u_phy/u0_lane_lvds_8_1/S_shift_data_reg[9]_syn_2.clk
capture edge                            2.693    r     8.614               
--------------------------------------------------------------------  ---------------
setup                                  -0.064          8.550               
clock uncertainty                      -0.103          8.447               
clock pessimism                         0.476          8.923               
--------------------------------------------------------------------  ---------------
Required                                               8.923               
--------------------------------------------------------------------  ---------------
Slack                                                  0.154               

Slack               : 0.258ns
Begin Point         : u_packet/override_r_reg_syn_3.clk (rising edge triggered by clock u_pll/u_output/ph1p_phy_pll_wrapper_25a56e5ce2f9_Inst/u_PH1P_PHY_PLL.clkc[0]  { rise@0.000000ns  fall@6.734000ns  period=13.468000 })
End Point           : u_phy/u1_lane_lvds_8_1/S_shift_data_reg[0]_syn_2.id (rising edge triggered by clock u_pll/u_output/ph1p_phy_pll_wrapper_25a56e5ce2f9_Inst/u_PH1P_PHY_PLL.clkc[1]  { rise@0.000000ns  fall@1.346000ns  period=2.693000 })
Check Type          : setup
Process             : slow_m40c
Budget              : 2.693ns { u_pll/u_output/ph1p_phy_pll_wrapper_25a56e5ce2f9_Inst/u_PH1P_PHY_PLL.clkc[1] rising@2.693ns - u_pll/u_output/ph1p_phy_pll_wrapper_25a56e5ce2f9_Inst/u_PH1P_PHY_PLL.clkc[0] rising@0.000ns }
Data Path Delay     : 1.887ns (cell 0.337ns (17%), net 1.550ns (83%))
Clock Skew          : 0.381ns
Logic Level         : 1 ( LUT4=1 )
Max Fanout          : 30
Clock Uncertainty   : 0.103ns (sdc uncertainty: 0.000ns, default uncertainty: 0.103ns)

Delay Type          Location             Incr           Path   Level  Netlist Info
--------------------------------------------------------------------  ---------------
source latency                          0.000          0.000               
port                C4                  0.000          0.000          pin: I_sys_clk
hierarchy                               0.000          0.000          pin: I_sys_clk_syn_2.ipad
HDIO                x033y078            0.810          0.810          pin: I_sys_clk_syn_2.sg09_di
HDIO                x033y078            0.684          1.494          pin: I_sys_clk_syn_2.di
net (fo=1)          x043y079            0.115          1.609          net: I_sys_clk_dup_1,  ../../../diagnostics/hdmi_positive/avi_fhd30_top.v(3)
                                                                      pin: u_pll/u_ref/ph1p_phy_pll_wrapper_25a56e5ce2f9_Inst/u_PH1P_PHY_PLL.refclk
PLL                 x043y079            0.814          2.423          pin: u_pll/u_ref/ph1p_phy_pll_wrapper_25a56e5ce2f9_Inst/u_PH1P_PHY_PLL.clkc[0]
net (fo=1)                              0.830          3.253          net: u_pll/u_ref/clk0_buf,  ../../../user_source/hdl_source/native_hdmi_pll.v(32)
                                                                      pin: u_pll/u_ref/bufg_feedback.clkin[0]
GCLK                x023y039z16         0.016          3.269          pin: u_pll/u_ref/bufg_feedback.clkout
net (fo=1)                              0.375          3.644          net: u_pll/u_output/ph1p_phy_pll_wrapper_25a56e5ce2f9_Inst/refclk,  ../../../user_source/ip_source/PLL/RTL/ph1p_phy_pll_wrapper_25a56e5ce2f9.v(119)
                                                                      pin: u_pll/u_ref/bufg_feedback_auto_created_sclk_s_0_l_bk1.clkin
SCLK                x023y019z0          0.079          3.723          pin: u_pll/u_ref/bufg_feedback_auto_created_sclk_s_0_l_bk1.clkout
net (fo=1)          x000y039            0.299          4.022          net: u_pll/u_ref/bufg_feedback_auto_created_sclk_s_0_l_bk1_sclk_outnet,  NOFILE(0)
                                                                      pin: u_pll/u_output/ph1p_phy_pll_wrapper_25a56e5ce2f9_Inst/u_PH1P_PHY_PLL.refclk
PLL                 x000y039            0.814          4.836          pin: u_pll/u_output/ph1p_phy_pll_wrapper_25a56e5ce2f9_Inst/u_PH1P_PHY_PLL.clkc[0]
net (fo=1)                              0.815          5.651          net: u_pll/u_output/clk0_buf,  ../../../user_source/hdl_source/native_hdmi_pll.v(32)
                                                                      pin: u_pll/u_output/bufg_feedback.clkin[0]
GCLK                x023y039z0          0.016          5.667          pin: u_pll/u_output/bufg_feedback.clkout
net (fo=2)                              0.396          6.063          net: pixel,  ../../../diagnostics/hdmi_positive/avi_fhd30_top.v(5)
                                                                      pin: u_pll/u_output/bufg_feedback_auto_created_sclk_s_1_r_bk1.clkin
SCLK                x023y059z12         0.079          6.142          pin: u_pll/u_output/bufg_feedback_auto_created_sclk_s_1_r_bk1.clkout
net (fo=52)                             0.636          6.778          net: u_pll/u_output/bufg_feedback_auto_created_sclk_s_1_r_bk1_sclk_outnet,  NOFILE(0)
                                                                      pin: u_packet/override_r_reg_syn_3.clk
launch edge                             0.000    r     6.778               
--------------------------------------------------------------------  ---------------
clk2q               x035y042z2          0.126    f     6.904          pin: u_packet/override_r_reg_syn_3.oqa
net (fo=30)                             1.550          8.454          net: u_packet/override_r,  ../../../diagnostics/hdmi_positive/hdmi_avi_insert.v(62)
                                                                      pin: u_phy/u1_lane_lvds_8_1/S_shift_data_reg[0]_syn_2.id
LUT4 (reg)          x035y042z7          0.211    f     8.665       1  net: u_phy/u1_lane_lvds_8_1/S_shift_data[0],  ../../../user_source/hdl_source/lane_lvds_10_1.v(22)
--------------------------------------------------------------------  ---------------
Arrival                                                8.665               

source latency                          0.000          0.000               
port                C4                  0.000          0.000          pin: I_sys_clk
hierarchy                               0.000          0.000          pin: I_sys_clk_syn_2.ipad
HDIO                x033y078            0.745          0.745          pin: I_sys_clk_syn_2.sg09_di
HDIO                x033y078            0.629          1.374          pin: I_sys_clk_syn_2.di
net (fo=1)          x043y079            0.099          1.473          net: I_sys_clk_dup_1,  ../../../diagnostics/hdmi_positive/avi_fhd30_top.v(3)
                                                                      pin: u_pll/u_ref/ph1p_phy_pll_wrapper_25a56e5ce2f9_Inst/u_PH1P_PHY_PLL.refclk
PLL                 x043y079            0.703          2.176          pin: u_pll/u_ref/ph1p_phy_pll_wrapper_25a56e5ce2f9_Inst/u_PH1P_PHY_PLL.clkc[0]
net (fo=1)                              0.711          2.887          net: u_pll/u_ref/clk0_buf,  ../../../user_source/hdl_source/native_hdmi_pll.v(32)
                                                                      pin: u_pll/u_ref/bufg_feedback.clkin[0]
GCLK                x023y039z16         0.014          2.901          pin: u_pll/u_ref/bufg_feedback.clkout
net (fo=1)                              0.322          3.223          net: u_pll/u_output/ph1p_phy_pll_wrapper_25a56e5ce2f9_Inst/refclk,  ../../../user_source/ip_source/PLL/RTL/ph1p_phy_pll_wrapper_25a56e5ce2f9.v(119)
                                                                      pin: u_pll/u_ref/bufg_feedback_auto_created_sclk_s_0_l_bk1.clkin
SCLK                x023y019z0          0.068          3.291          pin: u_pll/u_ref/bufg_feedback_auto_created_sclk_s_0_l_bk1.clkout
net (fo=1)          x000y039            0.255          3.546          net: u_pll/u_ref/bufg_feedback_auto_created_sclk_s_0_l_bk1_sclk_outnet,  NOFILE(0)
                                                                      pin: u_pll/u_output/ph1p_phy_pll_wrapper_25a56e5ce2f9_Inst/u_PH1P_PHY_PLL.refclk
PLL                 x000y039            0.708          4.254          pin: u_pll/u_output/ph1p_phy_pll_wrapper_25a56e5ce2f9_Inst/u_PH1P_PHY_PLL.clkc[1]
net (fo=1)                              0.690          4.944          net: u_phy/u0_lane_lvds_8_1/I_serial_clk,  ../../../user_source/hdl_source/lane_lvds_10_1.v(8)
                                                                      pin: u_phy/u0_lane_lvds_8_1/I_serial_clk_created_gclkinst.clkin[0]
GCLK                x023y039z1          0.014          4.958          pin: u_phy/u0_lane_lvds_8_1/I_serial_clk_created_gclkinst.clkout
net (fo=1)                              0.339          5.297          net: u_phy/u0_lane_lvds_8_1/I_serial_clk_syn_1,  ../../../user_source/hdl_source/lane_lvds_10_1.v(8)
                                                                      pin: u_phy/u0_lane_lvds_8_1/I_serial_clk_created_gclkinst_auto_created_sclk_s_1_r_bk2.clkin
SCLK                x023y059z13         0.068          5.365          pin: u_phy/u0_lane_lvds_8_1/I_serial_clk_created_gclkinst_auto_created_sclk_s_1_r_bk2.clkout
net (fo=43)                             0.556          5.921          net: u_phy/u0_lane_lvds_8_1/I_serial_clk_created_gclkinst_auto_created_sclk_s_1_r_bk2_sclk_outnet,  NOFILE(0)
                                                                      pin: u_phy/u1_lane_lvds_8_1/S_shift_data_reg[0]_syn_2.clk
capture edge                            2.693    r     8.614               
--------------------------------------------------------------------  ---------------
setup                                  -0.064          8.550               
clock uncertainty                      -0.103          8.447               
clock pessimism                         0.476          8.923               
--------------------------------------------------------------------  ---------------
Required                                               8.923               
--------------------------------------------------------------------  ---------------
Slack                                                  0.258               

Slack               : 0.261ns
Begin Point         : u_packet/packet_g_reg[0]_syn_2.clk (rising edge triggered by clock u_pll/u_output/ph1p_phy_pll_wrapper_25a56e5ce2f9_Inst/u_PH1P_PHY_PLL.clkc[0]  { rise@0.000000ns  fall@6.734000ns  period=13.468000 })
End Point           : u_phy/u1_lane_lvds_8_1/S_shift_data_reg[8]_syn_2.imf (rising edge triggered by clock u_pll/u_output/ph1p_phy_pll_wrapper_25a56e5ce2f9_Inst/u_PH1P_PHY_PLL.clkc[1]  { rise@0.000000ns  fall@1.346000ns  period=2.693000 })
Check Type          : setup
Process             : slow_m40c
Budget              : 2.693ns { u_pll/u_output/ph1p_phy_pll_wrapper_25a56e5ce2f9_Inst/u_PH1P_PHY_PLL.clkc[1] rising@2.693ns - u_pll/u_output/ph1p_phy_pll_wrapper_25a56e5ce2f9_Inst/u_PH1P_PHY_PLL.clkc[0] rising@0.000ns }
Data Path Delay     : 1.884ns (cell 0.343ns (18%), net 1.541ns (82%))
Clock Skew          : 0.381ns
Logic Level         : 1 ( LUT5=1 )
Max Fanout          : 3
Clock Uncertainty   : 0.103ns (sdc uncertainty: 0.000ns, default uncertainty: 0.103ns)

Delay Type          Location             Incr           Path   Level  Netlist Info
--------------------------------------------------------------------  ---------------
source latency                          0.000          0.000               
port                C4                  0.000          0.000          pin: I_sys_clk
hierarchy                               0.000          0.000          pin: I_sys_clk_syn_2.ipad
HDIO                x033y078            0.810          0.810          pin: I_sys_clk_syn_2.sg09_di
HDIO                x033y078            0.684          1.494          pin: I_sys_clk_syn_2.di
net (fo=1)          x043y079            0.115          1.609          net: I_sys_clk_dup_1,  ../../../diagnostics/hdmi_positive/avi_fhd30_top.v(3)
                                                                      pin: u_pll/u_ref/ph1p_phy_pll_wrapper_25a56e5ce2f9_Inst/u_PH1P_PHY_PLL.refclk
PLL                 x043y079            0.814          2.423          pin: u_pll/u_ref/ph1p_phy_pll_wrapper_25a56e5ce2f9_Inst/u_PH1P_PHY_PLL.clkc[0]
net (fo=1)                              0.830          3.253          net: u_pll/u_ref/clk0_buf,  ../../../user_source/hdl_source/native_hdmi_pll.v(32)
                                                                      pin: u_pll/u_ref/bufg_feedback.clkin[0]
GCLK                x023y039z16         0.016          3.269          pin: u_pll/u_ref/bufg_feedback.clkout
net (fo=1)                              0.375          3.644          net: u_pll/u_output/ph1p_phy_pll_wrapper_25a56e5ce2f9_Inst/refclk,  ../../../user_source/ip_source/PLL/RTL/ph1p_phy_pll_wrapper_25a56e5ce2f9.v(119)
                                                                      pin: u_pll/u_ref/bufg_feedback_auto_created_sclk_s_0_l_bk1.clkin
SCLK                x023y019z0          0.079          3.723          pin: u_pll/u_ref/bufg_feedback_auto_created_sclk_s_0_l_bk1.clkout
net (fo=1)          x000y039            0.299          4.022          net: u_pll/u_ref/bufg_feedback_auto_created_sclk_s_0_l_bk1_sclk_outnet,  NOFILE(0)
                                                                      pin: u_pll/u_output/ph1p_phy_pll_wrapper_25a56e5ce2f9_Inst/u_PH1P_PHY_PLL.refclk
PLL                 x000y039            0.814          4.836          pin: u_pll/u_output/ph1p_phy_pll_wrapper_25a56e5ce2f9_Inst/u_PH1P_PHY_PLL.clkc[0]
net (fo=1)                              0.815          5.651          net: u_pll/u_output/clk0_buf,  ../../../user_source/hdl_source/native_hdmi_pll.v(32)
                                                                      pin: u_pll/u_output/bufg_feedback.clkin[0]
GCLK                x023y039z0          0.016          5.667          pin: u_pll/u_output/bufg_feedback.clkout
net (fo=2)                              0.396          6.063          net: pixel,  ../../../diagnostics/hdmi_positive/avi_fhd30_top.v(5)
                                                                      pin: u_pll/u_output/bufg_feedback_auto_created_sclk_s_1_r_bk1.clkin
SCLK                x023y059z12         0.079          6.142          pin: u_pll/u_output/bufg_feedback_auto_created_sclk_s_1_r_bk1.clkout
net (fo=52)                             0.636          6.778          net: u_pll/u_output/bufg_feedback_auto_created_sclk_s_1_r_bk1_sclk_outnet,  NOFILE(0)
                                                                      pin: u_packet/packet_g_reg[0]_syn_2.clk
launch edge                             0.000    r     6.778               
--------------------------------------------------------------------  ---------------
clk2q               x035y043z5          0.126    f     6.904          pin: u_packet/packet_g_reg[0]_syn_2.oqa
net (fo=3)                              1.541          8.445          net: u_packet/packet_g[0],  ../../../diagnostics/hdmi_positive/hdmi_avi_insert.v(63)
                                                                      pin: u_phy/u1_lane_lvds_8_1/S_shift_data_reg[8]_syn_2.imf
LUT5 (reg)          x035y043z1          0.217    f     8.662       1  net: u_phy/u1_lane_lvds_8_1/S_shift_data[8],  ../../../user_source/hdl_source/lane_lvds_10_1.v(22)
--------------------------------------------------------------------  ---------------
Arrival                                                8.662               

source latency                          0.000          0.000               
port                C4                  0.000          0.000          pin: I_sys_clk
hierarchy                               0.000          0.000          pin: I_sys_clk_syn_2.ipad
HDIO                x033y078            0.745          0.745          pin: I_sys_clk_syn_2.sg09_di
HDIO                x033y078            0.629          1.374          pin: I_sys_clk_syn_2.di
net (fo=1)          x043y079            0.099          1.473          net: I_sys_clk_dup_1,  ../../../diagnostics/hdmi_positive/avi_fhd30_top.v(3)
                                                                      pin: u_pll/u_ref/ph1p_phy_pll_wrapper_25a56e5ce2f9_Inst/u_PH1P_PHY_PLL.refclk
PLL                 x043y079            0.703          2.176          pin: u_pll/u_ref/ph1p_phy_pll_wrapper_25a56e5ce2f9_Inst/u_PH1P_PHY_PLL.clkc[0]
net (fo=1)                              0.711          2.887          net: u_pll/u_ref/clk0_buf,  ../../../user_source/hdl_source/native_hdmi_pll.v(32)
                                                                      pin: u_pll/u_ref/bufg_feedback.clkin[0]
GCLK                x023y039z16         0.014          2.901          pin: u_pll/u_ref/bufg_feedback.clkout
net (fo=1)                              0.322          3.223          net: u_pll/u_output/ph1p_phy_pll_wrapper_25a56e5ce2f9_Inst/refclk,  ../../../user_source/ip_source/PLL/RTL/ph1p_phy_pll_wrapper_25a56e5ce2f9.v(119)
                                                                      pin: u_pll/u_ref/bufg_feedback_auto_created_sclk_s_0_l_bk1.clkin
SCLK                x023y019z0          0.068          3.291          pin: u_pll/u_ref/bufg_feedback_auto_created_sclk_s_0_l_bk1.clkout
net (fo=1)          x000y039            0.255          3.546          net: u_pll/u_ref/bufg_feedback_auto_created_sclk_s_0_l_bk1_sclk_outnet,  NOFILE(0)
                                                                      pin: u_pll/u_output/ph1p_phy_pll_wrapper_25a56e5ce2f9_Inst/u_PH1P_PHY_PLL.refclk
PLL                 x000y039            0.708          4.254          pin: u_pll/u_output/ph1p_phy_pll_wrapper_25a56e5ce2f9_Inst/u_PH1P_PHY_PLL.clkc[1]
net (fo=1)                              0.690          4.944          net: u_phy/u0_lane_lvds_8_1/I_serial_clk,  ../../../user_source/hdl_source/lane_lvds_10_1.v(8)
                                                                      pin: u_phy/u0_lane_lvds_8_1/I_serial_clk_created_gclkinst.clkin[0]
GCLK                x023y039z1          0.014          4.958          pin: u_phy/u0_lane_lvds_8_1/I_serial_clk_created_gclkinst.clkout
net (fo=1)                              0.339          5.297          net: u_phy/u0_lane_lvds_8_1/I_serial_clk_syn_1,  ../../../user_source/hdl_source/lane_lvds_10_1.v(8)
                                                                      pin: u_phy/u0_lane_lvds_8_1/I_serial_clk_created_gclkinst_auto_created_sclk_s_1_r_bk2.clkin
SCLK                x023y059z13         0.068          5.365          pin: u_phy/u0_lane_lvds_8_1/I_serial_clk_created_gclkinst_auto_created_sclk_s_1_r_bk2.clkout
net (fo=43)                             0.556          5.921          net: u_phy/u0_lane_lvds_8_1/I_serial_clk_created_gclkinst_auto_created_sclk_s_1_r_bk2_sclk_outnet,  NOFILE(0)
                                                                      pin: u_phy/u1_lane_lvds_8_1/S_shift_data_reg[8]_syn_2.clk
capture edge                            2.693    r     8.614               
--------------------------------------------------------------------  ---------------
setup                                  -0.064          8.550               
clock uncertainty                      -0.103          8.447               
clock pessimism                         0.476          8.923               
--------------------------------------------------------------------  ---------------
Required                                               8.923               
--------------------------------------------------------------------  ---------------
Slack                                                  0.261               

Slack               : 0.345ns
Begin Point         : u_packet/packet_g_reg[0]_syn_2.clk (rising edge triggered by clock u_pll/u_output/ph1p_phy_pll_wrapper_25a56e5ce2f9_Inst/u_PH1P_PHY_PLL.clkc[0]  { rise@0.000000ns  fall@6.734000ns  period=13.468000 })
End Point           : u_phy/u1_lane_lvds_8_1/S_shift_data_reg[4]_syn_2.imf (rising edge triggered by clock u_pll/u_output/ph1p_phy_pll_wrapper_25a56e5ce2f9_Inst/u_PH1P_PHY_PLL.clkc[1]  { rise@0.000000ns  fall@1.346000ns  period=2.693000 })
Check Type          : setup
Process             : slow_m40c
Budget              : 2.693ns { u_pll/u_output/ph1p_phy_pll_wrapper_25a56e5ce2f9_Inst/u_PH1P_PHY_PLL.clkc[1] rising@2.693ns - u_pll/u_output/ph1p_phy_pll_wrapper_25a56e5ce2f9_Inst/u_PH1P_PHY_PLL.clkc[0] rising@0.000ns }
Data Path Delay     : 1.800ns (cell 0.343ns (19%), net 1.457ns (81%))
Clock Skew          : 0.381ns
Logic Level         : 1 ( LUT5=1 )
Max Fanout          : 3
Clock Uncertainty   : 0.103ns (sdc uncertainty: 0.000ns, default uncertainty: 0.103ns)

Delay Type          Location             Incr           Path   Level  Netlist Info
--------------------------------------------------------------------  ---------------
source latency                          0.000          0.000               
port                C4                  0.000          0.000          pin: I_sys_clk
hierarchy                               0.000          0.000          pin: I_sys_clk_syn_2.ipad
HDIO                x033y078            0.810          0.810          pin: I_sys_clk_syn_2.sg09_di
HDIO                x033y078            0.684          1.494          pin: I_sys_clk_syn_2.di
net (fo=1)          x043y079            0.115          1.609          net: I_sys_clk_dup_1,  ../../../diagnostics/hdmi_positive/avi_fhd30_top.v(3)
                                                                      pin: u_pll/u_ref/ph1p_phy_pll_wrapper_25a56e5ce2f9_Inst/u_PH1P_PHY_PLL.refclk
PLL                 x043y079            0.814          2.423          pin: u_pll/u_ref/ph1p_phy_pll_wrapper_25a56e5ce2f9_Inst/u_PH1P_PHY_PLL.clkc[0]
net (fo=1)                              0.830          3.253          net: u_pll/u_ref/clk0_buf,  ../../../user_source/hdl_source/native_hdmi_pll.v(32)
                                                                      pin: u_pll/u_ref/bufg_feedback.clkin[0]
GCLK                x023y039z16         0.016          3.269          pin: u_pll/u_ref/bufg_feedback.clkout
net (fo=1)                              0.375          3.644          net: u_pll/u_output/ph1p_phy_pll_wrapper_25a56e5ce2f9_Inst/refclk,  ../../../user_source/ip_source/PLL/RTL/ph1p_phy_pll_wrapper_25a56e5ce2f9.v(119)
                                                                      pin: u_pll/u_ref/bufg_feedback_auto_created_sclk_s_0_l_bk1.clkin
SCLK                x023y019z0          0.079          3.723          pin: u_pll/u_ref/bufg_feedback_auto_created_sclk_s_0_l_bk1.clkout
net (fo=1)          x000y039            0.299          4.022          net: u_pll/u_ref/bufg_feedback_auto_created_sclk_s_0_l_bk1_sclk_outnet,  NOFILE(0)
                                                                      pin: u_pll/u_output/ph1p_phy_pll_wrapper_25a56e5ce2f9_Inst/u_PH1P_PHY_PLL.refclk
PLL                 x000y039            0.814          4.836          pin: u_pll/u_output/ph1p_phy_pll_wrapper_25a56e5ce2f9_Inst/u_PH1P_PHY_PLL.clkc[0]
net (fo=1)                              0.815          5.651          net: u_pll/u_output/clk0_buf,  ../../../user_source/hdl_source/native_hdmi_pll.v(32)
                                                                      pin: u_pll/u_output/bufg_feedback.clkin[0]
GCLK                x023y039z0          0.016          5.667          pin: u_pll/u_output/bufg_feedback.clkout
net (fo=2)                              0.396          6.063          net: pixel,  ../../../diagnostics/hdmi_positive/avi_fhd30_top.v(5)
                                                                      pin: u_pll/u_output/bufg_feedback_auto_created_sclk_s_1_r_bk1.clkin
SCLK                x023y059z12         0.079          6.142          pin: u_pll/u_output/bufg_feedback_auto_created_sclk_s_1_r_bk1.clkout
net (fo=52)                             0.636          6.778          net: u_pll/u_output/bufg_feedback_auto_created_sclk_s_1_r_bk1_sclk_outnet,  NOFILE(0)
                                                                      pin: u_packet/packet_g_reg[0]_syn_2.clk
launch edge                             0.000    r     6.778               
--------------------------------------------------------------------  ---------------
clk2q               x035y043z5          0.126    f     6.904          pin: u_packet/packet_g_reg[0]_syn_2.oqa
net (fo=3)                              1.457          8.361          net: u_packet/packet_g[0],  ../../../diagnostics/hdmi_positive/hdmi_avi_insert.v(63)
                                                                      pin: u_phy/u1_lane_lvds_8_1/S_shift_data_reg[4]_syn_2.imf
LUT5 (reg)          x035y043z0          0.217    f     8.578       1  net: u_phy/u1_lane_lvds_8_1/S_shift_data[4],  ../../../user_source/hdl_source/lane_lvds_10_1.v(22)
--------------------------------------------------------------------  ---------------
Arrival                                                8.578               

source latency                          0.000          0.000               
port                C4                  0.000          0.000          pin: I_sys_clk
hierarchy                               0.000          0.000          pin: I_sys_clk_syn_2.ipad
HDIO                x033y078            0.745          0.745          pin: I_sys_clk_syn_2.sg09_di
HDIO                x033y078            0.629          1.374          pin: I_sys_clk_syn_2.di
net (fo=1)          x043y079            0.099          1.473          net: I_sys_clk_dup_1,  ../../../diagnostics/hdmi_positive/avi_fhd30_top.v(3)
                                                                      pin: u_pll/u_ref/ph1p_phy_pll_wrapper_25a56e5ce2f9_Inst/u_PH1P_PHY_PLL.refclk
PLL                 x043y079            0.703          2.176          pin: u_pll/u_ref/ph1p_phy_pll_wrapper_25a56e5ce2f9_Inst/u_PH1P_PHY_PLL.clkc[0]
net (fo=1)                              0.711          2.887          net: u_pll/u_ref/clk0_buf,  ../../../user_source/hdl_source/native_hdmi_pll.v(32)
                                                                      pin: u_pll/u_ref/bufg_feedback.clkin[0]
GCLK                x023y039z16         0.014          2.901          pin: u_pll/u_ref/bufg_feedback.clkout
net (fo=1)                              0.322          3.223          net: u_pll/u_output/ph1p_phy_pll_wrapper_25a56e5ce2f9_Inst/refclk,  ../../../user_source/ip_source/PLL/RTL/ph1p_phy_pll_wrapper_25a56e5ce2f9.v(119)
                                                                      pin: u_pll/u_ref/bufg_feedback_auto_created_sclk_s_0_l_bk1.clkin
SCLK                x023y019z0          0.068          3.291          pin: u_pll/u_ref/bufg_feedback_auto_created_sclk_s_0_l_bk1.clkout
net (fo=1)          x000y039            0.255          3.546          net: u_pll/u_ref/bufg_feedback_auto_created_sclk_s_0_l_bk1_sclk_outnet,  NOFILE(0)
                                                                      pin: u_pll/u_output/ph1p_phy_pll_wrapper_25a56e5ce2f9_Inst/u_PH1P_PHY_PLL.refclk
PLL                 x000y039            0.708          4.254          pin: u_pll/u_output/ph1p_phy_pll_wrapper_25a56e5ce2f9_Inst/u_PH1P_PHY_PLL.clkc[1]
net (fo=1)                              0.690          4.944          net: u_phy/u0_lane_lvds_8_1/I_serial_clk,  ../../../user_source/hdl_source/lane_lvds_10_1.v(8)
                                                                      pin: u_phy/u0_lane_lvds_8_1/I_serial_clk_created_gclkinst.clkin[0]
GCLK                x023y039z1          0.014          4.958          pin: u_phy/u0_lane_lvds_8_1/I_serial_clk_created_gclkinst.clkout
net (fo=1)                              0.339          5.297          net: u_phy/u0_lane_lvds_8_1/I_serial_clk_syn_1,  ../../../user_source/hdl_source/lane_lvds_10_1.v(8)
                                                                      pin: u_phy/u0_lane_lvds_8_1/I_serial_clk_created_gclkinst_auto_created_sclk_s_1_r_bk2.clkin
SCLK                x023y059z13         0.068          5.365          pin: u_phy/u0_lane_lvds_8_1/I_serial_clk_created_gclkinst_auto_created_sclk_s_1_r_bk2.clkout
net (fo=43)                             0.556          5.921          net: u_phy/u0_lane_lvds_8_1/I_serial_clk_created_gclkinst_auto_created_sclk_s_1_r_bk2_sclk_outnet,  NOFILE(0)
                                                                      pin: u_phy/u1_lane_lvds_8_1/S_shift_data_reg[4]_syn_2.clk
capture edge                            2.693    r     8.614               
--------------------------------------------------------------------  ---------------
setup                                  -0.064          8.550               
clock uncertainty                      -0.103          8.447               
clock pessimism                         0.476          8.923               
--------------------------------------------------------------------  ---------------
Required                                               8.923               
--------------------------------------------------------------------  ---------------
Slack                                                  0.345               

Slack               : 0.364ns
Begin Point         : u_packet/packet_g_reg[3]_syn_2.clk (rising edge triggered by clock u_pll/u_output/ph1p_phy_pll_wrapper_25a56e5ce2f9_Inst/u_PH1P_PHY_PLL.clkc[0]  { rise@0.000000ns  fall@6.734000ns  period=13.468000 })
End Point           : u_phy/u1_lane_lvds_8_1/S_shift_data_reg[6]_syn_2.ic (rising edge triggered by clock u_pll/u_output/ph1p_phy_pll_wrapper_25a56e5ce2f9_Inst/u_PH1P_PHY_PLL.clkc[1]  { rise@0.000000ns  fall@1.346000ns  period=2.693000 })
Check Type          : setup
Process             : slow_m40c
Budget              : 2.693ns { u_pll/u_output/ph1p_phy_pll_wrapper_25a56e5ce2f9_Inst/u_PH1P_PHY_PLL.clkc[1] rising@2.693ns - u_pll/u_output/ph1p_phy_pll_wrapper_25a56e5ce2f9_Inst/u_PH1P_PHY_PLL.clkc[0] rising@0.000ns }
Data Path Delay     : 1.782ns (cell 0.481ns (26%), net 1.301ns (74%))
Clock Skew          : 0.380ns
Logic Level         : 1 ( LUT5=1 )
Max Fanout          : 2
Clock Uncertainty   : 0.103ns (sdc uncertainty: 0.000ns, default uncertainty: 0.103ns)

Delay Type          Location             Incr           Path   Level  Netlist Info
--------------------------------------------------------------------  ---------------
source latency                          0.000          0.000               
port                C4                  0.000          0.000          pin: I_sys_clk
hierarchy                               0.000          0.000          pin: I_sys_clk_syn_2.ipad
HDIO                x033y078            0.810          0.810          pin: I_sys_clk_syn_2.sg09_di
HDIO                x033y078            0.684          1.494          pin: I_sys_clk_syn_2.di
net (fo=1)          x043y079            0.115          1.609          net: I_sys_clk_dup_1,  ../../../diagnostics/hdmi_positive/avi_fhd30_top.v(3)
                                                                      pin: u_pll/u_ref/ph1p_phy_pll_wrapper_25a56e5ce2f9_Inst/u_PH1P_PHY_PLL.refclk
PLL                 x043y079            0.814          2.423          pin: u_pll/u_ref/ph1p_phy_pll_wrapper_25a56e5ce2f9_Inst/u_PH1P_PHY_PLL.clkc[0]
net (fo=1)                              0.830          3.253          net: u_pll/u_ref/clk0_buf,  ../../../user_source/hdl_source/native_hdmi_pll.v(32)
                                                                      pin: u_pll/u_ref/bufg_feedback.clkin[0]
GCLK                x023y039z16         0.016          3.269          pin: u_pll/u_ref/bufg_feedback.clkout
net (fo=1)                              0.375          3.644          net: u_pll/u_output/ph1p_phy_pll_wrapper_25a56e5ce2f9_Inst/refclk,  ../../../user_source/ip_source/PLL/RTL/ph1p_phy_pll_wrapper_25a56e5ce2f9.v(119)
                                                                      pin: u_pll/u_ref/bufg_feedback_auto_created_sclk_s_0_l_bk1.clkin
SCLK                x023y019z0          0.079          3.723          pin: u_pll/u_ref/bufg_feedback_auto_created_sclk_s_0_l_bk1.clkout
net (fo=1)          x000y039            0.299          4.022          net: u_pll/u_ref/bufg_feedback_auto_created_sclk_s_0_l_bk1_sclk_outnet,  NOFILE(0)
                                                                      pin: u_pll/u_output/ph1p_phy_pll_wrapper_25a56e5ce2f9_Inst/u_PH1P_PHY_PLL.refclk
PLL                 x000y039            0.814          4.836          pin: u_pll/u_output/ph1p_phy_pll_wrapper_25a56e5ce2f9_Inst/u_PH1P_PHY_PLL.clkc[0]
net (fo=1)                              0.815          5.651          net: u_pll/u_output/clk0_buf,  ../../../user_source/hdl_source/native_hdmi_pll.v(32)
                                                                      pin: u_pll/u_output/bufg_feedback.clkin[0]
GCLK                x023y039z0          0.016          5.667          pin: u_pll/u_output/bufg_feedback.clkout
net (fo=2)                              0.396          6.063          net: pixel,  ../../../diagnostics/hdmi_positive/avi_fhd30_top.v(5)
                                                                      pin: u_pll/u_output/bufg_feedback_auto_created_sclk_s_1_r_bk1.clkin
SCLK                x023y059z12         0.079          6.142          pin: u_pll/u_output/bufg_feedback_auto_created_sclk_s_1_r_bk1.clkout
net (fo=52)                             0.635          6.777          net: u_pll/u_output/bufg_feedback_auto_created_sclk_s_1_r_bk1_sclk_outnet,  NOFILE(0)
                                                                      pin: u_packet/packet_g_reg[3]_syn_2.clk
launch edge                             0.000    r     6.777               
--------------------------------------------------------------------  ---------------
clk2q               x031y042z6          0.126    f     6.903          pin: u_packet/packet_g_reg[3]_syn_2.oqa
net (fo=2)                              1.301          8.204          net: u_packet/packet_g[3],  ../../../diagnostics/hdmi_positive/hdmi_avi_insert.v(63)
                                                                      pin: u_phy/u1_lane_lvds_8_1/S_shift_data_reg[6]_syn_2.ic
LUT5 (reg)          x035y043z2          0.355    f     8.559       1  net: u_phy/u1_lane_lvds_8_1/S_shift_data[6],  ../../../user_source/hdl_source/lane_lvds_10_1.v(22)
--------------------------------------------------------------------  ---------------
Arrival                                                8.559               

source latency                          0.000          0.000               
port                C4                  0.000          0.000          pin: I_sys_clk
hierarchy                               0.000          0.000          pin: I_sys_clk_syn_2.ipad
HDIO                x033y078            0.745          0.745          pin: I_sys_clk_syn_2.sg09_di
HDIO                x033y078            0.629          1.374          pin: I_sys_clk_syn_2.di
net (fo=1)          x043y079            0.099          1.473          net: I_sys_clk_dup_1,  ../../../diagnostics/hdmi_positive/avi_fhd30_top.v(3)
                                                                      pin: u_pll/u_ref/ph1p_phy_pll_wrapper_25a56e5ce2f9_Inst/u_PH1P_PHY_PLL.refclk
PLL                 x043y079            0.703          2.176          pin: u_pll/u_ref/ph1p_phy_pll_wrapper_25a56e5ce2f9_Inst/u_PH1P_PHY_PLL.clkc[0]
net (fo=1)                              0.711          2.887          net: u_pll/u_ref/clk0_buf,  ../../../user_source/hdl_source/native_hdmi_pll.v(32)
                                                                      pin: u_pll/u_ref/bufg_feedback.clkin[0]
GCLK                x023y039z16         0.014          2.901          pin: u_pll/u_ref/bufg_feedback.clkout
net (fo=1)                              0.322          3.223          net: u_pll/u_output/ph1p_phy_pll_wrapper_25a56e5ce2f9_Inst/refclk,  ../../../user_source/ip_source/PLL/RTL/ph1p_phy_pll_wrapper_25a56e5ce2f9.v(119)
                                                                      pin: u_pll/u_ref/bufg_feedback_auto_created_sclk_s_0_l_bk1.clkin
SCLK                x023y019z0          0.068          3.291          pin: u_pll/u_ref/bufg_feedback_auto_created_sclk_s_0_l_bk1.clkout
net (fo=1)          x000y039            0.255          3.546          net: u_pll/u_ref/bufg_feedback_auto_created_sclk_s_0_l_bk1_sclk_outnet,  NOFILE(0)
                                                                      pin: u_pll/u_output/ph1p_phy_pll_wrapper_25a56e5ce2f9_Inst/u_PH1P_PHY_PLL.refclk
PLL                 x000y039            0.708          4.254          pin: u_pll/u_output/ph1p_phy_pll_wrapper_25a56e5ce2f9_Inst/u_PH1P_PHY_PLL.clkc[1]
net (fo=1)                              0.690          4.944          net: u_phy/u0_lane_lvds_8_1/I_serial_clk,  ../../../user_source/hdl_source/lane_lvds_10_1.v(8)
                                                                      pin: u_phy/u0_lane_lvds_8_1/I_serial_clk_created_gclkinst.clkin[0]
GCLK                x023y039z1          0.014          4.958          pin: u_phy/u0_lane_lvds_8_1/I_serial_clk_created_gclkinst.clkout
net (fo=1)                              0.339          5.297          net: u_phy/u0_lane_lvds_8_1/I_serial_clk_syn_1,  ../../../user_source/hdl_source/lane_lvds_10_1.v(8)
                                                                      pin: u_phy/u0_lane_lvds_8_1/I_serial_clk_created_gclkinst_auto_created_sclk_s_1_r_bk2.clkin
SCLK                x023y059z13         0.068          5.365          pin: u_phy/u0_lane_lvds_8_1/I_serial_clk_created_gclkinst_auto_created_sclk_s_1_r_bk2.clkout
net (fo=43)                             0.556          5.921          net: u_phy/u0_lane_lvds_8_1/I_serial_clk_created_gclkinst_auto_created_sclk_s_1_r_bk2_sclk_outnet,  NOFILE(0)
                                                                      pin: u_phy/u1_lane_lvds_8_1/S_shift_data_reg[6]_syn_2.clk
capture edge                            2.693    r     8.614               
--------------------------------------------------------------------  ---------------
setup                                  -0.064          8.550               
clock uncertainty                      -0.103          8.447               
clock pessimism                         0.476          8.923               
--------------------------------------------------------------------  ---------------
Required                                               8.923               
--------------------------------------------------------------------  ---------------
Slack                                                  0.364               

Slack               : 0.383ns
Begin Point         : u_red/symbol_reg[0]_syn_2.clk (rising edge triggered by clock u_pll/u_output/ph1p_phy_pll_wrapper_25a56e5ce2f9_Inst/u_PH1P_PHY_PLL.clkc[0]  { rise@0.000000ns  fall@6.734000ns  period=13.468000 })
End Point           : u_phy/u2_lane_lvds_8_1/S_shift_data_reg[4]_syn_2.ima (rising edge triggered by clock u_pll/u_output/ph1p_phy_pll_wrapper_25a56e5ce2f9_Inst/u_PH1P_PHY_PLL.clkc[1]  { rise@0.000000ns  fall@1.346000ns  period=2.693000 })
Check Type          : setup
Process             : slow_m40c
Budget              : 2.693ns { u_pll/u_output/ph1p_phy_pll_wrapper_25a56e5ce2f9_Inst/u_PH1P_PHY_PLL.clkc[1] rising@2.693ns - u_pll/u_output/ph1p_phy_pll_wrapper_25a56e5ce2f9_Inst/u_PH1P_PHY_PLL.clkc[0] rising@0.000ns }
Data Path Delay     : 1.762ns (cell 0.481ns (27%), net 1.281ns (73%))
Clock Skew          : 0.381ns
Logic Level         : 1 ( LUT5=1 )
Max Fanout          : 5
Clock Uncertainty   : 0.103ns (sdc uncertainty: 0.000ns, default uncertainty: 0.103ns)

Delay Type          Location             Incr           Path   Level  Netlist Info
--------------------------------------------------------------------  ---------------
source latency                          0.000          0.000               
port                C4                  0.000          0.000          pin: I_sys_clk
hierarchy                               0.000          0.000          pin: I_sys_clk_syn_2.ipad
HDIO                x033y078            0.810          0.810          pin: I_sys_clk_syn_2.sg09_di
HDIO                x033y078            0.684          1.494          pin: I_sys_clk_syn_2.di
net (fo=1)          x043y079            0.115          1.609          net: I_sys_clk_dup_1,  ../../../diagnostics/hdmi_positive/avi_fhd30_top.v(3)
                                                                      pin: u_pll/u_ref/ph1p_phy_pll_wrapper_25a56e5ce2f9_Inst/u_PH1P_PHY_PLL.refclk
PLL                 x043y079            0.814          2.423          pin: u_pll/u_ref/ph1p_phy_pll_wrapper_25a56e5ce2f9_Inst/u_PH1P_PHY_PLL.clkc[0]
net (fo=1)                              0.830          3.253          net: u_pll/u_ref/clk0_buf,  ../../../user_source/hdl_source/native_hdmi_pll.v(32)
                                                                      pin: u_pll/u_ref/bufg_feedback.clkin[0]
GCLK                x023y039z16         0.016          3.269          pin: u_pll/u_ref/bufg_feedback.clkout
net (fo=1)                              0.375          3.644          net: u_pll/u_output/ph1p_phy_pll_wrapper_25a56e5ce2f9_Inst/refclk,  ../../../user_source/ip_source/PLL/RTL/ph1p_phy_pll_wrapper_25a56e5ce2f9.v(119)
                                                                      pin: u_pll/u_ref/bufg_feedback_auto_created_sclk_s_0_l_bk1.clkin
SCLK                x023y019z0          0.079          3.723          pin: u_pll/u_ref/bufg_feedback_auto_created_sclk_s_0_l_bk1.clkout
net (fo=1)          x000y039            0.299          4.022          net: u_pll/u_ref/bufg_feedback_auto_created_sclk_s_0_l_bk1_sclk_outnet,  NOFILE(0)
                                                                      pin: u_pll/u_output/ph1p_phy_pll_wrapper_25a56e5ce2f9_Inst/u_PH1P_PHY_PLL.refclk
PLL                 x000y039            0.814          4.836          pin: u_pll/u_output/ph1p_phy_pll_wrapper_25a56e5ce2f9_Inst/u_PH1P_PHY_PLL.clkc[0]
net (fo=1)                              0.815          5.651          net: u_pll/u_output/clk0_buf,  ../../../user_source/hdl_source/native_hdmi_pll.v(32)
                                                                      pin: u_pll/u_output/bufg_feedback.clkin[0]
GCLK                x023y039z0          0.016          5.667          pin: u_pll/u_output/bufg_feedback.clkout
net (fo=2)                              0.396          6.063          net: pixel,  ../../../diagnostics/hdmi_positive/avi_fhd30_top.v(5)
                                                                      pin: u_pll/u_output/bufg_feedback_auto_created_sclk_s_1_r_bk1.clkin
SCLK                x023y059z12         0.079          6.142          pin: u_pll/u_output/bufg_feedback_auto_created_sclk_s_1_r_bk1.clkout
net (fo=52)                             0.636          6.778          net: u_pll/u_output/bufg_feedback_auto_created_sclk_s_1_r_bk1_sclk_outnet,  NOFILE(0)
                                                                      pin: u_red/symbol_reg[0]_syn_2.clk
launch edge                             0.000    r     6.778               
--------------------------------------------------------------------  ---------------
clk2q               x034y043z1          0.126    f     6.904          pin: u_red/symbol_reg[0]_syn_2.oqa
net (fo=5)                              1.281          8.185          net: u_packet/video_r[0],  ../../../diagnostics/hdmi_positive/hdmi_avi_insert.v(7)
                                                                      pin: u_phy/u2_lane_lvds_8_1/S_shift_data_reg[4]_syn_2.ima
LUT5 (reg)          x035y044z0          0.355    f     8.540       1  net: u_phy/u2_lane_lvds_8_1/S_shift_data[4],  ../../../user_source/hdl_source/lane_lvds_10_1.v(22)
--------------------------------------------------------------------  ---------------
Arrival                                                8.540               

source latency                          0.000          0.000               
port                C4                  0.000          0.000          pin: I_sys_clk
hierarchy                               0.000          0.000          pin: I_sys_clk_syn_2.ipad
HDIO                x033y078            0.745          0.745          pin: I_sys_clk_syn_2.sg09_di
HDIO                x033y078            0.629          1.374          pin: I_sys_clk_syn_2.di
net (fo=1)          x043y079            0.099          1.473          net: I_sys_clk_dup_1,  ../../../diagnostics/hdmi_positive/avi_fhd30_top.v(3)
                                                                      pin: u_pll/u_ref/ph1p_phy_pll_wrapper_25a56e5ce2f9_Inst/u_PH1P_PHY_PLL.refclk
PLL                 x043y079            0.703          2.176          pin: u_pll/u_ref/ph1p_phy_pll_wrapper_25a56e5ce2f9_Inst/u_PH1P_PHY_PLL.clkc[0]
net (fo=1)                              0.711          2.887          net: u_pll/u_ref/clk0_buf,  ../../../user_source/hdl_source/native_hdmi_pll.v(32)
                                                                      pin: u_pll/u_ref/bufg_feedback.clkin[0]
GCLK                x023y039z16         0.014          2.901          pin: u_pll/u_ref/bufg_feedback.clkout
net (fo=1)                              0.322          3.223          net: u_pll/u_output/ph1p_phy_pll_wrapper_25a56e5ce2f9_Inst/refclk,  ../../../user_source/ip_source/PLL/RTL/ph1p_phy_pll_wrapper_25a56e5ce2f9.v(119)
                                                                      pin: u_pll/u_ref/bufg_feedback_auto_created_sclk_s_0_l_bk1.clkin
SCLK                x023y019z0          0.068          3.291          pin: u_pll/u_ref/bufg_feedback_auto_created_sclk_s_0_l_bk1.clkout
net (fo=1)          x000y039            0.255          3.546          net: u_pll/u_ref/bufg_feedback_auto_created_sclk_s_0_l_bk1_sclk_outnet,  NOFILE(0)
                                                                      pin: u_pll/u_output/ph1p_phy_pll_wrapper_25a56e5ce2f9_Inst/u_PH1P_PHY_PLL.refclk
PLL                 x000y039            0.708          4.254          pin: u_pll/u_output/ph1p_phy_pll_wrapper_25a56e5ce2f9_Inst/u_PH1P_PHY_PLL.clkc[1]
net (fo=1)                              0.690          4.944          net: u_phy/u0_lane_lvds_8_1/I_serial_clk,  ../../../user_source/hdl_source/lane_lvds_10_1.v(8)
                                                                      pin: u_phy/u0_lane_lvds_8_1/I_serial_clk_created_gclkinst.clkin[0]
GCLK                x023y039z1          0.014          4.958          pin: u_phy/u0_lane_lvds_8_1/I_serial_clk_created_gclkinst.clkout
net (fo=1)                              0.339          5.297          net: u_phy/u0_lane_lvds_8_1/I_serial_clk_syn_1,  ../../../user_source/hdl_source/lane_lvds_10_1.v(8)
                                                                      pin: u_phy/u0_lane_lvds_8_1/I_serial_clk_created_gclkinst_auto_created_sclk_s_1_r_bk2.clkin
SCLK                x023y059z13         0.068          5.365          pin: u_phy/u0_lane_lvds_8_1/I_serial_clk_created_gclkinst_auto_created_sclk_s_1_r_bk2.clkout
net (fo=43)                             0.556          5.921          net: u_phy/u0_lane_lvds_8_1/I_serial_clk_created_gclkinst_auto_created_sclk_s_1_r_bk2_sclk_outnet,  NOFILE(0)
                                                                      pin: u_phy/u2_lane_lvds_8_1/S_shift_data_reg[4]_syn_2.clk
capture edge                            2.693    r     8.614               
--------------------------------------------------------------------  ---------------
setup                                  -0.064          8.550               
clock uncertainty                      -0.103          8.447               
clock pessimism                         0.476          8.923               
--------------------------------------------------------------------  ---------------
Required                                               8.923               
--------------------------------------------------------------------  ---------------
Slack                                                  0.383               

Slack               : 0.431ns
Begin Point         : release_sync_reg[2]_syn_11.clk (rising edge triggered by clock u_pll/u_output/ph1p_phy_pll_wrapper_25a56e5ce2f9_Inst/u_PH1P_PHY_PLL.clkc[0]  { rise@0.000000ns  fall@6.734000ns  period=13.468000 })
End Point           : O_tmds_ch2_p_syn_2.rst (rising edge triggered by clock u_pll/u_output/ph1p_phy_pll_wrapper_25a56e5ce2f9_Inst/u_PH1P_PHY_PLL.clkc[1]  { rise@0.000000ns  fall@1.346000ns  period=2.693000 })
Check Type          : setup
Process             : slow_m40c
Budget              : 2.693ns { u_pll/u_output/ph1p_phy_pll_wrapper_25a56e5ce2f9_Inst/u_PH1P_PHY_PLL.clkc[1] rising@2.693ns - u_pll/u_output/ph1p_phy_pll_wrapper_25a56e5ce2f9_Inst/u_PH1P_PHY_PLL.clkc[0] rising@0.000ns }
Data Path Delay     : 1.059ns (cell 0.326ns (30%), net 0.733ns (70%))
Clock Skew          : 0.525ns
Logic Level         : 1 ( LUT1=1 )
Max Fanout          : 4
Clock Uncertainty   : 0.103ns (sdc uncertainty: 0.000ns, default uncertainty: 0.103ns)

Delay Type          Location             Incr           Path   Level  Netlist Info
--------------------------------------------------------------------  ---------------
source latency                          0.000          0.000               
port                C4                  0.000          0.000          pin: I_sys_clk
hierarchy                               0.000          0.000          pin: I_sys_clk_syn_2.ipad
HDIO                x033y078            0.810          0.810          pin: I_sys_clk_syn_2.sg09_di
HDIO                x033y078            0.684          1.494          pin: I_sys_clk_syn_2.di
net (fo=1)          x043y079            0.115          1.609          net: I_sys_clk_dup_1,  ../../../diagnostics/hdmi_positive/avi_fhd30_top.v(3)
                                                                      pin: u_pll/u_ref/ph1p_phy_pll_wrapper_25a56e5ce2f9_Inst/u_PH1P_PHY_PLL.refclk
PLL                 x043y079            0.814          2.423          pin: u_pll/u_ref/ph1p_phy_pll_wrapper_25a56e5ce2f9_Inst/u_PH1P_PHY_PLL.clkc[0]
net (fo=1)                              0.830          3.253          net: u_pll/u_ref/clk0_buf,  ../../../user_source/hdl_source/native_hdmi_pll.v(32)
                                                                      pin: u_pll/u_ref/bufg_feedback.clkin[0]
GCLK                x023y039z16         0.016          3.269          pin: u_pll/u_ref/bufg_feedback.clkout
net (fo=1)                              0.375          3.644          net: u_pll/u_output/ph1p_phy_pll_wrapper_25a56e5ce2f9_Inst/refclk,  ../../../user_source/ip_source/PLL/RTL/ph1p_phy_pll_wrapper_25a56e5ce2f9.v(119)
                                                                      pin: u_pll/u_ref/bufg_feedback_auto_created_sclk_s_0_l_bk1.clkin
SCLK                x023y019z0          0.079          3.723          pin: u_pll/u_ref/bufg_feedback_auto_created_sclk_s_0_l_bk1.clkout
net (fo=1)          x000y039            0.299          4.022          net: u_pll/u_ref/bufg_feedback_auto_created_sclk_s_0_l_bk1_sclk_outnet,  NOFILE(0)
                                                                      pin: u_pll/u_output/ph1p_phy_pll_wrapper_25a56e5ce2f9_Inst/u_PH1P_PHY_PLL.refclk
PLL                 x000y039            0.814          4.836          pin: u_pll/u_output/ph1p_phy_pll_wrapper_25a56e5ce2f9_Inst/u_PH1P_PHY_PLL.clkc[0]
net (fo=1)                              0.815          5.651          net: u_pll/u_output/clk0_buf,  ../../../user_source/hdl_source/native_hdmi_pll.v(32)
                                                                      pin: u_pll/u_output/bufg_feedback.clkin[0]
GCLK                x023y039z0          0.016          5.667          pin: u_pll/u_output/bufg_feedback.clkout
net (fo=2)                              0.396          6.063          net: pixel,  ../../../diagnostics/hdmi_positive/avi_fhd30_top.v(5)
                                                                      pin: u_pll/u_output/bufg_feedback_auto_created_sclk_s_1_r_bk1.clkin
SCLK                x023y059z12         0.079          6.142          pin: u_pll/u_output/bufg_feedback_auto_created_sclk_s_1_r_bk1.clkout
net (fo=52)                             0.638          6.780          net: u_pll/u_output/bufg_feedback_auto_created_sclk_s_1_r_bk1_sclk_outnet,  NOFILE(0)
                                                                      pin: release_sync_reg[2]_syn_11.clk
launch edge                             0.000    r     6.780               
--------------------------------------------------------------------  ---------------
clk2q               x041y051z6          0.137    r     6.917          pin: release_sync_reg[2]_syn_11.oqb
net (fo=1)                              0.102          7.019          net: release_sync[2],  ../../../diagnostics/hdmi_positive/avi_fhd30_top.v(8)
                                                                      pin: rst_syn_2.ie
LUT1                x041y051z4          0.189    r     7.208       1  pin: rst_syn_2.ofb
net (fo=4)                              0.631          7.839          net: rst,  ../../../diagnostics/hdmi_positive/avi_fhd30_top.v(11)
                                                                      pin: O_tmds_ch2_p_syn_2.rst
PAD (reg)           x043y053            0.000    f     7.839               
--------------------------------------------------------------------  ---------------
Arrival                                                7.839               

source latency                          0.000          0.000               
port                C4                  0.000          0.000          pin: I_sys_clk
hierarchy                               0.000          0.000          pin: I_sys_clk_syn_2.ipad
HDIO                x033y078            0.745          0.745          pin: I_sys_clk_syn_2.sg09_di
HDIO                x033y078            0.629          1.374          pin: I_sys_clk_syn_2.di
net (fo=1)          x043y079            0.099          1.473          net: I_sys_clk_dup_1,  ../../../diagnostics/hdmi_positive/avi_fhd30_top.v(3)
                                                                      pin: u_pll/u_ref/ph1p_phy_pll_wrapper_25a56e5ce2f9_Inst/u_PH1P_PHY_PLL.refclk
PLL                 x043y079            0.703          2.176          pin: u_pll/u_ref/ph1p_phy_pll_wrapper_25a56e5ce2f9_Inst/u_PH1P_PHY_PLL.clkc[0]
net (fo=1)                              0.711          2.887          net: u_pll/u_ref/clk0_buf,  ../../../user_source/hdl_source/native_hdmi_pll.v(32)
                                                                      pin: u_pll/u_ref/bufg_feedback.clkin[0]
GCLK                x023y039z16         0.014          2.901          pin: u_pll/u_ref/bufg_feedback.clkout
net (fo=1)                              0.322          3.223          net: u_pll/u_output/ph1p_phy_pll_wrapper_25a56e5ce2f9_Inst/refclk,  ../../../user_source/ip_source/PLL/RTL/ph1p_phy_pll_wrapper_25a56e5ce2f9.v(119)
                                                                      pin: u_pll/u_ref/bufg_feedback_auto_created_sclk_s_0_l_bk1.clkin
SCLK                x023y019z0          0.068          3.291          pin: u_pll/u_ref/bufg_feedback_auto_created_sclk_s_0_l_bk1.clkout
net (fo=1)          x000y039            0.255          3.546          net: u_pll/u_ref/bufg_feedback_auto_created_sclk_s_0_l_bk1_sclk_outnet,  NOFILE(0)
                                                                      pin: u_pll/u_output/ph1p_phy_pll_wrapper_25a56e5ce2f9_Inst/u_PH1P_PHY_PLL.refclk
PLL                 x000y039            0.708          4.254          pin: u_pll/u_output/ph1p_phy_pll_wrapper_25a56e5ce2f9_Inst/u_PH1P_PHY_PLL.clkc[1]
net (fo=1)                              0.690          4.944          net: u_phy/u0_lane_lvds_8_1/I_serial_clk,  ../../../user_source/hdl_source/lane_lvds_10_1.v(8)
                                                                      pin: u_phy/u0_lane_lvds_8_1/I_serial_clk_created_gclkinst.clkin[0]
GCLK                x023y039z1          0.014          4.958          pin: u_phy/u0_lane_lvds_8_1/I_serial_clk_created_gclkinst.clkout
net (fo=1)                              0.339          5.297          net: u_phy/u0_lane_lvds_8_1/I_serial_clk_syn_1,  ../../../user_source/hdl_source/lane_lvds_10_1.v(8)
                                                                      pin: u_phy/u0_lane_lvds_8_1/I_serial_clk_created_gclkinst_auto_created_sclk_s_1_r_bk2.clkin
SCLK                x023y059z13         0.068          5.365          pin: u_phy/u0_lane_lvds_8_1/I_serial_clk_created_gclkinst_auto_created_sclk_s_1_r_bk2.clkout
net (fo=43)                             0.414          5.779          net: u_phy/u0_lane_lvds_8_1/I_serial_clk_created_gclkinst_auto_created_sclk_s_1_r_bk2_sclk_outnet,  NOFILE(0)
                                                                      pin: O_tmds_ch2_p_syn_2.osclk
capture edge                            2.693    r     8.472               
--------------------------------------------------------------------  ---------------
setup                                  -0.575          7.897               
clock uncertainty                      -0.103          7.794               
clock pessimism                         0.476          8.270               
--------------------------------------------------------------------  ---------------
Required                                               8.270               
--------------------------------------------------------------------  ---------------
Slack                                                  0.431               

Slack               : 0.431ns
Begin Point         : release_sync_reg[2]_syn_11.clk (rising edge triggered by clock u_pll/u_output/ph1p_phy_pll_wrapper_25a56e5ce2f9_Inst/u_PH1P_PHY_PLL.clkc[0]  { rise@0.000000ns  fall@6.734000ns  period=13.468000 })
End Point           : O_tmds_clk_p_syn_2.rst (rising edge triggered by clock u_pll/u_output/ph1p_phy_pll_wrapper_25a56e5ce2f9_Inst/u_PH1P_PHY_PLL.clkc[1]  { rise@0.000000ns  fall@1.346000ns  period=2.693000 })
Check Type          : setup
Process             : slow_m40c
Budget              : 2.693ns { u_pll/u_output/ph1p_phy_pll_wrapper_25a56e5ce2f9_Inst/u_PH1P_PHY_PLL.clkc[1] rising@2.693ns - u_pll/u_output/ph1p_phy_pll_wrapper_25a56e5ce2f9_Inst/u_PH1P_PHY_PLL.clkc[0] rising@0.000ns }
Data Path Delay     : 1.059ns (cell 0.326ns (30%), net 0.733ns (70%))
Clock Skew          : 0.525ns
Logic Level         : 1 ( LUT1=1 )
Max Fanout          : 4
Clock Uncertainty   : 0.103ns (sdc uncertainty: 0.000ns, default uncertainty: 0.103ns)

Delay Type          Location             Incr           Path   Level  Netlist Info
--------------------------------------------------------------------  ---------------
source latency                          0.000          0.000               
port                C4                  0.000          0.000          pin: I_sys_clk
hierarchy                               0.000          0.000          pin: I_sys_clk_syn_2.ipad
HDIO                x033y078            0.810          0.810          pin: I_sys_clk_syn_2.sg09_di
HDIO                x033y078            0.684          1.494          pin: I_sys_clk_syn_2.di
net (fo=1)          x043y079            0.115          1.609          net: I_sys_clk_dup_1,  ../../../diagnostics/hdmi_positive/avi_fhd30_top.v(3)
                                                                      pin: u_pll/u_ref/ph1p_phy_pll_wrapper_25a56e5ce2f9_Inst/u_PH1P_PHY_PLL.refclk
PLL                 x043y079            0.814          2.423          pin: u_pll/u_ref/ph1p_phy_pll_wrapper_25a56e5ce2f9_Inst/u_PH1P_PHY_PLL.clkc[0]
net (fo=1)                              0.830          3.253          net: u_pll/u_ref/clk0_buf,  ../../../user_source/hdl_source/native_hdmi_pll.v(32)
                                                                      pin: u_pll/u_ref/bufg_feedback.clkin[0]
GCLK                x023y039z16         0.016          3.269          pin: u_pll/u_ref/bufg_feedback.clkout
net (fo=1)                              0.375          3.644          net: u_pll/u_output/ph1p_phy_pll_wrapper_25a56e5ce2f9_Inst/refclk,  ../../../user_source/ip_source/PLL/RTL/ph1p_phy_pll_wrapper_25a56e5ce2f9.v(119)
                                                                      pin: u_pll/u_ref/bufg_feedback_auto_created_sclk_s_0_l_bk1.clkin
SCLK                x023y019z0          0.079          3.723          pin: u_pll/u_ref/bufg_feedback_auto_created_sclk_s_0_l_bk1.clkout
net (fo=1)          x000y039            0.299          4.022          net: u_pll/u_ref/bufg_feedback_auto_created_sclk_s_0_l_bk1_sclk_outnet,  NOFILE(0)
                                                                      pin: u_pll/u_output/ph1p_phy_pll_wrapper_25a56e5ce2f9_Inst/u_PH1P_PHY_PLL.refclk
PLL                 x000y039            0.814          4.836          pin: u_pll/u_output/ph1p_phy_pll_wrapper_25a56e5ce2f9_Inst/u_PH1P_PHY_PLL.clkc[0]
net (fo=1)                              0.815          5.651          net: u_pll/u_output/clk0_buf,  ../../../user_source/hdl_source/native_hdmi_pll.v(32)
                                                                      pin: u_pll/u_output/bufg_feedback.clkin[0]
GCLK                x023y039z0          0.016          5.667          pin: u_pll/u_output/bufg_feedback.clkout
net (fo=2)                              0.396          6.063          net: pixel,  ../../../diagnostics/hdmi_positive/avi_fhd30_top.v(5)
                                                                      pin: u_pll/u_output/bufg_feedback_auto_created_sclk_s_1_r_bk1.clkin
SCLK                x023y059z12         0.079          6.142          pin: u_pll/u_output/bufg_feedback_auto_created_sclk_s_1_r_bk1.clkout
net (fo=52)                             0.638          6.780          net: u_pll/u_output/bufg_feedback_auto_created_sclk_s_1_r_bk1_sclk_outnet,  NOFILE(0)
                                                                      pin: release_sync_reg[2]_syn_11.clk
launch edge                             0.000    r     6.780               
--------------------------------------------------------------------  ---------------
clk2q               x041y051z6          0.137    r     6.917          pin: release_sync_reg[2]_syn_11.oqb
net (fo=1)                              0.102          7.019          net: release_sync[2],  ../../../diagnostics/hdmi_positive/avi_fhd30_top.v(8)
                                                                      pin: rst_syn_2.ie
LUT1                x041y051z4          0.189    r     7.208       1  pin: rst_syn_2.ofb
net (fo=4)                              0.631          7.839          net: rst,  ../../../diagnostics/hdmi_positive/avi_fhd30_top.v(11)
                                                                      pin: O_tmds_clk_p_syn_2.rst
PAD (reg)           x043y056            0.000    f     7.839               
--------------------------------------------------------------------  ---------------
Arrival                                                7.839               

source latency                          0.000          0.000               
port                C4                  0.000          0.000          pin: I_sys_clk
hierarchy                               0.000          0.000          pin: I_sys_clk_syn_2.ipad
HDIO                x033y078            0.745          0.745          pin: I_sys_clk_syn_2.sg09_di
HDIO                x033y078            0.629          1.374          pin: I_sys_clk_syn_2.di
net (fo=1)          x043y079            0.099          1.473          net: I_sys_clk_dup_1,  ../../../diagnostics/hdmi_positive/avi_fhd30_top.v(3)
                                                                      pin: u_pll/u_ref/ph1p_phy_pll_wrapper_25a56e5ce2f9_Inst/u_PH1P_PHY_PLL.refclk
PLL                 x043y079            0.703          2.176          pin: u_pll/u_ref/ph1p_phy_pll_wrapper_25a56e5ce2f9_Inst/u_PH1P_PHY_PLL.clkc[0]
net (fo=1)                              0.711          2.887          net: u_pll/u_ref/clk0_buf,  ../../../user_source/hdl_source/native_hdmi_pll.v(32)
                                                                      pin: u_pll/u_ref/bufg_feedback.clkin[0]
GCLK                x023y039z16         0.014          2.901          pin: u_pll/u_ref/bufg_feedback.clkout
net (fo=1)                              0.322          3.223          net: u_pll/u_output/ph1p_phy_pll_wrapper_25a56e5ce2f9_Inst/refclk,  ../../../user_source/ip_source/PLL/RTL/ph1p_phy_pll_wrapper_25a56e5ce2f9.v(119)
                                                                      pin: u_pll/u_ref/bufg_feedback_auto_created_sclk_s_0_l_bk1.clkin
SCLK                x023y019z0          0.068          3.291          pin: u_pll/u_ref/bufg_feedback_auto_created_sclk_s_0_l_bk1.clkout
net (fo=1)          x000y039            0.255          3.546          net: u_pll/u_ref/bufg_feedback_auto_created_sclk_s_0_l_bk1_sclk_outnet,  NOFILE(0)
                                                                      pin: u_pll/u_output/ph1p_phy_pll_wrapper_25a56e5ce2f9_Inst/u_PH1P_PHY_PLL.refclk
PLL                 x000y039            0.708          4.254          pin: u_pll/u_output/ph1p_phy_pll_wrapper_25a56e5ce2f9_Inst/u_PH1P_PHY_PLL.clkc[1]
net (fo=1)                              0.690          4.944          net: u_phy/u0_lane_lvds_8_1/I_serial_clk,  ../../../user_source/hdl_source/lane_lvds_10_1.v(8)
                                                                      pin: u_phy/u0_lane_lvds_8_1/I_serial_clk_created_gclkinst.clkin[0]
GCLK                x023y039z1          0.014          4.958          pin: u_phy/u0_lane_lvds_8_1/I_serial_clk_created_gclkinst.clkout
net (fo=1)                              0.339          5.297          net: u_phy/u0_lane_lvds_8_1/I_serial_clk_syn_1,  ../../../user_source/hdl_source/lane_lvds_10_1.v(8)
                                                                      pin: u_phy/u0_lane_lvds_8_1/I_serial_clk_created_gclkinst_auto_created_sclk_s_1_r_bk2.clkin
SCLK                x023y059z13         0.068          5.365          pin: u_phy/u0_lane_lvds_8_1/I_serial_clk_created_gclkinst_auto_created_sclk_s_1_r_bk2.clkout
net (fo=43)                             0.414          5.779          net: u_phy/u0_lane_lvds_8_1/I_serial_clk_created_gclkinst_auto_created_sclk_s_1_r_bk2_sclk_outnet,  NOFILE(0)
                                                                      pin: O_tmds_clk_p_syn_2.osclk
capture edge                            2.693    r     8.472               
--------------------------------------------------------------------  ---------------
setup                                  -0.575          7.897               
clock uncertainty                      -0.103          7.794               
clock pessimism                         0.476          8.270               
--------------------------------------------------------------------  ---------------
Required                                               8.270               
--------------------------------------------------------------------  ---------------
Slack                                                  0.431               



Min Paths
----------------------------------------------------------------------------------------------------
Slack               : 0.022ns
Begin Point         : release_sync_reg[2]_syn_6.clk (rising edge triggered by clock u_pll/u_output/ph1p_phy_pll_wrapper_25a56e5ce2f9_Inst/u_PH1P_PHY_PLL.clkc[0]  { rise@0.000000ns  fall@6.734000ns  period=13.468000 })
End Point           : u_phy/u1_lane_lvds_8_1/S_shift_data_reg[9]_syn_2.asr (rising edge triggered by clock u_pll/u_output/ph1p_phy_pll_wrapper_25a56e5ce2f9_Inst/u_PH1P_PHY_PLL.clkc[1]  { rise@0.000000ns  fall@1.346000ns  period=2.693000 })
Check Type          : removal
Process             : fast_m40c
Budget              : 0.000ns { u_pll/u_output/ph1p_phy_pll_wrapper_25a56e5ce2f9_Inst/u_PH1P_PHY_PLL.clkc[0] rising@0.000ns - u_pll/u_output/ph1p_phy_pll_wrapper_25a56e5ce2f9_Inst/u_PH1P_PHY_PLL.clkc[1] rising@0.000ns }
Data Path Delay     : 0.207ns (cell 0.062ns (29%), net 0.145ns (71%))
Clock Skew          : 0.135ns
Logic Level         : 0
Max Fanout          : 60
Clock Uncertainty   : 0.050ns (sdc uncertainty: 0.000ns, default uncertainty: 0.050ns)

Delay Type          Location             Incr           Path   Level  Netlist Info
--------------------------------------------------------------------  ---------------
source latency                          0.000          0.000               
port                C4                  0.000          0.000          pin: I_sys_clk
hierarchy                               0.000          0.000          pin: I_sys_clk_syn_2.ipad
HDIO                x033y078            0.810          0.810          pin: I_sys_clk_syn_2.sg09_di
HDIO                x033y078            0.257          1.067          pin: I_sys_clk_syn_2.di
net (fo=1)          x043y079            0.040          1.107          net: I_sys_clk_dup_1,  ../../../diagnostics/hdmi_positive/avi_fhd30_top.v(3)
                                                                      pin: u_pll/u_ref/ph1p_phy_pll_wrapper_25a56e5ce2f9_Inst/u_PH1P_PHY_PLL.refclk
PLL                 x043y079            0.367          1.474          pin: u_pll/u_ref/ph1p_phy_pll_wrapper_25a56e5ce2f9_Inst/u_PH1P_PHY_PLL.clkc[0]
net (fo=1)                              0.312          1.786          net: u_pll/u_ref/clk0_buf,  ../../../user_source/hdl_source/native_hdmi_pll.v(32)
                                                                      pin: u_pll/u_ref/bufg_feedback.clkin[0]
GCLK                x023y039z16         0.006          1.792          pin: u_pll/u_ref/bufg_feedback.clkout
net (fo=1)                              0.136          1.928          net: u_pll/u_output/ph1p_phy_pll_wrapper_25a56e5ce2f9_Inst/refclk,  ../../../user_source/ip_source/PLL/RTL/ph1p_phy_pll_wrapper_25a56e5ce2f9.v(119)
                                                                      pin: u_pll/u_ref/bufg_feedback_auto_created_sclk_s_0_l_bk1.clkin
SCLK                x023y019z0          0.025          1.953          pin: u_pll/u_ref/bufg_feedback_auto_created_sclk_s_0_l_bk1.clkout
net (fo=1)          x000y039            0.121          2.074          net: u_pll/u_ref/bufg_feedback_auto_created_sclk_s_0_l_bk1_sclk_outnet,  NOFILE(0)
                                                                      pin: u_pll/u_output/ph1p_phy_pll_wrapper_25a56e5ce2f9_Inst/u_PH1P_PHY_PLL.refclk
PLL                 x000y039            0.367          2.441          pin: u_pll/u_output/ph1p_phy_pll_wrapper_25a56e5ce2f9_Inst/u_PH1P_PHY_PLL.clkc[0]
net (fo=1)                              0.310          2.751          net: u_pll/u_output/clk0_buf,  ../../../user_source/hdl_source/native_hdmi_pll.v(32)
                                                                      pin: u_pll/u_output/bufg_feedback.clkin[0]
GCLK                x023y039z0          0.006          2.757          pin: u_pll/u_output/bufg_feedback.clkout
net (fo=2)                              0.143          2.900          net: pixel,  ../../../diagnostics/hdmi_positive/avi_fhd30_top.v(5)
                                                                      pin: u_pll/u_output/bufg_feedback_auto_created_sclk_s_1_r_bk1.clkin
SCLK                x023y059z12         0.025          2.925          pin: u_pll/u_output/bufg_feedback_auto_created_sclk_s_1_r_bk1.clkout
net (fo=52)                             0.224          3.149          net: u_pll/u_output/bufg_feedback_auto_created_sclk_s_1_r_bk1_sclk_outnet,  NOFILE(0)
                                                                      pin: release_sync_reg[2]_syn_6.clk
launch edge                             0.000    r     3.149               
--------------------------------------------------------------------  ---------------
clk2q               x032y044z5          0.062    f     3.211          pin: release_sync_reg[2]_syn_6.oqa
net (fo=60)                             0.145          3.356          net: release_sync[2]_dup_432,  ../../../diagnostics/hdmi_positive/avi_fhd30_top.v(8)
                                                                      pin: u_phy/u1_lane_lvds_8_1/S_shift_data_reg[9]_syn_2.asr
reg                 x033y043z0          0.000    f     3.356               
--------------------------------------------------------------------  ---------------
Arrival                                                3.356               

source latency                          0.000          0.000               
port                C4                  0.000          0.000          pin: I_sys_clk
hierarchy                               0.000          0.000          pin: I_sys_clk_syn_2.ipad
HDIO                x033y078            0.915          0.915          pin: I_sys_clk_syn_2.sg09_di
HDIO                x033y078            0.290          1.205          pin: I_sys_clk_syn_2.di
net (fo=1)          x043y079            0.043          1.248          net: I_sys_clk_dup_1,  ../../../diagnostics/hdmi_positive/avi_fhd30_top.v(3)
                                                                      pin: u_pll/u_ref/ph1p_phy_pll_wrapper_25a56e5ce2f9_Inst/u_PH1P_PHY_PLL.refclk
PLL                 x043y079            0.435          1.683          pin: u_pll/u_ref/ph1p_phy_pll_wrapper_25a56e5ce2f9_Inst/u_PH1P_PHY_PLL.clkc[0]
net (fo=1)                              0.339          2.022          net: u_pll/u_ref/clk0_buf,  ../../../user_source/hdl_source/native_hdmi_pll.v(32)
                                                                      pin: u_pll/u_ref/bufg_feedback.clkin[0]
GCLK                x023y039z16         0.007          2.029          pin: u_pll/u_ref/bufg_feedback.clkout
net (fo=1)                              0.148          2.177          net: u_pll/u_output/ph1p_phy_pll_wrapper_25a56e5ce2f9_Inst/refclk,  ../../../user_source/ip_source/PLL/RTL/ph1p_phy_pll_wrapper_25a56e5ce2f9.v(119)
                                                                      pin: u_pll/u_ref/bufg_feedback_auto_created_sclk_s_0_l_bk1.clkin
SCLK                x023y019z0          0.030          2.207          pin: u_pll/u_ref/bufg_feedback_auto_created_sclk_s_0_l_bk1.clkout
net (fo=1)          x000y039            0.131          2.338          net: u_pll/u_ref/bufg_feedback_auto_created_sclk_s_0_l_bk1_sclk_outnet,  NOFILE(0)
                                                                      pin: u_pll/u_output/ph1p_phy_pll_wrapper_25a56e5ce2f9_Inst/u_PH1P_PHY_PLL.refclk
PLL                 x000y039            0.436          2.774          pin: u_pll/u_output/ph1p_phy_pll_wrapper_25a56e5ce2f9_Inst/u_PH1P_PHY_PLL.clkc[1]
net (fo=1)                              0.334          3.108          net: u_phy/u0_lane_lvds_8_1/I_serial_clk,  ../../../user_source/hdl_source/lane_lvds_10_1.v(8)
                                                                      pin: u_phy/u0_lane_lvds_8_1/I_serial_clk_created_gclkinst.clkin[0]
GCLK                x023y039z1          0.007          3.115          pin: u_phy/u0_lane_lvds_8_1/I_serial_clk_created_gclkinst.clkout
net (fo=1)                              0.158          3.273          net: u_phy/u0_lane_lvds_8_1/I_serial_clk_syn_1,  ../../../user_source/hdl_source/lane_lvds_10_1.v(8)
                                                                      pin: u_phy/u0_lane_lvds_8_1/I_serial_clk_created_gclkinst_auto_created_sclk_s_1_r_bk2.clkin
SCLK                x023y059z13         0.030          3.303          pin: u_phy/u0_lane_lvds_8_1/I_serial_clk_created_gclkinst_auto_created_sclk_s_1_r_bk2.clkout
net (fo=43)                             0.245          3.548          net: u_phy/u0_lane_lvds_8_1/I_serial_clk_created_gclkinst_auto_created_sclk_s_1_r_bk2_sclk_outnet,  NOFILE(0)
                                                                      pin: u_phy/u1_lane_lvds_8_1/S_shift_data_reg[9]_syn_2.clk
capture edge                            0.000    r     3.548               
--------------------------------------------------------------------  ---------------
removal                                 0.000          3.548               
clock uncertainty                       0.050          3.598               
clock pessimism                        -0.264          3.334               
--------------------------------------------------------------------  ---------------
Required                                               3.334               
--------------------------------------------------------------------  ---------------
Slack                                                  0.022               

Slack               : 0.022ns
Begin Point         : release_sync_reg[2]_syn_6.clk (rising edge triggered by clock u_pll/u_output/ph1p_phy_pll_wrapper_25a56e5ce2f9_Inst/u_PH1P_PHY_PLL.clkc[0]  { rise@0.000000ns  fall@6.734000ns  period=13.468000 })
End Point           : u_phy/u1_lane_lvds_8_1/S_shift_data_reg[3]_syn_2.asr (rising edge triggered by clock u_pll/u_output/ph1p_phy_pll_wrapper_25a56e5ce2f9_Inst/u_PH1P_PHY_PLL.clkc[1]  { rise@0.000000ns  fall@1.346000ns  period=2.693000 })
Check Type          : removal
Process             : fast_m40c
Budget              : 0.000ns { u_pll/u_output/ph1p_phy_pll_wrapper_25a56e5ce2f9_Inst/u_PH1P_PHY_PLL.clkc[0] rising@0.000ns - u_pll/u_output/ph1p_phy_pll_wrapper_25a56e5ce2f9_Inst/u_PH1P_PHY_PLL.clkc[1] rising@0.000ns }
Data Path Delay     : 0.207ns (cell 0.062ns (29%), net 0.145ns (71%))
Clock Skew          : 0.135ns
Logic Level         : 0
Max Fanout          : 60
Clock Uncertainty   : 0.050ns (sdc uncertainty: 0.000ns, default uncertainty: 0.050ns)

Delay Type          Location             Incr           Path   Level  Netlist Info
--------------------------------------------------------------------  ---------------
source latency                          0.000          0.000               
port                C4                  0.000          0.000          pin: I_sys_clk
hierarchy                               0.000          0.000          pin: I_sys_clk_syn_2.ipad
HDIO                x033y078            0.810          0.810          pin: I_sys_clk_syn_2.sg09_di
HDIO                x033y078            0.257          1.067          pin: I_sys_clk_syn_2.di
net (fo=1)          x043y079            0.040          1.107          net: I_sys_clk_dup_1,  ../../../diagnostics/hdmi_positive/avi_fhd30_top.v(3)
                                                                      pin: u_pll/u_ref/ph1p_phy_pll_wrapper_25a56e5ce2f9_Inst/u_PH1P_PHY_PLL.refclk
PLL                 x043y079            0.367          1.474          pin: u_pll/u_ref/ph1p_phy_pll_wrapper_25a56e5ce2f9_Inst/u_PH1P_PHY_PLL.clkc[0]
net (fo=1)                              0.312          1.786          net: u_pll/u_ref/clk0_buf,  ../../../user_source/hdl_source/native_hdmi_pll.v(32)
                                                                      pin: u_pll/u_ref/bufg_feedback.clkin[0]
GCLK                x023y039z16         0.006          1.792          pin: u_pll/u_ref/bufg_feedback.clkout
net (fo=1)                              0.136          1.928          net: u_pll/u_output/ph1p_phy_pll_wrapper_25a56e5ce2f9_Inst/refclk,  ../../../user_source/ip_source/PLL/RTL/ph1p_phy_pll_wrapper_25a56e5ce2f9.v(119)
                                                                      pin: u_pll/u_ref/bufg_feedback_auto_created_sclk_s_0_l_bk1.clkin
SCLK                x023y019z0          0.025          1.953          pin: u_pll/u_ref/bufg_feedback_auto_created_sclk_s_0_l_bk1.clkout
net (fo=1)          x000y039            0.121          2.074          net: u_pll/u_ref/bufg_feedback_auto_created_sclk_s_0_l_bk1_sclk_outnet,  NOFILE(0)
                                                                      pin: u_pll/u_output/ph1p_phy_pll_wrapper_25a56e5ce2f9_Inst/u_PH1P_PHY_PLL.refclk
PLL                 x000y039            0.367          2.441          pin: u_pll/u_output/ph1p_phy_pll_wrapper_25a56e5ce2f9_Inst/u_PH1P_PHY_PLL.clkc[0]
net (fo=1)                              0.310          2.751          net: u_pll/u_output/clk0_buf,  ../../../user_source/hdl_source/native_hdmi_pll.v(32)
                                                                      pin: u_pll/u_output/bufg_feedback.clkin[0]
GCLK                x023y039z0          0.006          2.757          pin: u_pll/u_output/bufg_feedback.clkout
net (fo=2)                              0.143          2.900          net: pixel,  ../../../diagnostics/hdmi_positive/avi_fhd30_top.v(5)
                                                                      pin: u_pll/u_output/bufg_feedback_auto_created_sclk_s_1_r_bk1.clkin
SCLK                x023y059z12         0.025          2.925          pin: u_pll/u_output/bufg_feedback_auto_created_sclk_s_1_r_bk1.clkout
net (fo=52)                             0.224          3.149          net: u_pll/u_output/bufg_feedback_auto_created_sclk_s_1_r_bk1_sclk_outnet,  NOFILE(0)
                                                                      pin: release_sync_reg[2]_syn_6.clk
launch edge                             0.000    r     3.149               
--------------------------------------------------------------------  ---------------
clk2q               x032y044z5          0.062    f     3.211          pin: release_sync_reg[2]_syn_6.oqa
net (fo=60)                             0.145          3.356          net: release_sync[2]_dup_432,  ../../../diagnostics/hdmi_positive/avi_fhd30_top.v(8)
                                                                      pin: u_phy/u1_lane_lvds_8_1/S_shift_data_reg[3]_syn_2.asr
reg                 x033y043z2          0.000    f     3.356               
--------------------------------------------------------------------  ---------------
Arrival                                                3.356               

source latency                          0.000          0.000               
port                C4                  0.000          0.000          pin: I_sys_clk
hierarchy                               0.000          0.000          pin: I_sys_clk_syn_2.ipad
HDIO                x033y078            0.915          0.915          pin: I_sys_clk_syn_2.sg09_di
HDIO                x033y078            0.290          1.205          pin: I_sys_clk_syn_2.di
net (fo=1)          x043y079            0.043          1.248          net: I_sys_clk_dup_1,  ../../../diagnostics/hdmi_positive/avi_fhd30_top.v(3)
                                                                      pin: u_pll/u_ref/ph1p_phy_pll_wrapper_25a56e5ce2f9_Inst/u_PH1P_PHY_PLL.refclk
PLL                 x043y079            0.435          1.683          pin: u_pll/u_ref/ph1p_phy_pll_wrapper_25a56e5ce2f9_Inst/u_PH1P_PHY_PLL.clkc[0]
net (fo=1)                              0.339          2.022          net: u_pll/u_ref/clk0_buf,  ../../../user_source/hdl_source/native_hdmi_pll.v(32)
                                                                      pin: u_pll/u_ref/bufg_feedback.clkin[0]
GCLK                x023y039z16         0.007          2.029          pin: u_pll/u_ref/bufg_feedback.clkout
net (fo=1)                              0.148          2.177          net: u_pll/u_output/ph1p_phy_pll_wrapper_25a56e5ce2f9_Inst/refclk,  ../../../user_source/ip_source/PLL/RTL/ph1p_phy_pll_wrapper_25a56e5ce2f9.v(119)
                                                                      pin: u_pll/u_ref/bufg_feedback_auto_created_sclk_s_0_l_bk1.clkin
SCLK                x023y019z0          0.030          2.207          pin: u_pll/u_ref/bufg_feedback_auto_created_sclk_s_0_l_bk1.clkout
net (fo=1)          x000y039            0.131          2.338          net: u_pll/u_ref/bufg_feedback_auto_created_sclk_s_0_l_bk1_sclk_outnet,  NOFILE(0)
                                                                      pin: u_pll/u_output/ph1p_phy_pll_wrapper_25a56e5ce2f9_Inst/u_PH1P_PHY_PLL.refclk
PLL                 x000y039            0.436          2.774          pin: u_pll/u_output/ph1p_phy_pll_wrapper_25a56e5ce2f9_Inst/u_PH1P_PHY_PLL.clkc[1]
net (fo=1)                              0.334          3.108          net: u_phy/u0_lane_lvds_8_1/I_serial_clk,  ../../../user_source/hdl_source/lane_lvds_10_1.v(8)
                                                                      pin: u_phy/u0_lane_lvds_8_1/I_serial_clk_created_gclkinst.clkin[0]
GCLK                x023y039z1          0.007          3.115          pin: u_phy/u0_lane_lvds_8_1/I_serial_clk_created_gclkinst.clkout
net (fo=1)                              0.158          3.273          net: u_phy/u0_lane_lvds_8_1/I_serial_clk_syn_1,  ../../../user_source/hdl_source/lane_lvds_10_1.v(8)
                                                                      pin: u_phy/u0_lane_lvds_8_1/I_serial_clk_created_gclkinst_auto_created_sclk_s_1_r_bk2.clkin
SCLK                x023y059z13         0.030          3.303          pin: u_phy/u0_lane_lvds_8_1/I_serial_clk_created_gclkinst_auto_created_sclk_s_1_r_bk2.clkout
net (fo=43)                             0.245          3.548          net: u_phy/u0_lane_lvds_8_1/I_serial_clk_created_gclkinst_auto_created_sclk_s_1_r_bk2_sclk_outnet,  NOFILE(0)
                                                                      pin: u_phy/u1_lane_lvds_8_1/S_shift_data_reg[3]_syn_2.clk
capture edge                            0.000    r     3.548               
--------------------------------------------------------------------  ---------------
removal                                 0.000          3.548               
clock uncertainty                       0.050          3.598               
clock pessimism                        -0.264          3.334               
--------------------------------------------------------------------  ---------------
Required                                               3.334               
--------------------------------------------------------------------  ---------------
Slack                                                  0.022               

Slack               : 0.022ns
Begin Point         : release_sync_reg[2]_syn_6.clk (rising edge triggered by clock u_pll/u_output/ph1p_phy_pll_wrapper_25a56e5ce2f9_Inst/u_PH1P_PHY_PLL.clkc[0]  { rise@0.000000ns  fall@6.734000ns  period=13.468000 })
End Point           : u_phy/u1_lane_lvds_8_1/S_shift_data_reg[5]_syn_2.asr (rising edge triggered by clock u_pll/u_output/ph1p_phy_pll_wrapper_25a56e5ce2f9_Inst/u_PH1P_PHY_PLL.clkc[1]  { rise@0.000000ns  fall@1.346000ns  period=2.693000 })
Check Type          : removal
Process             : fast_m40c
Budget              : 0.000ns { u_pll/u_output/ph1p_phy_pll_wrapper_25a56e5ce2f9_Inst/u_PH1P_PHY_PLL.clkc[0] rising@0.000ns - u_pll/u_output/ph1p_phy_pll_wrapper_25a56e5ce2f9_Inst/u_PH1P_PHY_PLL.clkc[1] rising@0.000ns }
Data Path Delay     : 0.207ns (cell 0.062ns (29%), net 0.145ns (71%))
Clock Skew          : 0.135ns
Logic Level         : 0
Max Fanout          : 60
Clock Uncertainty   : 0.050ns (sdc uncertainty: 0.000ns, default uncertainty: 0.050ns)

Delay Type          Location             Incr           Path   Level  Netlist Info
--------------------------------------------------------------------  ---------------
source latency                          0.000          0.000               
port                C4                  0.000          0.000          pin: I_sys_clk
hierarchy                               0.000          0.000          pin: I_sys_clk_syn_2.ipad
HDIO                x033y078            0.810          0.810          pin: I_sys_clk_syn_2.sg09_di
HDIO                x033y078            0.257          1.067          pin: I_sys_clk_syn_2.di
net (fo=1)          x043y079            0.040          1.107          net: I_sys_clk_dup_1,  ../../../diagnostics/hdmi_positive/avi_fhd30_top.v(3)
                                                                      pin: u_pll/u_ref/ph1p_phy_pll_wrapper_25a56e5ce2f9_Inst/u_PH1P_PHY_PLL.refclk
PLL                 x043y079            0.367          1.474          pin: u_pll/u_ref/ph1p_phy_pll_wrapper_25a56e5ce2f9_Inst/u_PH1P_PHY_PLL.clkc[0]
net (fo=1)                              0.312          1.786          net: u_pll/u_ref/clk0_buf,  ../../../user_source/hdl_source/native_hdmi_pll.v(32)
                                                                      pin: u_pll/u_ref/bufg_feedback.clkin[0]
GCLK                x023y039z16         0.006          1.792          pin: u_pll/u_ref/bufg_feedback.clkout
net (fo=1)                              0.136          1.928          net: u_pll/u_output/ph1p_phy_pll_wrapper_25a56e5ce2f9_Inst/refclk,  ../../../user_source/ip_source/PLL/RTL/ph1p_phy_pll_wrapper_25a56e5ce2f9.v(119)
                                                                      pin: u_pll/u_ref/bufg_feedback_auto_created_sclk_s_0_l_bk1.clkin
SCLK                x023y019z0          0.025          1.953          pin: u_pll/u_ref/bufg_feedback_auto_created_sclk_s_0_l_bk1.clkout
net (fo=1)          x000y039            0.121          2.074          net: u_pll/u_ref/bufg_feedback_auto_created_sclk_s_0_l_bk1_sclk_outnet,  NOFILE(0)
                                                                      pin: u_pll/u_output/ph1p_phy_pll_wrapper_25a56e5ce2f9_Inst/u_PH1P_PHY_PLL.refclk
PLL                 x000y039            0.367          2.441          pin: u_pll/u_output/ph1p_phy_pll_wrapper_25a56e5ce2f9_Inst/u_PH1P_PHY_PLL.clkc[0]
net (fo=1)                              0.310          2.751          net: u_pll/u_output/clk0_buf,  ../../../user_source/hdl_source/native_hdmi_pll.v(32)
                                                                      pin: u_pll/u_output/bufg_feedback.clkin[0]
GCLK                x023y039z0          0.006          2.757          pin: u_pll/u_output/bufg_feedback.clkout
net (fo=2)                              0.143          2.900          net: pixel,  ../../../diagnostics/hdmi_positive/avi_fhd30_top.v(5)
                                                                      pin: u_pll/u_output/bufg_feedback_auto_created_sclk_s_1_r_bk1.clkin
SCLK                x023y059z12         0.025          2.925          pin: u_pll/u_output/bufg_feedback_auto_created_sclk_s_1_r_bk1.clkout
net (fo=52)                             0.224          3.149          net: u_pll/u_output/bufg_feedback_auto_created_sclk_s_1_r_bk1_sclk_outnet,  NOFILE(0)
                                                                      pin: release_sync_reg[2]_syn_6.clk
launch edge                             0.000    r     3.149               
--------------------------------------------------------------------  ---------------
clk2q               x032y044z5          0.062    f     3.211          pin: release_sync_reg[2]_syn_6.oqa
net (fo=60)                             0.145          3.356          net: release_sync[2]_dup_432,  ../../../diagnostics/hdmi_positive/avi_fhd30_top.v(8)
                                                                      pin: u_phy/u1_lane_lvds_8_1/S_shift_data_reg[5]_syn_2.asr
reg                 x033y043z1          0.000    f     3.356               
--------------------------------------------------------------------  ---------------
Arrival                                                3.356               

source latency                          0.000          0.000               
port                C4                  0.000          0.000          pin: I_sys_clk
hierarchy                               0.000          0.000          pin: I_sys_clk_syn_2.ipad
HDIO                x033y078            0.915          0.915          pin: I_sys_clk_syn_2.sg09_di
HDIO                x033y078            0.290          1.205          pin: I_sys_clk_syn_2.di
net (fo=1)          x043y079            0.043          1.248          net: I_sys_clk_dup_1,  ../../../diagnostics/hdmi_positive/avi_fhd30_top.v(3)
                                                                      pin: u_pll/u_ref/ph1p_phy_pll_wrapper_25a56e5ce2f9_Inst/u_PH1P_PHY_PLL.refclk
PLL                 x043y079            0.435          1.683          pin: u_pll/u_ref/ph1p_phy_pll_wrapper_25a56e5ce2f9_Inst/u_PH1P_PHY_PLL.clkc[0]
net (fo=1)                              0.339          2.022          net: u_pll/u_ref/clk0_buf,  ../../../user_source/hdl_source/native_hdmi_pll.v(32)
                                                                      pin: u_pll/u_ref/bufg_feedback.clkin[0]
GCLK                x023y039z16         0.007          2.029          pin: u_pll/u_ref/bufg_feedback.clkout
net (fo=1)                              0.148          2.177          net: u_pll/u_output/ph1p_phy_pll_wrapper_25a56e5ce2f9_Inst/refclk,  ../../../user_source/ip_source/PLL/RTL/ph1p_phy_pll_wrapper_25a56e5ce2f9.v(119)
                                                                      pin: u_pll/u_ref/bufg_feedback_auto_created_sclk_s_0_l_bk1.clkin
SCLK                x023y019z0          0.030          2.207          pin: u_pll/u_ref/bufg_feedback_auto_created_sclk_s_0_l_bk1.clkout
net (fo=1)          x000y039            0.131          2.338          net: u_pll/u_ref/bufg_feedback_auto_created_sclk_s_0_l_bk1_sclk_outnet,  NOFILE(0)
                                                                      pin: u_pll/u_output/ph1p_phy_pll_wrapper_25a56e5ce2f9_Inst/u_PH1P_PHY_PLL.refclk
PLL                 x000y039            0.436          2.774          pin: u_pll/u_output/ph1p_phy_pll_wrapper_25a56e5ce2f9_Inst/u_PH1P_PHY_PLL.clkc[1]
net (fo=1)                              0.334          3.108          net: u_phy/u0_lane_lvds_8_1/I_serial_clk,  ../../../user_source/hdl_source/lane_lvds_10_1.v(8)
                                                                      pin: u_phy/u0_lane_lvds_8_1/I_serial_clk_created_gclkinst.clkin[0]
GCLK                x023y039z1          0.007          3.115          pin: u_phy/u0_lane_lvds_8_1/I_serial_clk_created_gclkinst.clkout
net (fo=1)                              0.158          3.273          net: u_phy/u0_lane_lvds_8_1/I_serial_clk_syn_1,  ../../../user_source/hdl_source/lane_lvds_10_1.v(8)
                                                                      pin: u_phy/u0_lane_lvds_8_1/I_serial_clk_created_gclkinst_auto_created_sclk_s_1_r_bk2.clkin
SCLK                x023y059z13         0.030          3.303          pin: u_phy/u0_lane_lvds_8_1/I_serial_clk_created_gclkinst_auto_created_sclk_s_1_r_bk2.clkout
net (fo=43)                             0.245          3.548          net: u_phy/u0_lane_lvds_8_1/I_serial_clk_created_gclkinst_auto_created_sclk_s_1_r_bk2_sclk_outnet,  NOFILE(0)
                                                                      pin: u_phy/u1_lane_lvds_8_1/S_shift_data_reg[5]_syn_2.clk
capture edge                            0.000    r     3.548               
--------------------------------------------------------------------  ---------------
removal                                 0.000          3.548               
clock uncertainty                       0.050          3.598               
clock pessimism                        -0.264          3.334               
--------------------------------------------------------------------  ---------------
Required                                               3.334               
--------------------------------------------------------------------  ---------------
Slack                                                  0.022               

Slack               : 0.022ns
Begin Point         : release_sync_reg[2]_syn_6.clk (rising edge triggered by clock u_pll/u_output/ph1p_phy_pll_wrapper_25a56e5ce2f9_Inst/u_PH1P_PHY_PLL.clkc[0]  { rise@0.000000ns  fall@6.734000ns  period=13.468000 })
End Point           : u_phy/u1_lane_lvds_8_1/S_shift_data_reg[7]_syn_2.asr (rising edge triggered by clock u_pll/u_output/ph1p_phy_pll_wrapper_25a56e5ce2f9_Inst/u_PH1P_PHY_PLL.clkc[1]  { rise@0.000000ns  fall@1.346000ns  period=2.693000 })
Check Type          : removal
Process             : fast_m40c
Budget              : 0.000ns { u_pll/u_output/ph1p_phy_pll_wrapper_25a56e5ce2f9_Inst/u_PH1P_PHY_PLL.clkc[0] rising@0.000ns - u_pll/u_output/ph1p_phy_pll_wrapper_25a56e5ce2f9_Inst/u_PH1P_PHY_PLL.clkc[1] rising@0.000ns }
Data Path Delay     : 0.207ns (cell 0.062ns (29%), net 0.145ns (71%))
Clock Skew          : 0.135ns
Logic Level         : 0
Max Fanout          : 60
Clock Uncertainty   : 0.050ns (sdc uncertainty: 0.000ns, default uncertainty: 0.050ns)

Delay Type          Location             Incr           Path   Level  Netlist Info
--------------------------------------------------------------------  ---------------
source latency                          0.000          0.000               
port                C4                  0.000          0.000          pin: I_sys_clk
hierarchy                               0.000          0.000          pin: I_sys_clk_syn_2.ipad
HDIO                x033y078            0.810          0.810          pin: I_sys_clk_syn_2.sg09_di
HDIO                x033y078            0.257          1.067          pin: I_sys_clk_syn_2.di
net (fo=1)          x043y079            0.040          1.107          net: I_sys_clk_dup_1,  ../../../diagnostics/hdmi_positive/avi_fhd30_top.v(3)
                                                                      pin: u_pll/u_ref/ph1p_phy_pll_wrapper_25a56e5ce2f9_Inst/u_PH1P_PHY_PLL.refclk
PLL                 x043y079            0.367          1.474          pin: u_pll/u_ref/ph1p_phy_pll_wrapper_25a56e5ce2f9_Inst/u_PH1P_PHY_PLL.clkc[0]
net (fo=1)                              0.312          1.786          net: u_pll/u_ref/clk0_buf,  ../../../user_source/hdl_source/native_hdmi_pll.v(32)
                                                                      pin: u_pll/u_ref/bufg_feedback.clkin[0]
GCLK                x023y039z16         0.006          1.792          pin: u_pll/u_ref/bufg_feedback.clkout
net (fo=1)                              0.136          1.928          net: u_pll/u_output/ph1p_phy_pll_wrapper_25a56e5ce2f9_Inst/refclk,  ../../../user_source/ip_source/PLL/RTL/ph1p_phy_pll_wrapper_25a56e5ce2f9.v(119)
                                                                      pin: u_pll/u_ref/bufg_feedback_auto_created_sclk_s_0_l_bk1.clkin
SCLK                x023y019z0          0.025          1.953          pin: u_pll/u_ref/bufg_feedback_auto_created_sclk_s_0_l_bk1.clkout
net (fo=1)          x000y039            0.121          2.074          net: u_pll/u_ref/bufg_feedback_auto_created_sclk_s_0_l_bk1_sclk_outnet,  NOFILE(0)
                                                                      pin: u_pll/u_output/ph1p_phy_pll_wrapper_25a56e5ce2f9_Inst/u_PH1P_PHY_PLL.refclk
PLL                 x000y039            0.367          2.441          pin: u_pll/u_output/ph1p_phy_pll_wrapper_25a56e5ce2f9_Inst/u_PH1P_PHY_PLL.clkc[0]
net (fo=1)                              0.310          2.751          net: u_pll/u_output/clk0_buf,  ../../../user_source/hdl_source/native_hdmi_pll.v(32)
                                                                      pin: u_pll/u_output/bufg_feedback.clkin[0]
GCLK                x023y039z0          0.006          2.757          pin: u_pll/u_output/bufg_feedback.clkout
net (fo=2)                              0.143          2.900          net: pixel,  ../../../diagnostics/hdmi_positive/avi_fhd30_top.v(5)
                                                                      pin: u_pll/u_output/bufg_feedback_auto_created_sclk_s_1_r_bk1.clkin
SCLK                x023y059z12         0.025          2.925          pin: u_pll/u_output/bufg_feedback_auto_created_sclk_s_1_r_bk1.clkout
net (fo=52)                             0.224          3.149          net: u_pll/u_output/bufg_feedback_auto_created_sclk_s_1_r_bk1_sclk_outnet,  NOFILE(0)
                                                                      pin: release_sync_reg[2]_syn_6.clk
launch edge                             0.000    r     3.149               
--------------------------------------------------------------------  ---------------
clk2q               x032y044z5          0.062    f     3.211          pin: release_sync_reg[2]_syn_6.oqa
net (fo=60)                             0.145          3.356          net: release_sync[2]_dup_432,  ../../../diagnostics/hdmi_positive/avi_fhd30_top.v(8)
                                                                      pin: u_phy/u1_lane_lvds_8_1/S_shift_data_reg[7]_syn_2.asr
reg                 x033y043z3          0.000    f     3.356               
--------------------------------------------------------------------  ---------------
Arrival                                                3.356               

source latency                          0.000          0.000               
port                C4                  0.000          0.000          pin: I_sys_clk
hierarchy                               0.000          0.000          pin: I_sys_clk_syn_2.ipad
HDIO                x033y078            0.915          0.915          pin: I_sys_clk_syn_2.sg09_di
HDIO                x033y078            0.290          1.205          pin: I_sys_clk_syn_2.di
net (fo=1)          x043y079            0.043          1.248          net: I_sys_clk_dup_1,  ../../../diagnostics/hdmi_positive/avi_fhd30_top.v(3)
                                                                      pin: u_pll/u_ref/ph1p_phy_pll_wrapper_25a56e5ce2f9_Inst/u_PH1P_PHY_PLL.refclk
PLL                 x043y079            0.435          1.683          pin: u_pll/u_ref/ph1p_phy_pll_wrapper_25a56e5ce2f9_Inst/u_PH1P_PHY_PLL.clkc[0]
net (fo=1)                              0.339          2.022          net: u_pll/u_ref/clk0_buf,  ../../../user_source/hdl_source/native_hdmi_pll.v(32)
                                                                      pin: u_pll/u_ref/bufg_feedback.clkin[0]
GCLK                x023y039z16         0.007          2.029          pin: u_pll/u_ref/bufg_feedback.clkout
net (fo=1)                              0.148          2.177          net: u_pll/u_output/ph1p_phy_pll_wrapper_25a56e5ce2f9_Inst/refclk,  ../../../user_source/ip_source/PLL/RTL/ph1p_phy_pll_wrapper_25a56e5ce2f9.v(119)
                                                                      pin: u_pll/u_ref/bufg_feedback_auto_created_sclk_s_0_l_bk1.clkin
SCLK                x023y019z0          0.030          2.207          pin: u_pll/u_ref/bufg_feedback_auto_created_sclk_s_0_l_bk1.clkout
net (fo=1)          x000y039            0.131          2.338          net: u_pll/u_ref/bufg_feedback_auto_created_sclk_s_0_l_bk1_sclk_outnet,  NOFILE(0)
                                                                      pin: u_pll/u_output/ph1p_phy_pll_wrapper_25a56e5ce2f9_Inst/u_PH1P_PHY_PLL.refclk
PLL                 x000y039            0.436          2.774          pin: u_pll/u_output/ph1p_phy_pll_wrapper_25a56e5ce2f9_Inst/u_PH1P_PHY_PLL.clkc[1]
net (fo=1)                              0.334          3.108          net: u_phy/u0_lane_lvds_8_1/I_serial_clk,  ../../../user_source/hdl_source/lane_lvds_10_1.v(8)
                                                                      pin: u_phy/u0_lane_lvds_8_1/I_serial_clk_created_gclkinst.clkin[0]
GCLK                x023y039z1          0.007          3.115          pin: u_phy/u0_lane_lvds_8_1/I_serial_clk_created_gclkinst.clkout
net (fo=1)                              0.158          3.273          net: u_phy/u0_lane_lvds_8_1/I_serial_clk_syn_1,  ../../../user_source/hdl_source/lane_lvds_10_1.v(8)
                                                                      pin: u_phy/u0_lane_lvds_8_1/I_serial_clk_created_gclkinst_auto_created_sclk_s_1_r_bk2.clkin
SCLK                x023y059z13         0.030          3.303          pin: u_phy/u0_lane_lvds_8_1/I_serial_clk_created_gclkinst_auto_created_sclk_s_1_r_bk2.clkout
net (fo=43)                             0.245          3.548          net: u_phy/u0_lane_lvds_8_1/I_serial_clk_created_gclkinst_auto_created_sclk_s_1_r_bk2_sclk_outnet,  NOFILE(0)
                                                                      pin: u_phy/u1_lane_lvds_8_1/S_shift_data_reg[7]_syn_2.clk
capture edge                            0.000    r     3.548               
--------------------------------------------------------------------  ---------------
removal                                 0.000          3.548               
clock uncertainty                       0.050          3.598               
clock pessimism                        -0.264          3.334               
--------------------------------------------------------------------  ---------------
Required                                               3.334               
--------------------------------------------------------------------  ---------------
Slack                                                  0.022               

Slack               : 0.027ns
Begin Point         : u_red/symbol_reg[0]_syn_2.clk (rising edge triggered by clock u_pll/u_output/ph1p_phy_pll_wrapper_25a56e5ce2f9_Inst/u_PH1P_PHY_PLL.clkc[0]  { rise@0.000000ns  fall@6.734000ns  period=13.468000 })
End Point           : u_phy/u2_lane_lvds_8_1/S_shift_data_reg[6]_syn_2.imf (rising edge triggered by clock u_pll/u_output/ph1p_phy_pll_wrapper_25a56e5ce2f9_Inst/u_PH1P_PHY_PLL.clkc[1]  { rise@0.000000ns  fall@1.346000ns  period=2.693000 })
Check Type          : hold
Process             : fast_25c
Budget              : 0.000ns { u_pll/u_output/ph1p_phy_pll_wrapper_25a56e5ce2f9_Inst/u_PH1P_PHY_PLL.clkc[0] rising@0.000ns - u_pll/u_output/ph1p_phy_pll_wrapper_25a56e5ce2f9_Inst/u_PH1P_PHY_PLL.clkc[1] rising@0.000ns }
Data Path Delay     : 0.349ns (cell 0.174ns (49%), net 0.175ns (51%))
Clock Skew          : 0.247ns
Logic Level         : 1 ( LUT5=1 )
Max Fanout          : 5
Clock Uncertainty   : 0.050ns (sdc uncertainty: 0.000ns, default uncertainty: 0.050ns)

Delay Type          Location             Incr           Path   Level  Netlist Info
--------------------------------------------------------------------  ---------------
source latency                          0.000          0.000               
port                C4                  0.000          0.000          pin: I_sys_clk
hierarchy                               0.000          0.000          pin: I_sys_clk_syn_2.ipad
HDIO                x033y078            0.745          0.745          pin: I_sys_clk_syn_2.sg09_di
HDIO                x033y078            0.236          0.981          pin: I_sys_clk_syn_2.di
net (fo=1)          x043y079            0.058          1.039          net: I_sys_clk_dup_1,  ../../../diagnostics/hdmi_positive/avi_fhd30_top.v(3)
                                                                      pin: u_pll/u_ref/ph1p_phy_pll_wrapper_25a56e5ce2f9_Inst/u_PH1P_PHY_PLL.refclk
PLL                 x043y079            0.482          1.521          pin: u_pll/u_ref/ph1p_phy_pll_wrapper_25a56e5ce2f9_Inst/u_PH1P_PHY_PLL.clkc[0]
net (fo=1)                              0.418          1.939          net: u_pll/u_ref/clk0_buf,  ../../../user_source/hdl_source/native_hdmi_pll.v(32)
                                                                      pin: u_pll/u_ref/bufg_feedback.clkin[0]
GCLK                x023y039z16         0.009          1.948          pin: u_pll/u_ref/bufg_feedback.clkout
net (fo=1)                              0.195          2.143          net: u_pll/u_output/ph1p_phy_pll_wrapper_25a56e5ce2f9_Inst/refclk,  ../../../user_source/ip_source/PLL/RTL/ph1p_phy_pll_wrapper_25a56e5ce2f9.v(119)
                                                                      pin: u_pll/u_ref/bufg_feedback_auto_created_sclk_s_0_l_bk1.clkin
SCLK                x023y019z0          0.040          2.183          pin: u_pll/u_ref/bufg_feedback_auto_created_sclk_s_0_l_bk1.clkout
net (fo=1)          x000y039            0.170          2.353          net: u_pll/u_ref/bufg_feedback_auto_created_sclk_s_0_l_bk1_sclk_outnet,  NOFILE(0)
                                                                      pin: u_pll/u_output/ph1p_phy_pll_wrapper_25a56e5ce2f9_Inst/u_PH1P_PHY_PLL.refclk
PLL                 x000y039            0.482          2.835          pin: u_pll/u_output/ph1p_phy_pll_wrapper_25a56e5ce2f9_Inst/u_PH1P_PHY_PLL.clkc[0]
net (fo=1)                              0.411          3.246          net: u_pll/u_output/clk0_buf,  ../../../user_source/hdl_source/native_hdmi_pll.v(32)
                                                                      pin: u_pll/u_output/bufg_feedback.clkin[0]
GCLK                x023y039z0          0.009          3.255          pin: u_pll/u_output/bufg_feedback.clkout
net (fo=2)                              0.205          3.460          net: pixel,  ../../../diagnostics/hdmi_positive/avi_fhd30_top.v(5)
                                                                      pin: u_pll/u_output/bufg_feedback_auto_created_sclk_s_1_r_bk1.clkin
SCLK                x023y059z12         0.040          3.500          pin: u_pll/u_output/bufg_feedback_auto_created_sclk_s_1_r_bk1.clkout
net (fo=52)                             0.327          3.827          net: u_pll/u_output/bufg_feedback_auto_created_sclk_s_1_r_bk1_sclk_outnet,  NOFILE(0)
                                                                      pin: u_red/symbol_reg[0]_syn_2.clk
launch edge                             0.000    r     3.827               
--------------------------------------------------------------------  ---------------
clk2q               x034y043z1          0.081    f     3.908          pin: u_red/symbol_reg[0]_syn_2.oqa
net (fo=5)                              0.175          4.083          net: u_packet/video_r[0],  ../../../diagnostics/hdmi_positive/hdmi_avi_insert.v(7)
                                                                      pin: u_phy/u2_lane_lvds_8_1/S_shift_data_reg[6]_syn_2.imf
LUT5 (reg)          x035y044z3          0.093    r     4.176       1  net: u_phy/u2_lane_lvds_8_1/S_shift_data[6],  ../../../user_source/hdl_source/lane_lvds_10_1.v(22)
--------------------------------------------------------------------  ---------------
Arrival                                                4.176               

source latency                          0.000          0.000               
port                C4                  0.000          0.000          pin: I_sys_clk
hierarchy                               0.000          0.000          pin: I_sys_clk_syn_2.ipad
HDIO                x033y078            0.810          0.810          pin: I_sys_clk_syn_2.sg09_di
HDIO                x033y078            0.257          1.067          pin: I_sys_clk_syn_2.di
net (fo=1)          x043y079            0.068          1.135          net: I_sys_clk_dup_1,  ../../../diagnostics/hdmi_positive/avi_fhd30_top.v(3)
                                                                      pin: u_pll/u_ref/ph1p_phy_pll_wrapper_25a56e5ce2f9_Inst/u_PH1P_PHY_PLL.refclk
PLL                 x043y079            0.566          1.701          pin: u_pll/u_ref/ph1p_phy_pll_wrapper_25a56e5ce2f9_Inst/u_PH1P_PHY_PLL.clkc[0]
net (fo=1)                              0.488          2.189          net: u_pll/u_ref/clk0_buf,  ../../../user_source/hdl_source/native_hdmi_pll.v(32)
                                                                      pin: u_pll/u_ref/bufg_feedback.clkin[0]
GCLK                x023y039z16         0.010          2.199          pin: u_pll/u_ref/bufg_feedback.clkout
net (fo=1)                              0.227          2.426          net: u_pll/u_output/ph1p_phy_pll_wrapper_25a56e5ce2f9_Inst/refclk,  ../../../user_source/ip_source/PLL/RTL/ph1p_phy_pll_wrapper_25a56e5ce2f9.v(119)
                                                                      pin: u_pll/u_ref/bufg_feedback_auto_created_sclk_s_0_l_bk1.clkin
SCLK                x023y019z0          0.047          2.473          pin: u_pll/u_ref/bufg_feedback_auto_created_sclk_s_0_l_bk1.clkout
net (fo=1)          x000y039            0.199          2.672          net: u_pll/u_ref/bufg_feedback_auto_created_sclk_s_0_l_bk1_sclk_outnet,  NOFILE(0)
                                                                      pin: u_pll/u_output/ph1p_phy_pll_wrapper_25a56e5ce2f9_Inst/u_PH1P_PHY_PLL.refclk
PLL                 x000y039            0.567          3.239          pin: u_pll/u_output/ph1p_phy_pll_wrapper_25a56e5ce2f9_Inst/u_PH1P_PHY_PLL.clkc[1]
net (fo=1)                              0.480          3.719          net: u_phy/u0_lane_lvds_8_1/I_serial_clk,  ../../../user_source/hdl_source/lane_lvds_10_1.v(8)
                                                                      pin: u_phy/u0_lane_lvds_8_1/I_serial_clk_created_gclkinst.clkin[0]
GCLK                x023y039z1          0.010          3.729          pin: u_phy/u0_lane_lvds_8_1/I_serial_clk_created_gclkinst.clkout
net (fo=1)                              0.239          3.968          net: u_phy/u0_lane_lvds_8_1/I_serial_clk_syn_1,  ../../../user_source/hdl_source/lane_lvds_10_1.v(8)
                                                                      pin: u_phy/u0_lane_lvds_8_1/I_serial_clk_created_gclkinst_auto_created_sclk_s_1_r_bk2.clkin
SCLK                x023y059z13         0.047          4.015          pin: u_phy/u0_lane_lvds_8_1/I_serial_clk_created_gclkinst_auto_created_sclk_s_1_r_bk2.clkout
net (fo=43)                             0.378          4.393          net: u_phy/u0_lane_lvds_8_1/I_serial_clk_created_gclkinst_auto_created_sclk_s_1_r_bk2_sclk_outnet,  NOFILE(0)
                                                                      pin: u_phy/u2_lane_lvds_8_1/S_shift_data_reg[6]_syn_2.clk
capture edge                            0.000    r     4.393               
--------------------------------------------------------------------  ---------------
hold                                    0.025          4.418               
clock uncertainty                       0.050          4.468               
clock pessimism                        -0.319          4.149               
--------------------------------------------------------------------  ---------------
Required                                               4.149               
--------------------------------------------------------------------  ---------------
Slack                                                  0.027               

Slack               : 0.029ns
Begin Point         : u_blue/symbol_reg[9]_syn_2.clk (rising edge triggered by clock u_pll/u_output/ph1p_phy_pll_wrapper_25a56e5ce2f9_Inst/u_PH1P_PHY_PLL.clkc[0]  { rise@0.000000ns  fall@6.734000ns  period=13.468000 })
End Point           : u_phy/u0_lane_lvds_8_1/S_shift_data_reg[0]_syn_2.ia (rising edge triggered by clock u_pll/u_output/ph1p_phy_pll_wrapper_25a56e5ce2f9_Inst/u_PH1P_PHY_PLL.clkc[1]  { rise@0.000000ns  fall@1.346000ns  period=2.693000 })
Check Type          : hold
Process             : fast_25c
Budget              : 0.000ns { u_pll/u_output/ph1p_phy_pll_wrapper_25a56e5ce2f9_Inst/u_PH1P_PHY_PLL.clkc[0] rising@0.000ns - u_pll/u_output/ph1p_phy_pll_wrapper_25a56e5ce2f9_Inst/u_PH1P_PHY_PLL.clkc[1] rising@0.000ns }
Data Path Delay     : 0.348ns (cell 0.252ns (72%), net 0.096ns (28%))
Clock Skew          : 0.244ns
Logic Level         : 1 ( LUT4=1 )
Max Fanout          : 1
Clock Uncertainty   : 0.050ns (sdc uncertainty: 0.000ns, default uncertainty: 0.050ns)

Delay Type          Location             Incr           Path   Level  Netlist Info
--------------------------------------------------------------------  ---------------
source latency                          0.000          0.000               
port                C4                  0.000          0.000          pin: I_sys_clk
hierarchy                               0.000          0.000          pin: I_sys_clk_syn_2.ipad
HDIO                x033y078            0.745          0.745          pin: I_sys_clk_syn_2.sg09_di
HDIO                x033y078            0.236          0.981          pin: I_sys_clk_syn_2.di
net (fo=1)          x043y079            0.058          1.039          net: I_sys_clk_dup_1,  ../../../diagnostics/hdmi_positive/avi_fhd30_top.v(3)
                                                                      pin: u_pll/u_ref/ph1p_phy_pll_wrapper_25a56e5ce2f9_Inst/u_PH1P_PHY_PLL.refclk
PLL                 x043y079            0.482          1.521          pin: u_pll/u_ref/ph1p_phy_pll_wrapper_25a56e5ce2f9_Inst/u_PH1P_PHY_PLL.clkc[0]
net (fo=1)                              0.418          1.939          net: u_pll/u_ref/clk0_buf,  ../../../user_source/hdl_source/native_hdmi_pll.v(32)
                                                                      pin: u_pll/u_ref/bufg_feedback.clkin[0]
GCLK                x023y039z16         0.009          1.948          pin: u_pll/u_ref/bufg_feedback.clkout
net (fo=1)                              0.195          2.143          net: u_pll/u_output/ph1p_phy_pll_wrapper_25a56e5ce2f9_Inst/refclk,  ../../../user_source/ip_source/PLL/RTL/ph1p_phy_pll_wrapper_25a56e5ce2f9.v(119)
                                                                      pin: u_pll/u_ref/bufg_feedback_auto_created_sclk_s_0_l_bk1.clkin
SCLK                x023y019z0          0.040          2.183          pin: u_pll/u_ref/bufg_feedback_auto_created_sclk_s_0_l_bk1.clkout
net (fo=1)          x000y039            0.170          2.353          net: u_pll/u_ref/bufg_feedback_auto_created_sclk_s_0_l_bk1_sclk_outnet,  NOFILE(0)
                                                                      pin: u_pll/u_output/ph1p_phy_pll_wrapper_25a56e5ce2f9_Inst/u_PH1P_PHY_PLL.refclk
PLL                 x000y039            0.482          2.835          pin: u_pll/u_output/ph1p_phy_pll_wrapper_25a56e5ce2f9_Inst/u_PH1P_PHY_PLL.clkc[0]
net (fo=1)                              0.411          3.246          net: u_pll/u_output/clk0_buf,  ../../../user_source/hdl_source/native_hdmi_pll.v(32)
                                                                      pin: u_pll/u_output/bufg_feedback.clkin[0]
GCLK                x023y039z0          0.009          3.255          pin: u_pll/u_output/bufg_feedback.clkout
net (fo=2)                              0.205          3.460          net: pixel,  ../../../diagnostics/hdmi_positive/avi_fhd30_top.v(5)
                                                                      pin: u_pll/u_output/bufg_feedback_auto_created_sclk_s_1_r_bk1.clkin
SCLK                x023y059z12         0.040          3.500          pin: u_pll/u_output/bufg_feedback_auto_created_sclk_s_1_r_bk1.clkout
net (fo=52)                             0.327          3.827          net: u_pll/u_output/bufg_feedback_auto_created_sclk_s_1_r_bk1_sclk_outnet,  NOFILE(0)
                                                                      pin: u_blue/symbol_reg[9]_syn_2.clk
launch edge                             0.000    r     3.827               
--------------------------------------------------------------------  ---------------
clk2q               x033y040z1          0.081    f     3.908          pin: u_blue/symbol_reg[9]_syn_2.oqa
net (fo=1)                              0.096          4.004          net: u_packet/video_b[9],  ../../../diagnostics/hdmi_positive/hdmi_avi_insert.v(7)
                                                                      pin: u_phy/u0_lane_lvds_8_1/S_shift_data_reg[0]_syn_2.ia
LUT4 (reg)          x033y041z7          0.171    f     4.175       1  net: u_phy/u0_lane_lvds_8_1/S_shift_data[0],  ../../../user_source/hdl_source/lane_lvds_10_1.v(22)
--------------------------------------------------------------------  ---------------
Arrival                                                4.175               

source latency                          0.000          0.000               
port                C4                  0.000          0.000          pin: I_sys_clk
hierarchy                               0.000          0.000          pin: I_sys_clk_syn_2.ipad
HDIO                x033y078            0.810          0.810          pin: I_sys_clk_syn_2.sg09_di
HDIO                x033y078            0.257          1.067          pin: I_sys_clk_syn_2.di
net (fo=1)          x043y079            0.068          1.135          net: I_sys_clk_dup_1,  ../../../diagnostics/hdmi_positive/avi_fhd30_top.v(3)
                                                                      pin: u_pll/u_ref/ph1p_phy_pll_wrapper_25a56e5ce2f9_Inst/u_PH1P_PHY_PLL.refclk
PLL                 x043y079            0.566          1.701          pin: u_pll/u_ref/ph1p_phy_pll_wrapper_25a56e5ce2f9_Inst/u_PH1P_PHY_PLL.clkc[0]
net (fo=1)                              0.488          2.189          net: u_pll/u_ref/clk0_buf,  ../../../user_source/hdl_source/native_hdmi_pll.v(32)
                                                                      pin: u_pll/u_ref/bufg_feedback.clkin[0]
GCLK                x023y039z16         0.010          2.199          pin: u_pll/u_ref/bufg_feedback.clkout
net (fo=1)                              0.227          2.426          net: u_pll/u_output/ph1p_phy_pll_wrapper_25a56e5ce2f9_Inst/refclk,  ../../../user_source/ip_source/PLL/RTL/ph1p_phy_pll_wrapper_25a56e5ce2f9.v(119)
                                                                      pin: u_pll/u_ref/bufg_feedback_auto_created_sclk_s_0_l_bk1.clkin
SCLK                x023y019z0          0.047          2.473          pin: u_pll/u_ref/bufg_feedback_auto_created_sclk_s_0_l_bk1.clkout
net (fo=1)          x000y039            0.199          2.672          net: u_pll/u_ref/bufg_feedback_auto_created_sclk_s_0_l_bk1_sclk_outnet,  NOFILE(0)
                                                                      pin: u_pll/u_output/ph1p_phy_pll_wrapper_25a56e5ce2f9_Inst/u_PH1P_PHY_PLL.refclk
PLL                 x000y039            0.567          3.239          pin: u_pll/u_output/ph1p_phy_pll_wrapper_25a56e5ce2f9_Inst/u_PH1P_PHY_PLL.clkc[1]
net (fo=1)                              0.480          3.719          net: u_phy/u0_lane_lvds_8_1/I_serial_clk,  ../../../user_source/hdl_source/lane_lvds_10_1.v(8)
                                                                      pin: u_phy/u0_lane_lvds_8_1/I_serial_clk_created_gclkinst.clkin[0]
GCLK                x023y039z1          0.010          3.729          pin: u_phy/u0_lane_lvds_8_1/I_serial_clk_created_gclkinst.clkout
net (fo=1)                              0.239          3.968          net: u_phy/u0_lane_lvds_8_1/I_serial_clk_syn_1,  ../../../user_source/hdl_source/lane_lvds_10_1.v(8)
                                                                      pin: u_phy/u0_lane_lvds_8_1/I_serial_clk_created_gclkinst_auto_created_sclk_s_1_r_bk2.clkin
SCLK                x023y059z13         0.047          4.015          pin: u_phy/u0_lane_lvds_8_1/I_serial_clk_created_gclkinst_auto_created_sclk_s_1_r_bk2.clkout
net (fo=43)                             0.375          4.390          net: u_phy/u0_lane_lvds_8_1/I_serial_clk_created_gclkinst_auto_created_sclk_s_1_r_bk2_sclk_outnet,  NOFILE(0)
                                                                      pin: u_phy/u0_lane_lvds_8_1/S_shift_data_reg[0]_syn_2.clk
capture edge                            0.000    r     4.390               
--------------------------------------------------------------------  ---------------
hold                                    0.025          4.415               
clock uncertainty                       0.050          4.465               
clock pessimism                        -0.319          4.146               
--------------------------------------------------------------------  ---------------
Required                                               4.146               
--------------------------------------------------------------------  ---------------
Slack                                                  0.029               

Slack               : 0.029ns
Begin Point         : u_packet/override_r_reg_syn_3.clk (rising edge triggered by clock u_pll/u_output/ph1p_phy_pll_wrapper_25a56e5ce2f9_Inst/u_PH1P_PHY_PLL.clkc[0]  { rise@0.000000ns  fall@6.734000ns  period=13.468000 })
End Point           : u_phy/u0_lane_lvds_8_1/S_shift_data_reg[9]_syn_2.id (rising edge triggered by clock u_pll/u_output/ph1p_phy_pll_wrapper_25a56e5ce2f9_Inst/u_PH1P_PHY_PLL.clkc[1]  { rise@0.000000ns  fall@1.346000ns  period=2.693000 })
Check Type          : hold
Process             : fast_m40c
Budget              : 0.000ns { u_pll/u_output/ph1p_phy_pll_wrapper_25a56e5ce2f9_Inst/u_PH1P_PHY_PLL.clkc[0] rising@0.000ns - u_pll/u_output/ph1p_phy_pll_wrapper_25a56e5ce2f9_Inst/u_PH1P_PHY_PLL.clkc[1] rising@0.000ns }
Data Path Delay     : 0.230ns (cell 0.120ns (52%), net 0.110ns (48%))
Clock Skew          : 0.139ns
Logic Level         : 1 ( LUT5=1 )
Max Fanout          : 30
Clock Uncertainty   : 0.050ns (sdc uncertainty: 0.000ns, default uncertainty: 0.050ns)

Delay Type          Location             Incr           Path   Level  Netlist Info
--------------------------------------------------------------------  ---------------
source latency                          0.000          0.000               
port                C4                  0.000          0.000          pin: I_sys_clk
hierarchy                               0.000          0.000          pin: I_sys_clk_syn_2.ipad
HDIO                x033y078            0.810          0.810          pin: I_sys_clk_syn_2.sg09_di
HDIO                x033y078            0.257          1.067          pin: I_sys_clk_syn_2.di
net (fo=1)          x043y079            0.040          1.107          net: I_sys_clk_dup_1,  ../../../diagnostics/hdmi_positive/avi_fhd30_top.v(3)
                                                                      pin: u_pll/u_ref/ph1p_phy_pll_wrapper_25a56e5ce2f9_Inst/u_PH1P_PHY_PLL.refclk
PLL                 x043y079            0.367          1.474          pin: u_pll/u_ref/ph1p_phy_pll_wrapper_25a56e5ce2f9_Inst/u_PH1P_PHY_PLL.clkc[0]
net (fo=1)                              0.312          1.786          net: u_pll/u_ref/clk0_buf,  ../../../user_source/hdl_source/native_hdmi_pll.v(32)
                                                                      pin: u_pll/u_ref/bufg_feedback.clkin[0]
GCLK                x023y039z16         0.006          1.792          pin: u_pll/u_ref/bufg_feedback.clkout
net (fo=1)                              0.136          1.928          net: u_pll/u_output/ph1p_phy_pll_wrapper_25a56e5ce2f9_Inst/refclk,  ../../../user_source/ip_source/PLL/RTL/ph1p_phy_pll_wrapper_25a56e5ce2f9.v(119)
                                                                      pin: u_pll/u_ref/bufg_feedback_auto_created_sclk_s_0_l_bk1.clkin
SCLK                x023y019z0          0.025          1.953          pin: u_pll/u_ref/bufg_feedback_auto_created_sclk_s_0_l_bk1.clkout
net (fo=1)          x000y039            0.121          2.074          net: u_pll/u_ref/bufg_feedback_auto_created_sclk_s_0_l_bk1_sclk_outnet,  NOFILE(0)
                                                                      pin: u_pll/u_output/ph1p_phy_pll_wrapper_25a56e5ce2f9_Inst/u_PH1P_PHY_PLL.refclk
PLL                 x000y039            0.367          2.441          pin: u_pll/u_output/ph1p_phy_pll_wrapper_25a56e5ce2f9_Inst/u_PH1P_PHY_PLL.clkc[0]
net (fo=1)                              0.310          2.751          net: u_pll/u_output/clk0_buf,  ../../../user_source/hdl_source/native_hdmi_pll.v(32)
                                                                      pin: u_pll/u_output/bufg_feedback.clkin[0]
GCLK                x023y039z0          0.006          2.757          pin: u_pll/u_output/bufg_feedback.clkout
net (fo=2)                              0.143          2.900          net: pixel,  ../../../diagnostics/hdmi_positive/avi_fhd30_top.v(5)
                                                                      pin: u_pll/u_output/bufg_feedback_auto_created_sclk_s_1_r_bk1.clkin
SCLK                x023y059z12         0.025          2.925          pin: u_pll/u_output/bufg_feedback_auto_created_sclk_s_1_r_bk1.clkout
net (fo=52)                             0.223          3.148          net: u_pll/u_output/bufg_feedback_auto_created_sclk_s_1_r_bk1_sclk_outnet,  NOFILE(0)
                                                                      pin: u_packet/override_r_reg_syn_3.clk
launch edge                             0.000    r     3.148               
--------------------------------------------------------------------  ---------------
clk2q               x035y042z2          0.062    f     3.210          pin: u_packet/override_r_reg_syn_3.oqa
net (fo=30)                             0.110          3.320          net: u_packet/override_r,  ../../../diagnostics/hdmi_positive/hdmi_avi_insert.v(62)
                                                                      pin: u_phy/u0_lane_lvds_8_1/S_shift_data_reg[9]_syn_2.id
LUT5 (reg)          x034y043z7          0.058    f     3.378       1  net: u_phy/u0_lane_lvds_8_1/S_shift_data[9],  ../../../user_source/hdl_source/lane_lvds_10_1.v(22)
--------------------------------------------------------------------  ---------------
Arrival                                                3.378               

source latency                          0.000          0.000               
port                C4                  0.000          0.000          pin: I_sys_clk
hierarchy                               0.000          0.000          pin: I_sys_clk_syn_2.ipad
HDIO                x033y078            0.915          0.915          pin: I_sys_clk_syn_2.sg09_di
HDIO                x033y078            0.290          1.205          pin: I_sys_clk_syn_2.di
net (fo=1)          x043y079            0.043          1.248          net: I_sys_clk_dup_1,  ../../../diagnostics/hdmi_positive/avi_fhd30_top.v(3)
                                                                      pin: u_pll/u_ref/ph1p_phy_pll_wrapper_25a56e5ce2f9_Inst/u_PH1P_PHY_PLL.refclk
PLL                 x043y079            0.435          1.683          pin: u_pll/u_ref/ph1p_phy_pll_wrapper_25a56e5ce2f9_Inst/u_PH1P_PHY_PLL.clkc[0]
net (fo=1)                              0.339          2.022          net: u_pll/u_ref/clk0_buf,  ../../../user_source/hdl_source/native_hdmi_pll.v(32)
                                                                      pin: u_pll/u_ref/bufg_feedback.clkin[0]
GCLK                x023y039z16         0.007          2.029          pin: u_pll/u_ref/bufg_feedback.clkout
net (fo=1)                              0.148          2.177          net: u_pll/u_output/ph1p_phy_pll_wrapper_25a56e5ce2f9_Inst/refclk,  ../../../user_source/ip_source/PLL/RTL/ph1p_phy_pll_wrapper_25a56e5ce2f9.v(119)
                                                                      pin: u_pll/u_ref/bufg_feedback_auto_created_sclk_s_0_l_bk1.clkin
SCLK                x023y019z0          0.030          2.207          pin: u_pll/u_ref/bufg_feedback_auto_created_sclk_s_0_l_bk1.clkout
net (fo=1)          x000y039            0.131          2.338          net: u_pll/u_ref/bufg_feedback_auto_created_sclk_s_0_l_bk1_sclk_outnet,  NOFILE(0)
                                                                      pin: u_pll/u_output/ph1p_phy_pll_wrapper_25a56e5ce2f9_Inst/u_PH1P_PHY_PLL.refclk
PLL                 x000y039            0.436          2.774          pin: u_pll/u_output/ph1p_phy_pll_wrapper_25a56e5ce2f9_Inst/u_PH1P_PHY_PLL.clkc[1]
net (fo=1)                              0.334          3.108          net: u_phy/u0_lane_lvds_8_1/I_serial_clk,  ../../../user_source/hdl_source/lane_lvds_10_1.v(8)
                                                                      pin: u_phy/u0_lane_lvds_8_1/I_serial_clk_created_gclkinst.clkin[0]
GCLK                x023y039z1          0.007          3.115          pin: u_phy/u0_lane_lvds_8_1/I_serial_clk_created_gclkinst.clkout
net (fo=1)                              0.158          3.273          net: u_phy/u0_lane_lvds_8_1/I_serial_clk_syn_1,  ../../../user_source/hdl_source/lane_lvds_10_1.v(8)
                                                                      pin: u_phy/u0_lane_lvds_8_1/I_serial_clk_created_gclkinst_auto_created_sclk_s_1_r_bk2.clkin
SCLK                x023y059z13         0.030          3.303          pin: u_phy/u0_lane_lvds_8_1/I_serial_clk_created_gclkinst_auto_created_sclk_s_1_r_bk2.clkout
net (fo=43)                             0.248          3.551          net: u_phy/u0_lane_lvds_8_1/I_serial_clk_created_gclkinst_auto_created_sclk_s_1_r_bk2_sclk_outnet,  NOFILE(0)
                                                                      pin: u_phy/u0_lane_lvds_8_1/S_shift_data_reg[9]_syn_2.clk
capture edge                            0.000    r     3.551               
--------------------------------------------------------------------  ---------------
hold                                    0.012          3.563               
clock uncertainty                       0.050          3.613               
clock pessimism                        -0.264          3.349               
--------------------------------------------------------------------  ---------------
Required                                               3.349               
--------------------------------------------------------------------  ---------------
Slack                                                  0.029               

Slack               : 0.029ns
Begin Point         : u_packet/override_r_reg_syn_3.clk (rising edge triggered by clock u_pll/u_output/ph1p_phy_pll_wrapper_25a56e5ce2f9_Inst/u_PH1P_PHY_PLL.clkc[0]  { rise@0.000000ns  fall@6.734000ns  period=13.468000 })
End Point           : u_phy/u0_lane_lvds_8_1/S_shift_data_reg[2]_syn_2.id (rising edge triggered by clock u_pll/u_output/ph1p_phy_pll_wrapper_25a56e5ce2f9_Inst/u_PH1P_PHY_PLL.clkc[1]  { rise@0.000000ns  fall@1.346000ns  period=2.693000 })
Check Type          : hold
Process             : fast_m40c
Budget              : 0.000ns { u_pll/u_output/ph1p_phy_pll_wrapper_25a56e5ce2f9_Inst/u_PH1P_PHY_PLL.clkc[0] rising@0.000ns - u_pll/u_output/ph1p_phy_pll_wrapper_25a56e5ce2f9_Inst/u_PH1P_PHY_PLL.clkc[1] rising@0.000ns }
Data Path Delay     : 0.230ns (cell 0.120ns (52%), net 0.110ns (48%))
Clock Skew          : 0.139ns
Logic Level         : 1 ( LUT5=1 )
Max Fanout          : 30
Clock Uncertainty   : 0.050ns (sdc uncertainty: 0.000ns, default uncertainty: 0.050ns)

Delay Type          Location             Incr           Path   Level  Netlist Info
--------------------------------------------------------------------  ---------------
source latency                          0.000          0.000               
port                C4                  0.000          0.000          pin: I_sys_clk
hierarchy                               0.000          0.000          pin: I_sys_clk_syn_2.ipad
HDIO                x033y078            0.810          0.810          pin: I_sys_clk_syn_2.sg09_di
HDIO                x033y078            0.257          1.067          pin: I_sys_clk_syn_2.di
net (fo=1)          x043y079            0.040          1.107          net: I_sys_clk_dup_1,  ../../../diagnostics/hdmi_positive/avi_fhd30_top.v(3)
                                                                      pin: u_pll/u_ref/ph1p_phy_pll_wrapper_25a56e5ce2f9_Inst/u_PH1P_PHY_PLL.refclk
PLL                 x043y079            0.367          1.474          pin: u_pll/u_ref/ph1p_phy_pll_wrapper_25a56e5ce2f9_Inst/u_PH1P_PHY_PLL.clkc[0]
net (fo=1)                              0.312          1.786          net: u_pll/u_ref/clk0_buf,  ../../../user_source/hdl_source/native_hdmi_pll.v(32)
                                                                      pin: u_pll/u_ref/bufg_feedback.clkin[0]
GCLK                x023y039z16         0.006          1.792          pin: u_pll/u_ref/bufg_feedback.clkout
net (fo=1)                              0.136          1.928          net: u_pll/u_output/ph1p_phy_pll_wrapper_25a56e5ce2f9_Inst/refclk,  ../../../user_source/ip_source/PLL/RTL/ph1p_phy_pll_wrapper_25a56e5ce2f9.v(119)
                                                                      pin: u_pll/u_ref/bufg_feedback_auto_created_sclk_s_0_l_bk1.clkin
SCLK                x023y019z0          0.025          1.953          pin: u_pll/u_ref/bufg_feedback_auto_created_sclk_s_0_l_bk1.clkout
net (fo=1)          x000y039            0.121          2.074          net: u_pll/u_ref/bufg_feedback_auto_created_sclk_s_0_l_bk1_sclk_outnet,  NOFILE(0)
                                                                      pin: u_pll/u_output/ph1p_phy_pll_wrapper_25a56e5ce2f9_Inst/u_PH1P_PHY_PLL.refclk
PLL                 x000y039            0.367          2.441          pin: u_pll/u_output/ph1p_phy_pll_wrapper_25a56e5ce2f9_Inst/u_PH1P_PHY_PLL.clkc[0]
net (fo=1)                              0.310          2.751          net: u_pll/u_output/clk0_buf,  ../../../user_source/hdl_source/native_hdmi_pll.v(32)
                                                                      pin: u_pll/u_output/bufg_feedback.clkin[0]
GCLK                x023y039z0          0.006          2.757          pin: u_pll/u_output/bufg_feedback.clkout
net (fo=2)                              0.143          2.900          net: pixel,  ../../../diagnostics/hdmi_positive/avi_fhd30_top.v(5)
                                                                      pin: u_pll/u_output/bufg_feedback_auto_created_sclk_s_1_r_bk1.clkin
SCLK                x023y059z12         0.025          2.925          pin: u_pll/u_output/bufg_feedback_auto_created_sclk_s_1_r_bk1.clkout
net (fo=52)                             0.223          3.148          net: u_pll/u_output/bufg_feedback_auto_created_sclk_s_1_r_bk1_sclk_outnet,  NOFILE(0)
                                                                      pin: u_packet/override_r_reg_syn_3.clk
launch edge                             0.000    r     3.148               
--------------------------------------------------------------------  ---------------
clk2q               x035y042z2          0.062    f     3.210          pin: u_packet/override_r_reg_syn_3.oqa
net (fo=30)                             0.110          3.320          net: u_packet/override_r,  ../../../diagnostics/hdmi_positive/hdmi_avi_insert.v(62)
                                                                      pin: u_phy/u0_lane_lvds_8_1/S_shift_data_reg[2]_syn_2.id
LUT5 (reg)          x034y043z4          0.058    f     3.378       1  net: u_phy/u0_lane_lvds_8_1/S_shift_data[2],  ../../../user_source/hdl_source/lane_lvds_10_1.v(22)
--------------------------------------------------------------------  ---------------
Arrival                                                3.378               

source latency                          0.000          0.000               
port                C4                  0.000          0.000          pin: I_sys_clk
hierarchy                               0.000          0.000          pin: I_sys_clk_syn_2.ipad
HDIO                x033y078            0.915          0.915          pin: I_sys_clk_syn_2.sg09_di
HDIO                x033y078            0.290          1.205          pin: I_sys_clk_syn_2.di
net (fo=1)          x043y079            0.043          1.248          net: I_sys_clk_dup_1,  ../../../diagnostics/hdmi_positive/avi_fhd30_top.v(3)
                                                                      pin: u_pll/u_ref/ph1p_phy_pll_wrapper_25a56e5ce2f9_Inst/u_PH1P_PHY_PLL.refclk
PLL                 x043y079            0.435          1.683          pin: u_pll/u_ref/ph1p_phy_pll_wrapper_25a56e5ce2f9_Inst/u_PH1P_PHY_PLL.clkc[0]
net (fo=1)                              0.339          2.022          net: u_pll/u_ref/clk0_buf,  ../../../user_source/hdl_source/native_hdmi_pll.v(32)
                                                                      pin: u_pll/u_ref/bufg_feedback.clkin[0]
GCLK                x023y039z16         0.007          2.029          pin: u_pll/u_ref/bufg_feedback.clkout
net (fo=1)                              0.148          2.177          net: u_pll/u_output/ph1p_phy_pll_wrapper_25a56e5ce2f9_Inst/refclk,  ../../../user_source/ip_source/PLL/RTL/ph1p_phy_pll_wrapper_25a56e5ce2f9.v(119)
                                                                      pin: u_pll/u_ref/bufg_feedback_auto_created_sclk_s_0_l_bk1.clkin
SCLK                x023y019z0          0.030          2.207          pin: u_pll/u_ref/bufg_feedback_auto_created_sclk_s_0_l_bk1.clkout
net (fo=1)          x000y039            0.131          2.338          net: u_pll/u_ref/bufg_feedback_auto_created_sclk_s_0_l_bk1_sclk_outnet,  NOFILE(0)
                                                                      pin: u_pll/u_output/ph1p_phy_pll_wrapper_25a56e5ce2f9_Inst/u_PH1P_PHY_PLL.refclk
PLL                 x000y039            0.436          2.774          pin: u_pll/u_output/ph1p_phy_pll_wrapper_25a56e5ce2f9_Inst/u_PH1P_PHY_PLL.clkc[1]
net (fo=1)                              0.334          3.108          net: u_phy/u0_lane_lvds_8_1/I_serial_clk,  ../../../user_source/hdl_source/lane_lvds_10_1.v(8)
                                                                      pin: u_phy/u0_lane_lvds_8_1/I_serial_clk_created_gclkinst.clkin[0]
GCLK                x023y039z1          0.007          3.115          pin: u_phy/u0_lane_lvds_8_1/I_serial_clk_created_gclkinst.clkout
net (fo=1)                              0.158          3.273          net: u_phy/u0_lane_lvds_8_1/I_serial_clk_syn_1,  ../../../user_source/hdl_source/lane_lvds_10_1.v(8)
                                                                      pin: u_phy/u0_lane_lvds_8_1/I_serial_clk_created_gclkinst_auto_created_sclk_s_1_r_bk2.clkin
SCLK                x023y059z13         0.030          3.303          pin: u_phy/u0_lane_lvds_8_1/I_serial_clk_created_gclkinst_auto_created_sclk_s_1_r_bk2.clkout
net (fo=43)                             0.248          3.551          net: u_phy/u0_lane_lvds_8_1/I_serial_clk_created_gclkinst_auto_created_sclk_s_1_r_bk2_sclk_outnet,  NOFILE(0)
                                                                      pin: u_phy/u0_lane_lvds_8_1/S_shift_data_reg[2]_syn_2.clk
capture edge                            0.000    r     3.551               
--------------------------------------------------------------------  ---------------
hold                                    0.012          3.563               
clock uncertainty                       0.050          3.613               
clock pessimism                        -0.264          3.349               
--------------------------------------------------------------------  ---------------
Required                                               3.349               
--------------------------------------------------------------------  ---------------
Slack                                                  0.029               

Slack               : 0.029ns
Begin Point         : u_packet/override_r_reg_syn_3.clk (rising edge triggered by clock u_pll/u_output/ph1p_phy_pll_wrapper_25a56e5ce2f9_Inst/u_PH1P_PHY_PLL.clkc[0]  { rise@0.000000ns  fall@6.734000ns  period=13.468000 })
End Point           : u_phy/u0_lane_lvds_8_1/S_shift_data_reg[7]_syn_2.id (rising edge triggered by clock u_pll/u_output/ph1p_phy_pll_wrapper_25a56e5ce2f9_Inst/u_PH1P_PHY_PLL.clkc[1]  { rise@0.000000ns  fall@1.346000ns  period=2.693000 })
Check Type          : hold
Process             : fast_m40c
Budget              : 0.000ns { u_pll/u_output/ph1p_phy_pll_wrapper_25a56e5ce2f9_Inst/u_PH1P_PHY_PLL.clkc[0] rising@0.000ns - u_pll/u_output/ph1p_phy_pll_wrapper_25a56e5ce2f9_Inst/u_PH1P_PHY_PLL.clkc[1] rising@0.000ns }
Data Path Delay     : 0.230ns (cell 0.120ns (52%), net 0.110ns (48%))
Clock Skew          : 0.139ns
Logic Level         : 1 ( LUT5=1 )
Max Fanout          : 30
Clock Uncertainty   : 0.050ns (sdc uncertainty: 0.000ns, default uncertainty: 0.050ns)

Delay Type          Location             Incr           Path   Level  Netlist Info
--------------------------------------------------------------------  ---------------
source latency                          0.000          0.000               
port                C4                  0.000          0.000          pin: I_sys_clk
hierarchy                               0.000          0.000          pin: I_sys_clk_syn_2.ipad
HDIO                x033y078            0.810          0.810          pin: I_sys_clk_syn_2.sg09_di
HDIO                x033y078            0.257          1.067          pin: I_sys_clk_syn_2.di
net (fo=1)          x043y079            0.040          1.107          net: I_sys_clk_dup_1,  ../../../diagnostics/hdmi_positive/avi_fhd30_top.v(3)
                                                                      pin: u_pll/u_ref/ph1p_phy_pll_wrapper_25a56e5ce2f9_Inst/u_PH1P_PHY_PLL.refclk
PLL                 x043y079            0.367          1.474          pin: u_pll/u_ref/ph1p_phy_pll_wrapper_25a56e5ce2f9_Inst/u_PH1P_PHY_PLL.clkc[0]
net (fo=1)                              0.312          1.786          net: u_pll/u_ref/clk0_buf,  ../../../user_source/hdl_source/native_hdmi_pll.v(32)
                                                                      pin: u_pll/u_ref/bufg_feedback.clkin[0]
GCLK                x023y039z16         0.006          1.792          pin: u_pll/u_ref/bufg_feedback.clkout
net (fo=1)                              0.136          1.928          net: u_pll/u_output/ph1p_phy_pll_wrapper_25a56e5ce2f9_Inst/refclk,  ../../../user_source/ip_source/PLL/RTL/ph1p_phy_pll_wrapper_25a56e5ce2f9.v(119)
                                                                      pin: u_pll/u_ref/bufg_feedback_auto_created_sclk_s_0_l_bk1.clkin
SCLK                x023y019z0          0.025          1.953          pin: u_pll/u_ref/bufg_feedback_auto_created_sclk_s_0_l_bk1.clkout
net (fo=1)          x000y039            0.121          2.074          net: u_pll/u_ref/bufg_feedback_auto_created_sclk_s_0_l_bk1_sclk_outnet,  NOFILE(0)
                                                                      pin: u_pll/u_output/ph1p_phy_pll_wrapper_25a56e5ce2f9_Inst/u_PH1P_PHY_PLL.refclk
PLL                 x000y039            0.367          2.441          pin: u_pll/u_output/ph1p_phy_pll_wrapper_25a56e5ce2f9_Inst/u_PH1P_PHY_PLL.clkc[0]
net (fo=1)                              0.310          2.751          net: u_pll/u_output/clk0_buf,  ../../../user_source/hdl_source/native_hdmi_pll.v(32)
                                                                      pin: u_pll/u_output/bufg_feedback.clkin[0]
GCLK                x023y039z0          0.006          2.757          pin: u_pll/u_output/bufg_feedback.clkout
net (fo=2)                              0.143          2.900          net: pixel,  ../../../diagnostics/hdmi_positive/avi_fhd30_top.v(5)
                                                                      pin: u_pll/u_output/bufg_feedback_auto_created_sclk_s_1_r_bk1.clkin
SCLK                x023y059z12         0.025          2.925          pin: u_pll/u_output/bufg_feedback_auto_created_sclk_s_1_r_bk1.clkout
net (fo=52)                             0.223          3.148          net: u_pll/u_output/bufg_feedback_auto_created_sclk_s_1_r_bk1_sclk_outnet,  NOFILE(0)
                                                                      pin: u_packet/override_r_reg_syn_3.clk
launch edge                             0.000    r     3.148               
--------------------------------------------------------------------  ---------------
clk2q               x035y042z2          0.062    f     3.210          pin: u_packet/override_r_reg_syn_3.oqa
net (fo=30)                             0.110          3.320          net: u_packet/override_r,  ../../../diagnostics/hdmi_positive/hdmi_avi_insert.v(62)
                                                                      pin: u_phy/u0_lane_lvds_8_1/S_shift_data_reg[7]_syn_2.id
LUT5 (reg)          x034y043z6          0.058    f     3.378       1  net: u_phy/u0_lane_lvds_8_1/S_shift_data[7],  ../../../user_source/hdl_source/lane_lvds_10_1.v(22)
--------------------------------------------------------------------  ---------------
Arrival                                                3.378               

source latency                          0.000          0.000               
port                C4                  0.000          0.000          pin: I_sys_clk
hierarchy                               0.000          0.000          pin: I_sys_clk_syn_2.ipad
HDIO                x033y078            0.915          0.915          pin: I_sys_clk_syn_2.sg09_di
HDIO                x033y078            0.290          1.205          pin: I_sys_clk_syn_2.di
net (fo=1)          x043y079            0.043          1.248          net: I_sys_clk_dup_1,  ../../../diagnostics/hdmi_positive/avi_fhd30_top.v(3)
                                                                      pin: u_pll/u_ref/ph1p_phy_pll_wrapper_25a56e5ce2f9_Inst/u_PH1P_PHY_PLL.refclk
PLL                 x043y079            0.435          1.683          pin: u_pll/u_ref/ph1p_phy_pll_wrapper_25a56e5ce2f9_Inst/u_PH1P_PHY_PLL.clkc[0]
net (fo=1)                              0.339          2.022          net: u_pll/u_ref/clk0_buf,  ../../../user_source/hdl_source/native_hdmi_pll.v(32)
                                                                      pin: u_pll/u_ref/bufg_feedback.clkin[0]
GCLK                x023y039z16         0.007          2.029          pin: u_pll/u_ref/bufg_feedback.clkout
net (fo=1)                              0.148          2.177          net: u_pll/u_output/ph1p_phy_pll_wrapper_25a56e5ce2f9_Inst/refclk,  ../../../user_source/ip_source/PLL/RTL/ph1p_phy_pll_wrapper_25a56e5ce2f9.v(119)
                                                                      pin: u_pll/u_ref/bufg_feedback_auto_created_sclk_s_0_l_bk1.clkin
SCLK                x023y019z0          0.030          2.207          pin: u_pll/u_ref/bufg_feedback_auto_created_sclk_s_0_l_bk1.clkout
net (fo=1)          x000y039            0.131          2.338          net: u_pll/u_ref/bufg_feedback_auto_created_sclk_s_0_l_bk1_sclk_outnet,  NOFILE(0)
                                                                      pin: u_pll/u_output/ph1p_phy_pll_wrapper_25a56e5ce2f9_Inst/u_PH1P_PHY_PLL.refclk
PLL                 x000y039            0.436          2.774          pin: u_pll/u_output/ph1p_phy_pll_wrapper_25a56e5ce2f9_Inst/u_PH1P_PHY_PLL.clkc[1]
net (fo=1)                              0.334          3.108          net: u_phy/u0_lane_lvds_8_1/I_serial_clk,  ../../../user_source/hdl_source/lane_lvds_10_1.v(8)
                                                                      pin: u_phy/u0_lane_lvds_8_1/I_serial_clk_created_gclkinst.clkin[0]
GCLK                x023y039z1          0.007          3.115          pin: u_phy/u0_lane_lvds_8_1/I_serial_clk_created_gclkinst.clkout
net (fo=1)                              0.158          3.273          net: u_phy/u0_lane_lvds_8_1/I_serial_clk_syn_1,  ../../../user_source/hdl_source/lane_lvds_10_1.v(8)
                                                                      pin: u_phy/u0_lane_lvds_8_1/I_serial_clk_created_gclkinst_auto_created_sclk_s_1_r_bk2.clkin
SCLK                x023y059z13         0.030          3.303          pin: u_phy/u0_lane_lvds_8_1/I_serial_clk_created_gclkinst_auto_created_sclk_s_1_r_bk2.clkout
net (fo=43)                             0.248          3.551          net: u_phy/u0_lane_lvds_8_1/I_serial_clk_created_gclkinst_auto_created_sclk_s_1_r_bk2_sclk_outnet,  NOFILE(0)
                                                                      pin: u_phy/u0_lane_lvds_8_1/S_shift_data_reg[7]_syn_2.clk
capture edge                            0.000    r     3.551               
--------------------------------------------------------------------  ---------------
hold                                    0.012          3.563               
clock uncertainty                       0.050          3.613               
clock pessimism                        -0.264          3.349               
--------------------------------------------------------------------  ---------------
Required                                               3.349               
--------------------------------------------------------------------  ---------------
Slack                                                  0.029               

Slack               : 0.030ns
Begin Point         : u_packet/override_r_reg_syn_3.clk (rising edge triggered by clock u_pll/u_output/ph1p_phy_pll_wrapper_25a56e5ce2f9_Inst/u_PH1P_PHY_PLL.clkc[0]  { rise@0.000000ns  fall@6.734000ns  period=13.468000 })
End Point           : u_phy/u1_lane_lvds_8_1/S_shift_data_reg[0]_syn_2.ia (rising edge triggered by clock u_pll/u_output/ph1p_phy_pll_wrapper_25a56e5ce2f9_Inst/u_PH1P_PHY_PLL.clkc[1]  { rise@0.000000ns  fall@1.346000ns  period=2.693000 })
Check Type          : hold
Process             : fast_25c
Budget              : 0.000ns { u_pll/u_output/ph1p_phy_pll_wrapper_25a56e5ce2f9_Inst/u_PH1P_PHY_PLL.clkc[0] rising@0.000ns - u_pll/u_output/ph1p_phy_pll_wrapper_25a56e5ce2f9_Inst/u_PH1P_PHY_PLL.clkc[1] rising@0.000ns }
Data Path Delay     : 0.352ns (cell 0.256ns (72%), net 0.096ns (28%))
Clock Skew          : 0.247ns
Logic Level         : 1 ( LUT4=1 )
Max Fanout          : 1
Clock Uncertainty   : 0.050ns (sdc uncertainty: 0.000ns, default uncertainty: 0.050ns)

Delay Type          Location             Incr           Path   Level  Netlist Info
--------------------------------------------------------------------  ---------------
source latency                          0.000          0.000               
port                C4                  0.000          0.000          pin: I_sys_clk
hierarchy                               0.000          0.000          pin: I_sys_clk_syn_2.ipad
HDIO                x033y078            0.745          0.745          pin: I_sys_clk_syn_2.sg09_di
HDIO                x033y078            0.236          0.981          pin: I_sys_clk_syn_2.di
net (fo=1)          x043y079            0.058          1.039          net: I_sys_clk_dup_1,  ../../../diagnostics/hdmi_positive/avi_fhd30_top.v(3)
                                                                      pin: u_pll/u_ref/ph1p_phy_pll_wrapper_25a56e5ce2f9_Inst/u_PH1P_PHY_PLL.refclk
PLL                 x043y079            0.482          1.521          pin: u_pll/u_ref/ph1p_phy_pll_wrapper_25a56e5ce2f9_Inst/u_PH1P_PHY_PLL.clkc[0]
net (fo=1)                              0.418          1.939          net: u_pll/u_ref/clk0_buf,  ../../../user_source/hdl_source/native_hdmi_pll.v(32)
                                                                      pin: u_pll/u_ref/bufg_feedback.clkin[0]
GCLK                x023y039z16         0.009          1.948          pin: u_pll/u_ref/bufg_feedback.clkout
net (fo=1)                              0.195          2.143          net: u_pll/u_output/ph1p_phy_pll_wrapper_25a56e5ce2f9_Inst/refclk,  ../../../user_source/ip_source/PLL/RTL/ph1p_phy_pll_wrapper_25a56e5ce2f9.v(119)
                                                                      pin: u_pll/u_ref/bufg_feedback_auto_created_sclk_s_0_l_bk1.clkin
SCLK                x023y019z0          0.040          2.183          pin: u_pll/u_ref/bufg_feedback_auto_created_sclk_s_0_l_bk1.clkout
net (fo=1)          x000y039            0.170          2.353          net: u_pll/u_ref/bufg_feedback_auto_created_sclk_s_0_l_bk1_sclk_outnet,  NOFILE(0)
                                                                      pin: u_pll/u_output/ph1p_phy_pll_wrapper_25a56e5ce2f9_Inst/u_PH1P_PHY_PLL.refclk
PLL                 x000y039            0.482          2.835          pin: u_pll/u_output/ph1p_phy_pll_wrapper_25a56e5ce2f9_Inst/u_PH1P_PHY_PLL.clkc[0]
net (fo=1)                              0.411          3.246          net: u_pll/u_output/clk0_buf,  ../../../user_source/hdl_source/native_hdmi_pll.v(32)
                                                                      pin: u_pll/u_output/bufg_feedback.clkin[0]
GCLK                x023y039z0          0.009          3.255          pin: u_pll/u_output/bufg_feedback.clkout
net (fo=2)                              0.205          3.460          net: pixel,  ../../../diagnostics/hdmi_positive/avi_fhd30_top.v(5)
                                                                      pin: u_pll/u_output/bufg_feedback_auto_created_sclk_s_1_r_bk1.clkin
SCLK                x023y059z12         0.040          3.500          pin: u_pll/u_output/bufg_feedback_auto_created_sclk_s_1_r_bk1.clkout
net (fo=52)                             0.327          3.827          net: u_pll/u_output/bufg_feedback_auto_created_sclk_s_1_r_bk1_sclk_outnet,  NOFILE(0)
                                                                      pin: u_packet/override_r_reg_syn_3.clk
launch edge                             0.000    r     3.827               
--------------------------------------------------------------------  ---------------
clk2q               x035y042z2          0.085    f     3.912          pin: u_packet/override_r_reg_syn_3.oqb
net (fo=1)                              0.096          4.008          net: u_packet/packet_g[9],  ../../../diagnostics/hdmi_positive/hdmi_avi_insert.v(63)
                                                                      pin: u_phy/u1_lane_lvds_8_1/S_shift_data_reg[0]_syn_2.ia
LUT4 (reg)          x035y042z7          0.171    f     4.179       1  net: u_phy/u1_lane_lvds_8_1/S_shift_data[0],  ../../../user_source/hdl_source/lane_lvds_10_1.v(22)
--------------------------------------------------------------------  ---------------
Arrival                                                4.179               

source latency                          0.000          0.000               
port                C4                  0.000          0.000          pin: I_sys_clk
hierarchy                               0.000          0.000          pin: I_sys_clk_syn_2.ipad
HDIO                x033y078            0.810          0.810          pin: I_sys_clk_syn_2.sg09_di
HDIO                x033y078            0.257          1.067          pin: I_sys_clk_syn_2.di
net (fo=1)          x043y079            0.068          1.135          net: I_sys_clk_dup_1,  ../../../diagnostics/hdmi_positive/avi_fhd30_top.v(3)
                                                                      pin: u_pll/u_ref/ph1p_phy_pll_wrapper_25a56e5ce2f9_Inst/u_PH1P_PHY_PLL.refclk
PLL                 x043y079            0.566          1.701          pin: u_pll/u_ref/ph1p_phy_pll_wrapper_25a56e5ce2f9_Inst/u_PH1P_PHY_PLL.clkc[0]
net (fo=1)                              0.488          2.189          net: u_pll/u_ref/clk0_buf,  ../../../user_source/hdl_source/native_hdmi_pll.v(32)
                                                                      pin: u_pll/u_ref/bufg_feedback.clkin[0]
GCLK                x023y039z16         0.010          2.199          pin: u_pll/u_ref/bufg_feedback.clkout
net (fo=1)                              0.227          2.426          net: u_pll/u_output/ph1p_phy_pll_wrapper_25a56e5ce2f9_Inst/refclk,  ../../../user_source/ip_source/PLL/RTL/ph1p_phy_pll_wrapper_25a56e5ce2f9.v(119)
                                                                      pin: u_pll/u_ref/bufg_feedback_auto_created_sclk_s_0_l_bk1.clkin
SCLK                x023y019z0          0.047          2.473          pin: u_pll/u_ref/bufg_feedback_auto_created_sclk_s_0_l_bk1.clkout
net (fo=1)          x000y039            0.199          2.672          net: u_pll/u_ref/bufg_feedback_auto_created_sclk_s_0_l_bk1_sclk_outnet,  NOFILE(0)
                                                                      pin: u_pll/u_output/ph1p_phy_pll_wrapper_25a56e5ce2f9_Inst/u_PH1P_PHY_PLL.refclk
PLL                 x000y039            0.567          3.239          pin: u_pll/u_output/ph1p_phy_pll_wrapper_25a56e5ce2f9_Inst/u_PH1P_PHY_PLL.clkc[1]
net (fo=1)                              0.480          3.719          net: u_phy/u0_lane_lvds_8_1/I_serial_clk,  ../../../user_source/hdl_source/lane_lvds_10_1.v(8)
                                                                      pin: u_phy/u0_lane_lvds_8_1/I_serial_clk_created_gclkinst.clkin[0]
GCLK                x023y039z1          0.010          3.729          pin: u_phy/u0_lane_lvds_8_1/I_serial_clk_created_gclkinst.clkout
net (fo=1)                              0.239          3.968          net: u_phy/u0_lane_lvds_8_1/I_serial_clk_syn_1,  ../../../user_source/hdl_source/lane_lvds_10_1.v(8)
                                                                      pin: u_phy/u0_lane_lvds_8_1/I_serial_clk_created_gclkinst_auto_created_sclk_s_1_r_bk2.clkin
SCLK                x023y059z13         0.047          4.015          pin: u_phy/u0_lane_lvds_8_1/I_serial_clk_created_gclkinst_auto_created_sclk_s_1_r_bk2.clkout
net (fo=43)                             0.378          4.393          net: u_phy/u0_lane_lvds_8_1/I_serial_clk_created_gclkinst_auto_created_sclk_s_1_r_bk2_sclk_outnet,  NOFILE(0)
                                                                      pin: u_phy/u1_lane_lvds_8_1/S_shift_data_reg[0]_syn_2.clk
capture edge                            0.000    r     4.393               
--------------------------------------------------------------------  ---------------
hold                                    0.025          4.418               
clock uncertainty                       0.050          4.468               
clock pessimism                        -0.319          4.149               
--------------------------------------------------------------------  ---------------
Required                                               4.149               
--------------------------------------------------------------------  ---------------
Slack                                                  0.030               


----------------------------------------------------------------------------------------------------
Path Group     :     u_pll/u_output/ph1p_phy_pll_wrapper_25a56e5ce2f9_Inst/u_PH1P_PHY_PLL.clkc[1] -> u_pll/u_output/ph1p_phy_pll_wrapper_25a56e5ce2f9_Inst/u_PH1P_PHY_PLL.clkc[1]
Type           :     Self
From Clock     :     u_pll/u_output/ph1p_phy_pll_wrapper_25a56e5ce2f9_Inst/u_PH1P_PHY_PLL.clkc[1]
To Clock       :     u_pll/u_output/ph1p_phy_pll_wrapper_25a56e5ce2f9_Inst/u_PH1P_PHY_PLL.clkc[1]
Min Period     :     2.126ns
Fmax           :     470.367MHz

Statistics:
Max            : SWNS      0.567ns, STNS      0.000ns,         0 Viol Endpoints,        58 Total Endpoints,        90 Paths Analyzed
Min            : HWNS      0.057ns, HTNS      0.000ns,         0 Viol Endpoints,        58 Total Endpoints,        90 Paths Analyzed
----------------------------------------------------------------------------------------------------

Max Paths
----------------------------------------------------------------------------------------------------
Slack               : 0.567ns
Begin Point         : u_phy/u0_lane_lvds_8_1/S_load_en_reg_syn_9.clk (rising edge triggered by clock u_pll/u_output/ph1p_phy_pll_wrapper_25a56e5ce2f9_Inst/u_PH1P_PHY_PLL.clkc[1]  { rise@0.000000ns  fall@1.346000ns  period=2.693000 })
End Point           : u_phy/u1_lane_lvds_8_1/S_shift_data_reg[8]_syn_2.imb (rising edge triggered by clock u_pll/u_output/ph1p_phy_pll_wrapper_25a56e5ce2f9_Inst/u_PH1P_PHY_PLL.clkc[1]  { rise@0.000000ns  fall@1.346000ns  period=2.693000 })
Check Type          : setup
Process             : slow_m40c
Budget              : 2.693ns { u_pll/u_output/ph1p_phy_pll_wrapper_25a56e5ce2f9_Inst/u_PH1P_PHY_PLL.clkc[1] rising@2.693ns - u_pll/u_output/ph1p_phy_pll_wrapper_25a56e5ce2f9_Inst/u_PH1P_PHY_PLL.clkc[1] rising@0.000ns }
Data Path Delay     : 1.974ns (cell 0.404ns (20%), net 1.570ns (80%))
Clock Skew          : 0.011ns
Logic Level         : 1 ( LUT5=1 )
Max Fanout          : 34
Clock Uncertainty   : 0.077ns (sdc uncertainty: 0.000ns, default uncertainty: 0.077ns)

Delay Type          Location             Incr           Path   Level  Netlist Info
--------------------------------------------------------------------  ---------------
source latency                          0.000          0.000               
port                C4                  0.000          0.000          pin: I_sys_clk
hierarchy                               0.000          0.000          pin: I_sys_clk_syn_2.ipad
HDIO                x033y078            0.810          0.810          pin: I_sys_clk_syn_2.sg09_di
HDIO                x033y078            0.684          1.494          pin: I_sys_clk_syn_2.di
net (fo=1)          x043y079            0.115          1.609          net: I_sys_clk_dup_1,  ../../../diagnostics/hdmi_positive/avi_fhd30_top.v(3)
                                                                      pin: u_pll/u_ref/ph1p_phy_pll_wrapper_25a56e5ce2f9_Inst/u_PH1P_PHY_PLL.refclk
PLL                 x043y079            0.814          2.423          pin: u_pll/u_ref/ph1p_phy_pll_wrapper_25a56e5ce2f9_Inst/u_PH1P_PHY_PLL.clkc[0]
net (fo=1)                              0.830          3.253          net: u_pll/u_ref/clk0_buf,  ../../../user_source/hdl_source/native_hdmi_pll.v(32)
                                                                      pin: u_pll/u_ref/bufg_feedback.clkin[0]
GCLK                x023y039z16         0.016          3.269          pin: u_pll/u_ref/bufg_feedback.clkout
net (fo=1)                              0.375          3.644          net: u_pll/u_output/ph1p_phy_pll_wrapper_25a56e5ce2f9_Inst/refclk,  ../../../user_source/ip_source/PLL/RTL/ph1p_phy_pll_wrapper_25a56e5ce2f9.v(119)
                                                                      pin: u_pll/u_ref/bufg_feedback_auto_created_sclk_s_0_l_bk1.clkin
SCLK                x023y019z0          0.079          3.723          pin: u_pll/u_ref/bufg_feedback_auto_created_sclk_s_0_l_bk1.clkout
net (fo=1)          x000y039            0.299          4.022          net: u_pll/u_ref/bufg_feedback_auto_created_sclk_s_0_l_bk1_sclk_outnet,  NOFILE(0)
                                                                      pin: u_pll/u_output/ph1p_phy_pll_wrapper_25a56e5ce2f9_Inst/u_PH1P_PHY_PLL.refclk
PLL                 x000y039            0.818          4.840          pin: u_pll/u_output/ph1p_phy_pll_wrapper_25a56e5ce2f9_Inst/u_PH1P_PHY_PLL.clkc[1]
net (fo=1)                              0.806          5.646          net: u_phy/u0_lane_lvds_8_1/I_serial_clk,  ../../../user_source/hdl_source/lane_lvds_10_1.v(8)
                                                                      pin: u_phy/u0_lane_lvds_8_1/I_serial_clk_created_gclkinst.clkin[0]
GCLK                x023y039z1          0.016          5.662          pin: u_phy/u0_lane_lvds_8_1/I_serial_clk_created_gclkinst.clkout
net (fo=1)                              0.395          6.057          net: u_phy/u0_lane_lvds_8_1/I_serial_clk_syn_1,  ../../../user_source/hdl_source/lane_lvds_10_1.v(8)
                                                                      pin: u_phy/u0_lane_lvds_8_1/I_serial_clk_created_gclkinst_auto_created_sclk_s_1_r_bk2.clkin
SCLK                x023y059z13         0.079          6.136          pin: u_phy/u0_lane_lvds_8_1/I_serial_clk_created_gclkinst_auto_created_sclk_s_1_r_bk2.clkout
net (fo=43)                             0.639          6.775          net: u_phy/u0_lane_lvds_8_1/I_serial_clk_created_gclkinst_auto_created_sclk_s_1_r_bk2_sclk_outnet,  NOFILE(0)
                                                                      pin: u_phy/u0_lane_lvds_8_1/S_load_en_reg_syn_9.clk
launch edge                             0.000    r     6.775               
--------------------------------------------------------------------  ---------------
clk2q               x035y044z7          0.137    r     6.912          pin: u_phy/u0_lane_lvds_8_1/S_load_en_reg_syn_9.oqb
net (fo=34)                             0.394          7.306          net: u_phy/u0_lane_lvds_8_1/S_load_en_2d,  ../../../user_source/hdl_source/lane_lvds_10_1.v(21)
                                                                      pin: u_phy/u0_lane_lvds_8_1/S_shift_data_b[8]_syn_2.ie
LUT5                x035y043z4          0.189    r     7.495       1  pin: u_phy/u0_lane_lvds_8_1/S_shift_data_b[8]_syn_2.ofb
net (fo=1)                              1.176          8.671          net: u_phy/u0_lane_lvds_8_1/S_shift_data_b[8],  NOFILE(0)
                                                                      pin: u_phy/u1_lane_lvds_8_1/S_shift_data_reg[8]_syn_2.imb
reg                 x035y043z1          0.078    r     8.749          net: u_phy/u0_lane_lvds_8_1/S_shift_data[8],  ../../../user_source/hdl_source/lane_lvds_10_1.v(22)
--------------------------------------------------------------------  ---------------
Arrival                                                8.749               

source latency                          0.000          0.000               
port                C4                  0.000          0.000          pin: I_sys_clk
hierarchy                               0.000          0.000          pin: I_sys_clk_syn_2.ipad
HDIO                x033y078            0.745          0.745          pin: I_sys_clk_syn_2.sg09_di
HDIO                x033y078            0.629          1.374          pin: I_sys_clk_syn_2.di
net (fo=1)          x043y079            0.099          1.473          net: I_sys_clk_dup_1,  ../../../diagnostics/hdmi_positive/avi_fhd30_top.v(3)
                                                                      pin: u_pll/u_ref/ph1p_phy_pll_wrapper_25a56e5ce2f9_Inst/u_PH1P_PHY_PLL.refclk
PLL                 x043y079            0.703          2.176          pin: u_pll/u_ref/ph1p_phy_pll_wrapper_25a56e5ce2f9_Inst/u_PH1P_PHY_PLL.clkc[0]
net (fo=1)                              0.711          2.887          net: u_pll/u_ref/clk0_buf,  ../../../user_source/hdl_source/native_hdmi_pll.v(32)
                                                                      pin: u_pll/u_ref/bufg_feedback.clkin[0]
GCLK                x023y039z16         0.014          2.901          pin: u_pll/u_ref/bufg_feedback.clkout
net (fo=1)                              0.322          3.223          net: u_pll/u_output/ph1p_phy_pll_wrapper_25a56e5ce2f9_Inst/refclk,  ../../../user_source/ip_source/PLL/RTL/ph1p_phy_pll_wrapper_25a56e5ce2f9.v(119)
                                                                      pin: u_pll/u_ref/bufg_feedback_auto_created_sclk_s_0_l_bk1.clkin
SCLK                x023y019z0          0.068          3.291          pin: u_pll/u_ref/bufg_feedback_auto_created_sclk_s_0_l_bk1.clkout
net (fo=1)          x000y039            0.255          3.546          net: u_pll/u_ref/bufg_feedback_auto_created_sclk_s_0_l_bk1_sclk_outnet,  NOFILE(0)
                                                                      pin: u_pll/u_output/ph1p_phy_pll_wrapper_25a56e5ce2f9_Inst/u_PH1P_PHY_PLL.refclk
PLL                 x000y039            0.708          4.254          pin: u_pll/u_output/ph1p_phy_pll_wrapper_25a56e5ce2f9_Inst/u_PH1P_PHY_PLL.clkc[1]
net (fo=1)                              0.690          4.944          net: u_phy/u0_lane_lvds_8_1/I_serial_clk,  ../../../user_source/hdl_source/lane_lvds_10_1.v(8)
                                                                      pin: u_phy/u0_lane_lvds_8_1/I_serial_clk_created_gclkinst.clkin[0]
GCLK                x023y039z1          0.014          4.958          pin: u_phy/u0_lane_lvds_8_1/I_serial_clk_created_gclkinst.clkout
net (fo=1)                              0.339          5.297          net: u_phy/u0_lane_lvds_8_1/I_serial_clk_syn_1,  ../../../user_source/hdl_source/lane_lvds_10_1.v(8)
                                                                      pin: u_phy/u0_lane_lvds_8_1/I_serial_clk_created_gclkinst_auto_created_sclk_s_1_r_bk2.clkin
SCLK                x023y059z13         0.068          5.365          pin: u_phy/u0_lane_lvds_8_1/I_serial_clk_created_gclkinst_auto_created_sclk_s_1_r_bk2.clkout
net (fo=43)                             0.556          5.921          net: u_phy/u0_lane_lvds_8_1/I_serial_clk_created_gclkinst_auto_created_sclk_s_1_r_bk2_sclk_outnet,  NOFILE(0)
                                                                      pin: u_phy/u1_lane_lvds_8_1/S_shift_data_reg[8]_syn_2.clk
capture edge                            2.693    r     8.614               
--------------------------------------------------------------------  ---------------
setup                                  -0.064          8.550               
clock uncertainty                      -0.077          8.473               
clock pessimism                         0.843          9.316               
--------------------------------------------------------------------  ---------------
Required                                               9.316               
--------------------------------------------------------------------  ---------------
Slack                                                  0.567               

Slack               : 0.936ns
Begin Point         : u_phy/u0_lane_lvds_8_1/S_load_en_reg_syn_9.clk (rising edge triggered by clock u_pll/u_output/ph1p_phy_pll_wrapper_25a56e5ce2f9_Inst/u_PH1P_PHY_PLL.clkc[1]  { rise@0.000000ns  fall@1.346000ns  period=2.693000 })
End Point           : u_phy/u2_lane_lvds_8_1/S_shift_data_reg[6]_syn_2.imb (rising edge triggered by clock u_pll/u_output/ph1p_phy_pll_wrapper_25a56e5ce2f9_Inst/u_PH1P_PHY_PLL.clkc[1]  { rise@0.000000ns  fall@1.346000ns  period=2.693000 })
Check Type          : setup
Process             : slow_m40c
Budget              : 2.693ns { u_pll/u_output/ph1p_phy_pll_wrapper_25a56e5ce2f9_Inst/u_PH1P_PHY_PLL.clkc[1] rising@2.693ns - u_pll/u_output/ph1p_phy_pll_wrapper_25a56e5ce2f9_Inst/u_PH1P_PHY_PLL.clkc[1] rising@0.000ns }
Data Path Delay     : 1.605ns (cell 0.614ns (38%), net 0.991ns (62%))
Clock Skew          : 0.011ns
Logic Level         : 1 ( LUT4=1 )
Max Fanout          : 34
Clock Uncertainty   : 0.077ns (sdc uncertainty: 0.000ns, default uncertainty: 0.077ns)

Delay Type          Location             Incr           Path   Level  Netlist Info
--------------------------------------------------------------------  ---------------
source latency                          0.000          0.000               
port                C4                  0.000          0.000          pin: I_sys_clk
hierarchy                               0.000          0.000          pin: I_sys_clk_syn_2.ipad
HDIO                x033y078            0.810          0.810          pin: I_sys_clk_syn_2.sg09_di
HDIO                x033y078            0.684          1.494          pin: I_sys_clk_syn_2.di
net (fo=1)          x043y079            0.115          1.609          net: I_sys_clk_dup_1,  ../../../diagnostics/hdmi_positive/avi_fhd30_top.v(3)
                                                                      pin: u_pll/u_ref/ph1p_phy_pll_wrapper_25a56e5ce2f9_Inst/u_PH1P_PHY_PLL.refclk
PLL                 x043y079            0.814          2.423          pin: u_pll/u_ref/ph1p_phy_pll_wrapper_25a56e5ce2f9_Inst/u_PH1P_PHY_PLL.clkc[0]
net (fo=1)                              0.830          3.253          net: u_pll/u_ref/clk0_buf,  ../../../user_source/hdl_source/native_hdmi_pll.v(32)
                                                                      pin: u_pll/u_ref/bufg_feedback.clkin[0]
GCLK                x023y039z16         0.016          3.269          pin: u_pll/u_ref/bufg_feedback.clkout
net (fo=1)                              0.375          3.644          net: u_pll/u_output/ph1p_phy_pll_wrapper_25a56e5ce2f9_Inst/refclk,  ../../../user_source/ip_source/PLL/RTL/ph1p_phy_pll_wrapper_25a56e5ce2f9.v(119)
                                                                      pin: u_pll/u_ref/bufg_feedback_auto_created_sclk_s_0_l_bk1.clkin
SCLK                x023y019z0          0.079          3.723          pin: u_pll/u_ref/bufg_feedback_auto_created_sclk_s_0_l_bk1.clkout
net (fo=1)          x000y039            0.299          4.022          net: u_pll/u_ref/bufg_feedback_auto_created_sclk_s_0_l_bk1_sclk_outnet,  NOFILE(0)
                                                                      pin: u_pll/u_output/ph1p_phy_pll_wrapper_25a56e5ce2f9_Inst/u_PH1P_PHY_PLL.refclk
PLL                 x000y039            0.818          4.840          pin: u_pll/u_output/ph1p_phy_pll_wrapper_25a56e5ce2f9_Inst/u_PH1P_PHY_PLL.clkc[1]
net (fo=1)                              0.806          5.646          net: u_phy/u0_lane_lvds_8_1/I_serial_clk,  ../../../user_source/hdl_source/lane_lvds_10_1.v(8)
                                                                      pin: u_phy/u0_lane_lvds_8_1/I_serial_clk_created_gclkinst.clkin[0]
GCLK                x023y039z1          0.016          5.662          pin: u_phy/u0_lane_lvds_8_1/I_serial_clk_created_gclkinst.clkout
net (fo=1)                              0.395          6.057          net: u_phy/u0_lane_lvds_8_1/I_serial_clk_syn_1,  ../../../user_source/hdl_source/lane_lvds_10_1.v(8)
                                                                      pin: u_phy/u0_lane_lvds_8_1/I_serial_clk_created_gclkinst_auto_created_sclk_s_1_r_bk2.clkin
SCLK                x023y059z13         0.079          6.136          pin: u_phy/u0_lane_lvds_8_1/I_serial_clk_created_gclkinst_auto_created_sclk_s_1_r_bk2.clkout
net (fo=43)                             0.639          6.775          net: u_phy/u0_lane_lvds_8_1/I_serial_clk_created_gclkinst_auto_created_sclk_s_1_r_bk2_sclk_outnet,  NOFILE(0)
                                                                      pin: u_phy/u0_lane_lvds_8_1/S_load_en_reg_syn_9.clk
launch edge                             0.000    r     6.775               
--------------------------------------------------------------------  ---------------
clk2q               x035y044z7          0.137    r     6.912          pin: u_phy/u0_lane_lvds_8_1/S_load_en_reg_syn_9.oqb
net (fo=34)                             0.493          7.405          net: u_phy/u0_lane_lvds_8_1/S_load_en_2d,  ../../../user_source/hdl_source/lane_lvds_10_1.v(21)
                                                                      pin: u_phy/u2_lane_lvds_8_1/S_shift_data_b[0]_syn_2.ia
LUT4                x033y041z1          0.399    f     7.804       1  pin: u_phy/u2_lane_lvds_8_1/S_shift_data_b[0]_syn_2.ofb
net (fo=1)                              0.498          8.302          net: u_phy/u2_lane_lvds_8_1/S_shift_data_b[0],  NOFILE(0)
                                                                      pin: u_phy/u2_lane_lvds_8_1/S_shift_data_reg[6]_syn_2.imb
reg                 x035y044z3          0.078    r     8.380          net: u_phy/u2_lane_lvds_8_1/S_shift_data[0],  ../../../user_source/hdl_source/lane_lvds_10_1.v(22)
--------------------------------------------------------------------  ---------------
Arrival                                                8.380               

source latency                          0.000          0.000               
port                C4                  0.000          0.000          pin: I_sys_clk
hierarchy                               0.000          0.000          pin: I_sys_clk_syn_2.ipad
HDIO                x033y078            0.745          0.745          pin: I_sys_clk_syn_2.sg09_di
HDIO                x033y078            0.629          1.374          pin: I_sys_clk_syn_2.di
net (fo=1)          x043y079            0.099          1.473          net: I_sys_clk_dup_1,  ../../../diagnostics/hdmi_positive/avi_fhd30_top.v(3)
                                                                      pin: u_pll/u_ref/ph1p_phy_pll_wrapper_25a56e5ce2f9_Inst/u_PH1P_PHY_PLL.refclk
PLL                 x043y079            0.703          2.176          pin: u_pll/u_ref/ph1p_phy_pll_wrapper_25a56e5ce2f9_Inst/u_PH1P_PHY_PLL.clkc[0]
net (fo=1)                              0.711          2.887          net: u_pll/u_ref/clk0_buf,  ../../../user_source/hdl_source/native_hdmi_pll.v(32)
                                                                      pin: u_pll/u_ref/bufg_feedback.clkin[0]
GCLK                x023y039z16         0.014          2.901          pin: u_pll/u_ref/bufg_feedback.clkout
net (fo=1)                              0.322          3.223          net: u_pll/u_output/ph1p_phy_pll_wrapper_25a56e5ce2f9_Inst/refclk,  ../../../user_source/ip_source/PLL/RTL/ph1p_phy_pll_wrapper_25a56e5ce2f9.v(119)
                                                                      pin: u_pll/u_ref/bufg_feedback_auto_created_sclk_s_0_l_bk1.clkin
SCLK                x023y019z0          0.068          3.291          pin: u_pll/u_ref/bufg_feedback_auto_created_sclk_s_0_l_bk1.clkout
net (fo=1)          x000y039            0.255          3.546          net: u_pll/u_ref/bufg_feedback_auto_created_sclk_s_0_l_bk1_sclk_outnet,  NOFILE(0)
                                                                      pin: u_pll/u_output/ph1p_phy_pll_wrapper_25a56e5ce2f9_Inst/u_PH1P_PHY_PLL.refclk
PLL                 x000y039            0.708          4.254          pin: u_pll/u_output/ph1p_phy_pll_wrapper_25a56e5ce2f9_Inst/u_PH1P_PHY_PLL.clkc[1]
net (fo=1)                              0.690          4.944          net: u_phy/u0_lane_lvds_8_1/I_serial_clk,  ../../../user_source/hdl_source/lane_lvds_10_1.v(8)
                                                                      pin: u_phy/u0_lane_lvds_8_1/I_serial_clk_created_gclkinst.clkin[0]
GCLK                x023y039z1          0.014          4.958          pin: u_phy/u0_lane_lvds_8_1/I_serial_clk_created_gclkinst.clkout
net (fo=1)                              0.339          5.297          net: u_phy/u0_lane_lvds_8_1/I_serial_clk_syn_1,  ../../../user_source/hdl_source/lane_lvds_10_1.v(8)
                                                                      pin: u_phy/u0_lane_lvds_8_1/I_serial_clk_created_gclkinst_auto_created_sclk_s_1_r_bk2.clkin
SCLK                x023y059z13         0.068          5.365          pin: u_phy/u0_lane_lvds_8_1/I_serial_clk_created_gclkinst_auto_created_sclk_s_1_r_bk2.clkout
net (fo=43)                             0.556          5.921          net: u_phy/u0_lane_lvds_8_1/I_serial_clk_created_gclkinst_auto_created_sclk_s_1_r_bk2_sclk_outnet,  NOFILE(0)
                                                                      pin: u_phy/u2_lane_lvds_8_1/S_shift_data_reg[6]_syn_2.clk
capture edge                            2.693    r     8.614               
--------------------------------------------------------------------  ---------------
setup                                  -0.064          8.550               
clock uncertainty                      -0.077          8.473               
clock pessimism                         0.843          9.316               
--------------------------------------------------------------------  ---------------
Required                                               9.316               
--------------------------------------------------------------------  ---------------
Slack                                                  0.936               

Slack               : 1.237ns
Begin Point         : u_phy/u0_lane_lvds_8_1/S_load_en_reg_syn_9.clk (rising edge triggered by clock u_pll/u_output/ph1p_phy_pll_wrapper_25a56e5ce2f9_Inst/u_PH1P_PHY_PLL.clkc[1]  { rise@0.000000ns  fall@1.346000ns  period=2.693000 })
End Point           : u_phy/u1_lane_lvds_8_1/S_shift_data_reg[4]_syn_2.imb (rising edge triggered by clock u_pll/u_output/ph1p_phy_pll_wrapper_25a56e5ce2f9_Inst/u_PH1P_PHY_PLL.clkc[1]  { rise@0.000000ns  fall@1.346000ns  period=2.693000 })
Check Type          : setup
Process             : slow_m40c
Budget              : 2.693ns { u_pll/u_output/ph1p_phy_pll_wrapper_25a56e5ce2f9_Inst/u_PH1P_PHY_PLL.clkc[1] rising@2.693ns - u_pll/u_output/ph1p_phy_pll_wrapper_25a56e5ce2f9_Inst/u_PH1P_PHY_PLL.clkc[1] rising@0.000ns }
Data Path Delay     : 1.304ns (cell 0.614ns (47%), net 0.690ns (53%))
Clock Skew          : 0.011ns
Logic Level         : 1 ( LUT5=1 )
Max Fanout          : 34
Clock Uncertainty   : 0.077ns (sdc uncertainty: 0.000ns, default uncertainty: 0.077ns)

Delay Type          Location             Incr           Path   Level  Netlist Info
--------------------------------------------------------------------  ---------------
source latency                          0.000          0.000               
port                C4                  0.000          0.000          pin: I_sys_clk
hierarchy                               0.000          0.000          pin: I_sys_clk_syn_2.ipad
HDIO                x033y078            0.810          0.810          pin: I_sys_clk_syn_2.sg09_di
HDIO                x033y078            0.684          1.494          pin: I_sys_clk_syn_2.di
net (fo=1)          x043y079            0.115          1.609          net: I_sys_clk_dup_1,  ../../../diagnostics/hdmi_positive/avi_fhd30_top.v(3)
                                                                      pin: u_pll/u_ref/ph1p_phy_pll_wrapper_25a56e5ce2f9_Inst/u_PH1P_PHY_PLL.refclk
PLL                 x043y079            0.814          2.423          pin: u_pll/u_ref/ph1p_phy_pll_wrapper_25a56e5ce2f9_Inst/u_PH1P_PHY_PLL.clkc[0]
net (fo=1)                              0.830          3.253          net: u_pll/u_ref/clk0_buf,  ../../../user_source/hdl_source/native_hdmi_pll.v(32)
                                                                      pin: u_pll/u_ref/bufg_feedback.clkin[0]
GCLK                x023y039z16         0.016          3.269          pin: u_pll/u_ref/bufg_feedback.clkout
net (fo=1)                              0.375          3.644          net: u_pll/u_output/ph1p_phy_pll_wrapper_25a56e5ce2f9_Inst/refclk,  ../../../user_source/ip_source/PLL/RTL/ph1p_phy_pll_wrapper_25a56e5ce2f9.v(119)
                                                                      pin: u_pll/u_ref/bufg_feedback_auto_created_sclk_s_0_l_bk1.clkin
SCLK                x023y019z0          0.079          3.723          pin: u_pll/u_ref/bufg_feedback_auto_created_sclk_s_0_l_bk1.clkout
net (fo=1)          x000y039            0.299          4.022          net: u_pll/u_ref/bufg_feedback_auto_created_sclk_s_0_l_bk1_sclk_outnet,  NOFILE(0)
                                                                      pin: u_pll/u_output/ph1p_phy_pll_wrapper_25a56e5ce2f9_Inst/u_PH1P_PHY_PLL.refclk
PLL                 x000y039            0.818          4.840          pin: u_pll/u_output/ph1p_phy_pll_wrapper_25a56e5ce2f9_Inst/u_PH1P_PHY_PLL.clkc[1]
net (fo=1)                              0.806          5.646          net: u_phy/u0_lane_lvds_8_1/I_serial_clk,  ../../../user_source/hdl_source/lane_lvds_10_1.v(8)
                                                                      pin: u_phy/u0_lane_lvds_8_1/I_serial_clk_created_gclkinst.clkin[0]
GCLK                x023y039z1          0.016          5.662          pin: u_phy/u0_lane_lvds_8_1/I_serial_clk_created_gclkinst.clkout
net (fo=1)                              0.395          6.057          net: u_phy/u0_lane_lvds_8_1/I_serial_clk_syn_1,  ../../../user_source/hdl_source/lane_lvds_10_1.v(8)
                                                                      pin: u_phy/u0_lane_lvds_8_1/I_serial_clk_created_gclkinst_auto_created_sclk_s_1_r_bk2.clkin
SCLK                x023y059z13         0.079          6.136          pin: u_phy/u0_lane_lvds_8_1/I_serial_clk_created_gclkinst_auto_created_sclk_s_1_r_bk2.clkout
net (fo=43)                             0.639          6.775          net: u_phy/u0_lane_lvds_8_1/I_serial_clk_created_gclkinst_auto_created_sclk_s_1_r_bk2_sclk_outnet,  NOFILE(0)
                                                                      pin: u_phy/u0_lane_lvds_8_1/S_load_en_reg_syn_9.clk
launch edge                             0.000    r     6.775               
--------------------------------------------------------------------  ---------------
clk2q               x035y044z7          0.137    r     6.912          pin: u_phy/u0_lane_lvds_8_1/S_load_en_reg_syn_9.oqb
net (fo=34)                             0.409          7.321          net: u_phy/u0_lane_lvds_8_1/S_load_en_2d,  ../../../user_source/hdl_source/lane_lvds_10_1.v(21)
                                                                      pin: u_phy/u0_lane_lvds_8_1/S_shift_data_b[4]_syn_2.ia
LUT5                x034y043z3          0.399    f     7.720       1  pin: u_phy/u0_lane_lvds_8_1/S_shift_data_b[4]_syn_2.ofb
net (fo=1)                              0.281          8.001          net: u_phy/u0_lane_lvds_8_1/S_shift_data_b[4],  NOFILE(0)
                                                                      pin: u_phy/u1_lane_lvds_8_1/S_shift_data_reg[4]_syn_2.imb
reg                 x035y043z0          0.078    r     8.079          net: u_phy/u0_lane_lvds_8_1/S_shift_data[4],  ../../../user_source/hdl_source/lane_lvds_10_1.v(22)
--------------------------------------------------------------------  ---------------
Arrival                                                8.079               

source latency                          0.000          0.000               
port                C4                  0.000          0.000          pin: I_sys_clk
hierarchy                               0.000          0.000          pin: I_sys_clk_syn_2.ipad
HDIO                x033y078            0.745          0.745          pin: I_sys_clk_syn_2.sg09_di
HDIO                x033y078            0.629          1.374          pin: I_sys_clk_syn_2.di
net (fo=1)          x043y079            0.099          1.473          net: I_sys_clk_dup_1,  ../../../diagnostics/hdmi_positive/avi_fhd30_top.v(3)
                                                                      pin: u_pll/u_ref/ph1p_phy_pll_wrapper_25a56e5ce2f9_Inst/u_PH1P_PHY_PLL.refclk
PLL                 x043y079            0.703          2.176          pin: u_pll/u_ref/ph1p_phy_pll_wrapper_25a56e5ce2f9_Inst/u_PH1P_PHY_PLL.clkc[0]
net (fo=1)                              0.711          2.887          net: u_pll/u_ref/clk0_buf,  ../../../user_source/hdl_source/native_hdmi_pll.v(32)
                                                                      pin: u_pll/u_ref/bufg_feedback.clkin[0]
GCLK                x023y039z16         0.014          2.901          pin: u_pll/u_ref/bufg_feedback.clkout
net (fo=1)                              0.322          3.223          net: u_pll/u_output/ph1p_phy_pll_wrapper_25a56e5ce2f9_Inst/refclk,  ../../../user_source/ip_source/PLL/RTL/ph1p_phy_pll_wrapper_25a56e5ce2f9.v(119)
                                                                      pin: u_pll/u_ref/bufg_feedback_auto_created_sclk_s_0_l_bk1.clkin
SCLK                x023y019z0          0.068          3.291          pin: u_pll/u_ref/bufg_feedback_auto_created_sclk_s_0_l_bk1.clkout
net (fo=1)          x000y039            0.255          3.546          net: u_pll/u_ref/bufg_feedback_auto_created_sclk_s_0_l_bk1_sclk_outnet,  NOFILE(0)
                                                                      pin: u_pll/u_output/ph1p_phy_pll_wrapper_25a56e5ce2f9_Inst/u_PH1P_PHY_PLL.refclk
PLL                 x000y039            0.708          4.254          pin: u_pll/u_output/ph1p_phy_pll_wrapper_25a56e5ce2f9_Inst/u_PH1P_PHY_PLL.clkc[1]
net (fo=1)                              0.690          4.944          net: u_phy/u0_lane_lvds_8_1/I_serial_clk,  ../../../user_source/hdl_source/lane_lvds_10_1.v(8)
                                                                      pin: u_phy/u0_lane_lvds_8_1/I_serial_clk_created_gclkinst.clkin[0]
GCLK                x023y039z1          0.014          4.958          pin: u_phy/u0_lane_lvds_8_1/I_serial_clk_created_gclkinst.clkout
net (fo=1)                              0.339          5.297          net: u_phy/u0_lane_lvds_8_1/I_serial_clk_syn_1,  ../../../user_source/hdl_source/lane_lvds_10_1.v(8)
                                                                      pin: u_phy/u0_lane_lvds_8_1/I_serial_clk_created_gclkinst_auto_created_sclk_s_1_r_bk2.clkin
SCLK                x023y059z13         0.068          5.365          pin: u_phy/u0_lane_lvds_8_1/I_serial_clk_created_gclkinst_auto_created_sclk_s_1_r_bk2.clkout
net (fo=43)                             0.556          5.921          net: u_phy/u0_lane_lvds_8_1/I_serial_clk_created_gclkinst_auto_created_sclk_s_1_r_bk2_sclk_outnet,  NOFILE(0)
                                                                      pin: u_phy/u1_lane_lvds_8_1/S_shift_data_reg[4]_syn_2.clk
capture edge                            2.693    r     8.614               
--------------------------------------------------------------------  ---------------
setup                                  -0.064          8.550               
clock uncertainty                      -0.077          8.473               
clock pessimism                         0.843          9.316               
--------------------------------------------------------------------  ---------------
Required                                               9.316               
--------------------------------------------------------------------  ---------------
Slack                                                  1.237               

Slack               : 1.326ns
Begin Point         : u_phy/u0_lane_lvds_8_1/S_load_en_reg_syn_9.clk (rising edge triggered by clock u_pll/u_output/ph1p_phy_pll_wrapper_25a56e5ce2f9_Inst/u_PH1P_PHY_PLL.clkc[1]  { rise@0.000000ns  fall@1.346000ns  period=2.693000 })
End Point           : u_phy/u1_lane_lvds_8_1/S_shift_data_reg[3]_syn_2.imb (rising edge triggered by clock u_pll/u_output/ph1p_phy_pll_wrapper_25a56e5ce2f9_Inst/u_PH1P_PHY_PLL.clkc[1]  { rise@0.000000ns  fall@1.346000ns  period=2.693000 })
Check Type          : setup
Process             : slow_m40c
Budget              : 2.693ns { u_pll/u_output/ph1p_phy_pll_wrapper_25a56e5ce2f9_Inst/u_PH1P_PHY_PLL.clkc[1] rising@2.693ns - u_pll/u_output/ph1p_phy_pll_wrapper_25a56e5ce2f9_Inst/u_PH1P_PHY_PLL.clkc[1] rising@0.000ns }
Data Path Delay     : 1.149ns (cell 0.404ns (35%), net 0.745ns (65%))
Clock Skew          : 0.077ns
Logic Level         : 1 ( LUT4=1 )
Max Fanout          : 34
Clock Uncertainty   : 0.077ns (sdc uncertainty: 0.000ns, default uncertainty: 0.077ns)

Delay Type          Location             Incr           Path   Level  Netlist Info
--------------------------------------------------------------------  ---------------
source latency                          0.000          0.000               
port                C4                  0.000          0.000          pin: I_sys_clk
hierarchy                               0.000          0.000          pin: I_sys_clk_syn_2.ipad
HDIO                x033y078            0.810          0.810          pin: I_sys_clk_syn_2.sg09_di
HDIO                x033y078            0.684          1.494          pin: I_sys_clk_syn_2.di
net (fo=1)          x043y079            0.115          1.609          net: I_sys_clk_dup_1,  ../../../diagnostics/hdmi_positive/avi_fhd30_top.v(3)
                                                                      pin: u_pll/u_ref/ph1p_phy_pll_wrapper_25a56e5ce2f9_Inst/u_PH1P_PHY_PLL.refclk
PLL                 x043y079            0.814          2.423          pin: u_pll/u_ref/ph1p_phy_pll_wrapper_25a56e5ce2f9_Inst/u_PH1P_PHY_PLL.clkc[0]
net (fo=1)                              0.830          3.253          net: u_pll/u_ref/clk0_buf,  ../../../user_source/hdl_source/native_hdmi_pll.v(32)
                                                                      pin: u_pll/u_ref/bufg_feedback.clkin[0]
GCLK                x023y039z16         0.016          3.269          pin: u_pll/u_ref/bufg_feedback.clkout
net (fo=1)                              0.375          3.644          net: u_pll/u_output/ph1p_phy_pll_wrapper_25a56e5ce2f9_Inst/refclk,  ../../../user_source/ip_source/PLL/RTL/ph1p_phy_pll_wrapper_25a56e5ce2f9.v(119)
                                                                      pin: u_pll/u_ref/bufg_feedback_auto_created_sclk_s_0_l_bk1.clkin
SCLK                x023y019z0          0.079          3.723          pin: u_pll/u_ref/bufg_feedback_auto_created_sclk_s_0_l_bk1.clkout
net (fo=1)          x000y039            0.299          4.022          net: u_pll/u_ref/bufg_feedback_auto_created_sclk_s_0_l_bk1_sclk_outnet,  NOFILE(0)
                                                                      pin: u_pll/u_output/ph1p_phy_pll_wrapper_25a56e5ce2f9_Inst/u_PH1P_PHY_PLL.refclk
PLL                 x000y039            0.818          4.840          pin: u_pll/u_output/ph1p_phy_pll_wrapper_25a56e5ce2f9_Inst/u_PH1P_PHY_PLL.clkc[1]
net (fo=1)                              0.806          5.646          net: u_phy/u0_lane_lvds_8_1/I_serial_clk,  ../../../user_source/hdl_source/lane_lvds_10_1.v(8)
                                                                      pin: u_phy/u0_lane_lvds_8_1/I_serial_clk_created_gclkinst.clkin[0]
GCLK                x023y039z1          0.016          5.662          pin: u_phy/u0_lane_lvds_8_1/I_serial_clk_created_gclkinst.clkout
net (fo=1)                              0.395          6.057          net: u_phy/u0_lane_lvds_8_1/I_serial_clk_syn_1,  ../../../user_source/hdl_source/lane_lvds_10_1.v(8)
                                                                      pin: u_phy/u0_lane_lvds_8_1/I_serial_clk_created_gclkinst_auto_created_sclk_s_1_r_bk2.clkin
SCLK                x023y059z13         0.079          6.136          pin: u_phy/u0_lane_lvds_8_1/I_serial_clk_created_gclkinst_auto_created_sclk_s_1_r_bk2.clkout
net (fo=43)                             0.639          6.775          net: u_phy/u0_lane_lvds_8_1/I_serial_clk_created_gclkinst_auto_created_sclk_s_1_r_bk2_sclk_outnet,  NOFILE(0)
                                                                      pin: u_phy/u0_lane_lvds_8_1/S_load_en_reg_syn_9.clk
launch edge                             0.000    r     6.775               
--------------------------------------------------------------------  ---------------
clk2q               x035y044z7          0.137    r     6.912          pin: u_phy/u0_lane_lvds_8_1/S_load_en_reg_syn_9.oqb
net (fo=34)                             0.410          7.322          net: u_phy/u0_lane_lvds_8_1/S_load_en_2d,  ../../../user_source/hdl_source/lane_lvds_10_1.v(21)
                                                                      pin: u_phy/u0_lane_lvds_8_1/S_shift_data_b[1]_syn_2.ie
LUT4                x033y043z7          0.189    r     7.511       1  pin: u_phy/u0_lane_lvds_8_1/S_shift_data_b[1]_syn_2.ofb
net (fo=1)                              0.335          7.846          net: u_phy/u0_lane_lvds_8_1/S_shift_data_b[1],  NOFILE(0)
                                                                      pin: u_phy/u1_lane_lvds_8_1/S_shift_data_reg[3]_syn_2.imb
reg                 x033y043z2          0.078    r     7.924          net: u_phy/u0_lane_lvds_8_1/S_shift_data[1],  ../../../user_source/hdl_source/lane_lvds_10_1.v(22)
--------------------------------------------------------------------  ---------------
Arrival                                                7.924               

source latency                          0.000          0.000               
port                C4                  0.000          0.000          pin: I_sys_clk
hierarchy                               0.000          0.000          pin: I_sys_clk_syn_2.ipad
HDIO                x033y078            0.745          0.745          pin: I_sys_clk_syn_2.sg09_di
HDIO                x033y078            0.629          1.374          pin: I_sys_clk_syn_2.di
net (fo=1)          x043y079            0.099          1.473          net: I_sys_clk_dup_1,  ../../../diagnostics/hdmi_positive/avi_fhd30_top.v(3)
                                                                      pin: u_pll/u_ref/ph1p_phy_pll_wrapper_25a56e5ce2f9_Inst/u_PH1P_PHY_PLL.refclk
PLL                 x043y079            0.703          2.176          pin: u_pll/u_ref/ph1p_phy_pll_wrapper_25a56e5ce2f9_Inst/u_PH1P_PHY_PLL.clkc[0]
net (fo=1)                              0.711          2.887          net: u_pll/u_ref/clk0_buf,  ../../../user_source/hdl_source/native_hdmi_pll.v(32)
                                                                      pin: u_pll/u_ref/bufg_feedback.clkin[0]
GCLK                x023y039z16         0.014          2.901          pin: u_pll/u_ref/bufg_feedback.clkout
net (fo=1)                              0.322          3.223          net: u_pll/u_output/ph1p_phy_pll_wrapper_25a56e5ce2f9_Inst/refclk,  ../../../user_source/ip_source/PLL/RTL/ph1p_phy_pll_wrapper_25a56e5ce2f9.v(119)
                                                                      pin: u_pll/u_ref/bufg_feedback_auto_created_sclk_s_0_l_bk1.clkin
SCLK                x023y019z0          0.068          3.291          pin: u_pll/u_ref/bufg_feedback_auto_created_sclk_s_0_l_bk1.clkout
net (fo=1)          x000y039            0.255          3.546          net: u_pll/u_ref/bufg_feedback_auto_created_sclk_s_0_l_bk1_sclk_outnet,  NOFILE(0)
                                                                      pin: u_pll/u_output/ph1p_phy_pll_wrapper_25a56e5ce2f9_Inst/u_PH1P_PHY_PLL.refclk
PLL                 x000y039            0.708          4.254          pin: u_pll/u_output/ph1p_phy_pll_wrapper_25a56e5ce2f9_Inst/u_PH1P_PHY_PLL.clkc[1]
net (fo=1)                              0.690          4.944          net: u_phy/u0_lane_lvds_8_1/I_serial_clk,  ../../../user_source/hdl_source/lane_lvds_10_1.v(8)
                                                                      pin: u_phy/u0_lane_lvds_8_1/I_serial_clk_created_gclkinst.clkin[0]
GCLK                x023y039z1          0.014          4.958          pin: u_phy/u0_lane_lvds_8_1/I_serial_clk_created_gclkinst.clkout
net (fo=1)                              0.339          5.297          net: u_phy/u0_lane_lvds_8_1/I_serial_clk_syn_1,  ../../../user_source/hdl_source/lane_lvds_10_1.v(8)
                                                                      pin: u_phy/u0_lane_lvds_8_1/I_serial_clk_created_gclkinst_auto_created_sclk_s_1_r_bk2.clkin
SCLK                x023y059z13         0.068          5.365          pin: u_phy/u0_lane_lvds_8_1/I_serial_clk_created_gclkinst_auto_created_sclk_s_1_r_bk2.clkout
net (fo=43)                             0.555          5.920          net: u_phy/u0_lane_lvds_8_1/I_serial_clk_created_gclkinst_auto_created_sclk_s_1_r_bk2_sclk_outnet,  NOFILE(0)
                                                                      pin: u_phy/u1_lane_lvds_8_1/S_shift_data_reg[3]_syn_2.clk
capture edge                            2.693    r     8.613               
--------------------------------------------------------------------  ---------------
setup                                  -0.064          8.549               
clock uncertainty                      -0.077          8.472               
clock pessimism                         0.778          9.250               
--------------------------------------------------------------------  ---------------
Required                                               9.250               
--------------------------------------------------------------------  ---------------
Slack                                                  1.326               

Slack               : 1.346ns
Begin Point         : u_phy/u0_lane_lvds_8_1/S_load_en_reg_syn_9.clk (rising edge triggered by clock u_pll/u_output/ph1p_phy_pll_wrapper_25a56e5ce2f9_Inst/u_PH1P_PHY_PLL.clkc[1]  { rise@0.000000ns  fall@1.346000ns  period=2.693000 })
End Point           : u_phy/u1_lane_lvds_8_1/S_shift_data_reg[9]_syn_2.ia (rising edge triggered by clock u_pll/u_output/ph1p_phy_pll_wrapper_25a56e5ce2f9_Inst/u_PH1P_PHY_PLL.clkc[1]  { rise@0.000000ns  fall@1.346000ns  period=2.693000 })
Check Type          : setup
Process             : slow_m40c
Budget              : 2.693ns { u_pll/u_output/ph1p_phy_pll_wrapper_25a56e5ce2f9_Inst/u_PH1P_PHY_PLL.clkc[1] rising@2.693ns - u_pll/u_output/ph1p_phy_pll_wrapper_25a56e5ce2f9_Inst/u_PH1P_PHY_PLL.clkc[1] rising@0.000ns }
Data Path Delay     : 1.129ns (cell 0.572ns (50%), net 0.557ns (50%))
Clock Skew          : 0.077ns
Logic Level         : 1 ( LUT5=1 )
Max Fanout          : 34
Clock Uncertainty   : 0.077ns (sdc uncertainty: 0.000ns, default uncertainty: 0.077ns)

Delay Type          Location             Incr           Path   Level  Netlist Info
--------------------------------------------------------------------  ---------------
source latency                          0.000          0.000               
port                C4                  0.000          0.000          pin: I_sys_clk
hierarchy                               0.000          0.000          pin: I_sys_clk_syn_2.ipad
HDIO                x033y078            0.810          0.810          pin: I_sys_clk_syn_2.sg09_di
HDIO                x033y078            0.684          1.494          pin: I_sys_clk_syn_2.di
net (fo=1)          x043y079            0.115          1.609          net: I_sys_clk_dup_1,  ../../../diagnostics/hdmi_positive/avi_fhd30_top.v(3)
                                                                      pin: u_pll/u_ref/ph1p_phy_pll_wrapper_25a56e5ce2f9_Inst/u_PH1P_PHY_PLL.refclk
PLL                 x043y079            0.814          2.423          pin: u_pll/u_ref/ph1p_phy_pll_wrapper_25a56e5ce2f9_Inst/u_PH1P_PHY_PLL.clkc[0]
net (fo=1)                              0.830          3.253          net: u_pll/u_ref/clk0_buf,  ../../../user_source/hdl_source/native_hdmi_pll.v(32)
                                                                      pin: u_pll/u_ref/bufg_feedback.clkin[0]
GCLK                x023y039z16         0.016          3.269          pin: u_pll/u_ref/bufg_feedback.clkout
net (fo=1)                              0.375          3.644          net: u_pll/u_output/ph1p_phy_pll_wrapper_25a56e5ce2f9_Inst/refclk,  ../../../user_source/ip_source/PLL/RTL/ph1p_phy_pll_wrapper_25a56e5ce2f9.v(119)
                                                                      pin: u_pll/u_ref/bufg_feedback_auto_created_sclk_s_0_l_bk1.clkin
SCLK                x023y019z0          0.079          3.723          pin: u_pll/u_ref/bufg_feedback_auto_created_sclk_s_0_l_bk1.clkout
net (fo=1)          x000y039            0.299          4.022          net: u_pll/u_ref/bufg_feedback_auto_created_sclk_s_0_l_bk1_sclk_outnet,  NOFILE(0)
                                                                      pin: u_pll/u_output/ph1p_phy_pll_wrapper_25a56e5ce2f9_Inst/u_PH1P_PHY_PLL.refclk
PLL                 x000y039            0.818          4.840          pin: u_pll/u_output/ph1p_phy_pll_wrapper_25a56e5ce2f9_Inst/u_PH1P_PHY_PLL.clkc[1]
net (fo=1)                              0.806          5.646          net: u_phy/u0_lane_lvds_8_1/I_serial_clk,  ../../../user_source/hdl_source/lane_lvds_10_1.v(8)
                                                                      pin: u_phy/u0_lane_lvds_8_1/I_serial_clk_created_gclkinst.clkin[0]
GCLK                x023y039z1          0.016          5.662          pin: u_phy/u0_lane_lvds_8_1/I_serial_clk_created_gclkinst.clkout
net (fo=1)                              0.395          6.057          net: u_phy/u0_lane_lvds_8_1/I_serial_clk_syn_1,  ../../../user_source/hdl_source/lane_lvds_10_1.v(8)
                                                                      pin: u_phy/u0_lane_lvds_8_1/I_serial_clk_created_gclkinst_auto_created_sclk_s_1_r_bk2.clkin
SCLK                x023y059z13         0.079          6.136          pin: u_phy/u0_lane_lvds_8_1/I_serial_clk_created_gclkinst_auto_created_sclk_s_1_r_bk2.clkout
net (fo=43)                             0.639          6.775          net: u_phy/u0_lane_lvds_8_1/I_serial_clk_created_gclkinst_auto_created_sclk_s_1_r_bk2_sclk_outnet,  NOFILE(0)
                                                                      pin: u_phy/u0_lane_lvds_8_1/S_load_en_reg_syn_9.clk
launch edge                             0.000    r     6.775               
--------------------------------------------------------------------  ---------------
clk2q               x035y044z7          0.137    r     6.912          pin: u_phy/u0_lane_lvds_8_1/S_load_en_reg_syn_9.oqb
net (fo=34)                             0.557          7.469          net: u_phy/u0_lane_lvds_8_1/S_load_en_2d,  ../../../user_source/hdl_source/lane_lvds_10_1.v(21)
                                                                      pin: u_phy/u1_lane_lvds_8_1/S_shift_data_reg[9]_syn_2.ia
LUT5 (reg)          x033y043z0          0.435    r     7.904       1  net: u_phy/u1_lane_lvds_8_1/S_shift_data[9],  ../../../user_source/hdl_source/lane_lvds_10_1.v(22)
--------------------------------------------------------------------  ---------------
Arrival                                                7.904               

source latency                          0.000          0.000               
port                C4                  0.000          0.000          pin: I_sys_clk
hierarchy                               0.000          0.000          pin: I_sys_clk_syn_2.ipad
HDIO                x033y078            0.745          0.745          pin: I_sys_clk_syn_2.sg09_di
HDIO                x033y078            0.629          1.374          pin: I_sys_clk_syn_2.di
net (fo=1)          x043y079            0.099          1.473          net: I_sys_clk_dup_1,  ../../../diagnostics/hdmi_positive/avi_fhd30_top.v(3)
                                                                      pin: u_pll/u_ref/ph1p_phy_pll_wrapper_25a56e5ce2f9_Inst/u_PH1P_PHY_PLL.refclk
PLL                 x043y079            0.703          2.176          pin: u_pll/u_ref/ph1p_phy_pll_wrapper_25a56e5ce2f9_Inst/u_PH1P_PHY_PLL.clkc[0]
net (fo=1)                              0.711          2.887          net: u_pll/u_ref/clk0_buf,  ../../../user_source/hdl_source/native_hdmi_pll.v(32)
                                                                      pin: u_pll/u_ref/bufg_feedback.clkin[0]
GCLK                x023y039z16         0.014          2.901          pin: u_pll/u_ref/bufg_feedback.clkout
net (fo=1)                              0.322          3.223          net: u_pll/u_output/ph1p_phy_pll_wrapper_25a56e5ce2f9_Inst/refclk,  ../../../user_source/ip_source/PLL/RTL/ph1p_phy_pll_wrapper_25a56e5ce2f9.v(119)
                                                                      pin: u_pll/u_ref/bufg_feedback_auto_created_sclk_s_0_l_bk1.clkin
SCLK                x023y019z0          0.068          3.291          pin: u_pll/u_ref/bufg_feedback_auto_created_sclk_s_0_l_bk1.clkout
net (fo=1)          x000y039            0.255          3.546          net: u_pll/u_ref/bufg_feedback_auto_created_sclk_s_0_l_bk1_sclk_outnet,  NOFILE(0)
                                                                      pin: u_pll/u_output/ph1p_phy_pll_wrapper_25a56e5ce2f9_Inst/u_PH1P_PHY_PLL.refclk
PLL                 x000y039            0.708          4.254          pin: u_pll/u_output/ph1p_phy_pll_wrapper_25a56e5ce2f9_Inst/u_PH1P_PHY_PLL.clkc[1]
net (fo=1)                              0.690          4.944          net: u_phy/u0_lane_lvds_8_1/I_serial_clk,  ../../../user_source/hdl_source/lane_lvds_10_1.v(8)
                                                                      pin: u_phy/u0_lane_lvds_8_1/I_serial_clk_created_gclkinst.clkin[0]
GCLK                x023y039z1          0.014          4.958          pin: u_phy/u0_lane_lvds_8_1/I_serial_clk_created_gclkinst.clkout
net (fo=1)                              0.339          5.297          net: u_phy/u0_lane_lvds_8_1/I_serial_clk_syn_1,  ../../../user_source/hdl_source/lane_lvds_10_1.v(8)
                                                                      pin: u_phy/u0_lane_lvds_8_1/I_serial_clk_created_gclkinst_auto_created_sclk_s_1_r_bk2.clkin
SCLK                x023y059z13         0.068          5.365          pin: u_phy/u0_lane_lvds_8_1/I_serial_clk_created_gclkinst_auto_created_sclk_s_1_r_bk2.clkout
net (fo=43)                             0.555          5.920          net: u_phy/u0_lane_lvds_8_1/I_serial_clk_created_gclkinst_auto_created_sclk_s_1_r_bk2_sclk_outnet,  NOFILE(0)
                                                                      pin: u_phy/u1_lane_lvds_8_1/S_shift_data_reg[9]_syn_2.clk
capture edge                            2.693    r     8.613               
--------------------------------------------------------------------  ---------------
setup                                  -0.064          8.549               
clock uncertainty                      -0.077          8.472               
clock pessimism                         0.778          9.250               
--------------------------------------------------------------------  ---------------
Required                                               9.250               
--------------------------------------------------------------------  ---------------
Slack                                                  1.346               

Slack               : 1.346ns
Begin Point         : u_phy/u0_lane_lvds_8_1/S_load_en_reg_syn_9.clk (rising edge triggered by clock u_pll/u_output/ph1p_phy_pll_wrapper_25a56e5ce2f9_Inst/u_PH1P_PHY_PLL.clkc[1]  { rise@0.000000ns  fall@1.346000ns  period=2.693000 })
End Point           : u_phy/u1_lane_lvds_8_1/S_shift_data_reg[3]_syn_2.ia (rising edge triggered by clock u_pll/u_output/ph1p_phy_pll_wrapper_25a56e5ce2f9_Inst/u_PH1P_PHY_PLL.clkc[1]  { rise@0.000000ns  fall@1.346000ns  period=2.693000 })
Check Type          : setup
Process             : slow_m40c
Budget              : 2.693ns { u_pll/u_output/ph1p_phy_pll_wrapper_25a56e5ce2f9_Inst/u_PH1P_PHY_PLL.clkc[1] rising@2.693ns - u_pll/u_output/ph1p_phy_pll_wrapper_25a56e5ce2f9_Inst/u_PH1P_PHY_PLL.clkc[1] rising@0.000ns }
Data Path Delay     : 1.129ns (cell 0.572ns (50%), net 0.557ns (50%))
Clock Skew          : 0.077ns
Logic Level         : 1 ( LUT5=1 )
Max Fanout          : 34
Clock Uncertainty   : 0.077ns (sdc uncertainty: 0.000ns, default uncertainty: 0.077ns)

Delay Type          Location             Incr           Path   Level  Netlist Info
--------------------------------------------------------------------  ---------------
source latency                          0.000          0.000               
port                C4                  0.000          0.000          pin: I_sys_clk
hierarchy                               0.000          0.000          pin: I_sys_clk_syn_2.ipad
HDIO                x033y078            0.810          0.810          pin: I_sys_clk_syn_2.sg09_di
HDIO                x033y078            0.684          1.494          pin: I_sys_clk_syn_2.di
net (fo=1)          x043y079            0.115          1.609          net: I_sys_clk_dup_1,  ../../../diagnostics/hdmi_positive/avi_fhd30_top.v(3)
                                                                      pin: u_pll/u_ref/ph1p_phy_pll_wrapper_25a56e5ce2f9_Inst/u_PH1P_PHY_PLL.refclk
PLL                 x043y079            0.814          2.423          pin: u_pll/u_ref/ph1p_phy_pll_wrapper_25a56e5ce2f9_Inst/u_PH1P_PHY_PLL.clkc[0]
net (fo=1)                              0.830          3.253          net: u_pll/u_ref/clk0_buf,  ../../../user_source/hdl_source/native_hdmi_pll.v(32)
                                                                      pin: u_pll/u_ref/bufg_feedback.clkin[0]
GCLK                x023y039z16         0.016          3.269          pin: u_pll/u_ref/bufg_feedback.clkout
net (fo=1)                              0.375          3.644          net: u_pll/u_output/ph1p_phy_pll_wrapper_25a56e5ce2f9_Inst/refclk,  ../../../user_source/ip_source/PLL/RTL/ph1p_phy_pll_wrapper_25a56e5ce2f9.v(119)
                                                                      pin: u_pll/u_ref/bufg_feedback_auto_created_sclk_s_0_l_bk1.clkin
SCLK                x023y019z0          0.079          3.723          pin: u_pll/u_ref/bufg_feedback_auto_created_sclk_s_0_l_bk1.clkout
net (fo=1)          x000y039            0.299          4.022          net: u_pll/u_ref/bufg_feedback_auto_created_sclk_s_0_l_bk1_sclk_outnet,  NOFILE(0)
                                                                      pin: u_pll/u_output/ph1p_phy_pll_wrapper_25a56e5ce2f9_Inst/u_PH1P_PHY_PLL.refclk
PLL                 x000y039            0.818          4.840          pin: u_pll/u_output/ph1p_phy_pll_wrapper_25a56e5ce2f9_Inst/u_PH1P_PHY_PLL.clkc[1]
net (fo=1)                              0.806          5.646          net: u_phy/u0_lane_lvds_8_1/I_serial_clk,  ../../../user_source/hdl_source/lane_lvds_10_1.v(8)
                                                                      pin: u_phy/u0_lane_lvds_8_1/I_serial_clk_created_gclkinst.clkin[0]
GCLK                x023y039z1          0.016          5.662          pin: u_phy/u0_lane_lvds_8_1/I_serial_clk_created_gclkinst.clkout
net (fo=1)                              0.395          6.057          net: u_phy/u0_lane_lvds_8_1/I_serial_clk_syn_1,  ../../../user_source/hdl_source/lane_lvds_10_1.v(8)
                                                                      pin: u_phy/u0_lane_lvds_8_1/I_serial_clk_created_gclkinst_auto_created_sclk_s_1_r_bk2.clkin
SCLK                x023y059z13         0.079          6.136          pin: u_phy/u0_lane_lvds_8_1/I_serial_clk_created_gclkinst_auto_created_sclk_s_1_r_bk2.clkout
net (fo=43)                             0.639          6.775          net: u_phy/u0_lane_lvds_8_1/I_serial_clk_created_gclkinst_auto_created_sclk_s_1_r_bk2_sclk_outnet,  NOFILE(0)
                                                                      pin: u_phy/u0_lane_lvds_8_1/S_load_en_reg_syn_9.clk
launch edge                             0.000    r     6.775               
--------------------------------------------------------------------  ---------------
clk2q               x035y044z7          0.137    r     6.912          pin: u_phy/u0_lane_lvds_8_1/S_load_en_reg_syn_9.oqb
net (fo=34)                             0.557          7.469          net: u_phy/u0_lane_lvds_8_1/S_load_en_2d,  ../../../user_source/hdl_source/lane_lvds_10_1.v(21)
                                                                      pin: u_phy/u1_lane_lvds_8_1/S_shift_data_reg[3]_syn_2.ia
LUT5 (reg)          x033y043z2          0.435    r     7.904       1  net: u_phy/u1_lane_lvds_8_1/S_shift_data[3],  ../../../user_source/hdl_source/lane_lvds_10_1.v(22)
--------------------------------------------------------------------  ---------------
Arrival                                                7.904               

source latency                          0.000          0.000               
port                C4                  0.000          0.000          pin: I_sys_clk
hierarchy                               0.000          0.000          pin: I_sys_clk_syn_2.ipad
HDIO                x033y078            0.745          0.745          pin: I_sys_clk_syn_2.sg09_di
HDIO                x033y078            0.629          1.374          pin: I_sys_clk_syn_2.di
net (fo=1)          x043y079            0.099          1.473          net: I_sys_clk_dup_1,  ../../../diagnostics/hdmi_positive/avi_fhd30_top.v(3)
                                                                      pin: u_pll/u_ref/ph1p_phy_pll_wrapper_25a56e5ce2f9_Inst/u_PH1P_PHY_PLL.refclk
PLL                 x043y079            0.703          2.176          pin: u_pll/u_ref/ph1p_phy_pll_wrapper_25a56e5ce2f9_Inst/u_PH1P_PHY_PLL.clkc[0]
net (fo=1)                              0.711          2.887          net: u_pll/u_ref/clk0_buf,  ../../../user_source/hdl_source/native_hdmi_pll.v(32)
                                                                      pin: u_pll/u_ref/bufg_feedback.clkin[0]
GCLK                x023y039z16         0.014          2.901          pin: u_pll/u_ref/bufg_feedback.clkout
net (fo=1)                              0.322          3.223          net: u_pll/u_output/ph1p_phy_pll_wrapper_25a56e5ce2f9_Inst/refclk,  ../../../user_source/ip_source/PLL/RTL/ph1p_phy_pll_wrapper_25a56e5ce2f9.v(119)
                                                                      pin: u_pll/u_ref/bufg_feedback_auto_created_sclk_s_0_l_bk1.clkin
SCLK                x023y019z0          0.068          3.291          pin: u_pll/u_ref/bufg_feedback_auto_created_sclk_s_0_l_bk1.clkout
net (fo=1)          x000y039            0.255          3.546          net: u_pll/u_ref/bufg_feedback_auto_created_sclk_s_0_l_bk1_sclk_outnet,  NOFILE(0)
                                                                      pin: u_pll/u_output/ph1p_phy_pll_wrapper_25a56e5ce2f9_Inst/u_PH1P_PHY_PLL.refclk
PLL                 x000y039            0.708          4.254          pin: u_pll/u_output/ph1p_phy_pll_wrapper_25a56e5ce2f9_Inst/u_PH1P_PHY_PLL.clkc[1]
net (fo=1)                              0.690          4.944          net: u_phy/u0_lane_lvds_8_1/I_serial_clk,  ../../../user_source/hdl_source/lane_lvds_10_1.v(8)
                                                                      pin: u_phy/u0_lane_lvds_8_1/I_serial_clk_created_gclkinst.clkin[0]
GCLK                x023y039z1          0.014          4.958          pin: u_phy/u0_lane_lvds_8_1/I_serial_clk_created_gclkinst.clkout
net (fo=1)                              0.339          5.297          net: u_phy/u0_lane_lvds_8_1/I_serial_clk_syn_1,  ../../../user_source/hdl_source/lane_lvds_10_1.v(8)
                                                                      pin: u_phy/u0_lane_lvds_8_1/I_serial_clk_created_gclkinst_auto_created_sclk_s_1_r_bk2.clkin
SCLK                x023y059z13         0.068          5.365          pin: u_phy/u0_lane_lvds_8_1/I_serial_clk_created_gclkinst_auto_created_sclk_s_1_r_bk2.clkout
net (fo=43)                             0.555          5.920          net: u_phy/u0_lane_lvds_8_1/I_serial_clk_created_gclkinst_auto_created_sclk_s_1_r_bk2_sclk_outnet,  NOFILE(0)
                                                                      pin: u_phy/u1_lane_lvds_8_1/S_shift_data_reg[3]_syn_2.clk
capture edge                            2.693    r     8.613               
--------------------------------------------------------------------  ---------------
setup                                  -0.064          8.549               
clock uncertainty                      -0.077          8.472               
clock pessimism                         0.778          9.250               
--------------------------------------------------------------------  ---------------
Required                                               9.250               
--------------------------------------------------------------------  ---------------
Slack                                                  1.346               

Slack               : 1.346ns
Begin Point         : u_phy/u0_lane_lvds_8_1/S_load_en_reg_syn_9.clk (rising edge triggered by clock u_pll/u_output/ph1p_phy_pll_wrapper_25a56e5ce2f9_Inst/u_PH1P_PHY_PLL.clkc[1]  { rise@0.000000ns  fall@1.346000ns  period=2.693000 })
End Point           : u_phy/u1_lane_lvds_8_1/S_shift_data_reg[5]_syn_2.ia (rising edge triggered by clock u_pll/u_output/ph1p_phy_pll_wrapper_25a56e5ce2f9_Inst/u_PH1P_PHY_PLL.clkc[1]  { rise@0.000000ns  fall@1.346000ns  period=2.693000 })
Check Type          : setup
Process             : slow_m40c
Budget              : 2.693ns { u_pll/u_output/ph1p_phy_pll_wrapper_25a56e5ce2f9_Inst/u_PH1P_PHY_PLL.clkc[1] rising@2.693ns - u_pll/u_output/ph1p_phy_pll_wrapper_25a56e5ce2f9_Inst/u_PH1P_PHY_PLL.clkc[1] rising@0.000ns }
Data Path Delay     : 1.129ns (cell 0.572ns (50%), net 0.557ns (50%))
Clock Skew          : 0.077ns
Logic Level         : 1 ( LUT5=1 )
Max Fanout          : 34
Clock Uncertainty   : 0.077ns (sdc uncertainty: 0.000ns, default uncertainty: 0.077ns)

Delay Type          Location             Incr           Path   Level  Netlist Info
--------------------------------------------------------------------  ---------------
source latency                          0.000          0.000               
port                C4                  0.000          0.000          pin: I_sys_clk
hierarchy                               0.000          0.000          pin: I_sys_clk_syn_2.ipad
HDIO                x033y078            0.810          0.810          pin: I_sys_clk_syn_2.sg09_di
HDIO                x033y078            0.684          1.494          pin: I_sys_clk_syn_2.di
net (fo=1)          x043y079            0.115          1.609          net: I_sys_clk_dup_1,  ../../../diagnostics/hdmi_positive/avi_fhd30_top.v(3)
                                                                      pin: u_pll/u_ref/ph1p_phy_pll_wrapper_25a56e5ce2f9_Inst/u_PH1P_PHY_PLL.refclk
PLL                 x043y079            0.814          2.423          pin: u_pll/u_ref/ph1p_phy_pll_wrapper_25a56e5ce2f9_Inst/u_PH1P_PHY_PLL.clkc[0]
net (fo=1)                              0.830          3.253          net: u_pll/u_ref/clk0_buf,  ../../../user_source/hdl_source/native_hdmi_pll.v(32)
                                                                      pin: u_pll/u_ref/bufg_feedback.clkin[0]
GCLK                x023y039z16         0.016          3.269          pin: u_pll/u_ref/bufg_feedback.clkout
net (fo=1)                              0.375          3.644          net: u_pll/u_output/ph1p_phy_pll_wrapper_25a56e5ce2f9_Inst/refclk,  ../../../user_source/ip_source/PLL/RTL/ph1p_phy_pll_wrapper_25a56e5ce2f9.v(119)
                                                                      pin: u_pll/u_ref/bufg_feedback_auto_created_sclk_s_0_l_bk1.clkin
SCLK                x023y019z0          0.079          3.723          pin: u_pll/u_ref/bufg_feedback_auto_created_sclk_s_0_l_bk1.clkout
net (fo=1)          x000y039            0.299          4.022          net: u_pll/u_ref/bufg_feedback_auto_created_sclk_s_0_l_bk1_sclk_outnet,  NOFILE(0)
                                                                      pin: u_pll/u_output/ph1p_phy_pll_wrapper_25a56e5ce2f9_Inst/u_PH1P_PHY_PLL.refclk
PLL                 x000y039            0.818          4.840          pin: u_pll/u_output/ph1p_phy_pll_wrapper_25a56e5ce2f9_Inst/u_PH1P_PHY_PLL.clkc[1]
net (fo=1)                              0.806          5.646          net: u_phy/u0_lane_lvds_8_1/I_serial_clk,  ../../../user_source/hdl_source/lane_lvds_10_1.v(8)
                                                                      pin: u_phy/u0_lane_lvds_8_1/I_serial_clk_created_gclkinst.clkin[0]
GCLK                x023y039z1          0.016          5.662          pin: u_phy/u0_lane_lvds_8_1/I_serial_clk_created_gclkinst.clkout
net (fo=1)                              0.395          6.057          net: u_phy/u0_lane_lvds_8_1/I_serial_clk_syn_1,  ../../../user_source/hdl_source/lane_lvds_10_1.v(8)
                                                                      pin: u_phy/u0_lane_lvds_8_1/I_serial_clk_created_gclkinst_auto_created_sclk_s_1_r_bk2.clkin
SCLK                x023y059z13         0.079          6.136          pin: u_phy/u0_lane_lvds_8_1/I_serial_clk_created_gclkinst_auto_created_sclk_s_1_r_bk2.clkout
net (fo=43)                             0.639          6.775          net: u_phy/u0_lane_lvds_8_1/I_serial_clk_created_gclkinst_auto_created_sclk_s_1_r_bk2_sclk_outnet,  NOFILE(0)
                                                                      pin: u_phy/u0_lane_lvds_8_1/S_load_en_reg_syn_9.clk
launch edge                             0.000    r     6.775               
--------------------------------------------------------------------  ---------------
clk2q               x035y044z7          0.137    r     6.912          pin: u_phy/u0_lane_lvds_8_1/S_load_en_reg_syn_9.oqb
net (fo=34)                             0.557          7.469          net: u_phy/u0_lane_lvds_8_1/S_load_en_2d,  ../../../user_source/hdl_source/lane_lvds_10_1.v(21)
                                                                      pin: u_phy/u1_lane_lvds_8_1/S_shift_data_reg[5]_syn_2.ia
LUT5 (reg)          x033y043z1          0.435    r     7.904       1  net: u_phy/u1_lane_lvds_8_1/S_shift_data[5],  ../../../user_source/hdl_source/lane_lvds_10_1.v(22)
--------------------------------------------------------------------  ---------------
Arrival                                                7.904               

source latency                          0.000          0.000               
port                C4                  0.000          0.000          pin: I_sys_clk
hierarchy                               0.000          0.000          pin: I_sys_clk_syn_2.ipad
HDIO                x033y078            0.745          0.745          pin: I_sys_clk_syn_2.sg09_di
HDIO                x033y078            0.629          1.374          pin: I_sys_clk_syn_2.di
net (fo=1)          x043y079            0.099          1.473          net: I_sys_clk_dup_1,  ../../../diagnostics/hdmi_positive/avi_fhd30_top.v(3)
                                                                      pin: u_pll/u_ref/ph1p_phy_pll_wrapper_25a56e5ce2f9_Inst/u_PH1P_PHY_PLL.refclk
PLL                 x043y079            0.703          2.176          pin: u_pll/u_ref/ph1p_phy_pll_wrapper_25a56e5ce2f9_Inst/u_PH1P_PHY_PLL.clkc[0]
net (fo=1)                              0.711          2.887          net: u_pll/u_ref/clk0_buf,  ../../../user_source/hdl_source/native_hdmi_pll.v(32)
                                                                      pin: u_pll/u_ref/bufg_feedback.clkin[0]
GCLK                x023y039z16         0.014          2.901          pin: u_pll/u_ref/bufg_feedback.clkout
net (fo=1)                              0.322          3.223          net: u_pll/u_output/ph1p_phy_pll_wrapper_25a56e5ce2f9_Inst/refclk,  ../../../user_source/ip_source/PLL/RTL/ph1p_phy_pll_wrapper_25a56e5ce2f9.v(119)
                                                                      pin: u_pll/u_ref/bufg_feedback_auto_created_sclk_s_0_l_bk1.clkin
SCLK                x023y019z0          0.068          3.291          pin: u_pll/u_ref/bufg_feedback_auto_created_sclk_s_0_l_bk1.clkout
net (fo=1)          x000y039            0.255          3.546          net: u_pll/u_ref/bufg_feedback_auto_created_sclk_s_0_l_bk1_sclk_outnet,  NOFILE(0)
                                                                      pin: u_pll/u_output/ph1p_phy_pll_wrapper_25a56e5ce2f9_Inst/u_PH1P_PHY_PLL.refclk
PLL                 x000y039            0.708          4.254          pin: u_pll/u_output/ph1p_phy_pll_wrapper_25a56e5ce2f9_Inst/u_PH1P_PHY_PLL.clkc[1]
net (fo=1)                              0.690          4.944          net: u_phy/u0_lane_lvds_8_1/I_serial_clk,  ../../../user_source/hdl_source/lane_lvds_10_1.v(8)
                                                                      pin: u_phy/u0_lane_lvds_8_1/I_serial_clk_created_gclkinst.clkin[0]
GCLK                x023y039z1          0.014          4.958          pin: u_phy/u0_lane_lvds_8_1/I_serial_clk_created_gclkinst.clkout
net (fo=1)                              0.339          5.297          net: u_phy/u0_lane_lvds_8_1/I_serial_clk_syn_1,  ../../../user_source/hdl_source/lane_lvds_10_1.v(8)
                                                                      pin: u_phy/u0_lane_lvds_8_1/I_serial_clk_created_gclkinst_auto_created_sclk_s_1_r_bk2.clkin
SCLK                x023y059z13         0.068          5.365          pin: u_phy/u0_lane_lvds_8_1/I_serial_clk_created_gclkinst_auto_created_sclk_s_1_r_bk2.clkout
net (fo=43)                             0.555          5.920          net: u_phy/u0_lane_lvds_8_1/I_serial_clk_created_gclkinst_auto_created_sclk_s_1_r_bk2_sclk_outnet,  NOFILE(0)
                                                                      pin: u_phy/u1_lane_lvds_8_1/S_shift_data_reg[5]_syn_2.clk
capture edge                            2.693    r     8.613               
--------------------------------------------------------------------  ---------------
setup                                  -0.064          8.549               
clock uncertainty                      -0.077          8.472               
clock pessimism                         0.778          9.250               
--------------------------------------------------------------------  ---------------
Required                                               9.250               
--------------------------------------------------------------------  ---------------
Slack                                                  1.346               

Slack               : 1.346ns
Begin Point         : u_phy/u0_lane_lvds_8_1/S_load_en_reg_syn_9.clk (rising edge triggered by clock u_pll/u_output/ph1p_phy_pll_wrapper_25a56e5ce2f9_Inst/u_PH1P_PHY_PLL.clkc[1]  { rise@0.000000ns  fall@1.346000ns  period=2.693000 })
End Point           : u_phy/u1_lane_lvds_8_1/S_shift_data_reg[7]_syn_2.ia (rising edge triggered by clock u_pll/u_output/ph1p_phy_pll_wrapper_25a56e5ce2f9_Inst/u_PH1P_PHY_PLL.clkc[1]  { rise@0.000000ns  fall@1.346000ns  period=2.693000 })
Check Type          : setup
Process             : slow_m40c
Budget              : 2.693ns { u_pll/u_output/ph1p_phy_pll_wrapper_25a56e5ce2f9_Inst/u_PH1P_PHY_PLL.clkc[1] rising@2.693ns - u_pll/u_output/ph1p_phy_pll_wrapper_25a56e5ce2f9_Inst/u_PH1P_PHY_PLL.clkc[1] rising@0.000ns }
Data Path Delay     : 1.129ns (cell 0.572ns (50%), net 0.557ns (50%))
Clock Skew          : 0.077ns
Logic Level         : 1 ( LUT5=1 )
Max Fanout          : 34
Clock Uncertainty   : 0.077ns (sdc uncertainty: 0.000ns, default uncertainty: 0.077ns)

Delay Type          Location             Incr           Path   Level  Netlist Info
--------------------------------------------------------------------  ---------------
source latency                          0.000          0.000               
port                C4                  0.000          0.000          pin: I_sys_clk
hierarchy                               0.000          0.000          pin: I_sys_clk_syn_2.ipad
HDIO                x033y078            0.810          0.810          pin: I_sys_clk_syn_2.sg09_di
HDIO                x033y078            0.684          1.494          pin: I_sys_clk_syn_2.di
net (fo=1)          x043y079            0.115          1.609          net: I_sys_clk_dup_1,  ../../../diagnostics/hdmi_positive/avi_fhd30_top.v(3)
                                                                      pin: u_pll/u_ref/ph1p_phy_pll_wrapper_25a56e5ce2f9_Inst/u_PH1P_PHY_PLL.refclk
PLL                 x043y079            0.814          2.423          pin: u_pll/u_ref/ph1p_phy_pll_wrapper_25a56e5ce2f9_Inst/u_PH1P_PHY_PLL.clkc[0]
net (fo=1)                              0.830          3.253          net: u_pll/u_ref/clk0_buf,  ../../../user_source/hdl_source/native_hdmi_pll.v(32)
                                                                      pin: u_pll/u_ref/bufg_feedback.clkin[0]
GCLK                x023y039z16         0.016          3.269          pin: u_pll/u_ref/bufg_feedback.clkout
net (fo=1)                              0.375          3.644          net: u_pll/u_output/ph1p_phy_pll_wrapper_25a56e5ce2f9_Inst/refclk,  ../../../user_source/ip_source/PLL/RTL/ph1p_phy_pll_wrapper_25a56e5ce2f9.v(119)
                                                                      pin: u_pll/u_ref/bufg_feedback_auto_created_sclk_s_0_l_bk1.clkin
SCLK                x023y019z0          0.079          3.723          pin: u_pll/u_ref/bufg_feedback_auto_created_sclk_s_0_l_bk1.clkout
net (fo=1)          x000y039            0.299          4.022          net: u_pll/u_ref/bufg_feedback_auto_created_sclk_s_0_l_bk1_sclk_outnet,  NOFILE(0)
                                                                      pin: u_pll/u_output/ph1p_phy_pll_wrapper_25a56e5ce2f9_Inst/u_PH1P_PHY_PLL.refclk
PLL                 x000y039            0.818          4.840          pin: u_pll/u_output/ph1p_phy_pll_wrapper_25a56e5ce2f9_Inst/u_PH1P_PHY_PLL.clkc[1]
net (fo=1)                              0.806          5.646          net: u_phy/u0_lane_lvds_8_1/I_serial_clk,  ../../../user_source/hdl_source/lane_lvds_10_1.v(8)
                                                                      pin: u_phy/u0_lane_lvds_8_1/I_serial_clk_created_gclkinst.clkin[0]
GCLK                x023y039z1          0.016          5.662          pin: u_phy/u0_lane_lvds_8_1/I_serial_clk_created_gclkinst.clkout
net (fo=1)                              0.395          6.057          net: u_phy/u0_lane_lvds_8_1/I_serial_clk_syn_1,  ../../../user_source/hdl_source/lane_lvds_10_1.v(8)
                                                                      pin: u_phy/u0_lane_lvds_8_1/I_serial_clk_created_gclkinst_auto_created_sclk_s_1_r_bk2.clkin
SCLK                x023y059z13         0.079          6.136          pin: u_phy/u0_lane_lvds_8_1/I_serial_clk_created_gclkinst_auto_created_sclk_s_1_r_bk2.clkout
net (fo=43)                             0.639          6.775          net: u_phy/u0_lane_lvds_8_1/I_serial_clk_created_gclkinst_auto_created_sclk_s_1_r_bk2_sclk_outnet,  NOFILE(0)
                                                                      pin: u_phy/u0_lane_lvds_8_1/S_load_en_reg_syn_9.clk
launch edge                             0.000    r     6.775               
--------------------------------------------------------------------  ---------------
clk2q               x035y044z7          0.137    r     6.912          pin: u_phy/u0_lane_lvds_8_1/S_load_en_reg_syn_9.oqb
net (fo=34)                             0.557          7.469          net: u_phy/u0_lane_lvds_8_1/S_load_en_2d,  ../../../user_source/hdl_source/lane_lvds_10_1.v(21)
                                                                      pin: u_phy/u1_lane_lvds_8_1/S_shift_data_reg[7]_syn_2.ia
LUT5 (reg)          x033y043z3          0.435    r     7.904       1  net: u_phy/u1_lane_lvds_8_1/S_shift_data[7],  ../../../user_source/hdl_source/lane_lvds_10_1.v(22)
--------------------------------------------------------------------  ---------------
Arrival                                                7.904               

source latency                          0.000          0.000               
port                C4                  0.000          0.000          pin: I_sys_clk
hierarchy                               0.000          0.000          pin: I_sys_clk_syn_2.ipad
HDIO                x033y078            0.745          0.745          pin: I_sys_clk_syn_2.sg09_di
HDIO                x033y078            0.629          1.374          pin: I_sys_clk_syn_2.di
net (fo=1)          x043y079            0.099          1.473          net: I_sys_clk_dup_1,  ../../../diagnostics/hdmi_positive/avi_fhd30_top.v(3)
                                                                      pin: u_pll/u_ref/ph1p_phy_pll_wrapper_25a56e5ce2f9_Inst/u_PH1P_PHY_PLL.refclk
PLL                 x043y079            0.703          2.176          pin: u_pll/u_ref/ph1p_phy_pll_wrapper_25a56e5ce2f9_Inst/u_PH1P_PHY_PLL.clkc[0]
net (fo=1)                              0.711          2.887          net: u_pll/u_ref/clk0_buf,  ../../../user_source/hdl_source/native_hdmi_pll.v(32)
                                                                      pin: u_pll/u_ref/bufg_feedback.clkin[0]
GCLK                x023y039z16         0.014          2.901          pin: u_pll/u_ref/bufg_feedback.clkout
net (fo=1)                              0.322          3.223          net: u_pll/u_output/ph1p_phy_pll_wrapper_25a56e5ce2f9_Inst/refclk,  ../../../user_source/ip_source/PLL/RTL/ph1p_phy_pll_wrapper_25a56e5ce2f9.v(119)
                                                                      pin: u_pll/u_ref/bufg_feedback_auto_created_sclk_s_0_l_bk1.clkin
SCLK                x023y019z0          0.068          3.291          pin: u_pll/u_ref/bufg_feedback_auto_created_sclk_s_0_l_bk1.clkout
net (fo=1)          x000y039            0.255          3.546          net: u_pll/u_ref/bufg_feedback_auto_created_sclk_s_0_l_bk1_sclk_outnet,  NOFILE(0)
                                                                      pin: u_pll/u_output/ph1p_phy_pll_wrapper_25a56e5ce2f9_Inst/u_PH1P_PHY_PLL.refclk
PLL                 x000y039            0.708          4.254          pin: u_pll/u_output/ph1p_phy_pll_wrapper_25a56e5ce2f9_Inst/u_PH1P_PHY_PLL.clkc[1]
net (fo=1)                              0.690          4.944          net: u_phy/u0_lane_lvds_8_1/I_serial_clk,  ../../../user_source/hdl_source/lane_lvds_10_1.v(8)
                                                                      pin: u_phy/u0_lane_lvds_8_1/I_serial_clk_created_gclkinst.clkin[0]
GCLK                x023y039z1          0.014          4.958          pin: u_phy/u0_lane_lvds_8_1/I_serial_clk_created_gclkinst.clkout
net (fo=1)                              0.339          5.297          net: u_phy/u0_lane_lvds_8_1/I_serial_clk_syn_1,  ../../../user_source/hdl_source/lane_lvds_10_1.v(8)
                                                                      pin: u_phy/u0_lane_lvds_8_1/I_serial_clk_created_gclkinst_auto_created_sclk_s_1_r_bk2.clkin
SCLK                x023y059z13         0.068          5.365          pin: u_phy/u0_lane_lvds_8_1/I_serial_clk_created_gclkinst_auto_created_sclk_s_1_r_bk2.clkout
net (fo=43)                             0.555          5.920          net: u_phy/u0_lane_lvds_8_1/I_serial_clk_created_gclkinst_auto_created_sclk_s_1_r_bk2_sclk_outnet,  NOFILE(0)
                                                                      pin: u_phy/u1_lane_lvds_8_1/S_shift_data_reg[7]_syn_2.clk
capture edge                            2.693    r     8.613               
--------------------------------------------------------------------  ---------------
setup                                  -0.064          8.549               
clock uncertainty                      -0.077          8.472               
clock pessimism                         0.778          9.250               
--------------------------------------------------------------------  ---------------
Required                                               9.250               
--------------------------------------------------------------------  ---------------
Slack                                                  1.346               

Slack               : 1.352ns
Begin Point         : u_phy/u1_lane_lvds_8_1/S_oddr_data_reg[1]_syn_2.clk (rising edge triggered by clock u_pll/u_output/ph1p_phy_pll_wrapper_25a56e5ce2f9_Inst/u_PH1P_PHY_PLL.clkc[1]  { rise@0.000000ns  fall@1.346000ns  period=2.693000 })
End Point           : O_tmds_ch1_p_syn_2.doq[0] (rising edge triggered by clock u_pll/u_output/ph1p_phy_pll_wrapper_25a56e5ce2f9_Inst/u_PH1P_PHY_PLL.clkc[1]  { rise@0.000000ns  fall@1.346000ns  period=2.693000 })
Check Type          : setup
Process             : slow_m40c
Budget              : 2.693ns { u_pll/u_output/ph1p_phy_pll_wrapper_25a56e5ce2f9_Inst/u_PH1P_PHY_PLL.clkc[1] rising@2.693ns - u_pll/u_output/ph1p_phy_pll_wrapper_25a56e5ce2f9_Inst/u_PH1P_PHY_PLL.clkc[1] rising@0.000ns }
Data Path Delay     : 1.049ns (cell 0.126ns (12%), net 0.923ns (88%))
Clock Skew          : 0.218ns
Logic Level         : 0
Max Fanout          : 1
Clock Uncertainty   : 0.077ns (sdc uncertainty: 0.000ns, default uncertainty: 0.077ns)

Delay Type          Location             Incr           Path   Level  Netlist Info
--------------------------------------------------------------------  ---------------
source latency                          0.000          0.000               
port                C4                  0.000          0.000          pin: I_sys_clk
hierarchy                               0.000          0.000          pin: I_sys_clk_syn_2.ipad
HDIO                x033y078            0.810          0.810          pin: I_sys_clk_syn_2.sg09_di
HDIO                x033y078            0.684          1.494          pin: I_sys_clk_syn_2.di
net (fo=1)          x043y079            0.115          1.609          net: I_sys_clk_dup_1,  ../../../diagnostics/hdmi_positive/avi_fhd30_top.v(3)
                                                                      pin: u_pll/u_ref/ph1p_phy_pll_wrapper_25a56e5ce2f9_Inst/u_PH1P_PHY_PLL.refclk
PLL                 x043y079            0.814          2.423          pin: u_pll/u_ref/ph1p_phy_pll_wrapper_25a56e5ce2f9_Inst/u_PH1P_PHY_PLL.clkc[0]
net (fo=1)                              0.830          3.253          net: u_pll/u_ref/clk0_buf,  ../../../user_source/hdl_source/native_hdmi_pll.v(32)
                                                                      pin: u_pll/u_ref/bufg_feedback.clkin[0]
GCLK                x023y039z16         0.016          3.269          pin: u_pll/u_ref/bufg_feedback.clkout
net (fo=1)                              0.375          3.644          net: u_pll/u_output/ph1p_phy_pll_wrapper_25a56e5ce2f9_Inst/refclk,  ../../../user_source/ip_source/PLL/RTL/ph1p_phy_pll_wrapper_25a56e5ce2f9.v(119)
                                                                      pin: u_pll/u_ref/bufg_feedback_auto_created_sclk_s_0_l_bk1.clkin
SCLK                x023y019z0          0.079          3.723          pin: u_pll/u_ref/bufg_feedback_auto_created_sclk_s_0_l_bk1.clkout
net (fo=1)          x000y039            0.299          4.022          net: u_pll/u_ref/bufg_feedback_auto_created_sclk_s_0_l_bk1_sclk_outnet,  NOFILE(0)
                                                                      pin: u_pll/u_output/ph1p_phy_pll_wrapper_25a56e5ce2f9_Inst/u_PH1P_PHY_PLL.refclk
PLL                 x000y039            0.818          4.840          pin: u_pll/u_output/ph1p_phy_pll_wrapper_25a56e5ce2f9_Inst/u_PH1P_PHY_PLL.clkc[1]
net (fo=1)                              0.806          5.646          net: u_phy/u0_lane_lvds_8_1/I_serial_clk,  ../../../user_source/hdl_source/lane_lvds_10_1.v(8)
                                                                      pin: u_phy/u0_lane_lvds_8_1/I_serial_clk_created_gclkinst.clkin[0]
GCLK                x023y039z1          0.016          5.662          pin: u_phy/u0_lane_lvds_8_1/I_serial_clk_created_gclkinst.clkout
net (fo=1)                              0.395          6.057          net: u_phy/u0_lane_lvds_8_1/I_serial_clk_syn_1,  ../../../user_source/hdl_source/lane_lvds_10_1.v(8)
                                                                      pin: u_phy/u0_lane_lvds_8_1/I_serial_clk_created_gclkinst_auto_created_sclk_s_1_r_bk2.clkin
SCLK                x023y059z13         0.079          6.136          pin: u_phy/u0_lane_lvds_8_1/I_serial_clk_created_gclkinst_auto_created_sclk_s_1_r_bk2.clkout
net (fo=43)                             0.639          6.775          net: u_phy/u0_lane_lvds_8_1/I_serial_clk_created_gclkinst_auto_created_sclk_s_1_r_bk2_sclk_outnet,  NOFILE(0)
                                                                      pin: u_phy/u1_lane_lvds_8_1/S_oddr_data_reg[1]_syn_2.clk
launch edge                             0.000    r     6.775               
--------------------------------------------------------------------  ---------------
clk2q               x036y048z4          0.126    f     6.901          pin: u_phy/u1_lane_lvds_8_1/S_oddr_data_reg[1]_syn_2.oqa
net (fo=1)                              0.923          7.824          net: u_phy/u1_lane_lvds_8_1/S_oddr_data[1],  ../../../user_source/hdl_source/lane_lvds_10_1.v(23)
                                                                      pin: O_tmds_ch1_p_syn_2.doq[0]
PAD (reg)           x043y053            0.000    f     7.824               
--------------------------------------------------------------------  ---------------
Arrival                                                7.824               

source latency                          0.000          0.000               
port                C4                  0.000          0.000          pin: I_sys_clk
hierarchy                               0.000          0.000          pin: I_sys_clk_syn_2.ipad
HDIO                x033y078            0.745          0.745          pin: I_sys_clk_syn_2.sg09_di
HDIO                x033y078            0.629          1.374          pin: I_sys_clk_syn_2.di
net (fo=1)          x043y079            0.099          1.473          net: I_sys_clk_dup_1,  ../../../diagnostics/hdmi_positive/avi_fhd30_top.v(3)
                                                                      pin: u_pll/u_ref/ph1p_phy_pll_wrapper_25a56e5ce2f9_Inst/u_PH1P_PHY_PLL.refclk
PLL                 x043y079            0.703          2.176          pin: u_pll/u_ref/ph1p_phy_pll_wrapper_25a56e5ce2f9_Inst/u_PH1P_PHY_PLL.clkc[0]
net (fo=1)                              0.711          2.887          net: u_pll/u_ref/clk0_buf,  ../../../user_source/hdl_source/native_hdmi_pll.v(32)
                                                                      pin: u_pll/u_ref/bufg_feedback.clkin[0]
GCLK                x023y039z16         0.014          2.901          pin: u_pll/u_ref/bufg_feedback.clkout
net (fo=1)                              0.322          3.223          net: u_pll/u_output/ph1p_phy_pll_wrapper_25a56e5ce2f9_Inst/refclk,  ../../../user_source/ip_source/PLL/RTL/ph1p_phy_pll_wrapper_25a56e5ce2f9.v(119)
                                                                      pin: u_pll/u_ref/bufg_feedback_auto_created_sclk_s_0_l_bk1.clkin
SCLK                x023y019z0          0.068          3.291          pin: u_pll/u_ref/bufg_feedback_auto_created_sclk_s_0_l_bk1.clkout
net (fo=1)          x000y039            0.255          3.546          net: u_pll/u_ref/bufg_feedback_auto_created_sclk_s_0_l_bk1_sclk_outnet,  NOFILE(0)
                                                                      pin: u_pll/u_output/ph1p_phy_pll_wrapper_25a56e5ce2f9_Inst/u_PH1P_PHY_PLL.refclk
PLL                 x000y039            0.708          4.254          pin: u_pll/u_output/ph1p_phy_pll_wrapper_25a56e5ce2f9_Inst/u_PH1P_PHY_PLL.clkc[1]
net (fo=1)                              0.690          4.944          net: u_phy/u0_lane_lvds_8_1/I_serial_clk,  ../../../user_source/hdl_source/lane_lvds_10_1.v(8)
                                                                      pin: u_phy/u0_lane_lvds_8_1/I_serial_clk_created_gclkinst.clkin[0]
GCLK                x023y039z1          0.014          4.958          pin: u_phy/u0_lane_lvds_8_1/I_serial_clk_created_gclkinst.clkout
net (fo=1)                              0.339          5.297          net: u_phy/u0_lane_lvds_8_1/I_serial_clk_syn_1,  ../../../user_source/hdl_source/lane_lvds_10_1.v(8)
                                                                      pin: u_phy/u0_lane_lvds_8_1/I_serial_clk_created_gclkinst_auto_created_sclk_s_1_r_bk2.clkin
SCLK                x023y059z13         0.068          5.365          pin: u_phy/u0_lane_lvds_8_1/I_serial_clk_created_gclkinst_auto_created_sclk_s_1_r_bk2.clkout
net (fo=43)                             0.414          5.779          net: u_phy/u0_lane_lvds_8_1/I_serial_clk_created_gclkinst_auto_created_sclk_s_1_r_bk2_sclk_outnet,  NOFILE(0)
                                                                      pin: O_tmds_ch1_p_syn_2.opclk
capture edge                            2.693    r     8.472               
--------------------------------------------------------------------  ---------------
setup                                   0.003          8.475               
clock uncertainty                      -0.077          8.398               
clock pessimism                         0.778          9.176               
--------------------------------------------------------------------  ---------------
Required                                               9.176               
--------------------------------------------------------------------  ---------------
Slack                                                  1.352               

Slack               : 1.360ns
Begin Point         : u_phy/u2_lane_lvds_8_1/S_oddr_data_reg[0]_syn_2.clk (rising edge triggered by clock u_pll/u_output/ph1p_phy_pll_wrapper_25a56e5ce2f9_Inst/u_PH1P_PHY_PLL.clkc[1]  { rise@0.000000ns  fall@1.346000ns  period=2.693000 })
End Point           : O_tmds_ch2_p_syn_2.doq[1] (rising edge triggered by clock u_pll/u_output/ph1p_phy_pll_wrapper_25a56e5ce2f9_Inst/u_PH1P_PHY_PLL.clkc[1]  { rise@0.000000ns  fall@1.346000ns  period=2.693000 })
Check Type          : setup
Process             : slow_m40c
Budget              : 2.693ns { u_pll/u_output/ph1p_phy_pll_wrapper_25a56e5ce2f9_Inst/u_PH1P_PHY_PLL.clkc[1] rising@2.693ns - u_pll/u_output/ph1p_phy_pll_wrapper_25a56e5ce2f9_Inst/u_PH1P_PHY_PLL.clkc[1] rising@0.000ns }
Data Path Delay     : 1.044ns (cell 0.126ns (12%), net 0.918ns (88%))
Clock Skew          : 0.218ns
Logic Level         : 0
Max Fanout          : 1
Clock Uncertainty   : 0.077ns (sdc uncertainty: 0.000ns, default uncertainty: 0.077ns)

Delay Type          Location             Incr           Path   Level  Netlist Info
--------------------------------------------------------------------  ---------------
source latency                          0.000          0.000               
port                C4                  0.000          0.000          pin: I_sys_clk
hierarchy                               0.000          0.000          pin: I_sys_clk_syn_2.ipad
HDIO                x033y078            0.810          0.810          pin: I_sys_clk_syn_2.sg09_di
HDIO                x033y078            0.684          1.494          pin: I_sys_clk_syn_2.di
net (fo=1)          x043y079            0.115          1.609          net: I_sys_clk_dup_1,  ../../../diagnostics/hdmi_positive/avi_fhd30_top.v(3)
                                                                      pin: u_pll/u_ref/ph1p_phy_pll_wrapper_25a56e5ce2f9_Inst/u_PH1P_PHY_PLL.refclk
PLL                 x043y079            0.814          2.423          pin: u_pll/u_ref/ph1p_phy_pll_wrapper_25a56e5ce2f9_Inst/u_PH1P_PHY_PLL.clkc[0]
net (fo=1)                              0.830          3.253          net: u_pll/u_ref/clk0_buf,  ../../../user_source/hdl_source/native_hdmi_pll.v(32)
                                                                      pin: u_pll/u_ref/bufg_feedback.clkin[0]
GCLK                x023y039z16         0.016          3.269          pin: u_pll/u_ref/bufg_feedback.clkout
net (fo=1)                              0.375          3.644          net: u_pll/u_output/ph1p_phy_pll_wrapper_25a56e5ce2f9_Inst/refclk,  ../../../user_source/ip_source/PLL/RTL/ph1p_phy_pll_wrapper_25a56e5ce2f9.v(119)
                                                                      pin: u_pll/u_ref/bufg_feedback_auto_created_sclk_s_0_l_bk1.clkin
SCLK                x023y019z0          0.079          3.723          pin: u_pll/u_ref/bufg_feedback_auto_created_sclk_s_0_l_bk1.clkout
net (fo=1)          x000y039            0.299          4.022          net: u_pll/u_ref/bufg_feedback_auto_created_sclk_s_0_l_bk1_sclk_outnet,  NOFILE(0)
                                                                      pin: u_pll/u_output/ph1p_phy_pll_wrapper_25a56e5ce2f9_Inst/u_PH1P_PHY_PLL.refclk
PLL                 x000y039            0.818          4.840          pin: u_pll/u_output/ph1p_phy_pll_wrapper_25a56e5ce2f9_Inst/u_PH1P_PHY_PLL.clkc[1]
net (fo=1)                              0.806          5.646          net: u_phy/u0_lane_lvds_8_1/I_serial_clk,  ../../../user_source/hdl_source/lane_lvds_10_1.v(8)
                                                                      pin: u_phy/u0_lane_lvds_8_1/I_serial_clk_created_gclkinst.clkin[0]
GCLK                x023y039z1          0.016          5.662          pin: u_phy/u0_lane_lvds_8_1/I_serial_clk_created_gclkinst.clkout
net (fo=1)                              0.395          6.057          net: u_phy/u0_lane_lvds_8_1/I_serial_clk_syn_1,  ../../../user_source/hdl_source/lane_lvds_10_1.v(8)
                                                                      pin: u_phy/u0_lane_lvds_8_1/I_serial_clk_created_gclkinst_auto_created_sclk_s_1_r_bk2.clkin
SCLK                x023y059z13         0.079          6.136          pin: u_phy/u0_lane_lvds_8_1/I_serial_clk_created_gclkinst_auto_created_sclk_s_1_r_bk2.clkout
net (fo=43)                             0.639          6.775          net: u_phy/u0_lane_lvds_8_1/I_serial_clk_created_gclkinst_auto_created_sclk_s_1_r_bk2_sclk_outnet,  NOFILE(0)
                                                                      pin: u_phy/u2_lane_lvds_8_1/S_oddr_data_reg[0]_syn_2.clk
launch edge                             0.000    r     6.775               
--------------------------------------------------------------------  ---------------
clk2q               x035y044z5          0.126    f     6.901          pin: u_phy/u2_lane_lvds_8_1/S_oddr_data_reg[0]_syn_2.oqa
net (fo=1)                              0.918          7.819          net: u_phy/u2_lane_lvds_8_1/S_oddr_data[0],  ../../../user_source/hdl_source/lane_lvds_10_1.v(23)
                                                                      pin: O_tmds_ch2_p_syn_2.doq[1]
PAD (reg)           x043y053            0.000    f     7.819               
--------------------------------------------------------------------  ---------------
Arrival                                                7.819               

source latency                          0.000          0.000               
port                C4                  0.000          0.000          pin: I_sys_clk
hierarchy                               0.000          0.000          pin: I_sys_clk_syn_2.ipad
HDIO                x033y078            0.745          0.745          pin: I_sys_clk_syn_2.sg09_di
HDIO                x033y078            0.629          1.374          pin: I_sys_clk_syn_2.di
net (fo=1)          x043y079            0.099          1.473          net: I_sys_clk_dup_1,  ../../../diagnostics/hdmi_positive/avi_fhd30_top.v(3)
                                                                      pin: u_pll/u_ref/ph1p_phy_pll_wrapper_25a56e5ce2f9_Inst/u_PH1P_PHY_PLL.refclk
PLL                 x043y079            0.703          2.176          pin: u_pll/u_ref/ph1p_phy_pll_wrapper_25a56e5ce2f9_Inst/u_PH1P_PHY_PLL.clkc[0]
net (fo=1)                              0.711          2.887          net: u_pll/u_ref/clk0_buf,  ../../../user_source/hdl_source/native_hdmi_pll.v(32)
                                                                      pin: u_pll/u_ref/bufg_feedback.clkin[0]
GCLK                x023y039z16         0.014          2.901          pin: u_pll/u_ref/bufg_feedback.clkout
net (fo=1)                              0.322          3.223          net: u_pll/u_output/ph1p_phy_pll_wrapper_25a56e5ce2f9_Inst/refclk,  ../../../user_source/ip_source/PLL/RTL/ph1p_phy_pll_wrapper_25a56e5ce2f9.v(119)
                                                                      pin: u_pll/u_ref/bufg_feedback_auto_created_sclk_s_0_l_bk1.clkin
SCLK                x023y019z0          0.068          3.291          pin: u_pll/u_ref/bufg_feedback_auto_created_sclk_s_0_l_bk1.clkout
net (fo=1)          x000y039            0.255          3.546          net: u_pll/u_ref/bufg_feedback_auto_created_sclk_s_0_l_bk1_sclk_outnet,  NOFILE(0)
                                                                      pin: u_pll/u_output/ph1p_phy_pll_wrapper_25a56e5ce2f9_Inst/u_PH1P_PHY_PLL.refclk
PLL                 x000y039            0.708          4.254          pin: u_pll/u_output/ph1p_phy_pll_wrapper_25a56e5ce2f9_Inst/u_PH1P_PHY_PLL.clkc[1]
net (fo=1)                              0.690          4.944          net: u_phy/u0_lane_lvds_8_1/I_serial_clk,  ../../../user_source/hdl_source/lane_lvds_10_1.v(8)
                                                                      pin: u_phy/u0_lane_lvds_8_1/I_serial_clk_created_gclkinst.clkin[0]
GCLK                x023y039z1          0.014          4.958          pin: u_phy/u0_lane_lvds_8_1/I_serial_clk_created_gclkinst.clkout
net (fo=1)                              0.339          5.297          net: u_phy/u0_lane_lvds_8_1/I_serial_clk_syn_1,  ../../../user_source/hdl_source/lane_lvds_10_1.v(8)
                                                                      pin: u_phy/u0_lane_lvds_8_1/I_serial_clk_created_gclkinst_auto_created_sclk_s_1_r_bk2.clkin
SCLK                x023y059z13         0.068          5.365          pin: u_phy/u0_lane_lvds_8_1/I_serial_clk_created_gclkinst_auto_created_sclk_s_1_r_bk2.clkout
net (fo=43)                             0.414          5.779          net: u_phy/u0_lane_lvds_8_1/I_serial_clk_created_gclkinst_auto_created_sclk_s_1_r_bk2_sclk_outnet,  NOFILE(0)
                                                                      pin: O_tmds_ch2_p_syn_2.opclk
capture edge                            2.693    r     8.472               
--------------------------------------------------------------------  ---------------
setup                                   0.006          8.478               
clock uncertainty                      -0.077          8.401               
clock pessimism                         0.778          9.179               
--------------------------------------------------------------------  ---------------
Required                                               9.179               
--------------------------------------------------------------------  ---------------
Slack                                                  1.360               



Min Paths
----------------------------------------------------------------------------------------------------
Slack               : 0.057ns
Begin Point         : u_phy/u0_lane_lvds_8_1/S_load_en_reg_syn_3.clk (rising edge triggered by clock u_pll/u_output/ph1p_phy_pll_wrapper_25a56e5ce2f9_Inst/u_PH1P_PHY_PLL.clkc[1]  { rise@0.000000ns  fall@1.346000ns  period=2.693000 })
End Point           : u_phy/u0_lane_lvds_8_1/S_load_en_1d_reg_syn_3.ima (rising edge triggered by clock u_pll/u_output/ph1p_phy_pll_wrapper_25a56e5ce2f9_Inst/u_PH1P_PHY_PLL.clkc[1]  { rise@0.000000ns  fall@1.346000ns  period=2.693000 })
Check Type          : hold
Process             : fast_m40c
Budget              : 0.000ns { u_pll/u_output/ph1p_phy_pll_wrapper_25a56e5ce2f9_Inst/u_PH1P_PHY_PLL.clkc[1] rising@0.000ns - u_pll/u_output/ph1p_phy_pll_wrapper_25a56e5ce2f9_Inst/u_PH1P_PHY_PLL.clkc[1] rising@0.000ns }
Data Path Delay     : 0.119ns (cell 0.091ns (76%), net 0.028ns (24%))
Clock Skew          : 0.000ns
Logic Level         : 0
Max Fanout          : 1
Clock Uncertainty   : 0.050ns (sdc uncertainty: 0.000ns, default uncertainty: 0.050ns)

Delay Type          Location             Incr           Path   Level  Netlist Info
--------------------------------------------------------------------  ---------------
source latency                          0.000          0.000               
port                C4                  0.000          0.000          pin: I_sys_clk
hierarchy                               0.000          0.000          pin: I_sys_clk_syn_2.ipad
HDIO                x033y078            0.810          0.810          pin: I_sys_clk_syn_2.sg09_di
HDIO                x033y078            0.257          1.067          pin: I_sys_clk_syn_2.di
net (fo=1)          x043y079            0.040          1.107          net: I_sys_clk_dup_1,  ../../../diagnostics/hdmi_positive/avi_fhd30_top.v(3)
                                                                      pin: u_pll/u_ref/ph1p_phy_pll_wrapper_25a56e5ce2f9_Inst/u_PH1P_PHY_PLL.refclk
PLL                 x043y079            0.367          1.474          pin: u_pll/u_ref/ph1p_phy_pll_wrapper_25a56e5ce2f9_Inst/u_PH1P_PHY_PLL.clkc[0]
net (fo=1)                              0.312          1.786          net: u_pll/u_ref/clk0_buf,  ../../../user_source/hdl_source/native_hdmi_pll.v(32)
                                                                      pin: u_pll/u_ref/bufg_feedback.clkin[0]
GCLK                x023y039z16         0.006          1.792          pin: u_pll/u_ref/bufg_feedback.clkout
net (fo=1)                              0.136          1.928          net: u_pll/u_output/ph1p_phy_pll_wrapper_25a56e5ce2f9_Inst/refclk,  ../../../user_source/ip_source/PLL/RTL/ph1p_phy_pll_wrapper_25a56e5ce2f9.v(119)
                                                                      pin: u_pll/u_ref/bufg_feedback_auto_created_sclk_s_0_l_bk1.clkin
SCLK                x023y019z0          0.025          1.953          pin: u_pll/u_ref/bufg_feedback_auto_created_sclk_s_0_l_bk1.clkout
net (fo=1)          x000y039            0.121          2.074          net: u_pll/u_ref/bufg_feedback_auto_created_sclk_s_0_l_bk1_sclk_outnet,  NOFILE(0)
                                                                      pin: u_pll/u_output/ph1p_phy_pll_wrapper_25a56e5ce2f9_Inst/u_PH1P_PHY_PLL.refclk
PLL                 x000y039            0.367          2.441          pin: u_pll/u_output/ph1p_phy_pll_wrapper_25a56e5ce2f9_Inst/u_PH1P_PHY_PLL.clkc[1]
net (fo=1)                              0.307          2.748          net: u_phy/u0_lane_lvds_8_1/I_serial_clk,  ../../../user_source/hdl_source/lane_lvds_10_1.v(8)
                                                                      pin: u_phy/u0_lane_lvds_8_1/I_serial_clk_created_gclkinst.clkin[0]
GCLK                x023y039z1          0.006          2.754          pin: u_phy/u0_lane_lvds_8_1/I_serial_clk_created_gclkinst.clkout
net (fo=1)                              0.146          2.900          net: u_phy/u0_lane_lvds_8_1/I_serial_clk_syn_1,  ../../../user_source/hdl_source/lane_lvds_10_1.v(8)
                                                                      pin: u_phy/u0_lane_lvds_8_1/I_serial_clk_created_gclkinst_auto_created_sclk_s_1_r_bk2.clkin
SCLK                x023y059z13         0.025          2.925          pin: u_phy/u0_lane_lvds_8_1/I_serial_clk_created_gclkinst_auto_created_sclk_s_1_r_bk2.clkout
net (fo=43)                             0.222          3.147          net: u_phy/u0_lane_lvds_8_1/I_serial_clk_created_gclkinst_auto_created_sclk_s_1_r_bk2_sclk_outnet,  NOFILE(0)
                                                                      pin: u_phy/u0_lane_lvds_8_1/S_load_en_reg_syn_3.clk
launch edge                             0.000    r     3.147               
--------------------------------------------------------------------  ---------------
clk2q               x032y043z1          0.062    f     3.209          pin: u_phy/u0_lane_lvds_8_1/S_load_en_reg_syn_3.oqa
net (fo=1)                              0.028          3.237          net: u_phy/u0_lane_lvds_8_1/S_load_en,  ../../../user_source/hdl_source/lane_lvds_10_1.v(19)
                                                                      pin: u_phy/u0_lane_lvds_8_1/S_load_en_1d_reg_syn_3.ima
reg                 x032y043z0          0.029    f     3.266          net: u_phy/u0_lane_lvds_8_1/S_load_en_1d,  ../../../user_source/hdl_source/lane_lvds_10_1.v(20)
--------------------------------------------------------------------  ---------------
Arrival                                                3.266               

source latency                          0.000          0.000               
port                C4                  0.000          0.000          pin: I_sys_clk
hierarchy                               0.000          0.000          pin: I_sys_clk_syn_2.ipad
HDIO                x033y078            0.915          0.915          pin: I_sys_clk_syn_2.sg09_di
HDIO                x033y078            0.290          1.205          pin: I_sys_clk_syn_2.di
net (fo=1)          x043y079            0.043          1.248          net: I_sys_clk_dup_1,  ../../../diagnostics/hdmi_positive/avi_fhd30_top.v(3)
                                                                      pin: u_pll/u_ref/ph1p_phy_pll_wrapper_25a56e5ce2f9_Inst/u_PH1P_PHY_PLL.refclk
PLL                 x043y079            0.435          1.683          pin: u_pll/u_ref/ph1p_phy_pll_wrapper_25a56e5ce2f9_Inst/u_PH1P_PHY_PLL.clkc[0]
net (fo=1)                              0.339          2.022          net: u_pll/u_ref/clk0_buf,  ../../../user_source/hdl_source/native_hdmi_pll.v(32)
                                                                      pin: u_pll/u_ref/bufg_feedback.clkin[0]
GCLK                x023y039z16         0.007          2.029          pin: u_pll/u_ref/bufg_feedback.clkout
net (fo=1)                              0.148          2.177          net: u_pll/u_output/ph1p_phy_pll_wrapper_25a56e5ce2f9_Inst/refclk,  ../../../user_source/ip_source/PLL/RTL/ph1p_phy_pll_wrapper_25a56e5ce2f9.v(119)
                                                                      pin: u_pll/u_ref/bufg_feedback_auto_created_sclk_s_0_l_bk1.clkin
SCLK                x023y019z0          0.030          2.207          pin: u_pll/u_ref/bufg_feedback_auto_created_sclk_s_0_l_bk1.clkout
net (fo=1)          x000y039            0.131          2.338          net: u_pll/u_ref/bufg_feedback_auto_created_sclk_s_0_l_bk1_sclk_outnet,  NOFILE(0)
                                                                      pin: u_pll/u_output/ph1p_phy_pll_wrapper_25a56e5ce2f9_Inst/u_PH1P_PHY_PLL.refclk
PLL                 x000y039            0.436          2.774          pin: u_pll/u_output/ph1p_phy_pll_wrapper_25a56e5ce2f9_Inst/u_PH1P_PHY_PLL.clkc[1]
net (fo=1)                              0.334          3.108          net: u_phy/u0_lane_lvds_8_1/I_serial_clk,  ../../../user_source/hdl_source/lane_lvds_10_1.v(8)
                                                                      pin: u_phy/u0_lane_lvds_8_1/I_serial_clk_created_gclkinst.clkin[0]
GCLK                x023y039z1          0.007          3.115          pin: u_phy/u0_lane_lvds_8_1/I_serial_clk_created_gclkinst.clkout
net (fo=1)                              0.158          3.273          net: u_phy/u0_lane_lvds_8_1/I_serial_clk_syn_1,  ../../../user_source/hdl_source/lane_lvds_10_1.v(8)
                                                                      pin: u_phy/u0_lane_lvds_8_1/I_serial_clk_created_gclkinst_auto_created_sclk_s_1_r_bk2.clkin
SCLK                x023y059z13         0.030          3.303          pin: u_phy/u0_lane_lvds_8_1/I_serial_clk_created_gclkinst_auto_created_sclk_s_1_r_bk2.clkout
net (fo=43)                             0.245          3.548          net: u_phy/u0_lane_lvds_8_1/I_serial_clk_created_gclkinst_auto_created_sclk_s_1_r_bk2_sclk_outnet,  NOFILE(0)
                                                                      pin: u_phy/u0_lane_lvds_8_1/S_load_en_1d_reg_syn_3.clk
capture edge                            0.000    r     3.548               
--------------------------------------------------------------------  ---------------
hold                                    0.012          3.560               
clock uncertainty                       0.050          3.610               
clock pessimism                        -0.401          3.209               
--------------------------------------------------------------------  ---------------
Required                                               3.209               
--------------------------------------------------------------------  ---------------
Slack                                                  0.057               

Slack               : 0.077ns
Begin Point         : u_phy/u2_lane_lvds_8_1/S_shift_data_reg[8]_syn_2.clk (rising edge triggered by clock u_pll/u_output/ph1p_phy_pll_wrapper_25a56e5ce2f9_Inst/u_PH1P_PHY_PLL.clkc[1]  { rise@0.000000ns  fall@1.346000ns  period=2.693000 })
End Point           : u_phy/u2_lane_lvds_8_1/S_oddr_data_reg[0]_syn_2.ima (rising edge triggered by clock u_pll/u_output/ph1p_phy_pll_wrapper_25a56e5ce2f9_Inst/u_PH1P_PHY_PLL.clkc[1]  { rise@0.000000ns  fall@1.346000ns  period=2.693000 })
Check Type          : hold
Process             : fast_m40c
Budget              : 0.000ns { u_pll/u_output/ph1p_phy_pll_wrapper_25a56e5ce2f9_Inst/u_PH1P_PHY_PLL.clkc[1] rising@0.000ns - u_pll/u_output/ph1p_phy_pll_wrapper_25a56e5ce2f9_Inst/u_PH1P_PHY_PLL.clkc[1] rising@0.000ns }
Data Path Delay     : 0.148ns (cell 0.091ns (61%), net 0.057ns (39%))
Clock Skew          : 0.009ns
Logic Level         : 0
Max Fanout          : 1
Clock Uncertainty   : 0.050ns (sdc uncertainty: 0.000ns, default uncertainty: 0.050ns)

Delay Type          Location             Incr           Path   Level  Netlist Info
--------------------------------------------------------------------  ---------------
source latency                          0.000          0.000               
port                C4                  0.000          0.000          pin: I_sys_clk
hierarchy                               0.000          0.000          pin: I_sys_clk_syn_2.ipad
HDIO                x033y078            0.810          0.810          pin: I_sys_clk_syn_2.sg09_di
HDIO                x033y078            0.257          1.067          pin: I_sys_clk_syn_2.di
net (fo=1)          x043y079            0.040          1.107          net: I_sys_clk_dup_1,  ../../../diagnostics/hdmi_positive/avi_fhd30_top.v(3)
                                                                      pin: u_pll/u_ref/ph1p_phy_pll_wrapper_25a56e5ce2f9_Inst/u_PH1P_PHY_PLL.refclk
PLL                 x043y079            0.367          1.474          pin: u_pll/u_ref/ph1p_phy_pll_wrapper_25a56e5ce2f9_Inst/u_PH1P_PHY_PLL.clkc[0]
net (fo=1)                              0.312          1.786          net: u_pll/u_ref/clk0_buf,  ../../../user_source/hdl_source/native_hdmi_pll.v(32)
                                                                      pin: u_pll/u_ref/bufg_feedback.clkin[0]
GCLK                x023y039z16         0.006          1.792          pin: u_pll/u_ref/bufg_feedback.clkout
net (fo=1)                              0.136          1.928          net: u_pll/u_output/ph1p_phy_pll_wrapper_25a56e5ce2f9_Inst/refclk,  ../../../user_source/ip_source/PLL/RTL/ph1p_phy_pll_wrapper_25a56e5ce2f9.v(119)
                                                                      pin: u_pll/u_ref/bufg_feedback_auto_created_sclk_s_0_l_bk1.clkin
SCLK                x023y019z0          0.025          1.953          pin: u_pll/u_ref/bufg_feedback_auto_created_sclk_s_0_l_bk1.clkout
net (fo=1)          x000y039            0.121          2.074          net: u_pll/u_ref/bufg_feedback_auto_created_sclk_s_0_l_bk1_sclk_outnet,  NOFILE(0)
                                                                      pin: u_pll/u_output/ph1p_phy_pll_wrapper_25a56e5ce2f9_Inst/u_PH1P_PHY_PLL.refclk
PLL                 x000y039            0.367          2.441          pin: u_pll/u_output/ph1p_phy_pll_wrapper_25a56e5ce2f9_Inst/u_PH1P_PHY_PLL.clkc[1]
net (fo=1)                              0.307          2.748          net: u_phy/u0_lane_lvds_8_1/I_serial_clk,  ../../../user_source/hdl_source/lane_lvds_10_1.v(8)
                                                                      pin: u_phy/u0_lane_lvds_8_1/I_serial_clk_created_gclkinst.clkin[0]
GCLK                x023y039z1          0.006          2.754          pin: u_phy/u0_lane_lvds_8_1/I_serial_clk_created_gclkinst.clkout
net (fo=1)                              0.146          2.900          net: u_phy/u0_lane_lvds_8_1/I_serial_clk_syn_1,  ../../../user_source/hdl_source/lane_lvds_10_1.v(8)
                                                                      pin: u_phy/u0_lane_lvds_8_1/I_serial_clk_created_gclkinst_auto_created_sclk_s_1_r_bk2.clkin
SCLK                x023y059z13         0.025          2.925          pin: u_phy/u0_lane_lvds_8_1/I_serial_clk_created_gclkinst_auto_created_sclk_s_1_r_bk2.clkout
net (fo=43)                             0.225          3.150          net: u_phy/u0_lane_lvds_8_1/I_serial_clk_created_gclkinst_auto_created_sclk_s_1_r_bk2_sclk_outnet,  NOFILE(0)
                                                                      pin: u_phy/u2_lane_lvds_8_1/S_shift_data_reg[8]_syn_2.clk
launch edge                             0.000    r     3.150               
--------------------------------------------------------------------  ---------------
clk2q               x035y044z2          0.062    f     3.212          pin: u_phy/u2_lane_lvds_8_1/S_shift_data_reg[8]_syn_2.oqa
net (fo=1)                              0.057          3.269          net: u_phy/u2_lane_lvds_8_1/S_shift_data[8],  ../../../user_source/hdl_source/lane_lvds_10_1.v(22)
                                                                      pin: u_phy/u2_lane_lvds_8_1/S_oddr_data_reg[0]_syn_2.ima
reg                 x035y044z5          0.029    f     3.298          net: u_phy/u2_lane_lvds_8_1/S_oddr_data[0],  ../../../user_source/hdl_source/lane_lvds_10_1.v(23)
--------------------------------------------------------------------  ---------------
Arrival                                                3.298               

source latency                          0.000          0.000               
port                C4                  0.000          0.000          pin: I_sys_clk
hierarchy                               0.000          0.000          pin: I_sys_clk_syn_2.ipad
HDIO                x033y078            0.915          0.915          pin: I_sys_clk_syn_2.sg09_di
HDIO                x033y078            0.290          1.205          pin: I_sys_clk_syn_2.di
net (fo=1)          x043y079            0.043          1.248          net: I_sys_clk_dup_1,  ../../../diagnostics/hdmi_positive/avi_fhd30_top.v(3)
                                                                      pin: u_pll/u_ref/ph1p_phy_pll_wrapper_25a56e5ce2f9_Inst/u_PH1P_PHY_PLL.refclk
PLL                 x043y079            0.435          1.683          pin: u_pll/u_ref/ph1p_phy_pll_wrapper_25a56e5ce2f9_Inst/u_PH1P_PHY_PLL.clkc[0]
net (fo=1)                              0.339          2.022          net: u_pll/u_ref/clk0_buf,  ../../../user_source/hdl_source/native_hdmi_pll.v(32)
                                                                      pin: u_pll/u_ref/bufg_feedback.clkin[0]
GCLK                x023y039z16         0.007          2.029          pin: u_pll/u_ref/bufg_feedback.clkout
net (fo=1)                              0.148          2.177          net: u_pll/u_output/ph1p_phy_pll_wrapper_25a56e5ce2f9_Inst/refclk,  ../../../user_source/ip_source/PLL/RTL/ph1p_phy_pll_wrapper_25a56e5ce2f9.v(119)
                                                                      pin: u_pll/u_ref/bufg_feedback_auto_created_sclk_s_0_l_bk1.clkin
SCLK                x023y019z0          0.030          2.207          pin: u_pll/u_ref/bufg_feedback_auto_created_sclk_s_0_l_bk1.clkout
net (fo=1)          x000y039            0.131          2.338          net: u_pll/u_ref/bufg_feedback_auto_created_sclk_s_0_l_bk1_sclk_outnet,  NOFILE(0)
                                                                      pin: u_pll/u_output/ph1p_phy_pll_wrapper_25a56e5ce2f9_Inst/u_PH1P_PHY_PLL.refclk
PLL                 x000y039            0.436          2.774          pin: u_pll/u_output/ph1p_phy_pll_wrapper_25a56e5ce2f9_Inst/u_PH1P_PHY_PLL.clkc[1]
net (fo=1)                              0.334          3.108          net: u_phy/u0_lane_lvds_8_1/I_serial_clk,  ../../../user_source/hdl_source/lane_lvds_10_1.v(8)
                                                                      pin: u_phy/u0_lane_lvds_8_1/I_serial_clk_created_gclkinst.clkin[0]
GCLK                x023y039z1          0.007          3.115          pin: u_phy/u0_lane_lvds_8_1/I_serial_clk_created_gclkinst.clkout
net (fo=1)                              0.158          3.273          net: u_phy/u0_lane_lvds_8_1/I_serial_clk_syn_1,  ../../../user_source/hdl_source/lane_lvds_10_1.v(8)
                                                                      pin: u_phy/u0_lane_lvds_8_1/I_serial_clk_created_gclkinst_auto_created_sclk_s_1_r_bk2.clkin
SCLK                x023y059z13         0.030          3.303          pin: u_phy/u0_lane_lvds_8_1/I_serial_clk_created_gclkinst_auto_created_sclk_s_1_r_bk2.clkout
net (fo=43)                             0.248          3.551          net: u_phy/u0_lane_lvds_8_1/I_serial_clk_created_gclkinst_auto_created_sclk_s_1_r_bk2_sclk_outnet,  NOFILE(0)
                                                                      pin: u_phy/u2_lane_lvds_8_1/S_oddr_data_reg[0]_syn_2.clk
capture edge                            0.000    r     3.551               
--------------------------------------------------------------------  ---------------
hold                                    0.012          3.563               
clock uncertainty                       0.050          3.613               
clock pessimism                        -0.392          3.221               
--------------------------------------------------------------------  ---------------
Required                                               3.221               
--------------------------------------------------------------------  ---------------
Slack                                                  0.077               

Slack               : 0.088ns
Begin Point         : u_phy/u1_lane_lvds_8_1/S_shift_data_reg[4]_syn_2.clk (rising edge triggered by clock u_pll/u_output/ph1p_phy_pll_wrapper_25a56e5ce2f9_Inst/u_PH1P_PHY_PLL.clkc[1]  { rise@0.000000ns  fall@1.346000ns  period=2.693000 })
End Point           : u_phy/u1_lane_lvds_8_1/S_shift_data_reg[6]_syn_2.ie (rising edge triggered by clock u_pll/u_output/ph1p_phy_pll_wrapper_25a56e5ce2f9_Inst/u_PH1P_PHY_PLL.clkc[1]  { rise@0.000000ns  fall@1.346000ns  period=2.693000 })
Check Type          : hold
Process             : fast_m40c
Budget              : 0.000ns { u_pll/u_output/ph1p_phy_pll_wrapper_25a56e5ce2f9_Inst/u_PH1P_PHY_PLL.clkc[1] rising@0.000ns - u_pll/u_output/ph1p_phy_pll_wrapper_25a56e5ce2f9_Inst/u_PH1P_PHY_PLL.clkc[1] rising@0.000ns }
Data Path Delay     : 0.150ns (cell 0.122ns (81%), net 0.028ns (19%))
Clock Skew          : 0.000ns
Logic Level         : 1 ( LUT5=1 )
Max Fanout          : 1
Clock Uncertainty   : 0.050ns (sdc uncertainty: 0.000ns, default uncertainty: 0.050ns)

Delay Type          Location             Incr           Path   Level  Netlist Info
--------------------------------------------------------------------  ---------------
source latency                          0.000          0.000               
port                C4                  0.000          0.000          pin: I_sys_clk
hierarchy                               0.000          0.000          pin: I_sys_clk_syn_2.ipad
HDIO                x033y078            0.810          0.810          pin: I_sys_clk_syn_2.sg09_di
HDIO                x033y078            0.257          1.067          pin: I_sys_clk_syn_2.di
net (fo=1)          x043y079            0.040          1.107          net: I_sys_clk_dup_1,  ../../../diagnostics/hdmi_positive/avi_fhd30_top.v(3)
                                                                      pin: u_pll/u_ref/ph1p_phy_pll_wrapper_25a56e5ce2f9_Inst/u_PH1P_PHY_PLL.refclk
PLL                 x043y079            0.367          1.474          pin: u_pll/u_ref/ph1p_phy_pll_wrapper_25a56e5ce2f9_Inst/u_PH1P_PHY_PLL.clkc[0]
net (fo=1)                              0.312          1.786          net: u_pll/u_ref/clk0_buf,  ../../../user_source/hdl_source/native_hdmi_pll.v(32)
                                                                      pin: u_pll/u_ref/bufg_feedback.clkin[0]
GCLK                x023y039z16         0.006          1.792          pin: u_pll/u_ref/bufg_feedback.clkout
net (fo=1)                              0.136          1.928          net: u_pll/u_output/ph1p_phy_pll_wrapper_25a56e5ce2f9_Inst/refclk,  ../../../user_source/ip_source/PLL/RTL/ph1p_phy_pll_wrapper_25a56e5ce2f9.v(119)
                                                                      pin: u_pll/u_ref/bufg_feedback_auto_created_sclk_s_0_l_bk1.clkin
SCLK                x023y019z0          0.025          1.953          pin: u_pll/u_ref/bufg_feedback_auto_created_sclk_s_0_l_bk1.clkout
net (fo=1)          x000y039            0.121          2.074          net: u_pll/u_ref/bufg_feedback_auto_created_sclk_s_0_l_bk1_sclk_outnet,  NOFILE(0)
                                                                      pin: u_pll/u_output/ph1p_phy_pll_wrapper_25a56e5ce2f9_Inst/u_PH1P_PHY_PLL.refclk
PLL                 x000y039            0.367          2.441          pin: u_pll/u_output/ph1p_phy_pll_wrapper_25a56e5ce2f9_Inst/u_PH1P_PHY_PLL.clkc[1]
net (fo=1)                              0.307          2.748          net: u_phy/u0_lane_lvds_8_1/I_serial_clk,  ../../../user_source/hdl_source/lane_lvds_10_1.v(8)
                                                                      pin: u_phy/u0_lane_lvds_8_1/I_serial_clk_created_gclkinst.clkin[0]
GCLK                x023y039z1          0.006          2.754          pin: u_phy/u0_lane_lvds_8_1/I_serial_clk_created_gclkinst.clkout
net (fo=1)                              0.146          2.900          net: u_phy/u0_lane_lvds_8_1/I_serial_clk_syn_1,  ../../../user_source/hdl_source/lane_lvds_10_1.v(8)
                                                                      pin: u_phy/u0_lane_lvds_8_1/I_serial_clk_created_gclkinst_auto_created_sclk_s_1_r_bk2.clkin
SCLK                x023y059z13         0.025          2.925          pin: u_phy/u0_lane_lvds_8_1/I_serial_clk_created_gclkinst_auto_created_sclk_s_1_r_bk2.clkout
net (fo=43)                             0.225          3.150          net: u_phy/u0_lane_lvds_8_1/I_serial_clk_created_gclkinst_auto_created_sclk_s_1_r_bk2_sclk_outnet,  NOFILE(0)
                                                                      pin: u_phy/u1_lane_lvds_8_1/S_shift_data_reg[4]_syn_2.clk
launch edge                             0.000    r     3.150               
--------------------------------------------------------------------  ---------------
clk2q               x035y043z0          0.062    f     3.212          pin: u_phy/u1_lane_lvds_8_1/S_shift_data_reg[4]_syn_2.oqa
net (fo=1)                              0.028          3.240          net: u_phy/u1_lane_lvds_8_1/S_shift_data[4],  ../../../user_source/hdl_source/lane_lvds_10_1.v(22)
                                                                      pin: u_phy/u1_lane_lvds_8_1/S_shift_data_reg[6]_syn_2.ie
LUT5 (reg)          x035y043z2          0.060    f     3.300       1  net: u_phy/u1_lane_lvds_8_1/S_shift_data[6],  ../../../user_source/hdl_source/lane_lvds_10_1.v(22)
--------------------------------------------------------------------  ---------------
Arrival                                                3.300               

source latency                          0.000          0.000               
port                C4                  0.000          0.000          pin: I_sys_clk
hierarchy                               0.000          0.000          pin: I_sys_clk_syn_2.ipad
HDIO                x033y078            0.915          0.915          pin: I_sys_clk_syn_2.sg09_di
HDIO                x033y078            0.290          1.205          pin: I_sys_clk_syn_2.di
net (fo=1)          x043y079            0.043          1.248          net: I_sys_clk_dup_1,  ../../../diagnostics/hdmi_positive/avi_fhd30_top.v(3)
                                                                      pin: u_pll/u_ref/ph1p_phy_pll_wrapper_25a56e5ce2f9_Inst/u_PH1P_PHY_PLL.refclk
PLL                 x043y079            0.435          1.683          pin: u_pll/u_ref/ph1p_phy_pll_wrapper_25a56e5ce2f9_Inst/u_PH1P_PHY_PLL.clkc[0]
net (fo=1)                              0.339          2.022          net: u_pll/u_ref/clk0_buf,  ../../../user_source/hdl_source/native_hdmi_pll.v(32)
                                                                      pin: u_pll/u_ref/bufg_feedback.clkin[0]
GCLK                x023y039z16         0.007          2.029          pin: u_pll/u_ref/bufg_feedback.clkout
net (fo=1)                              0.148          2.177          net: u_pll/u_output/ph1p_phy_pll_wrapper_25a56e5ce2f9_Inst/refclk,  ../../../user_source/ip_source/PLL/RTL/ph1p_phy_pll_wrapper_25a56e5ce2f9.v(119)
                                                                      pin: u_pll/u_ref/bufg_feedback_auto_created_sclk_s_0_l_bk1.clkin
SCLK                x023y019z0          0.030          2.207          pin: u_pll/u_ref/bufg_feedback_auto_created_sclk_s_0_l_bk1.clkout
net (fo=1)          x000y039            0.131          2.338          net: u_pll/u_ref/bufg_feedback_auto_created_sclk_s_0_l_bk1_sclk_outnet,  NOFILE(0)
                                                                      pin: u_pll/u_output/ph1p_phy_pll_wrapper_25a56e5ce2f9_Inst/u_PH1P_PHY_PLL.refclk
PLL                 x000y039            0.436          2.774          pin: u_pll/u_output/ph1p_phy_pll_wrapper_25a56e5ce2f9_Inst/u_PH1P_PHY_PLL.clkc[1]
net (fo=1)                              0.334          3.108          net: u_phy/u0_lane_lvds_8_1/I_serial_clk,  ../../../user_source/hdl_source/lane_lvds_10_1.v(8)
                                                                      pin: u_phy/u0_lane_lvds_8_1/I_serial_clk_created_gclkinst.clkin[0]
GCLK                x023y039z1          0.007          3.115          pin: u_phy/u0_lane_lvds_8_1/I_serial_clk_created_gclkinst.clkout
net (fo=1)                              0.158          3.273          net: u_phy/u0_lane_lvds_8_1/I_serial_clk_syn_1,  ../../../user_source/hdl_source/lane_lvds_10_1.v(8)
                                                                      pin: u_phy/u0_lane_lvds_8_1/I_serial_clk_created_gclkinst_auto_created_sclk_s_1_r_bk2.clkin
SCLK                x023y059z13         0.030          3.303          pin: u_phy/u0_lane_lvds_8_1/I_serial_clk_created_gclkinst_auto_created_sclk_s_1_r_bk2.clkout
net (fo=43)                             0.248          3.551          net: u_phy/u0_lane_lvds_8_1/I_serial_clk_created_gclkinst_auto_created_sclk_s_1_r_bk2_sclk_outnet,  NOFILE(0)
                                                                      pin: u_phy/u1_lane_lvds_8_1/S_shift_data_reg[6]_syn_2.clk
capture edge                            0.000    r     3.551               
--------------------------------------------------------------------  ---------------
hold                                    0.012          3.563               
clock uncertainty                       0.050          3.613               
clock pessimism                        -0.401          3.212               
--------------------------------------------------------------------  ---------------
Required                                               3.212               
--------------------------------------------------------------------  ---------------
Slack                                                  0.088               

Slack               : 0.088ns
Begin Point         : u_phy/u2_lane_lvds_8_1/S_shift_data_reg[1]_syn_2.clk (rising edge triggered by clock u_pll/u_output/ph1p_phy_pll_wrapper_25a56e5ce2f9_Inst/u_PH1P_PHY_PLL.clkc[1]  { rise@0.000000ns  fall@1.346000ns  period=2.693000 })
End Point           : u_phy/u2_lane_lvds_8_1/S_shift_data_reg[3]_syn_2.ie (rising edge triggered by clock u_pll/u_output/ph1p_phy_pll_wrapper_25a56e5ce2f9_Inst/u_PH1P_PHY_PLL.clkc[1]  { rise@0.000000ns  fall@1.346000ns  period=2.693000 })
Check Type          : hold
Process             : fast_m40c
Budget              : 0.000ns { u_pll/u_output/ph1p_phy_pll_wrapper_25a56e5ce2f9_Inst/u_PH1P_PHY_PLL.clkc[1] rising@0.000ns - u_pll/u_output/ph1p_phy_pll_wrapper_25a56e5ce2f9_Inst/u_PH1P_PHY_PLL.clkc[1] rising@0.000ns }
Data Path Delay     : 0.150ns (cell 0.122ns (81%), net 0.028ns (19%))
Clock Skew          : 0.000ns
Logic Level         : 1 ( LUT5=1 )
Max Fanout          : 1
Clock Uncertainty   : 0.050ns (sdc uncertainty: 0.000ns, default uncertainty: 0.050ns)

Delay Type          Location             Incr           Path   Level  Netlist Info
--------------------------------------------------------------------  ---------------
source latency                          0.000          0.000               
port                C4                  0.000          0.000          pin: I_sys_clk
hierarchy                               0.000          0.000          pin: I_sys_clk_syn_2.ipad
HDIO                x033y078            0.810          0.810          pin: I_sys_clk_syn_2.sg09_di
HDIO                x033y078            0.257          1.067          pin: I_sys_clk_syn_2.di
net (fo=1)          x043y079            0.040          1.107          net: I_sys_clk_dup_1,  ../../../diagnostics/hdmi_positive/avi_fhd30_top.v(3)
                                                                      pin: u_pll/u_ref/ph1p_phy_pll_wrapper_25a56e5ce2f9_Inst/u_PH1P_PHY_PLL.refclk
PLL                 x043y079            0.367          1.474          pin: u_pll/u_ref/ph1p_phy_pll_wrapper_25a56e5ce2f9_Inst/u_PH1P_PHY_PLL.clkc[0]
net (fo=1)                              0.312          1.786          net: u_pll/u_ref/clk0_buf,  ../../../user_source/hdl_source/native_hdmi_pll.v(32)
                                                                      pin: u_pll/u_ref/bufg_feedback.clkin[0]
GCLK                x023y039z16         0.006          1.792          pin: u_pll/u_ref/bufg_feedback.clkout
net (fo=1)                              0.136          1.928          net: u_pll/u_output/ph1p_phy_pll_wrapper_25a56e5ce2f9_Inst/refclk,  ../../../user_source/ip_source/PLL/RTL/ph1p_phy_pll_wrapper_25a56e5ce2f9.v(119)
                                                                      pin: u_pll/u_ref/bufg_feedback_auto_created_sclk_s_0_l_bk1.clkin
SCLK                x023y019z0          0.025          1.953          pin: u_pll/u_ref/bufg_feedback_auto_created_sclk_s_0_l_bk1.clkout
net (fo=1)          x000y039            0.121          2.074          net: u_pll/u_ref/bufg_feedback_auto_created_sclk_s_0_l_bk1_sclk_outnet,  NOFILE(0)
                                                                      pin: u_pll/u_output/ph1p_phy_pll_wrapper_25a56e5ce2f9_Inst/u_PH1P_PHY_PLL.refclk
PLL                 x000y039            0.367          2.441          pin: u_pll/u_output/ph1p_phy_pll_wrapper_25a56e5ce2f9_Inst/u_PH1P_PHY_PLL.clkc[1]
net (fo=1)                              0.307          2.748          net: u_phy/u0_lane_lvds_8_1/I_serial_clk,  ../../../user_source/hdl_source/lane_lvds_10_1.v(8)
                                                                      pin: u_phy/u0_lane_lvds_8_1/I_serial_clk_created_gclkinst.clkin[0]
GCLK                x023y039z1          0.006          2.754          pin: u_phy/u0_lane_lvds_8_1/I_serial_clk_created_gclkinst.clkout
net (fo=1)                              0.146          2.900          net: u_phy/u0_lane_lvds_8_1/I_serial_clk_syn_1,  ../../../user_source/hdl_source/lane_lvds_10_1.v(8)
                                                                      pin: u_phy/u0_lane_lvds_8_1/I_serial_clk_created_gclkinst_auto_created_sclk_s_1_r_bk2.clkin
SCLK                x023y059z13         0.025          2.925          pin: u_phy/u0_lane_lvds_8_1/I_serial_clk_created_gclkinst_auto_created_sclk_s_1_r_bk2.clkout
net (fo=43)                             0.222          3.147          net: u_phy/u0_lane_lvds_8_1/I_serial_clk_created_gclkinst_auto_created_sclk_s_1_r_bk2_sclk_outnet,  NOFILE(0)
                                                                      pin: u_phy/u2_lane_lvds_8_1/S_shift_data_reg[1]_syn_2.clk
launch edge                             0.000    r     3.147               
--------------------------------------------------------------------  ---------------
clk2q               x033y041z4          0.062    f     3.209          pin: u_phy/u2_lane_lvds_8_1/S_shift_data_reg[1]_syn_2.oqa
net (fo=1)                              0.028          3.237          net: u_phy/u2_lane_lvds_8_1/S_shift_data[1],  ../../../user_source/hdl_source/lane_lvds_10_1.v(22)
                                                                      pin: u_phy/u2_lane_lvds_8_1/S_shift_data_reg[3]_syn_2.ie
LUT5 (reg)          x033y041z5          0.060    f     3.297       1  net: u_phy/u2_lane_lvds_8_1/S_shift_data[3],  ../../../user_source/hdl_source/lane_lvds_10_1.v(22)
--------------------------------------------------------------------  ---------------
Arrival                                                3.297               

source latency                          0.000          0.000               
port                C4                  0.000          0.000          pin: I_sys_clk
hierarchy                               0.000          0.000          pin: I_sys_clk_syn_2.ipad
HDIO                x033y078            0.915          0.915          pin: I_sys_clk_syn_2.sg09_di
HDIO                x033y078            0.290          1.205          pin: I_sys_clk_syn_2.di
net (fo=1)          x043y079            0.043          1.248          net: I_sys_clk_dup_1,  ../../../diagnostics/hdmi_positive/avi_fhd30_top.v(3)
                                                                      pin: u_pll/u_ref/ph1p_phy_pll_wrapper_25a56e5ce2f9_Inst/u_PH1P_PHY_PLL.refclk
PLL                 x043y079            0.435          1.683          pin: u_pll/u_ref/ph1p_phy_pll_wrapper_25a56e5ce2f9_Inst/u_PH1P_PHY_PLL.clkc[0]
net (fo=1)                              0.339          2.022          net: u_pll/u_ref/clk0_buf,  ../../../user_source/hdl_source/native_hdmi_pll.v(32)
                                                                      pin: u_pll/u_ref/bufg_feedback.clkin[0]
GCLK                x023y039z16         0.007          2.029          pin: u_pll/u_ref/bufg_feedback.clkout
net (fo=1)                              0.148          2.177          net: u_pll/u_output/ph1p_phy_pll_wrapper_25a56e5ce2f9_Inst/refclk,  ../../../user_source/ip_source/PLL/RTL/ph1p_phy_pll_wrapper_25a56e5ce2f9.v(119)
                                                                      pin: u_pll/u_ref/bufg_feedback_auto_created_sclk_s_0_l_bk1.clkin
SCLK                x023y019z0          0.030          2.207          pin: u_pll/u_ref/bufg_feedback_auto_created_sclk_s_0_l_bk1.clkout
net (fo=1)          x000y039            0.131          2.338          net: u_pll/u_ref/bufg_feedback_auto_created_sclk_s_0_l_bk1_sclk_outnet,  NOFILE(0)
                                                                      pin: u_pll/u_output/ph1p_phy_pll_wrapper_25a56e5ce2f9_Inst/u_PH1P_PHY_PLL.refclk
PLL                 x000y039            0.436          2.774          pin: u_pll/u_output/ph1p_phy_pll_wrapper_25a56e5ce2f9_Inst/u_PH1P_PHY_PLL.clkc[1]
net (fo=1)                              0.334          3.108          net: u_phy/u0_lane_lvds_8_1/I_serial_clk,  ../../../user_source/hdl_source/lane_lvds_10_1.v(8)
                                                                      pin: u_phy/u0_lane_lvds_8_1/I_serial_clk_created_gclkinst.clkin[0]
GCLK                x023y039z1          0.007          3.115          pin: u_phy/u0_lane_lvds_8_1/I_serial_clk_created_gclkinst.clkout
net (fo=1)                              0.158          3.273          net: u_phy/u0_lane_lvds_8_1/I_serial_clk_syn_1,  ../../../user_source/hdl_source/lane_lvds_10_1.v(8)
                                                                      pin: u_phy/u0_lane_lvds_8_1/I_serial_clk_created_gclkinst_auto_created_sclk_s_1_r_bk2.clkin
SCLK                x023y059z13         0.030          3.303          pin: u_phy/u0_lane_lvds_8_1/I_serial_clk_created_gclkinst_auto_created_sclk_s_1_r_bk2.clkout
net (fo=43)                             0.245          3.548          net: u_phy/u0_lane_lvds_8_1/I_serial_clk_created_gclkinst_auto_created_sclk_s_1_r_bk2_sclk_outnet,  NOFILE(0)
                                                                      pin: u_phy/u2_lane_lvds_8_1/S_shift_data_reg[3]_syn_2.clk
capture edge                            0.000    r     3.548               
--------------------------------------------------------------------  ---------------
hold                                    0.012          3.560               
clock uncertainty                       0.050          3.610               
clock pessimism                        -0.401          3.209               
--------------------------------------------------------------------  ---------------
Required                                               3.209               
--------------------------------------------------------------------  ---------------
Slack                                                  0.088               

Slack               : 0.093ns
Begin Point         : u_phy/u0_lane_lvds_8_1/S_load_en_reg_syn_9.clk (rising edge triggered by clock u_pll/u_output/ph1p_phy_pll_wrapper_25a56e5ce2f9_Inst/u_PH1P_PHY_PLL.clkc[1]  { rise@0.000000ns  fall@1.346000ns  period=2.693000 })
End Point           : u_phy/u3_lane_lvds_8_1/S_shift_data_reg[2]_syn_2.imb (rising edge triggered by clock u_pll/u_output/ph1p_phy_pll_wrapper_25a56e5ce2f9_Inst/u_PH1P_PHY_PLL.clkc[1]  { rise@0.000000ns  fall@1.346000ns  period=2.693000 })
Check Type          : hold
Process             : fast_m40c
Budget              : 0.000ns { u_pll/u_output/ph1p_phy_pll_wrapper_25a56e5ce2f9_Inst/u_PH1P_PHY_PLL.clkc[1] rising@0.000ns - u_pll/u_output/ph1p_phy_pll_wrapper_25a56e5ce2f9_Inst/u_PH1P_PHY_PLL.clkc[1] rising@0.000ns }
Data Path Delay     : 0.164ns (cell 0.091ns (55%), net 0.073ns (45%))
Clock Skew          : 0.009ns
Logic Level         : 0
Max Fanout          : 34
Clock Uncertainty   : 0.050ns (sdc uncertainty: 0.000ns, default uncertainty: 0.050ns)

Delay Type          Location             Incr           Path   Level  Netlist Info
--------------------------------------------------------------------  ---------------
source latency                          0.000          0.000               
port                C4                  0.000          0.000          pin: I_sys_clk
hierarchy                               0.000          0.000          pin: I_sys_clk_syn_2.ipad
HDIO                x033y078            0.810          0.810          pin: I_sys_clk_syn_2.sg09_di
HDIO                x033y078            0.257          1.067          pin: I_sys_clk_syn_2.di
net (fo=1)          x043y079            0.040          1.107          net: I_sys_clk_dup_1,  ../../../diagnostics/hdmi_positive/avi_fhd30_top.v(3)
                                                                      pin: u_pll/u_ref/ph1p_phy_pll_wrapper_25a56e5ce2f9_Inst/u_PH1P_PHY_PLL.refclk
PLL                 x043y079            0.367          1.474          pin: u_pll/u_ref/ph1p_phy_pll_wrapper_25a56e5ce2f9_Inst/u_PH1P_PHY_PLL.clkc[0]
net (fo=1)                              0.312          1.786          net: u_pll/u_ref/clk0_buf,  ../../../user_source/hdl_source/native_hdmi_pll.v(32)
                                                                      pin: u_pll/u_ref/bufg_feedback.clkin[0]
GCLK                x023y039z16         0.006          1.792          pin: u_pll/u_ref/bufg_feedback.clkout
net (fo=1)                              0.136          1.928          net: u_pll/u_output/ph1p_phy_pll_wrapper_25a56e5ce2f9_Inst/refclk,  ../../../user_source/ip_source/PLL/RTL/ph1p_phy_pll_wrapper_25a56e5ce2f9.v(119)
                                                                      pin: u_pll/u_ref/bufg_feedback_auto_created_sclk_s_0_l_bk1.clkin
SCLK                x023y019z0          0.025          1.953          pin: u_pll/u_ref/bufg_feedback_auto_created_sclk_s_0_l_bk1.clkout
net (fo=1)          x000y039            0.121          2.074          net: u_pll/u_ref/bufg_feedback_auto_created_sclk_s_0_l_bk1_sclk_outnet,  NOFILE(0)
                                                                      pin: u_pll/u_output/ph1p_phy_pll_wrapper_25a56e5ce2f9_Inst/u_PH1P_PHY_PLL.refclk
PLL                 x000y039            0.367          2.441          pin: u_pll/u_output/ph1p_phy_pll_wrapper_25a56e5ce2f9_Inst/u_PH1P_PHY_PLL.clkc[1]
net (fo=1)                              0.307          2.748          net: u_phy/u0_lane_lvds_8_1/I_serial_clk,  ../../../user_source/hdl_source/lane_lvds_10_1.v(8)
                                                                      pin: u_phy/u0_lane_lvds_8_1/I_serial_clk_created_gclkinst.clkin[0]
GCLK                x023y039z1          0.006          2.754          pin: u_phy/u0_lane_lvds_8_1/I_serial_clk_created_gclkinst.clkout
net (fo=1)                              0.146          2.900          net: u_phy/u0_lane_lvds_8_1/I_serial_clk_syn_1,  ../../../user_source/hdl_source/lane_lvds_10_1.v(8)
                                                                      pin: u_phy/u0_lane_lvds_8_1/I_serial_clk_created_gclkinst_auto_created_sclk_s_1_r_bk2.clkin
SCLK                x023y059z13         0.025          2.925          pin: u_phy/u0_lane_lvds_8_1/I_serial_clk_created_gclkinst_auto_created_sclk_s_1_r_bk2.clkout
net (fo=43)                             0.225          3.150          net: u_phy/u0_lane_lvds_8_1/I_serial_clk_created_gclkinst_auto_created_sclk_s_1_r_bk2_sclk_outnet,  NOFILE(0)
                                                                      pin: u_phy/u0_lane_lvds_8_1/S_load_en_reg_syn_9.clk
launch edge                             0.000    r     3.150               
--------------------------------------------------------------------  ---------------
clk2q               x035y044z7          0.065    r     3.215          pin: u_phy/u0_lane_lvds_8_1/S_load_en_reg_syn_9.oqb
net (fo=34)                             0.073          3.288          net: u_phy/u0_lane_lvds_8_1/S_load_en_2d,  ../../../user_source/hdl_source/lane_lvds_10_1.v(21)
                                                                      pin: u_phy/u3_lane_lvds_8_1/S_shift_data_reg[2]_syn_2.imb
reg                 x034y044z5          0.026    f     3.314          net: u_phy/u3_lane_lvds_8_1/S_shift_data[0],  ../../../user_source/hdl_source/lane_lvds_10_1.v(22)
--------------------------------------------------------------------  ---------------
Arrival                                                3.314               

source latency                          0.000          0.000               
port                C4                  0.000          0.000          pin: I_sys_clk
hierarchy                               0.000          0.000          pin: I_sys_clk_syn_2.ipad
HDIO                x033y078            0.915          0.915          pin: I_sys_clk_syn_2.sg09_di
HDIO                x033y078            0.290          1.205          pin: I_sys_clk_syn_2.di
net (fo=1)          x043y079            0.043          1.248          net: I_sys_clk_dup_1,  ../../../diagnostics/hdmi_positive/avi_fhd30_top.v(3)
                                                                      pin: u_pll/u_ref/ph1p_phy_pll_wrapper_25a56e5ce2f9_Inst/u_PH1P_PHY_PLL.refclk
PLL                 x043y079            0.435          1.683          pin: u_pll/u_ref/ph1p_phy_pll_wrapper_25a56e5ce2f9_Inst/u_PH1P_PHY_PLL.clkc[0]
net (fo=1)                              0.339          2.022          net: u_pll/u_ref/clk0_buf,  ../../../user_source/hdl_source/native_hdmi_pll.v(32)
                                                                      pin: u_pll/u_ref/bufg_feedback.clkin[0]
GCLK                x023y039z16         0.007          2.029          pin: u_pll/u_ref/bufg_feedback.clkout
net (fo=1)                              0.148          2.177          net: u_pll/u_output/ph1p_phy_pll_wrapper_25a56e5ce2f9_Inst/refclk,  ../../../user_source/ip_source/PLL/RTL/ph1p_phy_pll_wrapper_25a56e5ce2f9.v(119)
                                                                      pin: u_pll/u_ref/bufg_feedback_auto_created_sclk_s_0_l_bk1.clkin
SCLK                x023y019z0          0.030          2.207          pin: u_pll/u_ref/bufg_feedback_auto_created_sclk_s_0_l_bk1.clkout
net (fo=1)          x000y039            0.131          2.338          net: u_pll/u_ref/bufg_feedback_auto_created_sclk_s_0_l_bk1_sclk_outnet,  NOFILE(0)
                                                                      pin: u_pll/u_output/ph1p_phy_pll_wrapper_25a56e5ce2f9_Inst/u_PH1P_PHY_PLL.refclk
PLL                 x000y039            0.436          2.774          pin: u_pll/u_output/ph1p_phy_pll_wrapper_25a56e5ce2f9_Inst/u_PH1P_PHY_PLL.clkc[1]
net (fo=1)                              0.334          3.108          net: u_phy/u0_lane_lvds_8_1/I_serial_clk,  ../../../user_source/hdl_source/lane_lvds_10_1.v(8)
                                                                      pin: u_phy/u0_lane_lvds_8_1/I_serial_clk_created_gclkinst.clkin[0]
GCLK                x023y039z1          0.007          3.115          pin: u_phy/u0_lane_lvds_8_1/I_serial_clk_created_gclkinst.clkout
net (fo=1)                              0.158          3.273          net: u_phy/u0_lane_lvds_8_1/I_serial_clk_syn_1,  ../../../user_source/hdl_source/lane_lvds_10_1.v(8)
                                                                      pin: u_phy/u0_lane_lvds_8_1/I_serial_clk_created_gclkinst_auto_created_sclk_s_1_r_bk2.clkin
SCLK                x023y059z13         0.030          3.303          pin: u_phy/u0_lane_lvds_8_1/I_serial_clk_created_gclkinst_auto_created_sclk_s_1_r_bk2.clkout
net (fo=43)                             0.248          3.551          net: u_phy/u0_lane_lvds_8_1/I_serial_clk_created_gclkinst_auto_created_sclk_s_1_r_bk2_sclk_outnet,  NOFILE(0)
                                                                      pin: u_phy/u3_lane_lvds_8_1/S_shift_data_reg[2]_syn_2.clk
capture edge                            0.000    r     3.551               
--------------------------------------------------------------------  ---------------
hold                                    0.012          3.563               
clock uncertainty                       0.050          3.613               
clock pessimism                        -0.392          3.221               
--------------------------------------------------------------------  ---------------
Required                                               3.221               
--------------------------------------------------------------------  ---------------
Slack                                                  0.093               

Slack               : 0.101ns
Begin Point         : u_phy/u3_lane_lvds_8_1/S_shift_data_reg[5]_syn_2.clk (rising edge triggered by clock u_pll/u_output/ph1p_phy_pll_wrapper_25a56e5ce2f9_Inst/u_PH1P_PHY_PLL.clkc[1]  { rise@0.000000ns  fall@1.346000ns  period=2.693000 })
End Point           : u_phy/u3_lane_lvds_8_1/S_shift_data_reg[6]_syn_2.ie (rising edge triggered by clock u_pll/u_output/ph1p_phy_pll_wrapper_25a56e5ce2f9_Inst/u_PH1P_PHY_PLL.clkc[1]  { rise@0.000000ns  fall@1.346000ns  period=2.693000 })
Check Type          : hold
Process             : fast_m40c
Budget              : 0.000ns { u_pll/u_output/ph1p_phy_pll_wrapper_25a56e5ce2f9_Inst/u_PH1P_PHY_PLL.clkc[1] rising@0.000ns - u_pll/u_output/ph1p_phy_pll_wrapper_25a56e5ce2f9_Inst/u_PH1P_PHY_PLL.clkc[1] rising@0.000ns }
Data Path Delay     : 0.163ns (cell 0.106ns (65%), net 0.057ns (35%))
Clock Skew          : 0.000ns
Logic Level         : 1 ( LUT2=1 )
Max Fanout          : 1
Clock Uncertainty   : 0.050ns (sdc uncertainty: 0.000ns, default uncertainty: 0.050ns)

Delay Type          Location             Incr           Path   Level  Netlist Info
--------------------------------------------------------------------  ---------------
source latency                          0.000          0.000               
port                C4                  0.000          0.000          pin: I_sys_clk
hierarchy                               0.000          0.000          pin: I_sys_clk_syn_2.ipad
HDIO                x033y078            0.810          0.810          pin: I_sys_clk_syn_2.sg09_di
HDIO                x033y078            0.257          1.067          pin: I_sys_clk_syn_2.di
net (fo=1)          x043y079            0.040          1.107          net: I_sys_clk_dup_1,  ../../../diagnostics/hdmi_positive/avi_fhd30_top.v(3)
                                                                      pin: u_pll/u_ref/ph1p_phy_pll_wrapper_25a56e5ce2f9_Inst/u_PH1P_PHY_PLL.refclk
PLL                 x043y079            0.367          1.474          pin: u_pll/u_ref/ph1p_phy_pll_wrapper_25a56e5ce2f9_Inst/u_PH1P_PHY_PLL.clkc[0]
net (fo=1)                              0.312          1.786          net: u_pll/u_ref/clk0_buf,  ../../../user_source/hdl_source/native_hdmi_pll.v(32)
                                                                      pin: u_pll/u_ref/bufg_feedback.clkin[0]
GCLK                x023y039z16         0.006          1.792          pin: u_pll/u_ref/bufg_feedback.clkout
net (fo=1)                              0.136          1.928          net: u_pll/u_output/ph1p_phy_pll_wrapper_25a56e5ce2f9_Inst/refclk,  ../../../user_source/ip_source/PLL/RTL/ph1p_phy_pll_wrapper_25a56e5ce2f9.v(119)
                                                                      pin: u_pll/u_ref/bufg_feedback_auto_created_sclk_s_0_l_bk1.clkin
SCLK                x023y019z0          0.025          1.953          pin: u_pll/u_ref/bufg_feedback_auto_created_sclk_s_0_l_bk1.clkout
net (fo=1)          x000y039            0.121          2.074          net: u_pll/u_ref/bufg_feedback_auto_created_sclk_s_0_l_bk1_sclk_outnet,  NOFILE(0)
                                                                      pin: u_pll/u_output/ph1p_phy_pll_wrapper_25a56e5ce2f9_Inst/u_PH1P_PHY_PLL.refclk
PLL                 x000y039            0.367          2.441          pin: u_pll/u_output/ph1p_phy_pll_wrapper_25a56e5ce2f9_Inst/u_PH1P_PHY_PLL.clkc[1]
net (fo=1)                              0.307          2.748          net: u_phy/u0_lane_lvds_8_1/I_serial_clk,  ../../../user_source/hdl_source/lane_lvds_10_1.v(8)
                                                                      pin: u_phy/u0_lane_lvds_8_1/I_serial_clk_created_gclkinst.clkin[0]
GCLK                x023y039z1          0.006          2.754          pin: u_phy/u0_lane_lvds_8_1/I_serial_clk_created_gclkinst.clkout
net (fo=1)                              0.146          2.900          net: u_phy/u0_lane_lvds_8_1/I_serial_clk_syn_1,  ../../../user_source/hdl_source/lane_lvds_10_1.v(8)
                                                                      pin: u_phy/u0_lane_lvds_8_1/I_serial_clk_created_gclkinst_auto_created_sclk_s_1_r_bk2.clkin
SCLK                x023y059z13         0.025          2.925          pin: u_phy/u0_lane_lvds_8_1/I_serial_clk_created_gclkinst_auto_created_sclk_s_1_r_bk2.clkout
net (fo=43)                             0.225          3.150          net: u_phy/u0_lane_lvds_8_1/I_serial_clk_created_gclkinst_auto_created_sclk_s_1_r_bk2_sclk_outnet,  NOFILE(0)
                                                                      pin: u_phy/u3_lane_lvds_8_1/S_shift_data_reg[5]_syn_2.clk
launch edge                             0.000    r     3.150               
--------------------------------------------------------------------  ---------------
clk2q               x034y044z6          0.062    f     3.212          pin: u_phy/u3_lane_lvds_8_1/S_shift_data_reg[5]_syn_2.oqa
net (fo=1)                              0.057          3.269          net: u_phy/u3_lane_lvds_8_1/S_shift_data[5],  ../../../user_source/hdl_source/lane_lvds_10_1.v(22)
                                                                      pin: u_phy/u3_lane_lvds_8_1/S_shift_data_reg[6]_syn_2.ie
LUT2 (reg)          x034y044z7          0.044    f     3.313       1  net: u_phy/u3_lane_lvds_8_1/S_shift_data[7],  ../../../user_source/hdl_source/lane_lvds_10_1.v(22)
--------------------------------------------------------------------  ---------------
Arrival                                                3.313               

source latency                          0.000          0.000               
port                C4                  0.000          0.000          pin: I_sys_clk
hierarchy                               0.000          0.000          pin: I_sys_clk_syn_2.ipad
HDIO                x033y078            0.915          0.915          pin: I_sys_clk_syn_2.sg09_di
HDIO                x033y078            0.290          1.205          pin: I_sys_clk_syn_2.di
net (fo=1)          x043y079            0.043          1.248          net: I_sys_clk_dup_1,  ../../../diagnostics/hdmi_positive/avi_fhd30_top.v(3)
                                                                      pin: u_pll/u_ref/ph1p_phy_pll_wrapper_25a56e5ce2f9_Inst/u_PH1P_PHY_PLL.refclk
PLL                 x043y079            0.435          1.683          pin: u_pll/u_ref/ph1p_phy_pll_wrapper_25a56e5ce2f9_Inst/u_PH1P_PHY_PLL.clkc[0]
net (fo=1)                              0.339          2.022          net: u_pll/u_ref/clk0_buf,  ../../../user_source/hdl_source/native_hdmi_pll.v(32)
                                                                      pin: u_pll/u_ref/bufg_feedback.clkin[0]
GCLK                x023y039z16         0.007          2.029          pin: u_pll/u_ref/bufg_feedback.clkout
net (fo=1)                              0.148          2.177          net: u_pll/u_output/ph1p_phy_pll_wrapper_25a56e5ce2f9_Inst/refclk,  ../../../user_source/ip_source/PLL/RTL/ph1p_phy_pll_wrapper_25a56e5ce2f9.v(119)
                                                                      pin: u_pll/u_ref/bufg_feedback_auto_created_sclk_s_0_l_bk1.clkin
SCLK                x023y019z0          0.030          2.207          pin: u_pll/u_ref/bufg_feedback_auto_created_sclk_s_0_l_bk1.clkout
net (fo=1)          x000y039            0.131          2.338          net: u_pll/u_ref/bufg_feedback_auto_created_sclk_s_0_l_bk1_sclk_outnet,  NOFILE(0)
                                                                      pin: u_pll/u_output/ph1p_phy_pll_wrapper_25a56e5ce2f9_Inst/u_PH1P_PHY_PLL.refclk
PLL                 x000y039            0.436          2.774          pin: u_pll/u_output/ph1p_phy_pll_wrapper_25a56e5ce2f9_Inst/u_PH1P_PHY_PLL.clkc[1]
net (fo=1)                              0.334          3.108          net: u_phy/u0_lane_lvds_8_1/I_serial_clk,  ../../../user_source/hdl_source/lane_lvds_10_1.v(8)
                                                                      pin: u_phy/u0_lane_lvds_8_1/I_serial_clk_created_gclkinst.clkin[0]
GCLK                x023y039z1          0.007          3.115          pin: u_phy/u0_lane_lvds_8_1/I_serial_clk_created_gclkinst.clkout
net (fo=1)                              0.158          3.273          net: u_phy/u0_lane_lvds_8_1/I_serial_clk_syn_1,  ../../../user_source/hdl_source/lane_lvds_10_1.v(8)
                                                                      pin: u_phy/u0_lane_lvds_8_1/I_serial_clk_created_gclkinst_auto_created_sclk_s_1_r_bk2.clkin
SCLK                x023y059z13         0.030          3.303          pin: u_phy/u0_lane_lvds_8_1/I_serial_clk_created_gclkinst_auto_created_sclk_s_1_r_bk2.clkout
net (fo=43)                             0.248          3.551          net: u_phy/u0_lane_lvds_8_1/I_serial_clk_created_gclkinst_auto_created_sclk_s_1_r_bk2_sclk_outnet,  NOFILE(0)
                                                                      pin: u_phy/u3_lane_lvds_8_1/S_shift_data_reg[6]_syn_2.clk
capture edge                            0.000    r     3.551               
--------------------------------------------------------------------  ---------------
hold                                    0.012          3.563               
clock uncertainty                       0.050          3.613               
clock pessimism                        -0.401          3.212               
--------------------------------------------------------------------  ---------------
Required                                               3.212               
--------------------------------------------------------------------  ---------------
Slack                                                  0.101               

Slack               : 0.110ns
Begin Point         : u_phy/u0_lane_lvds_8_1/S_odd_even_2d_reg_syn_3.clk (rising edge triggered by clock u_pll/u_output/ph1p_phy_pll_wrapper_25a56e5ce2f9_Inst/u_PH1P_PHY_PLL.clkc[1]  { rise@0.000000ns  fall@1.346000ns  period=2.693000 })
End Point           : u_phy/u0_lane_lvds_8_1/S_odd_even_2d_reg_syn_3.ima (rising edge triggered by clock u_pll/u_output/ph1p_phy_pll_wrapper_25a56e5ce2f9_Inst/u_PH1P_PHY_PLL.clkc[1]  { rise@0.000000ns  fall@1.346000ns  period=2.693000 })
Check Type          : hold
Process             : fast_m40c
Budget              : 0.000ns { u_pll/u_output/ph1p_phy_pll_wrapper_25a56e5ce2f9_Inst/u_PH1P_PHY_PLL.clkc[1] rising@0.000ns - u_pll/u_output/ph1p_phy_pll_wrapper_25a56e5ce2f9_Inst/u_PH1P_PHY_PLL.clkc[1] rising@0.000ns }
Data Path Delay     : 0.122ns (cell 0.094ns (77%), net 0.028ns (23%))
Clock Skew          : 0.000ns
Logic Level         : 0
Max Fanout          : 2
Clock Uncertainty   : 0.000ns (sdc uncertainty: 0.000ns, default uncertainty: 0.000ns)

Delay Type          Location             Incr           Path   Level  Netlist Info
--------------------------------------------------------------------  ---------------
source latency                          0.000          0.000               
port                C4                  0.000          0.000          pin: I_sys_clk
hierarchy                               0.000          0.000          pin: I_sys_clk_syn_2.ipad
HDIO                x033y078            0.810          0.810          pin: I_sys_clk_syn_2.sg09_di
HDIO                x033y078            0.257          1.067          pin: I_sys_clk_syn_2.di
net (fo=1)          x043y079            0.040          1.107          net: I_sys_clk_dup_1,  ../../../diagnostics/hdmi_positive/avi_fhd30_top.v(3)
                                                                      pin: u_pll/u_ref/ph1p_phy_pll_wrapper_25a56e5ce2f9_Inst/u_PH1P_PHY_PLL.refclk
PLL                 x043y079            0.367          1.474          pin: u_pll/u_ref/ph1p_phy_pll_wrapper_25a56e5ce2f9_Inst/u_PH1P_PHY_PLL.clkc[0]
net (fo=1)                              0.312          1.786          net: u_pll/u_ref/clk0_buf,  ../../../user_source/hdl_source/native_hdmi_pll.v(32)
                                                                      pin: u_pll/u_ref/bufg_feedback.clkin[0]
GCLK                x023y039z16         0.006          1.792          pin: u_pll/u_ref/bufg_feedback.clkout
net (fo=1)                              0.136          1.928          net: u_pll/u_output/ph1p_phy_pll_wrapper_25a56e5ce2f9_Inst/refclk,  ../../../user_source/ip_source/PLL/RTL/ph1p_phy_pll_wrapper_25a56e5ce2f9.v(119)
                                                                      pin: u_pll/u_ref/bufg_feedback_auto_created_sclk_s_0_l_bk1.clkin
SCLK                x023y019z0          0.025          1.953          pin: u_pll/u_ref/bufg_feedback_auto_created_sclk_s_0_l_bk1.clkout
net (fo=1)          x000y039            0.121          2.074          net: u_pll/u_ref/bufg_feedback_auto_created_sclk_s_0_l_bk1_sclk_outnet,  NOFILE(0)
                                                                      pin: u_pll/u_output/ph1p_phy_pll_wrapper_25a56e5ce2f9_Inst/u_PH1P_PHY_PLL.refclk
PLL                 x000y039            0.367          2.441          pin: u_pll/u_output/ph1p_phy_pll_wrapper_25a56e5ce2f9_Inst/u_PH1P_PHY_PLL.clkc[1]
net (fo=1)                              0.307          2.748          net: u_phy/u0_lane_lvds_8_1/I_serial_clk,  ../../../user_source/hdl_source/lane_lvds_10_1.v(8)
                                                                      pin: u_phy/u0_lane_lvds_8_1/I_serial_clk_created_gclkinst.clkin[0]
GCLK                x023y039z1          0.006          2.754          pin: u_phy/u0_lane_lvds_8_1/I_serial_clk_created_gclkinst.clkout
net (fo=1)                              0.146          2.900          net: u_phy/u0_lane_lvds_8_1/I_serial_clk_syn_1,  ../../../user_source/hdl_source/lane_lvds_10_1.v(8)
                                                                      pin: u_phy/u0_lane_lvds_8_1/I_serial_clk_created_gclkinst_auto_created_sclk_s_1_r_bk2.clkin
SCLK                x023y059z13         0.025          2.925          pin: u_phy/u0_lane_lvds_8_1/I_serial_clk_created_gclkinst_auto_created_sclk_s_1_r_bk2.clkout
net (fo=43)                             0.222          3.147          net: u_phy/u0_lane_lvds_8_1/I_serial_clk_created_gclkinst_auto_created_sclk_s_1_r_bk2_sclk_outnet,  NOFILE(0)
                                                                      pin: u_phy/u0_lane_lvds_8_1/S_odd_even_2d_reg_syn_3.clk
launch edge                             0.000    r     3.147               
--------------------------------------------------------------------  ---------------
clk2q               x032y043z3          0.065    r     3.212          pin: u_phy/u0_lane_lvds_8_1/S_odd_even_2d_reg_syn_3.oqb
net (fo=2)                              0.028          3.240          net: u_phy/u0_lane_lvds_8_1/S_odd_even_1d,  ../../../user_source/hdl_source/lane_lvds_10_1.v(17)
                                                                      pin: u_phy/u0_lane_lvds_8_1/S_odd_even_2d_reg_syn_3.ima
reg                 x032y043z3          0.029    f     3.269          net: u_phy/u0_lane_lvds_8_1/S_odd_even_2d,  ../../../user_source/hdl_source/lane_lvds_10_1.v(18)
--------------------------------------------------------------------  ---------------
Arrival                                                3.269               

source latency                          0.000          0.000               
port                C4                  0.000          0.000          pin: I_sys_clk
hierarchy                               0.000          0.000          pin: I_sys_clk_syn_2.ipad
HDIO                x033y078            0.915          0.915          pin: I_sys_clk_syn_2.sg09_di
HDIO                x033y078            0.290          1.205          pin: I_sys_clk_syn_2.di
net (fo=1)          x043y079            0.043          1.248          net: I_sys_clk_dup_1,  ../../../diagnostics/hdmi_positive/avi_fhd30_top.v(3)
                                                                      pin: u_pll/u_ref/ph1p_phy_pll_wrapper_25a56e5ce2f9_Inst/u_PH1P_PHY_PLL.refclk
PLL                 x043y079            0.435          1.683          pin: u_pll/u_ref/ph1p_phy_pll_wrapper_25a56e5ce2f9_Inst/u_PH1P_PHY_PLL.clkc[0]
net (fo=1)                              0.339          2.022          net: u_pll/u_ref/clk0_buf,  ../../../user_source/hdl_source/native_hdmi_pll.v(32)
                                                                      pin: u_pll/u_ref/bufg_feedback.clkin[0]
GCLK                x023y039z16         0.007          2.029          pin: u_pll/u_ref/bufg_feedback.clkout
net (fo=1)                              0.148          2.177          net: u_pll/u_output/ph1p_phy_pll_wrapper_25a56e5ce2f9_Inst/refclk,  ../../../user_source/ip_source/PLL/RTL/ph1p_phy_pll_wrapper_25a56e5ce2f9.v(119)
                                                                      pin: u_pll/u_ref/bufg_feedback_auto_created_sclk_s_0_l_bk1.clkin
SCLK                x023y019z0          0.030          2.207          pin: u_pll/u_ref/bufg_feedback_auto_created_sclk_s_0_l_bk1.clkout
net (fo=1)          x000y039            0.131          2.338          net: u_pll/u_ref/bufg_feedback_auto_created_sclk_s_0_l_bk1_sclk_outnet,  NOFILE(0)
                                                                      pin: u_pll/u_output/ph1p_phy_pll_wrapper_25a56e5ce2f9_Inst/u_PH1P_PHY_PLL.refclk
PLL                 x000y039            0.436          2.774          pin: u_pll/u_output/ph1p_phy_pll_wrapper_25a56e5ce2f9_Inst/u_PH1P_PHY_PLL.clkc[1]
net (fo=1)                              0.334          3.108          net: u_phy/u0_lane_lvds_8_1/I_serial_clk,  ../../../user_source/hdl_source/lane_lvds_10_1.v(8)
                                                                      pin: u_phy/u0_lane_lvds_8_1/I_serial_clk_created_gclkinst.clkin[0]
GCLK                x023y039z1          0.007          3.115          pin: u_phy/u0_lane_lvds_8_1/I_serial_clk_created_gclkinst.clkout
net (fo=1)                              0.158          3.273          net: u_phy/u0_lane_lvds_8_1/I_serial_clk_syn_1,  ../../../user_source/hdl_source/lane_lvds_10_1.v(8)
                                                                      pin: u_phy/u0_lane_lvds_8_1/I_serial_clk_created_gclkinst_auto_created_sclk_s_1_r_bk2.clkin
SCLK                x023y059z13         0.030          3.303          pin: u_phy/u0_lane_lvds_8_1/I_serial_clk_created_gclkinst_auto_created_sclk_s_1_r_bk2.clkout
net (fo=43)                             0.245          3.548          net: u_phy/u0_lane_lvds_8_1/I_serial_clk_created_gclkinst_auto_created_sclk_s_1_r_bk2_sclk_outnet,  NOFILE(0)
                                                                      pin: u_phy/u0_lane_lvds_8_1/S_odd_even_2d_reg_syn_3.clk
capture edge                            0.000    r     3.548               
--------------------------------------------------------------------  ---------------
hold                                    0.012          3.560               
clock uncertainty                       0.000          3.560               
clock pessimism                        -0.401          3.159               
--------------------------------------------------------------------  ---------------
Required                                               3.159               
--------------------------------------------------------------------  ---------------
Slack                                                  0.110               

Slack               : 0.115ns
Begin Point         : u_phy/u3_lane_lvds_8_1/S_shift_data_reg[2]_syn_2.clk (rising edge triggered by clock u_pll/u_output/ph1p_phy_pll_wrapper_25a56e5ce2f9_Inst/u_PH1P_PHY_PLL.clkc[1]  { rise@0.000000ns  fall@1.346000ns  period=2.693000 })
End Point           : u_phy/u3_lane_lvds_8_1/S_shift_data_reg[5]_syn_2.id (rising edge triggered by clock u_pll/u_output/ph1p_phy_pll_wrapper_25a56e5ce2f9_Inst/u_PH1P_PHY_PLL.clkc[1]  { rise@0.000000ns  fall@1.346000ns  period=2.693000 })
Check Type          : hold
Process             : fast_m40c
Budget              : 0.000ns { u_pll/u_output/ph1p_phy_pll_wrapper_25a56e5ce2f9_Inst/u_PH1P_PHY_PLL.clkc[1] rising@0.000ns - u_pll/u_output/ph1p_phy_pll_wrapper_25a56e5ce2f9_Inst/u_PH1P_PHY_PLL.clkc[1] rising@0.000ns }
Data Path Delay     : 0.177ns (cell 0.120ns (67%), net 0.057ns (33%))
Clock Skew          : 0.000ns
Logic Level         : 1 ( LUT2=1 )
Max Fanout          : 1
Clock Uncertainty   : 0.050ns (sdc uncertainty: 0.000ns, default uncertainty: 0.050ns)

Delay Type          Location             Incr           Path   Level  Netlist Info
--------------------------------------------------------------------  ---------------
source latency                          0.000          0.000               
port                C4                  0.000          0.000          pin: I_sys_clk
hierarchy                               0.000          0.000          pin: I_sys_clk_syn_2.ipad
HDIO                x033y078            0.810          0.810          pin: I_sys_clk_syn_2.sg09_di
HDIO                x033y078            0.257          1.067          pin: I_sys_clk_syn_2.di
net (fo=1)          x043y079            0.040          1.107          net: I_sys_clk_dup_1,  ../../../diagnostics/hdmi_positive/avi_fhd30_top.v(3)
                                                                      pin: u_pll/u_ref/ph1p_phy_pll_wrapper_25a56e5ce2f9_Inst/u_PH1P_PHY_PLL.refclk
PLL                 x043y079            0.367          1.474          pin: u_pll/u_ref/ph1p_phy_pll_wrapper_25a56e5ce2f9_Inst/u_PH1P_PHY_PLL.clkc[0]
net (fo=1)                              0.312          1.786          net: u_pll/u_ref/clk0_buf,  ../../../user_source/hdl_source/native_hdmi_pll.v(32)
                                                                      pin: u_pll/u_ref/bufg_feedback.clkin[0]
GCLK                x023y039z16         0.006          1.792          pin: u_pll/u_ref/bufg_feedback.clkout
net (fo=1)                              0.136          1.928          net: u_pll/u_output/ph1p_phy_pll_wrapper_25a56e5ce2f9_Inst/refclk,  ../../../user_source/ip_source/PLL/RTL/ph1p_phy_pll_wrapper_25a56e5ce2f9.v(119)
                                                                      pin: u_pll/u_ref/bufg_feedback_auto_created_sclk_s_0_l_bk1.clkin
SCLK                x023y019z0          0.025          1.953          pin: u_pll/u_ref/bufg_feedback_auto_created_sclk_s_0_l_bk1.clkout
net (fo=1)          x000y039            0.121          2.074          net: u_pll/u_ref/bufg_feedback_auto_created_sclk_s_0_l_bk1_sclk_outnet,  NOFILE(0)
                                                                      pin: u_pll/u_output/ph1p_phy_pll_wrapper_25a56e5ce2f9_Inst/u_PH1P_PHY_PLL.refclk
PLL                 x000y039            0.367          2.441          pin: u_pll/u_output/ph1p_phy_pll_wrapper_25a56e5ce2f9_Inst/u_PH1P_PHY_PLL.clkc[1]
net (fo=1)                              0.307          2.748          net: u_phy/u0_lane_lvds_8_1/I_serial_clk,  ../../../user_source/hdl_source/lane_lvds_10_1.v(8)
                                                                      pin: u_phy/u0_lane_lvds_8_1/I_serial_clk_created_gclkinst.clkin[0]
GCLK                x023y039z1          0.006          2.754          pin: u_phy/u0_lane_lvds_8_1/I_serial_clk_created_gclkinst.clkout
net (fo=1)                              0.146          2.900          net: u_phy/u0_lane_lvds_8_1/I_serial_clk_syn_1,  ../../../user_source/hdl_source/lane_lvds_10_1.v(8)
                                                                      pin: u_phy/u0_lane_lvds_8_1/I_serial_clk_created_gclkinst_auto_created_sclk_s_1_r_bk2.clkin
SCLK                x023y059z13         0.025          2.925          pin: u_phy/u0_lane_lvds_8_1/I_serial_clk_created_gclkinst_auto_created_sclk_s_1_r_bk2.clkout
net (fo=43)                             0.225          3.150          net: u_phy/u0_lane_lvds_8_1/I_serial_clk_created_gclkinst_auto_created_sclk_s_1_r_bk2_sclk_outnet,  NOFILE(0)
                                                                      pin: u_phy/u3_lane_lvds_8_1/S_shift_data_reg[2]_syn_2.clk
launch edge                             0.000    r     3.150               
--------------------------------------------------------------------  ---------------
clk2q               x034y044z5          0.062    f     3.212          pin: u_phy/u3_lane_lvds_8_1/S_shift_data_reg[2]_syn_2.oqa
net (fo=1)                              0.057          3.269          net: u_phy/u3_lane_lvds_8_1/S_shift_data[2],  ../../../user_source/hdl_source/lane_lvds_10_1.v(22)
                                                                      pin: u_phy/u3_lane_lvds_8_1/S_shift_data_reg[5]_syn_2.id
LUT2 (reg)          x034y044z6          0.058    f     3.327       1  net: u_phy/u3_lane_lvds_8_1/S_shift_data[5],  ../../../user_source/hdl_source/lane_lvds_10_1.v(22)
--------------------------------------------------------------------  ---------------
Arrival                                                3.327               

source latency                          0.000          0.000               
port                C4                  0.000          0.000          pin: I_sys_clk
hierarchy                               0.000          0.000          pin: I_sys_clk_syn_2.ipad
HDIO                x033y078            0.915          0.915          pin: I_sys_clk_syn_2.sg09_di
HDIO                x033y078            0.290          1.205          pin: I_sys_clk_syn_2.di
net (fo=1)          x043y079            0.043          1.248          net: I_sys_clk_dup_1,  ../../../diagnostics/hdmi_positive/avi_fhd30_top.v(3)
                                                                      pin: u_pll/u_ref/ph1p_phy_pll_wrapper_25a56e5ce2f9_Inst/u_PH1P_PHY_PLL.refclk
PLL                 x043y079            0.435          1.683          pin: u_pll/u_ref/ph1p_phy_pll_wrapper_25a56e5ce2f9_Inst/u_PH1P_PHY_PLL.clkc[0]
net (fo=1)                              0.339          2.022          net: u_pll/u_ref/clk0_buf,  ../../../user_source/hdl_source/native_hdmi_pll.v(32)
                                                                      pin: u_pll/u_ref/bufg_feedback.clkin[0]
GCLK                x023y039z16         0.007          2.029          pin: u_pll/u_ref/bufg_feedback.clkout
net (fo=1)                              0.148          2.177          net: u_pll/u_output/ph1p_phy_pll_wrapper_25a56e5ce2f9_Inst/refclk,  ../../../user_source/ip_source/PLL/RTL/ph1p_phy_pll_wrapper_25a56e5ce2f9.v(119)
                                                                      pin: u_pll/u_ref/bufg_feedback_auto_created_sclk_s_0_l_bk1.clkin
SCLK                x023y019z0          0.030          2.207          pin: u_pll/u_ref/bufg_feedback_auto_created_sclk_s_0_l_bk1.clkout
net (fo=1)          x000y039            0.131          2.338          net: u_pll/u_ref/bufg_feedback_auto_created_sclk_s_0_l_bk1_sclk_outnet,  NOFILE(0)
                                                                      pin: u_pll/u_output/ph1p_phy_pll_wrapper_25a56e5ce2f9_Inst/u_PH1P_PHY_PLL.refclk
PLL                 x000y039            0.436          2.774          pin: u_pll/u_output/ph1p_phy_pll_wrapper_25a56e5ce2f9_Inst/u_PH1P_PHY_PLL.clkc[1]
net (fo=1)                              0.334          3.108          net: u_phy/u0_lane_lvds_8_1/I_serial_clk,  ../../../user_source/hdl_source/lane_lvds_10_1.v(8)
                                                                      pin: u_phy/u0_lane_lvds_8_1/I_serial_clk_created_gclkinst.clkin[0]
GCLK                x023y039z1          0.007          3.115          pin: u_phy/u0_lane_lvds_8_1/I_serial_clk_created_gclkinst.clkout
net (fo=1)                              0.158          3.273          net: u_phy/u0_lane_lvds_8_1/I_serial_clk_syn_1,  ../../../user_source/hdl_source/lane_lvds_10_1.v(8)
                                                                      pin: u_phy/u0_lane_lvds_8_1/I_serial_clk_created_gclkinst_auto_created_sclk_s_1_r_bk2.clkin
SCLK                x023y059z13         0.030          3.303          pin: u_phy/u0_lane_lvds_8_1/I_serial_clk_created_gclkinst_auto_created_sclk_s_1_r_bk2.clkout
net (fo=43)                             0.248          3.551          net: u_phy/u0_lane_lvds_8_1/I_serial_clk_created_gclkinst_auto_created_sclk_s_1_r_bk2_sclk_outnet,  NOFILE(0)
                                                                      pin: u_phy/u3_lane_lvds_8_1/S_shift_data_reg[5]_syn_2.clk
capture edge                            0.000    r     3.551               
--------------------------------------------------------------------  ---------------
hold                                    0.012          3.563               
clock uncertainty                       0.050          3.613               
clock pessimism                        -0.401          3.212               
--------------------------------------------------------------------  ---------------
Required                                               3.212               
--------------------------------------------------------------------  ---------------
Slack                                                  0.115               

Slack               : 0.117ns
Begin Point         : u_phy/u0_lane_lvds_8_1/S_odd_even_2d_reg_syn_3.clk (rising edge triggered by clock u_pll/u_output/ph1p_phy_pll_wrapper_25a56e5ce2f9_Inst/u_PH1P_PHY_PLL.clkc[1]  { rise@0.000000ns  fall@1.346000ns  period=2.693000 })
End Point           : u_phy/u0_lane_lvds_8_1/S_load_en_reg_syn_3.ie (rising edge triggered by clock u_pll/u_output/ph1p_phy_pll_wrapper_25a56e5ce2f9_Inst/u_PH1P_PHY_PLL.clkc[1]  { rise@0.000000ns  fall@1.346000ns  period=2.693000 })
Check Type          : hold
Process             : fast_m40c
Budget              : 0.000ns { u_pll/u_output/ph1p_phy_pll_wrapper_25a56e5ce2f9_Inst/u_PH1P_PHY_PLL.clkc[1] rising@0.000ns - u_pll/u_output/ph1p_phy_pll_wrapper_25a56e5ce2f9_Inst/u_PH1P_PHY_PLL.clkc[1] rising@0.000ns }
Data Path Delay     : 0.179ns (cell 0.122ns (68%), net 0.057ns (32%))
Clock Skew          : 0.000ns
Logic Level         : 1 ( LUT2=1 )
Max Fanout          : 1
Clock Uncertainty   : 0.050ns (sdc uncertainty: 0.000ns, default uncertainty: 0.050ns)

Delay Type          Location             Incr           Path   Level  Netlist Info
--------------------------------------------------------------------  ---------------
source latency                          0.000          0.000               
port                C4                  0.000          0.000          pin: I_sys_clk
hierarchy                               0.000          0.000          pin: I_sys_clk_syn_2.ipad
HDIO                x033y078            0.810          0.810          pin: I_sys_clk_syn_2.sg09_di
HDIO                x033y078            0.257          1.067          pin: I_sys_clk_syn_2.di
net (fo=1)          x043y079            0.040          1.107          net: I_sys_clk_dup_1,  ../../../diagnostics/hdmi_positive/avi_fhd30_top.v(3)
                                                                      pin: u_pll/u_ref/ph1p_phy_pll_wrapper_25a56e5ce2f9_Inst/u_PH1P_PHY_PLL.refclk
PLL                 x043y079            0.367          1.474          pin: u_pll/u_ref/ph1p_phy_pll_wrapper_25a56e5ce2f9_Inst/u_PH1P_PHY_PLL.clkc[0]
net (fo=1)                              0.312          1.786          net: u_pll/u_ref/clk0_buf,  ../../../user_source/hdl_source/native_hdmi_pll.v(32)
                                                                      pin: u_pll/u_ref/bufg_feedback.clkin[0]
GCLK                x023y039z16         0.006          1.792          pin: u_pll/u_ref/bufg_feedback.clkout
net (fo=1)                              0.136          1.928          net: u_pll/u_output/ph1p_phy_pll_wrapper_25a56e5ce2f9_Inst/refclk,  ../../../user_source/ip_source/PLL/RTL/ph1p_phy_pll_wrapper_25a56e5ce2f9.v(119)
                                                                      pin: u_pll/u_ref/bufg_feedback_auto_created_sclk_s_0_l_bk1.clkin
SCLK                x023y019z0          0.025          1.953          pin: u_pll/u_ref/bufg_feedback_auto_created_sclk_s_0_l_bk1.clkout
net (fo=1)          x000y039            0.121          2.074          net: u_pll/u_ref/bufg_feedback_auto_created_sclk_s_0_l_bk1_sclk_outnet,  NOFILE(0)
                                                                      pin: u_pll/u_output/ph1p_phy_pll_wrapper_25a56e5ce2f9_Inst/u_PH1P_PHY_PLL.refclk
PLL                 x000y039            0.367          2.441          pin: u_pll/u_output/ph1p_phy_pll_wrapper_25a56e5ce2f9_Inst/u_PH1P_PHY_PLL.clkc[1]
net (fo=1)                              0.307          2.748          net: u_phy/u0_lane_lvds_8_1/I_serial_clk,  ../../../user_source/hdl_source/lane_lvds_10_1.v(8)
                                                                      pin: u_phy/u0_lane_lvds_8_1/I_serial_clk_created_gclkinst.clkin[0]
GCLK                x023y039z1          0.006          2.754          pin: u_phy/u0_lane_lvds_8_1/I_serial_clk_created_gclkinst.clkout
net (fo=1)                              0.146          2.900          net: u_phy/u0_lane_lvds_8_1/I_serial_clk_syn_1,  ../../../user_source/hdl_source/lane_lvds_10_1.v(8)
                                                                      pin: u_phy/u0_lane_lvds_8_1/I_serial_clk_created_gclkinst_auto_created_sclk_s_1_r_bk2.clkin
SCLK                x023y059z13         0.025          2.925          pin: u_phy/u0_lane_lvds_8_1/I_serial_clk_created_gclkinst_auto_created_sclk_s_1_r_bk2.clkout
net (fo=43)                             0.222          3.147          net: u_phy/u0_lane_lvds_8_1/I_serial_clk_created_gclkinst_auto_created_sclk_s_1_r_bk2_sclk_outnet,  NOFILE(0)
                                                                      pin: u_phy/u0_lane_lvds_8_1/S_odd_even_2d_reg_syn_3.clk
launch edge                             0.000    r     3.147               
--------------------------------------------------------------------  ---------------
clk2q               x032y043z3          0.062    f     3.209          pin: u_phy/u0_lane_lvds_8_1/S_odd_even_2d_reg_syn_3.oqa
net (fo=1)                              0.057          3.266          net: u_phy/u0_lane_lvds_8_1/S_odd_even_2d,  ../../../user_source/hdl_source/lane_lvds_10_1.v(18)
                                                                      pin: u_phy/u0_lane_lvds_8_1/S_load_en_reg_syn_3.ie
LUT2 (reg)          x032y043z1          0.060    f     3.326       1  net: u_phy/u0_lane_lvds_8_1/S_load_en,  ../../../user_source/hdl_source/lane_lvds_10_1.v(19)
--------------------------------------------------------------------  ---------------
Arrival                                                3.326               

source latency                          0.000          0.000               
port                C4                  0.000          0.000          pin: I_sys_clk
hierarchy                               0.000          0.000          pin: I_sys_clk_syn_2.ipad
HDIO                x033y078            0.915          0.915          pin: I_sys_clk_syn_2.sg09_di
HDIO                x033y078            0.290          1.205          pin: I_sys_clk_syn_2.di
net (fo=1)          x043y079            0.043          1.248          net: I_sys_clk_dup_1,  ../../../diagnostics/hdmi_positive/avi_fhd30_top.v(3)
                                                                      pin: u_pll/u_ref/ph1p_phy_pll_wrapper_25a56e5ce2f9_Inst/u_PH1P_PHY_PLL.refclk
PLL                 x043y079            0.435          1.683          pin: u_pll/u_ref/ph1p_phy_pll_wrapper_25a56e5ce2f9_Inst/u_PH1P_PHY_PLL.clkc[0]
net (fo=1)                              0.339          2.022          net: u_pll/u_ref/clk0_buf,  ../../../user_source/hdl_source/native_hdmi_pll.v(32)
                                                                      pin: u_pll/u_ref/bufg_feedback.clkin[0]
GCLK                x023y039z16         0.007          2.029          pin: u_pll/u_ref/bufg_feedback.clkout
net (fo=1)                              0.148          2.177          net: u_pll/u_output/ph1p_phy_pll_wrapper_25a56e5ce2f9_Inst/refclk,  ../../../user_source/ip_source/PLL/RTL/ph1p_phy_pll_wrapper_25a56e5ce2f9.v(119)
                                                                      pin: u_pll/u_ref/bufg_feedback_auto_created_sclk_s_0_l_bk1.clkin
SCLK                x023y019z0          0.030          2.207          pin: u_pll/u_ref/bufg_feedback_auto_created_sclk_s_0_l_bk1.clkout
net (fo=1)          x000y039            0.131          2.338          net: u_pll/u_ref/bufg_feedback_auto_created_sclk_s_0_l_bk1_sclk_outnet,  NOFILE(0)
                                                                      pin: u_pll/u_output/ph1p_phy_pll_wrapper_25a56e5ce2f9_Inst/u_PH1P_PHY_PLL.refclk
PLL                 x000y039            0.436          2.774          pin: u_pll/u_output/ph1p_phy_pll_wrapper_25a56e5ce2f9_Inst/u_PH1P_PHY_PLL.clkc[1]
net (fo=1)                              0.334          3.108          net: u_phy/u0_lane_lvds_8_1/I_serial_clk,  ../../../user_source/hdl_source/lane_lvds_10_1.v(8)
                                                                      pin: u_phy/u0_lane_lvds_8_1/I_serial_clk_created_gclkinst.clkin[0]
GCLK                x023y039z1          0.007          3.115          pin: u_phy/u0_lane_lvds_8_1/I_serial_clk_created_gclkinst.clkout
net (fo=1)                              0.158          3.273          net: u_phy/u0_lane_lvds_8_1/I_serial_clk_syn_1,  ../../../user_source/hdl_source/lane_lvds_10_1.v(8)
                                                                      pin: u_phy/u0_lane_lvds_8_1/I_serial_clk_created_gclkinst_auto_created_sclk_s_1_r_bk2.clkin
SCLK                x023y059z13         0.030          3.303          pin: u_phy/u0_lane_lvds_8_1/I_serial_clk_created_gclkinst_auto_created_sclk_s_1_r_bk2.clkout
net (fo=43)                             0.245          3.548          net: u_phy/u0_lane_lvds_8_1/I_serial_clk_created_gclkinst_auto_created_sclk_s_1_r_bk2_sclk_outnet,  NOFILE(0)
                                                                      pin: u_phy/u0_lane_lvds_8_1/S_load_en_reg_syn_3.clk
capture edge                            0.000    r     3.548               
--------------------------------------------------------------------  ---------------
hold                                    0.012          3.560               
clock uncertainty                       0.050          3.610               
clock pessimism                        -0.401          3.209               
--------------------------------------------------------------------  ---------------
Required                                               3.209               
--------------------------------------------------------------------  ---------------
Slack                                                  0.117               

Slack               : 0.117ns
Begin Point         : u_phy/u2_lane_lvds_8_1/S_shift_data_reg[6]_syn_2.clk (rising edge triggered by clock u_pll/u_output/ph1p_phy_pll_wrapper_25a56e5ce2f9_Inst/u_PH1P_PHY_PLL.clkc[1]  { rise@0.000000ns  fall@1.346000ns  period=2.693000 })
End Point           : u_phy/u2_lane_lvds_8_1/S_shift_data_reg[8]_syn_2.ie (rising edge triggered by clock u_pll/u_output/ph1p_phy_pll_wrapper_25a56e5ce2f9_Inst/u_PH1P_PHY_PLL.clkc[1]  { rise@0.000000ns  fall@1.346000ns  period=2.693000 })
Check Type          : hold
Process             : fast_m40c
Budget              : 0.000ns { u_pll/u_output/ph1p_phy_pll_wrapper_25a56e5ce2f9_Inst/u_PH1P_PHY_PLL.clkc[1] rising@0.000ns - u_pll/u_output/ph1p_phy_pll_wrapper_25a56e5ce2f9_Inst/u_PH1P_PHY_PLL.clkc[1] rising@0.000ns }
Data Path Delay     : 0.179ns (cell 0.122ns (68%), net 0.057ns (32%))
Clock Skew          : 0.000ns
Logic Level         : 1 ( LUT5=1 )
Max Fanout          : 1
Clock Uncertainty   : 0.050ns (sdc uncertainty: 0.000ns, default uncertainty: 0.050ns)

Delay Type          Location             Incr           Path   Level  Netlist Info
--------------------------------------------------------------------  ---------------
source latency                          0.000          0.000               
port                C4                  0.000          0.000          pin: I_sys_clk
hierarchy                               0.000          0.000          pin: I_sys_clk_syn_2.ipad
HDIO                x033y078            0.810          0.810          pin: I_sys_clk_syn_2.sg09_di
HDIO                x033y078            0.257          1.067          pin: I_sys_clk_syn_2.di
net (fo=1)          x043y079            0.040          1.107          net: I_sys_clk_dup_1,  ../../../diagnostics/hdmi_positive/avi_fhd30_top.v(3)
                                                                      pin: u_pll/u_ref/ph1p_phy_pll_wrapper_25a56e5ce2f9_Inst/u_PH1P_PHY_PLL.refclk
PLL                 x043y079            0.367          1.474          pin: u_pll/u_ref/ph1p_phy_pll_wrapper_25a56e5ce2f9_Inst/u_PH1P_PHY_PLL.clkc[0]
net (fo=1)                              0.312          1.786          net: u_pll/u_ref/clk0_buf,  ../../../user_source/hdl_source/native_hdmi_pll.v(32)
                                                                      pin: u_pll/u_ref/bufg_feedback.clkin[0]
GCLK                x023y039z16         0.006          1.792          pin: u_pll/u_ref/bufg_feedback.clkout
net (fo=1)                              0.136          1.928          net: u_pll/u_output/ph1p_phy_pll_wrapper_25a56e5ce2f9_Inst/refclk,  ../../../user_source/ip_source/PLL/RTL/ph1p_phy_pll_wrapper_25a56e5ce2f9.v(119)
                                                                      pin: u_pll/u_ref/bufg_feedback_auto_created_sclk_s_0_l_bk1.clkin
SCLK                x023y019z0          0.025          1.953          pin: u_pll/u_ref/bufg_feedback_auto_created_sclk_s_0_l_bk1.clkout
net (fo=1)          x000y039            0.121          2.074          net: u_pll/u_ref/bufg_feedback_auto_created_sclk_s_0_l_bk1_sclk_outnet,  NOFILE(0)
                                                                      pin: u_pll/u_output/ph1p_phy_pll_wrapper_25a56e5ce2f9_Inst/u_PH1P_PHY_PLL.refclk
PLL                 x000y039            0.367          2.441          pin: u_pll/u_output/ph1p_phy_pll_wrapper_25a56e5ce2f9_Inst/u_PH1P_PHY_PLL.clkc[1]
net (fo=1)                              0.307          2.748          net: u_phy/u0_lane_lvds_8_1/I_serial_clk,  ../../../user_source/hdl_source/lane_lvds_10_1.v(8)
                                                                      pin: u_phy/u0_lane_lvds_8_1/I_serial_clk_created_gclkinst.clkin[0]
GCLK                x023y039z1          0.006          2.754          pin: u_phy/u0_lane_lvds_8_1/I_serial_clk_created_gclkinst.clkout
net (fo=1)                              0.146          2.900          net: u_phy/u0_lane_lvds_8_1/I_serial_clk_syn_1,  ../../../user_source/hdl_source/lane_lvds_10_1.v(8)
                                                                      pin: u_phy/u0_lane_lvds_8_1/I_serial_clk_created_gclkinst_auto_created_sclk_s_1_r_bk2.clkin
SCLK                x023y059z13         0.025          2.925          pin: u_phy/u0_lane_lvds_8_1/I_serial_clk_created_gclkinst_auto_created_sclk_s_1_r_bk2.clkout
net (fo=43)                             0.225          3.150          net: u_phy/u0_lane_lvds_8_1/I_serial_clk_created_gclkinst_auto_created_sclk_s_1_r_bk2_sclk_outnet,  NOFILE(0)
                                                                      pin: u_phy/u2_lane_lvds_8_1/S_shift_data_reg[6]_syn_2.clk
launch edge                             0.000    r     3.150               
--------------------------------------------------------------------  ---------------
clk2q               x035y044z3          0.062    f     3.212          pin: u_phy/u2_lane_lvds_8_1/S_shift_data_reg[6]_syn_2.oqa
net (fo=1)                              0.057          3.269          net: u_phy/u2_lane_lvds_8_1/S_shift_data[6],  ../../../user_source/hdl_source/lane_lvds_10_1.v(22)
                                                                      pin: u_phy/u2_lane_lvds_8_1/S_shift_data_reg[8]_syn_2.ie
LUT5 (reg)          x035y044z2          0.060    f     3.329       1  net: u_phy/u2_lane_lvds_8_1/S_shift_data[8],  ../../../user_source/hdl_source/lane_lvds_10_1.v(22)
--------------------------------------------------------------------  ---------------
Arrival                                                3.329               

source latency                          0.000          0.000               
port                C4                  0.000          0.000          pin: I_sys_clk
hierarchy                               0.000          0.000          pin: I_sys_clk_syn_2.ipad
HDIO                x033y078            0.915          0.915          pin: I_sys_clk_syn_2.sg09_di
HDIO                x033y078            0.290          1.205          pin: I_sys_clk_syn_2.di
net (fo=1)          x043y079            0.043          1.248          net: I_sys_clk_dup_1,  ../../../diagnostics/hdmi_positive/avi_fhd30_top.v(3)
                                                                      pin: u_pll/u_ref/ph1p_phy_pll_wrapper_25a56e5ce2f9_Inst/u_PH1P_PHY_PLL.refclk
PLL                 x043y079            0.435          1.683          pin: u_pll/u_ref/ph1p_phy_pll_wrapper_25a56e5ce2f9_Inst/u_PH1P_PHY_PLL.clkc[0]
net (fo=1)                              0.339          2.022          net: u_pll/u_ref/clk0_buf,  ../../../user_source/hdl_source/native_hdmi_pll.v(32)
                                                                      pin: u_pll/u_ref/bufg_feedback.clkin[0]
GCLK                x023y039z16         0.007          2.029          pin: u_pll/u_ref/bufg_feedback.clkout
net (fo=1)                              0.148          2.177          net: u_pll/u_output/ph1p_phy_pll_wrapper_25a56e5ce2f9_Inst/refclk,  ../../../user_source/ip_source/PLL/RTL/ph1p_phy_pll_wrapper_25a56e5ce2f9.v(119)
                                                                      pin: u_pll/u_ref/bufg_feedback_auto_created_sclk_s_0_l_bk1.clkin
SCLK                x023y019z0          0.030          2.207          pin: u_pll/u_ref/bufg_feedback_auto_created_sclk_s_0_l_bk1.clkout
net (fo=1)          x000y039            0.131          2.338          net: u_pll/u_ref/bufg_feedback_auto_created_sclk_s_0_l_bk1_sclk_outnet,  NOFILE(0)
                                                                      pin: u_pll/u_output/ph1p_phy_pll_wrapper_25a56e5ce2f9_Inst/u_PH1P_PHY_PLL.refclk
PLL                 x000y039            0.436          2.774          pin: u_pll/u_output/ph1p_phy_pll_wrapper_25a56e5ce2f9_Inst/u_PH1P_PHY_PLL.clkc[1]
net (fo=1)                              0.334          3.108          net: u_phy/u0_lane_lvds_8_1/I_serial_clk,  ../../../user_source/hdl_source/lane_lvds_10_1.v(8)
                                                                      pin: u_phy/u0_lane_lvds_8_1/I_serial_clk_created_gclkinst.clkin[0]
GCLK                x023y039z1          0.007          3.115          pin: u_phy/u0_lane_lvds_8_1/I_serial_clk_created_gclkinst.clkout
net (fo=1)                              0.158          3.273          net: u_phy/u0_lane_lvds_8_1/I_serial_clk_syn_1,  ../../../user_source/hdl_source/lane_lvds_10_1.v(8)
                                                                      pin: u_phy/u0_lane_lvds_8_1/I_serial_clk_created_gclkinst_auto_created_sclk_s_1_r_bk2.clkin
SCLK                x023y059z13         0.030          3.303          pin: u_phy/u0_lane_lvds_8_1/I_serial_clk_created_gclkinst_auto_created_sclk_s_1_r_bk2.clkout
net (fo=43)                             0.248          3.551          net: u_phy/u0_lane_lvds_8_1/I_serial_clk_created_gclkinst_auto_created_sclk_s_1_r_bk2_sclk_outnet,  NOFILE(0)
                                                                      pin: u_phy/u2_lane_lvds_8_1/S_shift_data_reg[8]_syn_2.clk
capture edge                            0.000    r     3.551               
--------------------------------------------------------------------  ---------------
hold                                    0.012          3.563               
clock uncertainty                       0.050          3.613               
clock pessimism                        -0.401          3.212               
--------------------------------------------------------------------  ---------------
Required                                               3.212               
--------------------------------------------------------------------  ---------------
Slack                                                  0.117               


Inter clock domain timing
--------------------------------------------------

IP timing
--------------------------------------------------
