============================================================
   Tang Dynasty, V6.2.178840
   Copyright (c) 2012-2025 Anlogic Inc.
   Executable = D:/td6.2.1/bin/td_commands_prompt.exe
   Built at =   14:07:58 Sep  4 2025
   Run by =     Li47
   Run Date =   Wed Oct  7 18:12:17 2026

   Run on =     LI474747
============================================================
RUN-1002 : start command "import_device ph1_35p.db -package PH1P35MDG324 -speed 3"
ARC-1001 : Device Initialization.
ARC-1001 : ----------------------------------------------------------------
ARC-1001 :           OPTION          |          IO           |   SETTING   
ARC-1001 : ----------------------------------------------------------------
ARC-1001 :   non_jtag_persist(none)  |        35 IOs         |    gpio    
ARC-1001 :            jtag           |  P13/P15/L14/R13/T13  |  dedicate  
ARC-1001 : ----------------------------------------------------------------
RUN-1003 : finish command "import_device ph1_35p.db -package PH1P35MDG324 -speed 3" in  1.690481s wall, 1.187500s user + 0.093750s system = 1.281250s CPU (75.8%)

RUN-1004 : used memory is 332 MB, reserved memory is 330 MB, peak memory is 332 MB
RUN-1002 : start command "open_project camera_to_dsi_display.prj -noanalyze"
RUN-1002 : start command "import_db ../syn_1/camera_to_dsi_display_gate.db"
RUN-1001 : Importing database generated by Tang Dynasty, V6.2.178840.
RUN-1001 : Database version number 46207
RUN-1001 : Import flow parameters
RUN-1001 : Import netlist
RUN-1001 : Import timing constraints
RUN-1001 : Import IO constraints
RUN-1001 : Import Inst constraints
RUN-1001 : Import ChipWatcher
RUN-1001 : Import design success TD_VERSION=6.2.178840 , DB_VERSION=46207
RUN-1003 : finish command "import_db ../syn_1/camera_to_dsi_display_gate.db" in  1.098510s wall, 0.359375s user + 0.109375s system = 0.468750s CPU (42.7%)

RUN-1004 : used memory is 572 MB, reserved memory is 569 MB, peak memory is 572 MB
RUN-1002 : start command "commit_param -step place"
RUN-1001 : Print Global Property
RUN-1001 : -------------------------------------------------------------
RUN-1001 :     Parameters    |   Settings   |  Default Values  |  Note  
RUN-1001 : -------------------------------------------------------------
RUN-1001 :    enable_seed    |     off      |       off        |        
RUN-1001 :    hfn_to_clock   |  1000000000  |    1000000000    |        
RUN-1001 :      message      |   standard   |     standard     |        
RUN-1001 :    qor_monitor    |      on      |        on        |        
RUN-1001 :   speedup_effort  |      0       |        0         |        
RUN-1001 :    syn_ip_flow    |     off      |       off        |        
RUN-1001 :       thread      |     auto     |       auto       |        
RUN-1001 : -------------------------------------------------------------
RUN-1001 : Print Place Property
RUN-1001 : --------------------------------------------------------------
RUN-1001 :      Parameters      |  Settings  |  Default Values  |  Note  
RUN-1001 : --------------------------------------------------------------
RUN-1001 :        effort        |   medium   |      medium      |        
RUN-1001 :       floorplan      |    off     |       off        |        
RUN-1001 :    hfn_opt_effort    |   medium   |      medium      |        
RUN-1001 :    logic_level_opt   |    off     |       off        |        
RUN-1001 :   macro_performance  |    auto    |       auto       |        
RUN-1001 :      max_fanout      |   999999   |      999999      |        
RUN-1001 :      opt_timing      |   medium   |      medium      |        
RUN-1001 :    post_place_opt    |    auto    |       auto       |        
RUN-1001 :      pr_strategy     |     1      |        1         |        
RUN-1001 : --------------------------------------------------------------
RUN-1002 : start command "insert_debugger"
RUN-1002 : start command "place"
RUN-1001 : Open license file D:/td6.2.1/license/Anlogic.lic
PHY-3001 : Placer runs in 20 thread(s).
PHY-1001 : Stage 1 | Initialize Design
PHY-1001 : Stage 1.1 | Build Design
PHY-1001 : 13159 luts, 17800 seqs, 408 mslices, 4045 lslices, 53 pads, 48 brams, 8 dsps
RUN-1002 : start command "legalize_phy_inst"
SYN-1011 : Flatten model design_top_wrapper
SYN-1001 : ADC: Instance "u_ph1p35_324_ddr_wrapper/u_ddr2/ph1p_ddrmc_wrapper/ph1p_ddrmc_top/u_ddr_phy/u_ddrphy_top/u_ddrphy/ac_byte[0]$ac_byte_used$u_ddrphy_ac_byte_wrapper/u_ddrphy_byte" LOCATION="X0Y70Z0"
SYN-1001 : ADC: Instance "u_ph1p35_324_ddr_wrapper/u_ddr2/ph1p_ddrmc_wrapper/ph1p_ddrmc_top/u_ddr_phy/u_ddrphy_top/u_ddrphy/ac_byte[1]$ac_byte_used$u_ddrphy_ac_byte_wrapper/u_ddrphy_byte" LOCATION="X0Y60Z0"
SYN-1001 : ADC: Instance "u_ph1p35_324_ddr_wrapper/u_ddr2/ph1p_ddrmc_wrapper/ph1p_ddrmc_top/u_ddr_phy/u_ddrphy_top/u_ddrphy/ac_byte[2]$ac_byte_used$u_ddrphy_ac_byte_wrapper/u_ddrphy_byte" LOCATION="X0Y50Z0"
SYN-1001 : ADC: Instance "u_ph1p35_324_ddr_wrapper/u_ddr2/ph1p_ddrmc_wrapper/ph1p_ddrmc_top/u_ddr_phy/u_ddrphy_top/u_ddrphy/ac_byte[3]$ac_byte_used$u_ddrphy_ac_byte_wrapper/u_ddrphy_byte" LOCATION="X0Y40Z0"
SYN-1001 : ADC: Instance "u_ph1p35_324_ddr_wrapper/u_ddr2/ph1p_ddrmc_wrapper/ph1p_ddrmc_top/u_ddr_phy/u_ddrphy_top/u_ddrphy/bkref[0]$u_ddrphy_bankref" LOCATION="X0Y19Z0"
SYN-1001 : ADC: Instance "u_ph1p35_324_ddr_wrapper/u_ddr2/ph1p_ddrmc_wrapper/ph1p_ddrmc_top/u_ddr_phy/u_ddrphy_top/u_ddrphy/bkref[1]$u_ddrphy_bankref" LOCATION="X0Y59Z0"
SYN-1001 : ADC: Instance "u_ph1p35_324_ddr_wrapper/u_ddr2/ph1p_ddrmc_wrapper/ph1p_ddrmc_top/u_ddr_phy/u_ddrphy_top/u_ddrphy/dx_byte[0]$dx_byte_used$u_ddrphy_dx_byte_wrapper/u_ddrphy_byte" LOCATION="X0Y30Z0"
SYN-1001 : ADC: Instance "u_ph1p35_324_ddr_wrapper/u_ddr2/ph1p_ddrmc_wrapper/ph1p_ddrmc_top/u_ddr_phy/u_ddrphy_top/u_ddrphy/dx_byte[1]$dx_byte_used$u_ddrphy_dx_byte_wrapper/u_ddrphy_byte" LOCATION="X0Y10Z0"
SYN-1001 : ADC: Instance "u_ph1p35_324_ddr_wrapper/u_ddr2/ph1p_ddrmc_wrapper/ph1p_ddrmc_top/u_ddr_phy/u_ddrphy_top/u_ddrphy_clk/ioclk[0]$u_ioclk_0" LOCATION="X0Y59Z0"
SYN-1001 : ADC: Instance "u_ph1p35_324_ddr_wrapper/u_ddr2/ph1p_ddrmc_wrapper/ph1p_ddrmc_top/u_ddr_phy/u_ddrphy_top/u_ddrphy_clk/ioclk[0]$u_ioclk_1" LOCATION="X0Y59Z1"
SYN-1001 : ADC: Instance "u_ph1p35_324_ddr_wrapper/u_ddr2/ph1p_ddrmc_wrapper/ph1p_ddrmc_top/u_ddr_phy/u_ddrphy_top/u_ddrphy_clk/ioclk[1]$u_ioclk_0" LOCATION="X0Y19Z0"
SYN-1001 : ADC: Instance "u_ph1p35_324_ddr_wrapper/u_ddr2/ph1p_ddrmc_wrapper/ph1p_ddrmc_top/u_ddr_phy/u_ddrphy_top/u_ddrphy_clk/ioclk[1]$u_ioclk_1" LOCATION="X0Y19Z1"
SYN-1001 : ADC: Instance "u_ph1p35_324_ddr_wrapper/u_ddr2/ph1p_ddrmc_wrapper/ph1p_ddrmc_top/u_ddr_phy/u_ddrphy_top/u_ddrphy_clk/u_mlclk_1" LOCATION="X0Y59Z0"
SYN-1001 : ADC: Instance "u_ph1p35_324_ddr_wrapper/u_ddr2/ph1p_ddrmc_wrapper/ph1p_ddrmc_top/u_ddr_phy/u_ddrphy_top/u_ddrphy_clk/u_mlclk_2" LOCATION="X0Y59Z1"
SYN-1001 : ADC: Instance "u_ph1p35_324_ddr_wrapper/u_ddr2/ph1p_ddrmc_wrapper/ph1p_ddrmc_top/u_ddr_phy/u_ddrphy_top/u_ddrphy_clk/u_pll0/u_pll_inst" LOCATION="X0Y40Z0"
SYN-1001 : ADC: Instance "u_ph1p35_324_ddr_wrapper/u_ddr2/ph1p_ddrmc_wrapper/ph1p_ddrmc_top/u_ddr_phy/u_ddrphy_top/u_ddrphy_clk/u_pll1/u_pll_inst" LOCATION="X0Y79Z0"
PHY-1001 : Remove keep and sweep redundant instances ...
PHY-1001 : 12876 luts, 17473 seqs, 408 mslices, 4028 lslices, 53 pads, 48 brams, 8 dsps
PHY-1001 : End Stage 1.1 | Build Design; Time: 0.273110s wall, 0.281250s user + 0.000000s system = 0.281250s CPU (103.0%); Memory(MB): used = 573, reserved = 569, peak = 573;

PHY-1001 : Stage 1.2 | Optimize Design
OPT-1001 : Stage 1.2.1 | Simplify Lut
OPT-1001 : End Stage 1.2.1 | Simplify Lut; Time: 0.045442s wall, 0.046875s user + 0.000000s system = 0.046875s CPU (103.2%); Memory(MB): used = 574, reserved = 569, peak = 574;

OPT-1001 : Stage 1.2.2 | Sweep
OPT-1001 : End Stage 1.2.2 | Sweep; Time: 0.017459s wall, 0.015625s user + 0.000000s system = 0.015625s CPU (89.5%); Memory(MB): used = 574, reserved = 569, peak = 574;

OPT-1001 : Stage 1.2.3 | Merge Lut
OPT-1001 : Start remap optimization ...
RUN-1001 :   Added 0 lut1 for undup drivers
OPT-1001 : skip lut merge since lut number 12874 is similar to or less than reg number 17473
OPT-1001 : End Stage 1.2.3 | Merge Lut; Time: 0.021399s wall, 0.015625s user + 0.000000s system = 0.015625s CPU (73.0%); Memory(MB): used = 574, reserved = 569, peak = 574;

OPT-1001 : Stage 1.2.4 | Synthesize High-fanout Net
OPT-1001 : Start high-fanout net optimization in pre-place flow with medium effort ...
RUN-1001 : HFN opt statistic
RUN-1001 : ------------------------------------------------------
RUN-1001 :   DriverCell type  |  HFN count  |  Duplicated count  
RUN-1001 : ------------------------------------------------------
RUN-1001 :       LSLICE       |      0      |         0          
RUN-1001 :       MSLICE       |      0      |         0          
RUN-1001 :        TOTAL       |      0      |         0          
RUN-1001 : ------------------------------------------------------
OPT-1001 : End high-fanout net optimization;  0.000584s wall, 0.000000s user + 0.000000s system = 0.000000s CPU (n/a%)

OPT-1001 : Current memory(MB): used = 574, reserved = 569, peak = 574.
OPT-1001 : End Stage 1.2.4 | Synthesize High-fanout Net; Time: 0.000893s wall, 0.000000s user + 0.000000s system = 0.000000s CPU (n/a%); Memory(MB): used = 574, reserved = 569, peak = 574;

OPT-1001 : End physical optimization;  0.086152s wall, 0.078125s user + 0.000000s system = 0.078125s CPU (90.7%)

PHY-1001 : End Stage 1.2 | Optimize Design; Time: 0.087904s wall, 0.078125s user + 0.000000s system = 0.078125s CPU (88.9%); Memory(MB): used = 574, reserved = 569, peak = 574;

PHY-1001 : Stage 1.3 | Initialize Clock
PHY-1001 : Start to synthesize physical clock networks.
RUN-1002 : start command "start_timer"
USR-1002 : Derived clock:  create_generated_clock -name {u_PLL/ph1p_phy_pll_wrapper_25a56e5ce2f9_Inst/u_PH1P_PHY_PLL.clkc[0]} -source [get_ports {I_sys_clk}] -master_clock {sys_clk_50m} -multiply_by 2.0000 -duty_cycle 50.0000 [get_pins {u_PLL/ph1p_phy_pll_wrapper_25a56e5ce2f9_Inst/u_PH1P_PHY_PLL.clkc[0]}]
USR-1002 : Derived clock:  create_generated_clock -name {u_PLL/ph1p_phy_pll_wrapper_25a56e5ce2f9_Inst/u_PH1P_PHY_PLL.clkc[1]} -source [get_ports {I_sys_clk}] -master_clock {sys_clk_50m} -divide_by 2.0769 -duty_cycle 50.0000 [get_pins {u_PLL/ph1p_phy_pll_wrapper_25a56e5ce2f9_Inst/u_PH1P_PHY_PLL.clkc[1]}]
USR-1002 : Derived clock:  create_generated_clock -name {u_PLL/ph1p_phy_pll_wrapper_25a56e5ce2f9_Inst/u_PH1P_PHY_PLL.clkc[4]} -source [get_ports {I_sys_clk}] -master_clock {sys_clk_50m} -multiply_by 1.0400 -duty_cycle 50.0000 [get_pins {u_PLL/ph1p_phy_pll_wrapper_25a56e5ce2f9_Inst/u_PH1P_PHY_PLL.clkc[4]}]
USR-1002 : Derived clock:  create_generated_clock -name {u_PLL/ph1p_phy_pll_wrapper_25a56e5ce2f9_Inst/u_PH1P_PHY_PLL.clkc[5]} -source [get_ports {I_sys_clk}] -master_clock {sys_clk_50m} -multiply_by 5.2000 -duty_cycle 50.0000 [get_pins {u_PLL/ph1p_phy_pll_wrapper_25a56e5ce2f9_Inst/u_PH1P_PHY_PLL.clkc[5]}]
USR-1002 : Derived clock:  create_generated_clock -name {u_ph1p35_324_ddr_wrapper/u_ddr2/ph1p_ddrmc_wrapper/ph1p_ddrmc_top/u_ddr_phy/u_ddrphy_top/u_ddrphy_clk/u_pll0/u_pll_inst.clkc[0]} -source [get_ports {I_sys_clk}] -master_clock {sys_clk_50m} -multiply_by 1.3333 -duty_cycle 50.0000 [get_pins {u_ph1p35_324_ddr_wrapper/u_ddr2/ph1p_ddrmc_wrapper/ph1p_ddrmc_top/u_ddr_phy/u_ddrphy_top/u_ddrphy_clk/u_pll0/u_pll_inst.clkc[0]}]
USR-1002 : Derived clock:  create_generated_clock -name {u_ph1p35_324_ddr_wrapper/u_ddr2/ph1p_ddrmc_wrapper/ph1p_ddrmc_top/u_ddr_phy/u_ddrphy_top/u_ddrphy_clk/u_pll0/u_pll_inst.clkc[1]} -source [get_ports {I_sys_clk}] -master_clock {sys_clk_50m} -multiply_by 1.3333 -duty_cycle 50.0000 [get_pins {u_ph1p35_324_ddr_wrapper/u_ddr2/ph1p_ddrmc_wrapper/ph1p_ddrmc_top/u_ddr_phy/u_ddrphy_top/u_ddrphy_clk/u_pll0/u_pll_inst.clkc[1]}]
USR-1002 : Derived clock:  create_generated_clock -name {u_ph1p35_324_ddr_wrapper/u_ddr2/ph1p_ddrmc_wrapper/ph1p_ddrmc_top/u_ddr_phy/u_ddrphy_top/u_ddrphy_clk/u_pll0/u_pll_inst.clkc[2]} -source [get_ports {I_sys_clk}] -master_clock {sys_clk_50m} -multiply_by 5.3333 -duty_cycle 50.0000 [get_pins {u_ph1p35_324_ddr_wrapper/u_ddr2/ph1p_ddrmc_wrapper/ph1p_ddrmc_top/u_ddr_phy/u_ddrphy_top/u_ddrphy_clk/u_pll0/u_pll_inst.clkc[2]}]
USR-1002 : Derived clock:  create_generated_clock -name {u_ph1p35_324_ddr_wrapper/u_ddr2/ph1p_ddrmc_wrapper/ph1p_ddrmc_top/u_ddr_phy/u_ddrphy_top/u_ddrphy_clk/u_pll0/u_pll_inst.clkc[3]} -source [get_ports {I_sys_clk}] -master_clock {sys_clk_50m} -divide_by 1.9687 -duty_cycle 50.0000 [get_pins {u_ph1p35_324_ddr_wrapper/u_ddr2/ph1p_ddrmc_wrapper/ph1p_ddrmc_top/u_ddr_phy/u_ddrphy_top/u_ddrphy_clk/u_pll0/u_pll_inst.clkc[3]}]
USR-1002 : Derived clock:  create_generated_clock -name {u_ph1p35_324_ddr_wrapper/u_ddr2/ph1p_ddrmc_wrapper/ph1p_ddrmc_top/u_ddr_phy/u_ddrphy_top/u_ddrphy_clk/u_pll1/u_pll_inst.clkc[0]} -source [get_pins {u_ph1p35_324_ddr_wrapper/u_ddr2/ph1p_ddrmc_wrapper/ph1p_ddrmc_top/u_ddr_phy/u_ddrphy_top/u_ddrphy_clk/u_pll0/u_pll_inst.clkc[0]}] -master_clock {u_ph1p35_324_ddr_wrapper/u_ddr2/ph1p_ddrmc_wrapper/ph1p_ddrmc_top/u_ddr_phy/u_ddrphy_top/u_ddrphy_clk/u_pll0/u_pll_inst.clkc[0]} -multiply_by 1.0000 -duty_cycle 50.0000 [get_pins {u_ph1p35_324_ddr_wrapper/u_ddr2/ph1p_ddrmc_wrapper/ph1p_ddrmc_top/u_ddr_phy/u_ddrphy_top/u_ddrphy_clk/u_pll1/u_pll_inst.clkc[0]}]
USR-6001 WARNING: No clocks matched 'get_clocks u_mipi_dphy_rx_ph1p_mipiio_wrapper/u_ph1p_mipiio_rx_wrapper/u_PH1P_LOGIC_DPHY_MIPI_RX.o_fabric_div4_8_clk'
USR-6001 WARNING: No clocks matched 'get_clocks mipi_rx_ck_pad MIPI_RX_BYTE_CLK sys_clk_50m pll_clk_100m pll_clk_24m HDMI_PIXEL_CLK HDMI_SERIAL_CLK'
USR-6001 WARNING: No clocks matched 'get_clocks u_ph1p35_324_ddr_wrapper/u_ddr2/ddr_clk u_ph1p35_324_ddr_wrapper/u_ddr2/usr_clk'
USR-6001 WARNING: No clocks matched 'get_clocks u_ph1p35_324_ddr_wrapper/u_ddr2/ddr_clk u_ph1p35_324_ddr_wrapper/u_ddr2/usr_clk'
USR-6001 WARNING: No clocks matched 'get_clocks u_ph1p35_324_ddr_wrapper/u_ddr2/ddr_clk u_ph1p35_324_ddr_wrapper/u_ddr2/usr_clk'
USR-6001 WARNING: No clocks matched 'get_clocks MIPI_RX_BYTE_CLK'
USR-6001 WARNING: No clocks matched 'get_clocks MIPI_RX_BYTE_CLK'
USR-6001 WARNING: No clocks matched 'get_clocks MIPI_RX_BYTE_CLK'
8.888000
15.000000
15.000000
19.230000
RUN-1003 : finish command "start_timer" in  1.930320s wall, 1.921875s user + 0.000000s system = 1.921875s CPU (99.6%)

RUN-1004 : used memory is 819 MB, reserved memory is 818 MB, peak memory is 819 MB
TMR-2502 : Net delay update with mode: Synthesized
PHY-5060 CRITICAL-WARNING: Clock net candidate O_cam_24m_syn_3 has mixed fanouts of 307 clock pins; 1 data/ctrl pins. Please check connection of the net in design.
PHY-1001 : Populate physical database on model design_top_wrapper.
RUN-1001 : There are total 34994 instances
RUN-0007 : 12874 luts, 17473 seqs, 408 mslices, 4028 lslices, 53 pads, 48 brams, 8 dsps
RUN-1001 : There are total 47057 nets
RUN-1001 : 31741 nets have 2 pins
RUN-1001 : 12192 nets have [3 - 5] pins
RUN-1001 : 2232 nets have [6 - 10] pins
RUN-1001 : 516 nets have [11 - 20] pins
RUN-1001 : 325 nets have [21 - 99] pins
RUN-1001 : 51 nets have 100+ pins
PHY-1001 : Start to check user instance location assignments; please refer to ADC constraint.
PHY-1001 : End Stage 1.3 | Initialize Clock; Time: 3.119728s wall, 3.093750s user + 0.015625s system = 3.109375s CPU (99.7%); Memory(MB): used = 950, reserved = 949, peak = 950;

PHY-1001 : End Stage 1 | Initialize Design; Time: 3.510613s wall, 3.468750s user + 0.015625s system = 3.484375s CPU (99.3%); Memory(MB): used = 950, reserved = 949, peak = 950;

PHY-1001 : Stage 2 | Global Placement
RUN-1001 : Report Control nets information:
RUN-1001 : DFF Distribution
RUN-1001 : -------------------------------------
RUN-1001 :   CE   |  SSR  |  ASR  |  DFF Count  
RUN-1001 : -------------------------------------
RUN-1001 :   No   |  No   |  No   |    6638     
RUN-1001 :   No   |  No   |  Yes  |    4878     
RUN-1001 :   No   |  Yes  |  No   |     185     
RUN-1001 :   Yes  |  No   |  No   |     424     
RUN-1001 :   Yes  |  No   |  Yes  |    5446     
RUN-1001 :   Yes  |  Yes  |  No   |     126     
RUN-1001 : -------------------------------------
RUN-1001 : Control Group Statistic
RUN-1001 : -----------------------------
RUN-1001 :   #CLK  |  #CE  |  #SSR/ASR  
RUN-1001 : -----------------------------
RUN-1001 :    8    |  187  |     23     
RUN-1001 : -----------------------------
RUN-0007 : Control Set = 221
PHY-1001 : Stage 2.1 | Place Fixed Instances
PHY-1001 : Processing 2 clock pins of DDR instance u_ph1p35_324_ddr_wrapper/u_ddr2/ph1p_ddrmc_wrapper/ph1p_ddrmc_top/u_ddr_phy/u_ddrphy_top/u_ddrphy/ac_byte[0]$ac_byte_used$u_ddrphy_ac_byte_wrapper/u_ddrphy_byte, location = x0y70z0.
PHY-1001 :   User location X0Y59Z1 of ioclk instance u_ph1p35_324_ddr_wrapper/u_ddr2/ph1p_ddrmc_wrapper/ph1p_ddrmc_top/u_ddr_phy/u_ddrphy_top/u_ddrphy_clk/ioclk[0]$u_ioclk_1.
PHY-1001 :   Placement of ioclk instance u_ph1p35_324_ddr_wrapper/u_ddr2/ph1p_ddrmc_wrapper/ph1p_ddrmc_top/u_ddr_phy/u_ddrphy_top/u_ddrphy_clk/ioclk[0]$u_ioclk_1; location = x0y59z1.
PHY-1001 :   User location X0Y59Z0 of ioclk instance u_ph1p35_324_ddr_wrapper/u_ddr2/ph1p_ddrmc_wrapper/ph1p_ddrmc_top/u_ddr_phy/u_ddrphy_top/u_ddrphy_clk/ioclk[0]$u_ioclk_0.
PHY-1001 :   Placement of ioclk instance u_ph1p35_324_ddr_wrapper/u_ddr2/ph1p_ddrmc_wrapper/ph1p_ddrmc_top/u_ddr_phy/u_ddrphy_top/u_ddrphy_clk/ioclk[0]$u_ioclk_0; location = x0y59z0.
PHY-1001 : Processing 2 clock pins of DDR instance u_ph1p35_324_ddr_wrapper/u_ddr2/ph1p_ddrmc_wrapper/ph1p_ddrmc_top/u_ddr_phy/u_ddrphy_top/u_ddrphy/ac_byte[1]$ac_byte_used$u_ddrphy_ac_byte_wrapper/u_ddrphy_byte, location = x0y60z0.
PHY-1001 :   Placed ioclk instance u_ph1p35_324_ddr_wrapper/u_ddr2/ph1p_ddrmc_wrapper/ph1p_ddrmc_top/u_ddr_phy/u_ddrphy_top/u_ddrphy_clk/ioclk[0]$u_ioclk_1, location = x0y59z1.
PHY-1001 :   Placed ioclk instance u_ph1p35_324_ddr_wrapper/u_ddr2/ph1p_ddrmc_wrapper/ph1p_ddrmc_top/u_ddr_phy/u_ddrphy_top/u_ddrphy_clk/ioclk[0]$u_ioclk_0, location = x0y59z0.
PHY-1001 : Processing 2 clock pins of DDR instance u_ph1p35_324_ddr_wrapper/u_ddr2/ph1p_ddrmc_wrapper/ph1p_ddrmc_top/u_ddr_phy/u_ddrphy_top/u_ddrphy/ac_byte[2]$ac_byte_used$u_ddrphy_ac_byte_wrapper/u_ddrphy_byte, location = x0y50z0.
PHY-1001 :   Placed ioclk instance u_ph1p35_324_ddr_wrapper/u_ddr2/ph1p_ddrmc_wrapper/ph1p_ddrmc_top/u_ddr_phy/u_ddrphy_top/u_ddrphy_clk/ioclk[0]$u_ioclk_1, location = x0y59z1.
PHY-1001 :   Placed ioclk instance u_ph1p35_324_ddr_wrapper/u_ddr2/ph1p_ddrmc_wrapper/ph1p_ddrmc_top/u_ddr_phy/u_ddrphy_top/u_ddrphy_clk/ioclk[0]$u_ioclk_0, location = x0y59z0.
PHY-1001 : Processing 2 clock pins of DDR instance u_ph1p35_324_ddr_wrapper/u_ddr2/ph1p_ddrmc_wrapper/ph1p_ddrmc_top/u_ddr_phy/u_ddrphy_top/u_ddrphy/ac_byte[3]$ac_byte_used$u_ddrphy_ac_byte_wrapper/u_ddrphy_byte, location = x0y40z0.
PHY-1001 :   Placed ioclk instance u_ph1p35_324_ddr_wrapper/u_ddr2/ph1p_ddrmc_wrapper/ph1p_ddrmc_top/u_ddr_phy/u_ddrphy_top/u_ddrphy_clk/ioclk[0]$u_ioclk_1, location = x0y59z1.
PHY-1001 :   Placed ioclk instance u_ph1p35_324_ddr_wrapper/u_ddr2/ph1p_ddrmc_wrapper/ph1p_ddrmc_top/u_ddr_phy/u_ddrphy_top/u_ddrphy_clk/ioclk[0]$u_ioclk_0, location = x0y59z0.
PHY-1001 : Processing 2 clock pins of DDR instance u_ph1p35_324_ddr_wrapper/u_ddr2/ph1p_ddrmc_wrapper/ph1p_ddrmc_top/u_ddr_phy/u_ddrphy_top/u_ddrphy/dx_byte[0]$dx_byte_used$u_ddrphy_dx_byte_wrapper/u_ddrphy_byte, location = x0y30z0.
PHY-1001 :   User location X0Y19Z1 of ioclk instance u_ph1p35_324_ddr_wrapper/u_ddr2/ph1p_ddrmc_wrapper/ph1p_ddrmc_top/u_ddr_phy/u_ddrphy_top/u_ddrphy_clk/ioclk[1]$u_ioclk_1.
PHY-1001 :   Placement of ioclk instance u_ph1p35_324_ddr_wrapper/u_ddr2/ph1p_ddrmc_wrapper/ph1p_ddrmc_top/u_ddr_phy/u_ddrphy_top/u_ddrphy_clk/ioclk[1]$u_ioclk_1; location = x0y19z1.
PHY-1001 :   User location X0Y19Z0 of ioclk instance u_ph1p35_324_ddr_wrapper/u_ddr2/ph1p_ddrmc_wrapper/ph1p_ddrmc_top/u_ddr_phy/u_ddrphy_top/u_ddrphy_clk/ioclk[1]$u_ioclk_0.
PHY-1001 :   Placement of ioclk instance u_ph1p35_324_ddr_wrapper/u_ddr2/ph1p_ddrmc_wrapper/ph1p_ddrmc_top/u_ddr_phy/u_ddrphy_top/u_ddrphy_clk/ioclk[1]$u_ioclk_0; location = x0y19z0.
PHY-1001 : Processing 2 clock pins of DDR instance u_ph1p35_324_ddr_wrapper/u_ddr2/ph1p_ddrmc_wrapper/ph1p_ddrmc_top/u_ddr_phy/u_ddrphy_top/u_ddrphy/dx_byte[1]$dx_byte_used$u_ddrphy_dx_byte_wrapper/u_ddrphy_byte, location = x0y10z0.
PHY-1001 :   Placed ioclk instance u_ph1p35_324_ddr_wrapper/u_ddr2/ph1p_ddrmc_wrapper/ph1p_ddrmc_top/u_ddr_phy/u_ddrphy_top/u_ddrphy_clk/ioclk[1]$u_ioclk_1, location = x0y19z1.
PHY-1001 :   Placed ioclk instance u_ph1p35_324_ddr_wrapper/u_ddr2/ph1p_ddrmc_wrapper/ph1p_ddrmc_top/u_ddr_phy/u_ddrphy_top/u_ddrphy_clk/ioclk[1]$u_ioclk_0, location = x0y19z0.
PHY-1001 : DDR MLCLK topology u_ph1p35_324_ddr_wrapper/u_ddr2/ph1p_ddrmc_wrapper/ph1p_ddrmc_top/u_ddr_phy/u_ddrphy_top/u_ddrphy_clk/u_mlclk_1.
PHY-1001 :   Driver: PH1P_PHY_PLL_V2 u_ph1p35_324_ddr_wrapper/u_ddr2/ph1p_ddrmc_wrapper/ph1p_ddrmc_top/u_ddr_phy/u_ddrphy_top/u_ddrphy_clk/u_pll0/u_pll_inst.clkc[1], user location :X0Y40Z0.
PHY-1001 :   Sink: PH1P_PHY_IOCLK u_ph1p35_324_ddr_wrapper/u_ddr2/ph1p_ddrmc_wrapper/ph1p_ddrmc_top/u_ddr_phy/u_ddrphy_top/u_ddrphy_clk/ioclk[0]$u_ioclk_0, location = x0y59z0, sectorID = 1.
PHY-1001 :   Sink: PH1P_PHY_IOCLK u_ph1p35_324_ddr_wrapper/u_ddr2/ph1p_ddrmc_wrapper/ph1p_ddrmc_top/u_ddr_phy/u_ddrphy_top/u_ddrphy_clk/ioclk[1]$u_ioclk_0, location = x0y19z0, sectorID = 0.
PHY-1001 : Placement of MLCLK instance u_ph1p35_324_ddr_wrapper/u_ddr2/ph1p_ddrmc_wrapper/ph1p_ddrmc_top/u_ddr_phy/u_ddrphy_top/u_ddrphy_clk/u_mlclk_1; location = x0y59z0,  sectorID = 1.
PHY-1001 : DDR MLCLK topology u_ph1p35_324_ddr_wrapper/u_ddr2/ph1p_ddrmc_wrapper/ph1p_ddrmc_top/u_ddr_phy/u_ddrphy_top/u_ddrphy_clk/u_mlclk_2.
PHY-1001 :   Driver: PH1P_PHY_PLL_V2 u_ph1p35_324_ddr_wrapper/u_ddr2/ph1p_ddrmc_wrapper/ph1p_ddrmc_top/u_ddr_phy/u_ddrphy_top/u_ddrphy_clk/u_pll0/u_pll_inst.clkc[2], user location :X0Y40Z0.
PHY-1001 :   Sink: PH1P_PHY_IOCLK u_ph1p35_324_ddr_wrapper/u_ddr2/ph1p_ddrmc_wrapper/ph1p_ddrmc_top/u_ddr_phy/u_ddrphy_top/u_ddrphy_clk/ioclk[0]$u_ioclk_1, location = x0y59z1, sectorID = 1.
PHY-1001 :   Sink: PH1P_PHY_IOCLK u_ph1p35_324_ddr_wrapper/u_ddr2/ph1p_ddrmc_wrapper/ph1p_ddrmc_top/u_ddr_phy/u_ddrphy_top/u_ddrphy_clk/ioclk[1]$u_ioclk_1, location = x0y19z1, sectorID = 0.
PHY-1001 : Placement of MLCLK instance u_ph1p35_324_ddr_wrapper/u_ddr2/ph1p_ddrmc_wrapper/ph1p_ddrmc_top/u_ddr_phy/u_ddrphy_top/u_ddrphy_clk/u_mlclk_2; location = x0y59z1,  sectorID = 1.
PHY-5016 WARNING: PLL clkc is driving an IO without location.
PHY-5016 WARNING: PLL clkc is not driving a clock-capable IO.
PHY-5016 WARNING: PLL clkc is driving an IO without location.
PHY-5016 WARNING: PLL clkc is not driving a clock-capable IO.
PHY-1001 : End Stage 2.1 | Place Fixed Instances; Time: 0.057883s wall, 0.062500s user + 0.000000s system = 0.062500s CPU (108.0%); Memory(MB): used = 966, reserved = 964, peak = 966;

PHY-1001 : Stage 2.2 | Pre-Place DRC Check
PHY-1001 : Stage 2.2.1 | Force Route Constraint Check
PHY-1001 : Check Pass.
PHY-1001 : End Stage 2.2.1 | Force Route Constraint Check; Time: 0.001965s wall, 0.000000s user + 0.000000s system = 0.000000s CPU (n/a%); Memory(MB): used = 966, reserved = 964, peak = 966;

PHY-1001 : Stage 2.2.2 | Sigmap Check
PHY-1001 : Check pass.
PHY-1001 : End Stage 2.2.2 | Sigmap Check; Time: 0.003791s wall, 0.015625s user + 0.000000s system = 0.015625s CPU (412.1%); Memory(MB): used = 966, reserved = 964, peak = 966;

PHY-1001 : End Stage 2.2 | Pre-Place DRC Check; Time: 0.006077s wall, 0.015625s user + 0.000000s system = 0.015625s CPU (257.1%); Memory(MB): used = 966, reserved = 964, peak = 966;

PHY-1001 : Clock GCLK Statistics:
RUN-1001 : GCLK Index: 
RUN-1001 : -------------------------------------------------------------------------------------------------------------------------------------------------------
RUN-1001 :   Index  |                                                          Clock GCLK                                                           |  Location   
RUN-1001 : -------------------------------------------------------------------------------------------------------------------------------------------------------
RUN-1001 :     1    |                           u_mipi_dphy_rx_ph1p_mipiio_wrapper/u_ph1p_mipiio_rx_wrapper/bufg_feedback                           |  x23y39z0   
RUN-1001 :     2    |   u_ph1p35_324_ddr_wrapper/u_ddr2/ph1p_ddrmc_wrapper/ph1p_ddrmc_top/u_ddr_phy/u_ddrphy_top/u_ddrphy_clk/u_pll1/u_bufg_fbclk   |  x23y39z16  
RUN-1001 :     3    |                                             u_experiment_osd/clk_created_gclkinst                                             |  x23y39z17  
RUN-1001 :     4    |                                               I_sys_clk_dup_6_created_gclkinst                                                |  x23y39z22  
RUN-1001 :     5    |                                               O_cam_24m_dup_1_created_gclkinst                                                |  x23y39z18  
RUN-1001 :     6    |                          u_hdmi_tx/u_hdmi2phy_wrapper/u0_lane_lvds_8_1/I_serial_clk_created_gclkinst                          |  x23y39z19  
RUN-1001 :     7    |  u_ph1p35_324_ddr_wrapper/u_ddr2/ph1p_ddrmc_wrapper/ph1p_ddrmc_top/u_ddr_phy/u_ddrphy_top/u_ddrphy/apb_pclk_created_gclkinst  |  x23y39z20  
RUN-1001 :     8    |                                                      u_PLL/bufg_feedback                                                      |  x23y39z21  
RUN-1001 : -------------------------------------------------------------------------------------------------------------------------------------------------------
RUN-1001 : Clock Nets Connect To GCLK Statistics: 
RUN-1001 : -----------------------------------------------------------------------------------------------------------------------------------------------------------------------------------------
RUN-1001 :   Index  |                        Leading Net                        |  CLK/DATA/IO/PLL Sink(s)  |                       Following Net                       |  CLK/DATA/IO/PLL Sink(s)  
RUN-1001 : -----------------------------------------------------------------------------------------------------------------------------------------------------------------------------------------
RUN-1001 :     1    | u_mipi_dphy_rx_ph1p_mipiio_wrapper/u_ph1p_mipiio_rx_w...  |          1/0/0/0          | u_isp_top/u_demosaic/raw_matrix_3x3_buffer_d/zhenghe_...  |        10365/0/0/0        
RUN-1001 :     2    | u_ph1p35_324_ddr_wrapper/u_ddr2/ph1p_ddrmc_wrapper/ph...  |          1/0/0/0          | u_ph1p35_324_ddr_wrapper/u_ddr2/ph1p_ddrmc_wrapper/ph...  |        3612/0/0/0         
RUN-1001 :     3    |                   u_experiment_osd/clk                    |          1/0/0/0          |               u_experiment_osd/clk_syn_652                |        2769/0/0/0         
RUN-1001 :     4    |                      I_sys_clk_dup_6                      |          3/0/0/0          |                      I_sys_clk_syn_8                      |         587/0/0/0         
RUN-1001 :     5    |                      O_cam_24m_dup_1                      |          1/0/0/0          |                      O_cam_24m_syn_3                      |         307/1/0/0         
RUN-1001 :     6    | u_hdmi_tx/u_hdmi2phy_wrapper/u0_lane_lvds_8_1/I_seria...  |          1/0/0/0          | u_hdmi_tx/u_hdmi2phy_wrapper/u0_lane_lvds_8_1/I_seria...  |         61/0/0/0          
RUN-1001 :     7    | u_ph1p35_324_ddr_wrapper/u_ddr2/ph1p_ddrmc_wrapper/ph...  |          1/0/0/0          | u_ph1p35_324_ddr_wrapper/u_ddr2/ph1p_ddrmc_wrapper/ph...  |         43/0/0/0          
RUN-1001 :     8    |                      u_PLL/clk0_buf                       |          1/0/0/0          | u_mipi_dphy_rx_ph1p_mipiio_wrapper/u_ph1p_mipiio_rx_w...  |         13/0/0/0          
RUN-1001 : -----------------------------------------------------------------------------------------------------------------------------------------------------------------------------------------
PHY-1001 : Stage 2.3 | Global Placement Step 1
PHY-3001 : Target density is 60%
PHY-1001 : Stage 2.3.1 | Update Timing
RUN-1002 : start command "start_timer"
RUN-1003 : finish command "start_timer" in  1.042885s wall, 1.046875s user + 0.000000s system = 1.046875s CPU (100.4%)

RUN-1004 : used memory is 1007 MB, reserved memory is 1004 MB, peak memory is 1007 MB
PHY-1001 : SWNS: 255, STNS: 0, FEP: 0
PHY-3001 : tot_pins 362847 tot_hfn_pins 31332 perc. 8 tot_hhfn_pins 9511 perc. 2
PHY-1001 : End Stage 2.3.1 | Update Timing; Time: 2.388554s wall, 2.359375s user + 0.015625s system = 2.375000s CPU (99.4%); Memory(MB): used = 1027, reserved = 1025, peak = 1027;

PHY-0007 : Cell area utilization is 62%
RUN-1001 : Huge Net Statistic
RUN-1001 : ----------------------------------------------------------------------------------------------------------------------------------------------------------------------------------------
RUN-1001 :   Fanout  |  Slack  |                                                                                Net                                                                                
RUN-1001 : ----------------------------------------------------------------------------------------------------------------------------------------------------------------------------------------
RUN-1001 :    6950   |   Inf   |                                u_ph1p35_324_ddr_wrapper/u_ddr2/ph1p_ddrmc_wrapper/ph1p_ddrmc_top/u_ddr_phy/u_ddrphy_top/sys_rst_n                                 
RUN-1001 :    1472   |  11982  |                                u_ph1p35_324_ddr_wrapper/u_ddr2/ph1p_ddrmc_wrapper/ph1p_ddrmc_top/u_alc_mc_top/u_rbuf_addr_fifo/rst                                
RUN-1001 :    1089   |   Inf   |  u_ph1p35_324_ddr_wrapper/u_ddr2/ph1p_ddrmc_wrapper/ph1p_ddrmc_top/u_ddr_phy/u_ddrphy_top/u_ddrphy/dx_byte[1]$dx_byte_used$u_ddrphy_dx_byte_wrapper/dx_phy_rst_n  
RUN-1001 : ----------------------------------------------------------------------------------------------------------------------------------------------------------------------------------------
PHY-3001 : Clustering ...
PHY-3001 : End clustering;  0.111264s wall, 0.171875s user + 0.171875s system = 0.343750s CPU (309.0%)

PHY-3001 : Target density is 60%
PHY-1001 : Stage 2.3.2 | GP Iteration
PHY-1001 : End Stage 2.3.2 | GP Iteration; Time: 1.352925s wall, 6.218750s user + 2.906250s system = 9.125000s CPU (674.5%); Memory(MB): used = 1037, reserved = 1035, peak = 1037;

PHY-3001 : Multithread accelerating rate: 6.31
RUN-1002 : start command "start_timer"
8.888000
15.000000
15.000000
19.230000
RUN-1003 : finish command "start_timer" in  1.798387s wall, 1.796875s user + 0.000000s system = 1.796875s CPU (99.9%)

RUN-1004 : used memory is 1038 MB, reserved memory is 1035 MB, peak memory is 1038 MB
PHY-3001 : No need to merge 9x9 Dsps.
PHY-1001 : Populate physical database on model design_top_wrapper.
PHY-1001 : End Stage 2.3 | Global Placement Step 1; Time: 7.495821s wall, 12.359375s user + 3.109375s system = 15.468750s CPU (206.4%); Memory(MB): used = 1143, reserved = 1141, peak = 1143;

PHY-1001 : Stage 2.4 | RAM/DSP Legalization and Detailed Placement
PHY-1001 : Stage 2.4.1 | Legalization
PHY-3001 : Before Legalized: Len = 2.08162e+06
PHY-3001 : After Legalized: Len = 2.12853e+06, Over = 143.75 with grid_size = 640
PHY-1001 : End Stage 2.4.1 | Legalization; Time: 1.476757s wall, 1.468750s user + 0.015625s system = 1.484375s CPU (100.5%); Memory(MB): used = 1147, reserved = 1143, peak = 1147;

PHY-1001 : Stage 2.4.2 | Detailed Placement
PHY-1001 : Stage 2.4.2.1 | Simulated Annealing Based DP
PHY-0007 : Initial: WL Cost = 190101, TD Cost = 368780, SWNS = 1508, STNS = 0, Nums per T = 560, Range Limit = 2x32
PHY-0007 : Finally: WL Cost = 189062, TD Cost = 359378, WL Ratio = 0.994532, TD Ratio = 0.974506, SWNS = 1508, STNS = 0
RUN-1001 : Print Detailed placement's Summary information
RUN-1001 : -------------------------------------------------------------------------------------------------------------------------------
RUN-1001 :             |  Total  |  Accept  |  Reject by overFlow  |  Reject by worseCost  |  Failed by noTarget  |  Failed by gridCheck  
RUN-1001 : -------------------------------------------------------------------------------------------------------------------------------
RUN-1001 :   RAM/DSPs  |  2800   |    90    |          0           |         2710          |          0           |           0           
RUN-1001 :    Macros   |   393   |    17    |          0           |          376          |          0           |           0           
RUN-1001 : -------------------------------------------------------------------------------------------------------------------------------
PHY-1001 : End Stage 2.4.2.1 | Simulated Annealing Based DP; Time: 2.075459s wall, 2.937500s user + 0.187500s system = 3.125000s CPU (150.6%); Memory(MB): used = 1152, reserved = 1148, peak = 1152;

PHY-3001 : End Detailed Place; 
PHY-1001 : End Stage 2.4.2 | Detailed Placement; Time: 2.225301s wall, 3.078125s user + 0.187500s system = 3.265625s CPU (146.7%); Memory(MB): used = 1152, reserved = 1148, peak = 1152;

PHY-1001 : End Stage 2.4 | RAM/DSP Legalization and Detailed Placement; Time: 3.702914s wall, 4.546875s user + 0.203125s system = 4.750000s CPU (128.3%); Memory(MB): used = 1152, reserved = 1148, peak = 1152;

PHY-1001 : Stage 2.5 | Global Placement Step 2
PHY-3001 : Target density is 60%
PHY-1001 : Stage 2.5.1 | Update Timing
PHY-1001 : SWNS: 1508, STNS: 0, FEP: 0
PHY-1001 : End Stage 2.5.1 | Update Timing; Time: 0.132954s wall, 0.125000s user + 0.000000s system = 0.125000s CPU (94.0%); Memory(MB): used = 1152, reserved = 1148, peak = 1152;

PHY-1001 : Stage 2.5.2 | Refresh Congestion
RUN-1001 : Generating global routing grids ...
RUN-1001 : Building simple global routing graph ...
PHY-1001 : Generate routing nets ...
PHY-1001 : Reuse net number 0/16681.
PHY-1001 : Global iterations in 20 thread ...
PHY-1002 : len = 2.2147e+06, over cnt = 2910(4%), over = 15563, worst = 64
PHY-1001 : End global iterations;  0.382940s wall, 0.921875s user + 0.000000s system = 0.921875s CPU (240.7%)

PHY-1001 : Congestion index:
PHY-1001 : top1  = 202.38(S 135.96, N 119.86, E 178.62, W 153.84, I 314.86, O 393.50)
PHY-1001 : top5  = 138.73(S 84.35, N 77.63, E 113.04, W 99.41, I 190.72, O 241.55)
PHY-1001 : top10 = 113.07(S 64.37, N 61.02, E 87.29, W 77.24, I 139.23, O 180.53)
PHY-1001 : top15 = 98.21(S 53.71, N 51.53, E 73.19, W 64.78, I 111.39, O 146.19)
PHY-1001 : End Stage 2.5.2 | Refresh Congestion; Time: 0.694731s wall, 1.203125s user + 0.015625s system = 1.218750s CPU (175.4%); Memory(MB): used = 1221, reserved = 1217, peak = 1221;

PHY-1001 : Stage 2.5.3 | GP Iteration
PHY-1001 : End Stage 2.5.3 | GP Iteration; Time: 2.011899s wall, 14.781250s user + 0.250000s system = 15.031250s CPU (747.1%); Memory(MB): used = 1225, reserved = 1221, peak = 1225;

PHY-3001 : Multithread accelerating rate: 7.40
PHY-1001 : End Stage 2.5 | Global Placement Step 2; Time: 4.371059s wall, 17.625000s user + 0.265625s system = 17.890625s CPU (409.3%); Memory(MB): used = 1243, reserved = 1240, peak = 1243;

PHY-1001 : Stage 2.6 | RAM/DSP Detailed Placement
PHY-1001 : Stage 2.6.1 | Detailed Placement
PHY-1001 : Stage 2.6.1.1 | Simulated Annealing Based DP
PHY-0007 : Initial: WL Cost = 168222, TD Cost = 348734, SWNS = 1725, STNS = 0, Nums per T = 560, Range Limit = 2x32
PHY-0007 : Finally: WL Cost = 168363, TD Cost = 348055, WL Ratio = 1.00084, TD Ratio = 0.998052, SWNS = 1725, STNS = 0
RUN-1001 : Print Detailed placement's Summary information
RUN-1001 : -------------------------------------------------------------------------------------------------------------------------------
RUN-1001 :             |  Total  |  Accept  |  Reject by overFlow  |  Reject by worseCost  |  Failed by noTarget  |  Failed by gridCheck  
RUN-1001 : -------------------------------------------------------------------------------------------------------------------------------
RUN-1001 :   RAM/DSPs  |  1680   |    10    |          0           |         1670          |          0           |           0           
RUN-1001 :    Macros   |   245   |    1     |          0           |          244          |          0           |           0           
RUN-1001 : -------------------------------------------------------------------------------------------------------------------------------
PHY-1001 : End Stage 2.6.1.1 | Simulated Annealing Based DP; Time: 1.491338s wall, 1.765625s user + 0.015625s system = 1.781250s CPU (119.4%); Memory(MB): used = 1249, reserved = 1245, peak = 1249;

PHY-3001 : End Detailed Place; 
PHY-1001 : End Stage 2.6.1 | Detailed Placement; Time: 1.642408s wall, 1.906250s user + 0.015625s system = 1.921875s CPU (117.0%); Memory(MB): used = 1249, reserved = 1245, peak = 1249;

PHY-1001 : Stage 2.6.2 | Spreading
OPT-1001 : Total overflow 725.38 peak overflow 5.19
PHY-3001 : Spreading for sector grids.
PHY-3001 : Iter 1, total overflow: 0
PHY-3001 : tot_capacity: 48, usage_cnt: 17, movable_cnt: 43
PHY-3001 : End spreading;  0.052576s wall, 0.046875s user + 0.000000s system = 0.046875s CPU (89.2%)

PHY-1001 : End Stage 2.6.2 | Spreading; Time: 0.052686s wall, 0.046875s user + 0.000000s system = 0.046875s CPU (89.0%); Memory(MB): used = 1249, reserved = 1245, peak = 1249;

PHY-1001 : End Stage 2.6 | RAM/DSP Detailed Placement; Time: 1.855121s wall, 2.109375s user + 0.015625s system = 2.125000s CPU (114.5%); Memory(MB): used = 1249, reserved = 1245, peak = 1249;

PHY-1001 : Stage 2.7 | Optimize Design
OPT-1001 : Start physical optimization ...
OPT-1001 : Total overflow 725.38 peak overflow 5.19
OPT-1001 : Stage 2.7.1 | Synthesize High-fanout Net
OPT-1001 : Start high-fanout net optimization in pre-pack flow with medium effort ...
OPT-1001 : Update timing in Manhattan mode
OPT-1001 : End timing update;  1.426877s wall, 1.421875s user + 0.000000s system = 1.421875s CPU (99.6%)

OPT-1001 : Start: SWNS 1725 STNS 0 NUM_FEPS 0
OPT-1001 : Total overflow 725.38 peak overflow 5.19
DBG-001 :  select 105 high fanout candidates
DBG-001 :  crit level 1 net count 0 (fanout thres 50)
DBG-001 :  crit level 2 net count 0 (fanout thres 50)
DBG-001 :  crit level 3 net count 0 (fanout thres 40)
DBG-001 :  crit level 4 net count 34 (fanout thres 30)
DBG-001 :  crit level 5 net count 57 (fanout thres 30)
DBG-001 :  crit level 6 net count 14 (fanout thres 30)
PHY-1001 : Populate physical database on model design_top_wrapper.
OPT-1001 : 101 high-fanout net processed.
PHY-3001 : Start incremental placement ...
PHY-1001 : Populate physical database on model design_top_wrapper.
PHY-1001 : Processing 2 clock pins of DDR instance u_ph1p35_324_ddr_wrapper/u_ddr2/ph1p_ddrmc_wrapper/ph1p_ddrmc_top/u_ddr_phy/u_ddrphy_top/u_ddrphy/ac_byte[0]$ac_byte_used$u_ddrphy_ac_byte_wrapper/u_ddrphy_byte, location = x0y70z0.
PHY-1001 :   Placed ioclk instance u_ph1p35_324_ddr_wrapper/u_ddr2/ph1p_ddrmc_wrapper/ph1p_ddrmc_top/u_ddr_phy/u_ddrphy_top/u_ddrphy_clk/ioclk[0]$u_ioclk_1, location = x0y59z1.
PHY-1001 :   Placed ioclk instance u_ph1p35_324_ddr_wrapper/u_ddr2/ph1p_ddrmc_wrapper/ph1p_ddrmc_top/u_ddr_phy/u_ddrphy_top/u_ddrphy_clk/ioclk[0]$u_ioclk_0, location = x0y59z0.
PHY-1001 : Processing 2 clock pins of DDR instance u_ph1p35_324_ddr_wrapper/u_ddr2/ph1p_ddrmc_wrapper/ph1p_ddrmc_top/u_ddr_phy/u_ddrphy_top/u_ddrphy/ac_byte[1]$ac_byte_used$u_ddrphy_ac_byte_wrapper/u_ddrphy_byte, location = x0y60z0.
PHY-1001 :   Placed ioclk instance u_ph1p35_324_ddr_wrapper/u_ddr2/ph1p_ddrmc_wrapper/ph1p_ddrmc_top/u_ddr_phy/u_ddrphy_top/u_ddrphy_clk/ioclk[0]$u_ioclk_1, location = x0y59z1.
PHY-1001 :   Placed ioclk instance u_ph1p35_324_ddr_wrapper/u_ddr2/ph1p_ddrmc_wrapper/ph1p_ddrmc_top/u_ddr_phy/u_ddrphy_top/u_ddrphy_clk/ioclk[0]$u_ioclk_0, location = x0y59z0.
PHY-1001 : Processing 2 clock pins of DDR instance u_ph1p35_324_ddr_wrapper/u_ddr2/ph1p_ddrmc_wrapper/ph1p_ddrmc_top/u_ddr_phy/u_ddrphy_top/u_ddrphy/ac_byte[2]$ac_byte_used$u_ddrphy_ac_byte_wrapper/u_ddrphy_byte, location = x0y50z0.
PHY-1001 :   Placed ioclk instance u_ph1p35_324_ddr_wrapper/u_ddr2/ph1p_ddrmc_wrapper/ph1p_ddrmc_top/u_ddr_phy/u_ddrphy_top/u_ddrphy_clk/ioclk[0]$u_ioclk_1, location = x0y59z1.
PHY-1001 :   Placed ioclk instance u_ph1p35_324_ddr_wrapper/u_ddr2/ph1p_ddrmc_wrapper/ph1p_ddrmc_top/u_ddr_phy/u_ddrphy_top/u_ddrphy_clk/ioclk[0]$u_ioclk_0, location = x0y59z0.
PHY-1001 : Processing 2 clock pins of DDR instance u_ph1p35_324_ddr_wrapper/u_ddr2/ph1p_ddrmc_wrapper/ph1p_ddrmc_top/u_ddr_phy/u_ddrphy_top/u_ddrphy/ac_byte[3]$ac_byte_used$u_ddrphy_ac_byte_wrapper/u_ddrphy_byte, location = x0y40z0.
PHY-1001 :   Placed ioclk instance u_ph1p35_324_ddr_wrapper/u_ddr2/ph1p_ddrmc_wrapper/ph1p_ddrmc_top/u_ddr_phy/u_ddrphy_top/u_ddrphy_clk/ioclk[0]$u_ioclk_1, location = x0y59z1.
PHY-1001 :   Placed ioclk instance u_ph1p35_324_ddr_wrapper/u_ddr2/ph1p_ddrmc_wrapper/ph1p_ddrmc_top/u_ddr_phy/u_ddrphy_top/u_ddrphy_clk/ioclk[0]$u_ioclk_0, location = x0y59z0.
PHY-1001 : Processing 2 clock pins of DDR instance u_ph1p35_324_ddr_wrapper/u_ddr2/ph1p_ddrmc_wrapper/ph1p_ddrmc_top/u_ddr_phy/u_ddrphy_top/u_ddrphy/dx_byte[0]$dx_byte_used$u_ddrphy_dx_byte_wrapper/u_ddrphy_byte, location = x0y30z0.
PHY-1001 :   Placed ioclk instance u_ph1p35_324_ddr_wrapper/u_ddr2/ph1p_ddrmc_wrapper/ph1p_ddrmc_top/u_ddr_phy/u_ddrphy_top/u_ddrphy_clk/ioclk[1]$u_ioclk_1, location = x0y19z1.
PHY-1001 :   Placed ioclk instance u_ph1p35_324_ddr_wrapper/u_ddr2/ph1p_ddrmc_wrapper/ph1p_ddrmc_top/u_ddr_phy/u_ddrphy_top/u_ddrphy_clk/ioclk[1]$u_ioclk_0, location = x0y19z0.
PHY-1001 : Processing 2 clock pins of DDR instance u_ph1p35_324_ddr_wrapper/u_ddr2/ph1p_ddrmc_wrapper/ph1p_ddrmc_top/u_ddr_phy/u_ddrphy_top/u_ddrphy/dx_byte[1]$dx_byte_used$u_ddrphy_dx_byte_wrapper/u_ddrphy_byte, location = x0y10z0.
PHY-1001 :   Placed ioclk instance u_ph1p35_324_ddr_wrapper/u_ddr2/ph1p_ddrmc_wrapper/ph1p_ddrmc_top/u_ddr_phy/u_ddrphy_top/u_ddrphy_clk/ioclk[1]$u_ioclk_1, location = x0y19z1.
PHY-1001 :   Placed ioclk instance u_ph1p35_324_ddr_wrapper/u_ddr2/ph1p_ddrmc_wrapper/ph1p_ddrmc_top/u_ddr_phy/u_ddrphy_top/u_ddrphy_clk/ioclk[1]$u_ioclk_0, location = x0y19z0.
PHY-3001 : Target density is 60%
PHY-3001 : Target density is 60%
PHY-1001 : Stage 2.7.1.1 | Update Timing
PHY-1001 : SWNS: 1705, STNS: 0, FEP: 0
PHY-1001 : End Stage 2.7.1.1 | Update Timing; Time: 0.145631s wall, 0.156250s user + 0.000000s system = 0.156250s CPU (107.3%); Memory(MB): used = 1249, reserved = 1245, peak = 1249;

PHY-1001 : Stage 2.7.1.2 | Refresh Congestion
RUN-1001 : Generating global routing grids ...
PHY-1001 : Generate routing nets ...
PHY-1001 : Reuse net number 260/30556.
PHY-1001 : Global iterations in 20 thread ...
PHY-1002 : len = 2.01166e+06, over cnt = 3950(5%), over = 21040, worst = 65
PHY-1001 : End global iterations;  0.746826s wall, 1.515625s user + 0.000000s system = 1.515625s CPU (202.9%)

PHY-1001 : Congestion index:
PHY-1001 : top1  = 197.34(S 133.06, N 122.59, E 177.64, W 151.94, I 200.99, O 231.17)
PHY-1001 : top5  = 141.06(S 92.60, N 86.60, E 119.22, W 100.63, I 124.21, O 145.69)
PHY-1001 : top10 = 118.99(S 74.52, N 70.28, E 96.26, W 80.65, I 94.72, O 115.05)
PHY-1001 : top15 = 106.13(S 63.42, N 60.69, E 83.48, W 69.34, I 78.87, O 98.19)
PHY-1001 : End Stage 2.7.1.2 | Refresh Congestion; Time: 0.918749s wall, 1.671875s user + 0.000000s system = 1.671875s CPU (182.0%); Memory(MB): used = 1250, reserved = 1246, peak = 1250;

PHY-1001 : Stage 2.7.1.3 | GP Iteration
PHY-1001 : End Stage 2.7.1.3 | GP Iteration; Time: 2.025935s wall, 16.671875s user + 0.437500s system = 17.109375s CPU (844.5%); Memory(MB): used = 1253, reserved = 1249, peak = 1253;

PHY-3001 : Multithread accelerating rate: 8.42
OPT-1001 : Total overflow 748.66 peak overflow 5.56
PHY-3001 : Spreading for sector grids.
PHY-3001 : Iter 1, total overflow: 0
PHY-3001 : tot_capacity: 48, usage_cnt: 17, movable_cnt: 43
PHY-3001 : End spreading;  0.054872s wall, 0.046875s user + 0.000000s system = 0.046875s CPU (85.4%)

PHY-3001 : Final: Len = 1.65687e+06, Over = 167.719
PHY-3001 : End incremental placement;  3.395624s wall, 18.921875s user + 0.437500s system = 19.359375s CPU (570.1%)

OPT-1001 : Total overflow 748.66 peak overflow 5.56
RUN-1001 : HFN opt statistic
RUN-1001 : ------------------------------------------------------
RUN-1001 :   DriverCell type  |  HFN count  |  Duplicated count  
RUN-1001 : ------------------------------------------------------
RUN-1001 :         REG        |      1      |         10         
RUN-1001 :        LUT6        |     70      |         85         
RUN-1001 :        LUT5        |      2      |         4          
RUN-1001 :        LUT4        |      3      |         9          
RUN-1001 :        LUT3        |      9      |         28         
RUN-1001 :        LUT2        |     16      |         25         
RUN-1001 :        TOTAL       |     101     |        161         
RUN-1001 : ------------------------------------------------------
OPT-1001 : End high-fanout net optimization;  7.480121s wall, 23.234375s user + 0.437500s system = 23.671875s CPU (316.5%)

OPT-1001 : Update timing in Manhattan mode
OPT-1001 : End timing update;  1.412061s wall, 1.406250s user + 0.000000s system = 1.406250s CPU (99.6%)

OPT-1001 : Current memory(MB): used = 1254, reserved = 1249, peak = 1254.
OPT-1001 : End Stage 2.7.1 | Synthesize High-fanout Net; Time: 9.042758s wall, 24.796875s user + 0.437500s system = 25.234375s CPU (279.1%); Memory(MB): used = 1254, reserved = 1249, peak = 1254;

OPT-1001 : Stage 2.7.2 | Global Optimization
OPT-1001 : Start global optimization ...
OPT-0007 : Start: SWNS 1727 STNS 0 NUM_FEPS 0
OPT-1001 : Start congestion update ...
RUN-1001 : Generating global routing grids ...
PHY-1001 : Generate routing nets ...
PHY-1001 : Reuse net number 2252/29495.
PHY-1001 : Global iterations in 20 thread ...
PHY-1002 : len = 1.88966e+06, over cnt = 3694(5%), over = 12487, worst = 26
PHY-1002 : len = 2.05133e+06, over cnt = 3049(4%), over = 7454, worst = 18
PHY-1002 : len = 2.1948e+06, over cnt = 1537(2%), over = 3471, worst = 18
PHY-1002 : len = 2.29157e+06, over cnt = 410(0%), over = 899, worst = 11
PHY-1002 : len = 2.3279e+06, over cnt = 34(0%), over = 53, worst = 9
PHY-1001 : End global iterations;  2.137143s wall, 2.828125s user + 0.015625s system = 2.843750s CPU (133.1%)

PHY-1001 : Congestion index:
PHY-1001 : top1  = 92.54(S 79.41, N 72.49, E 85.38, W 89.14, I 202.44, O 213.73)
PHY-1001 : top5  = 81.00(S 66.30, N 61.86, E 71.73, W 72.97, I 120.95, O 137.50)
PHY-1001 : top10 = 74.55(S 59.15, N 54.79, E 64.38, W 63.51, I 93.01, O 111.06)
PHY-1001 : top15 = 70.45(S 53.97, N 50.13, E 58.86, W 57.43, I 77.97, O 95.97)
OPT-1001 : End congestion update;  2.425264s wall, 3.109375s user + 0.015625s system = 3.125000s CPU (128.9%)

OPT-0007 : Iter 1: improved SWNS 2109 STNS 0 NUM_FEPS 0 with 116 cells processed and 17652 slack improved
OPT-0007 : Iter 2: improved SWNS 2109 STNS 0 NUM_FEPS 0 with 21 cells processed and 2064 slack improved
OPT-0007 : Iter 3: improved SWNS 2109 STNS 0 NUM_FEPS 0 with 7 cells processed and 163 slack improved
OPT-1001 : Overall commit ratio 0.44
OPT-1001 : End global optimization;  2.560780s wall, 3.234375s user + 0.015625s system = 3.250000s CPU (126.9%)

OPT-1001 : Current memory(MB): used = 1254, reserved = 1249, peak = 1254.
OPT-1001 : End Stage 2.7.2 | Global Optimization; Time: 3.370085s wall, 4.046875s user + 0.015625s system = 4.062500s CPU (120.5%); Memory(MB): used = 1254, reserved = 1249, peak = 1254;

OPT-0007 : End flow prepack: SWNS 2109 STNS 0 NUM_FEPS 0
OPT-1001 : End physical optimization;  12.446670s wall, 28.875000s user + 0.453125s system = 29.328125s CPU (235.6%)

PHY-1001 : End Stage 2.7 | Optimize Design; Time: 12.450593s wall, 28.875000s user + 0.453125s system = 29.328125s CPU (235.6%); Memory(MB): used = 1254, reserved = 1249, peak = 1254;

PHY-1001 : Stage 2.8 | Pack and Legalization
PHY-1001 : Stage 2.8.1 | Direct Legalization
PHY-3001 : Start Direct Legalization ...
PHY-3001 : Get top1 grid util = 0.817074, top1_avg = 0.817074.
PHY-1001 : Populate physical database on model design_top_wrapper.
PHY-3001 : Target density is 60%
PHY-3001 : Before Legalization for Slice Macros, Len = 1.6615e+06.
RUN-1001 : Legalization top10 inst displacement:
RUN-1001 : -------------------------------------------------------------------------------------------------------------------------------------------------------------------------------------------------------------------------
RUN-1001 :   Index  |  Bounded  |  Height  |       Location       |  Disp. (slots)  |  Disp. (grids)  |                                                            Name                                                             
RUN-1001 : -------------------------------------------------------------------------------------------------------------------------------------------------------------------------------------------------------------------------
RUN-1001 :     1    |     N     |    8     |  x2y49z1 to x5y52z0  |       47        |        6        |   u_ph1p35_324_ddr_wrapper/u_ddr2/ph1p_ddrmc_wrapper/ph1p_ddrmc_top/u_ddr_phy/u_ddrphy_top/u_ddrphy_init/ramread0_syn_91    
RUN-1001 :     2    |     N     |    8     |  x2y49z0 to x5y47z0  |       40        |        5        |   u_ph1p35_324_ddr_wrapper/u_ddr2/ph1p_ddrmc_wrapper/ph1p_ddrmc_top/u_ddr_phy/u_ddrphy_top/u_ddrphy_init/ramread0_syn_31    
RUN-1001 :     3    |     N     |    8     |  x2y49z1 to x5y51z0  |       39        |        5        |   u_ph1p35_324_ddr_wrapper/u_ddr2/ph1p_ddrmc_wrapper/ph1p_ddrmc_top/u_ddr_phy/u_ddrphy_top/u_ddrphy_init/ramread0_syn_51    
RUN-1001 :     4    |     N     |    8     |  x1y43z4 to x5y43z0  |       36        |        4        |     u_ph1p35_324_ddr_wrapper/u_ddr2/ph1p_ddrmc_wrapper/ph1p_ddrmc_top/u_alc_mc_top/u_wr_data/u_ptr_ram0/ramread0_syn_25     
RUN-1001 :     5    |     N     |    8     |  x1y44z3 to x5y44z0  |       35        |        4        |       u_ph1p35_324_ddr_wrapper/u_ddr2/ph1p_ddrmc_wrapper/ph1p_ddrmc_top/u_alc_mc_top/u_wbuf_addr_fifo/ramread0_syn_25       
RUN-1001 :     6    |     N     |    8     |  x3y48z2 to x5y46z0  |       34        |        4        |   u_ph1p35_324_ddr_wrapper/u_ddr2/ph1p_ddrmc_wrapper/ph1p_ddrmc_top/u_ddr_phy/u_ddrphy_top/u_ddrphy_init/ramread0_syn_131   
RUN-1001 :     7    |     N     |    8     |  x2y49z2 to x5y50z0  |       30        |        4        |   u_ph1p35_324_ddr_wrapper/u_ddr2/ph1p_ddrmc_wrapper/ph1p_ddrmc_top/u_ddr_phy/u_ddrphy_top/u_ddrphy_init/ramread0_syn_71    
RUN-1001 :     8    |     N     |    8     |  x3y10z6 to x5y12z0  |       26        |        4        |  u_ph1p35_324_ddr_wrapper/u_ddr2/ph1p_ddrmc_wrapper/ph1p_ddrmc_top/u_phy2mc_fifo/byteIdx_1[1]$u_wfifo_sync/ramread0_syn_88  
RUN-1001 :     9    |     N     |    8     |  x3y11z6 to x5y13z0  |       26        |        4        |  u_ph1p35_324_ddr_wrapper/u_ddr2/ph1p_ddrmc_wrapper/ph1p_ddrmc_top/u_phy2mc_fifo/byteIdx_1[1]$u_wfifo_sync/ramread0_syn_28  
RUN-1001 :    10    |     N     |    8     |  x3y21z2 to x5y20z0  |       26        |        3        |  u_ph1p35_324_ddr_wrapper/u_ddr2/ph1p_ddrmc_wrapper/ph1p_ddrmc_top/u_phy2mc_fifo/byteIdx_1[0]$u_wfifo_sync/ramread0_syn_68  
RUN-1001 : -------------------------------------------------------------------------------------------------------------------------------------------------------------------------------------------------------------------------
PHY-3001 : After Legalization for Slice Macros, Len = 1.71667e+06.
RUN-1001 : Generating global routing grids ...
PHY-1001 : Generate routing nets ...
PHY-1001 : Reuse net number 25571/29195.
RUN-1002 : start command "update_timing -mode MANHATTAN"
RUN-1002 : start command "start_timer"
RUN-1003 : finish command "start_timer" in  1.124379s wall, 1.109375s user + 0.000000s system = 1.109375s CPU (98.7%)

RUN-1004 : used memory is 1279 MB, reserved memory is 1274 MB, peak memory is 1279 MB
RUN-1003 : finish command "update_timing -mode MANHATTAN" in  2.637346s wall, 2.625000s user + 0.000000s system = 2.625000s CPU (99.5%)

RUN-1004 : used memory is 1293 MB, reserved memory is 1289 MB, peak memory is 1293 MB
PHY-1001 : Global iterations in 20 thread ...
PHY-1002 : len = 2.31837e+06, over cnt = 1110(1%), over = 2504, worst = 10
PHY-1002 : len = 2.33862e+06, over cnt = 932(1%), over = 1611, worst = 8
PHY-1002 : len = 2.3635e+06, over cnt = 460(0%), over = 740, worst = 8
PHY-1002 : len = 2.3825e+06, over cnt = 86(0%), over = 121, worst = 4
PHY-1002 : len = 2.38664e+06, over cnt = 3(0%), over = 3, worst = 1
PHY-1001 : End global iterations;  0.664599s wall, 0.843750s user + 0.000000s system = 0.843750s CPU (127.0%)

PHY-1001 : Congestion index:
PHY-1001 : top1  = 92.24(S 78.31, N 72.35, E 86.53, W 87.25, I 197.48, O 210.77)
PHY-1001 : top5  = 80.89(S 65.61, N 61.45, E 72.29, W 72.57, I 116.69, O 135.74)
PHY-1001 : top10 = 74.57(S 58.28, N 54.44, E 64.82, W 63.26, I 90.18, O 110.43)
PHY-1001 : top15 = 70.42(S 53.01, N 49.82, E 59.54, W 57.37, I 76.35, O 95.75)
PHY-3001 : Total Iter 177, legal = 29535 / 29535 (100.00%), avg_move = 32.62, max_move = 331.
PHY-3001 : There are no illegal insts.
PHY-1001 : Populate physical database on model design_top_wrapper.
PHY-3001 : End Direct Legalization;  23.613475s wall, 208.921875s user + 0.968750s system = 209.890625s CPU (888.9%)

RUN-1001 : Summary of LUT-FF Pairs
RUN-1001 : ---------------------------------------------------------------
RUN-1001 :   Num of Fanout Seqs  |   1x   |  2x  |  3~5  |  6~10  |  >10  
RUN-1001 : ---------------------------------------------------------------
RUN-1001 :         Total         |  7942  |  8   |  45   |   0    |  23   
RUN-1001 :          Grid         |  7938  |  8   |  33   |   0    |  23   
RUN-1001 :          Bank         |  7731  |  8   |  31   |   0    |  22   
RUN-1001 :         Paired        |  7671  |  8   |  29   |   0    |  20   
RUN-1001 : ---------------------------------------------------------------
RUN-1001 : Summary of LUT Pairs
RUN-1001 : ---------------------------------------------------------------------------------------------------------------------
RUN-1001 :            |           |           |           |           |           |  O5 + O6  |  Only O5  |  Only O6  |  Total  
RUN-1001 : ---------------------------------------------------------------------------------------------------------------------
RUN-1001 :   5 Share  |  4 Share  |  3 Share  |  2 Share  |  1 Share  |  0 Share  |           |           |           |         
RUN-1001 :     74     |    268    |    367    |    487    |   2050    |   4308    |   7554    |   3319    |   2652    |  13525  
RUN-1001 : ---------------------------------------------------------------------------------------------------------------------
PHY-1001 : End Stage 2.8.1 | Direct Legalization; Time: 23.663495s wall, 208.968750s user + 0.968750s system = 209.937500s CPU (887.2%); Memory(MB): used = 1388, reserved = 1382, peak = 1388;

PHY-3001 : Target density is 60%
PHY-3001 : After Direct Legalization, Len = 2.08212e+06.
PHY-1001 : End Stage 2.8 | Pack and Legalization; Time: 23.805833s wall, 209.109375s user + 0.968750s system = 210.078125s CPU (882.5%); Memory(MB): used = 1388, reserved = 1382, peak = 1388;

RUN-1002 : start command "start_timer"
RUN-1003 : finish command "start_timer" in  2.382394s wall, 2.359375s user + 0.000000s system = 2.359375s CPU (99.0%)

RUN-1004 : used memory is 1388 MB, reserved memory is 1382 MB, peak memory is 1388 MB
PHY-1001 : End Stage 2 | Global Placement; Time: 57.798114s wall, 278.718750s user + 5.015625s system = 283.734375s CPU (490.9%); Memory(MB): used = 1399, reserved = 1393, peak = 1399;

PHY-1001 : Stage 3 | Detailed Placement
PHY-1001 : Stage 3.1 | SLICE Detailed Placement
PHY-1001 : Stage 3.1.1 | Spreading
PHY-3001 : Design contains 191 ce signals.
PHY-3001 : Spreading for sector grids.
PHY-3001 : Iter 1, total overflow: 0
PHY-3001 : tot_capacity: 36, usage_cnt: 12, movable_cnt: 30
PHY-3001 : Spreading for clock grids.
PHY-3001 : clock grid count for 24 x 4 grids
PHY-3001 : Spreading for plb grids.
PHY-3001 : total displace: 0, max displace: 0.
PHY-3001 : End spreading;  0.222002s wall, 0.218750s user + 0.000000s system = 0.218750s CPU (98.5%)

PHY-1001 : End Stage 3.1.1 | Spreading; Time: 0.222157s wall, 0.218750s user + 0.000000s system = 0.218750s CPU (98.5%); Memory(MB): used = 1399, reserved = 1394, peak = 1399;

PHY-1001 : Stage 3.1.2 | Simulated Annealing Based DP
RUN-1001 : Generating global routing grids ...
PHY-1001 : Generate routing nets ...
PHY-1001 : Reuse net number 2710/22910.
PHY-1001 : Global iterations in 20 thread ...
PHY-1002 : len = 2.29085e+06, over cnt = 2048(2%), over = 4064, worst = 9
PHY-1002 : len = 2.32888e+06, over cnt = 1367(1%), over = 2359, worst = 9
PHY-1002 : len = 2.37347e+06, over cnt = 416(0%), over = 649, worst = 9
PHY-1002 : len = 2.38496e+06, over cnt = 176(0%), over = 277, worst = 9
PHY-1002 : len = 2.39328e+06, over cnt = 3(0%), over = 3, worst = 1
PHY-1001 : End global iterations;  1.532351s wall, 1.953125s user + 0.000000s system = 1.953125s CPU (127.5%)

PHY-1001 : Congestion index:
PHY-1001 : top1  = 82.50(S 65.55, N 60.91, E 74.92, W 80.76, I 63.73, O 76.40)
PHY-1001 : top5  = 72.35(S 54.66, N 52.17, E 63.50, W 66.62, I 54.63, O 67.51)
PHY-1001 : top10 = 66.37(S 48.81, N 46.83, E 56.65, W 58.12, I 50.06, O 61.06)
PHY-1001 : top15 = 62.58(S 44.77, N 43.09, E 52.22, W 52.76, I 46.86, O 57.13)
PHY-0007 : Initial: WL Cost = 170572, TD Cost = 292808, SWNS = 1581, STNS = 0, Nums per T = 122420, Range Limit = 4x8
PHY-0007 : Finally: WL Cost = 153252, TD Cost = 228234, WL Ratio = 0.89846, TD Ratio = 0.779466, SWNS = 1507, STNS = 0
RUN-1001 : Print Detailed placement's Summary information
RUN-1001 : -------------------------------------------------------------------------------------------------------------------------------
RUN-1001 :           |   Total   |  Accept  |  Reject by overFlow  |  Reject by worseCost  |  Failed by noTarget  |  Failed by gridCheck  
RUN-1001 : -------------------------------------------------------------------------------------------------------------------------------
RUN-1001 :   Slices  |  1101780  |  28552   |         3353         |        1047564        |         561          |         21750         
RUN-1001 :   Macros  |   25966   |   242    |         257          |         25243         |         158          |          66           
RUN-1001 : -------------------------------------------------------------------------------------------------------------------------------
PHY-1001 : End Stage 3.1.2 | Simulated Annealing Based DP; Time: 19.000716s wall, 21.031250s user + 0.062500s system = 21.093750s CPU (111.0%); Memory(MB): used = 1424, reserved = 1418, peak = 1424;

PHY-3001 : End Detailed Place; 
PHY-3001 : Final: Len = 1.83368e+06, Over = 0
PHY-1001 : End Stage 3.1 | SLICE Detailed Placement; Time: 19.539018s wall, 21.562500s user + 0.062500s system = 21.625000s CPU (110.7%); Memory(MB): used = 1424, reserved = 1418, peak = 1424;

PHY-3001 : End Detailed Place; 
PHY-1001 : Stage 3.2 | Optimize Design
OPT-1001 : Start physical optimization ...
OPT-1001 : Total overflow 0.00 peak overflow 0.00
OPT-1001 : Stage 3.2.1 | Physical Optimization
OPT-1001 : Start high-fanout net optimization in optimize equivalent flow with medium effort ...
OPT-1001 : Clean unloaded insts before merging registers
PHY-1001 : Populate physical database on model design_top_wrapper.
PHY-1001 : Populate physical database on model design_top_wrapper.
OPT-1001 : Total overflow 0.00 peak overflow 0.00
OPT-1001 : End optimize duplicated nets. Total 48 instances are merged and 328 sinks are reconnected,  1.734386s wall, 1.734375s user + 0.000000s system = 1.734375s CPU (100.0%)

OPT-1001 : End high-fanout net optimization;  1.735544s wall, 1.734375s user + 0.000000s system = 1.734375s CPU (99.9%)

OPT-1001 : Update timing in Manhattan mode
RUN-1002 : start command "start_timer"
RUN-1003 : finish command "start_timer" in  1.870202s wall, 1.859375s user + 0.000000s system = 1.859375s CPU (99.4%)

RUN-1004 : used memory is 1424 MB, reserved memory is 1418 MB, peak memory is 1424 MB
OPT-1001 : End timing update;  3.514782s wall, 3.484375s user + 0.015625s system = 3.500000s CPU (99.6%)

OPT-1001 : Current memory(MB): used = 1424, reserved = 1418, peak = 1424.
OPT-1001 : End Stage 3.2.1 | Physical Optimization; Time: 5.395179s wall, 5.359375s user + 0.015625s system = 5.375000s CPU (99.6%); Memory(MB): used = 1424, reserved = 1418, peak = 1424;

OPT-1001 : Stage 3.2.2 | Synthesize High-fanout Net
OPT-1001 : Start high-fanout net optimization in post-pack flow with medium effort ...
OPT-1001 : Start: SWNS 1507 STNS 0 NUM_FEPS 0
OPT-1001 : Total overflow 0.00 peak overflow 0.00
DBG-001 :  select 58 high fanout candidates
DBG-001 :  crit level 1 net count 0 (fanout thres 50)
DBG-001 :  crit level 2 net count 0 (fanout thres 50)
DBG-001 :  crit level 3 net count 0 (fanout thres 40)
DBG-001 :  crit level 4 net count 14 (fanout thres 30)
DBG-001 :  crit level 5 net count 29 (fanout thres 30)
DBG-001 :  crit level 6 net count 15 (fanout thres 30)
PHY-1001 : Populate physical database on model design_top_wrapper.
OPT-1001 : 55 high-fanout net processed.
OPT-1001 : Total overflow 0.00 peak overflow 0.00
RUN-1001 : HFN opt statistic
RUN-1001 : ------------------------------------------------------
RUN-1001 :   DriverCell type  |  HFN count  |  Duplicated count  
RUN-1001 : ------------------------------------------------------
RUN-1001 :       LSLICE       |      0      |         0          
RUN-1001 :       MSLICE       |      0      |         0          
RUN-1001 :        OTHER       |     55      |         46         
RUN-1001 :        TOTAL       |     55      |         46         
RUN-1001 : ------------------------------------------------------
OPT-1001 : End high-fanout net optimization;  2.229045s wall, 2.234375s user + 0.000000s system = 2.234375s CPU (100.2%)

OPT-1001 : Current memory(MB): used = 1424, reserved = 1418, peak = 1424.
OPT-1001 : End Stage 3.2.2 | Synthesize High-fanout Net; Time: 2.375583s wall, 2.375000s user + 0.000000s system = 2.375000s CPU (100.0%); Memory(MB): used = 1424, reserved = 1418, peak = 1424;

OPT-1001 : Stage 3.2.3 | Optimize Path
OPT-1001 : Start unpack path based optimization ...
OPT-0007 : Start: SWNS 1507 STNS 0 NUM_FEPS 0 with mode 2
OPT-1001 : Start congestion update ...
RUN-1001 : Generating global routing grids ...
PHY-1001 : Generate routing nets ...
PHY-1001 : Reuse net number 8063/23850.
PHY-1001 : Global iterations in 20 thread ...
PHY-1002 : len = 2.14856e+06, over cnt = 2386(3%), over = 4727, worst = 9
PHY-1002 : len = 2.19821e+06, over cnt = 1612(2%), over = 2738, worst = 9
PHY-1002 : len = 2.25798e+06, over cnt = 437(0%), over = 728, worst = 8
PHY-1002 : len = 2.27667e+06, over cnt = 77(0%), over = 128, worst = 5
PHY-1002 : len = 2.27902e+06, over cnt = 0(0%), over = 0, worst = 0
PHY-1001 : End global iterations;  1.543110s wall, 2.031250s user + 0.000000s system = 2.031250s CPU (131.6%)

PHY-1001 : Congestion index:
PHY-1001 : top1  = 84.19(S 67.21, N 59.90, E 74.10, W 83.06, I 63.24, O 74.51)
PHY-1001 : top5  = 72.84(S 55.83, N 52.06, E 62.82, W 67.55, I 53.63, O 65.25)
PHY-1001 : top10 = 66.71(S 49.95, N 46.88, E 56.36, W 59.03, I 49.15, O 58.98)
PHY-1001 : top15 = 62.88(S 45.97, N 43.22, E 52.14, W 53.45, I 46.09, O 55.30)
OPT-1001 : End congestion update;  1.910446s wall, 2.390625s user + 0.000000s system = 2.390625s CPU (125.1%)

OPT-0007 : Iter 1: improved SWNS 2137 STNS 0 NUM_FEPS 0 with 175(7080) cells and 3540(3540) paths processed with 29067 slack improved, crit_thod: 3000 ratio: 0.94(188/201) rt: 3.2s
OPT-0007 : Iter 2: improved SWNS 2545 STNS 0 NUM_FEPS 0 with 45(1964) cells and 982(982) paths processed with 7559 slack improved, crit_thod: 3000 ratio: 1.00(51/51) rt: 1.0s
OPT-0007 : Iter 3: improved SWNS 2545 STNS 0 NUM_FEPS 0 with 12(996) cells and 498(498) paths processed with 1246 slack improved, crit_thod: 3000 ratio: 1.00(13/13) rt: 0.3s
OPT-1001 : End path based optimization;  6.325257s wall, 6.812500s user + 0.000000s system = 6.812500s CPU (107.7%)

OPT-1001 : Current memory(MB): used = 1425, reserved = 1418, peak = 1425.
OPT-1001 : End Stage 3.2.3 | Optimize Path; Time: 6.484611s wall, 6.968750s user + 0.000000s system = 6.968750s CPU (107.5%); Memory(MB): used = 1425, reserved = 1418, peak = 1425;

OPT-1001 : Stage 3.2.4 | Optimize Duplicated Nets
OPT-1001 : Start: WNS 2545 TNS 0 NUM_FEPS 0
OPT-1001 : Clean unloaded insts before merging registers
PHY-1001 : Populate physical database on model design_top_wrapper.
PHY-1001 : Populate physical database on model design_top_wrapper.
OPT-1001 : Total overflow 0.00 peak overflow 0.00
OPT-1001 : End optimize duplicated nets. Total 3 instances are merged and 265 sinks are reconnected,  1.756140s wall, 1.750000s user + 0.000000s system = 1.750000s CPU (99.7%)

OPT-1001 : Update timing in Manhattan mode
RUN-1002 : start command "start_timer"
RUN-1003 : finish command "start_timer" in  1.930887s wall, 1.906250s user + 0.000000s system = 1.906250s CPU (98.7%)

RUN-1004 : used memory is 1425 MB, reserved memory is 1418 MB, peak memory is 1425 MB
OPT-1001 : End timing update;  3.626243s wall, 3.593750s user + 0.000000s system = 3.593750s CPU (99.1%)

OPT-1001 : Current memory(MB): used = 1425, reserved = 1418, peak = 1425.
OPT-1001 : End Stage 3.2.4 | Optimize Duplicated Nets; Time: 5.528043s wall, 5.484375s user + 0.000000s system = 5.484375s CPU (99.2%); Memory(MB): used = 1425, reserved = 1418, peak = 1425;

OPT-1001 : Stage 3.2.5 | Swap Pins
OPT-1001 : Start pin optimization...
OPT-1001 : Start: SWNS 2545 STNS 0 NUM_FEPS 0
OPT-1001 : Successfully optimized 1452 instances
OPT-1001 : Successfully optimized 498 instances
OPT-1001 : End pin optimization;  1.778196s wall, 1.750000s user + 0.000000s system = 1.750000s CPU (98.4%)

OPT-1001 : Current memory(MB): used = 1425, reserved = 1418, peak = 1425.
OPT-1001 : End Stage 3.2.5 | Swap Pins; Time: 1.936679s wall, 1.906250s user + 0.000000s system = 1.906250s CPU (98.4%); Memory(MB): used = 1425, reserved = 1418, peak = 1425;

OPT-1001 : Stage 3.2.6 | Optimize Beeline
OPT-1001 : Start beeline optimization...
OPT-1001 : Start: SWNS 2657 STNS 0 NUM_FEPS 0
PHY-1001 : Beeline DP, 782 out of 5980 (13.08)%; hop = 1081.
PHY-1001 : Beeline DP, 283 out of 5204 (5.44)%; hop = 389.
PHY-1001 : Beeline DP, 160 out of 5051 (3.17)%; hop = 219.
PHY-1001 : Beeline DP, 118 out of 5022 (2.35)%; hop = 165.
PHY-1001 : Beeline DP, 95 out of 4980 (1.91)%; hop = 136.
PHY-1001 : Beeline optimization intraPLB, 2795 1-hop(40.35%), 2697 2-hop(38.93%), 616 3-hop( 8.89%), 819 others (11.82%)
PHY-1001 :  8.002883s wall, 7.921875s user + 0.015625s system = 7.937500s CPU (99.2%)

RUN-1001 : Beeline optimization outerPLB: 1-hop 2294, 2-hop 4351, 3-hop 2520, 4-hop 740, other 2140 
OPT-1001 : End beeline optimization;  8.570046s wall, 8.484375s user + 0.015625s system = 8.500000s CPU (99.2%)

OPT-1001 : Update timing in Manhattan mode
OPT-1001 : End timing update;  1.542638s wall, 1.546875s user + 0.000000s system = 1.546875s CPU (100.3%)

OPT-1001 : End Stage 3.2.6 | Optimize Beeline; Time: 10.362272s wall, 10.546875s user + 0.015625s system = 10.562500s CPU (101.9%); Memory(MB): used = 1425, reserved = 1418, peak = 1425;

OPT-0007 : End flow postpack: SWNS 2657 STNS 0 NUM_FEPS 0
RUN-1001 : Generating global routing grids ...
PHY-1001 : Generate routing nets ...
PHY-1001 : Reuse net number 20728/23123.
PHY-1001 : Global iterations in 20 thread ...
PHY-1002 : len = 2.30307e+06, over cnt = 707(0%), over = 973, worst = 7
PHY-1002 : len = 2.31206e+06, over cnt = 384(0%), over = 480, worst = 4
PHY-1002 : len = 2.31859e+06, over cnt = 186(0%), over = 234, worst = 4
PHY-1002 : len = 2.32512e+06, over cnt = 62(0%), over = 84, worst = 4
PHY-1002 : len = 2.32651e+06, over cnt = 23(0%), over = 29, worst = 4
PHY-1001 : End global iterations;  0.592707s wall, 0.765625s user + 0.000000s system = 0.765625s CPU (129.2%)

PHY-1001 : Congestion index:
PHY-1001 : top1  = 85.54(S 67.50, N 60.65, E 74.92, W 84.54, I 63.32, O 74.67)
PHY-1001 : top5  = 73.87(S 55.73, N 52.34, E 63.01, W 68.71, I 53.42, O 64.66)
PHY-1001 : top10 = 67.46(S 49.95, N 47.37, E 56.49, W 59.59, I 48.92, O 58.65)
PHY-1001 : top15 = 63.40(S 46.09, N 43.70, E 52.15, W 53.83, I 45.90, O 55.09)
RUN-1001 : top one percent high-util tile is with util 81 and average util is 85.131579
RUN-1001 : QoR Analysis:
OPT-0007 :   SWNS 2657 STNS 0 NUM_FEPS 0
RUN-1001 :   Local congestion issue exists, and most congested 1% tile average routing util is 85.131579
OPT-1002 :   please consider adjusting placer strategy to avoid the congestion issue
RUN-1001 :   Top critical paths
RUN-1001 :       #1 path slack 2657ps with logic level 1 
RUN-1001 :       #2 path slack 2657ps with logic level 1 
RUN-1001 :       #3 path slack 2657ps with logic level 1 
RUN-1001 :       #4 path slack 2657ps with logic level 1 
RUN-1001 :       #5 path slack 2657ps with logic level 1 
RUN-1001 :       #6 path slack 2657ps with logic level 1 
RUN-1001 :       #7 path slack 2657ps with logic level 1 
RUN-1001 :       #8 path slack 2681ps with logic level 2 
RUN-1001 :       #9 path slack 2719ps with logic level 1 
RUN-1001 :       #10 path slack 2719ps with logic level 1 
OPT-1001 : End physical optimization;  33.201708s wall, 34.078125s user + 0.031250s system = 34.109375s CPU (102.7%)

PHY-1001 : End Stage 3.2 | Optimize Design; Time: 33.201869s wall, 34.078125s user + 0.031250s system = 34.109375s CPU (102.7%); Memory(MB): used = 1425, reserved = 1418, peak = 1425;

RUN-1001 : Report Control nets information:
RUN-1001 : DFF Distribution
RUN-1001 : -------------------------------------
RUN-1001 :   CE   |  SSR  |  ASR  |  DFF Count  
RUN-1001 : -------------------------------------
RUN-1001 :   No   |  No   |  No   |     224     
RUN-1001 :   No   |  No   |  Yes  |      0      
RUN-1001 :   No   |  Yes  |  No   |      0      
RUN-1001 :   Yes  |  No   |  No   |    6838     
RUN-1001 :   Yes  |  No   |  Yes  |    10334    
RUN-1001 :   Yes  |  Yes  |  No   |     311     
RUN-1001 : -------------------------------------
RUN-1001 : Control Group Statistic
RUN-1001 : -----------------------------
RUN-1001 :   #CLK  |  #CE  |  #SSR/ASR  
RUN-1001 : -----------------------------
RUN-1001 :    8    |  568  |     27     
RUN-1001 : -----------------------------
RUN-0007 : Control Set = 642
PHY-1001 : End Stage 3 | Detailed Placement; Time: 52.878754s wall, 55.765625s user + 0.093750s system = 55.859375s CPU (105.6%); Memory(MB): used = 1425, reserved = 1418, peak = 1425;

PHY-1001 : Populate physical database on model design_top_wrapper.
PHY-1001 : Stage 4 | Optimize Design
PHY-3001 : Start incremental legalization ...
PHY-1001 : Populate physical database on model design_top_wrapper.
PHY-1001 : Processing 2 clock pins of DDR instance u_ph1p35_324_ddr_wrapper/u_ddr2/ph1p_ddrmc_wrapper/ph1p_ddrmc_top/u_ddr_phy/u_ddrphy_top/u_ddrphy/ac_byte[0]$ac_byte_used$u_ddrphy_ac_byte_wrapper/u_ddrphy_byte, location = x0y70z0.
PHY-1001 :   Placed ioclk instance u_ph1p35_324_ddr_wrapper/u_ddr2/ph1p_ddrmc_wrapper/ph1p_ddrmc_top/u_ddr_phy/u_ddrphy_top/u_ddrphy_clk/ioclk[0]$u_ioclk_1, location = x0y59z1.
PHY-1001 :   Placed ioclk instance u_ph1p35_324_ddr_wrapper/u_ddr2/ph1p_ddrmc_wrapper/ph1p_ddrmc_top/u_ddr_phy/u_ddrphy_top/u_ddrphy_clk/ioclk[0]$u_ioclk_0, location = x0y59z0.
PHY-1001 : Processing 2 clock pins of DDR instance u_ph1p35_324_ddr_wrapper/u_ddr2/ph1p_ddrmc_wrapper/ph1p_ddrmc_top/u_ddr_phy/u_ddrphy_top/u_ddrphy/ac_byte[1]$ac_byte_used$u_ddrphy_ac_byte_wrapper/u_ddrphy_byte, location = x0y60z0.
PHY-1001 :   Placed ioclk instance u_ph1p35_324_ddr_wrapper/u_ddr2/ph1p_ddrmc_wrapper/ph1p_ddrmc_top/u_ddr_phy/u_ddrphy_top/u_ddrphy_clk/ioclk[0]$u_ioclk_1, location = x0y59z1.
PHY-1001 :   Placed ioclk instance u_ph1p35_324_ddr_wrapper/u_ddr2/ph1p_ddrmc_wrapper/ph1p_ddrmc_top/u_ddr_phy/u_ddrphy_top/u_ddrphy_clk/ioclk[0]$u_ioclk_0, location = x0y59z0.
PHY-1001 : Processing 2 clock pins of DDR instance u_ph1p35_324_ddr_wrapper/u_ddr2/ph1p_ddrmc_wrapper/ph1p_ddrmc_top/u_ddr_phy/u_ddrphy_top/u_ddrphy/ac_byte[2]$ac_byte_used$u_ddrphy_ac_byte_wrapper/u_ddrphy_byte, location = x0y50z0.
PHY-1001 :   Placed ioclk instance u_ph1p35_324_ddr_wrapper/u_ddr2/ph1p_ddrmc_wrapper/ph1p_ddrmc_top/u_ddr_phy/u_ddrphy_top/u_ddrphy_clk/ioclk[0]$u_ioclk_1, location = x0y59z1.
PHY-1001 :   Placed ioclk instance u_ph1p35_324_ddr_wrapper/u_ddr2/ph1p_ddrmc_wrapper/ph1p_ddrmc_top/u_ddr_phy/u_ddrphy_top/u_ddrphy_clk/ioclk[0]$u_ioclk_0, location = x0y59z0.
PHY-1001 : Processing 2 clock pins of DDR instance u_ph1p35_324_ddr_wrapper/u_ddr2/ph1p_ddrmc_wrapper/ph1p_ddrmc_top/u_ddr_phy/u_ddrphy_top/u_ddrphy/ac_byte[3]$ac_byte_used$u_ddrphy_ac_byte_wrapper/u_ddrphy_byte, location = x0y40z0.
PHY-1001 :   Placed ioclk instance u_ph1p35_324_ddr_wrapper/u_ddr2/ph1p_ddrmc_wrapper/ph1p_ddrmc_top/u_ddr_phy/u_ddrphy_top/u_ddrphy_clk/ioclk[0]$u_ioclk_1, location = x0y59z1.
PHY-1001 :   Placed ioclk instance u_ph1p35_324_ddr_wrapper/u_ddr2/ph1p_ddrmc_wrapper/ph1p_ddrmc_top/u_ddr_phy/u_ddrphy_top/u_ddrphy_clk/ioclk[0]$u_ioclk_0, location = x0y59z0.
PHY-1001 : Processing 2 clock pins of DDR instance u_ph1p35_324_ddr_wrapper/u_ddr2/ph1p_ddrmc_wrapper/ph1p_ddrmc_top/u_ddr_phy/u_ddrphy_top/u_ddrphy/dx_byte[0]$dx_byte_used$u_ddrphy_dx_byte_wrapper/u_ddrphy_byte, location = x0y30z0.
PHY-1001 :   Placed ioclk instance u_ph1p35_324_ddr_wrapper/u_ddr2/ph1p_ddrmc_wrapper/ph1p_ddrmc_top/u_ddr_phy/u_ddrphy_top/u_ddrphy_clk/ioclk[1]$u_ioclk_1, location = x0y19z1.
PHY-1001 :   Placed ioclk instance u_ph1p35_324_ddr_wrapper/u_ddr2/ph1p_ddrmc_wrapper/ph1p_ddrmc_top/u_ddr_phy/u_ddrphy_top/u_ddrphy_clk/ioclk[1]$u_ioclk_0, location = x0y19z0.
PHY-1001 : Processing 2 clock pins of DDR instance u_ph1p35_324_ddr_wrapper/u_ddr2/ph1p_ddrmc_wrapper/ph1p_ddrmc_top/u_ddr_phy/u_ddrphy_top/u_ddrphy/dx_byte[1]$dx_byte_used$u_ddrphy_dx_byte_wrapper/u_ddrphy_byte, location = x0y10z0.
PHY-1001 :   Placed ioclk instance u_ph1p35_324_ddr_wrapper/u_ddr2/ph1p_ddrmc_wrapper/ph1p_ddrmc_top/u_ddr_phy/u_ddrphy_top/u_ddrphy_clk/ioclk[1]$u_ioclk_1, location = x0y19z1.
PHY-1001 :   Placed ioclk instance u_ph1p35_324_ddr_wrapper/u_ddr2/ph1p_ddrmc_wrapper/ph1p_ddrmc_top/u_ddr_phy/u_ddrphy_top/u_ddrphy_clk/ioclk[1]$u_ioclk_0, location = x0y19z0.
PHY-3001 : Target density is 60%
PHY-3001 : Target density is 60%
PHY-3001 : Initial: Len = 1.93206e+06, Over = 0
PHY-1001 : Stage 4.1 | Spreading
PHY-3001 : Design contains 192 ce signals.
PHY-3001 : Spreading for sector grids.
PHY-3001 : Iter 1, total overflow: 0
PHY-3001 : tot_capacity: 48, usage_cnt: 17, movable_cnt: 48
PHY-3001 : Spreading for clock grids.
PHY-3001 : clock grid count for 24 x 4 grids
PHY-3001 : Spreading for plb grids.
PHY-3001 : total displace: 0, max displace: 0.
PHY-3001 : End spreading;  0.215075s wall, 0.203125s user + 0.000000s system = 0.203125s CPU (94.4%)

PHY-1001 : End Stage 4.1 | Spreading; Time: 0.215207s wall, 0.203125s user + 0.000000s system = 0.203125s CPU (94.4%); Memory(MB): used = 1425, reserved = 1418, peak = 1425;

PHY-3001 : Final: Len = 1.93206e+06, Over = 0
PHY-3001 : End incremental legalization;  0.450265s wall, 0.453125s user + 0.000000s system = 0.453125s CPU (100.6%)

RUN-1002 : start command "report_qor -step place -file place.qor"
RUN-1002 : start command "start_timer"
RUN-1003 : finish command "start_timer" in  1.466736s wall, 1.453125s user + 0.000000s system = 1.453125s CPU (99.1%)

RUN-1004 : used memory is 1425 MB, reserved memory is 1418 MB, peak memory is 1425 MB
TMR-2502 : Net delay update with mode: Placed
RUN-1001 : Generating global routing grids ...
-----------------------------------------------------------
| QoR metrics               |         value               |
-----------------------------------------------------------
| Timing                    |                             |
|     Setup WNS             |         2657                |
|     Setup TNS             |            0                |
|     Num of violated S-EP  |            0                |
|     FMAX                  |   841.043MHz                |
|     SWNS path clock period |       3846ps                |
|     Hold WNS              |         -284                |
|     Hold TNS              |       -79525                |
|     Num of violated H-EP  |          579                |
-----------------------------------------------------------
| Routing Resource          |                             |
|     Wire length           |      1926292                |
|     Route Net Num         |        28857                |
|     DontRoute Net Num     |        10706                |
|     RouteSinks Num        |        90156                |
-----------------------------------------------------------
| Utilization               |                             |
|     #slices               |        16424                |
|     slices percentage     |       77.41%                |
|     #RAMs                 |           48                |
|     #DSPs                 |            8                |
|     #DRAMHARDCON          |           37                |
-----------------------------------------------------------
| Congestion                |                             |
|     Top 1% tile util      |           81                |
|     Top 1% tile avg util  |       84.97%                |
|     Over 100% util #tile  |            0                |
|     Max level             |            2                |
|     Window                |  [ 15  22] - [ 19  26]      |
-----------------------------------------------------------
Report place stage QoR done.

RUN-1003 : finish command "report_qor -step place -file place.qor" in  3.973152s wall, 4.078125s user + 0.000000s system = 4.078125s CPU (102.6%)

RUN-1004 : used memory is 1425 MB, reserved memory is 1418 MB, peak memory is 1425 MB
PHY-1001 : End Stage 4 | Optimize Design; Time: 4.440197s wall, 4.546875s user + 0.000000s system = 4.546875s CPU (102.4%); Memory(MB): used = 1425, reserved = 1418, peak = 1425;

PHY-1001 : Stage 5 | DRC Check
PHY-1001 : Stage 5.1 | Slice Attributes Check
PHY-1035 : Redundant attributes/nets in slice detected. You can use tcl "check_slice_attr -verbose" to get full message.
PHY-1039 : Found 112 mslices getting no used reg attributes, eg: u_hdmi_tx/u_hdmi_1_4b_transmitter_core_wrapper/u_hdmi_tx_controller_wrapper/u_hdmi_video_data_assemble/S_island_guard_band_1d_syn_10.
PHY-1039 : Found 112 mslices getting no used ce attributes, eg: u_hdmi_tx/u_hdmi_1_4b_transmitter_core_wrapper/u_hdmi_tx_controller_wrapper/u_hdmi_video_data_assemble/S_island_guard_band_1d_syn_10.
PHY-1001 : End Stage 5.1 | Slice Attributes Check; Time: 0.042724s wall, 0.031250s user + 0.000000s system = 0.031250s CPU (73.1%); Memory(MB): used = 1425, reserved = 1418, peak = 1425;

PHY-1001 : Stage 5.2 | Clock Bound Check
PHY-1001 : Check pass.
PHY-1001 : End Stage 5.2 | Clock Bound Check; Time: 0.002163s wall, 0.000000s user + 0.000000s system = 0.000000s CPU (n/a%); Memory(MB): used = 1425, reserved = 1418, peak = 1425;

PHY-1001 : Stage 5.3 | Force Route Constraint Check
PHY-1001 : Check Pass.
PHY-1001 : End Stage 5.3 | Force Route Constraint Check; Time: 0.001585s wall, 0.000000s user + 0.000000s system = 0.000000s CPU (n/a%); Memory(MB): used = 1425, reserved = 1418, peak = 1425;

PHY-1001 : Stage 5.4 | Sigmap Check
PHY-1001 : Check pass.
PHY-1001 : End Stage 5.4 | Sigmap Check; Time: 0.071550s wall, 0.078125s user + 0.000000s system = 0.078125s CPU (109.2%); Memory(MB): used = 1425, reserved = 1418, peak = 1425;

PHY-1001 : Stage 5.5 | Duplicated SelfDriven Check
PHY-1001 : Check pass.
PHY-1001 : End Stage 5.5 | Duplicated SelfDriven Check; Time: 0.337584s wall, 0.328125s user + 0.015625s system = 0.343750s CPU (101.8%); Memory(MB): used = 1425, reserved = 1418, peak = 1425;

PHY-1001 : Stage 5.6 | Clock Rule Check
PHY-5088 WARNING: Clock_Analyzer: Detected 1 buffer(s) clkout net because they drive non-clock sinks. Run "analyze_clock -detail" for more infomation.
PHY-5088 WARNING: Clock_Analyzer: 2 clock-net(s) because they drive other clock net, may cause clock skew. Run "analyze_clock -detail" for more infomation.
PHY-1001 : End Stage 5.6 | Clock Rule Check; Time: 0.069171s wall, 0.062500s user + 0.000000s system = 0.062500s CPU (90.4%); Memory(MB): used = 1425, reserved = 1418, peak = 1425;

PHY-1001 : End Stage 5 | DRC Check; Time: 0.576545s wall, 0.562500s user + 0.015625s system = 0.578125s CPU (100.3%); Memory(MB): used = 1425, reserved = 1418, peak = 1425;

OPT-1001 : QoR tracer report on placement steps:
    SWNS [   incr ]    STNS [   incr ]    FEPS [   incr ]    CRIT [   incr ]      CELL [     incr ]        WL [     incr ]    CONG [   incr ]    PDES [   incr ]   RT(s) [   incr ]   MEM(mb) [     incr ]
       0 [      0 ]       0 [      0 ]       0 [      0 ]       0 [      0 ]     34989 [        0 ]         0 [        0 ]    0.00 [   0.00 ]       0 [      0 ]       0 [      0 ]       574 [        0 ] : preplace:simplify_lut
       0 [      0 ]       0 [      0 ]       0 [      0 ]       0 [      0 ]     34989 [        0 ]         0 [        0 ]    0.00 [   0.00 ]       0 [      0 ]       0 [      0 ]       574 [        0 ] : preplace:sweep
       0 [      0 ]       0 [      0 ]       0 [      0 ]       0 [      0 ]     34989 [        0 ]         0 [        0 ]    0.00 [   0.00 ]       0 [      0 ]       0 [      0 ]       574 [        0 ] : preplace:lut_merge
       0 [      0 ]       0 [      0 ]       0 [      0 ]       0 [      0 ]     34989 [        0 ]         0 [        0 ]    0.00 [   0.00 ]       0 [      0 ]       0 [      0 ]       574 [        0 ] : preplace:hfn_opt
    1508 [   1508 ]       0 [      0 ]       0 [      0 ]    4271 [   4271 ]     36774 [     1785 ]   2074094 [  2074094 ]    0.00 [   0.00 ]       0 [      0 ]      11 [     11 ]      1143 [      569 ] : step1_gp
    1508 [      0 ]       0 [      0 ]       0 [      0 ]    4209 [    -62 ]     36774 [        0 ]   2120927 [    46833 ]    0.00 [   0.00 ]       0 [      0 ]      12 [      1 ]      1147 [        4 ] : step1_legal
    1508 [      0 ]       0 [      0 ]       0 [      0 ]    4239 [     30 ]     36774 [        0 ]   2102832 [   -18095 ]    0.00 [   0.00 ]       0 [      0 ]      14 [      2 ]      1152 [        5 ] : step1_dp
    1725 [    217 ]       0 [      0 ]       0 [      0 ]    4221 [    -18 ]     36774 [        0 ]   1817539 [  -285293 ]  201.95 [ 201.95 ]       0 [      0 ]      19 [      5 ]      1243 [       91 ] : step2_gp
    1725 [      0 ]       0 [      0 ]       0 [      0 ]    4218 [     -3 ]     36774 [        0 ]   1819753 [     2214 ]  201.95 [   0.00 ]       0 [      0 ]      20 [      1 ]      1249 [        6 ] : step2_dp
    1725 [      0 ]       0 [      0 ]       0 [      0 ]    4218 [      0 ]     36774 [        0 ]   1819753 [        0 ]  201.95 [   0.00 ]       0 [      0 ]      21 [      1 ]      1249 [        0 ] : prepack_spreading
    1727 [      2 ]       0 [      0 ]       0 [      0 ]    4325 [    107 ]     36935 [      161 ]   1649186 [  -170567 ]  196.95 [  -5.00 ]       0 [      0 ]      30 [      9 ]      1254 [        5 ] : prepack:hfn_opt
    2109 [    382 ]       0 [      0 ]       0 [      0 ]    4321 [     -4 ]     36935 [        0 ]   1656269 [     7083 ]   92.00 [-104.95 ]       0 [      0 ]      33 [      3 ]      1254 [        0 ] : prepack:global_opt
    1581 [   -528 ]       0 [      0 ]       0 [      0 ]    4637 [    316 ]     18383 [   -18552 ]   2076344 [   420075 ]   91.66 [  -0.34 ]       0 [      0 ]      61 [     28 ]      1399 [      145 ] : direct_legalization
    1581 [      0 ]       0 [      0 ]       0 [      0 ]    4637 [      0 ]     18383 [        0 ]   2076344 [        0 ]   91.66 [   0.00 ]       0 [      0 ]      61 [      0 ]      1400 [        1 ] : post_pack_spreading
    1507 [    -74 ]       0 [      0 ]       0 [      0 ]    4709 [     72 ]     18383 [        0 ]   1827906 [  -248438 ]   82.21 [  -9.45 ]       0 [      0 ]      80 [     19 ]      1424 [       24 ] : post_pack_dp
    1507 [      0 ]       0 [      0 ]       0 [      0 ]    4715 [      6 ]     18357 [      -26 ]   1820550 [    -7356 ]   82.21 [   0.00 ]       0 [      0 ]      86 [      6 ]      1424 [        0 ] : postpack:optimize_equivalent_quick
    1507 [      0 ]       0 [      0 ]       0 [      0 ]    4715 [      0 ]     18403 [       46 ]   1829395 [     8845 ]   82.21 [   0.00 ]       0 [      0 ]      88 [      2 ]      1424 [        0 ] : postpack:hfn_opt
    2545 [   1038 ]       0 [      0 ]       0 [      0 ]    4701 [    -14 ]     18421 [       18 ]   1864284 [    34889 ]   83.82 [   1.61 ]       0 [      0 ]      95 [      7 ]      1425 [        1 ] : postpack:path_opt
    2545 [      0 ]       0 [      0 ]       0 [      0 ]    4702 [      1 ]     18415 [       -6 ]   1860263 [    -4021 ]   83.82 [   0.00 ]       0 [      0 ]     100 [      5 ]      1425 [        0 ] : postpack:optimize_equivalent
    2657 [    112 ]       0 [      0 ]       0 [      0 ]    4996 [    294 ]     18415 [        0 ]   1860263 [        0 ]   83.82 [   0.00 ]       0 [      0 ]     102 [      2 ]      1425 [        0 ] : postpack:pin_opt
    2657 [      0 ]       0 [      0 ]       0 [      0 ]    4981 [    -15 ]     18415 [        0 ]   1908438 [    48175 ]   83.82 [   0.00 ]       0 [      0 ]     112 [     10 ]      1425 [        0 ] : postpack:beeline_opt

RUN-1003 : finish command "place" in  119.361481s wall, 343.218750s user + 5.140625s system = 348.359375s CPU (291.9%)

RUN-1004 : used memory is 1425 MB, reserved memory is 1418 MB, peak memory is 1425 MB
RUN-1002 : start command "update_timing -mode manhattan"
RUN-1002 : start command "start_timer"
RUN-1003 : finish command "start_timer" in  1.482868s wall, 1.484375s user + 0.000000s system = 1.484375s CPU (100.1%)

RUN-1004 : used memory is 1425 MB, reserved memory is 1418 MB, peak memory is 1425 MB
RUN-1003 : finish command "update_timing -mode manhattan" in  3.107182s wall, 3.109375s user + 0.000000s system = 3.109375s CPU (100.1%)

RUN-1004 : used memory is 1425 MB, reserved memory is 1418 MB, peak memory is 1425 MB
RUN-1002 : start command "report_timing_status -file camera_to_dsi_display_place.ts"
RUN-1002 : start command "report_timing_summary -file camera_to_dsi_display_place.timing"
RUN-1002 : start command "report_area -io_info -file camera_to_dsi_display_phy.area"
SYN-4034 : The count of slices with lut is 9873.
SYN-4035 : The count of slices with lut+ripple is 3646.
RUN-1001 : standard
***Report Model: design_top_wrapper Device: PH1P35MDG324***

Design Statistics
#IO                        62   out of    160   38.75%
  #input                    8
  #output                  31
  #inout                   23
#lut6                   13927   out of  21216   65.64%
#reg                    17483
  #slice reg            17483   out of  42432   41.20%
  #pad reg                  0

Utilization Statistics
#slice                  16424   out of  21216   77.41%
  #used ram               408
    #dram lut             296
    #shifter lut          112
  #used logic           16016
    #with luts           9873
    #with adder          3646
    #reg only            2497
#f7mux                      1   out of  10608    0.01%
#f8mux                      0   out of   5304    0.00%
#eram                      48   out of    108   44.44%
  #eram20k                 48
  #fifo20k                  0
#dsp                        8   out of     40   20.00%
#ddr_byte                   6   out of     12   50.00%
#mipi_tx                    0   out of      2    0.00%
#mipi_rx                    1   out of      2   50.00%
#pad                       21   out of    160   13.12%
#pll                        3   out of      6   50.00%
#gclk                       8   out of     32   25.00%
#lclk                       0   out of     12    0.00%
#sclk                       0   out of     48    0.00%
#mlclk                      2   out of      6   33.33%
#ioclk                      4   out of     18   22.22%

RUN-1002 : start command "flow_status -file place_flow.status"
Location         : C:\Users\Li47\Desktop\aa\edge_tail_td_20261007_178840\td_project\camera_to_dsi_display_Runs\phy_1
Running with     : Tang Dynasty v6.2.178840
                   Copyright (c) 2012-2025 Anlogic Inc.
Top Model        : design_top_wrapper
Device           : PH1P35MDG324
Speed            : 3

Timing Mode      : manhattan
Setup            : WNS  2657ps  TNS        0ps  NUM_FEPS     0
Hold             : WNS  -284ps  TNS   -79525ps  NUM_FEPS   579

Flow Statistics  :
RUN-1001 : Flow Statistics:
RUN-1001 : ---------------------------------------------------------------------------------------------------
RUN-1001 :      command     |  #calls  |  wall time   |  cpu time(s)  |  used memory(mb)  |  peak memory(mb)  
RUN-1001 : ---------------------------------------------------------------------------------------------------
RUN-1001 :       place      |    1     |  1m59s(98%)  |   348(99%)    |       1425        |       1425        
RUN-1001 :     import_db    |    1     |    1s(0%)    |     0(0%)     |        572        |        572        
RUN-1001 :   import_device  |    1     |    1s(0%)    |     1(0%)     |        332        |        332        
RUN-1001 : ---------------------------------------------------------------------------------------------------
RUN-1001 :       total      |    3     |     2m1s     |      349      |       1425        |       1425        
RUN-1001 : ---------------------------------------------------------------------------------------------------
RUN-1002 : start command "report_clock_utilization -file place_clock_utilization.txt"
RUN-1002 : start command "export_db camera_to_dsi_display_place.db"
RUN-1001 : Exported flow parameters
RUN-1001 : Exported /
RUN-1001 : Exported libs
RUN-1001 : Exported entities
RUN-1001 : Exported ports
RUN-1001 : Exported pins
RUN-1001 : Exported instances
RUN-1001 : Exported nets
RUN-1001 : Exported buses
RUN-1001 : Exported models
RUN-1001 : Exported phy database
RUN-1001 : Exported packer
RUN-1001 : Exported congestions
RUN-1001 : Exported violations
RUN-1001 : Exported ATMR Setting
RUN-1001 : Exported timing constraints
RUN-1001 : Exported IO constraints
RUN-1001 : Exported Inst constraints
RUN-1001 : Exported ChipWatcher
RUN-1002 : start command "commit_param -step route"
RUN-1001 : Print Global Property
RUN-1001 : -------------------------------------------------------------
RUN-1001 :     Parameters    |   Settings   |  Default Values  |  Note  
RUN-1001 : -------------------------------------------------------------
RUN-1001 :    enable_seed    |     off      |       off        |        
RUN-1001 :    hfn_to_clock   |  1000000000  |    1000000000    |        
RUN-1001 :      message      |   standard   |     standard     |        
RUN-1001 :    qor_monitor    |      on      |        on        |        
RUN-1001 :   speedup_effort  |      0       |        0         |        
RUN-1001 :    syn_ip_flow    |     off      |       off        |        
RUN-1001 :       thread      |     auto     |       auto       |        
RUN-1001 : -------------------------------------------------------------
RUN-1001 : Print Route Property
RUN-1001 : ---------------------------------------------------------------
RUN-1001 :       Parameters      |  Settings  |  Default Values  |  Note  
RUN-1001 : ---------------------------------------------------------------
RUN-1001 :         effort        |   normal   |      normal      |        
RUN-1001 :        fix_hold       |     on     |        on        |        
RUN-1001 :   hold_fix_iteration  |     5      |        5         |        
RUN-1001 :     post_route_opt    |    auto    |       auto       |        
RUN-1001 :         timing        |     on     |        on        |        
RUN-1001 : ---------------------------------------------------------------
RUN-1002 : start command "route"
RUN-1001 : Open license file D:/td6.2.1/license/Anlogic.lic
PHY-1001 : Reconnected 29 VDD pins with routing demanding
PHY-1001 : Populate physical database on model design_top_wrapper.
RUN-1001 : Dedicate pll clock connection statistics:
RUN-1001 : Clock Region s_1_l [0,40][23,79]; Utilization: 1 out of 12
RUN-1001 : ----------------------------------------------------------------------------------------------------------------------------------------------------------------------------------------------------------------------------------
RUN-1001 :   Index  |                                    Leading Clock                                     |                                                          Special Sink                                                           
RUN-1001 : ----------------------------------------------------------------------------------------------------------------------------------------------------------------------------------------------------------------------------------
RUN-1001 :     1    |  u_ph1p35_324_ddr_wrapper/u_ddr2/ph1p_ddrmc_wrapper/ph1p_ddrmc_top/u_alc_mc_top/clk  |  u_ph1p35_324_ddr_wrapper/u_ddr2/ph1p_ddrmc_wrapper/ph1p_ddrmc_top/u_ddr_phy/u_ddrphy_top/u_ddrphy_clk/u_pll1/u_pll_inst.fbclk  
RUN-1001 : ----------------------------------------------------------------------------------------------------------------------------------------------------------------------------------------------------------------------------------
RUN-1001 : Clock Region s_1_r [24,40][43,79]; Utilization: 1 out of 12
RUN-1001 : -----------------------------------------------------------------------------------------------------------------------------------------------------------------------
RUN-1001 :   Index  |                                     Leading Clock                                     |                            Special Sink                             
RUN-1001 : -----------------------------------------------------------------------------------------------------------------------------------------------------------------------
RUN-1001 :     1    |  u_mipi_dphy_rx_ph1p_mipiio_wrapper/u_ph1p_mipiio_rx_wrapper/u_lane0_hs_detect/I_clk  |  u_PLL/ph1p_phy_pll_wrapper_25a56e5ce2f9_Inst/u_PH1P_PHY_PLL.fbclk  
RUN-1001 : -----------------------------------------------------------------------------------------------------------------------------------------------------------------------
PHY-1001 : Working orders of clock nets being processed in bank assignment:
PHY-1001 : u_ph1p35_324_ddr_wrapper/u_ddr2/ph1p_ddrmc_wrapper/ph1p_ddrmc_top/u_alc_mc_top/clk;
PHY-1001 : u_mipi_dphy_rx_ph1p_mipiio_wrapper/u_ph1p_mipiio_rx_wrapper/u_lane0_hs_detect/I_clk;
PHY-1001 : u_isp_top/u_demosaic/raw_matrix_3x3_buffer_d/zhenghe_d/blk_mem_gen_zhenghe_d1/ram_d32970204f32_Inst/clkb;
PHY-1001 : u_experiment_osd/clk_syn_652;
PHY-1001 : I_sys_clk_syn_8;
PHY-1001 : O_cam_24m_syn_3;
PHY-1001 : u_hdmi_tx/u_hdmi2phy_wrapper/u0_lane_lvds_8_1/I_serial_clk_syn_1;
PHY-1001 : u_ph1p35_324_ddr_wrapper/u_ddr2/ph1p_ddrmc_wrapper/ph1p_ddrmc_top/u_ddr_phy/u_ddrphy_top/u_ddrphy/apb_pclk_syn_1;
PHY-1001 : Internal bound Intnl_0_0_25_40 is being created by clock MIPI_RX_BYTE_CLK through SCLK.
PHY-1001 : Internal bound Intnl_25_0_23_40 is being created by clock MIPI_RX_BYTE_CLK through SCLK.
PHY-1001 : Internal bound Intnl_0_40_25_40 is being created by clock u_ph1p35_324_ddr_wrapper/u_ddr2/usr_clk through SCLK.
PHY-1001 : Internal bound Intnl_25_40_19_40 is being created by clock MIPI_RX_BYTE_CLK through SCLK.
RUN-1001 : Clock region assignment statistics:
RUN-1001 : Clock Region s_0_l [0,0][23,39]; Utilization: 6 out of 12
RUN-1001 : ----------------------------------------------------------------------------------------------------------------------------------------------------------------------------------------------------------------------------------------------------------------------------------------------------------------------------------------
RUN-1001 :   Bank  |                                                   Leading Clock                                                    |       Type        |                                                                          Buffer                                                                           |  Regional Clock Fanouts  
RUN-1001 : ----------------------------------------------------------------------------------------------------------------------------------------------------------------------------------------------------------------------------------------------------------------------------------------------------------------------------------------
RUN-1001 :    1    |      u_isp_top/u_demosaic/raw_matrix_3x3_buffer_d/zhenghe_d/blk_mem_gen_zhenghe_d1/ram_d32970204f32_Inst/clkb      |  (infered sclk)   |                           u_mipi_dphy_rx_ph1p_mipiio_wrapper/u_ph1p_mipiio_rx_wrapper/bufg_feedback_auto_created_sclk_s_0_l_bk1                           |           1189           
RUN-1001 :    2    |                 u_ph1p35_324_ddr_wrapper/u_ddr2/ph1p_ddrmc_wrapper/ph1p_ddrmc_top/u_alc_mc_top/clk                 |  (infered sclk)   |   u_ph1p35_324_ddr_wrapper/u_ddr2/ph1p_ddrmc_wrapper/ph1p_ddrmc_top/u_ddr_phy/u_ddrphy_top/u_ddrphy_clk/u_pll1/u_bufg_fbclk_auto_created_sclk_s_0_l_bk2   |           1025           
RUN-1001 :    3    |                                            u_experiment_osd/clk_syn_652                                            |  (infered sclk)   |                                             u_experiment_osd/clk_created_gclkinst_auto_created_sclk_s_0_l_bk3                                             |           512            
RUN-1001 :    4    |                                                  O_cam_24m_syn_3                                                   |  (infered sclk)   |                                               O_cam_24m_dup_1_created_gclkinst_auto_created_sclk_s_0_l_bk4                                                |           214            
RUN-1001 :    5    |                                                  I_sys_clk_syn_8                                                   |  (infered sclk)   |                                               I_sys_clk_dup_6_created_gclkinst_auto_created_sclk_s_0_l_bk5                                                |           118            
RUN-1001 :    6    |  u_ph1p35_324_ddr_wrapper/u_ddr2/ph1p_ddrmc_wrapper/ph1p_ddrmc_top/u_ddr_phy/u_ddrphy_top/u_ddrphy/apb_pclk_syn_1  |  (infered sclk)   |  u_ph1p35_324_ddr_wrapper/u_ddr2/ph1p_ddrmc_wrapper/ph1p_ddrmc_top/u_ddr_phy/u_ddrphy_top/u_ddrphy/apb_pclk_created_gclkinst_auto_created_sclk_s_0_l_bk6  |            3             
RUN-1001 : ----------------------------------------------------------------------------------------------------------------------------------------------------------------------------------------------------------------------------------------------------------------------------------------------------------------------------------------
RUN-1001 : Clock Region s_0_r [24,0][47,39]; Utilization: 4 out of 12
RUN-1001 : ------------------------------------------------------------------------------------------------------------------------------------------------------------------------------------------------------------------------------------------------------------------------------
RUN-1001 :   Bank  |                                               Leading Clock                                                |       Type        |                                                 Buffer                                                  |  Regional Clock Fanouts  
RUN-1001 : ------------------------------------------------------------------------------------------------------------------------------------------------------------------------------------------------------------------------------------------------------------------------------
RUN-1001 :    1    |  u_isp_top/u_demosaic/raw_matrix_3x3_buffer_d/zhenghe_d/blk_mem_gen_zhenghe_d1/ram_d32970204f32_Inst/clkb  |  (infered sclk)   |  u_mipi_dphy_rx_ph1p_mipiio_wrapper/u_ph1p_mipiio_rx_wrapper/bufg_feedback_auto_created_sclk_s_0_r_bk1  |           1752           
RUN-1001 :    2    |                                        u_experiment_osd/clk_syn_652                                        |  (infered sclk)   |                    u_experiment_osd/clk_created_gclkinst_auto_created_sclk_s_0_r_bk2                    |           570            
RUN-1001 :    3    |                                              I_sys_clk_syn_8                                               |  (infered sclk)   |                      I_sys_clk_dup_6_created_gclkinst_auto_created_sclk_s_0_r_bk3                       |           248            
RUN-1001 :    4    |            u_mipi_dphy_rx_ph1p_mipiio_wrapper/u_ph1p_mipiio_rx_wrapper/u_lane0_hs_detect/I_clk             |  (infered sclk)   |                             u_PLL/bufg_feedback_auto_created_sclk_s_0_r_bk4                             |            7             
RUN-1001 : ------------------------------------------------------------------------------------------------------------------------------------------------------------------------------------------------------------------------------------------------------------------------------
RUN-1001 : Clock Region s_1_l [0,40][23,79]; Utilization: 4 out of 12
RUN-1001 : ----------------------------------------------------------------------------------------------------------------------------------------------------------------------------------------------------------------------------------------------------------------------------------------------------------------------------------------
RUN-1001 :   Bank  |                                                   Leading Clock                                                    |       Type        |                                                                          Buffer                                                                           |  Regional Clock Fanouts  
RUN-1001 : ----------------------------------------------------------------------------------------------------------------------------------------------------------------------------------------------------------------------------------------------------------------------------------------------------------------------------------------
RUN-1001 :    1    |                 u_ph1p35_324_ddr_wrapper/u_ddr2/ph1p_ddrmc_wrapper/ph1p_ddrmc_top/u_alc_mc_top/clk                 |  (infered sclk)   |   u_ph1p35_324_ddr_wrapper/u_ddr2/ph1p_ddrmc_wrapper/ph1p_ddrmc_top/u_ddr_phy/u_ddrphy_top/u_ddrphy_clk/u_pll1/u_bufg_fbclk_auto_created_sclk_s_1_l_bk1   |           1169           
RUN-1001 :    2    |      u_isp_top/u_demosaic/raw_matrix_3x3_buffer_d/zhenghe_d/blk_mem_gen_zhenghe_d1/ram_d32970204f32_Inst/clkb      |  (infered sclk)   |                           u_mipi_dphy_rx_ph1p_mipiio_wrapper/u_ph1p_mipiio_rx_wrapper/bufg_feedback_auto_created_sclk_s_1_l_bk2                           |           1824           
RUN-1001 :    3    |                                            u_experiment_osd/clk_syn_652                                            |  (infered sclk)   |                                             u_experiment_osd/clk_created_gclkinst_auto_created_sclk_s_1_l_bk3                                             |           314            
RUN-1001 :    4    |  u_ph1p35_324_ddr_wrapper/u_ddr2/ph1p_ddrmc_wrapper/ph1p_ddrmc_top/u_ddr_phy/u_ddrphy_top/u_ddrphy/apb_pclk_syn_1  |  (infered sclk)   |  u_ph1p35_324_ddr_wrapper/u_ddr2/ph1p_ddrmc_wrapper/ph1p_ddrmc_top/u_ddr_phy/u_ddrphy_top/u_ddrphy/apb_pclk_created_gclkinst_auto_created_sclk_s_1_l_bk4  |            24            
RUN-1001 : ----------------------------------------------------------------------------------------------------------------------------------------------------------------------------------------------------------------------------------------------------------------------------------------------------------------------------------------
RUN-1001 : Clock Region s_1_r [24,40][43,79]; Utilization: 5 out of 12
RUN-1001 : --------------------------------------------------------------------------------------------------------------------------------------------------------------------------------------------------------------------------------------------------------------------------------
RUN-1001 :   Bank  |                                               Leading Clock                                                |       Type        |                                                  Buffer                                                   |  Regional Clock Fanouts  
RUN-1001 : --------------------------------------------------------------------------------------------------------------------------------------------------------------------------------------------------------------------------------------------------------------------------------
RUN-1001 :    1    |            u_mipi_dphy_rx_ph1p_mipiio_wrapper/u_ph1p_mipiio_rx_wrapper/u_lane0_hs_detect/I_clk             |  (infered sclk)   |                              u_PLL/bufg_feedback_auto_created_sclk_s_1_r_bk1                              |            1             
RUN-1001 :    2    |  u_isp_top/u_demosaic/raw_matrix_3x3_buffer_d/zhenghe_d/blk_mem_gen_zhenghe_d1/ram_d32970204f32_Inst/clkb  |  (infered sclk)   |   u_mipi_dphy_rx_ph1p_mipiio_wrapper/u_ph1p_mipiio_rx_wrapper/bufg_feedback_auto_created_sclk_s_1_r_bk2   |           1334           
RUN-1001 :    3    |                                        u_experiment_osd/clk_syn_652                                        |  (infered sclk)   |                     u_experiment_osd/clk_created_gclkinst_auto_created_sclk_s_1_r_bk3                     |           252            
RUN-1001 :    4    |                      u_hdmi_tx/u_hdmi2phy_wrapper/u0_lane_lvds_8_1/I_serial_clk_syn_1                      |  (infered sclk)   |  u_hdmi_tx/u_hdmi2phy_wrapper/u0_lane_lvds_8_1/I_serial_clk_created_gclkinst_auto_created_sclk_s_1_r_bk4  |            38            
RUN-1001 :    5    |                                              I_sys_clk_syn_8                                               |  (infered sclk)   |                       I_sys_clk_dup_6_created_gclkinst_auto_created_sclk_s_1_r_bk5                        |            11            
RUN-1001 : --------------------------------------------------------------------------------------------------------------------------------------------------------------------------------------------------------------------------------------------------------------------------------
PHY-1001 : Populate physical database on model design_top_wrapper.
PHY-1001 : Route runs in 20 thread(s)
RUN-1001 : There are total 17011 instances
RUN-1001 : 408 mslices, 16016 lslices, 53 pads, 48 brams, 8 dsps
RUN-1001 : There are total 39956 nets
RUN-1001 : 25185 nets have 2 pins
RUN-1001 : 11724 nets have [3 - 5] pins
RUN-1001 : 2132 nets have [6 - 10] pins
RUN-1001 : 620 nets have [11 - 20] pins
RUN-1001 : 248 nets have [21 - 99] pins
RUN-1001 : 47 nets have 100+ pins
RUN-1002 : start command "start_timer"
RUN-1003 : finish command "start_timer" in  2.418934s wall, 2.421875s user + 0.000000s system = 2.421875s CPU (100.1%)

RUN-1004 : used memory is 1448 MB, reserved memory is 1530 MB, peak memory is 1448 MB
PHY-1001 : 408 mslices, 16016 lslices, 53 pads, 48 brams, 8 dsps

PHY-1001 : Stage 1 | Global Routing
PHY-1001 : Start global routing, caller is route ...
RUN-1001 : Generating global routing grids ...
PHY-1001 : Generate routing nets ...
RUN-1001 : Generate nets statistics:
RUN-1001 : ----------------------------
RUN-1001 :        Type       |  Nets   
RUN-1001 : ----------------------------
RUN-1001 :   TotalRouteNets  |  28876  
RUN-1001 :   DontRouteNets   |  5753   
RUN-1001 :     RouteNets     |  23123  
RUN-1001 :     RouteSinks    |  44714  
RUN-1001 : ----------------------------
PHY-1001 : Global iterations in 20 thread ...
PHY-1002 : len = 2.10005e+06, over cnt = 2741(3%), over = 5770, worst = 9
PHY-1002 : len = 2.17858e+06, over cnt = 1709(2%), over = 2940, worst = 9
PHY-1002 : len = 2.24442e+06, over cnt = 420(0%), over = 734, worst = 9
PHY-1002 : len = 2.26738e+06, over cnt = 0(0%), over = 0, worst = 0
PHY-1001 : End global iterations;  1.660019s wall, 2.421875s user + 0.000000s system = 2.421875s CPU (145.9%)

PHY-1001 : Congestion index:
PHY-1001 : top1  = 84.97(S 66.78, N 61.48, E 73.77, W 84.05, I 69.87, O 82.24)
PHY-1001 : top5  = 73.05(S 55.52, N 52.50, E 62.24, W 68.15, I 54.99, O 66.16)
PHY-1001 : top10 = 66.78(S 49.78, N 47.31, E 55.76, W 59.21, I 49.80, O 59.37)
PHY-1001 : top15 = 62.91(S 45.72, N 43.65, E 51.61, W 53.65, I 46.53, O 55.54)
PHY-1001 : End global routing;  1.991826s wall, 2.734375s user + 0.000000s system = 2.734375s CPU (137.3%)

PHY-1001 : End Stage 1 | Global Routing; Time: 1.991904s wall, 2.734375s user + 0.000000s system = 2.734375s CPU (137.3%); Memory(MB): used = 1465, reserved = 1530, peak = 1465;

PHY-1001 : Stage 2 | Detail Routing
PHY-1001 : Stage 2.1 | Build Routing Design
PHY-1001 : Routing in high effort: false
PHY-1001 : Routing Mode: normal
PHY-1001 : Generate detailed routing grids ...
RUN-1001 : Constructing routing connections ...
PHY-1001 : End build routing graph; 2.166167s wall, 14.546875s user + 0.046875s system = 14.593750s CPU (673.7%)

PHY-1001 : Generate nets ...
RUN-1001 : Generate nets statistics:
RUN-1001 : ------------------------------
RUN-1001 :         Type        |  Nets   
RUN-1001 : ------------------------------
RUN-1001 :        Route        |  29251  
RUN-1001 :      DontRoute      |  10705  
RUN-1001 :      RouteSinks     |  92062  
RUN-1001 :   RouteEntitySinks  |    0    
RUN-1001 :       Lut2Dff       |    0    
RUN-1001 :       Ram2Dff       |    0    
RUN-1001 :      Carry2Dff      |    0    
RUN-1001 : ------------------------------
RUN-1001 : DR clock net summary:
RUN-1001 : ---------------------------------------------------------------------------------------------------------------------------------------------------
RUN-1001 :   Net Idx  |                                                        Net Name                                                        |  Clock Type  
RUN-1001 : ---------------------------------------------------------------------------------------------------------------------------------------------------
RUN-1001 :      1     |                                                    I_sys_clk_dup_6                                                     |    Normal    
RUN-1001 :      2     |                                                    I_sys_clk_syn_8                                                     |    Normal    
RUN-1001 :      3     |                                                    O_cam_24m_dup_1                                                     |    Normal    
RUN-1001 :      4     |                                                    O_cam_24m_syn_3                                                     |    Normal    
RUN-1001 :      5     |                                                     u_PLL/clk0_buf                                                     |    Normal    
RUN-1001 :      6     |                                                  u_experiment_osd/clk                                                  |    Normal    
RUN-1001 :      7     |                                              u_experiment_osd/clk_syn_652                                              |    Normal    
RUN-1001 :      8     |                               u_hdmi_tx/u_hdmi2phy_wrapper/u0_lane_lvds_8_1/I_serial_clk                               |    Normal    
RUN-1001 :      9     |                            u_hdmi_tx/u_hdmi2phy_wrapper/u0_lane_lvds_8_1/I_serial_clk_syn_1                            |    Normal    
RUN-1001 :     10     |        u_isp_top/u_demosaic/raw_matrix_3x3_buffer_d/zhenghe_d/blk_mem_gen_zhenghe_d1/ram_d32970204f32_Inst/clkb        |    Normal    
RUN-1001 :     11     |                     u_mipi_dphy_rx_ph1p_mipiio_wrapper/u_ph1p_mipiio_rx_wrapper/S_mipiio_hs_rx_clk                     |    Normal    
RUN-1001 :     12     |                  u_mipi_dphy_rx_ph1p_mipiio_wrapper/u_ph1p_mipiio_rx_wrapper/u_lane0_hs_detect/I_clk                   |    Normal    
RUN-1001 :     13     |                   u_ph1p35_324_ddr_wrapper/u_ddr2/ph1p_ddrmc_wrapper/ph1p_ddrmc_top/u_alc_mc_top/clk                   |    Normal    
RUN-1001 :     14     |       u_ph1p35_324_ddr_wrapper/u_ddr2/ph1p_ddrmc_wrapper/ph1p_ddrmc_top/u_ddr_phy/u_ddrphy_top/u_ddrphy/apb_pclk       |    Normal    
RUN-1001 :     15     |    u_ph1p35_324_ddr_wrapper/u_ddr2/ph1p_ddrmc_wrapper/ph1p_ddrmc_top/u_ddr_phy/u_ddrphy_top/u_ddrphy/apb_pclk_syn_1    |    Normal    
RUN-1001 :     16     |      u_ph1p35_324_ddr_wrapper/u_ddr2/ph1p_ddrmc_wrapper/ph1p_ddrmc_top/u_ddr_phy/u_ddrphy_top/u_ddrphy/ctl_clk[0]      |    Normal    
RUN-1001 :     17     |      u_ph1p35_324_ddr_wrapper/u_ddr2/ph1p_ddrmc_wrapper/ph1p_ddrmc_top/u_ddr_phy/u_ddrphy_top/u_ddrphy/ctl_clk[1]      |    Normal    
RUN-1001 :     18     |      u_ph1p35_324_ddr_wrapper/u_ddr2/ph1p_ddrmc_wrapper/ph1p_ddrmc_top/u_ddr_phy/u_ddrphy_top/u_ddrphy/ddr_clk[0]      |    Normal    
RUN-1001 :     19     |      u_ph1p35_324_ddr_wrapper/u_ddr2/ph1p_ddrmc_wrapper/ph1p_ddrmc_top/u_ddr_phy/u_ddrphy_top/u_ddrphy/ddr_clk[1]      |    Normal    
RUN-1001 :     20     |    u_ph1p35_324_ddr_wrapper/u_ddr2/ph1p_ddrmc_wrapper/ph1p_ddrmc_top/u_ddr_phy/u_ddrphy_top/u_ddrphy_clk/pll0_clk_1    |    Normal    
RUN-1001 :     21     |    u_ph1p35_324_ddr_wrapper/u_ddr2/ph1p_ddrmc_wrapper/ph1p_ddrmc_top/u_ddr_phy/u_ddrphy_top/u_ddrphy_clk/pll0_clk_2    |    Normal    
RUN-1001 :     22     |   u_ph1p35_324_ddr_wrapper/u_ddr2/ph1p_ddrmc_wrapper/ph1p_ddrmc_top/u_ddr_phy/u_ddrphy_top/u_ddrphy_clk/pll0_mlclk_1   |    Normal    
RUN-1001 :     23     |   u_ph1p35_324_ddr_wrapper/u_ddr2/ph1p_ddrmc_wrapper/ph1p_ddrmc_top/u_ddr_phy/u_ddrphy_top/u_ddrphy_clk/pll0_mlclk_2   |    Normal    
RUN-1001 :     24     |  u_ph1p35_324_ddr_wrapper/u_ddr2/ph1p_ddrmc_wrapper/ph1p_ddrmc_top/u_ddr_phy/u_ddrphy_top/u_ddrphy_clk/u_pll1/clkc[0]  |    Normal    
RUN-1001 :     25     |  u_ph1p35_324_ddr_wrapper/u_ddr2/ph1p_ddrmc_wrapper/ph1p_ddrmc_top/u_ddr_phy/u_ddrphy_top/u_ddrphy_clk/u_pll1/refclk   |    Normal    
RUN-1001 : ---------------------------------------------------------------------------------------------------------------------------------------------------
RUN-1001 : DR clock buffer summary:
RUN-1001 : -------------------------------------------------------------------------------------------------------------------------------------------------------------------
RUN-1001 :   Idx  |                                                                           Name                                                                            
RUN-1001 : -------------------------------------------------------------------------------------------------------------------------------------------------------------------
RUN-1001 :    1   |                           u_mipi_dphy_rx_ph1p_mipiio_wrapper/u_ph1p_mipiio_rx_wrapper/bufg_feedback_auto_created_sclk_s_0_l_bk1                           
RUN-1001 :    2   |   u_ph1p35_324_ddr_wrapper/u_ddr2/ph1p_ddrmc_wrapper/ph1p_ddrmc_top/u_ddr_phy/u_ddrphy_top/u_ddrphy_clk/u_pll1/u_bufg_fbclk_auto_created_sclk_s_0_l_bk2   
RUN-1001 :    3   |                                             u_experiment_osd/clk_created_gclkinst_auto_created_sclk_s_0_l_bk3                                             
RUN-1001 :    4   |                                               O_cam_24m_dup_1_created_gclkinst_auto_created_sclk_s_0_l_bk4                                                
RUN-1001 :    5   |                                               I_sys_clk_dup_6_created_gclkinst_auto_created_sclk_s_0_l_bk5                                                
RUN-1001 :    6   |  u_ph1p35_324_ddr_wrapper/u_ddr2/ph1p_ddrmc_wrapper/ph1p_ddrmc_top/u_ddr_phy/u_ddrphy_top/u_ddrphy/apb_pclk_created_gclkinst_auto_created_sclk_s_0_l_bk6  
RUN-1001 :    7   |                           u_mipi_dphy_rx_ph1p_mipiio_wrapper/u_ph1p_mipiio_rx_wrapper/bufg_feedback_auto_created_sclk_s_0_r_bk1                           
RUN-1001 :    8   |                                             u_experiment_osd/clk_created_gclkinst_auto_created_sclk_s_0_r_bk2                                             
RUN-1001 :    9   |                                               I_sys_clk_dup_6_created_gclkinst_auto_created_sclk_s_0_r_bk3                                                
RUN-1001 :   10   |                                                      u_PLL/bufg_feedback_auto_created_sclk_s_0_r_bk4                                                      
RUN-1001 :   11   |   u_ph1p35_324_ddr_wrapper/u_ddr2/ph1p_ddrmc_wrapper/ph1p_ddrmc_top/u_ddr_phy/u_ddrphy_top/u_ddrphy_clk/u_pll1/u_bufg_fbclk_auto_created_sclk_s_1_l_bk1   
RUN-1001 :   12   |                           u_mipi_dphy_rx_ph1p_mipiio_wrapper/u_ph1p_mipiio_rx_wrapper/bufg_feedback_auto_created_sclk_s_1_l_bk2                           
RUN-1001 :   13   |                                             u_experiment_osd/clk_created_gclkinst_auto_created_sclk_s_1_l_bk3                                             
RUN-1001 :   14   |  u_ph1p35_324_ddr_wrapper/u_ddr2/ph1p_ddrmc_wrapper/ph1p_ddrmc_top/u_ddr_phy/u_ddrphy_top/u_ddrphy/apb_pclk_created_gclkinst_auto_created_sclk_s_1_l_bk4  
RUN-1001 :   15   |                                                      u_PLL/bufg_feedback_auto_created_sclk_s_1_r_bk1                                                      
RUN-1001 :   16   |                           u_mipi_dphy_rx_ph1p_mipiio_wrapper/u_ph1p_mipiio_rx_wrapper/bufg_feedback_auto_created_sclk_s_1_r_bk2                           
RUN-1001 :   17   |                                             u_experiment_osd/clk_created_gclkinst_auto_created_sclk_s_1_r_bk3                                             
RUN-1001 :   18   |                          u_hdmi_tx/u_hdmi2phy_wrapper/u0_lane_lvds_8_1/I_serial_clk_created_gclkinst_auto_created_sclk_s_1_r_bk4                          
RUN-1001 :   19   |                                               I_sys_clk_dup_6_created_gclkinst_auto_created_sclk_s_1_r_bk5                                                
RUN-1001 : -------------------------------------------------------------------------------------------------------------------------------------------------------------------
PHY-1001 : End Stage 2.1 | Build Routing Design; Time: 2.583078s wall, 14.937500s user + 0.062500s system = 15.000000s CPU (580.7%); Memory(MB): used = 1789, reserved = 1781, peak = 1789;

RUN-1001 : Top Percentage Crit. Net Stat.
RUN-1001 : -------------------------------------------------------
RUN-1001 :   Top %  |  Net Count  |  Avg. Fanout  |  Avg. Slack   
RUN-1001 : -------------------------------------------------------
RUN-1001 :     1    |     399     |   3.904762    |  3369.310777  
RUN-1001 :     2    |     799     |   4.191489    |  3765.352941  
RUN-1001 :     3    |    1198     |   4.225376    |  4009.912354  
RUN-1001 :     4    |    1598     |   3.957447    |  4190.595745  
RUN-1001 :     5    |    1997     |   3.800701    |  4331.253881  
RUN-1001 :     6    |    2397     |   3.639549    |  4444.958698  
RUN-1001 :     7    |    2796     |   3.504292    |  4538.018956  
RUN-1001 :     8    |    3196     |   3.375782    |  4619.565394  
RUN-1001 :     9    |    3596     |   3.333426    |  4693.825083  
RUN-1001 :    10    |    3995     |   3.245807    |  4763.218773  
RUN-1001 : -------------------------------------------------------
PHY-1001 : Stage 2.2 | Tile Base Routing
PHY-1001 : 228 nets need to preroute.
PHY-1001 : len = 0, over cnt = 0(0%), over = 0, worst = 0, crit = 0
PHY-1001 : End Stage 2.2 | Tile Base Routing; Time: 0.330672s wall, 4.828125s user + 0.031250s system = 4.859375s CPU (1469.5%); Memory(MB): used = 1805, reserved = 1796, peak = 1805;

PHY-1001 : Stage 2.3 | Clock Nets Routing
PHY-1001 : Routed 0% nets.
PHY-1001 : len = 473616, over cnt = 0(0%), over = 0, worst = 0, crit = 0
PHY-1001 : End Stage 2.3 | Clock Nets Routing; Time: 0.269662s wall, 0.546875s user + 0.015625s system = 0.562500s CPU (208.6%); Memory(MB): used = 1819, reserved = 1811, peak = 1819;

PHY-1001 : Stage 2.4 | Routing Initialization
PHY-1001 : Mark 1% net(place mode slack < 3836ps) as critical nets.
PHY-1001 : Stage 2.4.1 | Normal Nets Routing

PHY-1001 : Routed 73% nets.
PHY-1001 : len = 3.48875e+06, over cnt = 15190(1%), over = 15801, worst = 3, crit = 0
PHY-1001 : End Stage 2.4.1 | Normal Nets Routing; Time: 12.571332s wall, 23.531250s user + 0.312500s system = 23.843750s CPU (189.7%); Memory(MB): used = 524, reserved = 1912, peak = 1846;

PHY-1001 : Stage 2.4.2 | Update Timing
RUN-1002 : start command "start_timer"
8.888000
15.000000
15.000000
19.230000
RUN-1003 : finish command "start_timer" in  2.394356s wall, 2.234375s user + 0.156250s system = 2.390625s CPU (99.8%)

RUN-1004 : used memory is 1179 MB, reserved memory is 1912 MB, peak memory is 1846 MB
PHY-1001 : 0/28876(0%) critical/total net(s).
PHY-1001 : Setup: WNS(ns) = 2.220, TNS(ns) = 0.000, FEP = 0 | Hold: WNS(ns) = -0.229, TNS(ns) = -10.568, FEP = 261.
PHY-1001 : End Stage 2.4.2 | Update Timing; Time: 6.387334s wall, 6.218750s user + 0.156250s system = 6.375000s CPU (99.8%); Memory(MB): used = 1374, reserved = 2085, peak = 1846;

PHY-1001 : Stage 2.4.3 | Deskew Clock Tree
RUN-1001 : Deskew Summary
RUN-1001 : ---------------------------------------------------------------------------------------------------------------------------------
RUN-1001 :                                                 Clock                                                 |  Pre-Skew  |  Post-Skew  
RUN-1001 : ---------------------------------------------------------------------------------------------------------------------------------
RUN-1001 :                                             mipi_rx_ck_pad                                            |     32     |     32      
RUN-1001 :   u_mipi_dphy_rx_ph1p_mipiio_wrapper/u_ph1p_mipiio_rx_wrapper/u_PH1P_LOGIC_DPHY_MIPI_RX.io_clk_pad_p  |     32     |     32      
RUN-1001 :                                            MIPI_RX_BYTE_CLK                                           |     32     |     32      
RUN-1001 :                                              pll_clk_100m                                             |     20     |     20      
RUN-1001 :                                u_ph1p35_324_ddr_wrapper/u_ddr2/usr_clk                                |     12     |     12      
RUN-1001 :                                             HDMI_PIXEL_CLK                                            |     15     |     15      
RUN-1001 :                                              sys_clk_50m                                              |     9      |      9      
RUN-1001 :                                u_ph1p35_324_ddr_wrapper/u_ddr2/mcu_clk                                |     13     |     13      
RUN-1001 : ---------------------------------------------------------------------------------------------------------------------------------
PHY-1001 : 0/28876(0%) critical/total net(s).
PHY-1001 : Setup: WNS(ns) = 2.220, TNS(ns) = 0.000, FEP = 0 | Hold: WNS(ns) = -0.229, TNS(ns) = -10.568, FEP = 261.
PHY-1001 : End Stage 2.4.3 | Deskew Clock Tree; Time: 3.893653s wall, 3.875000s user + 0.000000s system = 3.875000s CPU (99.5%); Memory(MB): used = 1414, reserved = 2124, peak = 1846;

PHY-1001 : End Stage 2.4 | Routing Initialization; Time: 22.933814s wall, 33.703125s user + 0.468750s system = 34.171875s CPU (149.0%); Memory(MB): used = 1414, reserved = 2124, peak = 1846;

PHY-1001 : Stage 2.5 | Routing Optimization
PHY-1001 : Build lut bridge;  0.100996s wall, 0.093750s user + 0.000000s system = 0.093750s CPU (92.8%)

PHY-1001 : Stage 2.5.1 | Phase 1
PHY-1001 : Stage 2.5.1.1 | Hold TimeOptimization
PHY-1001 : Iter 0; Processed 344 pins with HWNS -0.229ns HTNS -9.820ns FEP 221 took 0.376884 seconds.
PHY-1001 : Iter 1; Processed 589 pins with HWNS -0.003ns HTNS -0.003ns FEP 1 took 2.25398 seconds.
PHY-1001 : len = 3.52946e+06, over cnt = 15078(1%), over = 15688, worst = 3, crit = 0
PHY-1001 : End Stage 2.5.1.1 | Hold TimeOptimization; Time: 2.704245s wall, 2.656250s user + 0.000000s system = 2.656250s CPU (98.2%); Memory(MB): used = 1443, reserved = 2127, peak = 1846;

PHY-1001 : Stage 2.5.1.2 | High Fanout Nets Optimization
PHY-1001 : High fanout net optimize summary:
PHY-1001 : Process 0 nets and 0 pins with SWNS 2.220ns STNS 0.000ns FEP 0.
PHY-1001 : len = 3.52946e+06, over cnt = 15078(1%), over = 15688, worst = 3, crit = 0
PHY-1001 : End Stage 2.5.1.2 | High Fanout Nets Optimization; Time: 0.226906s wall, 0.500000s user + 0.000000s system = 0.500000s CPU (220.4%); Memory(MB): used = 1443, reserved = 2127, peak = 1846;

PHY-1001 : Stage 2.5.1.3 | Setup TimeOptimization
PHY-1001 : Mark 0 critical net(s) and 0 critical pin(s).
PHY-1001 : len = 3.52946e+06, over cnt = 15078(1%), over = 15688, worst = 3, crit = 0
PHY-1001 : End Stage 2.5.1.3 | Setup TimeOptimization; Time: 0.351896s wall, 0.312500s user + 0.000000s system = 0.312500s CPU (88.8%); Memory(MB): used = 1443, reserved = 2127, peak = 1846;

PHY-1001 : Stage 2.5.1.4 | Rip-up And ReRoute
PHY-0007 : Congestion: {86.24, 75.99, 70.52, 67.16}; Timing: {2.220ns, 0.000ns, 0}
PHY-1001 : Iter 1: len = 3.60301e+06, over cnt = 9018(0%), over = 9205, worst = 3, crit = 0, time(s) = 3.78
PHY-1001 : Iter 2: len = 3.6327e+06, over cnt = 6028(0%), over = 6077, worst = 3, crit = 0, time(s) = 2.42
PHY-1001 : Iter 3: len = 3.63803e+06, over cnt = 4776(0%), over = 4800, worst = 2, crit = 0, time(s) = 1.92
PHY-1001 : Iter 4: len = 3.68918e+06, over cnt = 2803(0%), over = 2805, worst = 2, crit = 0, time(s) = 1.32
PHY-1001 : Iter 5: len = 3.70906e+06, over cnt = 1822(0%), over = 1822, worst = 1, crit = 0, time(s) = 1.68
PHY-1001 : Iter 6: len = 3.71576e+06, over cnt = 1486(0%), over = 1486, worst = 1, crit = 0, time(s) = 0.68
PHY-1001 : Iter 7: len = 3.71704e+06, over cnt = 1409(0%), over = 1409, worst = 1, crit = 0, time(s) = 0.73
PHY-1001 : Marking 55 (1.43%) hot zones with cutoff utilization 81.25.
PHY-1001 : Iter 8: len = 3.77262e+06, over cnt = 382(0%), over = 382, worst = 1, crit = 0, time(s) = 0.85
PHY-1001 : Iter 9: len = 3.78222e+06, over cnt = 216(0%), over = 216, worst = 1, crit = 0, time(s) = 0.33
PHY-1001 : Iter 10: len = 3.79341e+06, over cnt = 114(0%), over = 114, worst = 1, crit = 0, time(s) = 0.24
PHY-1001 : Iter 11: len = 3.79766e+06, over cnt = 60(0%), over = 60, worst = 1, crit = 0, time(s) = 0.15
PHY-1001 : Iter 12: len = 3.80267e+06, over cnt = 12(0%), over = 12, worst = 1, crit = 0, time(s) = 0.23
PHY-1001 : Marking 55 (1.43%) hot zones with cutoff utilization 81.25.
PHY-1001 : Iter 13: len = 3.80326e+06, over cnt = 7(0%), over = 7, worst = 1, crit = 0, time(s) = 0.07
PHY-1001 : Iter 14: len = 3.80341e+06, over cnt = 3(0%), over = 3, worst = 1, crit = 0, time(s) = 0.04
PHY-1001 : Iter 15: len = 3.80354e+06, over cnt = 0(0%), over = 0, worst = 0, crit = 0, time(s) = 0.04
PHY-1001 : Marking 55 (1.43%) hot zones with cutoff utilization 81.25.
PHY-1001 : Commit 23783 pin swap with 0 error; 3.378269s wall, 3.375000s user + 0.000000s system = 3.375000s CPU (99.9%)

PHY-1001 : Update congestion ...
PHY-1001 : Marking 55 (1.43%) hot zones with cutoff utilization 81.25.
PHY-1001 : Congestion index:
PHY-1001 : top1  = 88.41(S 71.83, N 66.69, E 80.10, W 87.31, I 69.87, O 82.24)
PHY-1001 : top5  = 80.16(S 62.56, N 59.69, E 71.45, W 77.61, I 54.99, O 66.16)
PHY-1001 : top10 = 75.31(S 58.17, N 55.63, E 65.96, W 71.11, I 49.80, O 59.37)
PHY-1001 : top15 = 72.04(S 55.29, N 52.75, E 62.36, W 66.53, I 46.53, O 55.54)
PHY-1001 : End update congestion; 0.015307s wall, 0.015625s user + 0.000000s system = 0.015625s CPU (102.1%)

PHY-1001 : End Stage 2.5.1.4 | Rip-up And ReRoute; Time: 18.029770s wall, 37.015625s user + 0.250000s system = 37.265625s CPU (206.7%); Memory(MB): used = 1454, reserved = 2127, peak = 1846;

PHY-1001 : Stage 2.5.1.5 | Update Timing
RUN-1002 : start command "start_timer"
RUN-1003 : finish command "start_timer" in  1.615886s wall, 1.609375s user + 0.000000s system = 1.609375s CPU (99.6%)

RUN-1004 : used memory is 1454 MB, reserved memory is 2127 MB, peak memory is 1846 MB
PHY-1001 : 0/28876(0%) critical/total net(s).
PHY-1001 : Setup: WNS(ns) = 1.384, TNS(ns) = 0.000, FEP = 0 | Hold: WNS(ns) = -0.054, TNS(ns) = -0.488, FEP = 29.
PHY-1001 : End Stage 2.5.1.5 | Update Timing; Time: 5.913855s wall, 5.812500s user + 0.015625s system = 5.828125s CPU (98.6%); Memory(MB): used = 1454, reserved = 2127, peak = 1846;

PHY-1001 : Stage 2.5.1.6 | Commit Data
PHY-1001 : Commit better result to database ...
PHY-1001 : End Stage 2.5.1.6 | Commit Data; Time: 0.127537s wall, 0.109375s user + 0.015625s system = 0.125000s CPU (98.0%); Memory(MB): used = 1487, reserved = 2140, peak = 1846;

PHY-1001 : End Stage 2.5.1 | Phase 1; Time: 27.765736s wall, 47.062500s user + 0.281250s system = 47.343750s CPU (170.5%); Memory(MB): used = 1487, reserved = 2140, peak = 1846;

PHY-1001 : End Stage 2.5 | Routing Optimization; Time: 31.795708s wall, 51.078125s user + 0.281250s system = 51.359375s CPU (161.5%); Memory(MB): used = 1487, reserved = 2140, peak = 1846;

PHY-1001 : Stage 2.6 | Multi-try route Optimization
PHY-1001 : End Stage 2.6 | Multi-try route Optimization; Time: 0.058012s wall, 0.046875s user + 0.015625s system = 0.062500s CPU (107.7%); Memory(MB): used = 1487, reserved = 2140, peak = 1846;

PHY-1003 : Routed, final wirelength = 3.80354e+06
RUN-1001 : Clock region assignment statistics:
RUN-1001 : Clock Region s_0_l [0,0][23,39]; Utilization: 6 out of 12
RUN-1001 : -----------------------------------------------------------------------------------------------------------------------------------------------------------------------------------------------------------------------------------------------------------------------------------------------------------------------------------------------------------------------------------------------------------------------------------------------------
RUN-1001 :   Bank  |                                                   Assigned Clock                                                   |                                                    Route Clock                                                     |  Marking  |                                                                          Buffer                                                                           |  Regional Clock Fanouts  
RUN-1001 : -----------------------------------------------------------------------------------------------------------------------------------------------------------------------------------------------------------------------------------------------------------------------------------------------------------------------------------------------------------------------------------------------------------------------------------------------------
RUN-1001 :    1    |      u_isp_top/u_demosaic/raw_matrix_3x3_buffer_d/zhenghe_d/blk_mem_gen_zhenghe_d1/ram_d32970204f32_Inst/clkb      |      u_isp_top/u_demosaic/raw_matrix_3x3_buffer_d/zhenghe_d/blk_mem_gen_zhenghe_d1/ram_d32970204f32_Inst/clkb      |           |                           u_mipi_dphy_rx_ph1p_mipiio_wrapper/u_ph1p_mipiio_rx_wrapper/bufg_feedback_auto_created_sclk_s_0_l_bk1                           |           1189           
RUN-1001 :    2    |                 u_ph1p35_324_ddr_wrapper/u_ddr2/ph1p_ddrmc_wrapper/ph1p_ddrmc_top/u_alc_mc_top/clk                 |                 u_ph1p35_324_ddr_wrapper/u_ddr2/ph1p_ddrmc_wrapper/ph1p_ddrmc_top/u_alc_mc_top/clk                 |           |   u_ph1p35_324_ddr_wrapper/u_ddr2/ph1p_ddrmc_wrapper/ph1p_ddrmc_top/u_ddr_phy/u_ddrphy_top/u_ddrphy_clk/u_pll1/u_bufg_fbclk_auto_created_sclk_s_0_l_bk2   |           1025           
RUN-1001 :    3    |                                            u_experiment_osd/clk_syn_652                                            |                                            u_experiment_osd/clk_syn_652                                            |           |                                             u_experiment_osd/clk_created_gclkinst_auto_created_sclk_s_0_l_bk3                                             |           512            
RUN-1001 :    4    |                                                  O_cam_24m_syn_3                                                   |                                                  O_cam_24m_syn_3                                                   |           |                                               O_cam_24m_dup_1_created_gclkinst_auto_created_sclk_s_0_l_bk4                                                |           214            
RUN-1001 :    5    |                                                  I_sys_clk_syn_8                                                   |                                                  I_sys_clk_syn_8                                                   |           |                                               I_sys_clk_dup_6_created_gclkinst_auto_created_sclk_s_0_l_bk5                                                |           118            
RUN-1001 :    6    |  u_ph1p35_324_ddr_wrapper/u_ddr2/ph1p_ddrmc_wrapper/ph1p_ddrmc_top/u_ddr_phy/u_ddrphy_top/u_ddrphy/apb_pclk_syn_1  |  u_ph1p35_324_ddr_wrapper/u_ddr2/ph1p_ddrmc_wrapper/ph1p_ddrmc_top/u_ddr_phy/u_ddrphy_top/u_ddrphy/apb_pclk_syn_1  |           |  u_ph1p35_324_ddr_wrapper/u_ddr2/ph1p_ddrmc_wrapper/ph1p_ddrmc_top/u_ddr_phy/u_ddrphy_top/u_ddrphy/apb_pclk_created_gclkinst_auto_created_sclk_s_0_l_bk6  |            3             
RUN-1001 : -----------------------------------------------------------------------------------------------------------------------------------------------------------------------------------------------------------------------------------------------------------------------------------------------------------------------------------------------------------------------------------------------------------------------------------------------------
RUN-1001 : Clock Region s_0_r [24,0][47,39]; Utilization: 4 out of 12
RUN-1001 : -----------------------------------------------------------------------------------------------------------------------------------------------------------------------------------------------------------------------------------------------------------------------------------------------------------------------------------------------------------------------------------
RUN-1001 :   Bank  |                                               Assigned Clock                                               |                                                Route Clock                                                 |  Marking  |                                                 Buffer                                                  |  Regional Clock Fanouts  
RUN-1001 : -----------------------------------------------------------------------------------------------------------------------------------------------------------------------------------------------------------------------------------------------------------------------------------------------------------------------------------------------------------------------------------
RUN-1001 :    1    |  u_isp_top/u_demosaic/raw_matrix_3x3_buffer_d/zhenghe_d/blk_mem_gen_zhenghe_d1/ram_d32970204f32_Inst/clkb  |  u_isp_top/u_demosaic/raw_matrix_3x3_buffer_d/zhenghe_d/blk_mem_gen_zhenghe_d1/ram_d32970204f32_Inst/clkb  |           |  u_mipi_dphy_rx_ph1p_mipiio_wrapper/u_ph1p_mipiio_rx_wrapper/bufg_feedback_auto_created_sclk_s_0_r_bk1  |           1752           
RUN-1001 :    2    |                                        u_experiment_osd/clk_syn_652                                        |                                        u_experiment_osd/clk_syn_652                                        |           |                    u_experiment_osd/clk_created_gclkinst_auto_created_sclk_s_0_r_bk2                    |           570            
RUN-1001 :    3    |                                              I_sys_clk_syn_8                                               |                                              I_sys_clk_syn_8                                               |           |                      I_sys_clk_dup_6_created_gclkinst_auto_created_sclk_s_0_r_bk3                       |           248            
RUN-1001 :    4    |            u_mipi_dphy_rx_ph1p_mipiio_wrapper/u_ph1p_mipiio_rx_wrapper/u_lane0_hs_detect/I_clk             |            u_mipi_dphy_rx_ph1p_mipiio_wrapper/u_ph1p_mipiio_rx_wrapper/u_lane0_hs_detect/I_clk             |           |                             u_PLL/bufg_feedback_auto_created_sclk_s_0_r_bk4                             |            7             
RUN-1001 : -----------------------------------------------------------------------------------------------------------------------------------------------------------------------------------------------------------------------------------------------------------------------------------------------------------------------------------------------------------------------------------
RUN-1001 : Clock Region s_1_l [0,40][23,79]; Utilization: 4 out of 12
RUN-1001 : -----------------------------------------------------------------------------------------------------------------------------------------------------------------------------------------------------------------------------------------------------------------------------------------------------------------------------------------------------------------------------------------------------------------------------------------------------
RUN-1001 :   Bank  |                                                   Assigned Clock                                                   |                                                    Route Clock                                                     |  Marking  |                                                                          Buffer                                                                           |  Regional Clock Fanouts  
RUN-1001 : -----------------------------------------------------------------------------------------------------------------------------------------------------------------------------------------------------------------------------------------------------------------------------------------------------------------------------------------------------------------------------------------------------------------------------------------------------
RUN-1001 :    1    |                 u_ph1p35_324_ddr_wrapper/u_ddr2/ph1p_ddrmc_wrapper/ph1p_ddrmc_top/u_alc_mc_top/clk                 |                 u_ph1p35_324_ddr_wrapper/u_ddr2/ph1p_ddrmc_wrapper/ph1p_ddrmc_top/u_alc_mc_top/clk                 |           |   u_ph1p35_324_ddr_wrapper/u_ddr2/ph1p_ddrmc_wrapper/ph1p_ddrmc_top/u_ddr_phy/u_ddrphy_top/u_ddrphy_clk/u_pll1/u_bufg_fbclk_auto_created_sclk_s_1_l_bk1   |           1169           
RUN-1001 :    2    |      u_isp_top/u_demosaic/raw_matrix_3x3_buffer_d/zhenghe_d/blk_mem_gen_zhenghe_d1/ram_d32970204f32_Inst/clkb      |      u_isp_top/u_demosaic/raw_matrix_3x3_buffer_d/zhenghe_d/blk_mem_gen_zhenghe_d1/ram_d32970204f32_Inst/clkb      |           |                           u_mipi_dphy_rx_ph1p_mipiio_wrapper/u_ph1p_mipiio_rx_wrapper/bufg_feedback_auto_created_sclk_s_1_l_bk2                           |           1824           
RUN-1001 :    3    |                                            u_experiment_osd/clk_syn_652                                            |                                            u_experiment_osd/clk_syn_652                                            |           |                                             u_experiment_osd/clk_created_gclkinst_auto_created_sclk_s_1_l_bk3                                             |           314            
RUN-1001 :    4    |  u_ph1p35_324_ddr_wrapper/u_ddr2/ph1p_ddrmc_wrapper/ph1p_ddrmc_top/u_ddr_phy/u_ddrphy_top/u_ddrphy/apb_pclk_syn_1  |  u_ph1p35_324_ddr_wrapper/u_ddr2/ph1p_ddrmc_wrapper/ph1p_ddrmc_top/u_ddr_phy/u_ddrphy_top/u_ddrphy/apb_pclk_syn_1  |           |  u_ph1p35_324_ddr_wrapper/u_ddr2/ph1p_ddrmc_wrapper/ph1p_ddrmc_top/u_ddr_phy/u_ddrphy_top/u_ddrphy/apb_pclk_created_gclkinst_auto_created_sclk_s_1_l_bk4  |            24            
RUN-1001 : -----------------------------------------------------------------------------------------------------------------------------------------------------------------------------------------------------------------------------------------------------------------------------------------------------------------------------------------------------------------------------------------------------------------------------------------------------
RUN-1001 : Clock Region s_1_r [24,40][43,79]; Utilization: 5 out of 12
RUN-1001 : -------------------------------------------------------------------------------------------------------------------------------------------------------------------------------------------------------------------------------------------------------------------------------------------------------------------------------------------------------------------------------------
RUN-1001 :   Bank  |                                               Assigned Clock                                               |                                                Route Clock                                                 |  Marking  |                                                  Buffer                                                   |  Regional Clock Fanouts  
RUN-1001 : -------------------------------------------------------------------------------------------------------------------------------------------------------------------------------------------------------------------------------------------------------------------------------------------------------------------------------------------------------------------------------------
RUN-1001 :    1    |            u_mipi_dphy_rx_ph1p_mipiio_wrapper/u_ph1p_mipiio_rx_wrapper/u_lane0_hs_detect/I_clk             |            u_mipi_dphy_rx_ph1p_mipiio_wrapper/u_ph1p_mipiio_rx_wrapper/u_lane0_hs_detect/I_clk             |           |                              u_PLL/bufg_feedback_auto_created_sclk_s_1_r_bk1                              |            1             
RUN-1001 :    2    |  u_isp_top/u_demosaic/raw_matrix_3x3_buffer_d/zhenghe_d/blk_mem_gen_zhenghe_d1/ram_d32970204f32_Inst/clkb  |  u_isp_top/u_demosaic/raw_matrix_3x3_buffer_d/zhenghe_d/blk_mem_gen_zhenghe_d1/ram_d32970204f32_Inst/clkb  |           |   u_mipi_dphy_rx_ph1p_mipiio_wrapper/u_ph1p_mipiio_rx_wrapper/bufg_feedback_auto_created_sclk_s_1_r_bk2   |           1334           
RUN-1001 :    3    |                                        u_experiment_osd/clk_syn_652                                        |                                        u_experiment_osd/clk_syn_652                                        |           |                     u_experiment_osd/clk_created_gclkinst_auto_created_sclk_s_1_r_bk3                     |           252            
RUN-1001 :    4    |                      u_hdmi_tx/u_hdmi2phy_wrapper/u0_lane_lvds_8_1/I_serial_clk_syn_1                      |                      u_hdmi_tx/u_hdmi2phy_wrapper/u0_lane_lvds_8_1/I_serial_clk_syn_1                      |           |  u_hdmi_tx/u_hdmi2phy_wrapper/u0_lane_lvds_8_1/I_serial_clk_created_gclkinst_auto_created_sclk_s_1_r_bk4  |            38            
RUN-1001 :    5    |                                              I_sys_clk_syn_8                                               |                                              I_sys_clk_syn_8                                               |           |                       I_sys_clk_dup_6_created_gclkinst_auto_created_sclk_s_1_r_bk5                        |            11            
RUN-1001 : -------------------------------------------------------------------------------------------------------------------------------------------------------------------------------------------------------------------------------------------------------------------------------------------------------------------------------------------------------------------------------------
RUN-1002 : start command "export_db camera_to_dsi_display_pr.db"
RUN-1001 : Exported flow parameters
RUN-1001 : Exported /
RUN-1001 : Exported libs
RUN-1001 : Exported entities
RUN-1001 : Exported ports
RUN-1001 : Exported pins
RUN-1001 : Exported instances
RUN-1001 : Exported nets
RUN-1001 : Exported buses
RUN-1001 : Exported models
RUN-1001 : Exported phy database
RUN-1001 : Exported packer
RUN-1001 : Exported congestions
RUN-1001 : Exported violations
RUN-1001 : Exported ATMR Setting
RUN-1001 : Exported timing constraints
RUN-1001 : Exported IO constraints
RUN-1001 : Exported Inst constraints
RUN-1001 : Exported ChipWatcher
RUN-1003 : finish command "export_db camera_to_dsi_display_pr.db" in  1.021311s wall, 1.343750s user + 0.046875s system = 1.390625s CPU (136.2%)

RUN-1004 : used memory is 1668 MB, reserved memory is 2336 MB, peak memory is 1846 MB
PHY-1001 : Current memory(MB): used = 1668, reserved = 2336, peak = 1846.
PHY-1001 : End export database. 1.070734s wall, 1.406250s user + 0.046875s system = 1.453125s CPU (135.7%)

PHY-1001 : End detail routing;  60.823493s wall, 108.343750s user + 0.921875s system = 109.265625s CPU (179.6%)

PHY-1001 : End Stage 2 | Detail Routing; Time: 60.825379s wall, 108.343750s user + 0.921875s system = 109.265625s CPU (179.6%); Memory(MB): used = 1699, reserved = 2336, peak = 1846;

RUN-1002 : start command "fix_hold"

PHY-1001 : Stage 3 | Hold Fix
PHY-1001 : Stage 3.1 | Load Design Data
PHY-1034 : Refresh detailed routing grids ...
PHY-1001 : Generate nets ...
PHY-1001 : eco open net = 0
PHY-1001 : End Stage 3.1 | Load Design Data; Time: 0.353166s wall, 0.343750s user + 0.000000s system = 0.343750s CPU (97.3%); Memory(MB): used = 1711, reserved = 2336, peak = 1846;

PHY-1001 : Stage 3.2 | Hold Fix Optimization
RUN-1002 : start command "start_timer"
RUN-1003 : finish command "start_timer" in  1.636627s wall, 1.640625s user + 0.000000s system = 1.640625s CPU (100.2%)

RUN-1004 : used memory is 1712 MB, reserved memory is 2336 MB, peak memory is 1846 MB
PHY-1001 : Timing info: SWNS 1.384ns | STNS 0.000ns | HWNS -0.054ns | HTNS -0.488ns.
PHY-1001 : Processing hold violation on 51 end-point, worst slack = -54ps, best slack = 17ps.
PHY-1001 : End timing refresh.  5.841345s wall, 5.828125s user + 0.000000s system = 5.828125s CPU (99.8%)

PHY-1001 : Stage 3.2.1 | Phase 1
PHY-1001 : Stage 3.2.1.1 | Hold Fix By LutBridge
PHY-1001 : len = 3.80597e+06, over cnt = 0(0%), over = 0, worst = 0, crit = 0
PHY-1001 : Bridge count = 21; unresolved count = 0.
PHY-1001 : 3 out of 51 ((5.88)%) EP fixed by LB.
PHY-1001 : End Stage 3.2.1.1 | Hold Fix By LutBridge; Time: 1.037880s wall, 1.156250s user + 0.000000s system = 1.156250s CPU (111.4%); Memory(MB): used = 1712, reserved = 2336, peak = 1846;

PHY-1001 : Timing info: SWNS 1.384ns | STNS 0.000ns | HWNS -0.054ns | HTNS -0.202ns.
PHY-1001 : Processing hold violation on 21 end-point, worst slack = -54ps, best slack = 17ps.
PHY-1001 : End timing refresh.  0.087993s wall, 0.078125s user + 0.000000s system = 0.078125s CPU (88.8%)

PHY-1001 : Stage 3.2.1.2 | Hold Fix By Pin
PHY-1001 : len = 3.80768e+06, over cnt = 0(0%), over = 0, worst = 0, crit = 0
PHY-1001 : 17 out of 21 ((80.95)%) EP fixed by pin delay.
PHY-1001 : End Stage 3.2.1.2 | Hold Fix By Pin; Time: 0.966544s wall, 0.984375s user + 0.000000s system = 0.984375s CPU (101.8%); Memory(MB): used = 1712, reserved = 2336, peak = 1846;

PHY-1001 : Timing info: SWNS 1.384ns | STNS 0.000ns | HWNS -0.033ns | HTNS -0.060ns.
PHY-1001 : Processing hold violation on 4 end-point, worst slack = -33ps, best slack = 13ps.
PHY-1001 : End timing refresh.  0.085603s wall, 0.078125s user + 0.000000s system = 0.078125s CPU (91.3%)

PHY-1001 : Stage 3.2.1.3 | Hold Fix By Net
PHY-1001 : len = 3.80896e+06, over cnt = 0(0%), over = 0, worst = 0, crit = 0
PHY-1001 : 4 out of 4 ((100.00)%) EP fixed by net delay.
PHY-1001 : End Stage 3.2.1.3 | Hold Fix By Net; Time: 0.262650s wall, 0.296875s user + 0.000000s system = 0.296875s CPU (113.0%); Memory(MB): used = 1712, reserved = 2336, peak = 1846;

PHY-1001 : Timing info: SWNS 1.384ns | STNS 0.000ns | HWNS 0.020ns | HTNS 0.000ns.
PHY-1001 : End timing refresh.  0.090715s wall, 0.093750s user + 0.000000s system = 0.093750s CPU (103.3%)

PHY-1001 : End Stage 3.2.1 | Phase 1; Time: 2.564496s wall, 2.734375s user + 0.000000s system = 2.734375s CPU (106.6%); Memory(MB): used = 1712, reserved = 2336, peak = 1846;

PHY-1001 : End Stage 3.2 | Hold Fix Optimization; Time: 8.407539s wall, 8.562500s user + 0.000000s system = 8.562500s CPU (101.8%); Memory(MB): used = 1712, reserved = 2336, peak = 1846;

PHY-1001 : End Stage 3 | Hold Fix; Time: 8.919151s wall, 9.062500s user + 0.000000s system = 9.062500s CPU (101.6%); Memory(MB): used = 1712, reserved = 2336, peak = 1846;

RUN-1003 : finish command "fix_hold" in  8.934223s wall, 9.078125s user + 0.000000s system = 9.078125s CPU (101.6%)

RUN-1004 : used memory is 1712 MB, reserved memory is 2336 MB, peak memory is 1846 MB
PHY-1001 : Stage 4 | Report Route Qor
RUN-1002 : start command "report_qor -step route -file route.qor"
RUN-1002 : start command "start_timer"
RUN-1003 : finish command "start_timer" in  1.572454s wall, 1.578125s user + 0.000000s system = 1.578125s CPU (100.4%)

RUN-1004 : used memory is 1712 MB, reserved memory is 2336 MB, peak memory is 1846 MB
TMR-2502 : Net delay update with mode: Routed
-----------------------------------------------------------
| QoR metrics               |         value               |
-----------------------------------------------------------
| Timing                    |                             |
|     Setup WNS             |         1384                |
|     Setup TNS             |            0                |
|     Num of violated S-EP  |            0                |
|     Hold WNS              |           20                |
|     Hold TNS              |            0                |
|     Num of violated H-EP  |            0                |
-----------------------------------------------------------
| Routing Resource          |                             |
|     Wire length           |      3808960                |
-----------------------------------------------------------
| Utilization               |                             |
|     #slices               |        16424                |
|     slices percentage     |       77.41%                |
|     #RAMs                 |           48                |
|     #DSPs                 |            8                |
|     #DRAMHARDCON          |           37                |
-----------------------------------------------------------
Report route stage QoR done.

RUN-1003 : finish command "report_qor -step route -file route.qor" in  5.460268s wall, 5.406250s user + 0.031250s system = 5.437500s CPU (99.6%)

RUN-1004 : used memory is 1713 MB, reserved memory is 2336 MB, peak memory is 1846 MB
RUN-1002 : start command "update_timing -mode final"
RUN-1002 : start command "start_timer"
RUN-1003 : finish command "start_timer" in  1.651429s wall, 1.640625s user + 0.015625s system = 1.656250s CPU (100.3%)

RUN-1004 : used memory is 1713 MB, reserved memory is 2336 MB, peak memory is 1846 MB
RUN-1003 : finish command "update_timing -mode final" in  5.403709s wall, 5.375000s user + 0.015625s system = 5.390625s CPU (99.8%)

RUN-1004 : used memory is 1713 MB, reserved memory is 2336 MB, peak memory is 1846 MB
RUN-1002 : start command "report_timing_summary -file final_timing.rpt"
OPT-1001 : QoR tracer report on route step:
    SWNS [   incr ]    STNS [   incr ]  S-FEPS [   incr ]    HWNS [   incr ]      HTNS [     incr ]    H-FEPS [     incr ]    CELL [   incr ]       WL [    incr ]   RT(s) [   incr ]   MEM(mb) [     incr ]
    2220 [      0 ]       0 [      0 ]       0 [      0 ]    -229 [      0 ]    -10568 [        0 ]       261 [        0 ]   17011 [      0 ]  3488752 [       0 ]      33 [      0 ]      1846 [        0 ] : dr_initialization
    2220 [      0 ]       0 [      0 ]       0 [      0 ]      -3 [    226 ]        -3 [    10565 ]         1 [     -260 ]   17011 [      0 ]  3529456 [   40704 ]      41 [      8 ]      1846 [        0 ] : dr_timing_opt_phase1
    1384 [   -836 ]       0 [      0 ]       0 [      0 ]     -54 [    -51 ]      -488 [     -485 ]        29 [       28 ]   17011 [      0 ]  3803536 [  274080 ]      65 [     24 ]      1846 [        0 ] : dr_opt_phase1
    1384 [      0 ]       0 [      0 ]       0 [      0 ]     -54 [      0 ]      -488 [        0 ]        29 [        0 ]   17011 [      0 ]  3803536 [       0 ]      65 [      0 ]      1846 [        0 ] : multi_try_opt
    1384 [      0 ]       0 [      0 ]       0 [      0 ]      20 [     74 ]         0 [      488 ]         0 [      -29 ]   17011 [      0 ]  3808960 [    5424 ]      76 [     11 ]      1846 [        0 ] : fix_hold_opt

PHY-1001 : End Stage 4 | Report Route Qor; Time: 11.013948s wall, 10.890625s user + 0.078125s system = 10.968750s CPU (99.6%); Memory(MB): used = 1725, reserved = 2336, peak = 1846;

PHY-1001 : Stage 5 | Design Rule Check
PHY-1001 : Stage 5.1 | Check And Add Lut-bridge
PHY-1001 : End Stage 5.1 | Check And Add Lut-bridge; Time: 0.074366s wall, 0.046875s user + 0.015625s system = 0.062500s CPU (84.0%); Memory(MB): used = 1726, reserved = 2336, peak = 1846;

PHY-1001 : Stage 5.2 | Lut Bridge Check
PHY-1001 : End Stage 5.2 | Lut Bridge Check; Time: 0.161998s wall, 0.171875s user + 0.000000s system = 0.171875s CPU (106.1%); Memory(MB): used = 1726, reserved = 2336, peak = 1846;

PHY-1001 : Stage 5.3 | Pin swap Check
PHY-1001 : End Stage 5.3 | Pin swap Check; Time: 0.026965s wall, 0.015625s user + 0.000000s system = 0.015625s CPU (57.9%); Memory(MB): used = 1726, reserved = 2336, peak = 1846;

PHY-1001 : Stage 5.4 | Physical Net Status Check
PHY-1001 : End Stage 5.4 | Physical Net Status Check; Time: 0.089366s wall, 0.093750s user + 0.000000s system = 0.093750s CPU (104.9%); Memory(MB): used = 1726, reserved = 2336, peak = 1846;

PHY-1001 : Start multi-drive drc check......
PHY-1001 : No multi-drive.
PHY-1001 : Stage 5.5 | Clock Net Status Check
PHY-1001 : All clock nets do not utilize local routing resource.
PHY-1001 : End Stage 5.5 | Clock Net Status Check; Time: 0.016689s wall, 0.015625s user + 0.000000s system = 0.015625s CPU (93.6%); Memory(MB): used = 1727, reserved = 2336, peak = 1846;

PHY-1001 : Stage 5.6 | Abnormal Timing Path check
PHY-1001 : No abnormal timing path.
PHY-1001 : End Stage 5.6 | Abnormal Timing Path check; Time: 0.197983s wall, 0.203125s user + 0.000000s system = 0.203125s CPU (102.6%); Memory(MB): used = 1727, reserved = 2336, peak = 1846;

PHY-1001 : Stage 5.7 | Bound Check
PHY-1001 : Check Pass.
PHY-1001 : End Stage 5.7 | Bound Check; Time: 0.003554s wall, 0.000000s user + 0.000000s system = 0.000000s CPU (n/a%); Memory(MB): used = 1727, reserved = 2336, peak = 1846;

PHY-1001 : End Stage 5 | Design Rule Check; Time: 0.632234s wall, 0.609375s user + 0.015625s system = 0.625000s CPU (98.9%); Memory(MB): used = 1727, reserved = 2336, peak = 1846;

RUN-1003 : finish command "route" in  87.787324s wall, 136.015625s user + 1.046875s system = 137.062500s CPU (156.1%)

RUN-1004 : used memory is 1742 MB, reserved memory is 2336 MB, peak memory is 1846 MB
RUN-1002 : start command "report_area -io_info -file camera_to_dsi_display_phy.area"
SYN-4034 : The count of slices with lut is 9873.
SYN-4035 : The count of slices with lut+ripple is 3646.
RUN-1001 : standard
***Report Model: design_top_wrapper Device: PH1P35MDG324***

Design Statistics
#IO                        62   out of    160   38.75%
  #input                    8
  #output                  31
  #inout                   23
#lut6                   13927   out of  21216   65.64%
#reg                    17483
  #slice reg            17483   out of  42432   41.20%
  #pad reg                  0

Utilization Statistics
#slice                  16424   out of  21216   77.41%
  #used ram               408
    #dram lut             296
    #shifter lut          112
  #used logic           16016
    #with luts           9873
    #with adder          3646
    #reg only            2497
#feedthrough             1780
#f7mux                      1   out of  10608    0.01%
#f8mux                      0   out of   5304    0.00%
#eram                      48   out of    108   44.44%
  #eram20k                 48
  #fifo20k                  0
#dsp                        8   out of     40   20.00%
#ddr_byte                   6   out of     12   50.00%
#mipi_tx                    0   out of      2    0.00%
#mipi_rx                    1   out of      2   50.00%
#pad                       21   out of    160   13.12%
#pll                        3   out of      6   50.00%
#gclk                       8   out of     32   25.00%
#lclk                       0   out of     12    0.00%
#sclk                      19   out of     48   39.58%
#mlclk                      2   out of      6   33.33%
#ioclk                      4   out of     18   22.22%


DataNet Average Fanout:

   Index     Fanout     Nets   
    #1          1       24978  
    #2          2       8512   
    #3          3       2178   
    #4          4        905   
    #5        5-10      2103   
    #6        11-50      515   
    #7       51-100      51    
    #8       101-500     11    
  Average     2.07             

RUN-1002 : start command "update_timing -mode final"
RUN-1002 : start command "start_timer"
RUN-1003 : finish command "start_timer" in  1.603471s wall, 1.562500s user + 0.000000s system = 1.562500s CPU (97.4%)

RUN-1004 : used memory is 1743 MB, reserved memory is 2336 MB, peak memory is 1846 MB
RUN-1003 : finish command "update_timing -mode final" in  5.365538s wall, 5.296875s user + 0.000000s system = 5.296875s CPU (98.7%)

RUN-1004 : used memory is 1728 MB, reserved memory is 2336 MB, peak memory is 1846 MB
RUN-1002 : start command "report_timing_status -file camera_to_dsi_display_phy.ts"
RUN-1002 : start command "report_timing_summary -file camera_to_dsi_display_pr.timing"
RUN-1002 : start command "report_timing_exception -file camera_to_dsi_display_exception.timing"
RUN-1002 : start command "check_timing -verbose -file camera_to_dsi_display_chk.timing"
RUN-1002 : start command "flow_status -file route_flow.status"
Location         : C:\Users\Li47\Desktop\aa\edge_tail_td_20261007_178840\td_project\camera_to_dsi_display_Runs\phy_1
Running with     : Tang Dynasty v6.2.178840
                   Copyright (c) 2012-2025 Anlogic Inc.
Top Model        : design_top_wrapper
Device           : PH1P35MDG324
Speed            : 3

Timing Mode      : final
Setup            : WNS  1384ps  TNS        0ps  NUM_FEPS     0
Hold             : WNS    20ps  TNS        0ps  NUM_FEPS     0

Flow Statistics  :
RUN-1001 : Flow Statistics:
RUN-1001 : ---------------------------------------------------------------------------------------------------
RUN-1001 :      command     |  #calls  |  wall time   |  cpu time(s)  |  used memory(mb)  |  peak memory(mb)  
RUN-1001 : ---------------------------------------------------------------------------------------------------
RUN-1001 :       place      |    1     |  1m59s(57%)  |   348(71%)    |       1425        |       1425        
RUN-1001 :       route      |    1     |  1m19s(37%)  |   128(26%)    |       1742        |       1846        
RUN-1001 :     fix_hold     |    1     |    8s(3%)    |     9(1%)     |       1712        |       1846        
RUN-1001 :     import_db    |    1     |    1s(0%)    |     0(0%)     |        572        |        572        
RUN-1001 :   import_device  |    1     |    1s(0%)    |     1(0%)     |        332        |        332        
RUN-1001 : ---------------------------------------------------------------------------------------------------
RUN-1001 :       total      |    5     |    3m28s     |      486      |       1742        |       1846        
RUN-1001 : ---------------------------------------------------------------------------------------------------
RUN-1002 : start command "report_clock_utilization -file route_clock_utilization.txt"
RUN-1002 : start command "export_db camera_to_dsi_display_pr.db"
RUN-1001 : Exported flow parameters
RUN-1001 : Exported /
RUN-1001 : Exported libs
RUN-1001 : Exported entities
RUN-1001 : Exported ports
RUN-1001 : Exported pins
RUN-1001 : Exported instances
RUN-1001 : Exported nets
RUN-1001 : Exported buses
RUN-1001 : Exported models
RUN-1001 : Exported phy database
RUN-1001 : Exported packer
RUN-1001 : Exported congestions
RUN-1001 : Exported violations
RUN-1001 : Exported ATMR Setting
RUN-1001 : Exported timing constraints
RUN-1001 : Exported IO constraints
RUN-1001 : Exported Inst constraints
RUN-1001 : Exported ChipWatcher
RUN-1002 : start command "commit_param -step bitgen"
RUN-1001 : Print Global Property
RUN-1001 : -------------------------------------------------------------
RUN-1001 :     Parameters    |   Settings   |  Default Values  |  Note  
RUN-1001 : -------------------------------------------------------------
RUN-1001 :    enable_seed    |     off      |       off        |        
RUN-1001 :    hfn_to_clock   |  1000000000  |    1000000000    |        
RUN-1001 :      message      |   standard   |     standard     |        
RUN-1001 :    qor_monitor    |      on      |        on        |        
RUN-1001 :   speedup_effort  |      0       |        0         |        
RUN-1001 :    syn_ip_flow    |     off      |       off        |        
RUN-1001 :       thread      |     auto     |       auto       |        
RUN-1001 : -------------------------------------------------------------
RUN-1001 : Print Bitgen Property
RUN-1001 : -------------------------------------------------------------
RUN-1001 :      Parameters     |  Settings  |  Default Values  |  Note  
RUN-1001 : -------------------------------------------------------------
RUN-1001 :         bin         |    off     |       off        |        
RUN-1001 :       compress      |    off     |       off        |        
RUN-1001 :       gen_mask      |    off     |       off        |        
RUN-1001 :      max_stream     |     on     |        on        |        
RUN-1001 :      time_info      |     on     |        on        |        
RUN-1001 :   unused_io_status  |   pullup   |      pullup      |        
RUN-1001 :       version       |    0x00    |       0x00       |        
RUN-1001 : -------------------------------------------------------------
RUN-1002 : start command "bitgen -bit camera_to_dsi_display.bit"
RUN-1002 : start command "export_bid camera_to_dsi_display_inst.bid"
BIT-1003 : Start to generate bitstream. 
BIT-1002 : Bitgen processed 3 pll_pd instances.
BIT-1002 : Init instances with 20 threads.
BIT-1002 : Init instances completely, inst num: 17012
BIT-1002 : Init pips with 20 threads.
BIT-1002 : Init pips completely, net num: 29251, pip num: 262862
BIT-1002 : Init feedthrough with 20 threads.
BIT-1002 : Init feedthrough completely, num: 1780
BIT-1003 : Multithreading accelaration with 20 threads.
BIT-1003 : Generate bitstream completely, there are 873305 bits set as '1'.
BIT-1004 : Generate file camera_to_dsi_display.bit.
RUN-1003 : finish command "bitgen -bit camera_to_dsi_display.bit" in  4.585250s wall, 41.500000s user + 0.875000s system = 42.375000s CPU (924.2%)

RUN-1004 : used memory is 1796 MB, reserved memory is 2337 MB, peak memory is 1846 MB
RUN-1002 : start command "setup_debugger"
RUN-1002 : start command "export_bitgen_param -file .bitgen_param.f"
RUN-1002 : start command "export_flow_status -s opt_place -e bitgen"
RUN-1002 : start command "flow_status"

Location         : C:\Users\Li47\Desktop\aa\edge_tail_td_20261007_178840\td_project\camera_to_dsi_display_Runs\phy_1
Running with     : Tang Dynasty v6.2.178840
                   Copyright (c) 2012-2025 Anlogic Inc.
Top Model        : design_top_wrapper
Device           : PH1P35MDG324
Speed            : 3

Timing Mode      : final
Setup            : WNS  1384ps  TNS        0ps  NUM_FEPS     0
Hold             : WNS    20ps  TNS        0ps  NUM_FEPS     0

RUN-1001 : Flow Statistics:
RUN-1001 : ---------------------------------------------------------------------------------------------------
RUN-1001 :      command     |  #calls  |  wall time   |  cpu time(s)  |  used memory(mb)  |  peak memory(mb)  
RUN-1001 : ---------------------------------------------------------------------------------------------------
RUN-1001 :       place      |    1     |  1m59s(56%)  |   348(66%)    |       1425        |       1425        
RUN-1001 :       route      |    1     |  1m19s(37%)  |   128(24%)    |       1742        |       1846        
RUN-1001 :     fix_hold     |    1     |    8s(3%)    |     9(1%)     |       1712        |       1846        
RUN-1001 :      bitgen      |    1     |    4s(1%)    |    41(7%)     |       1796        |       1846        
RUN-1001 :     import_db    |    1     |    1s(0%)    |     0(0%)     |        572        |        572        
RUN-1001 :   import_device  |    1     |    1s(0%)    |     1(0%)     |        332        |        332        
RUN-1001 : ---------------------------------------------------------------------------------------------------
RUN-1001 :       total      |    6     |    3m32s     |      527      |       1796        |       1846        
RUN-1001 : ---------------------------------------------------------------------------------------------------
RUN-1002 : start command "check_timing -file constraint_coverage.txt -verbose"
