Created by          : Tang Dynasty v6.2.178840
                    : Copyright (c) 2012-2025 Anlogic Inc.
Generated           : Fri Oct  9 20:27:42 2026

Top Model           : positive_hd60_top
Device              : PH1P35MDG324
Speed               : 3
STA coverage        : 99.64%
Constraint File     : C:/Users/Li47/Desktop/aa/native_positive_hd60_r1_20261009/td_project/positive_hd60.sdc;
Confidence          : Routed
Check Corner        : Both (Slow and Fast)
CRPR Enabled        : Yes
Report Scheme       : 10 end point(s) per path group, 1 path(s) per end point


Check Status
-------------

Corner   | Max      Min     
------------------------------------
Slow     | yes      yes     
Fast     | yes      yes     


Timing Status
--------------------
	SWNS: 0.166ns, STNS: 0.000ns
	HWNS: 0.022ns, HTNS: 0.000ns
	Period Check WNS: 0.000ns


Clock Summary
--------------------

       Clock-Id:       C-Freq       Fanout   Clock-Name
--------------------------------------------------------------------------------
           clk0:      371.333           37   u_video/u_pll/u_output/ph1p_phy_pll_wrapper_25a56e5ce2f9_Inst/u_PH1P_PHY_PLL.clkc[1]
           clk1:       74.250           36   u_video/u_pll/u_output/ph1p_phy_pll_wrapper_25a56e5ce2f9_Inst/u_PH1P_PHY_PLL.clkc[0]
           clk2:       33.750            2   u_video/u_pll/u_ref/ph1p_phy_pll_wrapper_25a56e5ce2f9_Inst/u_PH1P_PHY_PLL.clkc[0]
           clk3:       50.000            1   sys_clk_50m
--------------------------------------------------------------------------------

       Name            Type         Rise(ns)   Fall(ns)          C-Period(ns)     C-Freq(MHz)          R-Period(ns)     R-Freq(MHz)         SWNS(ns)   STNS(ns)         HWNS(ns)   HTNS(ns)         Skew(ns)           Fanout        Max-Level        CC-From    CC-To
       clk0   Inferred GCLK            0.000      1.346                 2.693         371.333                 2.527         395.726            0.166      0.000            0.022      0.000            0.214               37                1             no       no
       clk1       User GCLK            0.000      6.734                13.468          74.250                 3.313         301.841           10.155      0.000            0.088      0.000            0.068               36                5             no       no
       clk2       User GCLK            0.000     14.815                29.630          33.750                29.630          33.750            0.000      0.000            0.000      0.000            0.000                2                0             no       no
       clk3           local            0.000     10.000                20.000          50.000                20.000          50.000            0.000      0.000            0.000      0.000            0.000                1                0             no       no

Notes
----------
C-Period  :  constraint period
C-Freq    :  constraint freq
R-Period  :  report min period
R-Freq    :  report fmax
CC-From   :  has path(s) from cross-domain clock
CC-To     :  has path(s) to cross-domain clock


*   Clock R-Period data only takes intra-clock timing. SWNS/STNS/HWNS/HTNS take both intra-clock and inter-clock timing.
*   If there is mismatch between R-Period and SWNS, check inter-clock timing of this clock as capture clock.
*   SWNS/STNS/HWNS/HTNS of timing exception (SMCP/SMD) only counted in global Timing Status, not counted in Clock Summary.

Intra clock domain timing
--------------------------------------------------

----------------------------------------------------------------------------------------------------
Path Group     :     u_video/u_pll/u_output/ph1p_phy_pll_wrapper_25a56e5ce2f9_Inst/u_PH1P_PHY_PLL.clkc[0] -> u_video/u_pll/u_output/ph1p_phy_pll_wrapper_25a56e5ce2f9_Inst/u_PH1P_PHY_PLL.clkc[0]
Type           :     Self
From Clock     :     u_video/u_pll/u_output/ph1p_phy_pll_wrapper_25a56e5ce2f9_Inst/u_PH1P_PHY_PLL.clkc[0]
To Clock       :     u_video/u_pll/u_output/ph1p_phy_pll_wrapper_25a56e5ce2f9_Inst/u_PH1P_PHY_PLL.clkc[0]
Min Period     :     3.313ns
Fmax           :     301.841MHz

Statistics:
Max            : SWNS     10.155ns, STNS      0.000ns,         0 Viol Endpoints,        94 Total Endpoints,       903 Paths Analyzed
Min            : HWNS      0.088ns, HTNS      0.000ns,         0 Viol Endpoints,        94 Total Endpoints,       903 Paths Analyzed
----------------------------------------------------------------------------------------------------

Max Paths
----------------------------------------------------------------------------------------------------
Slack               : 10.155ns
Begin Point         : u_video/x_reg[1]_syn_2.clk (rising edge triggered by clock u_video/u_pll/u_output/ph1p_phy_pll_wrapper_25a56e5ce2f9_Inst/u_PH1P_PHY_PLL.clkc[0]  { rise@0.000000ns  fall@6.734000ns  period=13.468000 })
End Point           : u_video/u_blue/symbol_reg[9]_syn_2.ima (rising edge triggered by clock u_video/u_pll/u_output/ph1p_phy_pll_wrapper_25a56e5ce2f9_Inst/u_PH1P_PHY_PLL.clkc[0]  { rise@0.000000ns  fall@6.734000ns  period=13.468000 })
Check Type          : setup
Process             : slow_m40c
Budget              : 13.468ns { u_video/u_pll/u_output/ph1p_phy_pll_wrapper_25a56e5ce2f9_Inst/u_PH1P_PHY_PLL.clkc[0] rising@13.468ns - u_video/u_pll/u_output/ph1p_phy_pll_wrapper_25a56e5ce2f9_Inst/u_PH1P_PHY_PLL.clkc[0] rising@0.000ns }
Data Path Delay     : 3.072ns (cell 1.633ns (53%), net 1.439ns (47%))
Clock Skew          : 0.074ns
Logic Level         : 5 ( LUT5=2  LUT6=1  LUT4=1  LUT2=1 )
Max Fanout          : 3
Clock Uncertainty   : 0.103ns (sdc uncertainty: 0.000ns, default uncertainty: 0.103ns)

Delay Type          Location             Incr           Path   Level  Netlist Info
--------------------------------------------------------------------  ---------------
source latency                          0.000          0.000               
port                C4                  0.000          0.000          pin: I_sys_clk
hierarchy                               0.000          0.000          pin: I_sys_clk_syn_2.ipad
HDIO                x033y078            0.810          0.810          pin: I_sys_clk_syn_2.sg09_di
HDIO                x033y078            0.684          1.494          pin: I_sys_clk_syn_2.di
net (fo=1)          x043y079            0.115          1.609          net: I_sys_clk_dup_1,  ../../../diagnostics/hdmi_positive/positive_top.v(54)
                                                                      pin: u_video/u_pll/u_ref/ph1p_phy_pll_wrapper_25a56e5ce2f9_Inst/u_PH1P_PHY_PLL.refclk
PLL                 x043y079            0.814          2.423          pin: u_video/u_pll/u_ref/ph1p_phy_pll_wrapper_25a56e5ce2f9_Inst/u_PH1P_PHY_PLL.clkc[0]
net (fo=1)                              0.830          3.253          net: u_video/u_pll/u_ref/clk0_buf,  ../../../user_source/hdl_source/native_hdmi_pll.v(32)
                                                                      pin: u_video/u_pll/u_ref/bufg_feedback.clkin[0]
GCLK                x023y039z16         0.016          3.269          pin: u_video/u_pll/u_ref/bufg_feedback.clkout
net (fo=1)                              0.375          3.644          net: u_video/u_pll/u_output/ph1p_phy_pll_wrapper_25a56e5ce2f9_Inst/refclk,  ../../../user_source/ip_source/PLL/RTL/ph1p_phy_pll_wrapper_25a56e5ce2f9.v(119)
                                                                      pin: u_video/u_pll/u_ref/bufg_feedback_auto_created_sclk_s_0_l_bk1.clkin
SCLK                x023y019z0          0.079          3.723          pin: u_video/u_pll/u_ref/bufg_feedback_auto_created_sclk_s_0_l_bk1.clkout
net (fo=1)          x000y039            0.299          4.022          net: u_video/u_pll/u_ref/bufg_feedback_auto_created_sclk_s_0_l_bk1_sclk_outnet,  NOFILE(0)
                                                                      pin: u_video/u_pll/u_output/ph1p_phy_pll_wrapper_25a56e5ce2f9_Inst/u_PH1P_PHY_PLL.refclk
PLL                 x000y039            0.814          4.836          pin: u_video/u_pll/u_output/ph1p_phy_pll_wrapper_25a56e5ce2f9_Inst/u_PH1P_PHY_PLL.clkc[0]
net (fo=1)                              0.816          5.652          net: u_video/u_pll/u_output/clk0_buf,  ../../../user_source/hdl_source/native_hdmi_pll.v(32)
                                                                      pin: u_video/u_pll/u_output/bufg_feedback.clkin[0]
GCLK                x023y039z1          0.016          5.668          pin: u_video/u_pll/u_output/bufg_feedback.clkout
net (fo=1)                              0.395          6.063          net: u_video/pixel,  ../../../diagnostics/hdmi_positive/positive_top.v(5)
                                                                      pin: u_video/u_pll/u_output/bufg_feedback_auto_created_sclk_s_1_r_bk2.clkin
SCLK                x023y059z13         0.079          6.142          pin: u_video/u_pll/u_output/bufg_feedback_auto_created_sclk_s_1_r_bk2.clkout
net (fo=36)                             0.639          6.781          net: u_video/u_pll/u_output/bufg_feedback_auto_created_sclk_s_1_r_bk2_sclk_outnet,  NOFILE(0)
                                                                      pin: u_video/x_reg[1]_syn_2.clk
launch edge                             0.000    r     6.781               
--------------------------------------------------------------------  ---------------
clk2q               x034y046z7          0.126    f     6.907          pin: u_video/x_reg[1]_syn_2.oqa
net (fo=3)                              0.423          7.330          net: u_video/x[1],  ../../../diagnostics/hdmi_positive/positive_top.v(16)
                                                                      pin: u_video/u_blue/symbol_b[9]_syn_13.imb
LUT2                x034y048z2          0.271    r     7.601       1  pin: u_video/u_blue/symbol_b[9]_syn_13.ofb
net (fo=1)                              0.079          7.680          net: u_video/lt2_syn_79,  ../../../diagnostics/hdmi_positive/positive_top.v(23)
                                                                      pin: u_video/u_blue/symbol_b[9]_syn_16.ie
LUT6                x034y048z7          0.190    r     7.870       2  pin: u_video/u_blue/symbol_b[9]_syn_16.ofb
net (fo=1)                              0.079          7.949          net: u_video/u_blue/symbol_b[9]_syn_5,  NOFILE(0)
                                                                      pin: u_video/u_blue/symbol_b[9]_syn_17.ic
LUT5                x034y048z5          0.283    r     8.232       3  pin: u_video/u_blue/symbol_b[9]_syn_17.ofb
net (fo=3)                              0.282          8.514          net: u_video/u_blue/symbol_b[9]_syn_7,  NOFILE(0)
                                                                      pin: u_video/u_blue/symbol_b[9]_syn_14.ib
LUT5                x033y047z2          0.408    f     8.922       4  pin: u_video/u_blue/symbol_b[9]_syn_14.ofb
net (fo=1)                              0.576          9.498          net: u_video/u_blue/symbol_b[9]_syn_11,  NOFILE(0)
                                                                      pin: u_video/u_blue/symbol_reg[9]_syn_2.ima
LUT4 (reg)          x036y048z2          0.355    f     9.853       5  net: u_video/u_phy/u0_lane_lvds_8_1/I_data_in[0],  ../../../user_source/hdl_source/lane_lvds_10_1.v(11)
--------------------------------------------------------------------  ---------------
Arrival                                                9.853               

source latency                          0.000          0.000               
port                C4                  0.000          0.000          pin: I_sys_clk
hierarchy                               0.000          0.000          pin: I_sys_clk_syn_2.ipad
HDIO                x033y078            0.745          0.745          pin: I_sys_clk_syn_2.sg09_di
HDIO                x033y078            0.629          1.374          pin: I_sys_clk_syn_2.di
net (fo=1)          x043y079            0.099          1.473          net: I_sys_clk_dup_1,  ../../../diagnostics/hdmi_positive/positive_top.v(54)
                                                                      pin: u_video/u_pll/u_ref/ph1p_phy_pll_wrapper_25a56e5ce2f9_Inst/u_PH1P_PHY_PLL.refclk
PLL                 x043y079            0.703          2.176          pin: u_video/u_pll/u_ref/ph1p_phy_pll_wrapper_25a56e5ce2f9_Inst/u_PH1P_PHY_PLL.clkc[0]
net (fo=1)                              0.711          2.887          net: u_video/u_pll/u_ref/clk0_buf,  ../../../user_source/hdl_source/native_hdmi_pll.v(32)
                                                                      pin: u_video/u_pll/u_ref/bufg_feedback.clkin[0]
GCLK                x023y039z16         0.014          2.901          pin: u_video/u_pll/u_ref/bufg_feedback.clkout
net (fo=1)                              0.322          3.223          net: u_video/u_pll/u_output/ph1p_phy_pll_wrapper_25a56e5ce2f9_Inst/refclk,  ../../../user_source/ip_source/PLL/RTL/ph1p_phy_pll_wrapper_25a56e5ce2f9.v(119)
                                                                      pin: u_video/u_pll/u_ref/bufg_feedback_auto_created_sclk_s_0_l_bk1.clkin
SCLK                x023y019z0          0.068          3.291          pin: u_video/u_pll/u_ref/bufg_feedback_auto_created_sclk_s_0_l_bk1.clkout
net (fo=1)          x000y039            0.255          3.546          net: u_video/u_pll/u_ref/bufg_feedback_auto_created_sclk_s_0_l_bk1_sclk_outnet,  NOFILE(0)
                                                                      pin: u_video/u_pll/u_output/ph1p_phy_pll_wrapper_25a56e5ce2f9_Inst/u_PH1P_PHY_PLL.refclk
PLL                 x000y039            0.703          4.249          pin: u_video/u_pll/u_output/ph1p_phy_pll_wrapper_25a56e5ce2f9_Inst/u_PH1P_PHY_PLL.clkc[0]
net (fo=1)                              0.698          4.947          net: u_video/u_pll/u_output/clk0_buf,  ../../../user_source/hdl_source/native_hdmi_pll.v(32)
                                                                      pin: u_video/u_pll/u_output/bufg_feedback.clkin[0]
GCLK                x023y039z1          0.014          4.961          pin: u_video/u_pll/u_output/bufg_feedback.clkout
net (fo=1)                              0.339          5.300          net: u_video/pixel,  ../../../diagnostics/hdmi_positive/positive_top.v(5)
                                                                      pin: u_video/u_pll/u_output/bufg_feedback_auto_created_sclk_s_1_r_bk2.clkin
SCLK                x023y059z13         0.068          5.368          pin: u_video/u_pll/u_output/bufg_feedback_auto_created_sclk_s_1_r_bk2.clkout
net (fo=36)                             0.558          5.926          net: u_video/u_pll/u_output/bufg_feedback_auto_created_sclk_s_1_r_bk2_sclk_outnet,  NOFILE(0)
                                                                      pin: u_video/u_blue/symbol_reg[9]_syn_2.clk
capture edge                           13.468    r    19.394               
--------------------------------------------------------------------  ---------------
setup                                  -0.064         19.330               
clock uncertainty                      -0.103         19.227               
clock pessimism                         0.781         20.008               
--------------------------------------------------------------------  ---------------
Required                                              20.008               
--------------------------------------------------------------------  ---------------
Slack                                                 10.155               

Slack               : 10.218ns
Begin Point         : u_video/add1_syn_81.clk (rising edge triggered by clock u_video/u_pll/u_output/ph1p_phy_pll_wrapper_25a56e5ce2f9_Inst/u_PH1P_PHY_PLL.clkc[0]  { rise@0.000000ns  fall@6.734000ns  period=13.468000 })
End Point           : u_video/y_reg[6]_syn_2.cea (rising edge triggered by clock u_video/u_pll/u_output/ph1p_phy_pll_wrapper_25a56e5ce2f9_Inst/u_PH1P_PHY_PLL.clkc[0]  { rise@0.000000ns  fall@6.734000ns  period=13.468000 })
Check Type          : setup
Process             : slow_m40c
Budget              : 13.468ns { u_video/u_pll/u_output/ph1p_phy_pll_wrapper_25a56e5ce2f9_Inst/u_PH1P_PHY_PLL.clkc[0] rising@13.468ns - u_video/u_pll/u_output/ph1p_phy_pll_wrapper_25a56e5ce2f9_Inst/u_PH1P_PHY_PLL.clkc[0] rising@0.000ns }
Data Path Delay     : 3.006ns (cell 0.599ns (19%), net 2.407ns (81%))
Clock Skew          : 0.077ns
Logic Level         : 2 ( LUT6=1  LUT2=1 )
Max Fanout          : 15
Clock Uncertainty   : 0.103ns (sdc uncertainty: 0.000ns, default uncertainty: 0.103ns)

Delay Type          Location             Incr           Path   Level  Netlist Info
--------------------------------------------------------------------  ---------------
source latency                          0.000          0.000               
port                C4                  0.000          0.000          pin: I_sys_clk
hierarchy                               0.000          0.000          pin: I_sys_clk_syn_2.ipad
HDIO                x033y078            0.810          0.810          pin: I_sys_clk_syn_2.sg09_di
HDIO                x033y078            0.684          1.494          pin: I_sys_clk_syn_2.di
net (fo=1)          x043y079            0.115          1.609          net: I_sys_clk_dup_1,  ../../../diagnostics/hdmi_positive/positive_top.v(54)
                                                                      pin: u_video/u_pll/u_ref/ph1p_phy_pll_wrapper_25a56e5ce2f9_Inst/u_PH1P_PHY_PLL.refclk
PLL                 x043y079            0.814          2.423          pin: u_video/u_pll/u_ref/ph1p_phy_pll_wrapper_25a56e5ce2f9_Inst/u_PH1P_PHY_PLL.clkc[0]
net (fo=1)                              0.830          3.253          net: u_video/u_pll/u_ref/clk0_buf,  ../../../user_source/hdl_source/native_hdmi_pll.v(32)
                                                                      pin: u_video/u_pll/u_ref/bufg_feedback.clkin[0]
GCLK                x023y039z16         0.016          3.269          pin: u_video/u_pll/u_ref/bufg_feedback.clkout
net (fo=1)                              0.375          3.644          net: u_video/u_pll/u_output/ph1p_phy_pll_wrapper_25a56e5ce2f9_Inst/refclk,  ../../../user_source/ip_source/PLL/RTL/ph1p_phy_pll_wrapper_25a56e5ce2f9.v(119)
                                                                      pin: u_video/u_pll/u_ref/bufg_feedback_auto_created_sclk_s_0_l_bk1.clkin
SCLK                x023y019z0          0.079          3.723          pin: u_video/u_pll/u_ref/bufg_feedback_auto_created_sclk_s_0_l_bk1.clkout
net (fo=1)          x000y039            0.299          4.022          net: u_video/u_pll/u_ref/bufg_feedback_auto_created_sclk_s_0_l_bk1_sclk_outnet,  NOFILE(0)
                                                                      pin: u_video/u_pll/u_output/ph1p_phy_pll_wrapper_25a56e5ce2f9_Inst/u_PH1P_PHY_PLL.refclk
PLL                 x000y039            0.814          4.836          pin: u_video/u_pll/u_output/ph1p_phy_pll_wrapper_25a56e5ce2f9_Inst/u_PH1P_PHY_PLL.clkc[0]
net (fo=1)                              0.816          5.652          net: u_video/u_pll/u_output/clk0_buf,  ../../../user_source/hdl_source/native_hdmi_pll.v(32)
                                                                      pin: u_video/u_pll/u_output/bufg_feedback.clkin[0]
GCLK                x023y039z1          0.016          5.668          pin: u_video/u_pll/u_output/bufg_feedback.clkout
net (fo=1)                              0.395          6.063          net: u_video/pixel,  ../../../diagnostics/hdmi_positive/positive_top.v(5)
                                                                      pin: u_video/u_pll/u_output/bufg_feedback_auto_created_sclk_s_1_r_bk2.clkin
SCLK                x023y059z13         0.079          6.142          pin: u_video/u_pll/u_output/bufg_feedback_auto_created_sclk_s_1_r_bk2.clkout
net (fo=36)                             0.639          6.781          net: u_video/u_pll/u_output/bufg_feedback_auto_created_sclk_s_1_r_bk2_sclk_outnet,  NOFILE(0)
                                                                      pin: u_video/add1_syn_81.clk
launch edge                             0.000    r     6.781               
--------------------------------------------------------------------  ---------------
clk2q               x035y047z7          0.137    r     6.918          pin: u_video/add1_syn_81.oqb
net (fo=5)                              0.976          7.894          net: u_video/x[7],  ../../../diagnostics/hdmi_positive/positive_top.v(16)
                                                                      pin: u_video/x_b[10]_syn_8.ie
LUT6                x034y048z0          0.190    r     8.084       1  pin: u_video/x_b[10]_syn_8.ofb
net (fo=1)                              0.382          8.466          net: u_video/x_b[10]_syn_4,  NOFILE(0)
                                                                      pin: u_video/u_phy/u0_lane_lvds_8_1/S_oddr_data_reg[0]_syn_2.imf
LUT2                x036y049z7          0.272    f     8.738       2  pin: u_video/u_phy/u0_lane_lvds_8_1/S_oddr_data_reg[0]_syn_2.ofa
net (fo=15)                             1.049          9.787          net: u_video/x_b_n,  NOFILE(0)
                                                                      pin: u_video/y_reg[6]_syn_2.cea
reg                 x033y047z1          0.000    f     9.787               
--------------------------------------------------------------------  ---------------
Arrival                                                9.787               

source latency                          0.000          0.000               
port                C4                  0.000          0.000          pin: I_sys_clk
hierarchy                               0.000          0.000          pin: I_sys_clk_syn_2.ipad
HDIO                x033y078            0.745          0.745          pin: I_sys_clk_syn_2.sg09_di
HDIO                x033y078            0.629          1.374          pin: I_sys_clk_syn_2.di
net (fo=1)          x043y079            0.099          1.473          net: I_sys_clk_dup_1,  ../../../diagnostics/hdmi_positive/positive_top.v(54)
                                                                      pin: u_video/u_pll/u_ref/ph1p_phy_pll_wrapper_25a56e5ce2f9_Inst/u_PH1P_PHY_PLL.refclk
PLL                 x043y079            0.703          2.176          pin: u_video/u_pll/u_ref/ph1p_phy_pll_wrapper_25a56e5ce2f9_Inst/u_PH1P_PHY_PLL.clkc[0]
net (fo=1)                              0.711          2.887          net: u_video/u_pll/u_ref/clk0_buf,  ../../../user_source/hdl_source/native_hdmi_pll.v(32)
                                                                      pin: u_video/u_pll/u_ref/bufg_feedback.clkin[0]
GCLK                x023y039z16         0.014          2.901          pin: u_video/u_pll/u_ref/bufg_feedback.clkout
net (fo=1)                              0.322          3.223          net: u_video/u_pll/u_output/ph1p_phy_pll_wrapper_25a56e5ce2f9_Inst/refclk,  ../../../user_source/ip_source/PLL/RTL/ph1p_phy_pll_wrapper_25a56e5ce2f9.v(119)
                                                                      pin: u_video/u_pll/u_ref/bufg_feedback_auto_created_sclk_s_0_l_bk1.clkin
SCLK                x023y019z0          0.068          3.291          pin: u_video/u_pll/u_ref/bufg_feedback_auto_created_sclk_s_0_l_bk1.clkout
net (fo=1)          x000y039            0.255          3.546          net: u_video/u_pll/u_ref/bufg_feedback_auto_created_sclk_s_0_l_bk1_sclk_outnet,  NOFILE(0)
                                                                      pin: u_video/u_pll/u_output/ph1p_phy_pll_wrapper_25a56e5ce2f9_Inst/u_PH1P_PHY_PLL.refclk
PLL                 x000y039            0.703          4.249          pin: u_video/u_pll/u_output/ph1p_phy_pll_wrapper_25a56e5ce2f9_Inst/u_PH1P_PHY_PLL.clkc[0]
net (fo=1)                              0.698          4.947          net: u_video/u_pll/u_output/clk0_buf,  ../../../user_source/hdl_source/native_hdmi_pll.v(32)
                                                                      pin: u_video/u_pll/u_output/bufg_feedback.clkin[0]
GCLK                x023y039z1          0.014          4.961          pin: u_video/u_pll/u_output/bufg_feedback.clkout
net (fo=1)                              0.339          5.300          net: u_video/pixel,  ../../../diagnostics/hdmi_positive/positive_top.v(5)
                                                                      pin: u_video/u_pll/u_output/bufg_feedback_auto_created_sclk_s_1_r_bk2.clkin
SCLK                x023y059z13         0.068          5.368          pin: u_video/u_pll/u_output/bufg_feedback_auto_created_sclk_s_1_r_bk2.clkout
net (fo=36)                             0.555          5.923          net: u_video/u_pll/u_output/bufg_feedback_auto_created_sclk_s_1_r_bk2_sclk_outnet,  NOFILE(0)
                                                                      pin: u_video/y_reg[6]_syn_2.clk
capture edge                           13.468    r    19.391               
--------------------------------------------------------------------  ---------------
setup                                  -0.064         19.327               
clock uncertainty                      -0.103         19.224               
clock pessimism                         0.781         20.005               
--------------------------------------------------------------------  ---------------
Required                                              20.005               
--------------------------------------------------------------------  ---------------
Slack                                                 10.218               

Slack               : 10.218ns
Begin Point         : u_video/add1_syn_81.clk (rising edge triggered by clock u_video/u_pll/u_output/ph1p_phy_pll_wrapper_25a56e5ce2f9_Inst/u_PH1P_PHY_PLL.clkc[0]  { rise@0.000000ns  fall@6.734000ns  period=13.468000 })
End Point           : u_video/y_reg[6]_syn_2.ceb (rising edge triggered by clock u_video/u_pll/u_output/ph1p_phy_pll_wrapper_25a56e5ce2f9_Inst/u_PH1P_PHY_PLL.clkc[0]  { rise@0.000000ns  fall@6.734000ns  period=13.468000 })
Check Type          : setup
Process             : slow_m40c
Budget              : 13.468ns { u_video/u_pll/u_output/ph1p_phy_pll_wrapper_25a56e5ce2f9_Inst/u_PH1P_PHY_PLL.clkc[0] rising@13.468ns - u_video/u_pll/u_output/ph1p_phy_pll_wrapper_25a56e5ce2f9_Inst/u_PH1P_PHY_PLL.clkc[0] rising@0.000ns }
Data Path Delay     : 3.006ns (cell 0.599ns (19%), net 2.407ns (81%))
Clock Skew          : 0.077ns
Logic Level         : 2 ( LUT6=1  LUT2=1 )
Max Fanout          : 15
Clock Uncertainty   : 0.103ns (sdc uncertainty: 0.000ns, default uncertainty: 0.103ns)

Delay Type          Location             Incr           Path   Level  Netlist Info
--------------------------------------------------------------------  ---------------
source latency                          0.000          0.000               
port                C4                  0.000          0.000          pin: I_sys_clk
hierarchy                               0.000          0.000          pin: I_sys_clk_syn_2.ipad
HDIO                x033y078            0.810          0.810          pin: I_sys_clk_syn_2.sg09_di
HDIO                x033y078            0.684          1.494          pin: I_sys_clk_syn_2.di
net (fo=1)          x043y079            0.115          1.609          net: I_sys_clk_dup_1,  ../../../diagnostics/hdmi_positive/positive_top.v(54)
                                                                      pin: u_video/u_pll/u_ref/ph1p_phy_pll_wrapper_25a56e5ce2f9_Inst/u_PH1P_PHY_PLL.refclk
PLL                 x043y079            0.814          2.423          pin: u_video/u_pll/u_ref/ph1p_phy_pll_wrapper_25a56e5ce2f9_Inst/u_PH1P_PHY_PLL.clkc[0]
net (fo=1)                              0.830          3.253          net: u_video/u_pll/u_ref/clk0_buf,  ../../../user_source/hdl_source/native_hdmi_pll.v(32)
                                                                      pin: u_video/u_pll/u_ref/bufg_feedback.clkin[0]
GCLK                x023y039z16         0.016          3.269          pin: u_video/u_pll/u_ref/bufg_feedback.clkout
net (fo=1)                              0.375          3.644          net: u_video/u_pll/u_output/ph1p_phy_pll_wrapper_25a56e5ce2f9_Inst/refclk,  ../../../user_source/ip_source/PLL/RTL/ph1p_phy_pll_wrapper_25a56e5ce2f9.v(119)
                                                                      pin: u_video/u_pll/u_ref/bufg_feedback_auto_created_sclk_s_0_l_bk1.clkin
SCLK                x023y019z0          0.079          3.723          pin: u_video/u_pll/u_ref/bufg_feedback_auto_created_sclk_s_0_l_bk1.clkout
net (fo=1)          x000y039            0.299          4.022          net: u_video/u_pll/u_ref/bufg_feedback_auto_created_sclk_s_0_l_bk1_sclk_outnet,  NOFILE(0)
                                                                      pin: u_video/u_pll/u_output/ph1p_phy_pll_wrapper_25a56e5ce2f9_Inst/u_PH1P_PHY_PLL.refclk
PLL                 x000y039            0.814          4.836          pin: u_video/u_pll/u_output/ph1p_phy_pll_wrapper_25a56e5ce2f9_Inst/u_PH1P_PHY_PLL.clkc[0]
net (fo=1)                              0.816          5.652          net: u_video/u_pll/u_output/clk0_buf,  ../../../user_source/hdl_source/native_hdmi_pll.v(32)
                                                                      pin: u_video/u_pll/u_output/bufg_feedback.clkin[0]
GCLK                x023y039z1          0.016          5.668          pin: u_video/u_pll/u_output/bufg_feedback.clkout
net (fo=1)                              0.395          6.063          net: u_video/pixel,  ../../../diagnostics/hdmi_positive/positive_top.v(5)
                                                                      pin: u_video/u_pll/u_output/bufg_feedback_auto_created_sclk_s_1_r_bk2.clkin
SCLK                x023y059z13         0.079          6.142          pin: u_video/u_pll/u_output/bufg_feedback_auto_created_sclk_s_1_r_bk2.clkout
net (fo=36)                             0.639          6.781          net: u_video/u_pll/u_output/bufg_feedback_auto_created_sclk_s_1_r_bk2_sclk_outnet,  NOFILE(0)
                                                                      pin: u_video/add1_syn_81.clk
launch edge                             0.000    r     6.781               
--------------------------------------------------------------------  ---------------
clk2q               x035y047z7          0.137    r     6.918          pin: u_video/add1_syn_81.oqb
net (fo=5)                              0.976          7.894          net: u_video/x[7],  ../../../diagnostics/hdmi_positive/positive_top.v(16)
                                                                      pin: u_video/x_b[10]_syn_8.ie
LUT6                x034y048z0          0.190    r     8.084       1  pin: u_video/x_b[10]_syn_8.ofb
net (fo=1)                              0.382          8.466          net: u_video/x_b[10]_syn_4,  NOFILE(0)
                                                                      pin: u_video/u_phy/u0_lane_lvds_8_1/S_oddr_data_reg[0]_syn_2.imf
LUT2                x036y049z7          0.272    f     8.738       2  pin: u_video/u_phy/u0_lane_lvds_8_1/S_oddr_data_reg[0]_syn_2.ofa
net (fo=15)                             1.049          9.787          net: u_video/x_b_n,  NOFILE(0)
                                                                      pin: u_video/y_reg[6]_syn_2.ceb
reg                 x033y047z1          0.000    f     9.787               
--------------------------------------------------------------------  ---------------
Arrival                                                9.787               

source latency                          0.000          0.000               
port                C4                  0.000          0.000          pin: I_sys_clk
hierarchy                               0.000          0.000          pin: I_sys_clk_syn_2.ipad
HDIO                x033y078            0.745          0.745          pin: I_sys_clk_syn_2.sg09_di
HDIO                x033y078            0.629          1.374          pin: I_sys_clk_syn_2.di
net (fo=1)          x043y079            0.099          1.473          net: I_sys_clk_dup_1,  ../../../diagnostics/hdmi_positive/positive_top.v(54)
                                                                      pin: u_video/u_pll/u_ref/ph1p_phy_pll_wrapper_25a56e5ce2f9_Inst/u_PH1P_PHY_PLL.refclk
PLL                 x043y079            0.703          2.176          pin: u_video/u_pll/u_ref/ph1p_phy_pll_wrapper_25a56e5ce2f9_Inst/u_PH1P_PHY_PLL.clkc[0]
net (fo=1)                              0.711          2.887          net: u_video/u_pll/u_ref/clk0_buf,  ../../../user_source/hdl_source/native_hdmi_pll.v(32)
                                                                      pin: u_video/u_pll/u_ref/bufg_feedback.clkin[0]
GCLK                x023y039z16         0.014          2.901          pin: u_video/u_pll/u_ref/bufg_feedback.clkout
net (fo=1)                              0.322          3.223          net: u_video/u_pll/u_output/ph1p_phy_pll_wrapper_25a56e5ce2f9_Inst/refclk,  ../../../user_source/ip_source/PLL/RTL/ph1p_phy_pll_wrapper_25a56e5ce2f9.v(119)
                                                                      pin: u_video/u_pll/u_ref/bufg_feedback_auto_created_sclk_s_0_l_bk1.clkin
SCLK                x023y019z0          0.068          3.291          pin: u_video/u_pll/u_ref/bufg_feedback_auto_created_sclk_s_0_l_bk1.clkout
net (fo=1)          x000y039            0.255          3.546          net: u_video/u_pll/u_ref/bufg_feedback_auto_created_sclk_s_0_l_bk1_sclk_outnet,  NOFILE(0)
                                                                      pin: u_video/u_pll/u_output/ph1p_phy_pll_wrapper_25a56e5ce2f9_Inst/u_PH1P_PHY_PLL.refclk
PLL                 x000y039            0.703          4.249          pin: u_video/u_pll/u_output/ph1p_phy_pll_wrapper_25a56e5ce2f9_Inst/u_PH1P_PHY_PLL.clkc[0]
net (fo=1)                              0.698          4.947          net: u_video/u_pll/u_output/clk0_buf,  ../../../user_source/hdl_source/native_hdmi_pll.v(32)
                                                                      pin: u_video/u_pll/u_output/bufg_feedback.clkin[0]
GCLK                x023y039z1          0.014          4.961          pin: u_video/u_pll/u_output/bufg_feedback.clkout
net (fo=1)                              0.339          5.300          net: u_video/pixel,  ../../../diagnostics/hdmi_positive/positive_top.v(5)
                                                                      pin: u_video/u_pll/u_output/bufg_feedback_auto_created_sclk_s_1_r_bk2.clkin
SCLK                x023y059z13         0.068          5.368          pin: u_video/u_pll/u_output/bufg_feedback_auto_created_sclk_s_1_r_bk2.clkout
net (fo=36)                             0.555          5.923          net: u_video/u_pll/u_output/bufg_feedback_auto_created_sclk_s_1_r_bk2_sclk_outnet,  NOFILE(0)
                                                                      pin: u_video/y_reg[6]_syn_2.clk
capture edge                           13.468    r    19.391               
--------------------------------------------------------------------  ---------------
setup                                  -0.064         19.327               
clock uncertainty                      -0.103         19.224               
clock pessimism                         0.781         20.005               
--------------------------------------------------------------------  ---------------
Required                                              20.005               
--------------------------------------------------------------------  ---------------
Slack                                                 10.218               

Slack               : 10.218ns
Begin Point         : u_video/add1_syn_81.clk (rising edge triggered by clock u_video/u_pll/u_output/ph1p_phy_pll_wrapper_25a56e5ce2f9_Inst/u_PH1P_PHY_PLL.clkc[0]  { rise@0.000000ns  fall@6.734000ns  period=13.468000 })
End Point           : u_video/y_reg[3]_syn_2.cea (rising edge triggered by clock u_video/u_pll/u_output/ph1p_phy_pll_wrapper_25a56e5ce2f9_Inst/u_PH1P_PHY_PLL.clkc[0]  { rise@0.000000ns  fall@6.734000ns  period=13.468000 })
Check Type          : setup
Process             : slow_m40c
Budget              : 13.468ns { u_video/u_pll/u_output/ph1p_phy_pll_wrapper_25a56e5ce2f9_Inst/u_PH1P_PHY_PLL.clkc[0] rising@13.468ns - u_video/u_pll/u_output/ph1p_phy_pll_wrapper_25a56e5ce2f9_Inst/u_PH1P_PHY_PLL.clkc[0] rising@0.000ns }
Data Path Delay     : 3.006ns (cell 0.599ns (19%), net 2.407ns (81%))
Clock Skew          : 0.077ns
Logic Level         : 2 ( LUT6=1  LUT2=1 )
Max Fanout          : 15
Clock Uncertainty   : 0.103ns (sdc uncertainty: 0.000ns, default uncertainty: 0.103ns)

Delay Type          Location             Incr           Path   Level  Netlist Info
--------------------------------------------------------------------  ---------------
source latency                          0.000          0.000               
port                C4                  0.000          0.000          pin: I_sys_clk
hierarchy                               0.000          0.000          pin: I_sys_clk_syn_2.ipad
HDIO                x033y078            0.810          0.810          pin: I_sys_clk_syn_2.sg09_di
HDIO                x033y078            0.684          1.494          pin: I_sys_clk_syn_2.di
net (fo=1)          x043y079            0.115          1.609          net: I_sys_clk_dup_1,  ../../../diagnostics/hdmi_positive/positive_top.v(54)
                                                                      pin: u_video/u_pll/u_ref/ph1p_phy_pll_wrapper_25a56e5ce2f9_Inst/u_PH1P_PHY_PLL.refclk
PLL                 x043y079            0.814          2.423          pin: u_video/u_pll/u_ref/ph1p_phy_pll_wrapper_25a56e5ce2f9_Inst/u_PH1P_PHY_PLL.clkc[0]
net (fo=1)                              0.830          3.253          net: u_video/u_pll/u_ref/clk0_buf,  ../../../user_source/hdl_source/native_hdmi_pll.v(32)
                                                                      pin: u_video/u_pll/u_ref/bufg_feedback.clkin[0]
GCLK                x023y039z16         0.016          3.269          pin: u_video/u_pll/u_ref/bufg_feedback.clkout
net (fo=1)                              0.375          3.644          net: u_video/u_pll/u_output/ph1p_phy_pll_wrapper_25a56e5ce2f9_Inst/refclk,  ../../../user_source/ip_source/PLL/RTL/ph1p_phy_pll_wrapper_25a56e5ce2f9.v(119)
                                                                      pin: u_video/u_pll/u_ref/bufg_feedback_auto_created_sclk_s_0_l_bk1.clkin
SCLK                x023y019z0          0.079          3.723          pin: u_video/u_pll/u_ref/bufg_feedback_auto_created_sclk_s_0_l_bk1.clkout
net (fo=1)          x000y039            0.299          4.022          net: u_video/u_pll/u_ref/bufg_feedback_auto_created_sclk_s_0_l_bk1_sclk_outnet,  NOFILE(0)
                                                                      pin: u_video/u_pll/u_output/ph1p_phy_pll_wrapper_25a56e5ce2f9_Inst/u_PH1P_PHY_PLL.refclk
PLL                 x000y039            0.814          4.836          pin: u_video/u_pll/u_output/ph1p_phy_pll_wrapper_25a56e5ce2f9_Inst/u_PH1P_PHY_PLL.clkc[0]
net (fo=1)                              0.816          5.652          net: u_video/u_pll/u_output/clk0_buf,  ../../../user_source/hdl_source/native_hdmi_pll.v(32)
                                                                      pin: u_video/u_pll/u_output/bufg_feedback.clkin[0]
GCLK                x023y039z1          0.016          5.668          pin: u_video/u_pll/u_output/bufg_feedback.clkout
net (fo=1)                              0.395          6.063          net: u_video/pixel,  ../../../diagnostics/hdmi_positive/positive_top.v(5)
                                                                      pin: u_video/u_pll/u_output/bufg_feedback_auto_created_sclk_s_1_r_bk2.clkin
SCLK                x023y059z13         0.079          6.142          pin: u_video/u_pll/u_output/bufg_feedback_auto_created_sclk_s_1_r_bk2.clkout
net (fo=36)                             0.639          6.781          net: u_video/u_pll/u_output/bufg_feedback_auto_created_sclk_s_1_r_bk2_sclk_outnet,  NOFILE(0)
                                                                      pin: u_video/add1_syn_81.clk
launch edge                             0.000    r     6.781               
--------------------------------------------------------------------  ---------------
clk2q               x035y047z7          0.137    r     6.918          pin: u_video/add1_syn_81.oqb
net (fo=5)                              0.976          7.894          net: u_video/x[7],  ../../../diagnostics/hdmi_positive/positive_top.v(16)
                                                                      pin: u_video/x_b[10]_syn_8.ie
LUT6                x034y048z0          0.190    r     8.084       1  pin: u_video/x_b[10]_syn_8.ofb
net (fo=1)                              0.382          8.466          net: u_video/x_b[10]_syn_4,  NOFILE(0)
                                                                      pin: u_video/u_phy/u0_lane_lvds_8_1/S_oddr_data_reg[0]_syn_2.imf
LUT2                x036y049z7          0.272    f     8.738       2  pin: u_video/u_phy/u0_lane_lvds_8_1/S_oddr_data_reg[0]_syn_2.ofa
net (fo=15)                             1.049          9.787          net: u_video/x_b_n,  NOFILE(0)
                                                                      pin: u_video/y_reg[3]_syn_2.cea
reg                 x033y047z0          0.000    f     9.787               
--------------------------------------------------------------------  ---------------
Arrival                                                9.787               

source latency                          0.000          0.000               
port                C4                  0.000          0.000          pin: I_sys_clk
hierarchy                               0.000          0.000          pin: I_sys_clk_syn_2.ipad
HDIO                x033y078            0.745          0.745          pin: I_sys_clk_syn_2.sg09_di
HDIO                x033y078            0.629          1.374          pin: I_sys_clk_syn_2.di
net (fo=1)          x043y079            0.099          1.473          net: I_sys_clk_dup_1,  ../../../diagnostics/hdmi_positive/positive_top.v(54)
                                                                      pin: u_video/u_pll/u_ref/ph1p_phy_pll_wrapper_25a56e5ce2f9_Inst/u_PH1P_PHY_PLL.refclk
PLL                 x043y079            0.703          2.176          pin: u_video/u_pll/u_ref/ph1p_phy_pll_wrapper_25a56e5ce2f9_Inst/u_PH1P_PHY_PLL.clkc[0]
net (fo=1)                              0.711          2.887          net: u_video/u_pll/u_ref/clk0_buf,  ../../../user_source/hdl_source/native_hdmi_pll.v(32)
                                                                      pin: u_video/u_pll/u_ref/bufg_feedback.clkin[0]
GCLK                x023y039z16         0.014          2.901          pin: u_video/u_pll/u_ref/bufg_feedback.clkout
net (fo=1)                              0.322          3.223          net: u_video/u_pll/u_output/ph1p_phy_pll_wrapper_25a56e5ce2f9_Inst/refclk,  ../../../user_source/ip_source/PLL/RTL/ph1p_phy_pll_wrapper_25a56e5ce2f9.v(119)
                                                                      pin: u_video/u_pll/u_ref/bufg_feedback_auto_created_sclk_s_0_l_bk1.clkin
SCLK                x023y019z0          0.068          3.291          pin: u_video/u_pll/u_ref/bufg_feedback_auto_created_sclk_s_0_l_bk1.clkout
net (fo=1)          x000y039            0.255          3.546          net: u_video/u_pll/u_ref/bufg_feedback_auto_created_sclk_s_0_l_bk1_sclk_outnet,  NOFILE(0)
                                                                      pin: u_video/u_pll/u_output/ph1p_phy_pll_wrapper_25a56e5ce2f9_Inst/u_PH1P_PHY_PLL.refclk
PLL                 x000y039            0.703          4.249          pin: u_video/u_pll/u_output/ph1p_phy_pll_wrapper_25a56e5ce2f9_Inst/u_PH1P_PHY_PLL.clkc[0]
net (fo=1)                              0.698          4.947          net: u_video/u_pll/u_output/clk0_buf,  ../../../user_source/hdl_source/native_hdmi_pll.v(32)
                                                                      pin: u_video/u_pll/u_output/bufg_feedback.clkin[0]
GCLK                x023y039z1          0.014          4.961          pin: u_video/u_pll/u_output/bufg_feedback.clkout
net (fo=1)                              0.339          5.300          net: u_video/pixel,  ../../../diagnostics/hdmi_positive/positive_top.v(5)
                                                                      pin: u_video/u_pll/u_output/bufg_feedback_auto_created_sclk_s_1_r_bk2.clkin
SCLK                x023y059z13         0.068          5.368          pin: u_video/u_pll/u_output/bufg_feedback_auto_created_sclk_s_1_r_bk2.clkout
net (fo=36)                             0.555          5.923          net: u_video/u_pll/u_output/bufg_feedback_auto_created_sclk_s_1_r_bk2_sclk_outnet,  NOFILE(0)
                                                                      pin: u_video/y_reg[3]_syn_2.clk
capture edge                           13.468    r    19.391               
--------------------------------------------------------------------  ---------------
setup                                  -0.064         19.327               
clock uncertainty                      -0.103         19.224               
clock pessimism                         0.781         20.005               
--------------------------------------------------------------------  ---------------
Required                                              20.005               
--------------------------------------------------------------------  ---------------
Slack                                                 10.218               

Slack               : 10.416ns
Begin Point         : u_video/add1_syn_81.clk (rising edge triggered by clock u_video/u_pll/u_output/ph1p_phy_pll_wrapper_25a56e5ce2f9_Inst/u_PH1P_PHY_PLL.clkc[0]  { rise@0.000000ns  fall@6.734000ns  period=13.468000 })
End Point           : u_video/y_reg[4]_syn_2.cea (rising edge triggered by clock u_video/u_pll/u_output/ph1p_phy_pll_wrapper_25a56e5ce2f9_Inst/u_PH1P_PHY_PLL.clkc[0]  { rise@0.000000ns  fall@6.734000ns  period=13.468000 })
Check Type          : setup
Process             : slow_m40c
Budget              : 13.468ns { u_video/u_pll/u_output/ph1p_phy_pll_wrapper_25a56e5ce2f9_Inst/u_PH1P_PHY_PLL.clkc[0] rising@13.468ns - u_video/u_pll/u_output/ph1p_phy_pll_wrapper_25a56e5ce2f9_Inst/u_PH1P_PHY_PLL.clkc[0] rising@0.000ns }
Data Path Delay     : 2.808ns (cell 0.599ns (21%), net 2.209ns (79%))
Clock Skew          : 0.077ns
Logic Level         : 2 ( LUT6=1  LUT2=1 )
Max Fanout          : 15
Clock Uncertainty   : 0.103ns (sdc uncertainty: 0.000ns, default uncertainty: 0.103ns)

Delay Type          Location             Incr           Path   Level  Netlist Info
--------------------------------------------------------------------  ---------------
source latency                          0.000          0.000               
port                C4                  0.000          0.000          pin: I_sys_clk
hierarchy                               0.000          0.000          pin: I_sys_clk_syn_2.ipad
HDIO                x033y078            0.810          0.810          pin: I_sys_clk_syn_2.sg09_di
HDIO                x033y078            0.684          1.494          pin: I_sys_clk_syn_2.di
net (fo=1)          x043y079            0.115          1.609          net: I_sys_clk_dup_1,  ../../../diagnostics/hdmi_positive/positive_top.v(54)
                                                                      pin: u_video/u_pll/u_ref/ph1p_phy_pll_wrapper_25a56e5ce2f9_Inst/u_PH1P_PHY_PLL.refclk
PLL                 x043y079            0.814          2.423          pin: u_video/u_pll/u_ref/ph1p_phy_pll_wrapper_25a56e5ce2f9_Inst/u_PH1P_PHY_PLL.clkc[0]
net (fo=1)                              0.830          3.253          net: u_video/u_pll/u_ref/clk0_buf,  ../../../user_source/hdl_source/native_hdmi_pll.v(32)
                                                                      pin: u_video/u_pll/u_ref/bufg_feedback.clkin[0]
GCLK                x023y039z16         0.016          3.269          pin: u_video/u_pll/u_ref/bufg_feedback.clkout
net (fo=1)                              0.375          3.644          net: u_video/u_pll/u_output/ph1p_phy_pll_wrapper_25a56e5ce2f9_Inst/refclk,  ../../../user_source/ip_source/PLL/RTL/ph1p_phy_pll_wrapper_25a56e5ce2f9.v(119)
                                                                      pin: u_video/u_pll/u_ref/bufg_feedback_auto_created_sclk_s_0_l_bk1.clkin
SCLK                x023y019z0          0.079          3.723          pin: u_video/u_pll/u_ref/bufg_feedback_auto_created_sclk_s_0_l_bk1.clkout
net (fo=1)          x000y039            0.299          4.022          net: u_video/u_pll/u_ref/bufg_feedback_auto_created_sclk_s_0_l_bk1_sclk_outnet,  NOFILE(0)
                                                                      pin: u_video/u_pll/u_output/ph1p_phy_pll_wrapper_25a56e5ce2f9_Inst/u_PH1P_PHY_PLL.refclk
PLL                 x000y039            0.814          4.836          pin: u_video/u_pll/u_output/ph1p_phy_pll_wrapper_25a56e5ce2f9_Inst/u_PH1P_PHY_PLL.clkc[0]
net (fo=1)                              0.816          5.652          net: u_video/u_pll/u_output/clk0_buf,  ../../../user_source/hdl_source/native_hdmi_pll.v(32)
                                                                      pin: u_video/u_pll/u_output/bufg_feedback.clkin[0]
GCLK                x023y039z1          0.016          5.668          pin: u_video/u_pll/u_output/bufg_feedback.clkout
net (fo=1)                              0.395          6.063          net: u_video/pixel,  ../../../diagnostics/hdmi_positive/positive_top.v(5)
                                                                      pin: u_video/u_pll/u_output/bufg_feedback_auto_created_sclk_s_1_r_bk2.clkin
SCLK                x023y059z13         0.079          6.142          pin: u_video/u_pll/u_output/bufg_feedback_auto_created_sclk_s_1_r_bk2.clkout
net (fo=36)                             0.639          6.781          net: u_video/u_pll/u_output/bufg_feedback_auto_created_sclk_s_1_r_bk2_sclk_outnet,  NOFILE(0)
                                                                      pin: u_video/add1_syn_81.clk
launch edge                             0.000    r     6.781               
--------------------------------------------------------------------  ---------------
clk2q               x035y047z7          0.137    r     6.918          pin: u_video/add1_syn_81.oqb
net (fo=5)                              0.976          7.894          net: u_video/x[7],  ../../../diagnostics/hdmi_positive/positive_top.v(16)
                                                                      pin: u_video/x_b[10]_syn_8.ie
LUT6                x034y048z0          0.190    r     8.084       1  pin: u_video/x_b[10]_syn_8.ofb
net (fo=1)                              0.382          8.466          net: u_video/x_b[10]_syn_4,  NOFILE(0)
                                                                      pin: u_video/u_phy/u0_lane_lvds_8_1/S_oddr_data_reg[0]_syn_2.imf
LUT2                x036y049z7          0.272    f     8.738       2  pin: u_video/u_phy/u0_lane_lvds_8_1/S_oddr_data_reg[0]_syn_2.ofa
net (fo=15)                             0.851          9.589          net: u_video/x_b_n,  NOFILE(0)
                                                                      pin: u_video/y_reg[4]_syn_2.cea
reg                 x033y047z4          0.000    f     9.589               
--------------------------------------------------------------------  ---------------
Arrival                                                9.589               

source latency                          0.000          0.000               
port                C4                  0.000          0.000          pin: I_sys_clk
hierarchy                               0.000          0.000          pin: I_sys_clk_syn_2.ipad
HDIO                x033y078            0.745          0.745          pin: I_sys_clk_syn_2.sg09_di
HDIO                x033y078            0.629          1.374          pin: I_sys_clk_syn_2.di
net (fo=1)          x043y079            0.099          1.473          net: I_sys_clk_dup_1,  ../../../diagnostics/hdmi_positive/positive_top.v(54)
                                                                      pin: u_video/u_pll/u_ref/ph1p_phy_pll_wrapper_25a56e5ce2f9_Inst/u_PH1P_PHY_PLL.refclk
PLL                 x043y079            0.703          2.176          pin: u_video/u_pll/u_ref/ph1p_phy_pll_wrapper_25a56e5ce2f9_Inst/u_PH1P_PHY_PLL.clkc[0]
net (fo=1)                              0.711          2.887          net: u_video/u_pll/u_ref/clk0_buf,  ../../../user_source/hdl_source/native_hdmi_pll.v(32)
                                                                      pin: u_video/u_pll/u_ref/bufg_feedback.clkin[0]
GCLK                x023y039z16         0.014          2.901          pin: u_video/u_pll/u_ref/bufg_feedback.clkout
net (fo=1)                              0.322          3.223          net: u_video/u_pll/u_output/ph1p_phy_pll_wrapper_25a56e5ce2f9_Inst/refclk,  ../../../user_source/ip_source/PLL/RTL/ph1p_phy_pll_wrapper_25a56e5ce2f9.v(119)
                                                                      pin: u_video/u_pll/u_ref/bufg_feedback_auto_created_sclk_s_0_l_bk1.clkin
SCLK                x023y019z0          0.068          3.291          pin: u_video/u_pll/u_ref/bufg_feedback_auto_created_sclk_s_0_l_bk1.clkout
net (fo=1)          x000y039            0.255          3.546          net: u_video/u_pll/u_ref/bufg_feedback_auto_created_sclk_s_0_l_bk1_sclk_outnet,  NOFILE(0)
                                                                      pin: u_video/u_pll/u_output/ph1p_phy_pll_wrapper_25a56e5ce2f9_Inst/u_PH1P_PHY_PLL.refclk
PLL                 x000y039            0.703          4.249          pin: u_video/u_pll/u_output/ph1p_phy_pll_wrapper_25a56e5ce2f9_Inst/u_PH1P_PHY_PLL.clkc[0]
net (fo=1)                              0.698          4.947          net: u_video/u_pll/u_output/clk0_buf,  ../../../user_source/hdl_source/native_hdmi_pll.v(32)
                                                                      pin: u_video/u_pll/u_output/bufg_feedback.clkin[0]
GCLK                x023y039z1          0.014          4.961          pin: u_video/u_pll/u_output/bufg_feedback.clkout
net (fo=1)                              0.339          5.300          net: u_video/pixel,  ../../../diagnostics/hdmi_positive/positive_top.v(5)
                                                                      pin: u_video/u_pll/u_output/bufg_feedback_auto_created_sclk_s_1_r_bk2.clkin
SCLK                x023y059z13         0.068          5.368          pin: u_video/u_pll/u_output/bufg_feedback_auto_created_sclk_s_1_r_bk2.clkout
net (fo=36)                             0.555          5.923          net: u_video/u_pll/u_output/bufg_feedback_auto_created_sclk_s_1_r_bk2_sclk_outnet,  NOFILE(0)
                                                                      pin: u_video/y_reg[4]_syn_2.clk
capture edge                           13.468    r    19.391               
--------------------------------------------------------------------  ---------------
setup                                  -0.064         19.327               
clock uncertainty                      -0.103         19.224               
clock pessimism                         0.781         20.005               
--------------------------------------------------------------------  ---------------
Required                                              20.005               
--------------------------------------------------------------------  ---------------
Slack                                                 10.416               

Slack               : 10.552ns
Begin Point         : u_video/add1_syn_81.clk (rising edge triggered by clock u_video/u_pll/u_output/ph1p_phy_pll_wrapper_25a56e5ce2f9_Inst/u_PH1P_PHY_PLL.clkc[0]  { rise@0.000000ns  fall@6.734000ns  period=13.468000 })
End Point           : u_video/x_reg[1]_syn_2.ic (rising edge triggered by clock u_video/u_pll/u_output/ph1p_phy_pll_wrapper_25a56e5ce2f9_Inst/u_PH1P_PHY_PLL.clkc[0]  { rise@0.000000ns  fall@6.734000ns  period=13.468000 })
Check Type          : setup
Process             : slow_m40c
Budget              : 13.468ns { u_video/u_pll/u_output/ph1p_phy_pll_wrapper_25a56e5ce2f9_Inst/u_PH1P_PHY_PLL.clkc[0] rising@13.468ns - u_video/u_pll/u_output/ph1p_phy_pll_wrapper_25a56e5ce2f9_Inst/u_PH1P_PHY_PLL.clkc[0] rising@0.000ns }
Data Path Delay     : 2.738ns (cell 0.954ns (34%), net 1.784ns (66%))
Clock Skew          : 0.011ns
Logic Level         : 3 ( LUT2=2  LUT6=1 )
Max Fanout          : 15
Clock Uncertainty   : 0.103ns (sdc uncertainty: 0.000ns, default uncertainty: 0.103ns)

Delay Type          Location             Incr           Path   Level  Netlist Info
--------------------------------------------------------------------  ---------------
source latency                          0.000          0.000               
port                C4                  0.000          0.000          pin: I_sys_clk
hierarchy                               0.000          0.000          pin: I_sys_clk_syn_2.ipad
HDIO                x033y078            0.810          0.810          pin: I_sys_clk_syn_2.sg09_di
HDIO                x033y078            0.684          1.494          pin: I_sys_clk_syn_2.di
net (fo=1)          x043y079            0.115          1.609          net: I_sys_clk_dup_1,  ../../../diagnostics/hdmi_positive/positive_top.v(54)
                                                                      pin: u_video/u_pll/u_ref/ph1p_phy_pll_wrapper_25a56e5ce2f9_Inst/u_PH1P_PHY_PLL.refclk
PLL                 x043y079            0.814          2.423          pin: u_video/u_pll/u_ref/ph1p_phy_pll_wrapper_25a56e5ce2f9_Inst/u_PH1P_PHY_PLL.clkc[0]
net (fo=1)                              0.830          3.253          net: u_video/u_pll/u_ref/clk0_buf,  ../../../user_source/hdl_source/native_hdmi_pll.v(32)
                                                                      pin: u_video/u_pll/u_ref/bufg_feedback.clkin[0]
GCLK                x023y039z16         0.016          3.269          pin: u_video/u_pll/u_ref/bufg_feedback.clkout
net (fo=1)                              0.375          3.644          net: u_video/u_pll/u_output/ph1p_phy_pll_wrapper_25a56e5ce2f9_Inst/refclk,  ../../../user_source/ip_source/PLL/RTL/ph1p_phy_pll_wrapper_25a56e5ce2f9.v(119)
                                                                      pin: u_video/u_pll/u_ref/bufg_feedback_auto_created_sclk_s_0_l_bk1.clkin
SCLK                x023y019z0          0.079          3.723          pin: u_video/u_pll/u_ref/bufg_feedback_auto_created_sclk_s_0_l_bk1.clkout
net (fo=1)          x000y039            0.299          4.022          net: u_video/u_pll/u_ref/bufg_feedback_auto_created_sclk_s_0_l_bk1_sclk_outnet,  NOFILE(0)
                                                                      pin: u_video/u_pll/u_output/ph1p_phy_pll_wrapper_25a56e5ce2f9_Inst/u_PH1P_PHY_PLL.refclk
PLL                 x000y039            0.814          4.836          pin: u_video/u_pll/u_output/ph1p_phy_pll_wrapper_25a56e5ce2f9_Inst/u_PH1P_PHY_PLL.clkc[0]
net (fo=1)                              0.816          5.652          net: u_video/u_pll/u_output/clk0_buf,  ../../../user_source/hdl_source/native_hdmi_pll.v(32)
                                                                      pin: u_video/u_pll/u_output/bufg_feedback.clkin[0]
GCLK                x023y039z1          0.016          5.668          pin: u_video/u_pll/u_output/bufg_feedback.clkout
net (fo=1)                              0.395          6.063          net: u_video/pixel,  ../../../diagnostics/hdmi_positive/positive_top.v(5)
                                                                      pin: u_video/u_pll/u_output/bufg_feedback_auto_created_sclk_s_1_r_bk2.clkin
SCLK                x023y059z13         0.079          6.142          pin: u_video/u_pll/u_output/bufg_feedback_auto_created_sclk_s_1_r_bk2.clkout
net (fo=36)                             0.639          6.781          net: u_video/u_pll/u_output/bufg_feedback_auto_created_sclk_s_1_r_bk2_sclk_outnet,  NOFILE(0)
                                                                      pin: u_video/add1_syn_81.clk
launch edge                             0.000    r     6.781               
--------------------------------------------------------------------  ---------------
clk2q               x035y047z7          0.137    r     6.918          pin: u_video/add1_syn_81.oqb
net (fo=5)                              0.976          7.894          net: u_video/x[7],  ../../../diagnostics/hdmi_positive/positive_top.v(16)
                                                                      pin: u_video/x_b[10]_syn_8.ie
LUT6                x034y048z0          0.190    r     8.084       1  pin: u_video/x_b[10]_syn_8.ofb
net (fo=1)                              0.382          8.466          net: u_video/x_b[10]_syn_4,  NOFILE(0)
                                                                      pin: u_video/u_phy/u0_lane_lvds_8_1/S_oddr_data_reg[0]_syn_2.imf
LUT2                x036y049z7          0.272    f     8.738       2  pin: u_video/u_phy/u0_lane_lvds_8_1/S_oddr_data_reg[0]_syn_2.ofa
net (fo=15)                             0.426          9.164          net: u_video/x_b_n,  NOFILE(0)
                                                                      pin: u_video/x_reg[1]_syn_2.ic
LUT2 (reg)          x034y046z7          0.355    f     9.519       3  net: u_video/x[1],  ../../../diagnostics/hdmi_positive/positive_top.v(16)
--------------------------------------------------------------------  ---------------
Arrival                                                9.519               

source latency                          0.000          0.000               
port                C4                  0.000          0.000          pin: I_sys_clk
hierarchy                               0.000          0.000          pin: I_sys_clk_syn_2.ipad
HDIO                x033y078            0.745          0.745          pin: I_sys_clk_syn_2.sg09_di
HDIO                x033y078            0.629          1.374          pin: I_sys_clk_syn_2.di
net (fo=1)          x043y079            0.099          1.473          net: I_sys_clk_dup_1,  ../../../diagnostics/hdmi_positive/positive_top.v(54)
                                                                      pin: u_video/u_pll/u_ref/ph1p_phy_pll_wrapper_25a56e5ce2f9_Inst/u_PH1P_PHY_PLL.refclk
PLL                 x043y079            0.703          2.176          pin: u_video/u_pll/u_ref/ph1p_phy_pll_wrapper_25a56e5ce2f9_Inst/u_PH1P_PHY_PLL.clkc[0]
net (fo=1)                              0.711          2.887          net: u_video/u_pll/u_ref/clk0_buf,  ../../../user_source/hdl_source/native_hdmi_pll.v(32)
                                                                      pin: u_video/u_pll/u_ref/bufg_feedback.clkin[0]
GCLK                x023y039z16         0.014          2.901          pin: u_video/u_pll/u_ref/bufg_feedback.clkout
net (fo=1)                              0.322          3.223          net: u_video/u_pll/u_output/ph1p_phy_pll_wrapper_25a56e5ce2f9_Inst/refclk,  ../../../user_source/ip_source/PLL/RTL/ph1p_phy_pll_wrapper_25a56e5ce2f9.v(119)
                                                                      pin: u_video/u_pll/u_ref/bufg_feedback_auto_created_sclk_s_0_l_bk1.clkin
SCLK                x023y019z0          0.068          3.291          pin: u_video/u_pll/u_ref/bufg_feedback_auto_created_sclk_s_0_l_bk1.clkout
net (fo=1)          x000y039            0.255          3.546          net: u_video/u_pll/u_ref/bufg_feedback_auto_created_sclk_s_0_l_bk1_sclk_outnet,  NOFILE(0)
                                                                      pin: u_video/u_pll/u_output/ph1p_phy_pll_wrapper_25a56e5ce2f9_Inst/u_PH1P_PHY_PLL.refclk
PLL                 x000y039            0.703          4.249          pin: u_video/u_pll/u_output/ph1p_phy_pll_wrapper_25a56e5ce2f9_Inst/u_PH1P_PHY_PLL.clkc[0]
net (fo=1)                              0.698          4.947          net: u_video/u_pll/u_output/clk0_buf,  ../../../user_source/hdl_source/native_hdmi_pll.v(32)
                                                                      pin: u_video/u_pll/u_output/bufg_feedback.clkin[0]
GCLK                x023y039z1          0.014          4.961          pin: u_video/u_pll/u_output/bufg_feedback.clkout
net (fo=1)                              0.339          5.300          net: u_video/pixel,  ../../../diagnostics/hdmi_positive/positive_top.v(5)
                                                                      pin: u_video/u_pll/u_output/bufg_feedback_auto_created_sclk_s_1_r_bk2.clkin
SCLK                x023y059z13         0.068          5.368          pin: u_video/u_pll/u_output/bufg_feedback_auto_created_sclk_s_1_r_bk2.clkout
net (fo=36)                             0.556          5.924          net: u_video/u_pll/u_output/bufg_feedback_auto_created_sclk_s_1_r_bk2_sclk_outnet,  NOFILE(0)
                                                                      pin: u_video/x_reg[1]_syn_2.clk
capture edge                           13.468    r    19.392               
--------------------------------------------------------------------  ---------------
setup                                  -0.064         19.328               
clock uncertainty                      -0.103         19.225               
clock pessimism                         0.846         20.071               
--------------------------------------------------------------------  ---------------
Required                                              20.071               
--------------------------------------------------------------------  ---------------
Slack                                                 10.552               

Slack               : 10.574ns
Begin Point         : u_video/add1_syn_81.clk (rising edge triggered by clock u_video/u_pll/u_output/ph1p_phy_pll_wrapper_25a56e5ce2f9_Inst/u_PH1P_PHY_PLL.clkc[0]  { rise@0.000000ns  fall@6.734000ns  period=13.468000 })
End Point           : u_video/x_reg[5]_syn_2.ia (rising edge triggered by clock u_video/u_pll/u_output/ph1p_phy_pll_wrapper_25a56e5ce2f9_Inst/u_PH1P_PHY_PLL.clkc[0]  { rise@0.000000ns  fall@6.734000ns  period=13.468000 })
Check Type          : setup
Process             : slow_m40c
Budget              : 13.468ns { u_video/u_pll/u_output/ph1p_phy_pll_wrapper_25a56e5ce2f9_Inst/u_PH1P_PHY_PLL.clkc[0] rising@13.468ns - u_video/u_pll/u_output/ph1p_phy_pll_wrapper_25a56e5ce2f9_Inst/u_PH1P_PHY_PLL.clkc[0] rising@0.000ns }
Data Path Delay     : 2.716ns (cell 1.034ns (38%), net 1.682ns (62%))
Clock Skew          : 0.011ns
Logic Level         : 3 ( LUT2=2  LUT6=1 )
Max Fanout          : 15
Clock Uncertainty   : 0.103ns (sdc uncertainty: 0.000ns, default uncertainty: 0.103ns)

Delay Type          Location             Incr           Path   Level  Netlist Info
--------------------------------------------------------------------  ---------------
source latency                          0.000          0.000               
port                C4                  0.000          0.000          pin: I_sys_clk
hierarchy                               0.000          0.000          pin: I_sys_clk_syn_2.ipad
HDIO                x033y078            0.810          0.810          pin: I_sys_clk_syn_2.sg09_di
HDIO                x033y078            0.684          1.494          pin: I_sys_clk_syn_2.di
net (fo=1)          x043y079            0.115          1.609          net: I_sys_clk_dup_1,  ../../../diagnostics/hdmi_positive/positive_top.v(54)
                                                                      pin: u_video/u_pll/u_ref/ph1p_phy_pll_wrapper_25a56e5ce2f9_Inst/u_PH1P_PHY_PLL.refclk
PLL                 x043y079            0.814          2.423          pin: u_video/u_pll/u_ref/ph1p_phy_pll_wrapper_25a56e5ce2f9_Inst/u_PH1P_PHY_PLL.clkc[0]
net (fo=1)                              0.830          3.253          net: u_video/u_pll/u_ref/clk0_buf,  ../../../user_source/hdl_source/native_hdmi_pll.v(32)
                                                                      pin: u_video/u_pll/u_ref/bufg_feedback.clkin[0]
GCLK                x023y039z16         0.016          3.269          pin: u_video/u_pll/u_ref/bufg_feedback.clkout
net (fo=1)                              0.375          3.644          net: u_video/u_pll/u_output/ph1p_phy_pll_wrapper_25a56e5ce2f9_Inst/refclk,  ../../../user_source/ip_source/PLL/RTL/ph1p_phy_pll_wrapper_25a56e5ce2f9.v(119)
                                                                      pin: u_video/u_pll/u_ref/bufg_feedback_auto_created_sclk_s_0_l_bk1.clkin
SCLK                x023y019z0          0.079          3.723          pin: u_video/u_pll/u_ref/bufg_feedback_auto_created_sclk_s_0_l_bk1.clkout
net (fo=1)          x000y039            0.299          4.022          net: u_video/u_pll/u_ref/bufg_feedback_auto_created_sclk_s_0_l_bk1_sclk_outnet,  NOFILE(0)
                                                                      pin: u_video/u_pll/u_output/ph1p_phy_pll_wrapper_25a56e5ce2f9_Inst/u_PH1P_PHY_PLL.refclk
PLL                 x000y039            0.814          4.836          pin: u_video/u_pll/u_output/ph1p_phy_pll_wrapper_25a56e5ce2f9_Inst/u_PH1P_PHY_PLL.clkc[0]
net (fo=1)                              0.816          5.652          net: u_video/u_pll/u_output/clk0_buf,  ../../../user_source/hdl_source/native_hdmi_pll.v(32)
                                                                      pin: u_video/u_pll/u_output/bufg_feedback.clkin[0]
GCLK                x023y039z1          0.016          5.668          pin: u_video/u_pll/u_output/bufg_feedback.clkout
net (fo=1)                              0.395          6.063          net: u_video/pixel,  ../../../diagnostics/hdmi_positive/positive_top.v(5)
                                                                      pin: u_video/u_pll/u_output/bufg_feedback_auto_created_sclk_s_1_r_bk2.clkin
SCLK                x023y059z13         0.079          6.142          pin: u_video/u_pll/u_output/bufg_feedback_auto_created_sclk_s_1_r_bk2.clkout
net (fo=36)                             0.639          6.781          net: u_video/u_pll/u_output/bufg_feedback_auto_created_sclk_s_1_r_bk2_sclk_outnet,  NOFILE(0)
                                                                      pin: u_video/add1_syn_81.clk
launch edge                             0.000    r     6.781               
--------------------------------------------------------------------  ---------------
clk2q               x035y047z7          0.137    r     6.918          pin: u_video/add1_syn_81.oqb
net (fo=5)                              0.976          7.894          net: u_video/x[7],  ../../../diagnostics/hdmi_positive/positive_top.v(16)
                                                                      pin: u_video/x_b[10]_syn_8.ie
LUT6                x034y048z0          0.190    r     8.084       1  pin: u_video/x_b[10]_syn_8.ofb
net (fo=1)                              0.382          8.466          net: u_video/x_b[10]_syn_4,  NOFILE(0)
                                                                      pin: u_video/u_phy/u0_lane_lvds_8_1/S_oddr_data_reg[0]_syn_2.imf
LUT2                x036y049z7          0.272    f     8.738       2  pin: u_video/u_phy/u0_lane_lvds_8_1/S_oddr_data_reg[0]_syn_2.ofa
net (fo=15)                             0.324          9.062          net: u_video/x_b_n,  NOFILE(0)
                                                                      pin: u_video/x_reg[5]_syn_2.ia
LUT2 (reg)          x035y046z7          0.435    r     9.497       3  net: u_video/x[5],  ../../../diagnostics/hdmi_positive/positive_top.v(16)
--------------------------------------------------------------------  ---------------
Arrival                                                9.497               

source latency                          0.000          0.000               
port                C4                  0.000          0.000          pin: I_sys_clk
hierarchy                               0.000          0.000          pin: I_sys_clk_syn_2.ipad
HDIO                x033y078            0.745          0.745          pin: I_sys_clk_syn_2.sg09_di
HDIO                x033y078            0.629          1.374          pin: I_sys_clk_syn_2.di
net (fo=1)          x043y079            0.099          1.473          net: I_sys_clk_dup_1,  ../../../diagnostics/hdmi_positive/positive_top.v(54)
                                                                      pin: u_video/u_pll/u_ref/ph1p_phy_pll_wrapper_25a56e5ce2f9_Inst/u_PH1P_PHY_PLL.refclk
PLL                 x043y079            0.703          2.176          pin: u_video/u_pll/u_ref/ph1p_phy_pll_wrapper_25a56e5ce2f9_Inst/u_PH1P_PHY_PLL.clkc[0]
net (fo=1)                              0.711          2.887          net: u_video/u_pll/u_ref/clk0_buf,  ../../../user_source/hdl_source/native_hdmi_pll.v(32)
                                                                      pin: u_video/u_pll/u_ref/bufg_feedback.clkin[0]
GCLK                x023y039z16         0.014          2.901          pin: u_video/u_pll/u_ref/bufg_feedback.clkout
net (fo=1)                              0.322          3.223          net: u_video/u_pll/u_output/ph1p_phy_pll_wrapper_25a56e5ce2f9_Inst/refclk,  ../../../user_source/ip_source/PLL/RTL/ph1p_phy_pll_wrapper_25a56e5ce2f9.v(119)
                                                                      pin: u_video/u_pll/u_ref/bufg_feedback_auto_created_sclk_s_0_l_bk1.clkin
SCLK                x023y019z0          0.068          3.291          pin: u_video/u_pll/u_ref/bufg_feedback_auto_created_sclk_s_0_l_bk1.clkout
net (fo=1)          x000y039            0.255          3.546          net: u_video/u_pll/u_ref/bufg_feedback_auto_created_sclk_s_0_l_bk1_sclk_outnet,  NOFILE(0)
                                                                      pin: u_video/u_pll/u_output/ph1p_phy_pll_wrapper_25a56e5ce2f9_Inst/u_PH1P_PHY_PLL.refclk
PLL                 x000y039            0.703          4.249          pin: u_video/u_pll/u_output/ph1p_phy_pll_wrapper_25a56e5ce2f9_Inst/u_PH1P_PHY_PLL.clkc[0]
net (fo=1)                              0.698          4.947          net: u_video/u_pll/u_output/clk0_buf,  ../../../user_source/hdl_source/native_hdmi_pll.v(32)
                                                                      pin: u_video/u_pll/u_output/bufg_feedback.clkin[0]
GCLK                x023y039z1          0.014          4.961          pin: u_video/u_pll/u_output/bufg_feedback.clkout
net (fo=1)                              0.339          5.300          net: u_video/pixel,  ../../../diagnostics/hdmi_positive/positive_top.v(5)
                                                                      pin: u_video/u_pll/u_output/bufg_feedback_auto_created_sclk_s_1_r_bk2.clkin
SCLK                x023y059z13         0.068          5.368          pin: u_video/u_pll/u_output/bufg_feedback_auto_created_sclk_s_1_r_bk2.clkout
net (fo=36)                             0.556          5.924          net: u_video/u_pll/u_output/bufg_feedback_auto_created_sclk_s_1_r_bk2_sclk_outnet,  NOFILE(0)
                                                                      pin: u_video/x_reg[5]_syn_2.clk
capture edge                           13.468    r    19.392               
--------------------------------------------------------------------  ---------------
setup                                  -0.064         19.328               
clock uncertainty                      -0.103         19.225               
clock pessimism                         0.846         20.071               
--------------------------------------------------------------------  ---------------
Required                                              20.071               
--------------------------------------------------------------------  ---------------
Slack                                                 10.574               

Slack               : 10.598ns
Begin Point         : u_video/add1_syn_81.clk (rising edge triggered by clock u_video/u_pll/u_output/ph1p_phy_pll_wrapper_25a56e5ce2f9_Inst/u_PH1P_PHY_PLL.clkc[0]  { rise@0.000000ns  fall@6.734000ns  period=13.468000 })
End Point           : u_video/y_reg[9]_syn_2.cea (rising edge triggered by clock u_video/u_pll/u_output/ph1p_phy_pll_wrapper_25a56e5ce2f9_Inst/u_PH1P_PHY_PLL.clkc[0]  { rise@0.000000ns  fall@6.734000ns  period=13.468000 })
Check Type          : setup
Process             : slow_m40c
Budget              : 13.468ns { u_video/u_pll/u_output/ph1p_phy_pll_wrapper_25a56e5ce2f9_Inst/u_PH1P_PHY_PLL.clkc[0] rising@13.468ns - u_video/u_pll/u_output/ph1p_phy_pll_wrapper_25a56e5ce2f9_Inst/u_PH1P_PHY_PLL.clkc[0] rising@0.000ns }
Data Path Delay     : 2.692ns (cell 0.599ns (22%), net 2.093ns (78%))
Clock Skew          : 0.011ns
Logic Level         : 2 ( LUT6=1  LUT2=1 )
Max Fanout          : 15
Clock Uncertainty   : 0.103ns (sdc uncertainty: 0.000ns, default uncertainty: 0.103ns)

Delay Type          Location             Incr           Path   Level  Netlist Info
--------------------------------------------------------------------  ---------------
source latency                          0.000          0.000               
port                C4                  0.000          0.000          pin: I_sys_clk
hierarchy                               0.000          0.000          pin: I_sys_clk_syn_2.ipad
HDIO                x033y078            0.810          0.810          pin: I_sys_clk_syn_2.sg09_di
HDIO                x033y078            0.684          1.494          pin: I_sys_clk_syn_2.di
net (fo=1)          x043y079            0.115          1.609          net: I_sys_clk_dup_1,  ../../../diagnostics/hdmi_positive/positive_top.v(54)
                                                                      pin: u_video/u_pll/u_ref/ph1p_phy_pll_wrapper_25a56e5ce2f9_Inst/u_PH1P_PHY_PLL.refclk
PLL                 x043y079            0.814          2.423          pin: u_video/u_pll/u_ref/ph1p_phy_pll_wrapper_25a56e5ce2f9_Inst/u_PH1P_PHY_PLL.clkc[0]
net (fo=1)                              0.830          3.253          net: u_video/u_pll/u_ref/clk0_buf,  ../../../user_source/hdl_source/native_hdmi_pll.v(32)
                                                                      pin: u_video/u_pll/u_ref/bufg_feedback.clkin[0]
GCLK                x023y039z16         0.016          3.269          pin: u_video/u_pll/u_ref/bufg_feedback.clkout
net (fo=1)                              0.375          3.644          net: u_video/u_pll/u_output/ph1p_phy_pll_wrapper_25a56e5ce2f9_Inst/refclk,  ../../../user_source/ip_source/PLL/RTL/ph1p_phy_pll_wrapper_25a56e5ce2f9.v(119)
                                                                      pin: u_video/u_pll/u_ref/bufg_feedback_auto_created_sclk_s_0_l_bk1.clkin
SCLK                x023y019z0          0.079          3.723          pin: u_video/u_pll/u_ref/bufg_feedback_auto_created_sclk_s_0_l_bk1.clkout
net (fo=1)          x000y039            0.299          4.022          net: u_video/u_pll/u_ref/bufg_feedback_auto_created_sclk_s_0_l_bk1_sclk_outnet,  NOFILE(0)
                                                                      pin: u_video/u_pll/u_output/ph1p_phy_pll_wrapper_25a56e5ce2f9_Inst/u_PH1P_PHY_PLL.refclk
PLL                 x000y039            0.814          4.836          pin: u_video/u_pll/u_output/ph1p_phy_pll_wrapper_25a56e5ce2f9_Inst/u_PH1P_PHY_PLL.clkc[0]
net (fo=1)                              0.816          5.652          net: u_video/u_pll/u_output/clk0_buf,  ../../../user_source/hdl_source/native_hdmi_pll.v(32)
                                                                      pin: u_video/u_pll/u_output/bufg_feedback.clkin[0]
GCLK                x023y039z1          0.016          5.668          pin: u_video/u_pll/u_output/bufg_feedback.clkout
net (fo=1)                              0.395          6.063          net: u_video/pixel,  ../../../diagnostics/hdmi_positive/positive_top.v(5)
                                                                      pin: u_video/u_pll/u_output/bufg_feedback_auto_created_sclk_s_1_r_bk2.clkin
SCLK                x023y059z13         0.079          6.142          pin: u_video/u_pll/u_output/bufg_feedback_auto_created_sclk_s_1_r_bk2.clkout
net (fo=36)                             0.639          6.781          net: u_video/u_pll/u_output/bufg_feedback_auto_created_sclk_s_1_r_bk2_sclk_outnet,  NOFILE(0)
                                                                      pin: u_video/add1_syn_81.clk
launch edge                             0.000    r     6.781               
--------------------------------------------------------------------  ---------------
clk2q               x035y047z7          0.137    r     6.918          pin: u_video/add1_syn_81.oqb
net (fo=5)                              0.976          7.894          net: u_video/x[7],  ../../../diagnostics/hdmi_positive/positive_top.v(16)
                                                                      pin: u_video/x_b[10]_syn_8.ie
LUT6                x034y048z0          0.190    r     8.084       1  pin: u_video/x_b[10]_syn_8.ofb
net (fo=1)                              0.382          8.466          net: u_video/x_b[10]_syn_4,  NOFILE(0)
                                                                      pin: u_video/u_phy/u0_lane_lvds_8_1/S_oddr_data_reg[0]_syn_2.imf
LUT2                x036y049z7          0.272    f     8.738       2  pin: u_video/u_phy/u0_lane_lvds_8_1/S_oddr_data_reg[0]_syn_2.ofa
net (fo=15)                             0.735          9.473          net: u_video/x_b_n,  NOFILE(0)
                                                                      pin: u_video/y_reg[9]_syn_2.cea
reg                 x034y047z0          0.000    f     9.473               
--------------------------------------------------------------------  ---------------
Arrival                                                9.473               

source latency                          0.000          0.000               
port                C4                  0.000          0.000          pin: I_sys_clk
hierarchy                               0.000          0.000          pin: I_sys_clk_syn_2.ipad
HDIO                x033y078            0.745          0.745          pin: I_sys_clk_syn_2.sg09_di
HDIO                x033y078            0.629          1.374          pin: I_sys_clk_syn_2.di
net (fo=1)          x043y079            0.099          1.473          net: I_sys_clk_dup_1,  ../../../diagnostics/hdmi_positive/positive_top.v(54)
                                                                      pin: u_video/u_pll/u_ref/ph1p_phy_pll_wrapper_25a56e5ce2f9_Inst/u_PH1P_PHY_PLL.refclk
PLL                 x043y079            0.703          2.176          pin: u_video/u_pll/u_ref/ph1p_phy_pll_wrapper_25a56e5ce2f9_Inst/u_PH1P_PHY_PLL.clkc[0]
net (fo=1)                              0.711          2.887          net: u_video/u_pll/u_ref/clk0_buf,  ../../../user_source/hdl_source/native_hdmi_pll.v(32)
                                                                      pin: u_video/u_pll/u_ref/bufg_feedback.clkin[0]
GCLK                x023y039z16         0.014          2.901          pin: u_video/u_pll/u_ref/bufg_feedback.clkout
net (fo=1)                              0.322          3.223          net: u_video/u_pll/u_output/ph1p_phy_pll_wrapper_25a56e5ce2f9_Inst/refclk,  ../../../user_source/ip_source/PLL/RTL/ph1p_phy_pll_wrapper_25a56e5ce2f9.v(119)
                                                                      pin: u_video/u_pll/u_ref/bufg_feedback_auto_created_sclk_s_0_l_bk1.clkin
SCLK                x023y019z0          0.068          3.291          pin: u_video/u_pll/u_ref/bufg_feedback_auto_created_sclk_s_0_l_bk1.clkout
net (fo=1)          x000y039            0.255          3.546          net: u_video/u_pll/u_ref/bufg_feedback_auto_created_sclk_s_0_l_bk1_sclk_outnet,  NOFILE(0)
                                                                      pin: u_video/u_pll/u_output/ph1p_phy_pll_wrapper_25a56e5ce2f9_Inst/u_PH1P_PHY_PLL.refclk
PLL                 x000y039            0.703          4.249          pin: u_video/u_pll/u_output/ph1p_phy_pll_wrapper_25a56e5ce2f9_Inst/u_PH1P_PHY_PLL.clkc[0]
net (fo=1)                              0.698          4.947          net: u_video/u_pll/u_output/clk0_buf,  ../../../user_source/hdl_source/native_hdmi_pll.v(32)
                                                                      pin: u_video/u_pll/u_output/bufg_feedback.clkin[0]
GCLK                x023y039z1          0.014          4.961          pin: u_video/u_pll/u_output/bufg_feedback.clkout
net (fo=1)                              0.339          5.300          net: u_video/pixel,  ../../../diagnostics/hdmi_positive/positive_top.v(5)
                                                                      pin: u_video/u_pll/u_output/bufg_feedback_auto_created_sclk_s_1_r_bk2.clkin
SCLK                x023y059z13         0.068          5.368          pin: u_video/u_pll/u_output/bufg_feedback_auto_created_sclk_s_1_r_bk2.clkout
net (fo=36)                             0.556          5.924          net: u_video/u_pll/u_output/bufg_feedback_auto_created_sclk_s_1_r_bk2_sclk_outnet,  NOFILE(0)
                                                                      pin: u_video/y_reg[9]_syn_2.clk
capture edge                           13.468    r    19.392               
--------------------------------------------------------------------  ---------------
setup                                  -0.064         19.328               
clock uncertainty                      -0.103         19.225               
clock pessimism                         0.846         20.071               
--------------------------------------------------------------------  ---------------
Required                                              20.071               
--------------------------------------------------------------------  ---------------
Slack                                                 10.598               

Slack               : 10.598ns
Begin Point         : u_video/add1_syn_81.clk (rising edge triggered by clock u_video/u_pll/u_output/ph1p_phy_pll_wrapper_25a56e5ce2f9_Inst/u_PH1P_PHY_PLL.clkc[0]  { rise@0.000000ns  fall@6.734000ns  period=13.468000 })
End Point           : u_video/y_reg[10]_syn_2.cea (rising edge triggered by clock u_video/u_pll/u_output/ph1p_phy_pll_wrapper_25a56e5ce2f9_Inst/u_PH1P_PHY_PLL.clkc[0]  { rise@0.000000ns  fall@6.734000ns  period=13.468000 })
Check Type          : setup
Process             : slow_m40c
Budget              : 13.468ns { u_video/u_pll/u_output/ph1p_phy_pll_wrapper_25a56e5ce2f9_Inst/u_PH1P_PHY_PLL.clkc[0] rising@13.468ns - u_video/u_pll/u_output/ph1p_phy_pll_wrapper_25a56e5ce2f9_Inst/u_PH1P_PHY_PLL.clkc[0] rising@0.000ns }
Data Path Delay     : 2.692ns (cell 0.599ns (22%), net 2.093ns (78%))
Clock Skew          : 0.011ns
Logic Level         : 2 ( LUT6=1  LUT2=1 )
Max Fanout          : 15
Clock Uncertainty   : 0.103ns (sdc uncertainty: 0.000ns, default uncertainty: 0.103ns)

Delay Type          Location             Incr           Path   Level  Netlist Info
--------------------------------------------------------------------  ---------------
source latency                          0.000          0.000               
port                C4                  0.000          0.000          pin: I_sys_clk
hierarchy                               0.000          0.000          pin: I_sys_clk_syn_2.ipad
HDIO                x033y078            0.810          0.810          pin: I_sys_clk_syn_2.sg09_di
HDIO                x033y078            0.684          1.494          pin: I_sys_clk_syn_2.di
net (fo=1)          x043y079            0.115          1.609          net: I_sys_clk_dup_1,  ../../../diagnostics/hdmi_positive/positive_top.v(54)
                                                                      pin: u_video/u_pll/u_ref/ph1p_phy_pll_wrapper_25a56e5ce2f9_Inst/u_PH1P_PHY_PLL.refclk
PLL                 x043y079            0.814          2.423          pin: u_video/u_pll/u_ref/ph1p_phy_pll_wrapper_25a56e5ce2f9_Inst/u_PH1P_PHY_PLL.clkc[0]
net (fo=1)                              0.830          3.253          net: u_video/u_pll/u_ref/clk0_buf,  ../../../user_source/hdl_source/native_hdmi_pll.v(32)
                                                                      pin: u_video/u_pll/u_ref/bufg_feedback.clkin[0]
GCLK                x023y039z16         0.016          3.269          pin: u_video/u_pll/u_ref/bufg_feedback.clkout
net (fo=1)                              0.375          3.644          net: u_video/u_pll/u_output/ph1p_phy_pll_wrapper_25a56e5ce2f9_Inst/refclk,  ../../../user_source/ip_source/PLL/RTL/ph1p_phy_pll_wrapper_25a56e5ce2f9.v(119)
                                                                      pin: u_video/u_pll/u_ref/bufg_feedback_auto_created_sclk_s_0_l_bk1.clkin
SCLK                x023y019z0          0.079          3.723          pin: u_video/u_pll/u_ref/bufg_feedback_auto_created_sclk_s_0_l_bk1.clkout
net (fo=1)          x000y039            0.299          4.022          net: u_video/u_pll/u_ref/bufg_feedback_auto_created_sclk_s_0_l_bk1_sclk_outnet,  NOFILE(0)
                                                                      pin: u_video/u_pll/u_output/ph1p_phy_pll_wrapper_25a56e5ce2f9_Inst/u_PH1P_PHY_PLL.refclk
PLL                 x000y039            0.814          4.836          pin: u_video/u_pll/u_output/ph1p_phy_pll_wrapper_25a56e5ce2f9_Inst/u_PH1P_PHY_PLL.clkc[0]
net (fo=1)                              0.816          5.652          net: u_video/u_pll/u_output/clk0_buf,  ../../../user_source/hdl_source/native_hdmi_pll.v(32)
                                                                      pin: u_video/u_pll/u_output/bufg_feedback.clkin[0]
GCLK                x023y039z1          0.016          5.668          pin: u_video/u_pll/u_output/bufg_feedback.clkout
net (fo=1)                              0.395          6.063          net: u_video/pixel,  ../../../diagnostics/hdmi_positive/positive_top.v(5)
                                                                      pin: u_video/u_pll/u_output/bufg_feedback_auto_created_sclk_s_1_r_bk2.clkin
SCLK                x023y059z13         0.079          6.142          pin: u_video/u_pll/u_output/bufg_feedback_auto_created_sclk_s_1_r_bk2.clkout
net (fo=36)                             0.639          6.781          net: u_video/u_pll/u_output/bufg_feedback_auto_created_sclk_s_1_r_bk2_sclk_outnet,  NOFILE(0)
                                                                      pin: u_video/add1_syn_81.clk
launch edge                             0.000    r     6.781               
--------------------------------------------------------------------  ---------------
clk2q               x035y047z7          0.137    r     6.918          pin: u_video/add1_syn_81.oqb
net (fo=5)                              0.976          7.894          net: u_video/x[7],  ../../../diagnostics/hdmi_positive/positive_top.v(16)
                                                                      pin: u_video/x_b[10]_syn_8.ie
LUT6                x034y048z0          0.190    r     8.084       1  pin: u_video/x_b[10]_syn_8.ofb
net (fo=1)                              0.382          8.466          net: u_video/x_b[10]_syn_4,  NOFILE(0)
                                                                      pin: u_video/u_phy/u0_lane_lvds_8_1/S_oddr_data_reg[0]_syn_2.imf
LUT2                x036y049z7          0.272    f     8.738       2  pin: u_video/u_phy/u0_lane_lvds_8_1/S_oddr_data_reg[0]_syn_2.ofa
net (fo=15)                             0.735          9.473          net: u_video/x_b_n,  NOFILE(0)
                                                                      pin: u_video/y_reg[10]_syn_2.cea
reg                 x034y047z3          0.000    f     9.473               
--------------------------------------------------------------------  ---------------
Arrival                                                9.473               

source latency                          0.000          0.000               
port                C4                  0.000          0.000          pin: I_sys_clk
hierarchy                               0.000          0.000          pin: I_sys_clk_syn_2.ipad
HDIO                x033y078            0.745          0.745          pin: I_sys_clk_syn_2.sg09_di
HDIO                x033y078            0.629          1.374          pin: I_sys_clk_syn_2.di
net (fo=1)          x043y079            0.099          1.473          net: I_sys_clk_dup_1,  ../../../diagnostics/hdmi_positive/positive_top.v(54)
                                                                      pin: u_video/u_pll/u_ref/ph1p_phy_pll_wrapper_25a56e5ce2f9_Inst/u_PH1P_PHY_PLL.refclk
PLL                 x043y079            0.703          2.176          pin: u_video/u_pll/u_ref/ph1p_phy_pll_wrapper_25a56e5ce2f9_Inst/u_PH1P_PHY_PLL.clkc[0]
net (fo=1)                              0.711          2.887          net: u_video/u_pll/u_ref/clk0_buf,  ../../../user_source/hdl_source/native_hdmi_pll.v(32)
                                                                      pin: u_video/u_pll/u_ref/bufg_feedback.clkin[0]
GCLK                x023y039z16         0.014          2.901          pin: u_video/u_pll/u_ref/bufg_feedback.clkout
net (fo=1)                              0.322          3.223          net: u_video/u_pll/u_output/ph1p_phy_pll_wrapper_25a56e5ce2f9_Inst/refclk,  ../../../user_source/ip_source/PLL/RTL/ph1p_phy_pll_wrapper_25a56e5ce2f9.v(119)
                                                                      pin: u_video/u_pll/u_ref/bufg_feedback_auto_created_sclk_s_0_l_bk1.clkin
SCLK                x023y019z0          0.068          3.291          pin: u_video/u_pll/u_ref/bufg_feedback_auto_created_sclk_s_0_l_bk1.clkout
net (fo=1)          x000y039            0.255          3.546          net: u_video/u_pll/u_ref/bufg_feedback_auto_created_sclk_s_0_l_bk1_sclk_outnet,  NOFILE(0)
                                                                      pin: u_video/u_pll/u_output/ph1p_phy_pll_wrapper_25a56e5ce2f9_Inst/u_PH1P_PHY_PLL.refclk
PLL                 x000y039            0.703          4.249          pin: u_video/u_pll/u_output/ph1p_phy_pll_wrapper_25a56e5ce2f9_Inst/u_PH1P_PHY_PLL.clkc[0]
net (fo=1)                              0.698          4.947          net: u_video/u_pll/u_output/clk0_buf,  ../../../user_source/hdl_source/native_hdmi_pll.v(32)
                                                                      pin: u_video/u_pll/u_output/bufg_feedback.clkin[0]
GCLK                x023y039z1          0.014          4.961          pin: u_video/u_pll/u_output/bufg_feedback.clkout
net (fo=1)                              0.339          5.300          net: u_video/pixel,  ../../../diagnostics/hdmi_positive/positive_top.v(5)
                                                                      pin: u_video/u_pll/u_output/bufg_feedback_auto_created_sclk_s_1_r_bk2.clkin
SCLK                x023y059z13         0.068          5.368          pin: u_video/u_pll/u_output/bufg_feedback_auto_created_sclk_s_1_r_bk2.clkout
net (fo=36)                             0.556          5.924          net: u_video/u_pll/u_output/bufg_feedback_auto_created_sclk_s_1_r_bk2_sclk_outnet,  NOFILE(0)
                                                                      pin: u_video/y_reg[10]_syn_2.clk
capture edge                           13.468    r    19.392               
--------------------------------------------------------------------  ---------------
setup                                  -0.064         19.328               
clock uncertainty                      -0.103         19.225               
clock pessimism                         0.846         20.071               
--------------------------------------------------------------------  ---------------
Required                                              20.071               
--------------------------------------------------------------------  ---------------
Slack                                                 10.598               

Slack               : 10.598ns
Begin Point         : u_video/add1_syn_81.clk (rising edge triggered by clock u_video/u_pll/u_output/ph1p_phy_pll_wrapper_25a56e5ce2f9_Inst/u_PH1P_PHY_PLL.clkc[0]  { rise@0.000000ns  fall@6.734000ns  period=13.468000 })
End Point           : u_video/y_reg[7]_syn_2.cea (rising edge triggered by clock u_video/u_pll/u_output/ph1p_phy_pll_wrapper_25a56e5ce2f9_Inst/u_PH1P_PHY_PLL.clkc[0]  { rise@0.000000ns  fall@6.734000ns  period=13.468000 })
Check Type          : setup
Process             : slow_m40c
Budget              : 13.468ns { u_video/u_pll/u_output/ph1p_phy_pll_wrapper_25a56e5ce2f9_Inst/u_PH1P_PHY_PLL.clkc[0] rising@13.468ns - u_video/u_pll/u_output/ph1p_phy_pll_wrapper_25a56e5ce2f9_Inst/u_PH1P_PHY_PLL.clkc[0] rising@0.000ns }
Data Path Delay     : 2.692ns (cell 0.599ns (22%), net 2.093ns (78%))
Clock Skew          : 0.011ns
Logic Level         : 2 ( LUT6=1  LUT2=1 )
Max Fanout          : 15
Clock Uncertainty   : 0.103ns (sdc uncertainty: 0.000ns, default uncertainty: 0.103ns)

Delay Type          Location             Incr           Path   Level  Netlist Info
--------------------------------------------------------------------  ---------------
source latency                          0.000          0.000               
port                C4                  0.000          0.000          pin: I_sys_clk
hierarchy                               0.000          0.000          pin: I_sys_clk_syn_2.ipad
HDIO                x033y078            0.810          0.810          pin: I_sys_clk_syn_2.sg09_di
HDIO                x033y078            0.684          1.494          pin: I_sys_clk_syn_2.di
net (fo=1)          x043y079            0.115          1.609          net: I_sys_clk_dup_1,  ../../../diagnostics/hdmi_positive/positive_top.v(54)
                                                                      pin: u_video/u_pll/u_ref/ph1p_phy_pll_wrapper_25a56e5ce2f9_Inst/u_PH1P_PHY_PLL.refclk
PLL                 x043y079            0.814          2.423          pin: u_video/u_pll/u_ref/ph1p_phy_pll_wrapper_25a56e5ce2f9_Inst/u_PH1P_PHY_PLL.clkc[0]
net (fo=1)                              0.830          3.253          net: u_video/u_pll/u_ref/clk0_buf,  ../../../user_source/hdl_source/native_hdmi_pll.v(32)
                                                                      pin: u_video/u_pll/u_ref/bufg_feedback.clkin[0]
GCLK                x023y039z16         0.016          3.269          pin: u_video/u_pll/u_ref/bufg_feedback.clkout
net (fo=1)                              0.375          3.644          net: u_video/u_pll/u_output/ph1p_phy_pll_wrapper_25a56e5ce2f9_Inst/refclk,  ../../../user_source/ip_source/PLL/RTL/ph1p_phy_pll_wrapper_25a56e5ce2f9.v(119)
                                                                      pin: u_video/u_pll/u_ref/bufg_feedback_auto_created_sclk_s_0_l_bk1.clkin
SCLK                x023y019z0          0.079          3.723          pin: u_video/u_pll/u_ref/bufg_feedback_auto_created_sclk_s_0_l_bk1.clkout
net (fo=1)          x000y039            0.299          4.022          net: u_video/u_pll/u_ref/bufg_feedback_auto_created_sclk_s_0_l_bk1_sclk_outnet,  NOFILE(0)
                                                                      pin: u_video/u_pll/u_output/ph1p_phy_pll_wrapper_25a56e5ce2f9_Inst/u_PH1P_PHY_PLL.refclk
PLL                 x000y039            0.814          4.836          pin: u_video/u_pll/u_output/ph1p_phy_pll_wrapper_25a56e5ce2f9_Inst/u_PH1P_PHY_PLL.clkc[0]
net (fo=1)                              0.816          5.652          net: u_video/u_pll/u_output/clk0_buf,  ../../../user_source/hdl_source/native_hdmi_pll.v(32)
                                                                      pin: u_video/u_pll/u_output/bufg_feedback.clkin[0]
GCLK                x023y039z1          0.016          5.668          pin: u_video/u_pll/u_output/bufg_feedback.clkout
net (fo=1)                              0.395          6.063          net: u_video/pixel,  ../../../diagnostics/hdmi_positive/positive_top.v(5)
                                                                      pin: u_video/u_pll/u_output/bufg_feedback_auto_created_sclk_s_1_r_bk2.clkin
SCLK                x023y059z13         0.079          6.142          pin: u_video/u_pll/u_output/bufg_feedback_auto_created_sclk_s_1_r_bk2.clkout
net (fo=36)                             0.639          6.781          net: u_video/u_pll/u_output/bufg_feedback_auto_created_sclk_s_1_r_bk2_sclk_outnet,  NOFILE(0)
                                                                      pin: u_video/add1_syn_81.clk
launch edge                             0.000    r     6.781               
--------------------------------------------------------------------  ---------------
clk2q               x035y047z7          0.137    r     6.918          pin: u_video/add1_syn_81.oqb
net (fo=5)                              0.976          7.894          net: u_video/x[7],  ../../../diagnostics/hdmi_positive/positive_top.v(16)
                                                                      pin: u_video/x_b[10]_syn_8.ie
LUT6                x034y048z0          0.190    r     8.084       1  pin: u_video/x_b[10]_syn_8.ofb
net (fo=1)                              0.382          8.466          net: u_video/x_b[10]_syn_4,  NOFILE(0)
                                                                      pin: u_video/u_phy/u0_lane_lvds_8_1/S_oddr_data_reg[0]_syn_2.imf
LUT2                x036y049z7          0.272    f     8.738       2  pin: u_video/u_phy/u0_lane_lvds_8_1/S_oddr_data_reg[0]_syn_2.ofa
net (fo=15)                             0.735          9.473          net: u_video/x_b_n,  NOFILE(0)
                                                                      pin: u_video/y_reg[7]_syn_2.cea
reg                 x034y047z4          0.000    f     9.473               
--------------------------------------------------------------------  ---------------
Arrival                                                9.473               

source latency                          0.000          0.000               
port                C4                  0.000          0.000          pin: I_sys_clk
hierarchy                               0.000          0.000          pin: I_sys_clk_syn_2.ipad
HDIO                x033y078            0.745          0.745          pin: I_sys_clk_syn_2.sg09_di
HDIO                x033y078            0.629          1.374          pin: I_sys_clk_syn_2.di
net (fo=1)          x043y079            0.099          1.473          net: I_sys_clk_dup_1,  ../../../diagnostics/hdmi_positive/positive_top.v(54)
                                                                      pin: u_video/u_pll/u_ref/ph1p_phy_pll_wrapper_25a56e5ce2f9_Inst/u_PH1P_PHY_PLL.refclk
PLL                 x043y079            0.703          2.176          pin: u_video/u_pll/u_ref/ph1p_phy_pll_wrapper_25a56e5ce2f9_Inst/u_PH1P_PHY_PLL.clkc[0]
net (fo=1)                              0.711          2.887          net: u_video/u_pll/u_ref/clk0_buf,  ../../../user_source/hdl_source/native_hdmi_pll.v(32)
                                                                      pin: u_video/u_pll/u_ref/bufg_feedback.clkin[0]
GCLK                x023y039z16         0.014          2.901          pin: u_video/u_pll/u_ref/bufg_feedback.clkout
net (fo=1)                              0.322          3.223          net: u_video/u_pll/u_output/ph1p_phy_pll_wrapper_25a56e5ce2f9_Inst/refclk,  ../../../user_source/ip_source/PLL/RTL/ph1p_phy_pll_wrapper_25a56e5ce2f9.v(119)
                                                                      pin: u_video/u_pll/u_ref/bufg_feedback_auto_created_sclk_s_0_l_bk1.clkin
SCLK                x023y019z0          0.068          3.291          pin: u_video/u_pll/u_ref/bufg_feedback_auto_created_sclk_s_0_l_bk1.clkout
net (fo=1)          x000y039            0.255          3.546          net: u_video/u_pll/u_ref/bufg_feedback_auto_created_sclk_s_0_l_bk1_sclk_outnet,  NOFILE(0)
                                                                      pin: u_video/u_pll/u_output/ph1p_phy_pll_wrapper_25a56e5ce2f9_Inst/u_PH1P_PHY_PLL.refclk
PLL                 x000y039            0.703          4.249          pin: u_video/u_pll/u_output/ph1p_phy_pll_wrapper_25a56e5ce2f9_Inst/u_PH1P_PHY_PLL.clkc[0]
net (fo=1)                              0.698          4.947          net: u_video/u_pll/u_output/clk0_buf,  ../../../user_source/hdl_source/native_hdmi_pll.v(32)
                                                                      pin: u_video/u_pll/u_output/bufg_feedback.clkin[0]
GCLK                x023y039z1          0.014          4.961          pin: u_video/u_pll/u_output/bufg_feedback.clkout
net (fo=1)                              0.339          5.300          net: u_video/pixel,  ../../../diagnostics/hdmi_positive/positive_top.v(5)
                                                                      pin: u_video/u_pll/u_output/bufg_feedback_auto_created_sclk_s_1_r_bk2.clkin
SCLK                x023y059z13         0.068          5.368          pin: u_video/u_pll/u_output/bufg_feedback_auto_created_sclk_s_1_r_bk2.clkout
net (fo=36)                             0.556          5.924          net: u_video/u_pll/u_output/bufg_feedback_auto_created_sclk_s_1_r_bk2_sclk_outnet,  NOFILE(0)
                                                                      pin: u_video/y_reg[7]_syn_2.clk
capture edge                           13.468    r    19.392               
--------------------------------------------------------------------  ---------------
setup                                  -0.064         19.328               
clock uncertainty                      -0.103         19.225               
clock pessimism                         0.846         20.071               
--------------------------------------------------------------------  ---------------
Required                                              20.071               
--------------------------------------------------------------------  ---------------
Slack                                                 10.598               



Min Paths
----------------------------------------------------------------------------------------------------
Slack               : 0.088ns
Begin Point         : u_video/y_reg[6]_syn_2.clk (rising edge triggered by clock u_video/u_pll/u_output/ph1p_phy_pll_wrapper_25a56e5ce2f9_Inst/u_PH1P_PHY_PLL.clkc[0]  { rise@0.000000ns  fall@6.734000ns  period=13.468000 })
End Point           : u_video/y_reg[7]_syn_2.id (rising edge triggered by clock u_video/u_pll/u_output/ph1p_phy_pll_wrapper_25a56e5ce2f9_Inst/u_PH1P_PHY_PLL.clkc[0]  { rise@0.000000ns  fall@6.734000ns  period=13.468000 })
Check Type          : hold
Process             : fast_m40c
Budget              : 0.000ns { u_video/u_pll/u_output/ph1p_phy_pll_wrapper_25a56e5ce2f9_Inst/u_PH1P_PHY_PLL.clkc[0] rising@0.000ns - u_video/u_pll/u_output/ph1p_phy_pll_wrapper_25a56e5ce2f9_Inst/u_PH1P_PHY_PLL.clkc[0] rising@0.000ns }
Data Path Delay     : 0.175ns (cell 0.120ns (68%), net 0.055ns (32%))
Clock Skew          : 0.025ns
Logic Level         : 1 ( LUT4=1 )
Max Fanout          : 6
Clock Uncertainty   : 0.050ns (sdc uncertainty: 0.000ns, default uncertainty: 0.050ns)

Delay Type          Location             Incr           Path   Level  Netlist Info
--------------------------------------------------------------------  ---------------
source latency                          0.000          0.000               
port                C4                  0.000          0.000          pin: I_sys_clk
hierarchy                               0.000          0.000          pin: I_sys_clk_syn_2.ipad
HDIO                x033y078            0.810          0.810          pin: I_sys_clk_syn_2.sg09_di
HDIO                x033y078            0.257          1.067          pin: I_sys_clk_syn_2.di
net (fo=1)          x043y079            0.040          1.107          net: I_sys_clk_dup_1,  ../../../diagnostics/hdmi_positive/positive_top.v(54)
                                                                      pin: u_video/u_pll/u_ref/ph1p_phy_pll_wrapper_25a56e5ce2f9_Inst/u_PH1P_PHY_PLL.refclk
PLL                 x043y079            0.367          1.474          pin: u_video/u_pll/u_ref/ph1p_phy_pll_wrapper_25a56e5ce2f9_Inst/u_PH1P_PHY_PLL.clkc[0]
net (fo=1)                              0.312          1.786          net: u_video/u_pll/u_ref/clk0_buf,  ../../../user_source/hdl_source/native_hdmi_pll.v(32)
                                                                      pin: u_video/u_pll/u_ref/bufg_feedback.clkin[0]
GCLK                x023y039z16         0.006          1.792          pin: u_video/u_pll/u_ref/bufg_feedback.clkout
net (fo=1)                              0.136          1.928          net: u_video/u_pll/u_output/ph1p_phy_pll_wrapper_25a56e5ce2f9_Inst/refclk,  ../../../user_source/ip_source/PLL/RTL/ph1p_phy_pll_wrapper_25a56e5ce2f9.v(119)
                                                                      pin: u_video/u_pll/u_ref/bufg_feedback_auto_created_sclk_s_0_l_bk1.clkin
SCLK                x023y019z0          0.025          1.953          pin: u_video/u_pll/u_ref/bufg_feedback_auto_created_sclk_s_0_l_bk1.clkout
net (fo=1)          x000y039            0.121          2.074          net: u_video/u_pll/u_ref/bufg_feedback_auto_created_sclk_s_0_l_bk1_sclk_outnet,  NOFILE(0)
                                                                      pin: u_video/u_pll/u_output/ph1p_phy_pll_wrapper_25a56e5ce2f9_Inst/u_PH1P_PHY_PLL.refclk
PLL                 x000y039            0.367          2.441          pin: u_video/u_pll/u_output/ph1p_phy_pll_wrapper_25a56e5ce2f9_Inst/u_PH1P_PHY_PLL.clkc[0]
net (fo=1)                              0.310          2.751          net: u_video/u_pll/u_output/clk0_buf,  ../../../user_source/hdl_source/native_hdmi_pll.v(32)
                                                                      pin: u_video/u_pll/u_output/bufg_feedback.clkin[0]
GCLK                x023y039z1          0.006          2.757          pin: u_video/u_pll/u_output/bufg_feedback.clkout
net (fo=1)                              0.146          2.903          net: u_video/pixel,  ../../../diagnostics/hdmi_positive/positive_top.v(5)
                                                                      pin: u_video/u_pll/u_output/bufg_feedback_auto_created_sclk_s_1_r_bk2.clkin
SCLK                x023y059z13         0.025          2.928          pin: u_video/u_pll/u_output/bufg_feedback_auto_created_sclk_s_1_r_bk2.clkout
net (fo=36)                             0.222          3.150          net: u_video/u_pll/u_output/bufg_feedback_auto_created_sclk_s_1_r_bk2_sclk_outnet,  NOFILE(0)
                                                                      pin: u_video/y_reg[6]_syn_2.clk
launch edge                             0.000    r     3.150               
--------------------------------------------------------------------  ---------------
clk2q               x033y047z1          0.062    f     3.212          pin: u_video/y_reg[6]_syn_2.oqa
net (fo=6)                              0.055          3.267          net: u_video/y[6],  ../../../diagnostics/hdmi_positive/positive_top.v(17)
                                                                      pin: u_video/y_reg[7]_syn_2.id
LUT4 (reg)          x034y047z4          0.058    f     3.325       1  net: u_video/y[7],  ../../../diagnostics/hdmi_positive/positive_top.v(17)
--------------------------------------------------------------------  ---------------
Arrival                                                3.325               

source latency                          0.000          0.000               
port                C4                  0.000          0.000          pin: I_sys_clk
hierarchy                               0.000          0.000          pin: I_sys_clk_syn_2.ipad
HDIO                x033y078            0.915          0.915          pin: I_sys_clk_syn_2.sg09_di
HDIO                x033y078            0.290          1.205          pin: I_sys_clk_syn_2.di
net (fo=1)          x043y079            0.043          1.248          net: I_sys_clk_dup_1,  ../../../diagnostics/hdmi_positive/positive_top.v(54)
                                                                      pin: u_video/u_pll/u_ref/ph1p_phy_pll_wrapper_25a56e5ce2f9_Inst/u_PH1P_PHY_PLL.refclk
PLL                 x043y079            0.435          1.683          pin: u_video/u_pll/u_ref/ph1p_phy_pll_wrapper_25a56e5ce2f9_Inst/u_PH1P_PHY_PLL.clkc[0]
net (fo=1)                              0.339          2.022          net: u_video/u_pll/u_ref/clk0_buf,  ../../../user_source/hdl_source/native_hdmi_pll.v(32)
                                                                      pin: u_video/u_pll/u_ref/bufg_feedback.clkin[0]
GCLK                x023y039z16         0.007          2.029          pin: u_video/u_pll/u_ref/bufg_feedback.clkout
net (fo=1)                              0.148          2.177          net: u_video/u_pll/u_output/ph1p_phy_pll_wrapper_25a56e5ce2f9_Inst/refclk,  ../../../user_source/ip_source/PLL/RTL/ph1p_phy_pll_wrapper_25a56e5ce2f9.v(119)
                                                                      pin: u_video/u_pll/u_ref/bufg_feedback_auto_created_sclk_s_0_l_bk1.clkin
SCLK                x023y019z0          0.030          2.207          pin: u_video/u_pll/u_ref/bufg_feedback_auto_created_sclk_s_0_l_bk1.clkout
net (fo=1)          x000y039            0.131          2.338          net: u_video/u_pll/u_ref/bufg_feedback_auto_created_sclk_s_0_l_bk1_sclk_outnet,  NOFILE(0)
                                                                      pin: u_video/u_pll/u_output/ph1p_phy_pll_wrapper_25a56e5ce2f9_Inst/u_PH1P_PHY_PLL.refclk
PLL                 x000y039            0.435          2.773          pin: u_video/u_pll/u_output/ph1p_phy_pll_wrapper_25a56e5ce2f9_Inst/u_PH1P_PHY_PLL.clkc[0]
net (fo=1)                              0.337          3.110          net: u_video/u_pll/u_output/clk0_buf,  ../../../user_source/hdl_source/native_hdmi_pll.v(32)
                                                                      pin: u_video/u_pll/u_output/bufg_feedback.clkin[0]
GCLK                x023y039z1          0.007          3.117          pin: u_video/u_pll/u_output/bufg_feedback.clkout
net (fo=1)                              0.158          3.275          net: u_video/pixel,  ../../../diagnostics/hdmi_positive/positive_top.v(5)
                                                                      pin: u_video/u_pll/u_output/bufg_feedback_auto_created_sclk_s_1_r_bk2.clkin
SCLK                x023y059z13         0.030          3.305          pin: u_video/u_pll/u_output/bufg_feedback_auto_created_sclk_s_1_r_bk2.clkout
net (fo=36)                             0.248          3.553          net: u_video/u_pll/u_output/bufg_feedback_auto_created_sclk_s_1_r_bk2_sclk_outnet,  NOFILE(0)
                                                                      pin: u_video/y_reg[7]_syn_2.clk
capture edge                            0.000    r     3.553               
--------------------------------------------------------------------  ---------------
hold                                    0.012          3.565               
clock uncertainty                       0.050          3.615               
clock pessimism                        -0.378          3.237               
--------------------------------------------------------------------  ---------------
Required                                               3.237               
--------------------------------------------------------------------  ---------------
Slack                                                  0.088               

Slack               : 0.096ns
Begin Point         : u_video/u_red/disparity_reg[4]_syn_2.clk (rising edge triggered by clock u_video/u_pll/u_output/ph1p_phy_pll_wrapper_25a56e5ce2f9_Inst/u_PH1P_PHY_PLL.clkc[0]  { rise@0.000000ns  fall@6.734000ns  period=13.468000 })
End Point           : u_video/u_red/symbol_reg[0]_syn_2.imf (rising edge triggered by clock u_video/u_pll/u_output/ph1p_phy_pll_wrapper_25a56e5ce2f9_Inst/u_PH1P_PHY_PLL.clkc[0]  { rise@0.000000ns  fall@6.734000ns  period=13.468000 })
Check Type          : hold
Process             : fast_m40c
Budget              : 0.000ns { u_video/u_pll/u_output/ph1p_phy_pll_wrapper_25a56e5ce2f9_Inst/u_PH1P_PHY_PLL.clkc[0] rising@0.000ns - u_video/u_pll/u_output/ph1p_phy_pll_wrapper_25a56e5ce2f9_Inst/u_PH1P_PHY_PLL.clkc[0] rising@0.000ns }
Data Path Delay     : 0.158ns (cell 0.125ns (79%), net 0.033ns (21%))
Clock Skew          : 0.000ns
Logic Level         : 1 ( LUT2=1 )
Max Fanout          : 5
Clock Uncertainty   : 0.050ns (sdc uncertainty: 0.000ns, default uncertainty: 0.050ns)

Delay Type          Location             Incr           Path   Level  Netlist Info
--------------------------------------------------------------------  ---------------
source latency                          0.000          0.000               
port                C4                  0.000          0.000          pin: I_sys_clk
hierarchy                               0.000          0.000          pin: I_sys_clk_syn_2.ipad
HDIO                x033y078            0.810          0.810          pin: I_sys_clk_syn_2.sg09_di
HDIO                x033y078            0.257          1.067          pin: I_sys_clk_syn_2.di
net (fo=1)          x043y079            0.040          1.107          net: I_sys_clk_dup_1,  ../../../diagnostics/hdmi_positive/positive_top.v(54)
                                                                      pin: u_video/u_pll/u_ref/ph1p_phy_pll_wrapper_25a56e5ce2f9_Inst/u_PH1P_PHY_PLL.refclk
PLL                 x043y079            0.367          1.474          pin: u_video/u_pll/u_ref/ph1p_phy_pll_wrapper_25a56e5ce2f9_Inst/u_PH1P_PHY_PLL.clkc[0]
net (fo=1)                              0.312          1.786          net: u_video/u_pll/u_ref/clk0_buf,  ../../../user_source/hdl_source/native_hdmi_pll.v(32)
                                                                      pin: u_video/u_pll/u_ref/bufg_feedback.clkin[0]
GCLK                x023y039z16         0.006          1.792          pin: u_video/u_pll/u_ref/bufg_feedback.clkout
net (fo=1)                              0.136          1.928          net: u_video/u_pll/u_output/ph1p_phy_pll_wrapper_25a56e5ce2f9_Inst/refclk,  ../../../user_source/ip_source/PLL/RTL/ph1p_phy_pll_wrapper_25a56e5ce2f9.v(119)
                                                                      pin: u_video/u_pll/u_ref/bufg_feedback_auto_created_sclk_s_0_l_bk1.clkin
SCLK                x023y019z0          0.025          1.953          pin: u_video/u_pll/u_ref/bufg_feedback_auto_created_sclk_s_0_l_bk1.clkout
net (fo=1)          x000y039            0.121          2.074          net: u_video/u_pll/u_ref/bufg_feedback_auto_created_sclk_s_0_l_bk1_sclk_outnet,  NOFILE(0)
                                                                      pin: u_video/u_pll/u_output/ph1p_phy_pll_wrapper_25a56e5ce2f9_Inst/u_PH1P_PHY_PLL.refclk
PLL                 x000y039            0.367          2.441          pin: u_video/u_pll/u_output/ph1p_phy_pll_wrapper_25a56e5ce2f9_Inst/u_PH1P_PHY_PLL.clkc[0]
net (fo=1)                              0.310          2.751          net: u_video/u_pll/u_output/clk0_buf,  ../../../user_source/hdl_source/native_hdmi_pll.v(32)
                                                                      pin: u_video/u_pll/u_output/bufg_feedback.clkin[0]
GCLK                x023y039z1          0.006          2.757          pin: u_video/u_pll/u_output/bufg_feedback.clkout
net (fo=1)                              0.146          2.903          net: u_video/pixel,  ../../../diagnostics/hdmi_positive/positive_top.v(5)
                                                                      pin: u_video/u_pll/u_output/bufg_feedback_auto_created_sclk_s_1_r_bk2.clkin
SCLK                x023y059z13         0.025          2.928          pin: u_video/u_pll/u_output/bufg_feedback_auto_created_sclk_s_1_r_bk2.clkout
net (fo=36)                             0.226          3.154          net: u_video/u_pll/u_output/bufg_feedback_auto_created_sclk_s_1_r_bk2_sclk_outnet,  NOFILE(0)
                                                                      pin: u_video/u_red/disparity_reg[4]_syn_2.clk
launch edge                             0.000    r     3.154               
--------------------------------------------------------------------  ---------------
clk2q               x036y047z3          0.062    f     3.216          pin: u_video/u_red/disparity_reg[4]_syn_2.oqa
net (fo=5)                              0.033          3.249          net: u_video/u_red/disparity[4],  ../../../diagnostics/hdmi_positive/dvi_encoder.v(5)
                                                                      pin: u_video/u_red/symbol_reg[0]_syn_2.imf
LUT2 (reg)          x036y047z1          0.063    f     3.312       1  net: u_video/u_phy/u2_lane_lvds_8_1/I_data_in[9],  ../../../user_source/hdl_source/lane_lvds_10_1.v(11)
--------------------------------------------------------------------  ---------------
Arrival                                                3.312               

source latency                          0.000          0.000               
port                C4                  0.000          0.000          pin: I_sys_clk
hierarchy                               0.000          0.000          pin: I_sys_clk_syn_2.ipad
HDIO                x033y078            0.915          0.915          pin: I_sys_clk_syn_2.sg09_di
HDIO                x033y078            0.290          1.205          pin: I_sys_clk_syn_2.di
net (fo=1)          x043y079            0.043          1.248          net: I_sys_clk_dup_1,  ../../../diagnostics/hdmi_positive/positive_top.v(54)
                                                                      pin: u_video/u_pll/u_ref/ph1p_phy_pll_wrapper_25a56e5ce2f9_Inst/u_PH1P_PHY_PLL.refclk
PLL                 x043y079            0.435          1.683          pin: u_video/u_pll/u_ref/ph1p_phy_pll_wrapper_25a56e5ce2f9_Inst/u_PH1P_PHY_PLL.clkc[0]
net (fo=1)                              0.339          2.022          net: u_video/u_pll/u_ref/clk0_buf,  ../../../user_source/hdl_source/native_hdmi_pll.v(32)
                                                                      pin: u_video/u_pll/u_ref/bufg_feedback.clkin[0]
GCLK                x023y039z16         0.007          2.029          pin: u_video/u_pll/u_ref/bufg_feedback.clkout
net (fo=1)                              0.148          2.177          net: u_video/u_pll/u_output/ph1p_phy_pll_wrapper_25a56e5ce2f9_Inst/refclk,  ../../../user_source/ip_source/PLL/RTL/ph1p_phy_pll_wrapper_25a56e5ce2f9.v(119)
                                                                      pin: u_video/u_pll/u_ref/bufg_feedback_auto_created_sclk_s_0_l_bk1.clkin
SCLK                x023y019z0          0.030          2.207          pin: u_video/u_pll/u_ref/bufg_feedback_auto_created_sclk_s_0_l_bk1.clkout
net (fo=1)          x000y039            0.131          2.338          net: u_video/u_pll/u_ref/bufg_feedback_auto_created_sclk_s_0_l_bk1_sclk_outnet,  NOFILE(0)
                                                                      pin: u_video/u_pll/u_output/ph1p_phy_pll_wrapper_25a56e5ce2f9_Inst/u_PH1P_PHY_PLL.refclk
PLL                 x000y039            0.435          2.773          pin: u_video/u_pll/u_output/ph1p_phy_pll_wrapper_25a56e5ce2f9_Inst/u_PH1P_PHY_PLL.clkc[0]
net (fo=1)                              0.337          3.110          net: u_video/u_pll/u_output/clk0_buf,  ../../../user_source/hdl_source/native_hdmi_pll.v(32)
                                                                      pin: u_video/u_pll/u_output/bufg_feedback.clkin[0]
GCLK                x023y039z1          0.007          3.117          pin: u_video/u_pll/u_output/bufg_feedback.clkout
net (fo=1)                              0.158          3.275          net: u_video/pixel,  ../../../diagnostics/hdmi_positive/positive_top.v(5)
                                                                      pin: u_video/u_pll/u_output/bufg_feedback_auto_created_sclk_s_1_r_bk2.clkin
SCLK                x023y059z13         0.030          3.305          pin: u_video/u_pll/u_output/bufg_feedback_auto_created_sclk_s_1_r_bk2.clkout
net (fo=36)                             0.249          3.554          net: u_video/u_pll/u_output/bufg_feedback_auto_created_sclk_s_1_r_bk2_sclk_outnet,  NOFILE(0)
                                                                      pin: u_video/u_red/symbol_reg[0]_syn_2.clk
capture edge                            0.000    r     3.554               
--------------------------------------------------------------------  ---------------
hold                                    0.012          3.566               
clock uncertainty                       0.050          3.616               
clock pessimism                        -0.400          3.216               
--------------------------------------------------------------------  ---------------
Required                                               3.216               
--------------------------------------------------------------------  ---------------
Slack                                                  0.096               

Slack               : 0.099ns
Begin Point         : u_video/y_reg[6]_syn_2.clk (rising edge triggered by clock u_video/u_pll/u_output/ph1p_phy_pll_wrapper_25a56e5ce2f9_Inst/u_PH1P_PHY_PLL.clkc[0]  { rise@0.000000ns  fall@6.734000ns  period=13.468000 })
End Point           : u_video/y_reg[7]_syn_2.id (rising edge triggered by clock u_video/u_pll/u_output/ph1p_phy_pll_wrapper_25a56e5ce2f9_Inst/u_PH1P_PHY_PLL.clkc[0]  { rise@0.000000ns  fall@6.734000ns  period=13.468000 })
Check Type          : hold
Process             : fast_m40c
Budget              : 0.000ns { u_video/u_pll/u_output/ph1p_phy_pll_wrapper_25a56e5ce2f9_Inst/u_PH1P_PHY_PLL.clkc[0] rising@0.000ns - u_video/u_pll/u_output/ph1p_phy_pll_wrapper_25a56e5ce2f9_Inst/u_PH1P_PHY_PLL.clkc[0] rising@0.000ns }
Data Path Delay     : 0.186ns (cell 0.131ns (70%), net 0.055ns (30%))
Clock Skew          : 0.025ns
Logic Level         : 1 ( LUT4=1 )
Max Fanout          : 6
Clock Uncertainty   : 0.050ns (sdc uncertainty: 0.000ns, default uncertainty: 0.050ns)

Delay Type          Location             Incr           Path   Level  Netlist Info
--------------------------------------------------------------------  ---------------
source latency                          0.000          0.000               
port                C4                  0.000          0.000          pin: I_sys_clk
hierarchy                               0.000          0.000          pin: I_sys_clk_syn_2.ipad
HDIO                x033y078            0.810          0.810          pin: I_sys_clk_syn_2.sg09_di
HDIO                x033y078            0.257          1.067          pin: I_sys_clk_syn_2.di
net (fo=1)          x043y079            0.040          1.107          net: I_sys_clk_dup_1,  ../../../diagnostics/hdmi_positive/positive_top.v(54)
                                                                      pin: u_video/u_pll/u_ref/ph1p_phy_pll_wrapper_25a56e5ce2f9_Inst/u_PH1P_PHY_PLL.refclk
PLL                 x043y079            0.367          1.474          pin: u_video/u_pll/u_ref/ph1p_phy_pll_wrapper_25a56e5ce2f9_Inst/u_PH1P_PHY_PLL.clkc[0]
net (fo=1)                              0.312          1.786          net: u_video/u_pll/u_ref/clk0_buf,  ../../../user_source/hdl_source/native_hdmi_pll.v(32)
                                                                      pin: u_video/u_pll/u_ref/bufg_feedback.clkin[0]
GCLK                x023y039z16         0.006          1.792          pin: u_video/u_pll/u_ref/bufg_feedback.clkout
net (fo=1)                              0.136          1.928          net: u_video/u_pll/u_output/ph1p_phy_pll_wrapper_25a56e5ce2f9_Inst/refclk,  ../../../user_source/ip_source/PLL/RTL/ph1p_phy_pll_wrapper_25a56e5ce2f9.v(119)
                                                                      pin: u_video/u_pll/u_ref/bufg_feedback_auto_created_sclk_s_0_l_bk1.clkin
SCLK                x023y019z0          0.025          1.953          pin: u_video/u_pll/u_ref/bufg_feedback_auto_created_sclk_s_0_l_bk1.clkout
net (fo=1)          x000y039            0.121          2.074          net: u_video/u_pll/u_ref/bufg_feedback_auto_created_sclk_s_0_l_bk1_sclk_outnet,  NOFILE(0)
                                                                      pin: u_video/u_pll/u_output/ph1p_phy_pll_wrapper_25a56e5ce2f9_Inst/u_PH1P_PHY_PLL.refclk
PLL                 x000y039            0.367          2.441          pin: u_video/u_pll/u_output/ph1p_phy_pll_wrapper_25a56e5ce2f9_Inst/u_PH1P_PHY_PLL.clkc[0]
net (fo=1)                              0.310          2.751          net: u_video/u_pll/u_output/clk0_buf,  ../../../user_source/hdl_source/native_hdmi_pll.v(32)
                                                                      pin: u_video/u_pll/u_output/bufg_feedback.clkin[0]
GCLK                x023y039z1          0.006          2.757          pin: u_video/u_pll/u_output/bufg_feedback.clkout
net (fo=1)                              0.146          2.903          net: u_video/pixel,  ../../../diagnostics/hdmi_positive/positive_top.v(5)
                                                                      pin: u_video/u_pll/u_output/bufg_feedback_auto_created_sclk_s_1_r_bk2.clkin
SCLK                x023y059z13         0.025          2.928          pin: u_video/u_pll/u_output/bufg_feedback_auto_created_sclk_s_1_r_bk2.clkout
net (fo=36)                             0.222          3.150          net: u_video/u_pll/u_output/bufg_feedback_auto_created_sclk_s_1_r_bk2_sclk_outnet,  NOFILE(0)
                                                                      pin: u_video/y_reg[6]_syn_2.clk
launch edge                             0.000    r     3.150               
--------------------------------------------------------------------  ---------------
clk2q               x033y047z1          0.062    f     3.212          pin: u_video/y_reg[6]_syn_2.oqa
net (fo=6)                              0.055          3.267          net: u_video/y[6],  ../../../diagnostics/hdmi_positive/positive_top.v(17)
                                                                      pin: u_video/y_reg[7]_syn_2.id
LUT4 (reg)          x034y047z4          0.069    f     3.336       1  net: u_video/y[8],  ../../../diagnostics/hdmi_positive/positive_top.v(17)
--------------------------------------------------------------------  ---------------
Arrival                                                3.336               

source latency                          0.000          0.000               
port                C4                  0.000          0.000          pin: I_sys_clk
hierarchy                               0.000          0.000          pin: I_sys_clk_syn_2.ipad
HDIO                x033y078            0.915          0.915          pin: I_sys_clk_syn_2.sg09_di
HDIO                x033y078            0.290          1.205          pin: I_sys_clk_syn_2.di
net (fo=1)          x043y079            0.043          1.248          net: I_sys_clk_dup_1,  ../../../diagnostics/hdmi_positive/positive_top.v(54)
                                                                      pin: u_video/u_pll/u_ref/ph1p_phy_pll_wrapper_25a56e5ce2f9_Inst/u_PH1P_PHY_PLL.refclk
PLL                 x043y079            0.435          1.683          pin: u_video/u_pll/u_ref/ph1p_phy_pll_wrapper_25a56e5ce2f9_Inst/u_PH1P_PHY_PLL.clkc[0]
net (fo=1)                              0.339          2.022          net: u_video/u_pll/u_ref/clk0_buf,  ../../../user_source/hdl_source/native_hdmi_pll.v(32)
                                                                      pin: u_video/u_pll/u_ref/bufg_feedback.clkin[0]
GCLK                x023y039z16         0.007          2.029          pin: u_video/u_pll/u_ref/bufg_feedback.clkout
net (fo=1)                              0.148          2.177          net: u_video/u_pll/u_output/ph1p_phy_pll_wrapper_25a56e5ce2f9_Inst/refclk,  ../../../user_source/ip_source/PLL/RTL/ph1p_phy_pll_wrapper_25a56e5ce2f9.v(119)
                                                                      pin: u_video/u_pll/u_ref/bufg_feedback_auto_created_sclk_s_0_l_bk1.clkin
SCLK                x023y019z0          0.030          2.207          pin: u_video/u_pll/u_ref/bufg_feedback_auto_created_sclk_s_0_l_bk1.clkout
net (fo=1)          x000y039            0.131          2.338          net: u_video/u_pll/u_ref/bufg_feedback_auto_created_sclk_s_0_l_bk1_sclk_outnet,  NOFILE(0)
                                                                      pin: u_video/u_pll/u_output/ph1p_phy_pll_wrapper_25a56e5ce2f9_Inst/u_PH1P_PHY_PLL.refclk
PLL                 x000y039            0.435          2.773          pin: u_video/u_pll/u_output/ph1p_phy_pll_wrapper_25a56e5ce2f9_Inst/u_PH1P_PHY_PLL.clkc[0]
net (fo=1)                              0.337          3.110          net: u_video/u_pll/u_output/clk0_buf,  ../../../user_source/hdl_source/native_hdmi_pll.v(32)
                                                                      pin: u_video/u_pll/u_output/bufg_feedback.clkin[0]
GCLK                x023y039z1          0.007          3.117          pin: u_video/u_pll/u_output/bufg_feedback.clkout
net (fo=1)                              0.158          3.275          net: u_video/pixel,  ../../../diagnostics/hdmi_positive/positive_top.v(5)
                                                                      pin: u_video/u_pll/u_output/bufg_feedback_auto_created_sclk_s_1_r_bk2.clkin
SCLK                x023y059z13         0.030          3.305          pin: u_video/u_pll/u_output/bufg_feedback_auto_created_sclk_s_1_r_bk2.clkout
net (fo=36)                             0.248          3.553          net: u_video/u_pll/u_output/bufg_feedback_auto_created_sclk_s_1_r_bk2_sclk_outnet,  NOFILE(0)
                                                                      pin: u_video/y_reg[7]_syn_2.clk
capture edge                            0.000    r     3.553               
--------------------------------------------------------------------  ---------------
hold                                    0.012          3.565               
clock uncertainty                       0.050          3.615               
clock pessimism                        -0.378          3.237               
--------------------------------------------------------------------  ---------------
Required                                               3.237               
--------------------------------------------------------------------  ---------------
Slack                                                  0.099               

Slack               : 0.102ns
Begin Point         : u_video/u_green/disparity_reg[4]_syn_2.clk (rising edge triggered by clock u_video/u_pll/u_output/ph1p_phy_pll_wrapper_25a56e5ce2f9_Inst/u_PH1P_PHY_PLL.clkc[0]  { rise@0.000000ns  fall@6.734000ns  period=13.468000 })
End Point           : u_video/u_green/disparity_reg[1]_syn_2.ie (rising edge triggered by clock u_video/u_pll/u_output/ph1p_phy_pll_wrapper_25a56e5ce2f9_Inst/u_PH1P_PHY_PLL.clkc[0]  { rise@0.000000ns  fall@6.734000ns  period=13.468000 })
Check Type          : hold
Process             : fast_m40c
Budget              : 0.000ns { u_video/u_pll/u_output/ph1p_phy_pll_wrapper_25a56e5ce2f9_Inst/u_PH1P_PHY_PLL.clkc[0] rising@0.000ns - u_video/u_pll/u_output/ph1p_phy_pll_wrapper_25a56e5ce2f9_Inst/u_PH1P_PHY_PLL.clkc[0] rising@0.000ns }
Data Path Delay     : 0.164ns (cell 0.106ns (64%), net 0.058ns (36%))
Clock Skew          : 0.000ns
Logic Level         : 1 ( LUT5=1 )
Max Fanout          : 5
Clock Uncertainty   : 0.050ns (sdc uncertainty: 0.000ns, default uncertainty: 0.050ns)

Delay Type          Location             Incr           Path   Level  Netlist Info
--------------------------------------------------------------------  ---------------
source latency                          0.000          0.000               
port                C4                  0.000          0.000          pin: I_sys_clk
hierarchy                               0.000          0.000          pin: I_sys_clk_syn_2.ipad
HDIO                x033y078            0.810          0.810          pin: I_sys_clk_syn_2.sg09_di
HDIO                x033y078            0.257          1.067          pin: I_sys_clk_syn_2.di
net (fo=1)          x043y079            0.040          1.107          net: I_sys_clk_dup_1,  ../../../diagnostics/hdmi_positive/positive_top.v(54)
                                                                      pin: u_video/u_pll/u_ref/ph1p_phy_pll_wrapper_25a56e5ce2f9_Inst/u_PH1P_PHY_PLL.refclk
PLL                 x043y079            0.367          1.474          pin: u_video/u_pll/u_ref/ph1p_phy_pll_wrapper_25a56e5ce2f9_Inst/u_PH1P_PHY_PLL.clkc[0]
net (fo=1)                              0.312          1.786          net: u_video/u_pll/u_ref/clk0_buf,  ../../../user_source/hdl_source/native_hdmi_pll.v(32)
                                                                      pin: u_video/u_pll/u_ref/bufg_feedback.clkin[0]
GCLK                x023y039z16         0.006          1.792          pin: u_video/u_pll/u_ref/bufg_feedback.clkout
net (fo=1)                              0.136          1.928          net: u_video/u_pll/u_output/ph1p_phy_pll_wrapper_25a56e5ce2f9_Inst/refclk,  ../../../user_source/ip_source/PLL/RTL/ph1p_phy_pll_wrapper_25a56e5ce2f9.v(119)
                                                                      pin: u_video/u_pll/u_ref/bufg_feedback_auto_created_sclk_s_0_l_bk1.clkin
SCLK                x023y019z0          0.025          1.953          pin: u_video/u_pll/u_ref/bufg_feedback_auto_created_sclk_s_0_l_bk1.clkout
net (fo=1)          x000y039            0.121          2.074          net: u_video/u_pll/u_ref/bufg_feedback_auto_created_sclk_s_0_l_bk1_sclk_outnet,  NOFILE(0)
                                                                      pin: u_video/u_pll/u_output/ph1p_phy_pll_wrapper_25a56e5ce2f9_Inst/u_PH1P_PHY_PLL.refclk
PLL                 x000y039            0.367          2.441          pin: u_video/u_pll/u_output/ph1p_phy_pll_wrapper_25a56e5ce2f9_Inst/u_PH1P_PHY_PLL.clkc[0]
net (fo=1)                              0.310          2.751          net: u_video/u_pll/u_output/clk0_buf,  ../../../user_source/hdl_source/native_hdmi_pll.v(32)
                                                                      pin: u_video/u_pll/u_output/bufg_feedback.clkin[0]
GCLK                x023y039z1          0.006          2.757          pin: u_video/u_pll/u_output/bufg_feedback.clkout
net (fo=1)                              0.146          2.903          net: u_video/pixel,  ../../../diagnostics/hdmi_positive/positive_top.v(5)
                                                                      pin: u_video/u_pll/u_output/bufg_feedback_auto_created_sclk_s_1_r_bk2.clkin
SCLK                x023y059z13         0.025          2.928          pin: u_video/u_pll/u_output/bufg_feedback_auto_created_sclk_s_1_r_bk2.clkout
net (fo=36)                             0.226          3.154          net: u_video/u_pll/u_output/bufg_feedback_auto_created_sclk_s_1_r_bk2_sclk_outnet,  NOFILE(0)
                                                                      pin: u_video/u_green/disparity_reg[4]_syn_2.clk
launch edge                             0.000    r     3.154               
--------------------------------------------------------------------  ---------------
clk2q               x036y047z6          0.062    f     3.216          pin: u_video/u_green/disparity_reg[4]_syn_2.oqa
net (fo=5)                              0.058          3.274          net: u_video/u_green/disparity[4],  ../../../diagnostics/hdmi_positive/dvi_encoder.v(5)
                                                                      pin: u_video/u_green/disparity_reg[1]_syn_2.ie
LUT5 (reg)          x036y047z5          0.044    f     3.318       1  net: u_video/u_green/disparity[2],  ../../../diagnostics/hdmi_positive/dvi_encoder.v(5)
--------------------------------------------------------------------  ---------------
Arrival                                                3.318               

source latency                          0.000          0.000               
port                C4                  0.000          0.000          pin: I_sys_clk
hierarchy                               0.000          0.000          pin: I_sys_clk_syn_2.ipad
HDIO                x033y078            0.915          0.915          pin: I_sys_clk_syn_2.sg09_di
HDIO                x033y078            0.290          1.205          pin: I_sys_clk_syn_2.di
net (fo=1)          x043y079            0.043          1.248          net: I_sys_clk_dup_1,  ../../../diagnostics/hdmi_positive/positive_top.v(54)
                                                                      pin: u_video/u_pll/u_ref/ph1p_phy_pll_wrapper_25a56e5ce2f9_Inst/u_PH1P_PHY_PLL.refclk
PLL                 x043y079            0.435          1.683          pin: u_video/u_pll/u_ref/ph1p_phy_pll_wrapper_25a56e5ce2f9_Inst/u_PH1P_PHY_PLL.clkc[0]
net (fo=1)                              0.339          2.022          net: u_video/u_pll/u_ref/clk0_buf,  ../../../user_source/hdl_source/native_hdmi_pll.v(32)
                                                                      pin: u_video/u_pll/u_ref/bufg_feedback.clkin[0]
GCLK                x023y039z16         0.007          2.029          pin: u_video/u_pll/u_ref/bufg_feedback.clkout
net (fo=1)                              0.148          2.177          net: u_video/u_pll/u_output/ph1p_phy_pll_wrapper_25a56e5ce2f9_Inst/refclk,  ../../../user_source/ip_source/PLL/RTL/ph1p_phy_pll_wrapper_25a56e5ce2f9.v(119)
                                                                      pin: u_video/u_pll/u_ref/bufg_feedback_auto_created_sclk_s_0_l_bk1.clkin
SCLK                x023y019z0          0.030          2.207          pin: u_video/u_pll/u_ref/bufg_feedback_auto_created_sclk_s_0_l_bk1.clkout
net (fo=1)          x000y039            0.131          2.338          net: u_video/u_pll/u_ref/bufg_feedback_auto_created_sclk_s_0_l_bk1_sclk_outnet,  NOFILE(0)
                                                                      pin: u_video/u_pll/u_output/ph1p_phy_pll_wrapper_25a56e5ce2f9_Inst/u_PH1P_PHY_PLL.refclk
PLL                 x000y039            0.435          2.773          pin: u_video/u_pll/u_output/ph1p_phy_pll_wrapper_25a56e5ce2f9_Inst/u_PH1P_PHY_PLL.clkc[0]
net (fo=1)                              0.337          3.110          net: u_video/u_pll/u_output/clk0_buf,  ../../../user_source/hdl_source/native_hdmi_pll.v(32)
                                                                      pin: u_video/u_pll/u_output/bufg_feedback.clkin[0]
GCLK                x023y039z1          0.007          3.117          pin: u_video/u_pll/u_output/bufg_feedback.clkout
net (fo=1)                              0.158          3.275          net: u_video/pixel,  ../../../diagnostics/hdmi_positive/positive_top.v(5)
                                                                      pin: u_video/u_pll/u_output/bufg_feedback_auto_created_sclk_s_1_r_bk2.clkin
SCLK                x023y059z13         0.030          3.305          pin: u_video/u_pll/u_output/bufg_feedback_auto_created_sclk_s_1_r_bk2.clkout
net (fo=36)                             0.249          3.554          net: u_video/u_pll/u_output/bufg_feedback_auto_created_sclk_s_1_r_bk2_sclk_outnet,  NOFILE(0)
                                                                      pin: u_video/u_green/disparity_reg[1]_syn_2.clk
capture edge                            0.000    r     3.554               
--------------------------------------------------------------------  ---------------
hold                                    0.012          3.566               
clock uncertainty                       0.050          3.616               
clock pessimism                        -0.400          3.216               
--------------------------------------------------------------------  ---------------
Required                                               3.216               
--------------------------------------------------------------------  ---------------
Slack                                                  0.102               

Slack               : 0.108ns
Begin Point         : u_video/release_sync_reg[1]_syn_2.clk (rising edge triggered by clock u_video/u_pll/u_output/ph1p_phy_pll_wrapper_25a56e5ce2f9_Inst/u_PH1P_PHY_PLL.clkc[0]  { rise@0.000000ns  fall@6.734000ns  period=13.468000 })
End Point           : u_video/release_sync_reg[1]_syn_2.ima (rising edge triggered by clock u_video/u_pll/u_output/ph1p_phy_pll_wrapper_25a56e5ce2f9_Inst/u_PH1P_PHY_PLL.clkc[0]  { rise@0.000000ns  fall@6.734000ns  period=13.468000 })
Check Type          : hold
Process             : fast_m40c
Budget              : 0.000ns { u_video/u_pll/u_output/ph1p_phy_pll_wrapper_25a56e5ce2f9_Inst/u_PH1P_PHY_PLL.clkc[0] rising@0.000ns - u_video/u_pll/u_output/ph1p_phy_pll_wrapper_25a56e5ce2f9_Inst/u_PH1P_PHY_PLL.clkc[0] rising@0.000ns }
Data Path Delay     : 0.120ns (cell 0.094ns (78%), net 0.026ns (22%))
Clock Skew          : 0.000ns
Logic Level         : 0
Max Fanout          : 1
Clock Uncertainty   : 0.000ns (sdc uncertainty: 0.000ns, default uncertainty: 0.000ns)

Delay Type          Location             Incr           Path   Level  Netlist Info
--------------------------------------------------------------------  ---------------
source latency                          0.000          0.000               
port                C4                  0.000          0.000          pin: I_sys_clk
hierarchy                               0.000          0.000          pin: I_sys_clk_syn_2.ipad
HDIO                x033y078            0.810          0.810          pin: I_sys_clk_syn_2.sg09_di
HDIO                x033y078            0.257          1.067          pin: I_sys_clk_syn_2.di
net (fo=1)          x043y079            0.040          1.107          net: I_sys_clk_dup_1,  ../../../diagnostics/hdmi_positive/positive_top.v(54)
                                                                      pin: u_video/u_pll/u_ref/ph1p_phy_pll_wrapper_25a56e5ce2f9_Inst/u_PH1P_PHY_PLL.refclk
PLL                 x043y079            0.367          1.474          pin: u_video/u_pll/u_ref/ph1p_phy_pll_wrapper_25a56e5ce2f9_Inst/u_PH1P_PHY_PLL.clkc[0]
net (fo=1)                              0.312          1.786          net: u_video/u_pll/u_ref/clk0_buf,  ../../../user_source/hdl_source/native_hdmi_pll.v(32)
                                                                      pin: u_video/u_pll/u_ref/bufg_feedback.clkin[0]
GCLK                x023y039z16         0.006          1.792          pin: u_video/u_pll/u_ref/bufg_feedback.clkout
net (fo=1)                              0.136          1.928          net: u_video/u_pll/u_output/ph1p_phy_pll_wrapper_25a56e5ce2f9_Inst/refclk,  ../../../user_source/ip_source/PLL/RTL/ph1p_phy_pll_wrapper_25a56e5ce2f9.v(119)
                                                                      pin: u_video/u_pll/u_ref/bufg_feedback_auto_created_sclk_s_0_l_bk1.clkin
SCLK                x023y019z0          0.025          1.953          pin: u_video/u_pll/u_ref/bufg_feedback_auto_created_sclk_s_0_l_bk1.clkout
net (fo=1)          x000y039            0.121          2.074          net: u_video/u_pll/u_ref/bufg_feedback_auto_created_sclk_s_0_l_bk1_sclk_outnet,  NOFILE(0)
                                                                      pin: u_video/u_pll/u_output/ph1p_phy_pll_wrapper_25a56e5ce2f9_Inst/u_PH1P_PHY_PLL.refclk
PLL                 x000y039            0.367          2.441          pin: u_video/u_pll/u_output/ph1p_phy_pll_wrapper_25a56e5ce2f9_Inst/u_PH1P_PHY_PLL.clkc[0]
net (fo=1)                              0.310          2.751          net: u_video/u_pll/u_output/clk0_buf,  ../../../user_source/hdl_source/native_hdmi_pll.v(32)
                                                                      pin: u_video/u_pll/u_output/bufg_feedback.clkin[0]
GCLK                x023y039z1          0.006          2.757          pin: u_video/u_pll/u_output/bufg_feedback.clkout
net (fo=1)                              0.146          2.903          net: u_video/pixel,  ../../../diagnostics/hdmi_positive/positive_top.v(5)
                                                                      pin: u_video/u_pll/u_output/bufg_feedback_auto_created_sclk_s_1_r_bk2.clkin
SCLK                x023y059z13         0.025          2.928          pin: u_video/u_pll/u_output/bufg_feedback_auto_created_sclk_s_1_r_bk2.clkout
net (fo=36)                             0.225          3.153          net: u_video/u_pll/u_output/bufg_feedback_auto_created_sclk_s_1_r_bk2_sclk_outnet,  NOFILE(0)
                                                                      pin: u_video/release_sync_reg[1]_syn_2.clk
launch edge                             0.000    r     3.153               
--------------------------------------------------------------------  ---------------
clk2q               x034y051z3          0.065    r     3.218          pin: u_video/release_sync_reg[1]_syn_2.oqb
net (fo=1)                              0.026          3.244          net: u_video/release_sync[0],  ../../../diagnostics/hdmi_positive/positive_top.v(12)
                                                                      pin: u_video/release_sync_reg[1]_syn_2.ima
reg                 x034y051z3          0.029    f     3.273          net: u_video/release_sync[1],  ../../../diagnostics/hdmi_positive/positive_top.v(12)
--------------------------------------------------------------------  ---------------
Arrival                                                3.273               

source latency                          0.000          0.000               
port                C4                  0.000          0.000          pin: I_sys_clk
hierarchy                               0.000          0.000          pin: I_sys_clk_syn_2.ipad
HDIO                x033y078            0.915          0.915          pin: I_sys_clk_syn_2.sg09_di
HDIO                x033y078            0.290          1.205          pin: I_sys_clk_syn_2.di
net (fo=1)          x043y079            0.043          1.248          net: I_sys_clk_dup_1,  ../../../diagnostics/hdmi_positive/positive_top.v(54)
                                                                      pin: u_video/u_pll/u_ref/ph1p_phy_pll_wrapper_25a56e5ce2f9_Inst/u_PH1P_PHY_PLL.refclk
PLL                 x043y079            0.435          1.683          pin: u_video/u_pll/u_ref/ph1p_phy_pll_wrapper_25a56e5ce2f9_Inst/u_PH1P_PHY_PLL.clkc[0]
net (fo=1)                              0.339          2.022          net: u_video/u_pll/u_ref/clk0_buf,  ../../../user_source/hdl_source/native_hdmi_pll.v(32)
                                                                      pin: u_video/u_pll/u_ref/bufg_feedback.clkin[0]
GCLK                x023y039z16         0.007          2.029          pin: u_video/u_pll/u_ref/bufg_feedback.clkout
net (fo=1)                              0.148          2.177          net: u_video/u_pll/u_output/ph1p_phy_pll_wrapper_25a56e5ce2f9_Inst/refclk,  ../../../user_source/ip_source/PLL/RTL/ph1p_phy_pll_wrapper_25a56e5ce2f9.v(119)
                                                                      pin: u_video/u_pll/u_ref/bufg_feedback_auto_created_sclk_s_0_l_bk1.clkin
SCLK                x023y019z0          0.030          2.207          pin: u_video/u_pll/u_ref/bufg_feedback_auto_created_sclk_s_0_l_bk1.clkout
net (fo=1)          x000y039            0.131          2.338          net: u_video/u_pll/u_ref/bufg_feedback_auto_created_sclk_s_0_l_bk1_sclk_outnet,  NOFILE(0)
                                                                      pin: u_video/u_pll/u_output/ph1p_phy_pll_wrapper_25a56e5ce2f9_Inst/u_PH1P_PHY_PLL.refclk
PLL                 x000y039            0.435          2.773          pin: u_video/u_pll/u_output/ph1p_phy_pll_wrapper_25a56e5ce2f9_Inst/u_PH1P_PHY_PLL.clkc[0]
net (fo=1)                              0.337          3.110          net: u_video/u_pll/u_output/clk0_buf,  ../../../user_source/hdl_source/native_hdmi_pll.v(32)
                                                                      pin: u_video/u_pll/u_output/bufg_feedback.clkin[0]
GCLK                x023y039z1          0.007          3.117          pin: u_video/u_pll/u_output/bufg_feedback.clkout
net (fo=1)                              0.158          3.275          net: u_video/pixel,  ../../../diagnostics/hdmi_positive/positive_top.v(5)
                                                                      pin: u_video/u_pll/u_output/bufg_feedback_auto_created_sclk_s_1_r_bk2.clkin
SCLK                x023y059z13         0.030          3.305          pin: u_video/u_pll/u_output/bufg_feedback_auto_created_sclk_s_1_r_bk2.clkout
net (fo=36)                             0.248          3.553          net: u_video/u_pll/u_output/bufg_feedback_auto_created_sclk_s_1_r_bk2_sclk_outnet,  NOFILE(0)
                                                                      pin: u_video/release_sync_reg[1]_syn_2.clk
capture edge                            0.000    r     3.553               
--------------------------------------------------------------------  ---------------
hold                                    0.012          3.565               
clock uncertainty                       0.000          3.565               
clock pessimism                        -0.400          3.165               
--------------------------------------------------------------------  ---------------
Required                                               3.165               
--------------------------------------------------------------------  ---------------
Slack                                                  0.108               

Slack               : 0.112ns
Begin Point         : u_video/u_blue/disparity_reg[4]_syn_2.clk (rising edge triggered by clock u_video/u_pll/u_output/ph1p_phy_pll_wrapper_25a56e5ce2f9_Inst/u_PH1P_PHY_PLL.clkc[0]  { rise@0.000000ns  fall@6.734000ns  period=13.468000 })
End Point           : u_video/u_blue/symbol_reg[9]_syn_2.imf (rising edge triggered by clock u_video/u_pll/u_output/ph1p_phy_pll_wrapper_25a56e5ce2f9_Inst/u_PH1P_PHY_PLL.clkc[0]  { rise@0.000000ns  fall@6.734000ns  period=13.468000 })
Check Type          : hold
Process             : fast_m40c
Budget              : 0.000ns { u_video/u_pll/u_output/ph1p_phy_pll_wrapper_25a56e5ce2f9_Inst/u_PH1P_PHY_PLL.clkc[0] rising@0.000ns - u_video/u_pll/u_output/ph1p_phy_pll_wrapper_25a56e5ce2f9_Inst/u_PH1P_PHY_PLL.clkc[0] rising@0.000ns }
Data Path Delay     : 0.183ns (cell 0.125ns (68%), net 0.058ns (32%))
Clock Skew          : 0.009ns
Logic Level         : 1 ( LUT4=1 )
Max Fanout          : 6
Clock Uncertainty   : 0.050ns (sdc uncertainty: 0.000ns, default uncertainty: 0.050ns)

Delay Type          Location             Incr           Path   Level  Netlist Info
--------------------------------------------------------------------  ---------------
source latency                          0.000          0.000               
port                C4                  0.000          0.000          pin: I_sys_clk
hierarchy                               0.000          0.000          pin: I_sys_clk_syn_2.ipad
HDIO                x033y078            0.810          0.810          pin: I_sys_clk_syn_2.sg09_di
HDIO                x033y078            0.257          1.067          pin: I_sys_clk_syn_2.di
net (fo=1)          x043y079            0.040          1.107          net: I_sys_clk_dup_1,  ../../../diagnostics/hdmi_positive/positive_top.v(54)
                                                                      pin: u_video/u_pll/u_ref/ph1p_phy_pll_wrapper_25a56e5ce2f9_Inst/u_PH1P_PHY_PLL.refclk
PLL                 x043y079            0.367          1.474          pin: u_video/u_pll/u_ref/ph1p_phy_pll_wrapper_25a56e5ce2f9_Inst/u_PH1P_PHY_PLL.clkc[0]
net (fo=1)                              0.312          1.786          net: u_video/u_pll/u_ref/clk0_buf,  ../../../user_source/hdl_source/native_hdmi_pll.v(32)
                                                                      pin: u_video/u_pll/u_ref/bufg_feedback.clkin[0]
GCLK                x023y039z16         0.006          1.792          pin: u_video/u_pll/u_ref/bufg_feedback.clkout
net (fo=1)                              0.136          1.928          net: u_video/u_pll/u_output/ph1p_phy_pll_wrapper_25a56e5ce2f9_Inst/refclk,  ../../../user_source/ip_source/PLL/RTL/ph1p_phy_pll_wrapper_25a56e5ce2f9.v(119)
                                                                      pin: u_video/u_pll/u_ref/bufg_feedback_auto_created_sclk_s_0_l_bk1.clkin
SCLK                x023y019z0          0.025          1.953          pin: u_video/u_pll/u_ref/bufg_feedback_auto_created_sclk_s_0_l_bk1.clkout
net (fo=1)          x000y039            0.121          2.074          net: u_video/u_pll/u_ref/bufg_feedback_auto_created_sclk_s_0_l_bk1_sclk_outnet,  NOFILE(0)
                                                                      pin: u_video/u_pll/u_output/ph1p_phy_pll_wrapper_25a56e5ce2f9_Inst/u_PH1P_PHY_PLL.refclk
PLL                 x000y039            0.367          2.441          pin: u_video/u_pll/u_output/ph1p_phy_pll_wrapper_25a56e5ce2f9_Inst/u_PH1P_PHY_PLL.clkc[0]
net (fo=1)                              0.310          2.751          net: u_video/u_pll/u_output/clk0_buf,  ../../../user_source/hdl_source/native_hdmi_pll.v(32)
                                                                      pin: u_video/u_pll/u_output/bufg_feedback.clkin[0]
GCLK                x023y039z1          0.006          2.757          pin: u_video/u_pll/u_output/bufg_feedback.clkout
net (fo=1)                              0.146          2.903          net: u_video/pixel,  ../../../diagnostics/hdmi_positive/positive_top.v(5)
                                                                      pin: u_video/u_pll/u_output/bufg_feedback_auto_created_sclk_s_1_r_bk2.clkin
SCLK                x023y059z13         0.025          2.928          pin: u_video/u_pll/u_output/bufg_feedback_auto_created_sclk_s_1_r_bk2.clkout
net (fo=36)                             0.226          3.154          net: u_video/u_pll/u_output/bufg_feedback_auto_created_sclk_s_1_r_bk2_sclk_outnet,  NOFILE(0)
                                                                      pin: u_video/u_blue/disparity_reg[4]_syn_2.clk
launch edge                             0.000    r     3.154               
--------------------------------------------------------------------  ---------------
clk2q               x036y048z5          0.062    f     3.216          pin: u_video/u_blue/disparity_reg[4]_syn_2.oqa
net (fo=6)                              0.058          3.274          net: u_video/u_blue/disparity[4],  ../../../diagnostics/hdmi_positive/dvi_encoder.v(5)
                                                                      pin: u_video/u_blue/symbol_reg[9]_syn_2.imf
LUT4 (reg)          x036y048z2          0.063    f     3.337       1  net: u_video/u_phy/u0_lane_lvds_8_1/I_data_in[0],  ../../../user_source/hdl_source/lane_lvds_10_1.v(11)
--------------------------------------------------------------------  ---------------
Arrival                                                3.337               

source latency                          0.000          0.000               
port                C4                  0.000          0.000          pin: I_sys_clk
hierarchy                               0.000          0.000          pin: I_sys_clk_syn_2.ipad
HDIO                x033y078            0.915          0.915          pin: I_sys_clk_syn_2.sg09_di
HDIO                x033y078            0.290          1.205          pin: I_sys_clk_syn_2.di
net (fo=1)          x043y079            0.043          1.248          net: I_sys_clk_dup_1,  ../../../diagnostics/hdmi_positive/positive_top.v(54)
                                                                      pin: u_video/u_pll/u_ref/ph1p_phy_pll_wrapper_25a56e5ce2f9_Inst/u_PH1P_PHY_PLL.refclk
PLL                 x043y079            0.435          1.683          pin: u_video/u_pll/u_ref/ph1p_phy_pll_wrapper_25a56e5ce2f9_Inst/u_PH1P_PHY_PLL.clkc[0]
net (fo=1)                              0.339          2.022          net: u_video/u_pll/u_ref/clk0_buf,  ../../../user_source/hdl_source/native_hdmi_pll.v(32)
                                                                      pin: u_video/u_pll/u_ref/bufg_feedback.clkin[0]
GCLK                x023y039z16         0.007          2.029          pin: u_video/u_pll/u_ref/bufg_feedback.clkout
net (fo=1)                              0.148          2.177          net: u_video/u_pll/u_output/ph1p_phy_pll_wrapper_25a56e5ce2f9_Inst/refclk,  ../../../user_source/ip_source/PLL/RTL/ph1p_phy_pll_wrapper_25a56e5ce2f9.v(119)
                                                                      pin: u_video/u_pll/u_ref/bufg_feedback_auto_created_sclk_s_0_l_bk1.clkin
SCLK                x023y019z0          0.030          2.207          pin: u_video/u_pll/u_ref/bufg_feedback_auto_created_sclk_s_0_l_bk1.clkout
net (fo=1)          x000y039            0.131          2.338          net: u_video/u_pll/u_ref/bufg_feedback_auto_created_sclk_s_0_l_bk1_sclk_outnet,  NOFILE(0)
                                                                      pin: u_video/u_pll/u_output/ph1p_phy_pll_wrapper_25a56e5ce2f9_Inst/u_PH1P_PHY_PLL.refclk
PLL                 x000y039            0.435          2.773          pin: u_video/u_pll/u_output/ph1p_phy_pll_wrapper_25a56e5ce2f9_Inst/u_PH1P_PHY_PLL.clkc[0]
net (fo=1)                              0.337          3.110          net: u_video/u_pll/u_output/clk0_buf,  ../../../user_source/hdl_source/native_hdmi_pll.v(32)
                                                                      pin: u_video/u_pll/u_output/bufg_feedback.clkin[0]
GCLK                x023y039z1          0.007          3.117          pin: u_video/u_pll/u_output/bufg_feedback.clkout
net (fo=1)                              0.158          3.275          net: u_video/pixel,  ../../../diagnostics/hdmi_positive/positive_top.v(5)
                                                                      pin: u_video/u_pll/u_output/bufg_feedback_auto_created_sclk_s_1_r_bk2.clkin
SCLK                x023y059z13         0.030          3.305          pin: u_video/u_pll/u_output/bufg_feedback_auto_created_sclk_s_1_r_bk2.clkout
net (fo=36)                             0.249          3.554          net: u_video/u_pll/u_output/bufg_feedback_auto_created_sclk_s_1_r_bk2_sclk_outnet,  NOFILE(0)
                                                                      pin: u_video/u_blue/symbol_reg[9]_syn_2.clk
capture edge                            0.000    r     3.554               
--------------------------------------------------------------------  ---------------
hold                                    0.012          3.566               
clock uncertainty                       0.050          3.616               
clock pessimism                        -0.391          3.225               
--------------------------------------------------------------------  ---------------
Required                                               3.225               
--------------------------------------------------------------------  ---------------
Slack                                                  0.112               

Slack               : 0.116ns
Begin Point         : u_video/y_reg[1]_syn_2.clk (rising edge triggered by clock u_video/u_pll/u_output/ph1p_phy_pll_wrapper_25a56e5ce2f9_Inst/u_PH1P_PHY_PLL.clkc[0]  { rise@0.000000ns  fall@6.734000ns  period=13.468000 })
End Point           : u_video/y_reg[4]_syn_2.id (rising edge triggered by clock u_video/u_pll/u_output/ph1p_phy_pll_wrapper_25a56e5ce2f9_Inst/u_PH1P_PHY_PLL.clkc[0]  { rise@0.000000ns  fall@6.734000ns  period=13.468000 })
Check Type          : hold
Process             : fast_m40c
Budget              : 0.000ns { u_video/u_pll/u_output/ph1p_phy_pll_wrapper_25a56e5ce2f9_Inst/u_PH1P_PHY_PLL.clkc[0] rising@0.000ns - u_video/u_pll/u_output/ph1p_phy_pll_wrapper_25a56e5ce2f9_Inst/u_PH1P_PHY_PLL.clkc[0] rising@0.000ns }
Data Path Delay     : 0.187ns (cell 0.123ns (65%), net 0.064ns (35%))
Clock Skew          : 0.009ns
Logic Level         : 1 ( LUT5=1 )
Max Fanout          : 6
Clock Uncertainty   : 0.050ns (sdc uncertainty: 0.000ns, default uncertainty: 0.050ns)

Delay Type          Location             Incr           Path   Level  Netlist Info
--------------------------------------------------------------------  ---------------
source latency                          0.000          0.000               
port                C4                  0.000          0.000          pin: I_sys_clk
hierarchy                               0.000          0.000          pin: I_sys_clk_syn_2.ipad
HDIO                x033y078            0.810          0.810          pin: I_sys_clk_syn_2.sg09_di
HDIO                x033y078            0.257          1.067          pin: I_sys_clk_syn_2.di
net (fo=1)          x043y079            0.040          1.107          net: I_sys_clk_dup_1,  ../../../diagnostics/hdmi_positive/positive_top.v(54)
                                                                      pin: u_video/u_pll/u_ref/ph1p_phy_pll_wrapper_25a56e5ce2f9_Inst/u_PH1P_PHY_PLL.refclk
PLL                 x043y079            0.367          1.474          pin: u_video/u_pll/u_ref/ph1p_phy_pll_wrapper_25a56e5ce2f9_Inst/u_PH1P_PHY_PLL.clkc[0]
net (fo=1)                              0.312          1.786          net: u_video/u_pll/u_ref/clk0_buf,  ../../../user_source/hdl_source/native_hdmi_pll.v(32)
                                                                      pin: u_video/u_pll/u_ref/bufg_feedback.clkin[0]
GCLK                x023y039z16         0.006          1.792          pin: u_video/u_pll/u_ref/bufg_feedback.clkout
net (fo=1)                              0.136          1.928          net: u_video/u_pll/u_output/ph1p_phy_pll_wrapper_25a56e5ce2f9_Inst/refclk,  ../../../user_source/ip_source/PLL/RTL/ph1p_phy_pll_wrapper_25a56e5ce2f9.v(119)
                                                                      pin: u_video/u_pll/u_ref/bufg_feedback_auto_created_sclk_s_0_l_bk1.clkin
SCLK                x023y019z0          0.025          1.953          pin: u_video/u_pll/u_ref/bufg_feedback_auto_created_sclk_s_0_l_bk1.clkout
net (fo=1)          x000y039            0.121          2.074          net: u_video/u_pll/u_ref/bufg_feedback_auto_created_sclk_s_0_l_bk1_sclk_outnet,  NOFILE(0)
                                                                      pin: u_video/u_pll/u_output/ph1p_phy_pll_wrapper_25a56e5ce2f9_Inst/u_PH1P_PHY_PLL.refclk
PLL                 x000y039            0.367          2.441          pin: u_video/u_pll/u_output/ph1p_phy_pll_wrapper_25a56e5ce2f9_Inst/u_PH1P_PHY_PLL.clkc[0]
net (fo=1)                              0.310          2.751          net: u_video/u_pll/u_output/clk0_buf,  ../../../user_source/hdl_source/native_hdmi_pll.v(32)
                                                                      pin: u_video/u_pll/u_output/bufg_feedback.clkin[0]
GCLK                x023y039z1          0.006          2.757          pin: u_video/u_pll/u_output/bufg_feedback.clkout
net (fo=1)                              0.146          2.903          net: u_video/pixel,  ../../../diagnostics/hdmi_positive/positive_top.v(5)
                                                                      pin: u_video/u_pll/u_output/bufg_feedback_auto_created_sclk_s_1_r_bk2.clkin
SCLK                x023y059z13         0.025          2.928          pin: u_video/u_pll/u_output/bufg_feedback_auto_created_sclk_s_1_r_bk2.clkout
net (fo=36)                             0.222          3.150          net: u_video/u_pll/u_output/bufg_feedback_auto_created_sclk_s_1_r_bk2_sclk_outnet,  NOFILE(0)
                                                                      pin: u_video/y_reg[1]_syn_2.clk
launch edge                             0.000    r     3.150               
--------------------------------------------------------------------  ---------------
clk2q               x033y048z3          0.065    r     3.215          pin: u_video/y_reg[1]_syn_2.oqb
net (fo=6)                              0.064          3.279          net: u_video/y[2],  ../../../diagnostics/hdmi_positive/positive_top.v(17)
                                                                      pin: u_video/y_reg[4]_syn_2.id
LUT5 (reg)          x033y047z4          0.058    f     3.337       1  net: u_video/y[4],  ../../../diagnostics/hdmi_positive/positive_top.v(17)
--------------------------------------------------------------------  ---------------
Arrival                                                3.337               

source latency                          0.000          0.000               
port                C4                  0.000          0.000          pin: I_sys_clk
hierarchy                               0.000          0.000          pin: I_sys_clk_syn_2.ipad
HDIO                x033y078            0.915          0.915          pin: I_sys_clk_syn_2.sg09_di
HDIO                x033y078            0.290          1.205          pin: I_sys_clk_syn_2.di
net (fo=1)          x043y079            0.043          1.248          net: I_sys_clk_dup_1,  ../../../diagnostics/hdmi_positive/positive_top.v(54)
                                                                      pin: u_video/u_pll/u_ref/ph1p_phy_pll_wrapper_25a56e5ce2f9_Inst/u_PH1P_PHY_PLL.refclk
PLL                 x043y079            0.435          1.683          pin: u_video/u_pll/u_ref/ph1p_phy_pll_wrapper_25a56e5ce2f9_Inst/u_PH1P_PHY_PLL.clkc[0]
net (fo=1)                              0.339          2.022          net: u_video/u_pll/u_ref/clk0_buf,  ../../../user_source/hdl_source/native_hdmi_pll.v(32)
                                                                      pin: u_video/u_pll/u_ref/bufg_feedback.clkin[0]
GCLK                x023y039z16         0.007          2.029          pin: u_video/u_pll/u_ref/bufg_feedback.clkout
net (fo=1)                              0.148          2.177          net: u_video/u_pll/u_output/ph1p_phy_pll_wrapper_25a56e5ce2f9_Inst/refclk,  ../../../user_source/ip_source/PLL/RTL/ph1p_phy_pll_wrapper_25a56e5ce2f9.v(119)
                                                                      pin: u_video/u_pll/u_ref/bufg_feedback_auto_created_sclk_s_0_l_bk1.clkin
SCLK                x023y019z0          0.030          2.207          pin: u_video/u_pll/u_ref/bufg_feedback_auto_created_sclk_s_0_l_bk1.clkout
net (fo=1)          x000y039            0.131          2.338          net: u_video/u_pll/u_ref/bufg_feedback_auto_created_sclk_s_0_l_bk1_sclk_outnet,  NOFILE(0)
                                                                      pin: u_video/u_pll/u_output/ph1p_phy_pll_wrapper_25a56e5ce2f9_Inst/u_PH1P_PHY_PLL.refclk
PLL                 x000y039            0.435          2.773          pin: u_video/u_pll/u_output/ph1p_phy_pll_wrapper_25a56e5ce2f9_Inst/u_PH1P_PHY_PLL.clkc[0]
net (fo=1)                              0.337          3.110          net: u_video/u_pll/u_output/clk0_buf,  ../../../user_source/hdl_source/native_hdmi_pll.v(32)
                                                                      pin: u_video/u_pll/u_output/bufg_feedback.clkin[0]
GCLK                x023y039z1          0.007          3.117          pin: u_video/u_pll/u_output/bufg_feedback.clkout
net (fo=1)                              0.158          3.275          net: u_video/pixel,  ../../../diagnostics/hdmi_positive/positive_top.v(5)
                                                                      pin: u_video/u_pll/u_output/bufg_feedback_auto_created_sclk_s_1_r_bk2.clkin
SCLK                x023y059z13         0.030          3.305          pin: u_video/u_pll/u_output/bufg_feedback_auto_created_sclk_s_1_r_bk2.clkout
net (fo=36)                             0.245          3.550          net: u_video/u_pll/u_output/bufg_feedback_auto_created_sclk_s_1_r_bk2_sclk_outnet,  NOFILE(0)
                                                                      pin: u_video/y_reg[4]_syn_2.clk
capture edge                            0.000    r     3.550               
--------------------------------------------------------------------  ---------------
hold                                    0.012          3.562               
clock uncertainty                       0.050          3.612               
clock pessimism                        -0.391          3.221               
--------------------------------------------------------------------  ---------------
Required                                               3.221               
--------------------------------------------------------------------  ---------------
Slack                                                  0.116               

Slack               : 0.118ns
Begin Point         : u_video/u_green/disparity_reg[4]_syn_2.clk (rising edge triggered by clock u_video/u_pll/u_output/ph1p_phy_pll_wrapper_25a56e5ce2f9_Inst/u_PH1P_PHY_PLL.clkc[0]  { rise@0.000000ns  fall@6.734000ns  period=13.468000 })
End Point           : u_video/u_green/disparity_reg[1]_syn_2.ie (rising edge triggered by clock u_video/u_pll/u_output/ph1p_phy_pll_wrapper_25a56e5ce2f9_Inst/u_PH1P_PHY_PLL.clkc[0]  { rise@0.000000ns  fall@6.734000ns  period=13.468000 })
Check Type          : hold
Process             : fast_m40c
Budget              : 0.000ns { u_video/u_pll/u_output/ph1p_phy_pll_wrapper_25a56e5ce2f9_Inst/u_PH1P_PHY_PLL.clkc[0] rising@0.000ns - u_video/u_pll/u_output/ph1p_phy_pll_wrapper_25a56e5ce2f9_Inst/u_PH1P_PHY_PLL.clkc[0] rising@0.000ns }
Data Path Delay     : 0.180ns (cell 0.122ns (67%), net 0.058ns (33%))
Clock Skew          : 0.000ns
Logic Level         : 1 ( LUT3=1 )
Max Fanout          : 5
Clock Uncertainty   : 0.050ns (sdc uncertainty: 0.000ns, default uncertainty: 0.050ns)

Delay Type          Location             Incr           Path   Level  Netlist Info
--------------------------------------------------------------------  ---------------
source latency                          0.000          0.000               
port                C4                  0.000          0.000          pin: I_sys_clk
hierarchy                               0.000          0.000          pin: I_sys_clk_syn_2.ipad
HDIO                x033y078            0.810          0.810          pin: I_sys_clk_syn_2.sg09_di
HDIO                x033y078            0.257          1.067          pin: I_sys_clk_syn_2.di
net (fo=1)          x043y079            0.040          1.107          net: I_sys_clk_dup_1,  ../../../diagnostics/hdmi_positive/positive_top.v(54)
                                                                      pin: u_video/u_pll/u_ref/ph1p_phy_pll_wrapper_25a56e5ce2f9_Inst/u_PH1P_PHY_PLL.refclk
PLL                 x043y079            0.367          1.474          pin: u_video/u_pll/u_ref/ph1p_phy_pll_wrapper_25a56e5ce2f9_Inst/u_PH1P_PHY_PLL.clkc[0]
net (fo=1)                              0.312          1.786          net: u_video/u_pll/u_ref/clk0_buf,  ../../../user_source/hdl_source/native_hdmi_pll.v(32)
                                                                      pin: u_video/u_pll/u_ref/bufg_feedback.clkin[0]
GCLK                x023y039z16         0.006          1.792          pin: u_video/u_pll/u_ref/bufg_feedback.clkout
net (fo=1)                              0.136          1.928          net: u_video/u_pll/u_output/ph1p_phy_pll_wrapper_25a56e5ce2f9_Inst/refclk,  ../../../user_source/ip_source/PLL/RTL/ph1p_phy_pll_wrapper_25a56e5ce2f9.v(119)
                                                                      pin: u_video/u_pll/u_ref/bufg_feedback_auto_created_sclk_s_0_l_bk1.clkin
SCLK                x023y019z0          0.025          1.953          pin: u_video/u_pll/u_ref/bufg_feedback_auto_created_sclk_s_0_l_bk1.clkout
net (fo=1)          x000y039            0.121          2.074          net: u_video/u_pll/u_ref/bufg_feedback_auto_created_sclk_s_0_l_bk1_sclk_outnet,  NOFILE(0)
                                                                      pin: u_video/u_pll/u_output/ph1p_phy_pll_wrapper_25a56e5ce2f9_Inst/u_PH1P_PHY_PLL.refclk
PLL                 x000y039            0.367          2.441          pin: u_video/u_pll/u_output/ph1p_phy_pll_wrapper_25a56e5ce2f9_Inst/u_PH1P_PHY_PLL.clkc[0]
net (fo=1)                              0.310          2.751          net: u_video/u_pll/u_output/clk0_buf,  ../../../user_source/hdl_source/native_hdmi_pll.v(32)
                                                                      pin: u_video/u_pll/u_output/bufg_feedback.clkin[0]
GCLK                x023y039z1          0.006          2.757          pin: u_video/u_pll/u_output/bufg_feedback.clkout
net (fo=1)                              0.146          2.903          net: u_video/pixel,  ../../../diagnostics/hdmi_positive/positive_top.v(5)
                                                                      pin: u_video/u_pll/u_output/bufg_feedback_auto_created_sclk_s_1_r_bk2.clkin
SCLK                x023y059z13         0.025          2.928          pin: u_video/u_pll/u_output/bufg_feedback_auto_created_sclk_s_1_r_bk2.clkout
net (fo=36)                             0.226          3.154          net: u_video/u_pll/u_output/bufg_feedback_auto_created_sclk_s_1_r_bk2_sclk_outnet,  NOFILE(0)
                                                                      pin: u_video/u_green/disparity_reg[4]_syn_2.clk
launch edge                             0.000    r     3.154               
--------------------------------------------------------------------  ---------------
clk2q               x036y047z6          0.062    f     3.216          pin: u_video/u_green/disparity_reg[4]_syn_2.oqa
net (fo=5)                              0.058          3.274          net: u_video/u_green/disparity[4],  ../../../diagnostics/hdmi_positive/dvi_encoder.v(5)
                                                                      pin: u_video/u_green/disparity_reg[1]_syn_2.ie
LUT3 (reg)          x036y047z5          0.060    f     3.334       1  net: u_video/u_green/disparity[1],  ../../../diagnostics/hdmi_positive/dvi_encoder.v(5)
--------------------------------------------------------------------  ---------------
Arrival                                                3.334               

source latency                          0.000          0.000               
port                C4                  0.000          0.000          pin: I_sys_clk
hierarchy                               0.000          0.000          pin: I_sys_clk_syn_2.ipad
HDIO                x033y078            0.915          0.915          pin: I_sys_clk_syn_2.sg09_di
HDIO                x033y078            0.290          1.205          pin: I_sys_clk_syn_2.di
net (fo=1)          x043y079            0.043          1.248          net: I_sys_clk_dup_1,  ../../../diagnostics/hdmi_positive/positive_top.v(54)
                                                                      pin: u_video/u_pll/u_ref/ph1p_phy_pll_wrapper_25a56e5ce2f9_Inst/u_PH1P_PHY_PLL.refclk
PLL                 x043y079            0.435          1.683          pin: u_video/u_pll/u_ref/ph1p_phy_pll_wrapper_25a56e5ce2f9_Inst/u_PH1P_PHY_PLL.clkc[0]
net (fo=1)                              0.339          2.022          net: u_video/u_pll/u_ref/clk0_buf,  ../../../user_source/hdl_source/native_hdmi_pll.v(32)
                                                                      pin: u_video/u_pll/u_ref/bufg_feedback.clkin[0]
GCLK                x023y039z16         0.007          2.029          pin: u_video/u_pll/u_ref/bufg_feedback.clkout
net (fo=1)                              0.148          2.177          net: u_video/u_pll/u_output/ph1p_phy_pll_wrapper_25a56e5ce2f9_Inst/refclk,  ../../../user_source/ip_source/PLL/RTL/ph1p_phy_pll_wrapper_25a56e5ce2f9.v(119)
                                                                      pin: u_video/u_pll/u_ref/bufg_feedback_auto_created_sclk_s_0_l_bk1.clkin
SCLK                x023y019z0          0.030          2.207          pin: u_video/u_pll/u_ref/bufg_feedback_auto_created_sclk_s_0_l_bk1.clkout
net (fo=1)          x000y039            0.131          2.338          net: u_video/u_pll/u_ref/bufg_feedback_auto_created_sclk_s_0_l_bk1_sclk_outnet,  NOFILE(0)
                                                                      pin: u_video/u_pll/u_output/ph1p_phy_pll_wrapper_25a56e5ce2f9_Inst/u_PH1P_PHY_PLL.refclk
PLL                 x000y039            0.435          2.773          pin: u_video/u_pll/u_output/ph1p_phy_pll_wrapper_25a56e5ce2f9_Inst/u_PH1P_PHY_PLL.clkc[0]
net (fo=1)                              0.337          3.110          net: u_video/u_pll/u_output/clk0_buf,  ../../../user_source/hdl_source/native_hdmi_pll.v(32)
                                                                      pin: u_video/u_pll/u_output/bufg_feedback.clkin[0]
GCLK                x023y039z1          0.007          3.117          pin: u_video/u_pll/u_output/bufg_feedback.clkout
net (fo=1)                              0.158          3.275          net: u_video/pixel,  ../../../diagnostics/hdmi_positive/positive_top.v(5)
                                                                      pin: u_video/u_pll/u_output/bufg_feedback_auto_created_sclk_s_1_r_bk2.clkin
SCLK                x023y059z13         0.030          3.305          pin: u_video/u_pll/u_output/bufg_feedback_auto_created_sclk_s_1_r_bk2.clkout
net (fo=36)                             0.249          3.554          net: u_video/u_pll/u_output/bufg_feedback_auto_created_sclk_s_1_r_bk2_sclk_outnet,  NOFILE(0)
                                                                      pin: u_video/u_green/disparity_reg[1]_syn_2.clk
capture edge                            0.000    r     3.554               
--------------------------------------------------------------------  ---------------
hold                                    0.012          3.566               
clock uncertainty                       0.050          3.616               
clock pessimism                        -0.400          3.216               
--------------------------------------------------------------------  ---------------
Required                                               3.216               
--------------------------------------------------------------------  ---------------
Slack                                                  0.118               

Slack               : 0.121ns
Begin Point         : u_video/u_blue/disparity_reg[4]_syn_2.clk (rising edge triggered by clock u_video/u_pll/u_output/ph1p_phy_pll_wrapper_25a56e5ce2f9_Inst/u_PH1P_PHY_PLL.clkc[0]  { rise@0.000000ns  fall@6.734000ns  period=13.468000 })
End Point           : u_video/u_blue/symbol_reg[0]_syn_2.imf (rising edge triggered by clock u_video/u_pll/u_output/ph1p_phy_pll_wrapper_25a56e5ce2f9_Inst/u_PH1P_PHY_PLL.clkc[0]  { rise@0.000000ns  fall@6.734000ns  period=13.468000 })
Check Type          : hold
Process             : fast_m40c
Budget              : 0.000ns { u_video/u_pll/u_output/ph1p_phy_pll_wrapper_25a56e5ce2f9_Inst/u_PH1P_PHY_PLL.clkc[0] rising@0.000ns - u_video/u_pll/u_output/ph1p_phy_pll_wrapper_25a56e5ce2f9_Inst/u_PH1P_PHY_PLL.clkc[0] rising@0.000ns }
Data Path Delay     : 0.183ns (cell 0.125ns (68%), net 0.058ns (32%))
Clock Skew          : 0.000ns
Logic Level         : 1 ( LUT3=1 )
Max Fanout          : 6
Clock Uncertainty   : 0.050ns (sdc uncertainty: 0.000ns, default uncertainty: 0.050ns)

Delay Type          Location             Incr           Path   Level  Netlist Info
--------------------------------------------------------------------  ---------------
source latency                          0.000          0.000               
port                C4                  0.000          0.000          pin: I_sys_clk
hierarchy                               0.000          0.000          pin: I_sys_clk_syn_2.ipad
HDIO                x033y078            0.810          0.810          pin: I_sys_clk_syn_2.sg09_di
HDIO                x033y078            0.257          1.067          pin: I_sys_clk_syn_2.di
net (fo=1)          x043y079            0.040          1.107          net: I_sys_clk_dup_1,  ../../../diagnostics/hdmi_positive/positive_top.v(54)
                                                                      pin: u_video/u_pll/u_ref/ph1p_phy_pll_wrapper_25a56e5ce2f9_Inst/u_PH1P_PHY_PLL.refclk
PLL                 x043y079            0.367          1.474          pin: u_video/u_pll/u_ref/ph1p_phy_pll_wrapper_25a56e5ce2f9_Inst/u_PH1P_PHY_PLL.clkc[0]
net (fo=1)                              0.312          1.786          net: u_video/u_pll/u_ref/clk0_buf,  ../../../user_source/hdl_source/native_hdmi_pll.v(32)
                                                                      pin: u_video/u_pll/u_ref/bufg_feedback.clkin[0]
GCLK                x023y039z16         0.006          1.792          pin: u_video/u_pll/u_ref/bufg_feedback.clkout
net (fo=1)                              0.136          1.928          net: u_video/u_pll/u_output/ph1p_phy_pll_wrapper_25a56e5ce2f9_Inst/refclk,  ../../../user_source/ip_source/PLL/RTL/ph1p_phy_pll_wrapper_25a56e5ce2f9.v(119)
                                                                      pin: u_video/u_pll/u_ref/bufg_feedback_auto_created_sclk_s_0_l_bk1.clkin
SCLK                x023y019z0          0.025          1.953          pin: u_video/u_pll/u_ref/bufg_feedback_auto_created_sclk_s_0_l_bk1.clkout
net (fo=1)          x000y039            0.121          2.074          net: u_video/u_pll/u_ref/bufg_feedback_auto_created_sclk_s_0_l_bk1_sclk_outnet,  NOFILE(0)
                                                                      pin: u_video/u_pll/u_output/ph1p_phy_pll_wrapper_25a56e5ce2f9_Inst/u_PH1P_PHY_PLL.refclk
PLL                 x000y039            0.367          2.441          pin: u_video/u_pll/u_output/ph1p_phy_pll_wrapper_25a56e5ce2f9_Inst/u_PH1P_PHY_PLL.clkc[0]
net (fo=1)                              0.310          2.751          net: u_video/u_pll/u_output/clk0_buf,  ../../../user_source/hdl_source/native_hdmi_pll.v(32)
                                                                      pin: u_video/u_pll/u_output/bufg_feedback.clkin[0]
GCLK                x023y039z1          0.006          2.757          pin: u_video/u_pll/u_output/bufg_feedback.clkout
net (fo=1)                              0.146          2.903          net: u_video/pixel,  ../../../diagnostics/hdmi_positive/positive_top.v(5)
                                                                      pin: u_video/u_pll/u_output/bufg_feedback_auto_created_sclk_s_1_r_bk2.clkin
SCLK                x023y059z13         0.025          2.928          pin: u_video/u_pll/u_output/bufg_feedback_auto_created_sclk_s_1_r_bk2.clkout
net (fo=36)                             0.226          3.154          net: u_video/u_pll/u_output/bufg_feedback_auto_created_sclk_s_1_r_bk2_sclk_outnet,  NOFILE(0)
                                                                      pin: u_video/u_blue/disparity_reg[4]_syn_2.clk
launch edge                             0.000    r     3.154               
--------------------------------------------------------------------  ---------------
clk2q               x036y048z5          0.062    f     3.216          pin: u_video/u_blue/disparity_reg[4]_syn_2.oqa
net (fo=6)                              0.058          3.274          net: u_video/u_blue/disparity[4],  ../../../diagnostics/hdmi_positive/dvi_encoder.v(5)
                                                                      pin: u_video/u_blue/symbol_reg[0]_syn_2.imf
LUT3 (reg)          x036y048z4          0.063    f     3.337       1  net: u_video/u_phy/u0_lane_lvds_8_1/I_data_in[9],  ../../../user_source/hdl_source/lane_lvds_10_1.v(11)
--------------------------------------------------------------------  ---------------
Arrival                                                3.337               

source latency                          0.000          0.000               
port                C4                  0.000          0.000          pin: I_sys_clk
hierarchy                               0.000          0.000          pin: I_sys_clk_syn_2.ipad
HDIO                x033y078            0.915          0.915          pin: I_sys_clk_syn_2.sg09_di
HDIO                x033y078            0.290          1.205          pin: I_sys_clk_syn_2.di
net (fo=1)          x043y079            0.043          1.248          net: I_sys_clk_dup_1,  ../../../diagnostics/hdmi_positive/positive_top.v(54)
                                                                      pin: u_video/u_pll/u_ref/ph1p_phy_pll_wrapper_25a56e5ce2f9_Inst/u_PH1P_PHY_PLL.refclk
PLL                 x043y079            0.435          1.683          pin: u_video/u_pll/u_ref/ph1p_phy_pll_wrapper_25a56e5ce2f9_Inst/u_PH1P_PHY_PLL.clkc[0]
net (fo=1)                              0.339          2.022          net: u_video/u_pll/u_ref/clk0_buf,  ../../../user_source/hdl_source/native_hdmi_pll.v(32)
                                                                      pin: u_video/u_pll/u_ref/bufg_feedback.clkin[0]
GCLK                x023y039z16         0.007          2.029          pin: u_video/u_pll/u_ref/bufg_feedback.clkout
net (fo=1)                              0.148          2.177          net: u_video/u_pll/u_output/ph1p_phy_pll_wrapper_25a56e5ce2f9_Inst/refclk,  ../../../user_source/ip_source/PLL/RTL/ph1p_phy_pll_wrapper_25a56e5ce2f9.v(119)
                                                                      pin: u_video/u_pll/u_ref/bufg_feedback_auto_created_sclk_s_0_l_bk1.clkin
SCLK                x023y019z0          0.030          2.207          pin: u_video/u_pll/u_ref/bufg_feedback_auto_created_sclk_s_0_l_bk1.clkout
net (fo=1)          x000y039            0.131          2.338          net: u_video/u_pll/u_ref/bufg_feedback_auto_created_sclk_s_0_l_bk1_sclk_outnet,  NOFILE(0)
                                                                      pin: u_video/u_pll/u_output/ph1p_phy_pll_wrapper_25a56e5ce2f9_Inst/u_PH1P_PHY_PLL.refclk
PLL                 x000y039            0.435          2.773          pin: u_video/u_pll/u_output/ph1p_phy_pll_wrapper_25a56e5ce2f9_Inst/u_PH1P_PHY_PLL.clkc[0]
net (fo=1)                              0.337          3.110          net: u_video/u_pll/u_output/clk0_buf,  ../../../user_source/hdl_source/native_hdmi_pll.v(32)
                                                                      pin: u_video/u_pll/u_output/bufg_feedback.clkin[0]
GCLK                x023y039z1          0.007          3.117          pin: u_video/u_pll/u_output/bufg_feedback.clkout
net (fo=1)                              0.158          3.275          net: u_video/pixel,  ../../../diagnostics/hdmi_positive/positive_top.v(5)
                                                                      pin: u_video/u_pll/u_output/bufg_feedback_auto_created_sclk_s_1_r_bk2.clkin
SCLK                x023y059z13         0.030          3.305          pin: u_video/u_pll/u_output/bufg_feedback_auto_created_sclk_s_1_r_bk2.clkout
net (fo=36)                             0.249          3.554          net: u_video/u_pll/u_output/bufg_feedback_auto_created_sclk_s_1_r_bk2_sclk_outnet,  NOFILE(0)
                                                                      pin: u_video/u_blue/symbol_reg[0]_syn_2.clk
capture edge                            0.000    r     3.554               
--------------------------------------------------------------------  ---------------
hold                                    0.012          3.566               
clock uncertainty                       0.050          3.616               
clock pessimism                        -0.400          3.216               
--------------------------------------------------------------------  ---------------
Required                                               3.216               
--------------------------------------------------------------------  ---------------
Slack                                                  0.121               

Slack               : 0.126ns
Begin Point         : u_video/u_red/disparity_reg[4]_syn_2.clk (rising edge triggered by clock u_video/u_pll/u_output/ph1p_phy_pll_wrapper_25a56e5ce2f9_Inst/u_PH1P_PHY_PLL.clkc[0]  { rise@0.000000ns  fall@6.734000ns  period=13.468000 })
End Point           : u_video/u_red/symbol_reg[9]_syn_2.ia (rising edge triggered by clock u_video/u_pll/u_output/ph1p_phy_pll_wrapper_25a56e5ce2f9_Inst/u_PH1P_PHY_PLL.clkc[0]  { rise@0.000000ns  fall@6.734000ns  period=13.468000 })
Check Type          : hold
Process             : fast_m40c
Budget              : 0.000ns { u_video/u_pll/u_output/ph1p_phy_pll_wrapper_25a56e5ce2f9_Inst/u_PH1P_PHY_PLL.clkc[0] rising@0.000ns - u_video/u_pll/u_output/ph1p_phy_pll_wrapper_25a56e5ce2f9_Inst/u_PH1P_PHY_PLL.clkc[0] rising@0.000ns }
Data Path Delay     : 0.197ns (cell 0.164ns (83%), net 0.033ns (17%))
Clock Skew          : 0.009ns
Logic Level         : 1 ( LUT2=1 )
Max Fanout          : 5
Clock Uncertainty   : 0.050ns (sdc uncertainty: 0.000ns, default uncertainty: 0.050ns)

Delay Type          Location             Incr           Path   Level  Netlist Info
--------------------------------------------------------------------  ---------------
source latency                          0.000          0.000               
port                C4                  0.000          0.000          pin: I_sys_clk
hierarchy                               0.000          0.000          pin: I_sys_clk_syn_2.ipad
HDIO                x033y078            0.810          0.810          pin: I_sys_clk_syn_2.sg09_di
HDIO                x033y078            0.257          1.067          pin: I_sys_clk_syn_2.di
net (fo=1)          x043y079            0.040          1.107          net: I_sys_clk_dup_1,  ../../../diagnostics/hdmi_positive/positive_top.v(54)
                                                                      pin: u_video/u_pll/u_ref/ph1p_phy_pll_wrapper_25a56e5ce2f9_Inst/u_PH1P_PHY_PLL.refclk
PLL                 x043y079            0.367          1.474          pin: u_video/u_pll/u_ref/ph1p_phy_pll_wrapper_25a56e5ce2f9_Inst/u_PH1P_PHY_PLL.clkc[0]
net (fo=1)                              0.312          1.786          net: u_video/u_pll/u_ref/clk0_buf,  ../../../user_source/hdl_source/native_hdmi_pll.v(32)
                                                                      pin: u_video/u_pll/u_ref/bufg_feedback.clkin[0]
GCLK                x023y039z16         0.006          1.792          pin: u_video/u_pll/u_ref/bufg_feedback.clkout
net (fo=1)                              0.136          1.928          net: u_video/u_pll/u_output/ph1p_phy_pll_wrapper_25a56e5ce2f9_Inst/refclk,  ../../../user_source/ip_source/PLL/RTL/ph1p_phy_pll_wrapper_25a56e5ce2f9.v(119)
                                                                      pin: u_video/u_pll/u_ref/bufg_feedback_auto_created_sclk_s_0_l_bk1.clkin
SCLK                x023y019z0          0.025          1.953          pin: u_video/u_pll/u_ref/bufg_feedback_auto_created_sclk_s_0_l_bk1.clkout
net (fo=1)          x000y039            0.121          2.074          net: u_video/u_pll/u_ref/bufg_feedback_auto_created_sclk_s_0_l_bk1_sclk_outnet,  NOFILE(0)
                                                                      pin: u_video/u_pll/u_output/ph1p_phy_pll_wrapper_25a56e5ce2f9_Inst/u_PH1P_PHY_PLL.refclk
PLL                 x000y039            0.367          2.441          pin: u_video/u_pll/u_output/ph1p_phy_pll_wrapper_25a56e5ce2f9_Inst/u_PH1P_PHY_PLL.clkc[0]
net (fo=1)                              0.310          2.751          net: u_video/u_pll/u_output/clk0_buf,  ../../../user_source/hdl_source/native_hdmi_pll.v(32)
                                                                      pin: u_video/u_pll/u_output/bufg_feedback.clkin[0]
GCLK                x023y039z1          0.006          2.757          pin: u_video/u_pll/u_output/bufg_feedback.clkout
net (fo=1)                              0.146          2.903          net: u_video/pixel,  ../../../diagnostics/hdmi_positive/positive_top.v(5)
                                                                      pin: u_video/u_pll/u_output/bufg_feedback_auto_created_sclk_s_1_r_bk2.clkin
SCLK                x023y059z13         0.025          2.928          pin: u_video/u_pll/u_output/bufg_feedback_auto_created_sclk_s_1_r_bk2.clkout
net (fo=36)                             0.226          3.154          net: u_video/u_pll/u_output/bufg_feedback_auto_created_sclk_s_1_r_bk2_sclk_outnet,  NOFILE(0)
                                                                      pin: u_video/u_red/disparity_reg[4]_syn_2.clk
launch edge                             0.000    r     3.154               
--------------------------------------------------------------------  ---------------
clk2q               x036y047z3          0.062    f     3.216          pin: u_video/u_red/disparity_reg[4]_syn_2.oqa
net (fo=5)                              0.033          3.249          net: u_video/u_red/disparity[4],  ../../../diagnostics/hdmi_positive/dvi_encoder.v(5)
                                                                      pin: u_video/u_red/symbol_reg[9]_syn_2.ia
LUT2 (reg)          x036y047z7          0.102    f     3.351       1  net: u_video/u_phy/u2_lane_lvds_8_1/I_data_in[7],  ../../../user_source/hdl_source/lane_lvds_10_1.v(11)
--------------------------------------------------------------------  ---------------
Arrival                                                3.351               

source latency                          0.000          0.000               
port                C4                  0.000          0.000          pin: I_sys_clk
hierarchy                               0.000          0.000          pin: I_sys_clk_syn_2.ipad
HDIO                x033y078            0.915          0.915          pin: I_sys_clk_syn_2.sg09_di
HDIO                x033y078            0.290          1.205          pin: I_sys_clk_syn_2.di
net (fo=1)          x043y079            0.043          1.248          net: I_sys_clk_dup_1,  ../../../diagnostics/hdmi_positive/positive_top.v(54)
                                                                      pin: u_video/u_pll/u_ref/ph1p_phy_pll_wrapper_25a56e5ce2f9_Inst/u_PH1P_PHY_PLL.refclk
PLL                 x043y079            0.435          1.683          pin: u_video/u_pll/u_ref/ph1p_phy_pll_wrapper_25a56e5ce2f9_Inst/u_PH1P_PHY_PLL.clkc[0]
net (fo=1)                              0.339          2.022          net: u_video/u_pll/u_ref/clk0_buf,  ../../../user_source/hdl_source/native_hdmi_pll.v(32)
                                                                      pin: u_video/u_pll/u_ref/bufg_feedback.clkin[0]
GCLK                x023y039z16         0.007          2.029          pin: u_video/u_pll/u_ref/bufg_feedback.clkout
net (fo=1)                              0.148          2.177          net: u_video/u_pll/u_output/ph1p_phy_pll_wrapper_25a56e5ce2f9_Inst/refclk,  ../../../user_source/ip_source/PLL/RTL/ph1p_phy_pll_wrapper_25a56e5ce2f9.v(119)
                                                                      pin: u_video/u_pll/u_ref/bufg_feedback_auto_created_sclk_s_0_l_bk1.clkin
SCLK                x023y019z0          0.030          2.207          pin: u_video/u_pll/u_ref/bufg_feedback_auto_created_sclk_s_0_l_bk1.clkout
net (fo=1)          x000y039            0.131          2.338          net: u_video/u_pll/u_ref/bufg_feedback_auto_created_sclk_s_0_l_bk1_sclk_outnet,  NOFILE(0)
                                                                      pin: u_video/u_pll/u_output/ph1p_phy_pll_wrapper_25a56e5ce2f9_Inst/u_PH1P_PHY_PLL.refclk
PLL                 x000y039            0.435          2.773          pin: u_video/u_pll/u_output/ph1p_phy_pll_wrapper_25a56e5ce2f9_Inst/u_PH1P_PHY_PLL.clkc[0]
net (fo=1)                              0.337          3.110          net: u_video/u_pll/u_output/clk0_buf,  ../../../user_source/hdl_source/native_hdmi_pll.v(32)
                                                                      pin: u_video/u_pll/u_output/bufg_feedback.clkin[0]
GCLK                x023y039z1          0.007          3.117          pin: u_video/u_pll/u_output/bufg_feedback.clkout
net (fo=1)                              0.158          3.275          net: u_video/pixel,  ../../../diagnostics/hdmi_positive/positive_top.v(5)
                                                                      pin: u_video/u_pll/u_output/bufg_feedback_auto_created_sclk_s_1_r_bk2.clkin
SCLK                x023y059z13         0.030          3.305          pin: u_video/u_pll/u_output/bufg_feedback_auto_created_sclk_s_1_r_bk2.clkout
net (fo=36)                             0.249          3.554          net: u_video/u_pll/u_output/bufg_feedback_auto_created_sclk_s_1_r_bk2_sclk_outnet,  NOFILE(0)
                                                                      pin: u_video/u_red/symbol_reg[9]_syn_2.clk
capture edge                            0.000    r     3.554               
--------------------------------------------------------------------  ---------------
hold                                    0.012          3.566               
clock uncertainty                       0.050          3.616               
clock pessimism                        -0.391          3.225               
--------------------------------------------------------------------  ---------------
Required                                               3.225               
--------------------------------------------------------------------  ---------------
Slack                                                  0.126               


----------------------------------------------------------------------------------------------------
Path Group     :     u_video/u_pll/u_output/ph1p_phy_pll_wrapper_25a56e5ce2f9_Inst/u_PH1P_PHY_PLL.clkc[0] -> u_video/u_pll/u_output/ph1p_phy_pll_wrapper_25a56e5ce2f9_Inst/u_PH1P_PHY_PLL.clkc[1]
Type           :     Same Domain
From Clock     :     u_video/u_pll/u_output/ph1p_phy_pll_wrapper_25a56e5ce2f9_Inst/u_PH1P_PHY_PLL.clkc[0]
To Clock       :     u_video/u_pll/u_output/ph1p_phy_pll_wrapper_25a56e5ce2f9_Inst/u_PH1P_PHY_PLL.clkc[1]
Min Period     :     2.527ns
Fmax           :     395.726MHz

Statistics:
Max            : SWNS      0.166ns, STNS      0.000ns,         0 Viol Endpoints,        59 Total Endpoints,        59 Paths Analyzed
Min            : HWNS      0.022ns, HTNS      0.000ns,         0 Viol Endpoints,        59 Total Endpoints,        59 Paths Analyzed
----------------------------------------------------------------------------------------------------

Max Paths
----------------------------------------------------------------------------------------------------
Slack               : 0.166ns
Begin Point         : u_video/rst_syn_2.clk (rising edge triggered by clock u_video/u_pll/u_output/ph1p_phy_pll_wrapper_25a56e5ce2f9_Inst/u_PH1P_PHY_PLL.clkc[0]  { rise@0.000000ns  fall@6.734000ns  period=13.468000 })
End Point           : O_tmds_ch2_p_syn_2.rst (rising edge triggered by clock u_video/u_pll/u_output/ph1p_phy_pll_wrapper_25a56e5ce2f9_Inst/u_PH1P_PHY_PLL.clkc[1]  { rise@0.000000ns  fall@1.346000ns  period=2.693000 })
Check Type          : setup
Process             : slow_m40c
Budget              : 2.693ns { u_video/u_pll/u_output/ph1p_phy_pll_wrapper_25a56e5ce2f9_Inst/u_PH1P_PHY_PLL.clkc[1] rising@2.693ns - u_video/u_pll/u_output/ph1p_phy_pll_wrapper_25a56e5ce2f9_Inst/u_PH1P_PHY_PLL.clkc[0] rising@0.000ns }
Data Path Delay     : 1.314ns (cell 0.326ns (24%), net 0.988ns (76%))
Clock Skew          : 0.535ns
Logic Level         : 1 ( LUT1=1 )
Max Fanout          : 55
Clock Uncertainty   : 0.103ns (sdc uncertainty: 0.000ns, default uncertainty: 0.103ns)

Delay Type          Location             Incr           Path   Level  Netlist Info
--------------------------------------------------------------------  ---------------
source latency                          0.000          0.000               
port                C4                  0.000          0.000          pin: I_sys_clk
hierarchy                               0.000          0.000          pin: I_sys_clk_syn_2.ipad
HDIO                x033y078            0.810          0.810          pin: I_sys_clk_syn_2.sg09_di
HDIO                x033y078            0.684          1.494          pin: I_sys_clk_syn_2.di
net (fo=1)          x043y079            0.115          1.609          net: I_sys_clk_dup_1,  ../../../diagnostics/hdmi_positive/positive_top.v(54)
                                                                      pin: u_video/u_pll/u_ref/ph1p_phy_pll_wrapper_25a56e5ce2f9_Inst/u_PH1P_PHY_PLL.refclk
PLL                 x043y079            0.814          2.423          pin: u_video/u_pll/u_ref/ph1p_phy_pll_wrapper_25a56e5ce2f9_Inst/u_PH1P_PHY_PLL.clkc[0]
net (fo=1)                              0.830          3.253          net: u_video/u_pll/u_ref/clk0_buf,  ../../../user_source/hdl_source/native_hdmi_pll.v(32)
                                                                      pin: u_video/u_pll/u_ref/bufg_feedback.clkin[0]
GCLK                x023y039z16         0.016          3.269          pin: u_video/u_pll/u_ref/bufg_feedback.clkout
net (fo=1)                              0.375          3.644          net: u_video/u_pll/u_output/ph1p_phy_pll_wrapper_25a56e5ce2f9_Inst/refclk,  ../../../user_source/ip_source/PLL/RTL/ph1p_phy_pll_wrapper_25a56e5ce2f9.v(119)
                                                                      pin: u_video/u_pll/u_ref/bufg_feedback_auto_created_sclk_s_0_l_bk1.clkin
SCLK                x023y019z0          0.079          3.723          pin: u_video/u_pll/u_ref/bufg_feedback_auto_created_sclk_s_0_l_bk1.clkout
net (fo=1)          x000y039            0.299          4.022          net: u_video/u_pll/u_ref/bufg_feedback_auto_created_sclk_s_0_l_bk1_sclk_outnet,  NOFILE(0)
                                                                      pin: u_video/u_pll/u_output/ph1p_phy_pll_wrapper_25a56e5ce2f9_Inst/u_PH1P_PHY_PLL.refclk
PLL                 x000y039            0.814          4.836          pin: u_video/u_pll/u_output/ph1p_phy_pll_wrapper_25a56e5ce2f9_Inst/u_PH1P_PHY_PLL.clkc[0]
net (fo=1)                              0.816          5.652          net: u_video/u_pll/u_output/clk0_buf,  ../../../user_source/hdl_source/native_hdmi_pll.v(32)
                                                                      pin: u_video/u_pll/u_output/bufg_feedback.clkin[0]
GCLK                x023y039z1          0.016          5.668          pin: u_video/u_pll/u_output/bufg_feedback.clkout
net (fo=1)                              0.395          6.063          net: u_video/pixel,  ../../../diagnostics/hdmi_positive/positive_top.v(5)
                                                                      pin: u_video/u_pll/u_output/bufg_feedback_auto_created_sclk_s_1_r_bk2.clkin
SCLK                x023y059z13         0.079          6.142          pin: u_video/u_pll/u_output/bufg_feedback_auto_created_sclk_s_1_r_bk2.clkout
net (fo=36)                             0.643          6.785          net: u_video/u_pll/u_output/bufg_feedback_auto_created_sclk_s_1_r_bk2_sclk_outnet,  NOFILE(0)
                                                                      pin: u_video/rst_syn_2.clk
launch edge                             0.000    r     6.785               
--------------------------------------------------------------------  ---------------
clk2q               x041y051z2          0.137    r     6.922          pin: u_video/rst_syn_2.oqb
net (fo=55)                             0.114          7.036          net: u_video/release_sync[2]_dup_344,  ../../../diagnostics/hdmi_positive/positive_top.v(12)
                                                                      pin: u_video/rst_syn_2.ie
LUT1                x041y051z2          0.189    r     7.225       1  pin: u_video/rst_syn_2.ofb
net (fo=4)                              0.874          8.099          net: u_video/rst,  ../../../diagnostics/hdmi_positive/positive_top.v(15)
                                                                      pin: O_tmds_ch2_p_syn_2.rst
PAD (reg)           x043y053            0.000    f     8.099               
--------------------------------------------------------------------  ---------------
Arrival                                                8.099               

source latency                          0.000          0.000               
port                C4                  0.000          0.000          pin: I_sys_clk
hierarchy                               0.000          0.000          pin: I_sys_clk_syn_2.ipad
HDIO                x033y078            0.745          0.745          pin: I_sys_clk_syn_2.sg09_di
HDIO                x033y078            0.629          1.374          pin: I_sys_clk_syn_2.di
net (fo=1)          x043y079            0.099          1.473          net: I_sys_clk_dup_1,  ../../../diagnostics/hdmi_positive/positive_top.v(54)
                                                                      pin: u_video/u_pll/u_ref/ph1p_phy_pll_wrapper_25a56e5ce2f9_Inst/u_PH1P_PHY_PLL.refclk
PLL                 x043y079            0.703          2.176          pin: u_video/u_pll/u_ref/ph1p_phy_pll_wrapper_25a56e5ce2f9_Inst/u_PH1P_PHY_PLL.clkc[0]
net (fo=1)                              0.711          2.887          net: u_video/u_pll/u_ref/clk0_buf,  ../../../user_source/hdl_source/native_hdmi_pll.v(32)
                                                                      pin: u_video/u_pll/u_ref/bufg_feedback.clkin[0]
GCLK                x023y039z16         0.014          2.901          pin: u_video/u_pll/u_ref/bufg_feedback.clkout
net (fo=1)                              0.322          3.223          net: u_video/u_pll/u_output/ph1p_phy_pll_wrapper_25a56e5ce2f9_Inst/refclk,  ../../../user_source/ip_source/PLL/RTL/ph1p_phy_pll_wrapper_25a56e5ce2f9.v(119)
                                                                      pin: u_video/u_pll/u_ref/bufg_feedback_auto_created_sclk_s_0_l_bk1.clkin
SCLK                x023y019z0          0.068          3.291          pin: u_video/u_pll/u_ref/bufg_feedback_auto_created_sclk_s_0_l_bk1.clkout
net (fo=1)          x000y039            0.255          3.546          net: u_video/u_pll/u_ref/bufg_feedback_auto_created_sclk_s_0_l_bk1_sclk_outnet,  NOFILE(0)
                                                                      pin: u_video/u_pll/u_output/ph1p_phy_pll_wrapper_25a56e5ce2f9_Inst/u_PH1P_PHY_PLL.refclk
PLL                 x000y039            0.708          4.254          pin: u_video/u_pll/u_output/ph1p_phy_pll_wrapper_25a56e5ce2f9_Inst/u_PH1P_PHY_PLL.clkc[1]
net (fo=1)                              0.689          4.943          net: u_video/u_phy/u0_lane_lvds_8_1/I_serial_clk,  ../../../user_source/hdl_source/lane_lvds_10_1.v(8)
                                                                      pin: u_video/u_phy/u0_lane_lvds_8_1/I_serial_clk_created_gclkinst.clkin[0]
GCLK                x023y039z0          0.014          4.957          pin: u_video/u_phy/u0_lane_lvds_8_1/I_serial_clk_created_gclkinst.clkout
net (fo=1)                              0.339          5.296          net: u_video/u_phy/u0_lane_lvds_8_1/I_serial_clk_syn_1,  ../../../user_source/hdl_source/lane_lvds_10_1.v(8)
                                                                      pin: u_video/u_phy/u0_lane_lvds_8_1/I_serial_clk_created_gclkinst_auto_created_sclk_s_1_r_bk1.clkin
SCLK                x023y059z12         0.068          5.364          pin: u_video/u_phy/u0_lane_lvds_8_1/I_serial_clk_created_gclkinst_auto_created_sclk_s_1_r_bk1.clkout
net (fo=37)                             0.410          5.774          net: u_video/u_phy/u0_lane_lvds_8_1/I_serial_clk_created_gclkinst_auto_created_sclk_s_1_r_bk1_sclk_outnet,  NOFILE(0)
                                                                      pin: O_tmds_ch2_p_syn_2.osclk
capture edge                            2.693    r     8.467               
--------------------------------------------------------------------  ---------------
setup                                  -0.575          7.892               
clock uncertainty                      -0.103          7.789               
clock pessimism                         0.476          8.265               
--------------------------------------------------------------------  ---------------
Required                                               8.265               
--------------------------------------------------------------------  ---------------
Slack                                                  0.166               

Slack               : 0.245ns
Begin Point         : u_video/u_blue/symbol_reg[0]_syn_2.clk (rising edge triggered by clock u_video/u_pll/u_output/ph1p_phy_pll_wrapper_25a56e5ce2f9_Inst/u_PH1P_PHY_PLL.clkc[0]  { rise@0.000000ns  fall@6.734000ns  period=13.468000 })
End Point           : u_video/u_phy/u0_lane_lvds_8_1/S_shift_data_reg[8]_syn_2.ic (rising edge triggered by clock u_video/u_pll/u_output/ph1p_phy_pll_wrapper_25a56e5ce2f9_Inst/u_PH1P_PHY_PLL.clkc[1]  { rise@0.000000ns  fall@1.346000ns  period=2.693000 })
Check Type          : setup
Process             : slow_m40c
Budget              : 2.693ns { u_video/u_pll/u_output/ph1p_phy_pll_wrapper_25a56e5ce2f9_Inst/u_PH1P_PHY_PLL.clkc[1] rising@2.693ns - u_video/u_pll/u_output/ph1p_phy_pll_wrapper_25a56e5ce2f9_Inst/u_PH1P_PHY_PLL.clkc[0] rising@0.000ns }
Data Path Delay     : 1.890ns (cell 0.481ns (25%), net 1.409ns (75%))
Clock Skew          : 0.391ns
Logic Level         : 1 ( LUT3=1 )
Max Fanout          : 3
Clock Uncertainty   : 0.103ns (sdc uncertainty: 0.000ns, default uncertainty: 0.103ns)

Delay Type          Location             Incr           Path   Level  Netlist Info
--------------------------------------------------------------------  ---------------
source latency                          0.000          0.000               
port                C4                  0.000          0.000          pin: I_sys_clk
hierarchy                               0.000          0.000          pin: I_sys_clk_syn_2.ipad
HDIO                x033y078            0.810          0.810          pin: I_sys_clk_syn_2.sg09_di
HDIO                x033y078            0.684          1.494          pin: I_sys_clk_syn_2.di
net (fo=1)          x043y079            0.115          1.609          net: I_sys_clk_dup_1,  ../../../diagnostics/hdmi_positive/positive_top.v(54)
                                                                      pin: u_video/u_pll/u_ref/ph1p_phy_pll_wrapper_25a56e5ce2f9_Inst/u_PH1P_PHY_PLL.refclk
PLL                 x043y079            0.814          2.423          pin: u_video/u_pll/u_ref/ph1p_phy_pll_wrapper_25a56e5ce2f9_Inst/u_PH1P_PHY_PLL.clkc[0]
net (fo=1)                              0.830          3.253          net: u_video/u_pll/u_ref/clk0_buf,  ../../../user_source/hdl_source/native_hdmi_pll.v(32)
                                                                      pin: u_video/u_pll/u_ref/bufg_feedback.clkin[0]
GCLK                x023y039z16         0.016          3.269          pin: u_video/u_pll/u_ref/bufg_feedback.clkout
net (fo=1)                              0.375          3.644          net: u_video/u_pll/u_output/ph1p_phy_pll_wrapper_25a56e5ce2f9_Inst/refclk,  ../../../user_source/ip_source/PLL/RTL/ph1p_phy_pll_wrapper_25a56e5ce2f9.v(119)
                                                                      pin: u_video/u_pll/u_ref/bufg_feedback_auto_created_sclk_s_0_l_bk1.clkin
SCLK                x023y019z0          0.079          3.723          pin: u_video/u_pll/u_ref/bufg_feedback_auto_created_sclk_s_0_l_bk1.clkout
net (fo=1)          x000y039            0.299          4.022          net: u_video/u_pll/u_ref/bufg_feedback_auto_created_sclk_s_0_l_bk1_sclk_outnet,  NOFILE(0)
                                                                      pin: u_video/u_pll/u_output/ph1p_phy_pll_wrapper_25a56e5ce2f9_Inst/u_PH1P_PHY_PLL.refclk
PLL                 x000y039            0.814          4.836          pin: u_video/u_pll/u_output/ph1p_phy_pll_wrapper_25a56e5ce2f9_Inst/u_PH1P_PHY_PLL.clkc[0]
net (fo=1)                              0.816          5.652          net: u_video/u_pll/u_output/clk0_buf,  ../../../user_source/hdl_source/native_hdmi_pll.v(32)
                                                                      pin: u_video/u_pll/u_output/bufg_feedback.clkin[0]
GCLK                x023y039z1          0.016          5.668          pin: u_video/u_pll/u_output/bufg_feedback.clkout
net (fo=1)                              0.395          6.063          net: u_video/pixel,  ../../../diagnostics/hdmi_positive/positive_top.v(5)
                                                                      pin: u_video/u_pll/u_output/bufg_feedback_auto_created_sclk_s_1_r_bk2.clkin
SCLK                x023y059z13         0.079          6.142          pin: u_video/u_pll/u_output/bufg_feedback_auto_created_sclk_s_1_r_bk2.clkout
net (fo=36)                             0.642          6.784          net: u_video/u_pll/u_output/bufg_feedback_auto_created_sclk_s_1_r_bk2_sclk_outnet,  NOFILE(0)
                                                                      pin: u_video/u_blue/symbol_reg[0]_syn_2.clk
launch edge                             0.000    r     6.784               
--------------------------------------------------------------------  ---------------
clk2q               x036y048z4          0.126    f     6.910          pin: u_video/u_blue/symbol_reg[0]_syn_2.oqa
net (fo=3)                              1.409          8.319          net: u_video/u_phy/u0_lane_lvds_8_1/I_data_in[9],  ../../../user_source/hdl_source/lane_lvds_10_1.v(11)
                                                                      pin: u_video/u_phy/u0_lane_lvds_8_1/S_shift_data_reg[8]_syn_2.ic
LUT3 (reg)          x036y049z2          0.355    f     8.674       1  net: u_video/u_phy/u0_lane_lvds_8_1/S_shift_data[8],  ../../../user_source/hdl_source/lane_lvds_10_1.v(22)
--------------------------------------------------------------------  ---------------
Arrival                                                8.674               

source latency                          0.000          0.000               
port                C4                  0.000          0.000          pin: I_sys_clk
hierarchy                               0.000          0.000          pin: I_sys_clk_syn_2.ipad
HDIO                x033y078            0.745          0.745          pin: I_sys_clk_syn_2.sg09_di
HDIO                x033y078            0.629          1.374          pin: I_sys_clk_syn_2.di
net (fo=1)          x043y079            0.099          1.473          net: I_sys_clk_dup_1,  ../../../diagnostics/hdmi_positive/positive_top.v(54)
                                                                      pin: u_video/u_pll/u_ref/ph1p_phy_pll_wrapper_25a56e5ce2f9_Inst/u_PH1P_PHY_PLL.refclk
PLL                 x043y079            0.703          2.176          pin: u_video/u_pll/u_ref/ph1p_phy_pll_wrapper_25a56e5ce2f9_Inst/u_PH1P_PHY_PLL.clkc[0]
net (fo=1)                              0.711          2.887          net: u_video/u_pll/u_ref/clk0_buf,  ../../../user_source/hdl_source/native_hdmi_pll.v(32)
                                                                      pin: u_video/u_pll/u_ref/bufg_feedback.clkin[0]
GCLK                x023y039z16         0.014          2.901          pin: u_video/u_pll/u_ref/bufg_feedback.clkout
net (fo=1)                              0.322          3.223          net: u_video/u_pll/u_output/ph1p_phy_pll_wrapper_25a56e5ce2f9_Inst/refclk,  ../../../user_source/ip_source/PLL/RTL/ph1p_phy_pll_wrapper_25a56e5ce2f9.v(119)
                                                                      pin: u_video/u_pll/u_ref/bufg_feedback_auto_created_sclk_s_0_l_bk1.clkin
SCLK                x023y019z0          0.068          3.291          pin: u_video/u_pll/u_ref/bufg_feedback_auto_created_sclk_s_0_l_bk1.clkout
net (fo=1)          x000y039            0.255          3.546          net: u_video/u_pll/u_ref/bufg_feedback_auto_created_sclk_s_0_l_bk1_sclk_outnet,  NOFILE(0)
                                                                      pin: u_video/u_pll/u_output/ph1p_phy_pll_wrapper_25a56e5ce2f9_Inst/u_PH1P_PHY_PLL.refclk
PLL                 x000y039            0.708          4.254          pin: u_video/u_pll/u_output/ph1p_phy_pll_wrapper_25a56e5ce2f9_Inst/u_PH1P_PHY_PLL.clkc[1]
net (fo=1)                              0.689          4.943          net: u_video/u_phy/u0_lane_lvds_8_1/I_serial_clk,  ../../../user_source/hdl_source/lane_lvds_10_1.v(8)
                                                                      pin: u_video/u_phy/u0_lane_lvds_8_1/I_serial_clk_created_gclkinst.clkin[0]
GCLK                x023y039z0          0.014          4.957          pin: u_video/u_phy/u0_lane_lvds_8_1/I_serial_clk_created_gclkinst.clkout
net (fo=1)                              0.339          5.296          net: u_video/u_phy/u0_lane_lvds_8_1/I_serial_clk_syn_1,  ../../../user_source/hdl_source/lane_lvds_10_1.v(8)
                                                                      pin: u_video/u_phy/u0_lane_lvds_8_1/I_serial_clk_created_gclkinst_auto_created_sclk_s_1_r_bk1.clkin
SCLK                x023y059z12         0.068          5.364          pin: u_video/u_phy/u0_lane_lvds_8_1/I_serial_clk_created_gclkinst_auto_created_sclk_s_1_r_bk1.clkout
net (fo=37)                             0.553          5.917          net: u_video/u_phy/u0_lane_lvds_8_1/I_serial_clk_created_gclkinst_auto_created_sclk_s_1_r_bk1_sclk_outnet,  NOFILE(0)
                                                                      pin: u_video/u_phy/u0_lane_lvds_8_1/S_shift_data_reg[8]_syn_2.clk
capture edge                            2.693    r     8.610               
--------------------------------------------------------------------  ---------------
setup                                  -0.064          8.546               
clock uncertainty                      -0.103          8.443               
clock pessimism                         0.476          8.919               
--------------------------------------------------------------------  ---------------
Required                                               8.919               
--------------------------------------------------------------------  ---------------
Slack                                                  0.245               

Slack               : 0.288ns
Begin Point         : u_video/rst_syn_2.clk (rising edge triggered by clock u_video/u_pll/u_output/ph1p_phy_pll_wrapper_25a56e5ce2f9_Inst/u_PH1P_PHY_PLL.clkc[0]  { rise@0.000000ns  fall@6.734000ns  period=13.468000 })
End Point           : O_tmds_ch2_p_syn_2.rst (rising edge triggered by clock u_video/u_pll/u_output/ph1p_phy_pll_wrapper_25a56e5ce2f9_Inst/u_PH1P_PHY_PLL.clkc[1]  { rise@0.000000ns  fall@1.346000ns  period=2.693000 })
Check Type          : setup
Process             : slow_m40c
Budget              : 2.693ns { u_video/u_pll/u_output/ph1p_phy_pll_wrapper_25a56e5ce2f9_Inst/u_PH1P_PHY_PLL.clkc[1] rising@2.693ns - u_video/u_pll/u_output/ph1p_phy_pll_wrapper_25a56e5ce2f9_Inst/u_PH1P_PHY_PLL.clkc[0] rising@0.000ns }
Data Path Delay     : 1.314ns (cell 0.326ns (24%), net 0.988ns (76%))
Clock Skew          : 0.535ns
Logic Level         : 1 ( LUT1=1 )
Max Fanout          : 55
Clock Uncertainty   : 0.103ns (sdc uncertainty: 0.000ns, default uncertainty: 0.103ns)

Delay Type          Location             Incr           Path   Level  Netlist Info
--------------------------------------------------------------------  ---------------
source latency                          0.000          0.000               
port                C4                  0.000          0.000          pin: I_sys_clk
hierarchy                               0.000          0.000          pin: I_sys_clk_syn_2.ipad
HDIO                x033y078            0.810          0.810          pin: I_sys_clk_syn_2.sg09_di
HDIO                x033y078            0.684          1.494          pin: I_sys_clk_syn_2.di
net (fo=1)          x043y079            0.115          1.609          net: I_sys_clk_dup_1,  ../../../diagnostics/hdmi_positive/positive_top.v(54)
                                                                      pin: u_video/u_pll/u_ref/ph1p_phy_pll_wrapper_25a56e5ce2f9_Inst/u_PH1P_PHY_PLL.refclk
PLL                 x043y079            0.814          2.423          pin: u_video/u_pll/u_ref/ph1p_phy_pll_wrapper_25a56e5ce2f9_Inst/u_PH1P_PHY_PLL.clkc[0]
net (fo=1)                              0.830          3.253          net: u_video/u_pll/u_ref/clk0_buf,  ../../../user_source/hdl_source/native_hdmi_pll.v(32)
                                                                      pin: u_video/u_pll/u_ref/bufg_feedback.clkin[0]
GCLK                x023y039z16         0.016          3.269          pin: u_video/u_pll/u_ref/bufg_feedback.clkout
net (fo=1)                              0.375          3.644          net: u_video/u_pll/u_output/ph1p_phy_pll_wrapper_25a56e5ce2f9_Inst/refclk,  ../../../user_source/ip_source/PLL/RTL/ph1p_phy_pll_wrapper_25a56e5ce2f9.v(119)
                                                                      pin: u_video/u_pll/u_ref/bufg_feedback_auto_created_sclk_s_0_l_bk1.clkin
SCLK                x023y019z0          0.079          3.723          pin: u_video/u_pll/u_ref/bufg_feedback_auto_created_sclk_s_0_l_bk1.clkout
net (fo=1)          x000y039            0.299          4.022          net: u_video/u_pll/u_ref/bufg_feedback_auto_created_sclk_s_0_l_bk1_sclk_outnet,  NOFILE(0)
                                                                      pin: u_video/u_pll/u_output/ph1p_phy_pll_wrapper_25a56e5ce2f9_Inst/u_PH1P_PHY_PLL.refclk
PLL                 x000y039            0.814          4.836          pin: u_video/u_pll/u_output/ph1p_phy_pll_wrapper_25a56e5ce2f9_Inst/u_PH1P_PHY_PLL.clkc[0]
net (fo=1)                              0.816          5.652          net: u_video/u_pll/u_output/clk0_buf,  ../../../user_source/hdl_source/native_hdmi_pll.v(32)
                                                                      pin: u_video/u_pll/u_output/bufg_feedback.clkin[0]
GCLK                x023y039z1          0.016          5.668          pin: u_video/u_pll/u_output/bufg_feedback.clkout
net (fo=1)                              0.395          6.063          net: u_video/pixel,  ../../../diagnostics/hdmi_positive/positive_top.v(5)
                                                                      pin: u_video/u_pll/u_output/bufg_feedback_auto_created_sclk_s_1_r_bk2.clkin
SCLK                x023y059z13         0.079          6.142          pin: u_video/u_pll/u_output/bufg_feedback_auto_created_sclk_s_1_r_bk2.clkout
net (fo=36)                             0.643          6.785          net: u_video/u_pll/u_output/bufg_feedback_auto_created_sclk_s_1_r_bk2_sclk_outnet,  NOFILE(0)
                                                                      pin: u_video/rst_syn_2.clk
launch edge                             0.000    r     6.785               
--------------------------------------------------------------------  ---------------
clk2q               x041y051z2          0.137    r     6.922          pin: u_video/rst_syn_2.oqb
net (fo=55)                             0.114          7.036          net: u_video/release_sync[2]_dup_344,  ../../../diagnostics/hdmi_positive/positive_top.v(12)
                                                                      pin: u_video/rst_syn_2.ie
LUT1                x041y051z2          0.189    r     7.225       1  pin: u_video/rst_syn_2.ofb
net (fo=4)                              0.874          8.099          net: u_video/rst,  ../../../diagnostics/hdmi_positive/positive_top.v(15)
                                                                      pin: O_tmds_ch2_p_syn_2.rst
PAD (reg)           x043y053            0.000    f     8.099               
--------------------------------------------------------------------  ---------------
Arrival                                                8.099               

source latency                          0.000          0.000               
port                C4                  0.000          0.000          pin: I_sys_clk
hierarchy                               0.000          0.000          pin: I_sys_clk_syn_2.ipad
HDIO                x033y078            0.745          0.745          pin: I_sys_clk_syn_2.sg09_di
HDIO                x033y078            0.629          1.374          pin: I_sys_clk_syn_2.di
net (fo=1)          x043y079            0.099          1.473          net: I_sys_clk_dup_1,  ../../../diagnostics/hdmi_positive/positive_top.v(54)
                                                                      pin: u_video/u_pll/u_ref/ph1p_phy_pll_wrapper_25a56e5ce2f9_Inst/u_PH1P_PHY_PLL.refclk
PLL                 x043y079            0.703          2.176          pin: u_video/u_pll/u_ref/ph1p_phy_pll_wrapper_25a56e5ce2f9_Inst/u_PH1P_PHY_PLL.clkc[0]
net (fo=1)                              0.711          2.887          net: u_video/u_pll/u_ref/clk0_buf,  ../../../user_source/hdl_source/native_hdmi_pll.v(32)
                                                                      pin: u_video/u_pll/u_ref/bufg_feedback.clkin[0]
GCLK                x023y039z16         0.014          2.901          pin: u_video/u_pll/u_ref/bufg_feedback.clkout
net (fo=1)                              0.322          3.223          net: u_video/u_pll/u_output/ph1p_phy_pll_wrapper_25a56e5ce2f9_Inst/refclk,  ../../../user_source/ip_source/PLL/RTL/ph1p_phy_pll_wrapper_25a56e5ce2f9.v(119)
                                                                      pin: u_video/u_pll/u_ref/bufg_feedback_auto_created_sclk_s_0_l_bk1.clkin
SCLK                x023y019z0          0.068          3.291          pin: u_video/u_pll/u_ref/bufg_feedback_auto_created_sclk_s_0_l_bk1.clkout
net (fo=1)          x000y039            0.255          3.546          net: u_video/u_pll/u_ref/bufg_feedback_auto_created_sclk_s_0_l_bk1_sclk_outnet,  NOFILE(0)
                                                                      pin: u_video/u_pll/u_output/ph1p_phy_pll_wrapper_25a56e5ce2f9_Inst/u_PH1P_PHY_PLL.refclk
PLL                 x000y039            0.708          4.254          pin: u_video/u_pll/u_output/ph1p_phy_pll_wrapper_25a56e5ce2f9_Inst/u_PH1P_PHY_PLL.clkc[1]
net (fo=1)                              0.689          4.943          net: u_video/u_phy/u0_lane_lvds_8_1/I_serial_clk,  ../../../user_source/hdl_source/lane_lvds_10_1.v(8)
                                                                      pin: u_video/u_phy/u0_lane_lvds_8_1/I_serial_clk_created_gclkinst.clkin[0]
GCLK                x023y039z0          0.014          4.957          pin: u_video/u_phy/u0_lane_lvds_8_1/I_serial_clk_created_gclkinst.clkout
net (fo=1)                              0.339          5.296          net: u_video/u_phy/u0_lane_lvds_8_1/I_serial_clk_syn_1,  ../../../user_source/hdl_source/lane_lvds_10_1.v(8)
                                                                      pin: u_video/u_phy/u0_lane_lvds_8_1/I_serial_clk_created_gclkinst_auto_created_sclk_s_1_r_bk1.clkin
SCLK                x023y059z12         0.068          5.364          pin: u_video/u_phy/u0_lane_lvds_8_1/I_serial_clk_created_gclkinst_auto_created_sclk_s_1_r_bk1.clkout
net (fo=37)                             0.410          5.774          net: u_video/u_phy/u0_lane_lvds_8_1/I_serial_clk_created_gclkinst_auto_created_sclk_s_1_r_bk1_sclk_outnet,  NOFILE(0)
                                                                      pin: O_tmds_ch2_p_syn_2.opclk
capture edge                            2.693    r     8.467               
--------------------------------------------------------------------  ---------------
setup                                  -0.453          8.014               
clock uncertainty                      -0.103          7.911               
clock pessimism                         0.476          8.387               
--------------------------------------------------------------------  ---------------
Required                                               8.387               
--------------------------------------------------------------------  ---------------
Slack                                                  0.288               

Slack               : 0.352ns
Begin Point         : u_video/u_blue/symbol_reg[0]_syn_2.clk (rising edge triggered by clock u_video/u_pll/u_output/ph1p_phy_pll_wrapper_25a56e5ce2f9_Inst/u_PH1P_PHY_PLL.clkc[0]  { rise@0.000000ns  fall@6.734000ns  period=13.468000 })
End Point           : u_video/u_phy/u0_lane_lvds_8_1/S_shift_data_reg[8]_syn_2.ic (rising edge triggered by clock u_video/u_pll/u_output/ph1p_phy_pll_wrapper_25a56e5ce2f9_Inst/u_PH1P_PHY_PLL.clkc[1]  { rise@0.000000ns  fall@1.346000ns  period=2.693000 })
Check Type          : setup
Process             : slow_m40c
Budget              : 2.693ns { u_video/u_pll/u_output/ph1p_phy_pll_wrapper_25a56e5ce2f9_Inst/u_PH1P_PHY_PLL.clkc[1] rising@2.693ns - u_video/u_pll/u_output/ph1p_phy_pll_wrapper_25a56e5ce2f9_Inst/u_PH1P_PHY_PLL.clkc[0] rising@0.000ns }
Data Path Delay     : 1.783ns (cell 0.374ns (20%), net 1.409ns (80%))
Clock Skew          : 0.391ns
Logic Level         : 1 ( LUT3=1 )
Max Fanout          : 3
Clock Uncertainty   : 0.103ns (sdc uncertainty: 0.000ns, default uncertainty: 0.103ns)

Delay Type          Location             Incr           Path   Level  Netlist Info
--------------------------------------------------------------------  ---------------
source latency                          0.000          0.000               
port                C4                  0.000          0.000          pin: I_sys_clk
hierarchy                               0.000          0.000          pin: I_sys_clk_syn_2.ipad
HDIO                x033y078            0.810          0.810          pin: I_sys_clk_syn_2.sg09_di
HDIO                x033y078            0.684          1.494          pin: I_sys_clk_syn_2.di
net (fo=1)          x043y079            0.115          1.609          net: I_sys_clk_dup_1,  ../../../diagnostics/hdmi_positive/positive_top.v(54)
                                                                      pin: u_video/u_pll/u_ref/ph1p_phy_pll_wrapper_25a56e5ce2f9_Inst/u_PH1P_PHY_PLL.refclk
PLL                 x043y079            0.814          2.423          pin: u_video/u_pll/u_ref/ph1p_phy_pll_wrapper_25a56e5ce2f9_Inst/u_PH1P_PHY_PLL.clkc[0]
net (fo=1)                              0.830          3.253          net: u_video/u_pll/u_ref/clk0_buf,  ../../../user_source/hdl_source/native_hdmi_pll.v(32)
                                                                      pin: u_video/u_pll/u_ref/bufg_feedback.clkin[0]
GCLK                x023y039z16         0.016          3.269          pin: u_video/u_pll/u_ref/bufg_feedback.clkout
net (fo=1)                              0.375          3.644          net: u_video/u_pll/u_output/ph1p_phy_pll_wrapper_25a56e5ce2f9_Inst/refclk,  ../../../user_source/ip_source/PLL/RTL/ph1p_phy_pll_wrapper_25a56e5ce2f9.v(119)
                                                                      pin: u_video/u_pll/u_ref/bufg_feedback_auto_created_sclk_s_0_l_bk1.clkin
SCLK                x023y019z0          0.079          3.723          pin: u_video/u_pll/u_ref/bufg_feedback_auto_created_sclk_s_0_l_bk1.clkout
net (fo=1)          x000y039            0.299          4.022          net: u_video/u_pll/u_ref/bufg_feedback_auto_created_sclk_s_0_l_bk1_sclk_outnet,  NOFILE(0)
                                                                      pin: u_video/u_pll/u_output/ph1p_phy_pll_wrapper_25a56e5ce2f9_Inst/u_PH1P_PHY_PLL.refclk
PLL                 x000y039            0.814          4.836          pin: u_video/u_pll/u_output/ph1p_phy_pll_wrapper_25a56e5ce2f9_Inst/u_PH1P_PHY_PLL.clkc[0]
net (fo=1)                              0.816          5.652          net: u_video/u_pll/u_output/clk0_buf,  ../../../user_source/hdl_source/native_hdmi_pll.v(32)
                                                                      pin: u_video/u_pll/u_output/bufg_feedback.clkin[0]
GCLK                x023y039z1          0.016          5.668          pin: u_video/u_pll/u_output/bufg_feedback.clkout
net (fo=1)                              0.395          6.063          net: u_video/pixel,  ../../../diagnostics/hdmi_positive/positive_top.v(5)
                                                                      pin: u_video/u_pll/u_output/bufg_feedback_auto_created_sclk_s_1_r_bk2.clkin
SCLK                x023y059z13         0.079          6.142          pin: u_video/u_pll/u_output/bufg_feedback_auto_created_sclk_s_1_r_bk2.clkout
net (fo=36)                             0.642          6.784          net: u_video/u_pll/u_output/bufg_feedback_auto_created_sclk_s_1_r_bk2_sclk_outnet,  NOFILE(0)
                                                                      pin: u_video/u_blue/symbol_reg[0]_syn_2.clk
launch edge                             0.000    r     6.784               
--------------------------------------------------------------------  ---------------
clk2q               x036y048z4          0.126    f     6.910          pin: u_video/u_blue/symbol_reg[0]_syn_2.oqa
net (fo=3)                              1.409          8.319          net: u_video/u_phy/u0_lane_lvds_8_1/I_data_in[9],  ../../../user_source/hdl_source/lane_lvds_10_1.v(11)
                                                                      pin: u_video/u_phy/u0_lane_lvds_8_1/S_shift_data_reg[8]_syn_2.ic
LUT3 (reg)          x036y049z2          0.248    r     8.567       1  net: u_video/u_phy/u0_lane_lvds_8_1/S_shift_data[6],  ../../../user_source/hdl_source/lane_lvds_10_1.v(22)
--------------------------------------------------------------------  ---------------
Arrival                                                8.567               

source latency                          0.000          0.000               
port                C4                  0.000          0.000          pin: I_sys_clk
hierarchy                               0.000          0.000          pin: I_sys_clk_syn_2.ipad
HDIO                x033y078            0.745          0.745          pin: I_sys_clk_syn_2.sg09_di
HDIO                x033y078            0.629          1.374          pin: I_sys_clk_syn_2.di
net (fo=1)          x043y079            0.099          1.473          net: I_sys_clk_dup_1,  ../../../diagnostics/hdmi_positive/positive_top.v(54)
                                                                      pin: u_video/u_pll/u_ref/ph1p_phy_pll_wrapper_25a56e5ce2f9_Inst/u_PH1P_PHY_PLL.refclk
PLL                 x043y079            0.703          2.176          pin: u_video/u_pll/u_ref/ph1p_phy_pll_wrapper_25a56e5ce2f9_Inst/u_PH1P_PHY_PLL.clkc[0]
net (fo=1)                              0.711          2.887          net: u_video/u_pll/u_ref/clk0_buf,  ../../../user_source/hdl_source/native_hdmi_pll.v(32)
                                                                      pin: u_video/u_pll/u_ref/bufg_feedback.clkin[0]
GCLK                x023y039z16         0.014          2.901          pin: u_video/u_pll/u_ref/bufg_feedback.clkout
net (fo=1)                              0.322          3.223          net: u_video/u_pll/u_output/ph1p_phy_pll_wrapper_25a56e5ce2f9_Inst/refclk,  ../../../user_source/ip_source/PLL/RTL/ph1p_phy_pll_wrapper_25a56e5ce2f9.v(119)
                                                                      pin: u_video/u_pll/u_ref/bufg_feedback_auto_created_sclk_s_0_l_bk1.clkin
SCLK                x023y019z0          0.068          3.291          pin: u_video/u_pll/u_ref/bufg_feedback_auto_created_sclk_s_0_l_bk1.clkout
net (fo=1)          x000y039            0.255          3.546          net: u_video/u_pll/u_ref/bufg_feedback_auto_created_sclk_s_0_l_bk1_sclk_outnet,  NOFILE(0)
                                                                      pin: u_video/u_pll/u_output/ph1p_phy_pll_wrapper_25a56e5ce2f9_Inst/u_PH1P_PHY_PLL.refclk
PLL                 x000y039            0.708          4.254          pin: u_video/u_pll/u_output/ph1p_phy_pll_wrapper_25a56e5ce2f9_Inst/u_PH1P_PHY_PLL.clkc[1]
net (fo=1)                              0.689          4.943          net: u_video/u_phy/u0_lane_lvds_8_1/I_serial_clk,  ../../../user_source/hdl_source/lane_lvds_10_1.v(8)
                                                                      pin: u_video/u_phy/u0_lane_lvds_8_1/I_serial_clk_created_gclkinst.clkin[0]
GCLK                x023y039z0          0.014          4.957          pin: u_video/u_phy/u0_lane_lvds_8_1/I_serial_clk_created_gclkinst.clkout
net (fo=1)                              0.339          5.296          net: u_video/u_phy/u0_lane_lvds_8_1/I_serial_clk_syn_1,  ../../../user_source/hdl_source/lane_lvds_10_1.v(8)
                                                                      pin: u_video/u_phy/u0_lane_lvds_8_1/I_serial_clk_created_gclkinst_auto_created_sclk_s_1_r_bk1.clkin
SCLK                x023y059z12         0.068          5.364          pin: u_video/u_phy/u0_lane_lvds_8_1/I_serial_clk_created_gclkinst_auto_created_sclk_s_1_r_bk1.clkout
net (fo=37)                             0.553          5.917          net: u_video/u_phy/u0_lane_lvds_8_1/I_serial_clk_created_gclkinst_auto_created_sclk_s_1_r_bk1_sclk_outnet,  NOFILE(0)
                                                                      pin: u_video/u_phy/u0_lane_lvds_8_1/S_shift_data_reg[8]_syn_2.clk
capture edge                            2.693    r     8.610               
--------------------------------------------------------------------  ---------------
setup                                  -0.064          8.546               
clock uncertainty                      -0.103          8.443               
clock pessimism                         0.476          8.919               
--------------------------------------------------------------------  ---------------
Required                                               8.919               
--------------------------------------------------------------------  ---------------
Slack                                                  0.352               

Slack               : 0.362ns
Begin Point         : u_video/rst_syn_2.clk (rising edge triggered by clock u_video/u_pll/u_output/ph1p_phy_pll_wrapper_25a56e5ce2f9_Inst/u_PH1P_PHY_PLL.clkc[0]  { rise@0.000000ns  fall@6.734000ns  period=13.468000 })
End Point           : O_tmds_ch1_p_syn_2.rst (rising edge triggered by clock u_video/u_pll/u_output/ph1p_phy_pll_wrapper_25a56e5ce2f9_Inst/u_PH1P_PHY_PLL.clkc[1]  { rise@0.000000ns  fall@1.346000ns  period=2.693000 })
Check Type          : setup
Process             : slow_m40c
Budget              : 2.693ns { u_video/u_pll/u_output/ph1p_phy_pll_wrapper_25a56e5ce2f9_Inst/u_PH1P_PHY_PLL.clkc[1] rising@2.693ns - u_video/u_pll/u_output/ph1p_phy_pll_wrapper_25a56e5ce2f9_Inst/u_PH1P_PHY_PLL.clkc[0] rising@0.000ns }
Data Path Delay     : 1.118ns (cell 0.326ns (29%), net 0.792ns (71%))
Clock Skew          : 0.535ns
Logic Level         : 1 ( LUT1=1 )
Max Fanout          : 55
Clock Uncertainty   : 0.103ns (sdc uncertainty: 0.000ns, default uncertainty: 0.103ns)

Delay Type          Location             Incr           Path   Level  Netlist Info
--------------------------------------------------------------------  ---------------
source latency                          0.000          0.000               
port                C4                  0.000          0.000          pin: I_sys_clk
hierarchy                               0.000          0.000          pin: I_sys_clk_syn_2.ipad
HDIO                x033y078            0.810          0.810          pin: I_sys_clk_syn_2.sg09_di
HDIO                x033y078            0.684          1.494          pin: I_sys_clk_syn_2.di
net (fo=1)          x043y079            0.115          1.609          net: I_sys_clk_dup_1,  ../../../diagnostics/hdmi_positive/positive_top.v(54)
                                                                      pin: u_video/u_pll/u_ref/ph1p_phy_pll_wrapper_25a56e5ce2f9_Inst/u_PH1P_PHY_PLL.refclk
PLL                 x043y079            0.814          2.423          pin: u_video/u_pll/u_ref/ph1p_phy_pll_wrapper_25a56e5ce2f9_Inst/u_PH1P_PHY_PLL.clkc[0]
net (fo=1)                              0.830          3.253          net: u_video/u_pll/u_ref/clk0_buf,  ../../../user_source/hdl_source/native_hdmi_pll.v(32)
                                                                      pin: u_video/u_pll/u_ref/bufg_feedback.clkin[0]
GCLK                x023y039z16         0.016          3.269          pin: u_video/u_pll/u_ref/bufg_feedback.clkout
net (fo=1)                              0.375          3.644          net: u_video/u_pll/u_output/ph1p_phy_pll_wrapper_25a56e5ce2f9_Inst/refclk,  ../../../user_source/ip_source/PLL/RTL/ph1p_phy_pll_wrapper_25a56e5ce2f9.v(119)
                                                                      pin: u_video/u_pll/u_ref/bufg_feedback_auto_created_sclk_s_0_l_bk1.clkin
SCLK                x023y019z0          0.079          3.723          pin: u_video/u_pll/u_ref/bufg_feedback_auto_created_sclk_s_0_l_bk1.clkout
net (fo=1)          x000y039            0.299          4.022          net: u_video/u_pll/u_ref/bufg_feedback_auto_created_sclk_s_0_l_bk1_sclk_outnet,  NOFILE(0)
                                                                      pin: u_video/u_pll/u_output/ph1p_phy_pll_wrapper_25a56e5ce2f9_Inst/u_PH1P_PHY_PLL.refclk
PLL                 x000y039            0.814          4.836          pin: u_video/u_pll/u_output/ph1p_phy_pll_wrapper_25a56e5ce2f9_Inst/u_PH1P_PHY_PLL.clkc[0]
net (fo=1)                              0.816          5.652          net: u_video/u_pll/u_output/clk0_buf,  ../../../user_source/hdl_source/native_hdmi_pll.v(32)
                                                                      pin: u_video/u_pll/u_output/bufg_feedback.clkin[0]
GCLK                x023y039z1          0.016          5.668          pin: u_video/u_pll/u_output/bufg_feedback.clkout
net (fo=1)                              0.395          6.063          net: u_video/pixel,  ../../../diagnostics/hdmi_positive/positive_top.v(5)
                                                                      pin: u_video/u_pll/u_output/bufg_feedback_auto_created_sclk_s_1_r_bk2.clkin
SCLK                x023y059z13         0.079          6.142          pin: u_video/u_pll/u_output/bufg_feedback_auto_created_sclk_s_1_r_bk2.clkout
net (fo=36)                             0.643          6.785          net: u_video/u_pll/u_output/bufg_feedback_auto_created_sclk_s_1_r_bk2_sclk_outnet,  NOFILE(0)
                                                                      pin: u_video/rst_syn_2.clk
launch edge                             0.000    r     6.785               
--------------------------------------------------------------------  ---------------
clk2q               x041y051z2          0.137    r     6.922          pin: u_video/rst_syn_2.oqb
net (fo=55)                             0.114          7.036          net: u_video/release_sync[2]_dup_344,  ../../../diagnostics/hdmi_positive/positive_top.v(12)
                                                                      pin: u_video/rst_syn_2.ie
LUT1                x041y051z2          0.189    r     7.225       1  pin: u_video/rst_syn_2.ofb
net (fo=4)                              0.678          7.903          net: u_video/rst,  ../../../diagnostics/hdmi_positive/positive_top.v(15)
                                                                      pin: O_tmds_ch1_p_syn_2.rst
PAD (reg)           x043y053            0.000    f     7.903               
--------------------------------------------------------------------  ---------------
Arrival                                                7.903               

source latency                          0.000          0.000               
port                C4                  0.000          0.000          pin: I_sys_clk
hierarchy                               0.000          0.000          pin: I_sys_clk_syn_2.ipad
HDIO                x033y078            0.745          0.745          pin: I_sys_clk_syn_2.sg09_di
HDIO                x033y078            0.629          1.374          pin: I_sys_clk_syn_2.di
net (fo=1)          x043y079            0.099          1.473          net: I_sys_clk_dup_1,  ../../../diagnostics/hdmi_positive/positive_top.v(54)
                                                                      pin: u_video/u_pll/u_ref/ph1p_phy_pll_wrapper_25a56e5ce2f9_Inst/u_PH1P_PHY_PLL.refclk
PLL                 x043y079            0.703          2.176          pin: u_video/u_pll/u_ref/ph1p_phy_pll_wrapper_25a56e5ce2f9_Inst/u_PH1P_PHY_PLL.clkc[0]
net (fo=1)                              0.711          2.887          net: u_video/u_pll/u_ref/clk0_buf,  ../../../user_source/hdl_source/native_hdmi_pll.v(32)
                                                                      pin: u_video/u_pll/u_ref/bufg_feedback.clkin[0]
GCLK                x023y039z16         0.014          2.901          pin: u_video/u_pll/u_ref/bufg_feedback.clkout
net (fo=1)                              0.322          3.223          net: u_video/u_pll/u_output/ph1p_phy_pll_wrapper_25a56e5ce2f9_Inst/refclk,  ../../../user_source/ip_source/PLL/RTL/ph1p_phy_pll_wrapper_25a56e5ce2f9.v(119)
                                                                      pin: u_video/u_pll/u_ref/bufg_feedback_auto_created_sclk_s_0_l_bk1.clkin
SCLK                x023y019z0          0.068          3.291          pin: u_video/u_pll/u_ref/bufg_feedback_auto_created_sclk_s_0_l_bk1.clkout
net (fo=1)          x000y039            0.255          3.546          net: u_video/u_pll/u_ref/bufg_feedback_auto_created_sclk_s_0_l_bk1_sclk_outnet,  NOFILE(0)
                                                                      pin: u_video/u_pll/u_output/ph1p_phy_pll_wrapper_25a56e5ce2f9_Inst/u_PH1P_PHY_PLL.refclk
PLL                 x000y039            0.708          4.254          pin: u_video/u_pll/u_output/ph1p_phy_pll_wrapper_25a56e5ce2f9_Inst/u_PH1P_PHY_PLL.clkc[1]
net (fo=1)                              0.689          4.943          net: u_video/u_phy/u0_lane_lvds_8_1/I_serial_clk,  ../../../user_source/hdl_source/lane_lvds_10_1.v(8)
                                                                      pin: u_video/u_phy/u0_lane_lvds_8_1/I_serial_clk_created_gclkinst.clkin[0]
GCLK                x023y039z0          0.014          4.957          pin: u_video/u_phy/u0_lane_lvds_8_1/I_serial_clk_created_gclkinst.clkout
net (fo=1)                              0.339          5.296          net: u_video/u_phy/u0_lane_lvds_8_1/I_serial_clk_syn_1,  ../../../user_source/hdl_source/lane_lvds_10_1.v(8)
                                                                      pin: u_video/u_phy/u0_lane_lvds_8_1/I_serial_clk_created_gclkinst_auto_created_sclk_s_1_r_bk1.clkin
SCLK                x023y059z12         0.068          5.364          pin: u_video/u_phy/u0_lane_lvds_8_1/I_serial_clk_created_gclkinst_auto_created_sclk_s_1_r_bk1.clkout
net (fo=37)                             0.410          5.774          net: u_video/u_phy/u0_lane_lvds_8_1/I_serial_clk_created_gclkinst_auto_created_sclk_s_1_r_bk1_sclk_outnet,  NOFILE(0)
                                                                      pin: O_tmds_ch1_p_syn_2.osclk
capture edge                            2.693    r     8.467               
--------------------------------------------------------------------  ---------------
setup                                  -0.575          7.892               
clock uncertainty                      -0.103          7.789               
clock pessimism                         0.476          8.265               
--------------------------------------------------------------------  ---------------
Required                                               8.265               
--------------------------------------------------------------------  ---------------
Slack                                                  0.362               

Slack               : 0.367ns
Begin Point         : u_video/rst_syn_2.clk (rising edge triggered by clock u_video/u_pll/u_output/ph1p_phy_pll_wrapper_25a56e5ce2f9_Inst/u_PH1P_PHY_PLL.clkc[0]  { rise@0.000000ns  fall@6.734000ns  period=13.468000 })
End Point           : O_tmds_clk_p_syn_2.rst (rising edge triggered by clock u_video/u_pll/u_output/ph1p_phy_pll_wrapper_25a56e5ce2f9_Inst/u_PH1P_PHY_PLL.clkc[1]  { rise@0.000000ns  fall@1.346000ns  period=2.693000 })
Check Type          : setup
Process             : slow_m40c
Budget              : 2.693ns { u_video/u_pll/u_output/ph1p_phy_pll_wrapper_25a56e5ce2f9_Inst/u_PH1P_PHY_PLL.clkc[1] rising@2.693ns - u_video/u_pll/u_output/ph1p_phy_pll_wrapper_25a56e5ce2f9_Inst/u_PH1P_PHY_PLL.clkc[0] rising@0.000ns }
Data Path Delay     : 1.113ns (cell 0.326ns (29%), net 0.787ns (71%))
Clock Skew          : 0.535ns
Logic Level         : 1 ( LUT1=1 )
Max Fanout          : 55
Clock Uncertainty   : 0.103ns (sdc uncertainty: 0.000ns, default uncertainty: 0.103ns)

Delay Type          Location             Incr           Path   Level  Netlist Info
--------------------------------------------------------------------  ---------------
source latency                          0.000          0.000               
port                C4                  0.000          0.000          pin: I_sys_clk
hierarchy                               0.000          0.000          pin: I_sys_clk_syn_2.ipad
HDIO                x033y078            0.810          0.810          pin: I_sys_clk_syn_2.sg09_di
HDIO                x033y078            0.684          1.494          pin: I_sys_clk_syn_2.di
net (fo=1)          x043y079            0.115          1.609          net: I_sys_clk_dup_1,  ../../../diagnostics/hdmi_positive/positive_top.v(54)
                                                                      pin: u_video/u_pll/u_ref/ph1p_phy_pll_wrapper_25a56e5ce2f9_Inst/u_PH1P_PHY_PLL.refclk
PLL                 x043y079            0.814          2.423          pin: u_video/u_pll/u_ref/ph1p_phy_pll_wrapper_25a56e5ce2f9_Inst/u_PH1P_PHY_PLL.clkc[0]
net (fo=1)                              0.830          3.253          net: u_video/u_pll/u_ref/clk0_buf,  ../../../user_source/hdl_source/native_hdmi_pll.v(32)
                                                                      pin: u_video/u_pll/u_ref/bufg_feedback.clkin[0]
GCLK                x023y039z16         0.016          3.269          pin: u_video/u_pll/u_ref/bufg_feedback.clkout
net (fo=1)                              0.375          3.644          net: u_video/u_pll/u_output/ph1p_phy_pll_wrapper_25a56e5ce2f9_Inst/refclk,  ../../../user_source/ip_source/PLL/RTL/ph1p_phy_pll_wrapper_25a56e5ce2f9.v(119)
                                                                      pin: u_video/u_pll/u_ref/bufg_feedback_auto_created_sclk_s_0_l_bk1.clkin
SCLK                x023y019z0          0.079          3.723          pin: u_video/u_pll/u_ref/bufg_feedback_auto_created_sclk_s_0_l_bk1.clkout
net (fo=1)          x000y039            0.299          4.022          net: u_video/u_pll/u_ref/bufg_feedback_auto_created_sclk_s_0_l_bk1_sclk_outnet,  NOFILE(0)
                                                                      pin: u_video/u_pll/u_output/ph1p_phy_pll_wrapper_25a56e5ce2f9_Inst/u_PH1P_PHY_PLL.refclk
PLL                 x000y039            0.814          4.836          pin: u_video/u_pll/u_output/ph1p_phy_pll_wrapper_25a56e5ce2f9_Inst/u_PH1P_PHY_PLL.clkc[0]
net (fo=1)                              0.816          5.652          net: u_video/u_pll/u_output/clk0_buf,  ../../../user_source/hdl_source/native_hdmi_pll.v(32)
                                                                      pin: u_video/u_pll/u_output/bufg_feedback.clkin[0]
GCLK                x023y039z1          0.016          5.668          pin: u_video/u_pll/u_output/bufg_feedback.clkout
net (fo=1)                              0.395          6.063          net: u_video/pixel,  ../../../diagnostics/hdmi_positive/positive_top.v(5)
                                                                      pin: u_video/u_pll/u_output/bufg_feedback_auto_created_sclk_s_1_r_bk2.clkin
SCLK                x023y059z13         0.079          6.142          pin: u_video/u_pll/u_output/bufg_feedback_auto_created_sclk_s_1_r_bk2.clkout
net (fo=36)                             0.643          6.785          net: u_video/u_pll/u_output/bufg_feedback_auto_created_sclk_s_1_r_bk2_sclk_outnet,  NOFILE(0)
                                                                      pin: u_video/rst_syn_2.clk
launch edge                             0.000    r     6.785               
--------------------------------------------------------------------  ---------------
clk2q               x041y051z2          0.137    r     6.922          pin: u_video/rst_syn_2.oqb
net (fo=55)                             0.114          7.036          net: u_video/release_sync[2]_dup_344,  ../../../diagnostics/hdmi_positive/positive_top.v(12)
                                                                      pin: u_video/rst_syn_2.ie
LUT1                x041y051z2          0.189    r     7.225       1  pin: u_video/rst_syn_2.ofb
net (fo=4)                              0.673          7.898          net: u_video/rst,  ../../../diagnostics/hdmi_positive/positive_top.v(15)
                                                                      pin: O_tmds_clk_p_syn_2.rst
PAD (reg)           x043y056            0.000    f     7.898               
--------------------------------------------------------------------  ---------------
Arrival                                                7.898               

source latency                          0.000          0.000               
port                C4                  0.000          0.000          pin: I_sys_clk
hierarchy                               0.000          0.000          pin: I_sys_clk_syn_2.ipad
HDIO                x033y078            0.745          0.745          pin: I_sys_clk_syn_2.sg09_di
HDIO                x033y078            0.629          1.374          pin: I_sys_clk_syn_2.di
net (fo=1)          x043y079            0.099          1.473          net: I_sys_clk_dup_1,  ../../../diagnostics/hdmi_positive/positive_top.v(54)
                                                                      pin: u_video/u_pll/u_ref/ph1p_phy_pll_wrapper_25a56e5ce2f9_Inst/u_PH1P_PHY_PLL.refclk
PLL                 x043y079            0.703          2.176          pin: u_video/u_pll/u_ref/ph1p_phy_pll_wrapper_25a56e5ce2f9_Inst/u_PH1P_PHY_PLL.clkc[0]
net (fo=1)                              0.711          2.887          net: u_video/u_pll/u_ref/clk0_buf,  ../../../user_source/hdl_source/native_hdmi_pll.v(32)
                                                                      pin: u_video/u_pll/u_ref/bufg_feedback.clkin[0]
GCLK                x023y039z16         0.014          2.901          pin: u_video/u_pll/u_ref/bufg_feedback.clkout
net (fo=1)                              0.322          3.223          net: u_video/u_pll/u_output/ph1p_phy_pll_wrapper_25a56e5ce2f9_Inst/refclk,  ../../../user_source/ip_source/PLL/RTL/ph1p_phy_pll_wrapper_25a56e5ce2f9.v(119)
                                                                      pin: u_video/u_pll/u_ref/bufg_feedback_auto_created_sclk_s_0_l_bk1.clkin
SCLK                x023y019z0          0.068          3.291          pin: u_video/u_pll/u_ref/bufg_feedback_auto_created_sclk_s_0_l_bk1.clkout
net (fo=1)          x000y039            0.255          3.546          net: u_video/u_pll/u_ref/bufg_feedback_auto_created_sclk_s_0_l_bk1_sclk_outnet,  NOFILE(0)
                                                                      pin: u_video/u_pll/u_output/ph1p_phy_pll_wrapper_25a56e5ce2f9_Inst/u_PH1P_PHY_PLL.refclk
PLL                 x000y039            0.708          4.254          pin: u_video/u_pll/u_output/ph1p_phy_pll_wrapper_25a56e5ce2f9_Inst/u_PH1P_PHY_PLL.clkc[1]
net (fo=1)                              0.689          4.943          net: u_video/u_phy/u0_lane_lvds_8_1/I_serial_clk,  ../../../user_source/hdl_source/lane_lvds_10_1.v(8)
                                                                      pin: u_video/u_phy/u0_lane_lvds_8_1/I_serial_clk_created_gclkinst.clkin[0]
GCLK                x023y039z0          0.014          4.957          pin: u_video/u_phy/u0_lane_lvds_8_1/I_serial_clk_created_gclkinst.clkout
net (fo=1)                              0.339          5.296          net: u_video/u_phy/u0_lane_lvds_8_1/I_serial_clk_syn_1,  ../../../user_source/hdl_source/lane_lvds_10_1.v(8)
                                                                      pin: u_video/u_phy/u0_lane_lvds_8_1/I_serial_clk_created_gclkinst_auto_created_sclk_s_1_r_bk1.clkin
SCLK                x023y059z12         0.068          5.364          pin: u_video/u_phy/u0_lane_lvds_8_1/I_serial_clk_created_gclkinst_auto_created_sclk_s_1_r_bk1.clkout
net (fo=37)                             0.410          5.774          net: u_video/u_phy/u0_lane_lvds_8_1/I_serial_clk_created_gclkinst_auto_created_sclk_s_1_r_bk1_sclk_outnet,  NOFILE(0)
                                                                      pin: O_tmds_clk_p_syn_2.osclk
capture edge                            2.693    r     8.467               
--------------------------------------------------------------------  ---------------
setup                                  -0.575          7.892               
clock uncertainty                      -0.103          7.789               
clock pessimism                         0.476          8.265               
--------------------------------------------------------------------  ---------------
Required                                               8.265               
--------------------------------------------------------------------  ---------------
Slack                                                  0.367               

Slack               : 0.453ns
Begin Point         : u_video/u_blue/symbol_reg[0]_syn_2.clk (rising edge triggered by clock u_video/u_pll/u_output/ph1p_phy_pll_wrapper_25a56e5ce2f9_Inst/u_PH1P_PHY_PLL.clkc[0]  { rise@0.000000ns  fall@6.734000ns  period=13.468000 })
End Point           : u_video/u_phy/u0_lane_lvds_8_1/S_shift_data_reg[2]_syn_2.ic (rising edge triggered by clock u_video/u_pll/u_output/ph1p_phy_pll_wrapper_25a56e5ce2f9_Inst/u_PH1P_PHY_PLL.clkc[1]  { rise@0.000000ns  fall@1.346000ns  period=2.693000 })
Check Type          : setup
Process             : slow_m40c
Budget              : 2.693ns { u_video/u_pll/u_output/ph1p_phy_pll_wrapper_25a56e5ce2f9_Inst/u_PH1P_PHY_PLL.clkc[1] rising@2.693ns - u_video/u_pll/u_output/ph1p_phy_pll_wrapper_25a56e5ce2f9_Inst/u_PH1P_PHY_PLL.clkc[0] rising@0.000ns }
Data Path Delay     : 1.682ns (cell 0.481ns (28%), net 1.201ns (72%))
Clock Skew          : 0.391ns
Logic Level         : 1 ( LUT3=1 )
Max Fanout          : 3
Clock Uncertainty   : 0.103ns (sdc uncertainty: 0.000ns, default uncertainty: 0.103ns)

Delay Type          Location             Incr           Path   Level  Netlist Info
--------------------------------------------------------------------  ---------------
source latency                          0.000          0.000               
port                C4                  0.000          0.000          pin: I_sys_clk
hierarchy                               0.000          0.000          pin: I_sys_clk_syn_2.ipad
HDIO                x033y078            0.810          0.810          pin: I_sys_clk_syn_2.sg09_di
HDIO                x033y078            0.684          1.494          pin: I_sys_clk_syn_2.di
net (fo=1)          x043y079            0.115          1.609          net: I_sys_clk_dup_1,  ../../../diagnostics/hdmi_positive/positive_top.v(54)
                                                                      pin: u_video/u_pll/u_ref/ph1p_phy_pll_wrapper_25a56e5ce2f9_Inst/u_PH1P_PHY_PLL.refclk
PLL                 x043y079            0.814          2.423          pin: u_video/u_pll/u_ref/ph1p_phy_pll_wrapper_25a56e5ce2f9_Inst/u_PH1P_PHY_PLL.clkc[0]
net (fo=1)                              0.830          3.253          net: u_video/u_pll/u_ref/clk0_buf,  ../../../user_source/hdl_source/native_hdmi_pll.v(32)
                                                                      pin: u_video/u_pll/u_ref/bufg_feedback.clkin[0]
GCLK                x023y039z16         0.016          3.269          pin: u_video/u_pll/u_ref/bufg_feedback.clkout
net (fo=1)                              0.375          3.644          net: u_video/u_pll/u_output/ph1p_phy_pll_wrapper_25a56e5ce2f9_Inst/refclk,  ../../../user_source/ip_source/PLL/RTL/ph1p_phy_pll_wrapper_25a56e5ce2f9.v(119)
                                                                      pin: u_video/u_pll/u_ref/bufg_feedback_auto_created_sclk_s_0_l_bk1.clkin
SCLK                x023y019z0          0.079          3.723          pin: u_video/u_pll/u_ref/bufg_feedback_auto_created_sclk_s_0_l_bk1.clkout
net (fo=1)          x000y039            0.299          4.022          net: u_video/u_pll/u_ref/bufg_feedback_auto_created_sclk_s_0_l_bk1_sclk_outnet,  NOFILE(0)
                                                                      pin: u_video/u_pll/u_output/ph1p_phy_pll_wrapper_25a56e5ce2f9_Inst/u_PH1P_PHY_PLL.refclk
PLL                 x000y039            0.814          4.836          pin: u_video/u_pll/u_output/ph1p_phy_pll_wrapper_25a56e5ce2f9_Inst/u_PH1P_PHY_PLL.clkc[0]
net (fo=1)                              0.816          5.652          net: u_video/u_pll/u_output/clk0_buf,  ../../../user_source/hdl_source/native_hdmi_pll.v(32)
                                                                      pin: u_video/u_pll/u_output/bufg_feedback.clkin[0]
GCLK                x023y039z1          0.016          5.668          pin: u_video/u_pll/u_output/bufg_feedback.clkout
net (fo=1)                              0.395          6.063          net: u_video/pixel,  ../../../diagnostics/hdmi_positive/positive_top.v(5)
                                                                      pin: u_video/u_pll/u_output/bufg_feedback_auto_created_sclk_s_1_r_bk2.clkin
SCLK                x023y059z13         0.079          6.142          pin: u_video/u_pll/u_output/bufg_feedback_auto_created_sclk_s_1_r_bk2.clkout
net (fo=36)                             0.642          6.784          net: u_video/u_pll/u_output/bufg_feedback_auto_created_sclk_s_1_r_bk2_sclk_outnet,  NOFILE(0)
                                                                      pin: u_video/u_blue/symbol_reg[0]_syn_2.clk
launch edge                             0.000    r     6.784               
--------------------------------------------------------------------  ---------------
clk2q               x036y048z4          0.126    f     6.910          pin: u_video/u_blue/symbol_reg[0]_syn_2.oqa
net (fo=3)                              1.201          8.111          net: u_video/u_phy/u0_lane_lvds_8_1/I_data_in[9],  ../../../user_source/hdl_source/lane_lvds_10_1.v(11)
                                                                      pin: u_video/u_phy/u0_lane_lvds_8_1/S_shift_data_reg[2]_syn_2.ic
LUT3 (reg)          x036y049z0          0.355    f     8.466       1  net: u_video/u_phy/u0_lane_lvds_8_1/S_shift_data[2],  ../../../user_source/hdl_source/lane_lvds_10_1.v(22)
--------------------------------------------------------------------  ---------------
Arrival                                                8.466               

source latency                          0.000          0.000               
port                C4                  0.000          0.000          pin: I_sys_clk
hierarchy                               0.000          0.000          pin: I_sys_clk_syn_2.ipad
HDIO                x033y078            0.745          0.745          pin: I_sys_clk_syn_2.sg09_di
HDIO                x033y078            0.629          1.374          pin: I_sys_clk_syn_2.di
net (fo=1)          x043y079            0.099          1.473          net: I_sys_clk_dup_1,  ../../../diagnostics/hdmi_positive/positive_top.v(54)
                                                                      pin: u_video/u_pll/u_ref/ph1p_phy_pll_wrapper_25a56e5ce2f9_Inst/u_PH1P_PHY_PLL.refclk
PLL                 x043y079            0.703          2.176          pin: u_video/u_pll/u_ref/ph1p_phy_pll_wrapper_25a56e5ce2f9_Inst/u_PH1P_PHY_PLL.clkc[0]
net (fo=1)                              0.711          2.887          net: u_video/u_pll/u_ref/clk0_buf,  ../../../user_source/hdl_source/native_hdmi_pll.v(32)
                                                                      pin: u_video/u_pll/u_ref/bufg_feedback.clkin[0]
GCLK                x023y039z16         0.014          2.901          pin: u_video/u_pll/u_ref/bufg_feedback.clkout
net (fo=1)                              0.322          3.223          net: u_video/u_pll/u_output/ph1p_phy_pll_wrapper_25a56e5ce2f9_Inst/refclk,  ../../../user_source/ip_source/PLL/RTL/ph1p_phy_pll_wrapper_25a56e5ce2f9.v(119)
                                                                      pin: u_video/u_pll/u_ref/bufg_feedback_auto_created_sclk_s_0_l_bk1.clkin
SCLK                x023y019z0          0.068          3.291          pin: u_video/u_pll/u_ref/bufg_feedback_auto_created_sclk_s_0_l_bk1.clkout
net (fo=1)          x000y039            0.255          3.546          net: u_video/u_pll/u_ref/bufg_feedback_auto_created_sclk_s_0_l_bk1_sclk_outnet,  NOFILE(0)
                                                                      pin: u_video/u_pll/u_output/ph1p_phy_pll_wrapper_25a56e5ce2f9_Inst/u_PH1P_PHY_PLL.refclk
PLL                 x000y039            0.708          4.254          pin: u_video/u_pll/u_output/ph1p_phy_pll_wrapper_25a56e5ce2f9_Inst/u_PH1P_PHY_PLL.clkc[1]
net (fo=1)                              0.689          4.943          net: u_video/u_phy/u0_lane_lvds_8_1/I_serial_clk,  ../../../user_source/hdl_source/lane_lvds_10_1.v(8)
                                                                      pin: u_video/u_phy/u0_lane_lvds_8_1/I_serial_clk_created_gclkinst.clkin[0]
GCLK                x023y039z0          0.014          4.957          pin: u_video/u_phy/u0_lane_lvds_8_1/I_serial_clk_created_gclkinst.clkout
net (fo=1)                              0.339          5.296          net: u_video/u_phy/u0_lane_lvds_8_1/I_serial_clk_syn_1,  ../../../user_source/hdl_source/lane_lvds_10_1.v(8)
                                                                      pin: u_video/u_phy/u0_lane_lvds_8_1/I_serial_clk_created_gclkinst_auto_created_sclk_s_1_r_bk1.clkin
SCLK                x023y059z12         0.068          5.364          pin: u_video/u_phy/u0_lane_lvds_8_1/I_serial_clk_created_gclkinst_auto_created_sclk_s_1_r_bk1.clkout
net (fo=37)                             0.553          5.917          net: u_video/u_phy/u0_lane_lvds_8_1/I_serial_clk_created_gclkinst_auto_created_sclk_s_1_r_bk1_sclk_outnet,  NOFILE(0)
                                                                      pin: u_video/u_phy/u0_lane_lvds_8_1/S_shift_data_reg[2]_syn_2.clk
capture edge                            2.693    r     8.610               
--------------------------------------------------------------------  ---------------
setup                                  -0.064          8.546               
clock uncertainty                      -0.103          8.443               
clock pessimism                         0.476          8.919               
--------------------------------------------------------------------  ---------------
Required                                               8.919               
--------------------------------------------------------------------  ---------------
Slack                                                  0.453               

Slack               : 0.484ns
Begin Point         : u_video/rst_syn_2.clk (rising edge triggered by clock u_video/u_pll/u_output/ph1p_phy_pll_wrapper_25a56e5ce2f9_Inst/u_PH1P_PHY_PLL.clkc[0]  { rise@0.000000ns  fall@6.734000ns  period=13.468000 })
End Point           : O_tmds_ch1_p_syn_2.rst (rising edge triggered by clock u_video/u_pll/u_output/ph1p_phy_pll_wrapper_25a56e5ce2f9_Inst/u_PH1P_PHY_PLL.clkc[1]  { rise@0.000000ns  fall@1.346000ns  period=2.693000 })
Check Type          : setup
Process             : slow_m40c
Budget              : 2.693ns { u_video/u_pll/u_output/ph1p_phy_pll_wrapper_25a56e5ce2f9_Inst/u_PH1P_PHY_PLL.clkc[1] rising@2.693ns - u_video/u_pll/u_output/ph1p_phy_pll_wrapper_25a56e5ce2f9_Inst/u_PH1P_PHY_PLL.clkc[0] rising@0.000ns }
Data Path Delay     : 1.118ns (cell 0.326ns (29%), net 0.792ns (71%))
Clock Skew          : 0.535ns
Logic Level         : 1 ( LUT1=1 )
Max Fanout          : 55
Clock Uncertainty   : 0.103ns (sdc uncertainty: 0.000ns, default uncertainty: 0.103ns)

Delay Type          Location             Incr           Path   Level  Netlist Info
--------------------------------------------------------------------  ---------------
source latency                          0.000          0.000               
port                C4                  0.000          0.000          pin: I_sys_clk
hierarchy                               0.000          0.000          pin: I_sys_clk_syn_2.ipad
HDIO                x033y078            0.810          0.810          pin: I_sys_clk_syn_2.sg09_di
HDIO                x033y078            0.684          1.494          pin: I_sys_clk_syn_2.di
net (fo=1)          x043y079            0.115          1.609          net: I_sys_clk_dup_1,  ../../../diagnostics/hdmi_positive/positive_top.v(54)
                                                                      pin: u_video/u_pll/u_ref/ph1p_phy_pll_wrapper_25a56e5ce2f9_Inst/u_PH1P_PHY_PLL.refclk
PLL                 x043y079            0.814          2.423          pin: u_video/u_pll/u_ref/ph1p_phy_pll_wrapper_25a56e5ce2f9_Inst/u_PH1P_PHY_PLL.clkc[0]
net (fo=1)                              0.830          3.253          net: u_video/u_pll/u_ref/clk0_buf,  ../../../user_source/hdl_source/native_hdmi_pll.v(32)
                                                                      pin: u_video/u_pll/u_ref/bufg_feedback.clkin[0]
GCLK                x023y039z16         0.016          3.269          pin: u_video/u_pll/u_ref/bufg_feedback.clkout
net (fo=1)                              0.375          3.644          net: u_video/u_pll/u_output/ph1p_phy_pll_wrapper_25a56e5ce2f9_Inst/refclk,  ../../../user_source/ip_source/PLL/RTL/ph1p_phy_pll_wrapper_25a56e5ce2f9.v(119)
                                                                      pin: u_video/u_pll/u_ref/bufg_feedback_auto_created_sclk_s_0_l_bk1.clkin
SCLK                x023y019z0          0.079          3.723          pin: u_video/u_pll/u_ref/bufg_feedback_auto_created_sclk_s_0_l_bk1.clkout
net (fo=1)          x000y039            0.299          4.022          net: u_video/u_pll/u_ref/bufg_feedback_auto_created_sclk_s_0_l_bk1_sclk_outnet,  NOFILE(0)
                                                                      pin: u_video/u_pll/u_output/ph1p_phy_pll_wrapper_25a56e5ce2f9_Inst/u_PH1P_PHY_PLL.refclk
PLL                 x000y039            0.814          4.836          pin: u_video/u_pll/u_output/ph1p_phy_pll_wrapper_25a56e5ce2f9_Inst/u_PH1P_PHY_PLL.clkc[0]
net (fo=1)                              0.816          5.652          net: u_video/u_pll/u_output/clk0_buf,  ../../../user_source/hdl_source/native_hdmi_pll.v(32)
                                                                      pin: u_video/u_pll/u_output/bufg_feedback.clkin[0]
GCLK                x023y039z1          0.016          5.668          pin: u_video/u_pll/u_output/bufg_feedback.clkout
net (fo=1)                              0.395          6.063          net: u_video/pixel,  ../../../diagnostics/hdmi_positive/positive_top.v(5)
                                                                      pin: u_video/u_pll/u_output/bufg_feedback_auto_created_sclk_s_1_r_bk2.clkin
SCLK                x023y059z13         0.079          6.142          pin: u_video/u_pll/u_output/bufg_feedback_auto_created_sclk_s_1_r_bk2.clkout
net (fo=36)                             0.643          6.785          net: u_video/u_pll/u_output/bufg_feedback_auto_created_sclk_s_1_r_bk2_sclk_outnet,  NOFILE(0)
                                                                      pin: u_video/rst_syn_2.clk
launch edge                             0.000    r     6.785               
--------------------------------------------------------------------  ---------------
clk2q               x041y051z2          0.137    r     6.922          pin: u_video/rst_syn_2.oqb
net (fo=55)                             0.114          7.036          net: u_video/release_sync[2]_dup_344,  ../../../diagnostics/hdmi_positive/positive_top.v(12)
                                                                      pin: u_video/rst_syn_2.ie
LUT1                x041y051z2          0.189    r     7.225       1  pin: u_video/rst_syn_2.ofb
net (fo=4)                              0.678          7.903          net: u_video/rst,  ../../../diagnostics/hdmi_positive/positive_top.v(15)
                                                                      pin: O_tmds_ch1_p_syn_2.rst
PAD (reg)           x043y053            0.000    f     7.903               
--------------------------------------------------------------------  ---------------
Arrival                                                7.903               

source latency                          0.000          0.000               
port                C4                  0.000          0.000          pin: I_sys_clk
hierarchy                               0.000          0.000          pin: I_sys_clk_syn_2.ipad
HDIO                x033y078            0.745          0.745          pin: I_sys_clk_syn_2.sg09_di
HDIO                x033y078            0.629          1.374          pin: I_sys_clk_syn_2.di
net (fo=1)          x043y079            0.099          1.473          net: I_sys_clk_dup_1,  ../../../diagnostics/hdmi_positive/positive_top.v(54)
                                                                      pin: u_video/u_pll/u_ref/ph1p_phy_pll_wrapper_25a56e5ce2f9_Inst/u_PH1P_PHY_PLL.refclk
PLL                 x043y079            0.703          2.176          pin: u_video/u_pll/u_ref/ph1p_phy_pll_wrapper_25a56e5ce2f9_Inst/u_PH1P_PHY_PLL.clkc[0]
net (fo=1)                              0.711          2.887          net: u_video/u_pll/u_ref/clk0_buf,  ../../../user_source/hdl_source/native_hdmi_pll.v(32)
                                                                      pin: u_video/u_pll/u_ref/bufg_feedback.clkin[0]
GCLK                x023y039z16         0.014          2.901          pin: u_video/u_pll/u_ref/bufg_feedback.clkout
net (fo=1)                              0.322          3.223          net: u_video/u_pll/u_output/ph1p_phy_pll_wrapper_25a56e5ce2f9_Inst/refclk,  ../../../user_source/ip_source/PLL/RTL/ph1p_phy_pll_wrapper_25a56e5ce2f9.v(119)
                                                                      pin: u_video/u_pll/u_ref/bufg_feedback_auto_created_sclk_s_0_l_bk1.clkin
SCLK                x023y019z0          0.068          3.291          pin: u_video/u_pll/u_ref/bufg_feedback_auto_created_sclk_s_0_l_bk1.clkout
net (fo=1)          x000y039            0.255          3.546          net: u_video/u_pll/u_ref/bufg_feedback_auto_created_sclk_s_0_l_bk1_sclk_outnet,  NOFILE(0)
                                                                      pin: u_video/u_pll/u_output/ph1p_phy_pll_wrapper_25a56e5ce2f9_Inst/u_PH1P_PHY_PLL.refclk
PLL                 x000y039            0.708          4.254          pin: u_video/u_pll/u_output/ph1p_phy_pll_wrapper_25a56e5ce2f9_Inst/u_PH1P_PHY_PLL.clkc[1]
net (fo=1)                              0.689          4.943          net: u_video/u_phy/u0_lane_lvds_8_1/I_serial_clk,  ../../../user_source/hdl_source/lane_lvds_10_1.v(8)
                                                                      pin: u_video/u_phy/u0_lane_lvds_8_1/I_serial_clk_created_gclkinst.clkin[0]
GCLK                x023y039z0          0.014          4.957          pin: u_video/u_phy/u0_lane_lvds_8_1/I_serial_clk_created_gclkinst.clkout
net (fo=1)                              0.339          5.296          net: u_video/u_phy/u0_lane_lvds_8_1/I_serial_clk_syn_1,  ../../../user_source/hdl_source/lane_lvds_10_1.v(8)
                                                                      pin: u_video/u_phy/u0_lane_lvds_8_1/I_serial_clk_created_gclkinst_auto_created_sclk_s_1_r_bk1.clkin
SCLK                x023y059z12         0.068          5.364          pin: u_video/u_phy/u0_lane_lvds_8_1/I_serial_clk_created_gclkinst_auto_created_sclk_s_1_r_bk1.clkout
net (fo=37)                             0.410          5.774          net: u_video/u_phy/u0_lane_lvds_8_1/I_serial_clk_created_gclkinst_auto_created_sclk_s_1_r_bk1_sclk_outnet,  NOFILE(0)
                                                                      pin: O_tmds_ch1_p_syn_2.opclk
capture edge                            2.693    r     8.467               
--------------------------------------------------------------------  ---------------
setup                                  -0.453          8.014               
clock uncertainty                      -0.103          7.911               
clock pessimism                         0.476          8.387               
--------------------------------------------------------------------  ---------------
Required                                               8.387               
--------------------------------------------------------------------  ---------------
Slack                                                  0.484               

Slack               : 0.489ns
Begin Point         : u_video/rst_syn_2.clk (rising edge triggered by clock u_video/u_pll/u_output/ph1p_phy_pll_wrapper_25a56e5ce2f9_Inst/u_PH1P_PHY_PLL.clkc[0]  { rise@0.000000ns  fall@6.734000ns  period=13.468000 })
End Point           : O_tmds_clk_p_syn_2.rst (rising edge triggered by clock u_video/u_pll/u_output/ph1p_phy_pll_wrapper_25a56e5ce2f9_Inst/u_PH1P_PHY_PLL.clkc[1]  { rise@0.000000ns  fall@1.346000ns  period=2.693000 })
Check Type          : setup
Process             : slow_m40c
Budget              : 2.693ns { u_video/u_pll/u_output/ph1p_phy_pll_wrapper_25a56e5ce2f9_Inst/u_PH1P_PHY_PLL.clkc[1] rising@2.693ns - u_video/u_pll/u_output/ph1p_phy_pll_wrapper_25a56e5ce2f9_Inst/u_PH1P_PHY_PLL.clkc[0] rising@0.000ns }
Data Path Delay     : 1.113ns (cell 0.326ns (29%), net 0.787ns (71%))
Clock Skew          : 0.535ns
Logic Level         : 1 ( LUT1=1 )
Max Fanout          : 55
Clock Uncertainty   : 0.103ns (sdc uncertainty: 0.000ns, default uncertainty: 0.103ns)

Delay Type          Location             Incr           Path   Level  Netlist Info
--------------------------------------------------------------------  ---------------
source latency                          0.000          0.000               
port                C4                  0.000          0.000          pin: I_sys_clk
hierarchy                               0.000          0.000          pin: I_sys_clk_syn_2.ipad
HDIO                x033y078            0.810          0.810          pin: I_sys_clk_syn_2.sg09_di
HDIO                x033y078            0.684          1.494          pin: I_sys_clk_syn_2.di
net (fo=1)          x043y079            0.115          1.609          net: I_sys_clk_dup_1,  ../../../diagnostics/hdmi_positive/positive_top.v(54)
                                                                      pin: u_video/u_pll/u_ref/ph1p_phy_pll_wrapper_25a56e5ce2f9_Inst/u_PH1P_PHY_PLL.refclk
PLL                 x043y079            0.814          2.423          pin: u_video/u_pll/u_ref/ph1p_phy_pll_wrapper_25a56e5ce2f9_Inst/u_PH1P_PHY_PLL.clkc[0]
net (fo=1)                              0.830          3.253          net: u_video/u_pll/u_ref/clk0_buf,  ../../../user_source/hdl_source/native_hdmi_pll.v(32)
                                                                      pin: u_video/u_pll/u_ref/bufg_feedback.clkin[0]
GCLK                x023y039z16         0.016          3.269          pin: u_video/u_pll/u_ref/bufg_feedback.clkout
net (fo=1)                              0.375          3.644          net: u_video/u_pll/u_output/ph1p_phy_pll_wrapper_25a56e5ce2f9_Inst/refclk,  ../../../user_source/ip_source/PLL/RTL/ph1p_phy_pll_wrapper_25a56e5ce2f9.v(119)
                                                                      pin: u_video/u_pll/u_ref/bufg_feedback_auto_created_sclk_s_0_l_bk1.clkin
SCLK                x023y019z0          0.079          3.723          pin: u_video/u_pll/u_ref/bufg_feedback_auto_created_sclk_s_0_l_bk1.clkout
net (fo=1)          x000y039            0.299          4.022          net: u_video/u_pll/u_ref/bufg_feedback_auto_created_sclk_s_0_l_bk1_sclk_outnet,  NOFILE(0)
                                                                      pin: u_video/u_pll/u_output/ph1p_phy_pll_wrapper_25a56e5ce2f9_Inst/u_PH1P_PHY_PLL.refclk
PLL                 x000y039            0.814          4.836          pin: u_video/u_pll/u_output/ph1p_phy_pll_wrapper_25a56e5ce2f9_Inst/u_PH1P_PHY_PLL.clkc[0]
net (fo=1)                              0.816          5.652          net: u_video/u_pll/u_output/clk0_buf,  ../../../user_source/hdl_source/native_hdmi_pll.v(32)
                                                                      pin: u_video/u_pll/u_output/bufg_feedback.clkin[0]
GCLK                x023y039z1          0.016          5.668          pin: u_video/u_pll/u_output/bufg_feedback.clkout
net (fo=1)                              0.395          6.063          net: u_video/pixel,  ../../../diagnostics/hdmi_positive/positive_top.v(5)
                                                                      pin: u_video/u_pll/u_output/bufg_feedback_auto_created_sclk_s_1_r_bk2.clkin
SCLK                x023y059z13         0.079          6.142          pin: u_video/u_pll/u_output/bufg_feedback_auto_created_sclk_s_1_r_bk2.clkout
net (fo=36)                             0.643          6.785          net: u_video/u_pll/u_output/bufg_feedback_auto_created_sclk_s_1_r_bk2_sclk_outnet,  NOFILE(0)
                                                                      pin: u_video/rst_syn_2.clk
launch edge                             0.000    r     6.785               
--------------------------------------------------------------------  ---------------
clk2q               x041y051z2          0.137    r     6.922          pin: u_video/rst_syn_2.oqb
net (fo=55)                             0.114          7.036          net: u_video/release_sync[2]_dup_344,  ../../../diagnostics/hdmi_positive/positive_top.v(12)
                                                                      pin: u_video/rst_syn_2.ie
LUT1                x041y051z2          0.189    r     7.225       1  pin: u_video/rst_syn_2.ofb
net (fo=4)                              0.673          7.898          net: u_video/rst,  ../../../diagnostics/hdmi_positive/positive_top.v(15)
                                                                      pin: O_tmds_clk_p_syn_2.rst
PAD (reg)           x043y056            0.000    f     7.898               
--------------------------------------------------------------------  ---------------
Arrival                                                7.898               

source latency                          0.000          0.000               
port                C4                  0.000          0.000          pin: I_sys_clk
hierarchy                               0.000          0.000          pin: I_sys_clk_syn_2.ipad
HDIO                x033y078            0.745          0.745          pin: I_sys_clk_syn_2.sg09_di
HDIO                x033y078            0.629          1.374          pin: I_sys_clk_syn_2.di
net (fo=1)          x043y079            0.099          1.473          net: I_sys_clk_dup_1,  ../../../diagnostics/hdmi_positive/positive_top.v(54)
                                                                      pin: u_video/u_pll/u_ref/ph1p_phy_pll_wrapper_25a56e5ce2f9_Inst/u_PH1P_PHY_PLL.refclk
PLL                 x043y079            0.703          2.176          pin: u_video/u_pll/u_ref/ph1p_phy_pll_wrapper_25a56e5ce2f9_Inst/u_PH1P_PHY_PLL.clkc[0]
net (fo=1)                              0.711          2.887          net: u_video/u_pll/u_ref/clk0_buf,  ../../../user_source/hdl_source/native_hdmi_pll.v(32)
                                                                      pin: u_video/u_pll/u_ref/bufg_feedback.clkin[0]
GCLK                x023y039z16         0.014          2.901          pin: u_video/u_pll/u_ref/bufg_feedback.clkout
net (fo=1)                              0.322          3.223          net: u_video/u_pll/u_output/ph1p_phy_pll_wrapper_25a56e5ce2f9_Inst/refclk,  ../../../user_source/ip_source/PLL/RTL/ph1p_phy_pll_wrapper_25a56e5ce2f9.v(119)
                                                                      pin: u_video/u_pll/u_ref/bufg_feedback_auto_created_sclk_s_0_l_bk1.clkin
SCLK                x023y019z0          0.068          3.291          pin: u_video/u_pll/u_ref/bufg_feedback_auto_created_sclk_s_0_l_bk1.clkout
net (fo=1)          x000y039            0.255          3.546          net: u_video/u_pll/u_ref/bufg_feedback_auto_created_sclk_s_0_l_bk1_sclk_outnet,  NOFILE(0)
                                                                      pin: u_video/u_pll/u_output/ph1p_phy_pll_wrapper_25a56e5ce2f9_Inst/u_PH1P_PHY_PLL.refclk
PLL                 x000y039            0.708          4.254          pin: u_video/u_pll/u_output/ph1p_phy_pll_wrapper_25a56e5ce2f9_Inst/u_PH1P_PHY_PLL.clkc[1]
net (fo=1)                              0.689          4.943          net: u_video/u_phy/u0_lane_lvds_8_1/I_serial_clk,  ../../../user_source/hdl_source/lane_lvds_10_1.v(8)
                                                                      pin: u_video/u_phy/u0_lane_lvds_8_1/I_serial_clk_created_gclkinst.clkin[0]
GCLK                x023y039z0          0.014          4.957          pin: u_video/u_phy/u0_lane_lvds_8_1/I_serial_clk_created_gclkinst.clkout
net (fo=1)                              0.339          5.296          net: u_video/u_phy/u0_lane_lvds_8_1/I_serial_clk_syn_1,  ../../../user_source/hdl_source/lane_lvds_10_1.v(8)
                                                                      pin: u_video/u_phy/u0_lane_lvds_8_1/I_serial_clk_created_gclkinst_auto_created_sclk_s_1_r_bk1.clkin
SCLK                x023y059z12         0.068          5.364          pin: u_video/u_phy/u0_lane_lvds_8_1/I_serial_clk_created_gclkinst_auto_created_sclk_s_1_r_bk1.clkout
net (fo=37)                             0.410          5.774          net: u_video/u_phy/u0_lane_lvds_8_1/I_serial_clk_created_gclkinst_auto_created_sclk_s_1_r_bk1_sclk_outnet,  NOFILE(0)
                                                                      pin: O_tmds_clk_p_syn_2.opclk
capture edge                            2.693    r     8.467               
--------------------------------------------------------------------  ---------------
setup                                  -0.453          8.014               
clock uncertainty                      -0.103          7.911               
clock pessimism                         0.476          8.387               
--------------------------------------------------------------------  ---------------
Required                                               8.387               
--------------------------------------------------------------------  ---------------
Slack                                                  0.489               

Slack               : 0.560ns
Begin Point         : u_video/u_blue/symbol_reg[0]_syn_2.clk (rising edge triggered by clock u_video/u_pll/u_output/ph1p_phy_pll_wrapper_25a56e5ce2f9_Inst/u_PH1P_PHY_PLL.clkc[0]  { rise@0.000000ns  fall@6.734000ns  period=13.468000 })
End Point           : u_video/u_phy/u0_lane_lvds_8_1/S_shift_data_reg[2]_syn_2.ic (rising edge triggered by clock u_video/u_pll/u_output/ph1p_phy_pll_wrapper_25a56e5ce2f9_Inst/u_PH1P_PHY_PLL.clkc[1]  { rise@0.000000ns  fall@1.346000ns  period=2.693000 })
Check Type          : setup
Process             : slow_m40c
Budget              : 2.693ns { u_video/u_pll/u_output/ph1p_phy_pll_wrapper_25a56e5ce2f9_Inst/u_PH1P_PHY_PLL.clkc[1] rising@2.693ns - u_video/u_pll/u_output/ph1p_phy_pll_wrapper_25a56e5ce2f9_Inst/u_PH1P_PHY_PLL.clkc[0] rising@0.000ns }
Data Path Delay     : 1.575ns (cell 0.374ns (23%), net 1.201ns (77%))
Clock Skew          : 0.391ns
Logic Level         : 1 ( LUT3=1 )
Max Fanout          : 3
Clock Uncertainty   : 0.103ns (sdc uncertainty: 0.000ns, default uncertainty: 0.103ns)

Delay Type          Location             Incr           Path   Level  Netlist Info
--------------------------------------------------------------------  ---------------
source latency                          0.000          0.000               
port                C4                  0.000          0.000          pin: I_sys_clk
hierarchy                               0.000          0.000          pin: I_sys_clk_syn_2.ipad
HDIO                x033y078            0.810          0.810          pin: I_sys_clk_syn_2.sg09_di
HDIO                x033y078            0.684          1.494          pin: I_sys_clk_syn_2.di
net (fo=1)          x043y079            0.115          1.609          net: I_sys_clk_dup_1,  ../../../diagnostics/hdmi_positive/positive_top.v(54)
                                                                      pin: u_video/u_pll/u_ref/ph1p_phy_pll_wrapper_25a56e5ce2f9_Inst/u_PH1P_PHY_PLL.refclk
PLL                 x043y079            0.814          2.423          pin: u_video/u_pll/u_ref/ph1p_phy_pll_wrapper_25a56e5ce2f9_Inst/u_PH1P_PHY_PLL.clkc[0]
net (fo=1)                              0.830          3.253          net: u_video/u_pll/u_ref/clk0_buf,  ../../../user_source/hdl_source/native_hdmi_pll.v(32)
                                                                      pin: u_video/u_pll/u_ref/bufg_feedback.clkin[0]
GCLK                x023y039z16         0.016          3.269          pin: u_video/u_pll/u_ref/bufg_feedback.clkout
net (fo=1)                              0.375          3.644          net: u_video/u_pll/u_output/ph1p_phy_pll_wrapper_25a56e5ce2f9_Inst/refclk,  ../../../user_source/ip_source/PLL/RTL/ph1p_phy_pll_wrapper_25a56e5ce2f9.v(119)
                                                                      pin: u_video/u_pll/u_ref/bufg_feedback_auto_created_sclk_s_0_l_bk1.clkin
SCLK                x023y019z0          0.079          3.723          pin: u_video/u_pll/u_ref/bufg_feedback_auto_created_sclk_s_0_l_bk1.clkout
net (fo=1)          x000y039            0.299          4.022          net: u_video/u_pll/u_ref/bufg_feedback_auto_created_sclk_s_0_l_bk1_sclk_outnet,  NOFILE(0)
                                                                      pin: u_video/u_pll/u_output/ph1p_phy_pll_wrapper_25a56e5ce2f9_Inst/u_PH1P_PHY_PLL.refclk
PLL                 x000y039            0.814          4.836          pin: u_video/u_pll/u_output/ph1p_phy_pll_wrapper_25a56e5ce2f9_Inst/u_PH1P_PHY_PLL.clkc[0]
net (fo=1)                              0.816          5.652          net: u_video/u_pll/u_output/clk0_buf,  ../../../user_source/hdl_source/native_hdmi_pll.v(32)
                                                                      pin: u_video/u_pll/u_output/bufg_feedback.clkin[0]
GCLK                x023y039z1          0.016          5.668          pin: u_video/u_pll/u_output/bufg_feedback.clkout
net (fo=1)                              0.395          6.063          net: u_video/pixel,  ../../../diagnostics/hdmi_positive/positive_top.v(5)
                                                                      pin: u_video/u_pll/u_output/bufg_feedback_auto_created_sclk_s_1_r_bk2.clkin
SCLK                x023y059z13         0.079          6.142          pin: u_video/u_pll/u_output/bufg_feedback_auto_created_sclk_s_1_r_bk2.clkout
net (fo=36)                             0.642          6.784          net: u_video/u_pll/u_output/bufg_feedback_auto_created_sclk_s_1_r_bk2_sclk_outnet,  NOFILE(0)
                                                                      pin: u_video/u_blue/symbol_reg[0]_syn_2.clk
launch edge                             0.000    r     6.784               
--------------------------------------------------------------------  ---------------
clk2q               x036y048z4          0.126    f     6.910          pin: u_video/u_blue/symbol_reg[0]_syn_2.oqa
net (fo=3)                              1.201          8.111          net: u_video/u_phy/u0_lane_lvds_8_1/I_data_in[9],  ../../../user_source/hdl_source/lane_lvds_10_1.v(11)
                                                                      pin: u_video/u_phy/u0_lane_lvds_8_1/S_shift_data_reg[2]_syn_2.ic
LUT3 (reg)          x036y049z0          0.248    r     8.359       1  net: u_video/u_phy/u0_lane_lvds_8_1/S_shift_data[4],  ../../../user_source/hdl_source/lane_lvds_10_1.v(22)
--------------------------------------------------------------------  ---------------
Arrival                                                8.359               

source latency                          0.000          0.000               
port                C4                  0.000          0.000          pin: I_sys_clk
hierarchy                               0.000          0.000          pin: I_sys_clk_syn_2.ipad
HDIO                x033y078            0.745          0.745          pin: I_sys_clk_syn_2.sg09_di
HDIO                x033y078            0.629          1.374          pin: I_sys_clk_syn_2.di
net (fo=1)          x043y079            0.099          1.473          net: I_sys_clk_dup_1,  ../../../diagnostics/hdmi_positive/positive_top.v(54)
                                                                      pin: u_video/u_pll/u_ref/ph1p_phy_pll_wrapper_25a56e5ce2f9_Inst/u_PH1P_PHY_PLL.refclk
PLL                 x043y079            0.703          2.176          pin: u_video/u_pll/u_ref/ph1p_phy_pll_wrapper_25a56e5ce2f9_Inst/u_PH1P_PHY_PLL.clkc[0]
net (fo=1)                              0.711          2.887          net: u_video/u_pll/u_ref/clk0_buf,  ../../../user_source/hdl_source/native_hdmi_pll.v(32)
                                                                      pin: u_video/u_pll/u_ref/bufg_feedback.clkin[0]
GCLK                x023y039z16         0.014          2.901          pin: u_video/u_pll/u_ref/bufg_feedback.clkout
net (fo=1)                              0.322          3.223          net: u_video/u_pll/u_output/ph1p_phy_pll_wrapper_25a56e5ce2f9_Inst/refclk,  ../../../user_source/ip_source/PLL/RTL/ph1p_phy_pll_wrapper_25a56e5ce2f9.v(119)
                                                                      pin: u_video/u_pll/u_ref/bufg_feedback_auto_created_sclk_s_0_l_bk1.clkin
SCLK                x023y019z0          0.068          3.291          pin: u_video/u_pll/u_ref/bufg_feedback_auto_created_sclk_s_0_l_bk1.clkout
net (fo=1)          x000y039            0.255          3.546          net: u_video/u_pll/u_ref/bufg_feedback_auto_created_sclk_s_0_l_bk1_sclk_outnet,  NOFILE(0)
                                                                      pin: u_video/u_pll/u_output/ph1p_phy_pll_wrapper_25a56e5ce2f9_Inst/u_PH1P_PHY_PLL.refclk
PLL                 x000y039            0.708          4.254          pin: u_video/u_pll/u_output/ph1p_phy_pll_wrapper_25a56e5ce2f9_Inst/u_PH1P_PHY_PLL.clkc[1]
net (fo=1)                              0.689          4.943          net: u_video/u_phy/u0_lane_lvds_8_1/I_serial_clk,  ../../../user_source/hdl_source/lane_lvds_10_1.v(8)
                                                                      pin: u_video/u_phy/u0_lane_lvds_8_1/I_serial_clk_created_gclkinst.clkin[0]
GCLK                x023y039z0          0.014          4.957          pin: u_video/u_phy/u0_lane_lvds_8_1/I_serial_clk_created_gclkinst.clkout
net (fo=1)                              0.339          5.296          net: u_video/u_phy/u0_lane_lvds_8_1/I_serial_clk_syn_1,  ../../../user_source/hdl_source/lane_lvds_10_1.v(8)
                                                                      pin: u_video/u_phy/u0_lane_lvds_8_1/I_serial_clk_created_gclkinst_auto_created_sclk_s_1_r_bk1.clkin
SCLK                x023y059z12         0.068          5.364          pin: u_video/u_phy/u0_lane_lvds_8_1/I_serial_clk_created_gclkinst_auto_created_sclk_s_1_r_bk1.clkout
net (fo=37)                             0.553          5.917          net: u_video/u_phy/u0_lane_lvds_8_1/I_serial_clk_created_gclkinst_auto_created_sclk_s_1_r_bk1_sclk_outnet,  NOFILE(0)
                                                                      pin: u_video/u_phy/u0_lane_lvds_8_1/S_shift_data_reg[2]_syn_2.clk
capture edge                            2.693    r     8.610               
--------------------------------------------------------------------  ---------------
setup                                  -0.064          8.546               
clock uncertainty                      -0.103          8.443               
clock pessimism                         0.476          8.919               
--------------------------------------------------------------------  ---------------
Required                                               8.919               
--------------------------------------------------------------------  ---------------
Slack                                                  0.560               



Min Paths
----------------------------------------------------------------------------------------------------
Slack               : 0.022ns
Begin Point         : u_video/u_red/symbol_reg[0]_syn_2.clk (rising edge triggered by clock u_video/u_pll/u_output/ph1p_phy_pll_wrapper_25a56e5ce2f9_Inst/u_PH1P_PHY_PLL.clkc[0]  { rise@0.000000ns  fall@6.734000ns  period=13.468000 })
End Point           : u_video/u_phy/u2_lane_lvds_8_1/S_shift_data_reg[9]_syn_2.id (rising edge triggered by clock u_video/u_pll/u_output/ph1p_phy_pll_wrapper_25a56e5ce2f9_Inst/u_PH1P_PHY_PLL.clkc[1]  { rise@0.000000ns  fall@1.346000ns  period=2.693000 })
Check Type          : hold
Process             : fast_25c
Budget              : 0.000ns { u_video/u_pll/u_output/ph1p_phy_pll_wrapper_25a56e5ce2f9_Inst/u_PH1P_PHY_PLL.clkc[0] rising@0.000ns - u_video/u_pll/u_output/ph1p_phy_pll_wrapper_25a56e5ce2f9_Inst/u_PH1P_PHY_PLL.clkc[1] rising@0.000ns }
Data Path Delay     : 0.337ns (cell 0.169ns (50%), net 0.168ns (50%))
Clock Skew          : 0.240ns
Logic Level         : 1 ( LUT3=1 )
Max Fanout          : 3
Clock Uncertainty   : 0.050ns (sdc uncertainty: 0.000ns, default uncertainty: 0.050ns)

Delay Type          Location             Incr           Path   Level  Netlist Info
--------------------------------------------------------------------  ---------------
source latency                          0.000          0.000               
port                C4                  0.000          0.000          pin: I_sys_clk
hierarchy                               0.000          0.000          pin: I_sys_clk_syn_2.ipad
HDIO                x033y078            0.745          0.745          pin: I_sys_clk_syn_2.sg09_di
HDIO                x033y078            0.236          0.981          pin: I_sys_clk_syn_2.di
net (fo=1)          x043y079            0.058          1.039          net: I_sys_clk_dup_1,  ../../../diagnostics/hdmi_positive/positive_top.v(54)
                                                                      pin: u_video/u_pll/u_ref/ph1p_phy_pll_wrapper_25a56e5ce2f9_Inst/u_PH1P_PHY_PLL.refclk
PLL                 x043y079            0.482          1.521          pin: u_video/u_pll/u_ref/ph1p_phy_pll_wrapper_25a56e5ce2f9_Inst/u_PH1P_PHY_PLL.clkc[0]
net (fo=1)                              0.418          1.939          net: u_video/u_pll/u_ref/clk0_buf,  ../../../user_source/hdl_source/native_hdmi_pll.v(32)
                                                                      pin: u_video/u_pll/u_ref/bufg_feedback.clkin[0]
GCLK                x023y039z16         0.009          1.948          pin: u_video/u_pll/u_ref/bufg_feedback.clkout
net (fo=1)                              0.195          2.143          net: u_video/u_pll/u_output/ph1p_phy_pll_wrapper_25a56e5ce2f9_Inst/refclk,  ../../../user_source/ip_source/PLL/RTL/ph1p_phy_pll_wrapper_25a56e5ce2f9.v(119)
                                                                      pin: u_video/u_pll/u_ref/bufg_feedback_auto_created_sclk_s_0_l_bk1.clkin
SCLK                x023y019z0          0.040          2.183          pin: u_video/u_pll/u_ref/bufg_feedback_auto_created_sclk_s_0_l_bk1.clkout
net (fo=1)          x000y039            0.170          2.353          net: u_video/u_pll/u_ref/bufg_feedback_auto_created_sclk_s_0_l_bk1_sclk_outnet,  NOFILE(0)
                                                                      pin: u_video/u_pll/u_output/ph1p_phy_pll_wrapper_25a56e5ce2f9_Inst/u_PH1P_PHY_PLL.refclk
PLL                 x000y039            0.482          2.835          pin: u_video/u_pll/u_output/ph1p_phy_pll_wrapper_25a56e5ce2f9_Inst/u_PH1P_PHY_PLL.clkc[0]
net (fo=1)                              0.412          3.247          net: u_video/u_pll/u_output/clk0_buf,  ../../../user_source/hdl_source/native_hdmi_pll.v(32)
                                                                      pin: u_video/u_pll/u_output/bufg_feedback.clkin[0]
GCLK                x023y039z1          0.009          3.256          pin: u_video/u_pll/u_output/bufg_feedback.clkout
net (fo=1)                              0.205          3.461          net: u_video/pixel,  ../../../diagnostics/hdmi_positive/positive_top.v(5)
                                                                      pin: u_video/u_pll/u_output/bufg_feedback_auto_created_sclk_s_1_r_bk2.clkin
SCLK                x023y059z13         0.040          3.501          pin: u_video/u_pll/u_output/bufg_feedback_auto_created_sclk_s_1_r_bk2.clkout
net (fo=36)                             0.329          3.830          net: u_video/u_pll/u_output/bufg_feedback_auto_created_sclk_s_1_r_bk2_sclk_outnet,  NOFILE(0)
                                                                      pin: u_video/u_red/symbol_reg[0]_syn_2.clk
launch edge                             0.000    r     3.830               
--------------------------------------------------------------------  ---------------
clk2q               x036y047z1          0.081    f     3.911          pin: u_video/u_red/symbol_reg[0]_syn_2.oqa
net (fo=3)                              0.168          4.079          net: u_video/u_phy/u2_lane_lvds_8_1/I_data_in[9],  ../../../user_source/hdl_source/lane_lvds_10_1.v(11)
                                                                      pin: u_video/u_phy/u2_lane_lvds_8_1/S_shift_data_reg[9]_syn_2.id
LUT3 (reg)          x036y050z5          0.088    f     4.167       1  net: u_video/u_phy/u2_lane_lvds_8_1/S_shift_data[9],  ../../../user_source/hdl_source/lane_lvds_10_1.v(22)
--------------------------------------------------------------------  ---------------
Arrival                                                4.167               

source latency                          0.000          0.000               
port                C4                  0.000          0.000          pin: I_sys_clk
hierarchy                               0.000          0.000          pin: I_sys_clk_syn_2.ipad
HDIO                x033y078            0.810          0.810          pin: I_sys_clk_syn_2.sg09_di
HDIO                x033y078            0.257          1.067          pin: I_sys_clk_syn_2.di
net (fo=1)          x043y079            0.068          1.135          net: I_sys_clk_dup_1,  ../../../diagnostics/hdmi_positive/positive_top.v(54)
                                                                      pin: u_video/u_pll/u_ref/ph1p_phy_pll_wrapper_25a56e5ce2f9_Inst/u_PH1P_PHY_PLL.refclk
PLL                 x043y079            0.566          1.701          pin: u_video/u_pll/u_ref/ph1p_phy_pll_wrapper_25a56e5ce2f9_Inst/u_PH1P_PHY_PLL.clkc[0]
net (fo=1)                              0.488          2.189          net: u_video/u_pll/u_ref/clk0_buf,  ../../../user_source/hdl_source/native_hdmi_pll.v(32)
                                                                      pin: u_video/u_pll/u_ref/bufg_feedback.clkin[0]
GCLK                x023y039z16         0.010          2.199          pin: u_video/u_pll/u_ref/bufg_feedback.clkout
net (fo=1)                              0.227          2.426          net: u_video/u_pll/u_output/ph1p_phy_pll_wrapper_25a56e5ce2f9_Inst/refclk,  ../../../user_source/ip_source/PLL/RTL/ph1p_phy_pll_wrapper_25a56e5ce2f9.v(119)
                                                                      pin: u_video/u_pll/u_ref/bufg_feedback_auto_created_sclk_s_0_l_bk1.clkin
SCLK                x023y019z0          0.047          2.473          pin: u_video/u_pll/u_ref/bufg_feedback_auto_created_sclk_s_0_l_bk1.clkout
net (fo=1)          x000y039            0.199          2.672          net: u_video/u_pll/u_ref/bufg_feedback_auto_created_sclk_s_0_l_bk1_sclk_outnet,  NOFILE(0)
                                                                      pin: u_video/u_pll/u_output/ph1p_phy_pll_wrapper_25a56e5ce2f9_Inst/u_PH1P_PHY_PLL.refclk
PLL                 x000y039            0.567          3.239          pin: u_video/u_pll/u_output/ph1p_phy_pll_wrapper_25a56e5ce2f9_Inst/u_PH1P_PHY_PLL.clkc[1]
net (fo=1)                              0.479          3.718          net: u_video/u_phy/u0_lane_lvds_8_1/I_serial_clk,  ../../../user_source/hdl_source/lane_lvds_10_1.v(8)
                                                                      pin: u_video/u_phy/u0_lane_lvds_8_1/I_serial_clk_created_gclkinst.clkin[0]
GCLK                x023y039z0          0.010          3.728          pin: u_video/u_phy/u0_lane_lvds_8_1/I_serial_clk_created_gclkinst.clkout
net (fo=1)                              0.239          3.967          net: u_video/u_phy/u0_lane_lvds_8_1/I_serial_clk_syn_1,  ../../../user_source/hdl_source/lane_lvds_10_1.v(8)
                                                                      pin: u_video/u_phy/u0_lane_lvds_8_1/I_serial_clk_created_gclkinst_auto_created_sclk_s_1_r_bk1.clkin
SCLK                x023y059z12         0.047          4.014          pin: u_video/u_phy/u0_lane_lvds_8_1/I_serial_clk_created_gclkinst_auto_created_sclk_s_1_r_bk1.clkout
net (fo=37)                             0.375          4.389          net: u_video/u_phy/u0_lane_lvds_8_1/I_serial_clk_created_gclkinst_auto_created_sclk_s_1_r_bk1_sclk_outnet,  NOFILE(0)
                                                                      pin: u_video/u_phy/u2_lane_lvds_8_1/S_shift_data_reg[9]_syn_2.clk
capture edge                            0.000    r     4.389               
--------------------------------------------------------------------  ---------------
hold                                    0.025          4.414               
clock uncertainty                       0.050          4.464               
clock pessimism                        -0.319          4.145               
--------------------------------------------------------------------  ---------------
Required                                               4.145               
--------------------------------------------------------------------  ---------------
Slack                                                  0.022               

Slack               : 0.022ns
Begin Point         : u_video/u_red/symbol_reg[0]_syn_2.clk (rising edge triggered by clock u_video/u_pll/u_output/ph1p_phy_pll_wrapper_25a56e5ce2f9_Inst/u_PH1P_PHY_PLL.clkc[0]  { rise@0.000000ns  fall@6.734000ns  period=13.468000 })
End Point           : u_video/u_phy/u2_lane_lvds_8_1/S_shift_data_reg[8]_syn_2.id (rising edge triggered by clock u_video/u_pll/u_output/ph1p_phy_pll_wrapper_25a56e5ce2f9_Inst/u_PH1P_PHY_PLL.clkc[1]  { rise@0.000000ns  fall@1.346000ns  period=2.693000 })
Check Type          : hold
Process             : fast_25c
Budget              : 0.000ns { u_video/u_pll/u_output/ph1p_phy_pll_wrapper_25a56e5ce2f9_Inst/u_PH1P_PHY_PLL.clkc[0] rising@0.000ns - u_video/u_pll/u_output/ph1p_phy_pll_wrapper_25a56e5ce2f9_Inst/u_PH1P_PHY_PLL.clkc[1] rising@0.000ns }
Data Path Delay     : 0.337ns (cell 0.169ns (50%), net 0.168ns (50%))
Clock Skew          : 0.240ns
Logic Level         : 1 ( LUT3=1 )
Max Fanout          : 3
Clock Uncertainty   : 0.050ns (sdc uncertainty: 0.000ns, default uncertainty: 0.050ns)

Delay Type          Location             Incr           Path   Level  Netlist Info
--------------------------------------------------------------------  ---------------
source latency                          0.000          0.000               
port                C4                  0.000          0.000          pin: I_sys_clk
hierarchy                               0.000          0.000          pin: I_sys_clk_syn_2.ipad
HDIO                x033y078            0.745          0.745          pin: I_sys_clk_syn_2.sg09_di
HDIO                x033y078            0.236          0.981          pin: I_sys_clk_syn_2.di
net (fo=1)          x043y079            0.058          1.039          net: I_sys_clk_dup_1,  ../../../diagnostics/hdmi_positive/positive_top.v(54)
                                                                      pin: u_video/u_pll/u_ref/ph1p_phy_pll_wrapper_25a56e5ce2f9_Inst/u_PH1P_PHY_PLL.refclk
PLL                 x043y079            0.482          1.521          pin: u_video/u_pll/u_ref/ph1p_phy_pll_wrapper_25a56e5ce2f9_Inst/u_PH1P_PHY_PLL.clkc[0]
net (fo=1)                              0.418          1.939          net: u_video/u_pll/u_ref/clk0_buf,  ../../../user_source/hdl_source/native_hdmi_pll.v(32)
                                                                      pin: u_video/u_pll/u_ref/bufg_feedback.clkin[0]
GCLK                x023y039z16         0.009          1.948          pin: u_video/u_pll/u_ref/bufg_feedback.clkout
net (fo=1)                              0.195          2.143          net: u_video/u_pll/u_output/ph1p_phy_pll_wrapper_25a56e5ce2f9_Inst/refclk,  ../../../user_source/ip_source/PLL/RTL/ph1p_phy_pll_wrapper_25a56e5ce2f9.v(119)
                                                                      pin: u_video/u_pll/u_ref/bufg_feedback_auto_created_sclk_s_0_l_bk1.clkin
SCLK                x023y019z0          0.040          2.183          pin: u_video/u_pll/u_ref/bufg_feedback_auto_created_sclk_s_0_l_bk1.clkout
net (fo=1)          x000y039            0.170          2.353          net: u_video/u_pll/u_ref/bufg_feedback_auto_created_sclk_s_0_l_bk1_sclk_outnet,  NOFILE(0)
                                                                      pin: u_video/u_pll/u_output/ph1p_phy_pll_wrapper_25a56e5ce2f9_Inst/u_PH1P_PHY_PLL.refclk
PLL                 x000y039            0.482          2.835          pin: u_video/u_pll/u_output/ph1p_phy_pll_wrapper_25a56e5ce2f9_Inst/u_PH1P_PHY_PLL.clkc[0]
net (fo=1)                              0.412          3.247          net: u_video/u_pll/u_output/clk0_buf,  ../../../user_source/hdl_source/native_hdmi_pll.v(32)
                                                                      pin: u_video/u_pll/u_output/bufg_feedback.clkin[0]
GCLK                x023y039z1          0.009          3.256          pin: u_video/u_pll/u_output/bufg_feedback.clkout
net (fo=1)                              0.205          3.461          net: u_video/pixel,  ../../../diagnostics/hdmi_positive/positive_top.v(5)
                                                                      pin: u_video/u_pll/u_output/bufg_feedback_auto_created_sclk_s_1_r_bk2.clkin
SCLK                x023y059z13         0.040          3.501          pin: u_video/u_pll/u_output/bufg_feedback_auto_created_sclk_s_1_r_bk2.clkout
net (fo=36)                             0.329          3.830          net: u_video/u_pll/u_output/bufg_feedback_auto_created_sclk_s_1_r_bk2_sclk_outnet,  NOFILE(0)
                                                                      pin: u_video/u_red/symbol_reg[0]_syn_2.clk
launch edge                             0.000    r     3.830               
--------------------------------------------------------------------  ---------------
clk2q               x036y047z1          0.081    f     3.911          pin: u_video/u_red/symbol_reg[0]_syn_2.oqa
net (fo=3)                              0.168          4.079          net: u_video/u_phy/u2_lane_lvds_8_1/I_data_in[9],  ../../../user_source/hdl_source/lane_lvds_10_1.v(11)
                                                                      pin: u_video/u_phy/u2_lane_lvds_8_1/S_shift_data_reg[8]_syn_2.id
LUT3 (reg)          x036y050z4          0.088    f     4.167       1  net: u_video/u_phy/u2_lane_lvds_8_1/S_shift_data[8],  ../../../user_source/hdl_source/lane_lvds_10_1.v(22)
--------------------------------------------------------------------  ---------------
Arrival                                                4.167               

source latency                          0.000          0.000               
port                C4                  0.000          0.000          pin: I_sys_clk
hierarchy                               0.000          0.000          pin: I_sys_clk_syn_2.ipad
HDIO                x033y078            0.810          0.810          pin: I_sys_clk_syn_2.sg09_di
HDIO                x033y078            0.257          1.067          pin: I_sys_clk_syn_2.di
net (fo=1)          x043y079            0.068          1.135          net: I_sys_clk_dup_1,  ../../../diagnostics/hdmi_positive/positive_top.v(54)
                                                                      pin: u_video/u_pll/u_ref/ph1p_phy_pll_wrapper_25a56e5ce2f9_Inst/u_PH1P_PHY_PLL.refclk
PLL                 x043y079            0.566          1.701          pin: u_video/u_pll/u_ref/ph1p_phy_pll_wrapper_25a56e5ce2f9_Inst/u_PH1P_PHY_PLL.clkc[0]
net (fo=1)                              0.488          2.189          net: u_video/u_pll/u_ref/clk0_buf,  ../../../user_source/hdl_source/native_hdmi_pll.v(32)
                                                                      pin: u_video/u_pll/u_ref/bufg_feedback.clkin[0]
GCLK                x023y039z16         0.010          2.199          pin: u_video/u_pll/u_ref/bufg_feedback.clkout
net (fo=1)                              0.227          2.426          net: u_video/u_pll/u_output/ph1p_phy_pll_wrapper_25a56e5ce2f9_Inst/refclk,  ../../../user_source/ip_source/PLL/RTL/ph1p_phy_pll_wrapper_25a56e5ce2f9.v(119)
                                                                      pin: u_video/u_pll/u_ref/bufg_feedback_auto_created_sclk_s_0_l_bk1.clkin
SCLK                x023y019z0          0.047          2.473          pin: u_video/u_pll/u_ref/bufg_feedback_auto_created_sclk_s_0_l_bk1.clkout
net (fo=1)          x000y039            0.199          2.672          net: u_video/u_pll/u_ref/bufg_feedback_auto_created_sclk_s_0_l_bk1_sclk_outnet,  NOFILE(0)
                                                                      pin: u_video/u_pll/u_output/ph1p_phy_pll_wrapper_25a56e5ce2f9_Inst/u_PH1P_PHY_PLL.refclk
PLL                 x000y039            0.567          3.239          pin: u_video/u_pll/u_output/ph1p_phy_pll_wrapper_25a56e5ce2f9_Inst/u_PH1P_PHY_PLL.clkc[1]
net (fo=1)                              0.479          3.718          net: u_video/u_phy/u0_lane_lvds_8_1/I_serial_clk,  ../../../user_source/hdl_source/lane_lvds_10_1.v(8)
                                                                      pin: u_video/u_phy/u0_lane_lvds_8_1/I_serial_clk_created_gclkinst.clkin[0]
GCLK                x023y039z0          0.010          3.728          pin: u_video/u_phy/u0_lane_lvds_8_1/I_serial_clk_created_gclkinst.clkout
net (fo=1)                              0.239          3.967          net: u_video/u_phy/u0_lane_lvds_8_1/I_serial_clk_syn_1,  ../../../user_source/hdl_source/lane_lvds_10_1.v(8)
                                                                      pin: u_video/u_phy/u0_lane_lvds_8_1/I_serial_clk_created_gclkinst_auto_created_sclk_s_1_r_bk1.clkin
SCLK                x023y059z12         0.047          4.014          pin: u_video/u_phy/u0_lane_lvds_8_1/I_serial_clk_created_gclkinst_auto_created_sclk_s_1_r_bk1.clkout
net (fo=37)                             0.375          4.389          net: u_video/u_phy/u0_lane_lvds_8_1/I_serial_clk_created_gclkinst_auto_created_sclk_s_1_r_bk1_sclk_outnet,  NOFILE(0)
                                                                      pin: u_video/u_phy/u2_lane_lvds_8_1/S_shift_data_reg[8]_syn_2.clk
capture edge                            0.000    r     4.389               
--------------------------------------------------------------------  ---------------
hold                                    0.025          4.414               
clock uncertainty                       0.050          4.464               
clock pessimism                        -0.319          4.145               
--------------------------------------------------------------------  ---------------
Required                                               4.145               
--------------------------------------------------------------------  ---------------
Slack                                                  0.022               

Slack               : 0.033ns
Begin Point         : u_video/u_blue/symbol_reg[0]_syn_2.clk (rising edge triggered by clock u_video/u_pll/u_output/ph1p_phy_pll_wrapper_25a56e5ce2f9_Inst/u_PH1P_PHY_PLL.clkc[0]  { rise@0.000000ns  fall@6.734000ns  period=13.468000 })
End Point           : u_video/u_phy/u0_lane_lvds_8_1/S_shift_data_reg[0]_syn_2.imb (rising edge triggered by clock u_video/u_pll/u_output/ph1p_phy_pll_wrapper_25a56e5ce2f9_Inst/u_PH1P_PHY_PLL.clkc[1]  { rise@0.000000ns  fall@1.346000ns  period=2.693000 })
Check Type          : hold
Process             : fast_25c
Budget              : 0.000ns { u_video/u_pll/u_output/ph1p_phy_pll_wrapper_25a56e5ce2f9_Inst/u_PH1P_PHY_PLL.clkc[0] rising@0.000ns - u_video/u_pll/u_output/ph1p_phy_pll_wrapper_25a56e5ce2f9_Inst/u_PH1P_PHY_PLL.clkc[1] rising@0.000ns }
Data Path Delay     : 0.348ns (cell 0.187ns (53%), net 0.161ns (47%))
Clock Skew          : 0.240ns
Logic Level         : 1 ( LUT3=1 )
Max Fanout          : 3
Clock Uncertainty   : 0.050ns (sdc uncertainty: 0.000ns, default uncertainty: 0.050ns)

Delay Type          Location             Incr           Path   Level  Netlist Info
--------------------------------------------------------------------  ---------------
source latency                          0.000          0.000               
port                C4                  0.000          0.000          pin: I_sys_clk
hierarchy                               0.000          0.000          pin: I_sys_clk_syn_2.ipad
HDIO                x033y078            0.745          0.745          pin: I_sys_clk_syn_2.sg09_di
HDIO                x033y078            0.236          0.981          pin: I_sys_clk_syn_2.di
net (fo=1)          x043y079            0.058          1.039          net: I_sys_clk_dup_1,  ../../../diagnostics/hdmi_positive/positive_top.v(54)
                                                                      pin: u_video/u_pll/u_ref/ph1p_phy_pll_wrapper_25a56e5ce2f9_Inst/u_PH1P_PHY_PLL.refclk
PLL                 x043y079            0.482          1.521          pin: u_video/u_pll/u_ref/ph1p_phy_pll_wrapper_25a56e5ce2f9_Inst/u_PH1P_PHY_PLL.clkc[0]
net (fo=1)                              0.418          1.939          net: u_video/u_pll/u_ref/clk0_buf,  ../../../user_source/hdl_source/native_hdmi_pll.v(32)
                                                                      pin: u_video/u_pll/u_ref/bufg_feedback.clkin[0]
GCLK                x023y039z16         0.009          1.948          pin: u_video/u_pll/u_ref/bufg_feedback.clkout
net (fo=1)                              0.195          2.143          net: u_video/u_pll/u_output/ph1p_phy_pll_wrapper_25a56e5ce2f9_Inst/refclk,  ../../../user_source/ip_source/PLL/RTL/ph1p_phy_pll_wrapper_25a56e5ce2f9.v(119)
                                                                      pin: u_video/u_pll/u_ref/bufg_feedback_auto_created_sclk_s_0_l_bk1.clkin
SCLK                x023y019z0          0.040          2.183          pin: u_video/u_pll/u_ref/bufg_feedback_auto_created_sclk_s_0_l_bk1.clkout
net (fo=1)          x000y039            0.170          2.353          net: u_video/u_pll/u_ref/bufg_feedback_auto_created_sclk_s_0_l_bk1_sclk_outnet,  NOFILE(0)
                                                                      pin: u_video/u_pll/u_output/ph1p_phy_pll_wrapper_25a56e5ce2f9_Inst/u_PH1P_PHY_PLL.refclk
PLL                 x000y039            0.482          2.835          pin: u_video/u_pll/u_output/ph1p_phy_pll_wrapper_25a56e5ce2f9_Inst/u_PH1P_PHY_PLL.clkc[0]
net (fo=1)                              0.412          3.247          net: u_video/u_pll/u_output/clk0_buf,  ../../../user_source/hdl_source/native_hdmi_pll.v(32)
                                                                      pin: u_video/u_pll/u_output/bufg_feedback.clkin[0]
GCLK                x023y039z1          0.009          3.256          pin: u_video/u_pll/u_output/bufg_feedback.clkout
net (fo=1)                              0.205          3.461          net: u_video/pixel,  ../../../diagnostics/hdmi_positive/positive_top.v(5)
                                                                      pin: u_video/u_pll/u_output/bufg_feedback_auto_created_sclk_s_1_r_bk2.clkin
SCLK                x023y059z13         0.040          3.501          pin: u_video/u_pll/u_output/bufg_feedback_auto_created_sclk_s_1_r_bk2.clkout
net (fo=36)                             0.329          3.830          net: u_video/u_pll/u_output/bufg_feedback_auto_created_sclk_s_1_r_bk2_sclk_outnet,  NOFILE(0)
                                                                      pin: u_video/u_blue/symbol_reg[0]_syn_2.clk
launch edge                             0.000    r     3.830               
--------------------------------------------------------------------  ---------------
clk2q               x036y048z4          0.081    f     3.911          pin: u_video/u_blue/symbol_reg[0]_syn_2.oqa
net (fo=3)                              0.161          4.072          net: u_video/u_phy/u0_lane_lvds_8_1/I_data_in[9],  ../../../user_source/hdl_source/lane_lvds_10_1.v(11)
                                                                      pin: u_video/u_phy/u0_lane_lvds_8_1/S_shift_data_reg[0]_syn_2.imb
LUT3 (reg)          x036y049z1          0.106    f     4.178       1  net: u_video/u_phy/u0_lane_lvds_8_1/S_shift_data[9],  ../../../user_source/hdl_source/lane_lvds_10_1.v(22)
--------------------------------------------------------------------  ---------------
Arrival                                                4.178               

source latency                          0.000          0.000               
port                C4                  0.000          0.000          pin: I_sys_clk
hierarchy                               0.000          0.000          pin: I_sys_clk_syn_2.ipad
HDIO                x033y078            0.810          0.810          pin: I_sys_clk_syn_2.sg09_di
HDIO                x033y078            0.257          1.067          pin: I_sys_clk_syn_2.di
net (fo=1)          x043y079            0.068          1.135          net: I_sys_clk_dup_1,  ../../../diagnostics/hdmi_positive/positive_top.v(54)
                                                                      pin: u_video/u_pll/u_ref/ph1p_phy_pll_wrapper_25a56e5ce2f9_Inst/u_PH1P_PHY_PLL.refclk
PLL                 x043y079            0.566          1.701          pin: u_video/u_pll/u_ref/ph1p_phy_pll_wrapper_25a56e5ce2f9_Inst/u_PH1P_PHY_PLL.clkc[0]
net (fo=1)                              0.488          2.189          net: u_video/u_pll/u_ref/clk0_buf,  ../../../user_source/hdl_source/native_hdmi_pll.v(32)
                                                                      pin: u_video/u_pll/u_ref/bufg_feedback.clkin[0]
GCLK                x023y039z16         0.010          2.199          pin: u_video/u_pll/u_ref/bufg_feedback.clkout
net (fo=1)                              0.227          2.426          net: u_video/u_pll/u_output/ph1p_phy_pll_wrapper_25a56e5ce2f9_Inst/refclk,  ../../../user_source/ip_source/PLL/RTL/ph1p_phy_pll_wrapper_25a56e5ce2f9.v(119)
                                                                      pin: u_video/u_pll/u_ref/bufg_feedback_auto_created_sclk_s_0_l_bk1.clkin
SCLK                x023y019z0          0.047          2.473          pin: u_video/u_pll/u_ref/bufg_feedback_auto_created_sclk_s_0_l_bk1.clkout
net (fo=1)          x000y039            0.199          2.672          net: u_video/u_pll/u_ref/bufg_feedback_auto_created_sclk_s_0_l_bk1_sclk_outnet,  NOFILE(0)
                                                                      pin: u_video/u_pll/u_output/ph1p_phy_pll_wrapper_25a56e5ce2f9_Inst/u_PH1P_PHY_PLL.refclk
PLL                 x000y039            0.567          3.239          pin: u_video/u_pll/u_output/ph1p_phy_pll_wrapper_25a56e5ce2f9_Inst/u_PH1P_PHY_PLL.clkc[1]
net (fo=1)                              0.479          3.718          net: u_video/u_phy/u0_lane_lvds_8_1/I_serial_clk,  ../../../user_source/hdl_source/lane_lvds_10_1.v(8)
                                                                      pin: u_video/u_phy/u0_lane_lvds_8_1/I_serial_clk_created_gclkinst.clkin[0]
GCLK                x023y039z0          0.010          3.728          pin: u_video/u_phy/u0_lane_lvds_8_1/I_serial_clk_created_gclkinst.clkout
net (fo=1)                              0.239          3.967          net: u_video/u_phy/u0_lane_lvds_8_1/I_serial_clk_syn_1,  ../../../user_source/hdl_source/lane_lvds_10_1.v(8)
                                                                      pin: u_video/u_phy/u0_lane_lvds_8_1/I_serial_clk_created_gclkinst_auto_created_sclk_s_1_r_bk1.clkin
SCLK                x023y059z12         0.047          4.014          pin: u_video/u_phy/u0_lane_lvds_8_1/I_serial_clk_created_gclkinst_auto_created_sclk_s_1_r_bk1.clkout
net (fo=37)                             0.375          4.389          net: u_video/u_phy/u0_lane_lvds_8_1/I_serial_clk_created_gclkinst_auto_created_sclk_s_1_r_bk1_sclk_outnet,  NOFILE(0)
                                                                      pin: u_video/u_phy/u0_lane_lvds_8_1/S_shift_data_reg[0]_syn_2.clk
capture edge                            0.000    r     4.389               
--------------------------------------------------------------------  ---------------
hold                                    0.025          4.414               
clock uncertainty                       0.050          4.464               
clock pessimism                        -0.319          4.145               
--------------------------------------------------------------------  ---------------
Required                                               4.145               
--------------------------------------------------------------------  ---------------
Slack                                                  0.033               

Slack               : 0.038ns
Begin Point         : u_video/u_green/symbol_reg[8]_syn_2.clk (rising edge triggered by clock u_video/u_pll/u_output/ph1p_phy_pll_wrapper_25a56e5ce2f9_Inst/u_PH1P_PHY_PLL.clkc[0]  { rise@0.000000ns  fall@6.734000ns  period=13.468000 })
End Point           : u_video/u_phy/u1_lane_lvds_8_1/S_shift_data_reg[7]_syn_2.ie (rising edge triggered by clock u_video/u_pll/u_output/ph1p_phy_pll_wrapper_25a56e5ce2f9_Inst/u_PH1P_PHY_PLL.clkc[1]  { rise@0.000000ns  fall@1.346000ns  period=2.693000 })
Check Type          : hold
Process             : fast_25c
Budget              : 0.000ns { u_video/u_pll/u_output/ph1p_phy_pll_wrapper_25a56e5ce2f9_Inst/u_PH1P_PHY_PLL.clkc[0] rising@0.000ns - u_video/u_pll/u_output/ph1p_phy_pll_wrapper_25a56e5ce2f9_Inst/u_PH1P_PHY_PLL.clkc[1] rising@0.000ns }
Data Path Delay     : 0.355ns (cell 0.149ns (41%), net 0.206ns (59%))
Clock Skew          : 0.242ns
Logic Level         : 1 ( LUT2=1 )
Max Fanout          : 1
Clock Uncertainty   : 0.050ns (sdc uncertainty: 0.000ns, default uncertainty: 0.050ns)

Delay Type          Location             Incr           Path   Level  Netlist Info
--------------------------------------------------------------------  ---------------
source latency                          0.000          0.000               
port                C4                  0.000          0.000          pin: I_sys_clk
hierarchy                               0.000          0.000          pin: I_sys_clk_syn_2.ipad
HDIO                x033y078            0.745          0.745          pin: I_sys_clk_syn_2.sg09_di
HDIO                x033y078            0.236          0.981          pin: I_sys_clk_syn_2.di
net (fo=1)          x043y079            0.058          1.039          net: I_sys_clk_dup_1,  ../../../diagnostics/hdmi_positive/positive_top.v(54)
                                                                      pin: u_video/u_pll/u_ref/ph1p_phy_pll_wrapper_25a56e5ce2f9_Inst/u_PH1P_PHY_PLL.refclk
PLL                 x043y079            0.482          1.521          pin: u_video/u_pll/u_ref/ph1p_phy_pll_wrapper_25a56e5ce2f9_Inst/u_PH1P_PHY_PLL.clkc[0]
net (fo=1)                              0.418          1.939          net: u_video/u_pll/u_ref/clk0_buf,  ../../../user_source/hdl_source/native_hdmi_pll.v(32)
                                                                      pin: u_video/u_pll/u_ref/bufg_feedback.clkin[0]
GCLK                x023y039z16         0.009          1.948          pin: u_video/u_pll/u_ref/bufg_feedback.clkout
net (fo=1)                              0.195          2.143          net: u_video/u_pll/u_output/ph1p_phy_pll_wrapper_25a56e5ce2f9_Inst/refclk,  ../../../user_source/ip_source/PLL/RTL/ph1p_phy_pll_wrapper_25a56e5ce2f9.v(119)
                                                                      pin: u_video/u_pll/u_ref/bufg_feedback_auto_created_sclk_s_0_l_bk1.clkin
SCLK                x023y019z0          0.040          2.183          pin: u_video/u_pll/u_ref/bufg_feedback_auto_created_sclk_s_0_l_bk1.clkout
net (fo=1)          x000y039            0.170          2.353          net: u_video/u_pll/u_ref/bufg_feedback_auto_created_sclk_s_0_l_bk1_sclk_outnet,  NOFILE(0)
                                                                      pin: u_video/u_pll/u_output/ph1p_phy_pll_wrapper_25a56e5ce2f9_Inst/u_PH1P_PHY_PLL.refclk
PLL                 x000y039            0.482          2.835          pin: u_video/u_pll/u_output/ph1p_phy_pll_wrapper_25a56e5ce2f9_Inst/u_PH1P_PHY_PLL.clkc[0]
net (fo=1)                              0.412          3.247          net: u_video/u_pll/u_output/clk0_buf,  ../../../user_source/hdl_source/native_hdmi_pll.v(32)
                                                                      pin: u_video/u_pll/u_output/bufg_feedback.clkin[0]
GCLK                x023y039z1          0.009          3.256          pin: u_video/u_pll/u_output/bufg_feedback.clkout
net (fo=1)                              0.205          3.461          net: u_video/pixel,  ../../../diagnostics/hdmi_positive/positive_top.v(5)
                                                                      pin: u_video/u_pll/u_output/bufg_feedback_auto_created_sclk_s_1_r_bk2.clkin
SCLK                x023y059z13         0.040          3.501          pin: u_video/u_pll/u_output/bufg_feedback_auto_created_sclk_s_1_r_bk2.clkout
net (fo=36)                             0.328          3.829          net: u_video/u_pll/u_output/bufg_feedback_auto_created_sclk_s_1_r_bk2_sclk_outnet,  NOFILE(0)
                                                                      pin: u_video/u_green/symbol_reg[8]_syn_2.clk
launch edge                             0.000    r     3.829               
--------------------------------------------------------------------  ---------------
clk2q               x035y048z6          0.081    f     3.910          pin: u_video/u_green/symbol_reg[8]_syn_2.oqa
net (fo=1)                              0.206          4.116          net: u_video/u_phy/u1_lane_lvds_8_1/I_data_in[1],  ../../../user_source/hdl_source/lane_lvds_10_1.v(11)
                                                                      pin: u_video/u_phy/u1_lane_lvds_8_1/S_shift_data_reg[7]_syn_2.ie
LUT2 (reg)          x035y050z2          0.068    f     4.184       1  net: u_video/u_phy/u1_lane_lvds_8_1/S_shift_data[1],  ../../../user_source/hdl_source/lane_lvds_10_1.v(22)
--------------------------------------------------------------------  ---------------
Arrival                                                4.184               

source latency                          0.000          0.000               
port                C4                  0.000          0.000          pin: I_sys_clk
hierarchy                               0.000          0.000          pin: I_sys_clk_syn_2.ipad
HDIO                x033y078            0.810          0.810          pin: I_sys_clk_syn_2.sg09_di
HDIO                x033y078            0.257          1.067          pin: I_sys_clk_syn_2.di
net (fo=1)          x043y079            0.068          1.135          net: I_sys_clk_dup_1,  ../../../diagnostics/hdmi_positive/positive_top.v(54)
                                                                      pin: u_video/u_pll/u_ref/ph1p_phy_pll_wrapper_25a56e5ce2f9_Inst/u_PH1P_PHY_PLL.refclk
PLL                 x043y079            0.566          1.701          pin: u_video/u_pll/u_ref/ph1p_phy_pll_wrapper_25a56e5ce2f9_Inst/u_PH1P_PHY_PLL.clkc[0]
net (fo=1)                              0.488          2.189          net: u_video/u_pll/u_ref/clk0_buf,  ../../../user_source/hdl_source/native_hdmi_pll.v(32)
                                                                      pin: u_video/u_pll/u_ref/bufg_feedback.clkin[0]
GCLK                x023y039z16         0.010          2.199          pin: u_video/u_pll/u_ref/bufg_feedback.clkout
net (fo=1)                              0.227          2.426          net: u_video/u_pll/u_output/ph1p_phy_pll_wrapper_25a56e5ce2f9_Inst/refclk,  ../../../user_source/ip_source/PLL/RTL/ph1p_phy_pll_wrapper_25a56e5ce2f9.v(119)
                                                                      pin: u_video/u_pll/u_ref/bufg_feedback_auto_created_sclk_s_0_l_bk1.clkin
SCLK                x023y019z0          0.047          2.473          pin: u_video/u_pll/u_ref/bufg_feedback_auto_created_sclk_s_0_l_bk1.clkout
net (fo=1)          x000y039            0.199          2.672          net: u_video/u_pll/u_ref/bufg_feedback_auto_created_sclk_s_0_l_bk1_sclk_outnet,  NOFILE(0)
                                                                      pin: u_video/u_pll/u_output/ph1p_phy_pll_wrapper_25a56e5ce2f9_Inst/u_PH1P_PHY_PLL.refclk
PLL                 x000y039            0.567          3.239          pin: u_video/u_pll/u_output/ph1p_phy_pll_wrapper_25a56e5ce2f9_Inst/u_PH1P_PHY_PLL.clkc[1]
net (fo=1)                              0.479          3.718          net: u_video/u_phy/u0_lane_lvds_8_1/I_serial_clk,  ../../../user_source/hdl_source/lane_lvds_10_1.v(8)
                                                                      pin: u_video/u_phy/u0_lane_lvds_8_1/I_serial_clk_created_gclkinst.clkin[0]
GCLK                x023y039z0          0.010          3.728          pin: u_video/u_phy/u0_lane_lvds_8_1/I_serial_clk_created_gclkinst.clkout
net (fo=1)                              0.239          3.967          net: u_video/u_phy/u0_lane_lvds_8_1/I_serial_clk_syn_1,  ../../../user_source/hdl_source/lane_lvds_10_1.v(8)
                                                                      pin: u_video/u_phy/u0_lane_lvds_8_1/I_serial_clk_created_gclkinst_auto_created_sclk_s_1_r_bk1.clkin
SCLK                x023y059z12         0.047          4.014          pin: u_video/u_phy/u0_lane_lvds_8_1/I_serial_clk_created_gclkinst_auto_created_sclk_s_1_r_bk1.clkout
net (fo=37)                             0.376          4.390          net: u_video/u_phy/u0_lane_lvds_8_1/I_serial_clk_created_gclkinst_auto_created_sclk_s_1_r_bk1_sclk_outnet,  NOFILE(0)
                                                                      pin: u_video/u_phy/u1_lane_lvds_8_1/S_shift_data_reg[7]_syn_2.clk
capture edge                            0.000    r     4.390               
--------------------------------------------------------------------  ---------------
hold                                    0.025          4.415               
clock uncertainty                       0.050          4.465               
clock pessimism                        -0.319          4.146               
--------------------------------------------------------------------  ---------------
Required                                               4.146               
--------------------------------------------------------------------  ---------------
Slack                                                  0.038               

Slack               : 0.040ns
Begin Point         : u_video/u_red/symbol_reg[0]_syn_2.clk (rising edge triggered by clock u_video/u_pll/u_output/ph1p_phy_pll_wrapper_25a56e5ce2f9_Inst/u_PH1P_PHY_PLL.clkc[0]  { rise@0.000000ns  fall@6.734000ns  period=13.468000 })
End Point           : u_video/u_phy/u2_lane_lvds_8_1/S_shift_data_reg[9]_syn_2.id (rising edge triggered by clock u_video/u_pll/u_output/ph1p_phy_pll_wrapper_25a56e5ce2f9_Inst/u_PH1P_PHY_PLL.clkc[1]  { rise@0.000000ns  fall@1.346000ns  period=2.693000 })
Check Type          : hold
Process             : fast_25c
Budget              : 0.000ns { u_video/u_pll/u_output/ph1p_phy_pll_wrapper_25a56e5ce2f9_Inst/u_PH1P_PHY_PLL.clkc[0] rising@0.000ns - u_video/u_pll/u_output/ph1p_phy_pll_wrapper_25a56e5ce2f9_Inst/u_PH1P_PHY_PLL.clkc[1] rising@0.000ns }
Data Path Delay     : 0.355ns (cell 0.187ns (52%), net 0.168ns (48%))
Clock Skew          : 0.240ns
Logic Level         : 1 ( LUT3=1 )
Max Fanout          : 3
Clock Uncertainty   : 0.050ns (sdc uncertainty: 0.000ns, default uncertainty: 0.050ns)

Delay Type          Location             Incr           Path   Level  Netlist Info
--------------------------------------------------------------------  ---------------
source latency                          0.000          0.000               
port                C4                  0.000          0.000          pin: I_sys_clk
hierarchy                               0.000          0.000          pin: I_sys_clk_syn_2.ipad
HDIO                x033y078            0.745          0.745          pin: I_sys_clk_syn_2.sg09_di
HDIO                x033y078            0.236          0.981          pin: I_sys_clk_syn_2.di
net (fo=1)          x043y079            0.058          1.039          net: I_sys_clk_dup_1,  ../../../diagnostics/hdmi_positive/positive_top.v(54)
                                                                      pin: u_video/u_pll/u_ref/ph1p_phy_pll_wrapper_25a56e5ce2f9_Inst/u_PH1P_PHY_PLL.refclk
PLL                 x043y079            0.482          1.521          pin: u_video/u_pll/u_ref/ph1p_phy_pll_wrapper_25a56e5ce2f9_Inst/u_PH1P_PHY_PLL.clkc[0]
net (fo=1)                              0.418          1.939          net: u_video/u_pll/u_ref/clk0_buf,  ../../../user_source/hdl_source/native_hdmi_pll.v(32)
                                                                      pin: u_video/u_pll/u_ref/bufg_feedback.clkin[0]
GCLK                x023y039z16         0.009          1.948          pin: u_video/u_pll/u_ref/bufg_feedback.clkout
net (fo=1)                              0.195          2.143          net: u_video/u_pll/u_output/ph1p_phy_pll_wrapper_25a56e5ce2f9_Inst/refclk,  ../../../user_source/ip_source/PLL/RTL/ph1p_phy_pll_wrapper_25a56e5ce2f9.v(119)
                                                                      pin: u_video/u_pll/u_ref/bufg_feedback_auto_created_sclk_s_0_l_bk1.clkin
SCLK                x023y019z0          0.040          2.183          pin: u_video/u_pll/u_ref/bufg_feedback_auto_created_sclk_s_0_l_bk1.clkout
net (fo=1)          x000y039            0.170          2.353          net: u_video/u_pll/u_ref/bufg_feedback_auto_created_sclk_s_0_l_bk1_sclk_outnet,  NOFILE(0)
                                                                      pin: u_video/u_pll/u_output/ph1p_phy_pll_wrapper_25a56e5ce2f9_Inst/u_PH1P_PHY_PLL.refclk
PLL                 x000y039            0.482          2.835          pin: u_video/u_pll/u_output/ph1p_phy_pll_wrapper_25a56e5ce2f9_Inst/u_PH1P_PHY_PLL.clkc[0]
net (fo=1)                              0.412          3.247          net: u_video/u_pll/u_output/clk0_buf,  ../../../user_source/hdl_source/native_hdmi_pll.v(32)
                                                                      pin: u_video/u_pll/u_output/bufg_feedback.clkin[0]
GCLK                x023y039z1          0.009          3.256          pin: u_video/u_pll/u_output/bufg_feedback.clkout
net (fo=1)                              0.205          3.461          net: u_video/pixel,  ../../../diagnostics/hdmi_positive/positive_top.v(5)
                                                                      pin: u_video/u_pll/u_output/bufg_feedback_auto_created_sclk_s_1_r_bk2.clkin
SCLK                x023y059z13         0.040          3.501          pin: u_video/u_pll/u_output/bufg_feedback_auto_created_sclk_s_1_r_bk2.clkout
net (fo=36)                             0.329          3.830          net: u_video/u_pll/u_output/bufg_feedback_auto_created_sclk_s_1_r_bk2_sclk_outnet,  NOFILE(0)
                                                                      pin: u_video/u_red/symbol_reg[0]_syn_2.clk
launch edge                             0.000    r     3.830               
--------------------------------------------------------------------  ---------------
clk2q               x036y047z1          0.081    f     3.911          pin: u_video/u_red/symbol_reg[0]_syn_2.oqa
net (fo=3)                              0.168          4.079          net: u_video/u_phy/u2_lane_lvds_8_1/I_data_in[9],  ../../../user_source/hdl_source/lane_lvds_10_1.v(11)
                                                                      pin: u_video/u_phy/u2_lane_lvds_8_1/S_shift_data_reg[9]_syn_2.id
LUT3 (reg)          x036y050z5          0.106    f     4.185       1  net: u_video/u_phy/u2_lane_lvds_8_1/S_shift_data[6],  ../../../user_source/hdl_source/lane_lvds_10_1.v(22)
--------------------------------------------------------------------  ---------------
Arrival                                                4.185               

source latency                          0.000          0.000               
port                C4                  0.000          0.000          pin: I_sys_clk
hierarchy                               0.000          0.000          pin: I_sys_clk_syn_2.ipad
HDIO                x033y078            0.810          0.810          pin: I_sys_clk_syn_2.sg09_di
HDIO                x033y078            0.257          1.067          pin: I_sys_clk_syn_2.di
net (fo=1)          x043y079            0.068          1.135          net: I_sys_clk_dup_1,  ../../../diagnostics/hdmi_positive/positive_top.v(54)
                                                                      pin: u_video/u_pll/u_ref/ph1p_phy_pll_wrapper_25a56e5ce2f9_Inst/u_PH1P_PHY_PLL.refclk
PLL                 x043y079            0.566          1.701          pin: u_video/u_pll/u_ref/ph1p_phy_pll_wrapper_25a56e5ce2f9_Inst/u_PH1P_PHY_PLL.clkc[0]
net (fo=1)                              0.488          2.189          net: u_video/u_pll/u_ref/clk0_buf,  ../../../user_source/hdl_source/native_hdmi_pll.v(32)
                                                                      pin: u_video/u_pll/u_ref/bufg_feedback.clkin[0]
GCLK                x023y039z16         0.010          2.199          pin: u_video/u_pll/u_ref/bufg_feedback.clkout
net (fo=1)                              0.227          2.426          net: u_video/u_pll/u_output/ph1p_phy_pll_wrapper_25a56e5ce2f9_Inst/refclk,  ../../../user_source/ip_source/PLL/RTL/ph1p_phy_pll_wrapper_25a56e5ce2f9.v(119)
                                                                      pin: u_video/u_pll/u_ref/bufg_feedback_auto_created_sclk_s_0_l_bk1.clkin
SCLK                x023y019z0          0.047          2.473          pin: u_video/u_pll/u_ref/bufg_feedback_auto_created_sclk_s_0_l_bk1.clkout
net (fo=1)          x000y039            0.199          2.672          net: u_video/u_pll/u_ref/bufg_feedback_auto_created_sclk_s_0_l_bk1_sclk_outnet,  NOFILE(0)
                                                                      pin: u_video/u_pll/u_output/ph1p_phy_pll_wrapper_25a56e5ce2f9_Inst/u_PH1P_PHY_PLL.refclk
PLL                 x000y039            0.567          3.239          pin: u_video/u_pll/u_output/ph1p_phy_pll_wrapper_25a56e5ce2f9_Inst/u_PH1P_PHY_PLL.clkc[1]
net (fo=1)                              0.479          3.718          net: u_video/u_phy/u0_lane_lvds_8_1/I_serial_clk,  ../../../user_source/hdl_source/lane_lvds_10_1.v(8)
                                                                      pin: u_video/u_phy/u0_lane_lvds_8_1/I_serial_clk_created_gclkinst.clkin[0]
GCLK                x023y039z0          0.010          3.728          pin: u_video/u_phy/u0_lane_lvds_8_1/I_serial_clk_created_gclkinst.clkout
net (fo=1)                              0.239          3.967          net: u_video/u_phy/u0_lane_lvds_8_1/I_serial_clk_syn_1,  ../../../user_source/hdl_source/lane_lvds_10_1.v(8)
                                                                      pin: u_video/u_phy/u0_lane_lvds_8_1/I_serial_clk_created_gclkinst_auto_created_sclk_s_1_r_bk1.clkin
SCLK                x023y059z12         0.047          4.014          pin: u_video/u_phy/u0_lane_lvds_8_1/I_serial_clk_created_gclkinst_auto_created_sclk_s_1_r_bk1.clkout
net (fo=37)                             0.375          4.389          net: u_video/u_phy/u0_lane_lvds_8_1/I_serial_clk_created_gclkinst_auto_created_sclk_s_1_r_bk1_sclk_outnet,  NOFILE(0)
                                                                      pin: u_video/u_phy/u2_lane_lvds_8_1/S_shift_data_reg[9]_syn_2.clk
capture edge                            0.000    r     4.389               
--------------------------------------------------------------------  ---------------
hold                                    0.025          4.414               
clock uncertainty                       0.050          4.464               
clock pessimism                        -0.319          4.145               
--------------------------------------------------------------------  ---------------
Required                                               4.145               
--------------------------------------------------------------------  ---------------
Slack                                                  0.040               

Slack               : 0.040ns
Begin Point         : u_video/u_red/symbol_reg[0]_syn_2.clk (rising edge triggered by clock u_video/u_pll/u_output/ph1p_phy_pll_wrapper_25a56e5ce2f9_Inst/u_PH1P_PHY_PLL.clkc[0]  { rise@0.000000ns  fall@6.734000ns  period=13.468000 })
End Point           : u_video/u_phy/u2_lane_lvds_8_1/S_shift_data_reg[8]_syn_2.id (rising edge triggered by clock u_video/u_pll/u_output/ph1p_phy_pll_wrapper_25a56e5ce2f9_Inst/u_PH1P_PHY_PLL.clkc[1]  { rise@0.000000ns  fall@1.346000ns  period=2.693000 })
Check Type          : hold
Process             : fast_25c
Budget              : 0.000ns { u_video/u_pll/u_output/ph1p_phy_pll_wrapper_25a56e5ce2f9_Inst/u_PH1P_PHY_PLL.clkc[0] rising@0.000ns - u_video/u_pll/u_output/ph1p_phy_pll_wrapper_25a56e5ce2f9_Inst/u_PH1P_PHY_PLL.clkc[1] rising@0.000ns }
Data Path Delay     : 0.355ns (cell 0.187ns (52%), net 0.168ns (48%))
Clock Skew          : 0.240ns
Logic Level         : 1 ( LUT3=1 )
Max Fanout          : 3
Clock Uncertainty   : 0.050ns (sdc uncertainty: 0.000ns, default uncertainty: 0.050ns)

Delay Type          Location             Incr           Path   Level  Netlist Info
--------------------------------------------------------------------  ---------------
source latency                          0.000          0.000               
port                C4                  0.000          0.000          pin: I_sys_clk
hierarchy                               0.000          0.000          pin: I_sys_clk_syn_2.ipad
HDIO                x033y078            0.745          0.745          pin: I_sys_clk_syn_2.sg09_di
HDIO                x033y078            0.236          0.981          pin: I_sys_clk_syn_2.di
net (fo=1)          x043y079            0.058          1.039          net: I_sys_clk_dup_1,  ../../../diagnostics/hdmi_positive/positive_top.v(54)
                                                                      pin: u_video/u_pll/u_ref/ph1p_phy_pll_wrapper_25a56e5ce2f9_Inst/u_PH1P_PHY_PLL.refclk
PLL                 x043y079            0.482          1.521          pin: u_video/u_pll/u_ref/ph1p_phy_pll_wrapper_25a56e5ce2f9_Inst/u_PH1P_PHY_PLL.clkc[0]
net (fo=1)                              0.418          1.939          net: u_video/u_pll/u_ref/clk0_buf,  ../../../user_source/hdl_source/native_hdmi_pll.v(32)
                                                                      pin: u_video/u_pll/u_ref/bufg_feedback.clkin[0]
GCLK                x023y039z16         0.009          1.948          pin: u_video/u_pll/u_ref/bufg_feedback.clkout
net (fo=1)                              0.195          2.143          net: u_video/u_pll/u_output/ph1p_phy_pll_wrapper_25a56e5ce2f9_Inst/refclk,  ../../../user_source/ip_source/PLL/RTL/ph1p_phy_pll_wrapper_25a56e5ce2f9.v(119)
                                                                      pin: u_video/u_pll/u_ref/bufg_feedback_auto_created_sclk_s_0_l_bk1.clkin
SCLK                x023y019z0          0.040          2.183          pin: u_video/u_pll/u_ref/bufg_feedback_auto_created_sclk_s_0_l_bk1.clkout
net (fo=1)          x000y039            0.170          2.353          net: u_video/u_pll/u_ref/bufg_feedback_auto_created_sclk_s_0_l_bk1_sclk_outnet,  NOFILE(0)
                                                                      pin: u_video/u_pll/u_output/ph1p_phy_pll_wrapper_25a56e5ce2f9_Inst/u_PH1P_PHY_PLL.refclk
PLL                 x000y039            0.482          2.835          pin: u_video/u_pll/u_output/ph1p_phy_pll_wrapper_25a56e5ce2f9_Inst/u_PH1P_PHY_PLL.clkc[0]
net (fo=1)                              0.412          3.247          net: u_video/u_pll/u_output/clk0_buf,  ../../../user_source/hdl_source/native_hdmi_pll.v(32)
                                                                      pin: u_video/u_pll/u_output/bufg_feedback.clkin[0]
GCLK                x023y039z1          0.009          3.256          pin: u_video/u_pll/u_output/bufg_feedback.clkout
net (fo=1)                              0.205          3.461          net: u_video/pixel,  ../../../diagnostics/hdmi_positive/positive_top.v(5)
                                                                      pin: u_video/u_pll/u_output/bufg_feedback_auto_created_sclk_s_1_r_bk2.clkin
SCLK                x023y059z13         0.040          3.501          pin: u_video/u_pll/u_output/bufg_feedback_auto_created_sclk_s_1_r_bk2.clkout
net (fo=36)                             0.329          3.830          net: u_video/u_pll/u_output/bufg_feedback_auto_created_sclk_s_1_r_bk2_sclk_outnet,  NOFILE(0)
                                                                      pin: u_video/u_red/symbol_reg[0]_syn_2.clk
launch edge                             0.000    r     3.830               
--------------------------------------------------------------------  ---------------
clk2q               x036y047z1          0.081    f     3.911          pin: u_video/u_red/symbol_reg[0]_syn_2.oqa
net (fo=3)                              0.168          4.079          net: u_video/u_phy/u2_lane_lvds_8_1/I_data_in[9],  ../../../user_source/hdl_source/lane_lvds_10_1.v(11)
                                                                      pin: u_video/u_phy/u2_lane_lvds_8_1/S_shift_data_reg[8]_syn_2.id
LUT3 (reg)          x036y050z4          0.106    f     4.185       1  net: u_video/u_phy/u2_lane_lvds_8_1/S_shift_data[2],  ../../../user_source/hdl_source/lane_lvds_10_1.v(22)
--------------------------------------------------------------------  ---------------
Arrival                                                4.185               

source latency                          0.000          0.000               
port                C4                  0.000          0.000          pin: I_sys_clk
hierarchy                               0.000          0.000          pin: I_sys_clk_syn_2.ipad
HDIO                x033y078            0.810          0.810          pin: I_sys_clk_syn_2.sg09_di
HDIO                x033y078            0.257          1.067          pin: I_sys_clk_syn_2.di
net (fo=1)          x043y079            0.068          1.135          net: I_sys_clk_dup_1,  ../../../diagnostics/hdmi_positive/positive_top.v(54)
                                                                      pin: u_video/u_pll/u_ref/ph1p_phy_pll_wrapper_25a56e5ce2f9_Inst/u_PH1P_PHY_PLL.refclk
PLL                 x043y079            0.566          1.701          pin: u_video/u_pll/u_ref/ph1p_phy_pll_wrapper_25a56e5ce2f9_Inst/u_PH1P_PHY_PLL.clkc[0]
net (fo=1)                              0.488          2.189          net: u_video/u_pll/u_ref/clk0_buf,  ../../../user_source/hdl_source/native_hdmi_pll.v(32)
                                                                      pin: u_video/u_pll/u_ref/bufg_feedback.clkin[0]
GCLK                x023y039z16         0.010          2.199          pin: u_video/u_pll/u_ref/bufg_feedback.clkout
net (fo=1)                              0.227          2.426          net: u_video/u_pll/u_output/ph1p_phy_pll_wrapper_25a56e5ce2f9_Inst/refclk,  ../../../user_source/ip_source/PLL/RTL/ph1p_phy_pll_wrapper_25a56e5ce2f9.v(119)
                                                                      pin: u_video/u_pll/u_ref/bufg_feedback_auto_created_sclk_s_0_l_bk1.clkin
SCLK                x023y019z0          0.047          2.473          pin: u_video/u_pll/u_ref/bufg_feedback_auto_created_sclk_s_0_l_bk1.clkout
net (fo=1)          x000y039            0.199          2.672          net: u_video/u_pll/u_ref/bufg_feedback_auto_created_sclk_s_0_l_bk1_sclk_outnet,  NOFILE(0)
                                                                      pin: u_video/u_pll/u_output/ph1p_phy_pll_wrapper_25a56e5ce2f9_Inst/u_PH1P_PHY_PLL.refclk
PLL                 x000y039            0.567          3.239          pin: u_video/u_pll/u_output/ph1p_phy_pll_wrapper_25a56e5ce2f9_Inst/u_PH1P_PHY_PLL.clkc[1]
net (fo=1)                              0.479          3.718          net: u_video/u_phy/u0_lane_lvds_8_1/I_serial_clk,  ../../../user_source/hdl_source/lane_lvds_10_1.v(8)
                                                                      pin: u_video/u_phy/u0_lane_lvds_8_1/I_serial_clk_created_gclkinst.clkin[0]
GCLK                x023y039z0          0.010          3.728          pin: u_video/u_phy/u0_lane_lvds_8_1/I_serial_clk_created_gclkinst.clkout
net (fo=1)                              0.239          3.967          net: u_video/u_phy/u0_lane_lvds_8_1/I_serial_clk_syn_1,  ../../../user_source/hdl_source/lane_lvds_10_1.v(8)
                                                                      pin: u_video/u_phy/u0_lane_lvds_8_1/I_serial_clk_created_gclkinst_auto_created_sclk_s_1_r_bk1.clkin
SCLK                x023y059z12         0.047          4.014          pin: u_video/u_phy/u0_lane_lvds_8_1/I_serial_clk_created_gclkinst_auto_created_sclk_s_1_r_bk1.clkout
net (fo=37)                             0.375          4.389          net: u_video/u_phy/u0_lane_lvds_8_1/I_serial_clk_created_gclkinst_auto_created_sclk_s_1_r_bk1_sclk_outnet,  NOFILE(0)
                                                                      pin: u_video/u_phy/u2_lane_lvds_8_1/S_shift_data_reg[8]_syn_2.clk
capture edge                            0.000    r     4.389               
--------------------------------------------------------------------  ---------------
hold                                    0.025          4.414               
clock uncertainty                       0.050          4.464               
clock pessimism                        -0.319          4.145               
--------------------------------------------------------------------  ---------------
Required                                               4.145               
--------------------------------------------------------------------  ---------------
Slack                                                  0.040               

Slack               : 0.043ns
Begin Point         : u_video/u_blue/symbol_reg[8]_syn_2.clk (rising edge triggered by clock u_video/u_pll/u_output/ph1p_phy_pll_wrapper_25a56e5ce2f9_Inst/u_PH1P_PHY_PLL.clkc[0]  { rise@0.000000ns  fall@6.734000ns  period=13.468000 })
End Point           : u_video/u_phy/u0_lane_lvds_8_1/S_shift_data_reg[7]_syn_2.ic (rising edge triggered by clock u_video/u_pll/u_output/ph1p_phy_pll_wrapper_25a56e5ce2f9_Inst/u_PH1P_PHY_PLL.clkc[1]  { rise@0.000000ns  fall@1.346000ns  period=2.693000 })
Check Type          : hold
Process             : fast_25c
Budget              : 0.000ns { u_video/u_pll/u_output/ph1p_phy_pll_wrapper_25a56e5ce2f9_Inst/u_PH1P_PHY_PLL.clkc[0] rising@0.000ns - u_video/u_pll/u_output/ph1p_phy_pll_wrapper_25a56e5ce2f9_Inst/u_PH1P_PHY_PLL.clkc[1] rising@0.000ns }
Data Path Delay     : 0.358ns (cell 0.192ns (53%), net 0.166ns (47%))
Clock Skew          : 0.240ns
Logic Level         : 1 ( LUT3=1 )
Max Fanout          : 2
Clock Uncertainty   : 0.050ns (sdc uncertainty: 0.000ns, default uncertainty: 0.050ns)

Delay Type          Location             Incr           Path   Level  Netlist Info
--------------------------------------------------------------------  ---------------
source latency                          0.000          0.000               
port                C4                  0.000          0.000          pin: I_sys_clk
hierarchy                               0.000          0.000          pin: I_sys_clk_syn_2.ipad
HDIO                x033y078            0.745          0.745          pin: I_sys_clk_syn_2.sg09_di
HDIO                x033y078            0.236          0.981          pin: I_sys_clk_syn_2.di
net (fo=1)          x043y079            0.058          1.039          net: I_sys_clk_dup_1,  ../../../diagnostics/hdmi_positive/positive_top.v(54)
                                                                      pin: u_video/u_pll/u_ref/ph1p_phy_pll_wrapper_25a56e5ce2f9_Inst/u_PH1P_PHY_PLL.refclk
PLL                 x043y079            0.482          1.521          pin: u_video/u_pll/u_ref/ph1p_phy_pll_wrapper_25a56e5ce2f9_Inst/u_PH1P_PHY_PLL.clkc[0]
net (fo=1)                              0.418          1.939          net: u_video/u_pll/u_ref/clk0_buf,  ../../../user_source/hdl_source/native_hdmi_pll.v(32)
                                                                      pin: u_video/u_pll/u_ref/bufg_feedback.clkin[0]
GCLK                x023y039z16         0.009          1.948          pin: u_video/u_pll/u_ref/bufg_feedback.clkout
net (fo=1)                              0.195          2.143          net: u_video/u_pll/u_output/ph1p_phy_pll_wrapper_25a56e5ce2f9_Inst/refclk,  ../../../user_source/ip_source/PLL/RTL/ph1p_phy_pll_wrapper_25a56e5ce2f9.v(119)
                                                                      pin: u_video/u_pll/u_ref/bufg_feedback_auto_created_sclk_s_0_l_bk1.clkin
SCLK                x023y019z0          0.040          2.183          pin: u_video/u_pll/u_ref/bufg_feedback_auto_created_sclk_s_0_l_bk1.clkout
net (fo=1)          x000y039            0.170          2.353          net: u_video/u_pll/u_ref/bufg_feedback_auto_created_sclk_s_0_l_bk1_sclk_outnet,  NOFILE(0)
                                                                      pin: u_video/u_pll/u_output/ph1p_phy_pll_wrapper_25a56e5ce2f9_Inst/u_PH1P_PHY_PLL.refclk
PLL                 x000y039            0.482          2.835          pin: u_video/u_pll/u_output/ph1p_phy_pll_wrapper_25a56e5ce2f9_Inst/u_PH1P_PHY_PLL.clkc[0]
net (fo=1)                              0.412          3.247          net: u_video/u_pll/u_output/clk0_buf,  ../../../user_source/hdl_source/native_hdmi_pll.v(32)
                                                                      pin: u_video/u_pll/u_output/bufg_feedback.clkin[0]
GCLK                x023y039z1          0.009          3.256          pin: u_video/u_pll/u_output/bufg_feedback.clkout
net (fo=1)                              0.205          3.461          net: u_video/pixel,  ../../../diagnostics/hdmi_positive/positive_top.v(5)
                                                                      pin: u_video/u_pll/u_output/bufg_feedback_auto_created_sclk_s_1_r_bk2.clkin
SCLK                x023y059z13         0.040          3.501          pin: u_video/u_pll/u_output/bufg_feedback_auto_created_sclk_s_1_r_bk2.clkout
net (fo=36)                             0.329          3.830          net: u_video/u_pll/u_output/bufg_feedback_auto_created_sclk_s_1_r_bk2_sclk_outnet,  NOFILE(0)
                                                                      pin: u_video/u_blue/symbol_reg[8]_syn_2.clk
launch edge                             0.000    r     3.830               
--------------------------------------------------------------------  ---------------
clk2q               x036y048z6          0.085    f     3.915          pin: u_video/u_blue/symbol_reg[8]_syn_2.oqb
net (fo=2)                              0.166          4.081          net: u_video/u_phy/u0_lane_lvds_8_1/I_data_in[7],  ../../../user_source/hdl_source/lane_lvds_10_1.v(11)
                                                                      pin: u_video/u_phy/u0_lane_lvds_8_1/S_shift_data_reg[7]_syn_2.ic
LUT3 (reg)          x036y049z3          0.107    f     4.188       1  net: u_video/u_phy/u0_lane_lvds_8_1/S_shift_data[5],  ../../../user_source/hdl_source/lane_lvds_10_1.v(22)
--------------------------------------------------------------------  ---------------
Arrival                                                4.188               

source latency                          0.000          0.000               
port                C4                  0.000          0.000          pin: I_sys_clk
hierarchy                               0.000          0.000          pin: I_sys_clk_syn_2.ipad
HDIO                x033y078            0.810          0.810          pin: I_sys_clk_syn_2.sg09_di
HDIO                x033y078            0.257          1.067          pin: I_sys_clk_syn_2.di
net (fo=1)          x043y079            0.068          1.135          net: I_sys_clk_dup_1,  ../../../diagnostics/hdmi_positive/positive_top.v(54)
                                                                      pin: u_video/u_pll/u_ref/ph1p_phy_pll_wrapper_25a56e5ce2f9_Inst/u_PH1P_PHY_PLL.refclk
PLL                 x043y079            0.566          1.701          pin: u_video/u_pll/u_ref/ph1p_phy_pll_wrapper_25a56e5ce2f9_Inst/u_PH1P_PHY_PLL.clkc[0]
net (fo=1)                              0.488          2.189          net: u_video/u_pll/u_ref/clk0_buf,  ../../../user_source/hdl_source/native_hdmi_pll.v(32)
                                                                      pin: u_video/u_pll/u_ref/bufg_feedback.clkin[0]
GCLK                x023y039z16         0.010          2.199          pin: u_video/u_pll/u_ref/bufg_feedback.clkout
net (fo=1)                              0.227          2.426          net: u_video/u_pll/u_output/ph1p_phy_pll_wrapper_25a56e5ce2f9_Inst/refclk,  ../../../user_source/ip_source/PLL/RTL/ph1p_phy_pll_wrapper_25a56e5ce2f9.v(119)
                                                                      pin: u_video/u_pll/u_ref/bufg_feedback_auto_created_sclk_s_0_l_bk1.clkin
SCLK                x023y019z0          0.047          2.473          pin: u_video/u_pll/u_ref/bufg_feedback_auto_created_sclk_s_0_l_bk1.clkout
net (fo=1)          x000y039            0.199          2.672          net: u_video/u_pll/u_ref/bufg_feedback_auto_created_sclk_s_0_l_bk1_sclk_outnet,  NOFILE(0)
                                                                      pin: u_video/u_pll/u_output/ph1p_phy_pll_wrapper_25a56e5ce2f9_Inst/u_PH1P_PHY_PLL.refclk
PLL                 x000y039            0.567          3.239          pin: u_video/u_pll/u_output/ph1p_phy_pll_wrapper_25a56e5ce2f9_Inst/u_PH1P_PHY_PLL.clkc[1]
net (fo=1)                              0.479          3.718          net: u_video/u_phy/u0_lane_lvds_8_1/I_serial_clk,  ../../../user_source/hdl_source/lane_lvds_10_1.v(8)
                                                                      pin: u_video/u_phy/u0_lane_lvds_8_1/I_serial_clk_created_gclkinst.clkin[0]
GCLK                x023y039z0          0.010          3.728          pin: u_video/u_phy/u0_lane_lvds_8_1/I_serial_clk_created_gclkinst.clkout
net (fo=1)                              0.239          3.967          net: u_video/u_phy/u0_lane_lvds_8_1/I_serial_clk_syn_1,  ../../../user_source/hdl_source/lane_lvds_10_1.v(8)
                                                                      pin: u_video/u_phy/u0_lane_lvds_8_1/I_serial_clk_created_gclkinst_auto_created_sclk_s_1_r_bk1.clkin
SCLK                x023y059z12         0.047          4.014          pin: u_video/u_phy/u0_lane_lvds_8_1/I_serial_clk_created_gclkinst_auto_created_sclk_s_1_r_bk1.clkout
net (fo=37)                             0.375          4.389          net: u_video/u_phy/u0_lane_lvds_8_1/I_serial_clk_created_gclkinst_auto_created_sclk_s_1_r_bk1_sclk_outnet,  NOFILE(0)
                                                                      pin: u_video/u_phy/u0_lane_lvds_8_1/S_shift_data_reg[7]_syn_2.clk
capture edge                            0.000    r     4.389               
--------------------------------------------------------------------  ---------------
hold                                    0.025          4.414               
clock uncertainty                       0.050          4.464               
clock pessimism                        -0.319          4.145               
--------------------------------------------------------------------  ---------------
Required                                               4.145               
--------------------------------------------------------------------  ---------------
Slack                                                  0.043               

Slack               : 0.050ns
Begin Point         : u_video/u_red/symbol_reg[9]_syn_2.clk (rising edge triggered by clock u_video/u_pll/u_output/ph1p_phy_pll_wrapper_25a56e5ce2f9_Inst/u_PH1P_PHY_PLL.clkc[0]  { rise@0.000000ns  fall@6.734000ns  period=13.468000 })
End Point           : u_video/u_phy/u2_lane_lvds_8_1/S_shift_data_reg[0]_syn_2.id (rising edge triggered by clock u_video/u_pll/u_output/ph1p_phy_pll_wrapper_25a56e5ce2f9_Inst/u_PH1P_PHY_PLL.clkc[1]  { rise@0.000000ns  fall@1.346000ns  period=2.693000 })
Check Type          : hold
Process             : fast_m40c
Budget              : 0.000ns { u_video/u_pll/u_output/ph1p_phy_pll_wrapper_25a56e5ce2f9_Inst/u_PH1P_PHY_PLL.clkc[0] rising@0.000ns - u_video/u_pll/u_output/ph1p_phy_pll_wrapper_25a56e5ce2f9_Inst/u_PH1P_PHY_PLL.clkc[1] rising@0.000ns }
Data Path Delay     : 0.238ns (cell 0.120ns (50%), net 0.118ns (50%))
Clock Skew          : 0.126ns
Logic Level         : 1 ( LUT2=1 )
Max Fanout          : 1
Clock Uncertainty   : 0.050ns (sdc uncertainty: 0.000ns, default uncertainty: 0.050ns)

Delay Type          Location             Incr           Path   Level  Netlist Info
--------------------------------------------------------------------  ---------------
source latency                          0.000          0.000               
port                C4                  0.000          0.000          pin: I_sys_clk
hierarchy                               0.000          0.000          pin: I_sys_clk_syn_2.ipad
HDIO                x033y078            0.810          0.810          pin: I_sys_clk_syn_2.sg09_di
HDIO                x033y078            0.257          1.067          pin: I_sys_clk_syn_2.di
net (fo=1)          x043y079            0.040          1.107          net: I_sys_clk_dup_1,  ../../../diagnostics/hdmi_positive/positive_top.v(54)
                                                                      pin: u_video/u_pll/u_ref/ph1p_phy_pll_wrapper_25a56e5ce2f9_Inst/u_PH1P_PHY_PLL.refclk
PLL                 x043y079            0.367          1.474          pin: u_video/u_pll/u_ref/ph1p_phy_pll_wrapper_25a56e5ce2f9_Inst/u_PH1P_PHY_PLL.clkc[0]
net (fo=1)                              0.312          1.786          net: u_video/u_pll/u_ref/clk0_buf,  ../../../user_source/hdl_source/native_hdmi_pll.v(32)
                                                                      pin: u_video/u_pll/u_ref/bufg_feedback.clkin[0]
GCLK                x023y039z16         0.006          1.792          pin: u_video/u_pll/u_ref/bufg_feedback.clkout
net (fo=1)                              0.136          1.928          net: u_video/u_pll/u_output/ph1p_phy_pll_wrapper_25a56e5ce2f9_Inst/refclk,  ../../../user_source/ip_source/PLL/RTL/ph1p_phy_pll_wrapper_25a56e5ce2f9.v(119)
                                                                      pin: u_video/u_pll/u_ref/bufg_feedback_auto_created_sclk_s_0_l_bk1.clkin
SCLK                x023y019z0          0.025          1.953          pin: u_video/u_pll/u_ref/bufg_feedback_auto_created_sclk_s_0_l_bk1.clkout
net (fo=1)          x000y039            0.121          2.074          net: u_video/u_pll/u_ref/bufg_feedback_auto_created_sclk_s_0_l_bk1_sclk_outnet,  NOFILE(0)
                                                                      pin: u_video/u_pll/u_output/ph1p_phy_pll_wrapper_25a56e5ce2f9_Inst/u_PH1P_PHY_PLL.refclk
PLL                 x000y039            0.367          2.441          pin: u_video/u_pll/u_output/ph1p_phy_pll_wrapper_25a56e5ce2f9_Inst/u_PH1P_PHY_PLL.clkc[0]
net (fo=1)                              0.310          2.751          net: u_video/u_pll/u_output/clk0_buf,  ../../../user_source/hdl_source/native_hdmi_pll.v(32)
                                                                      pin: u_video/u_pll/u_output/bufg_feedback.clkin[0]
GCLK                x023y039z1          0.006          2.757          pin: u_video/u_pll/u_output/bufg_feedback.clkout
net (fo=1)                              0.146          2.903          net: u_video/pixel,  ../../../diagnostics/hdmi_positive/positive_top.v(5)
                                                                      pin: u_video/u_pll/u_output/bufg_feedback_auto_created_sclk_s_1_r_bk2.clkin
SCLK                x023y059z13         0.025          2.928          pin: u_video/u_pll/u_output/bufg_feedback_auto_created_sclk_s_1_r_bk2.clkout
net (fo=36)                             0.226          3.154          net: u_video/u_pll/u_output/bufg_feedback_auto_created_sclk_s_1_r_bk2_sclk_outnet,  NOFILE(0)
                                                                      pin: u_video/u_red/symbol_reg[9]_syn_2.clk
launch edge                             0.000    r     3.154               
--------------------------------------------------------------------  ---------------
clk2q               x036y047z7          0.062    f     3.216          pin: u_video/u_red/symbol_reg[9]_syn_2.oqa
net (fo=1)                              0.118          3.334          net: u_video/u_phy/u2_lane_lvds_8_1/I_data_in[0],  ../../../user_source/hdl_source/lane_lvds_10_1.v(11)
                                                                      pin: u_video/u_phy/u2_lane_lvds_8_1/S_shift_data_reg[0]_syn_2.id
LUT2 (reg)          x036y050z7          0.058    f     3.392       1  net: u_video/u_phy/u2_lane_lvds_8_1/S_shift_data[0],  ../../../user_source/hdl_source/lane_lvds_10_1.v(22)
--------------------------------------------------------------------  ---------------
Arrival                                                3.392               

source latency                          0.000          0.000               
port                C4                  0.000          0.000          pin: I_sys_clk
hierarchy                               0.000          0.000          pin: I_sys_clk_syn_2.ipad
HDIO                x033y078            0.915          0.915          pin: I_sys_clk_syn_2.sg09_di
HDIO                x033y078            0.290          1.205          pin: I_sys_clk_syn_2.di
net (fo=1)          x043y079            0.043          1.248          net: I_sys_clk_dup_1,  ../../../diagnostics/hdmi_positive/positive_top.v(54)
                                                                      pin: u_video/u_pll/u_ref/ph1p_phy_pll_wrapper_25a56e5ce2f9_Inst/u_PH1P_PHY_PLL.refclk
PLL                 x043y079            0.435          1.683          pin: u_video/u_pll/u_ref/ph1p_phy_pll_wrapper_25a56e5ce2f9_Inst/u_PH1P_PHY_PLL.clkc[0]
net (fo=1)                              0.339          2.022          net: u_video/u_pll/u_ref/clk0_buf,  ../../../user_source/hdl_source/native_hdmi_pll.v(32)
                                                                      pin: u_video/u_pll/u_ref/bufg_feedback.clkin[0]
GCLK                x023y039z16         0.007          2.029          pin: u_video/u_pll/u_ref/bufg_feedback.clkout
net (fo=1)                              0.148          2.177          net: u_video/u_pll/u_output/ph1p_phy_pll_wrapper_25a56e5ce2f9_Inst/refclk,  ../../../user_source/ip_source/PLL/RTL/ph1p_phy_pll_wrapper_25a56e5ce2f9.v(119)
                                                                      pin: u_video/u_pll/u_ref/bufg_feedback_auto_created_sclk_s_0_l_bk1.clkin
SCLK                x023y019z0          0.030          2.207          pin: u_video/u_pll/u_ref/bufg_feedback_auto_created_sclk_s_0_l_bk1.clkout
net (fo=1)          x000y039            0.131          2.338          net: u_video/u_pll/u_ref/bufg_feedback_auto_created_sclk_s_0_l_bk1_sclk_outnet,  NOFILE(0)
                                                                      pin: u_video/u_pll/u_output/ph1p_phy_pll_wrapper_25a56e5ce2f9_Inst/u_PH1P_PHY_PLL.refclk
PLL                 x000y039            0.436          2.774          pin: u_video/u_pll/u_output/ph1p_phy_pll_wrapper_25a56e5ce2f9_Inst/u_PH1P_PHY_PLL.clkc[1]
net (fo=1)                              0.334          3.108          net: u_video/u_phy/u0_lane_lvds_8_1/I_serial_clk,  ../../../user_source/hdl_source/lane_lvds_10_1.v(8)
                                                                      pin: u_video/u_phy/u0_lane_lvds_8_1/I_serial_clk_created_gclkinst.clkin[0]
GCLK                x023y039z0          0.007          3.115          pin: u_video/u_phy/u0_lane_lvds_8_1/I_serial_clk_created_gclkinst.clkout
net (fo=1)                              0.155          3.270          net: u_video/u_phy/u0_lane_lvds_8_1/I_serial_clk_syn_1,  ../../../user_source/hdl_source/lane_lvds_10_1.v(8)
                                                                      pin: u_video/u_phy/u0_lane_lvds_8_1/I_serial_clk_created_gclkinst_auto_created_sclk_s_1_r_bk1.clkin
SCLK                x023y059z12         0.030          3.300          pin: u_video/u_phy/u0_lane_lvds_8_1/I_serial_clk_created_gclkinst_auto_created_sclk_s_1_r_bk1.clkout
net (fo=37)                             0.244          3.544          net: u_video/u_phy/u0_lane_lvds_8_1/I_serial_clk_created_gclkinst_auto_created_sclk_s_1_r_bk1_sclk_outnet,  NOFILE(0)
                                                                      pin: u_video/u_phy/u2_lane_lvds_8_1/S_shift_data_reg[0]_syn_2.clk
capture edge                            0.000    r     3.544               
--------------------------------------------------------------------  ---------------
hold                                    0.012          3.556               
clock uncertainty                       0.050          3.606               
clock pessimism                        -0.264          3.342               
--------------------------------------------------------------------  ---------------
Required                                               3.342               
--------------------------------------------------------------------  ---------------
Slack                                                  0.050               

Slack               : 0.059ns
Begin Point         : u_video/u_blue/symbol_reg[9]_syn_2.clk (rising edge triggered by clock u_video/u_pll/u_output/ph1p_phy_pll_wrapper_25a56e5ce2f9_Inst/u_PH1P_PHY_PLL.clkc[0]  { rise@0.000000ns  fall@6.734000ns  period=13.468000 })
End Point           : u_video/u_phy/u2_lane_lvds_8_1/S_shift_data_reg[1]_syn_2.id (rising edge triggered by clock u_video/u_pll/u_output/ph1p_phy_pll_wrapper_25a56e5ce2f9_Inst/u_PH1P_PHY_PLL.clkc[1]  { rise@0.000000ns  fall@1.346000ns  period=2.693000 })
Check Type          : hold
Process             : fast_m40c
Budget              : 0.000ns { u_video/u_pll/u_output/ph1p_phy_pll_wrapper_25a56e5ce2f9_Inst/u_PH1P_PHY_PLL.clkc[0] rising@0.000ns - u_video/u_pll/u_output/ph1p_phy_pll_wrapper_25a56e5ce2f9_Inst/u_PH1P_PHY_PLL.clkc[1] rising@0.000ns }
Data Path Delay     : 0.248ns (cell 0.123ns (49%), net 0.125ns (51%))
Clock Skew          : 0.127ns
Logic Level         : 1 ( LUT2=1 )
Max Fanout          : 1
Clock Uncertainty   : 0.050ns (sdc uncertainty: 0.000ns, default uncertainty: 0.050ns)

Delay Type          Location             Incr           Path   Level  Netlist Info
--------------------------------------------------------------------  ---------------
source latency                          0.000          0.000               
port                C4                  0.000          0.000          pin: I_sys_clk
hierarchy                               0.000          0.000          pin: I_sys_clk_syn_2.ipad
HDIO                x033y078            0.810          0.810          pin: I_sys_clk_syn_2.sg09_di
HDIO                x033y078            0.257          1.067          pin: I_sys_clk_syn_2.di
net (fo=1)          x043y079            0.040          1.107          net: I_sys_clk_dup_1,  ../../../diagnostics/hdmi_positive/positive_top.v(54)
                                                                      pin: u_video/u_pll/u_ref/ph1p_phy_pll_wrapper_25a56e5ce2f9_Inst/u_PH1P_PHY_PLL.refclk
PLL                 x043y079            0.367          1.474          pin: u_video/u_pll/u_ref/ph1p_phy_pll_wrapper_25a56e5ce2f9_Inst/u_PH1P_PHY_PLL.clkc[0]
net (fo=1)                              0.312          1.786          net: u_video/u_pll/u_ref/clk0_buf,  ../../../user_source/hdl_source/native_hdmi_pll.v(32)
                                                                      pin: u_video/u_pll/u_ref/bufg_feedback.clkin[0]
GCLK                x023y039z16         0.006          1.792          pin: u_video/u_pll/u_ref/bufg_feedback.clkout
net (fo=1)                              0.136          1.928          net: u_video/u_pll/u_output/ph1p_phy_pll_wrapper_25a56e5ce2f9_Inst/refclk,  ../../../user_source/ip_source/PLL/RTL/ph1p_phy_pll_wrapper_25a56e5ce2f9.v(119)
                                                                      pin: u_video/u_pll/u_ref/bufg_feedback_auto_created_sclk_s_0_l_bk1.clkin
SCLK                x023y019z0          0.025          1.953          pin: u_video/u_pll/u_ref/bufg_feedback_auto_created_sclk_s_0_l_bk1.clkout
net (fo=1)          x000y039            0.121          2.074          net: u_video/u_pll/u_ref/bufg_feedback_auto_created_sclk_s_0_l_bk1_sclk_outnet,  NOFILE(0)
                                                                      pin: u_video/u_pll/u_output/ph1p_phy_pll_wrapper_25a56e5ce2f9_Inst/u_PH1P_PHY_PLL.refclk
PLL                 x000y039            0.367          2.441          pin: u_video/u_pll/u_output/ph1p_phy_pll_wrapper_25a56e5ce2f9_Inst/u_PH1P_PHY_PLL.clkc[0]
net (fo=1)                              0.310          2.751          net: u_video/u_pll/u_output/clk0_buf,  ../../../user_source/hdl_source/native_hdmi_pll.v(32)
                                                                      pin: u_video/u_pll/u_output/bufg_feedback.clkin[0]
GCLK                x023y039z1          0.006          2.757          pin: u_video/u_pll/u_output/bufg_feedback.clkout
net (fo=1)                              0.146          2.903          net: u_video/pixel,  ../../../diagnostics/hdmi_positive/positive_top.v(5)
                                                                      pin: u_video/u_pll/u_output/bufg_feedback_auto_created_sclk_s_1_r_bk2.clkin
SCLK                x023y059z13         0.025          2.928          pin: u_video/u_pll/u_output/bufg_feedback_auto_created_sclk_s_1_r_bk2.clkout
net (fo=36)                             0.226          3.154          net: u_video/u_pll/u_output/bufg_feedback_auto_created_sclk_s_1_r_bk2_sclk_outnet,  NOFILE(0)
                                                                      pin: u_video/u_blue/symbol_reg[9]_syn_2.clk
launch edge                             0.000    r     3.154               
--------------------------------------------------------------------  ---------------
clk2q               x036y048z2          0.065    r     3.219          pin: u_video/u_blue/symbol_reg[9]_syn_2.oqb
net (fo=1)                              0.125          3.344          net: u_video/u_phy/u2_lane_lvds_8_1/I_data_in[1],  ../../../user_source/hdl_source/lane_lvds_10_1.v(11)
                                                                      pin: u_video/u_phy/u2_lane_lvds_8_1/S_shift_data_reg[1]_syn_2.id
LUT2 (reg)          x035y050z4          0.058    f     3.402       1  net: u_video/u_phy/u2_lane_lvds_8_1/S_shift_data[1],  ../../../user_source/hdl_source/lane_lvds_10_1.v(22)
--------------------------------------------------------------------  ---------------
Arrival                                                3.402               

source latency                          0.000          0.000               
port                C4                  0.000          0.000          pin: I_sys_clk
hierarchy                               0.000          0.000          pin: I_sys_clk_syn_2.ipad
HDIO                x033y078            0.915          0.915          pin: I_sys_clk_syn_2.sg09_di
HDIO                x033y078            0.290          1.205          pin: I_sys_clk_syn_2.di
net (fo=1)          x043y079            0.043          1.248          net: I_sys_clk_dup_1,  ../../../diagnostics/hdmi_positive/positive_top.v(54)
                                                                      pin: u_video/u_pll/u_ref/ph1p_phy_pll_wrapper_25a56e5ce2f9_Inst/u_PH1P_PHY_PLL.refclk
PLL                 x043y079            0.435          1.683          pin: u_video/u_pll/u_ref/ph1p_phy_pll_wrapper_25a56e5ce2f9_Inst/u_PH1P_PHY_PLL.clkc[0]
net (fo=1)                              0.339          2.022          net: u_video/u_pll/u_ref/clk0_buf,  ../../../user_source/hdl_source/native_hdmi_pll.v(32)
                                                                      pin: u_video/u_pll/u_ref/bufg_feedback.clkin[0]
GCLK                x023y039z16         0.007          2.029          pin: u_video/u_pll/u_ref/bufg_feedback.clkout
net (fo=1)                              0.148          2.177          net: u_video/u_pll/u_output/ph1p_phy_pll_wrapper_25a56e5ce2f9_Inst/refclk,  ../../../user_source/ip_source/PLL/RTL/ph1p_phy_pll_wrapper_25a56e5ce2f9.v(119)
                                                                      pin: u_video/u_pll/u_ref/bufg_feedback_auto_created_sclk_s_0_l_bk1.clkin
SCLK                x023y019z0          0.030          2.207          pin: u_video/u_pll/u_ref/bufg_feedback_auto_created_sclk_s_0_l_bk1.clkout
net (fo=1)          x000y039            0.131          2.338          net: u_video/u_pll/u_ref/bufg_feedback_auto_created_sclk_s_0_l_bk1_sclk_outnet,  NOFILE(0)
                                                                      pin: u_video/u_pll/u_output/ph1p_phy_pll_wrapper_25a56e5ce2f9_Inst/u_PH1P_PHY_PLL.refclk
PLL                 x000y039            0.436          2.774          pin: u_video/u_pll/u_output/ph1p_phy_pll_wrapper_25a56e5ce2f9_Inst/u_PH1P_PHY_PLL.clkc[1]
net (fo=1)                              0.334          3.108          net: u_video/u_phy/u0_lane_lvds_8_1/I_serial_clk,  ../../../user_source/hdl_source/lane_lvds_10_1.v(8)
                                                                      pin: u_video/u_phy/u0_lane_lvds_8_1/I_serial_clk_created_gclkinst.clkin[0]
GCLK                x023y039z0          0.007          3.115          pin: u_video/u_phy/u0_lane_lvds_8_1/I_serial_clk_created_gclkinst.clkout
net (fo=1)                              0.155          3.270          net: u_video/u_phy/u0_lane_lvds_8_1/I_serial_clk_syn_1,  ../../../user_source/hdl_source/lane_lvds_10_1.v(8)
                                                                      pin: u_video/u_phy/u0_lane_lvds_8_1/I_serial_clk_created_gclkinst_auto_created_sclk_s_1_r_bk1.clkin
SCLK                x023y059z12         0.030          3.300          pin: u_video/u_phy/u0_lane_lvds_8_1/I_serial_clk_created_gclkinst_auto_created_sclk_s_1_r_bk1.clkout
net (fo=37)                             0.245          3.545          net: u_video/u_phy/u0_lane_lvds_8_1/I_serial_clk_created_gclkinst_auto_created_sclk_s_1_r_bk1_sclk_outnet,  NOFILE(0)
                                                                      pin: u_video/u_phy/u2_lane_lvds_8_1/S_shift_data_reg[1]_syn_2.clk
capture edge                            0.000    r     3.545               
--------------------------------------------------------------------  ---------------
hold                                    0.012          3.557               
clock uncertainty                       0.050          3.607               
clock pessimism                        -0.264          3.343               
--------------------------------------------------------------------  ---------------
Required                                               3.343               
--------------------------------------------------------------------  ---------------
Slack                                                  0.059               

Slack               : 0.060ns
Begin Point         : u_video/u_red/symbol_reg[9]_syn_2.clk (rising edge triggered by clock u_video/u_pll/u_output/ph1p_phy_pll_wrapper_25a56e5ce2f9_Inst/u_PH1P_PHY_PLL.clkc[0]  { rise@0.000000ns  fall@6.734000ns  period=13.468000 })
End Point           : u_video/u_phy/u2_lane_lvds_8_1/S_shift_data_reg[5]_syn_2.id (rising edge triggered by clock u_video/u_pll/u_output/ph1p_phy_pll_wrapper_25a56e5ce2f9_Inst/u_PH1P_PHY_PLL.clkc[1]  { rise@0.000000ns  fall@1.346000ns  period=2.693000 })
Check Type          : hold
Process             : fast_m40c
Budget              : 0.000ns { u_video/u_pll/u_output/ph1p_phy_pll_wrapper_25a56e5ce2f9_Inst/u_PH1P_PHY_PLL.clkc[0] rising@0.000ns - u_video/u_pll/u_output/ph1p_phy_pll_wrapper_25a56e5ce2f9_Inst/u_PH1P_PHY_PLL.clkc[1] rising@0.000ns }
Data Path Delay     : 0.249ns (cell 0.123ns (49%), net 0.126ns (51%))
Clock Skew          : 0.127ns
Logic Level         : 1 ( LUT3=1 )
Max Fanout          : 2
Clock Uncertainty   : 0.050ns (sdc uncertainty: 0.000ns, default uncertainty: 0.050ns)

Delay Type          Location             Incr           Path   Level  Netlist Info
--------------------------------------------------------------------  ---------------
source latency                          0.000          0.000               
port                C4                  0.000          0.000          pin: I_sys_clk
hierarchy                               0.000          0.000          pin: I_sys_clk_syn_2.ipad
HDIO                x033y078            0.810          0.810          pin: I_sys_clk_syn_2.sg09_di
HDIO                x033y078            0.257          1.067          pin: I_sys_clk_syn_2.di
net (fo=1)          x043y079            0.040          1.107          net: I_sys_clk_dup_1,  ../../../diagnostics/hdmi_positive/positive_top.v(54)
                                                                      pin: u_video/u_pll/u_ref/ph1p_phy_pll_wrapper_25a56e5ce2f9_Inst/u_PH1P_PHY_PLL.refclk
PLL                 x043y079            0.367          1.474          pin: u_video/u_pll/u_ref/ph1p_phy_pll_wrapper_25a56e5ce2f9_Inst/u_PH1P_PHY_PLL.clkc[0]
net (fo=1)                              0.312          1.786          net: u_video/u_pll/u_ref/clk0_buf,  ../../../user_source/hdl_source/native_hdmi_pll.v(32)
                                                                      pin: u_video/u_pll/u_ref/bufg_feedback.clkin[0]
GCLK                x023y039z16         0.006          1.792          pin: u_video/u_pll/u_ref/bufg_feedback.clkout
net (fo=1)                              0.136          1.928          net: u_video/u_pll/u_output/ph1p_phy_pll_wrapper_25a56e5ce2f9_Inst/refclk,  ../../../user_source/ip_source/PLL/RTL/ph1p_phy_pll_wrapper_25a56e5ce2f9.v(119)
                                                                      pin: u_video/u_pll/u_ref/bufg_feedback_auto_created_sclk_s_0_l_bk1.clkin
SCLK                x023y019z0          0.025          1.953          pin: u_video/u_pll/u_ref/bufg_feedback_auto_created_sclk_s_0_l_bk1.clkout
net (fo=1)          x000y039            0.121          2.074          net: u_video/u_pll/u_ref/bufg_feedback_auto_created_sclk_s_0_l_bk1_sclk_outnet,  NOFILE(0)
                                                                      pin: u_video/u_pll/u_output/ph1p_phy_pll_wrapper_25a56e5ce2f9_Inst/u_PH1P_PHY_PLL.refclk
PLL                 x000y039            0.367          2.441          pin: u_video/u_pll/u_output/ph1p_phy_pll_wrapper_25a56e5ce2f9_Inst/u_PH1P_PHY_PLL.clkc[0]
net (fo=1)                              0.310          2.751          net: u_video/u_pll/u_output/clk0_buf,  ../../../user_source/hdl_source/native_hdmi_pll.v(32)
                                                                      pin: u_video/u_pll/u_output/bufg_feedback.clkin[0]
GCLK                x023y039z1          0.006          2.757          pin: u_video/u_pll/u_output/bufg_feedback.clkout
net (fo=1)                              0.146          2.903          net: u_video/pixel,  ../../../diagnostics/hdmi_positive/positive_top.v(5)
                                                                      pin: u_video/u_pll/u_output/bufg_feedback_auto_created_sclk_s_1_r_bk2.clkin
SCLK                x023y059z13         0.025          2.928          pin: u_video/u_pll/u_output/bufg_feedback_auto_created_sclk_s_1_r_bk2.clkout
net (fo=36)                             0.226          3.154          net: u_video/u_pll/u_output/bufg_feedback_auto_created_sclk_s_1_r_bk2_sclk_outnet,  NOFILE(0)
                                                                      pin: u_video/u_red/symbol_reg[9]_syn_2.clk
launch edge                             0.000    r     3.154               
--------------------------------------------------------------------  ---------------
clk2q               x036y047z7          0.065    r     3.219          pin: u_video/u_red/symbol_reg[9]_syn_2.oqb
net (fo=2)                              0.126          3.345          net: u_video/u_phy/u2_lane_lvds_8_1/I_data_in[7],  ../../../user_source/hdl_source/lane_lvds_10_1.v(11)
                                                                      pin: u_video/u_phy/u2_lane_lvds_8_1/S_shift_data_reg[5]_syn_2.id
LUT3 (reg)          x035y050z1          0.058    f     3.403       1  net: u_video/u_phy/u2_lane_lvds_8_1/S_shift_data[5],  ../../../user_source/hdl_source/lane_lvds_10_1.v(22)
--------------------------------------------------------------------  ---------------
Arrival                                                3.403               

source latency                          0.000          0.000               
port                C4                  0.000          0.000          pin: I_sys_clk
hierarchy                               0.000          0.000          pin: I_sys_clk_syn_2.ipad
HDIO                x033y078            0.915          0.915          pin: I_sys_clk_syn_2.sg09_di
HDIO                x033y078            0.290          1.205          pin: I_sys_clk_syn_2.di
net (fo=1)          x043y079            0.043          1.248          net: I_sys_clk_dup_1,  ../../../diagnostics/hdmi_positive/positive_top.v(54)
                                                                      pin: u_video/u_pll/u_ref/ph1p_phy_pll_wrapper_25a56e5ce2f9_Inst/u_PH1P_PHY_PLL.refclk
PLL                 x043y079            0.435          1.683          pin: u_video/u_pll/u_ref/ph1p_phy_pll_wrapper_25a56e5ce2f9_Inst/u_PH1P_PHY_PLL.clkc[0]
net (fo=1)                              0.339          2.022          net: u_video/u_pll/u_ref/clk0_buf,  ../../../user_source/hdl_source/native_hdmi_pll.v(32)
                                                                      pin: u_video/u_pll/u_ref/bufg_feedback.clkin[0]
GCLK                x023y039z16         0.007          2.029          pin: u_video/u_pll/u_ref/bufg_feedback.clkout
net (fo=1)                              0.148          2.177          net: u_video/u_pll/u_output/ph1p_phy_pll_wrapper_25a56e5ce2f9_Inst/refclk,  ../../../user_source/ip_source/PLL/RTL/ph1p_phy_pll_wrapper_25a56e5ce2f9.v(119)
                                                                      pin: u_video/u_pll/u_ref/bufg_feedback_auto_created_sclk_s_0_l_bk1.clkin
SCLK                x023y019z0          0.030          2.207          pin: u_video/u_pll/u_ref/bufg_feedback_auto_created_sclk_s_0_l_bk1.clkout
net (fo=1)          x000y039            0.131          2.338          net: u_video/u_pll/u_ref/bufg_feedback_auto_created_sclk_s_0_l_bk1_sclk_outnet,  NOFILE(0)
                                                                      pin: u_video/u_pll/u_output/ph1p_phy_pll_wrapper_25a56e5ce2f9_Inst/u_PH1P_PHY_PLL.refclk
PLL                 x000y039            0.436          2.774          pin: u_video/u_pll/u_output/ph1p_phy_pll_wrapper_25a56e5ce2f9_Inst/u_PH1P_PHY_PLL.clkc[1]
net (fo=1)                              0.334          3.108          net: u_video/u_phy/u0_lane_lvds_8_1/I_serial_clk,  ../../../user_source/hdl_source/lane_lvds_10_1.v(8)
                                                                      pin: u_video/u_phy/u0_lane_lvds_8_1/I_serial_clk_created_gclkinst.clkin[0]
GCLK                x023y039z0          0.007          3.115          pin: u_video/u_phy/u0_lane_lvds_8_1/I_serial_clk_created_gclkinst.clkout
net (fo=1)                              0.155          3.270          net: u_video/u_phy/u0_lane_lvds_8_1/I_serial_clk_syn_1,  ../../../user_source/hdl_source/lane_lvds_10_1.v(8)
                                                                      pin: u_video/u_phy/u0_lane_lvds_8_1/I_serial_clk_created_gclkinst_auto_created_sclk_s_1_r_bk1.clkin
SCLK                x023y059z12         0.030          3.300          pin: u_video/u_phy/u0_lane_lvds_8_1/I_serial_clk_created_gclkinst_auto_created_sclk_s_1_r_bk1.clkout
net (fo=37)                             0.245          3.545          net: u_video/u_phy/u0_lane_lvds_8_1/I_serial_clk_created_gclkinst_auto_created_sclk_s_1_r_bk1_sclk_outnet,  NOFILE(0)
                                                                      pin: u_video/u_phy/u2_lane_lvds_8_1/S_shift_data_reg[5]_syn_2.clk
capture edge                            0.000    r     3.545               
--------------------------------------------------------------------  ---------------
hold                                    0.012          3.557               
clock uncertainty                       0.050          3.607               
clock pessimism                        -0.264          3.343               
--------------------------------------------------------------------  ---------------
Required                                               3.343               
--------------------------------------------------------------------  ---------------
Slack                                                  0.060               


----------------------------------------------------------------------------------------------------
Path Group     :     u_video/u_pll/u_output/ph1p_phy_pll_wrapper_25a56e5ce2f9_Inst/u_PH1P_PHY_PLL.clkc[1] -> u_video/u_pll/u_output/ph1p_phy_pll_wrapper_25a56e5ce2f9_Inst/u_PH1P_PHY_PLL.clkc[1]
Type           :     Self
From Clock     :     u_video/u_pll/u_output/ph1p_phy_pll_wrapper_25a56e5ce2f9_Inst/u_PH1P_PHY_PLL.clkc[1]
To Clock       :     u_video/u_pll/u_output/ph1p_phy_pll_wrapper_25a56e5ce2f9_Inst/u_PH1P_PHY_PLL.clkc[1]
Min Period     :     1.714ns
Fmax           :     583.431MHz

Statistics:
Max            : SWNS      0.979ns, STNS      0.000ns,         0 Viol Endpoints,        58 Total Endpoints,        90 Paths Analyzed
Min            : HWNS      0.054ns, HTNS      0.000ns,         0 Viol Endpoints,        58 Total Endpoints,        90 Paths Analyzed
----------------------------------------------------------------------------------------------------

Max Paths
----------------------------------------------------------------------------------------------------
Slack               : 0.979ns
Begin Point         : u_video/u_phy/u1_lane_lvds_8_1/S_oddr_data_reg[1]_syn_2.clk (rising edge triggered by clock u_video/u_pll/u_output/ph1p_phy_pll_wrapper_25a56e5ce2f9_Inst/u_PH1P_PHY_PLL.clkc[1]  { rise@0.000000ns  fall@1.346000ns  period=2.693000 })
End Point           : O_tmds_ch1_p_syn_2.doq[0] (rising edge triggered by clock u_video/u_pll/u_output/ph1p_phy_pll_wrapper_25a56e5ce2f9_Inst/u_PH1P_PHY_PLL.clkc[1]  { rise@0.000000ns  fall@1.346000ns  period=2.693000 })
Check Type          : setup
Process             : slow_m40c
Budget              : 2.693ns { u_video/u_pll/u_output/ph1p_phy_pll_wrapper_25a56e5ce2f9_Inst/u_PH1P_PHY_PLL.clkc[1] rising@2.693ns - u_video/u_pll/u_output/ph1p_phy_pll_wrapper_25a56e5ce2f9_Inst/u_PH1P_PHY_PLL.clkc[1] rising@0.000ns }
Data Path Delay     : 1.420ns (cell 0.126ns (8%), net 1.294ns (92%))
Clock Skew          : 0.220ns
Logic Level         : 0
Max Fanout          : 1
Clock Uncertainty   : 0.077ns (sdc uncertainty: 0.000ns, default uncertainty: 0.077ns)

Delay Type          Location             Incr           Path   Level  Netlist Info
--------------------------------------------------------------------  ---------------
source latency                          0.000          0.000               
port                C4                  0.000          0.000          pin: I_sys_clk
hierarchy                               0.000          0.000          pin: I_sys_clk_syn_2.ipad
HDIO                x033y078            0.810          0.810          pin: I_sys_clk_syn_2.sg09_di
HDIO                x033y078            0.684          1.494          pin: I_sys_clk_syn_2.di
net (fo=1)          x043y079            0.115          1.609          net: I_sys_clk_dup_1,  ../../../diagnostics/hdmi_positive/positive_top.v(54)
                                                                      pin: u_video/u_pll/u_ref/ph1p_phy_pll_wrapper_25a56e5ce2f9_Inst/u_PH1P_PHY_PLL.refclk
PLL                 x043y079            0.814          2.423          pin: u_video/u_pll/u_ref/ph1p_phy_pll_wrapper_25a56e5ce2f9_Inst/u_PH1P_PHY_PLL.clkc[0]
net (fo=1)                              0.830          3.253          net: u_video/u_pll/u_ref/clk0_buf,  ../../../user_source/hdl_source/native_hdmi_pll.v(32)
                                                                      pin: u_video/u_pll/u_ref/bufg_feedback.clkin[0]
GCLK                x023y039z16         0.016          3.269          pin: u_video/u_pll/u_ref/bufg_feedback.clkout
net (fo=1)                              0.375          3.644          net: u_video/u_pll/u_output/ph1p_phy_pll_wrapper_25a56e5ce2f9_Inst/refclk,  ../../../user_source/ip_source/PLL/RTL/ph1p_phy_pll_wrapper_25a56e5ce2f9.v(119)
                                                                      pin: u_video/u_pll/u_ref/bufg_feedback_auto_created_sclk_s_0_l_bk1.clkin
SCLK                x023y019z0          0.079          3.723          pin: u_video/u_pll/u_ref/bufg_feedback_auto_created_sclk_s_0_l_bk1.clkout
net (fo=1)          x000y039            0.299          4.022          net: u_video/u_pll/u_ref/bufg_feedback_auto_created_sclk_s_0_l_bk1_sclk_outnet,  NOFILE(0)
                                                                      pin: u_video/u_pll/u_output/ph1p_phy_pll_wrapper_25a56e5ce2f9_Inst/u_PH1P_PHY_PLL.refclk
PLL                 x000y039            0.818          4.840          pin: u_video/u_pll/u_output/ph1p_phy_pll_wrapper_25a56e5ce2f9_Inst/u_PH1P_PHY_PLL.clkc[1]
net (fo=1)                              0.805          5.645          net: u_video/u_phy/u0_lane_lvds_8_1/I_serial_clk,  ../../../user_source/hdl_source/lane_lvds_10_1.v(8)
                                                                      pin: u_video/u_phy/u0_lane_lvds_8_1/I_serial_clk_created_gclkinst.clkin[0]
GCLK                x023y039z0          0.016          5.661          pin: u_video/u_phy/u0_lane_lvds_8_1/I_serial_clk_created_gclkinst.clkout
net (fo=1)                              0.396          6.057          net: u_video/u_phy/u0_lane_lvds_8_1/I_serial_clk_syn_1,  ../../../user_source/hdl_source/lane_lvds_10_1.v(8)
                                                                      pin: u_video/u_phy/u0_lane_lvds_8_1/I_serial_clk_created_gclkinst_auto_created_sclk_s_1_r_bk1.clkin
SCLK                x023y059z12         0.079          6.136          pin: u_video/u_phy/u0_lane_lvds_8_1/I_serial_clk_created_gclkinst_auto_created_sclk_s_1_r_bk1.clkout
net (fo=37)                             0.637          6.773          net: u_video/u_phy/u0_lane_lvds_8_1/I_serial_clk_created_gclkinst_auto_created_sclk_s_1_r_bk1_sclk_outnet,  NOFILE(0)
                                                                      pin: u_video/u_phy/u1_lane_lvds_8_1/S_oddr_data_reg[1]_syn_2.clk
launch edge                             0.000    r     6.773               
--------------------------------------------------------------------  ---------------
clk2q               x035y051z5          0.126    f     6.899          pin: u_video/u_phy/u1_lane_lvds_8_1/S_oddr_data_reg[1]_syn_2.oqa
net (fo=1)                              1.294          8.193          net: u_video/u_phy/u1_lane_lvds_8_1/S_oddr_data[1],  ../../../user_source/hdl_source/lane_lvds_10_1.v(23)
                                                                      pin: O_tmds_ch1_p_syn_2.doq[0]
PAD (reg)           x043y053            0.000    f     8.193               
--------------------------------------------------------------------  ---------------
Arrival                                                8.193               

source latency                          0.000          0.000               
port                C4                  0.000          0.000          pin: I_sys_clk
hierarchy                               0.000          0.000          pin: I_sys_clk_syn_2.ipad
HDIO                x033y078            0.745          0.745          pin: I_sys_clk_syn_2.sg09_di
HDIO                x033y078            0.629          1.374          pin: I_sys_clk_syn_2.di
net (fo=1)          x043y079            0.099          1.473          net: I_sys_clk_dup_1,  ../../../diagnostics/hdmi_positive/positive_top.v(54)
                                                                      pin: u_video/u_pll/u_ref/ph1p_phy_pll_wrapper_25a56e5ce2f9_Inst/u_PH1P_PHY_PLL.refclk
PLL                 x043y079            0.703          2.176          pin: u_video/u_pll/u_ref/ph1p_phy_pll_wrapper_25a56e5ce2f9_Inst/u_PH1P_PHY_PLL.clkc[0]
net (fo=1)                              0.711          2.887          net: u_video/u_pll/u_ref/clk0_buf,  ../../../user_source/hdl_source/native_hdmi_pll.v(32)
                                                                      pin: u_video/u_pll/u_ref/bufg_feedback.clkin[0]
GCLK                x023y039z16         0.014          2.901          pin: u_video/u_pll/u_ref/bufg_feedback.clkout
net (fo=1)                              0.322          3.223          net: u_video/u_pll/u_output/ph1p_phy_pll_wrapper_25a56e5ce2f9_Inst/refclk,  ../../../user_source/ip_source/PLL/RTL/ph1p_phy_pll_wrapper_25a56e5ce2f9.v(119)
                                                                      pin: u_video/u_pll/u_ref/bufg_feedback_auto_created_sclk_s_0_l_bk1.clkin
SCLK                x023y019z0          0.068          3.291          pin: u_video/u_pll/u_ref/bufg_feedback_auto_created_sclk_s_0_l_bk1.clkout
net (fo=1)          x000y039            0.255          3.546          net: u_video/u_pll/u_ref/bufg_feedback_auto_created_sclk_s_0_l_bk1_sclk_outnet,  NOFILE(0)
                                                                      pin: u_video/u_pll/u_output/ph1p_phy_pll_wrapper_25a56e5ce2f9_Inst/u_PH1P_PHY_PLL.refclk
PLL                 x000y039            0.708          4.254          pin: u_video/u_pll/u_output/ph1p_phy_pll_wrapper_25a56e5ce2f9_Inst/u_PH1P_PHY_PLL.clkc[1]
net (fo=1)                              0.689          4.943          net: u_video/u_phy/u0_lane_lvds_8_1/I_serial_clk,  ../../../user_source/hdl_source/lane_lvds_10_1.v(8)
                                                                      pin: u_video/u_phy/u0_lane_lvds_8_1/I_serial_clk_created_gclkinst.clkin[0]
GCLK                x023y039z0          0.014          4.957          pin: u_video/u_phy/u0_lane_lvds_8_1/I_serial_clk_created_gclkinst.clkout
net (fo=1)                              0.339          5.296          net: u_video/u_phy/u0_lane_lvds_8_1/I_serial_clk_syn_1,  ../../../user_source/hdl_source/lane_lvds_10_1.v(8)
                                                                      pin: u_video/u_phy/u0_lane_lvds_8_1/I_serial_clk_created_gclkinst_auto_created_sclk_s_1_r_bk1.clkin
SCLK                x023y059z12         0.068          5.364          pin: u_video/u_phy/u0_lane_lvds_8_1/I_serial_clk_created_gclkinst_auto_created_sclk_s_1_r_bk1.clkout
net (fo=37)                             0.410          5.774          net: u_video/u_phy/u0_lane_lvds_8_1/I_serial_clk_created_gclkinst_auto_created_sclk_s_1_r_bk1_sclk_outnet,  NOFILE(0)
                                                                      pin: O_tmds_ch1_p_syn_2.opclk
capture edge                            2.693    r     8.467               
--------------------------------------------------------------------  ---------------
setup                                   0.003          8.470               
clock uncertainty                      -0.077          8.393               
clock pessimism                         0.779          9.172               
--------------------------------------------------------------------  ---------------
Required                                               9.172               
--------------------------------------------------------------------  ---------------
Slack                                                  0.979               

Slack               : 1.123ns
Begin Point         : u_video/u_phy/u0_lane_lvds_8_1/S_load_en_reg_syn_3.clk (rising edge triggered by clock u_video/u_pll/u_output/ph1p_phy_pll_wrapper_25a56e5ce2f9_Inst/u_PH1P_PHY_PLL.clkc[1]  { rise@0.000000ns  fall@1.346000ns  period=2.693000 })
End Point           : u_video/u_phy/u3_lane_lvds_8_1/S_shift_data_reg[0]_syn_2.ima (rising edge triggered by clock u_video/u_pll/u_output/ph1p_phy_pll_wrapper_25a56e5ce2f9_Inst/u_PH1P_PHY_PLL.clkc[1]  { rise@0.000000ns  fall@1.346000ns  period=2.693000 })
Check Type          : setup
Process             : slow_m40c
Budget              : 2.693ns { u_video/u_pll/u_output/ph1p_phy_pll_wrapper_25a56e5ce2f9_Inst/u_PH1P_PHY_PLL.clkc[1] rising@2.693ns - u_video/u_pll/u_output/ph1p_phy_pll_wrapper_25a56e5ce2f9_Inst/u_PH1P_PHY_PLL.clkc[1] rising@0.000ns }
Data Path Delay     : 1.354ns (cell 0.224ns (16%), net 1.130ns (84%))
Clock Skew          : 0.075ns
Logic Level         : 0
Max Fanout          : 20
Clock Uncertainty   : 0.077ns (sdc uncertainty: 0.000ns, default uncertainty: 0.077ns)

Delay Type          Location             Incr           Path   Level  Netlist Info
--------------------------------------------------------------------  ---------------
source latency                          0.000          0.000               
port                C4                  0.000          0.000          pin: I_sys_clk
hierarchy                               0.000          0.000          pin: I_sys_clk_syn_2.ipad
HDIO                x033y078            0.810          0.810          pin: I_sys_clk_syn_2.sg09_di
HDIO                x033y078            0.684          1.494          pin: I_sys_clk_syn_2.di
net (fo=1)          x043y079            0.115          1.609          net: I_sys_clk_dup_1,  ../../../diagnostics/hdmi_positive/positive_top.v(54)
                                                                      pin: u_video/u_pll/u_ref/ph1p_phy_pll_wrapper_25a56e5ce2f9_Inst/u_PH1P_PHY_PLL.refclk
PLL                 x043y079            0.814          2.423          pin: u_video/u_pll/u_ref/ph1p_phy_pll_wrapper_25a56e5ce2f9_Inst/u_PH1P_PHY_PLL.clkc[0]
net (fo=1)                              0.830          3.253          net: u_video/u_pll/u_ref/clk0_buf,  ../../../user_source/hdl_source/native_hdmi_pll.v(32)
                                                                      pin: u_video/u_pll/u_ref/bufg_feedback.clkin[0]
GCLK                x023y039z16         0.016          3.269          pin: u_video/u_pll/u_ref/bufg_feedback.clkout
net (fo=1)                              0.375          3.644          net: u_video/u_pll/u_output/ph1p_phy_pll_wrapper_25a56e5ce2f9_Inst/refclk,  ../../../user_source/ip_source/PLL/RTL/ph1p_phy_pll_wrapper_25a56e5ce2f9.v(119)
                                                                      pin: u_video/u_pll/u_ref/bufg_feedback_auto_created_sclk_s_0_l_bk1.clkin
SCLK                x023y019z0          0.079          3.723          pin: u_video/u_pll/u_ref/bufg_feedback_auto_created_sclk_s_0_l_bk1.clkout
net (fo=1)          x000y039            0.299          4.022          net: u_video/u_pll/u_ref/bufg_feedback_auto_created_sclk_s_0_l_bk1_sclk_outnet,  NOFILE(0)
                                                                      pin: u_video/u_pll/u_output/ph1p_phy_pll_wrapper_25a56e5ce2f9_Inst/u_PH1P_PHY_PLL.refclk
PLL                 x000y039            0.818          4.840          pin: u_video/u_pll/u_output/ph1p_phy_pll_wrapper_25a56e5ce2f9_Inst/u_PH1P_PHY_PLL.clkc[1]
net (fo=1)                              0.805          5.645          net: u_video/u_phy/u0_lane_lvds_8_1/I_serial_clk,  ../../../user_source/hdl_source/lane_lvds_10_1.v(8)
                                                                      pin: u_video/u_phy/u0_lane_lvds_8_1/I_serial_clk_created_gclkinst.clkin[0]
GCLK                x023y039z0          0.016          5.661          pin: u_video/u_phy/u0_lane_lvds_8_1/I_serial_clk_created_gclkinst.clkout
net (fo=1)                              0.396          6.057          net: u_video/u_phy/u0_lane_lvds_8_1/I_serial_clk_syn_1,  ../../../user_source/hdl_source/lane_lvds_10_1.v(8)
                                                                      pin: u_video/u_phy/u0_lane_lvds_8_1/I_serial_clk_created_gclkinst_auto_created_sclk_s_1_r_bk1.clkin
SCLK                x023y059z12         0.079          6.136          pin: u_video/u_phy/u0_lane_lvds_8_1/I_serial_clk_created_gclkinst_auto_created_sclk_s_1_r_bk1.clkout
net (fo=37)                             0.636          6.772          net: u_video/u_phy/u0_lane_lvds_8_1/I_serial_clk_created_gclkinst_auto_created_sclk_s_1_r_bk1_sclk_outnet,  NOFILE(0)
                                                                      pin: u_video/u_phy/u0_lane_lvds_8_1/S_load_en_reg_syn_3.clk
launch edge                             0.000    r     6.772               
--------------------------------------------------------------------  ---------------
clk2q               x036y046z1          0.137    r     6.909          pin: u_video/u_phy/u0_lane_lvds_8_1/S_load_en_reg_syn_3.oqb
net (fo=20)                             1.130          8.039          net: u_video/u_phy/u0_lane_lvds_8_1/S_load_en_2d,  ../../../user_source/hdl_source/lane_lvds_10_1.v(21)
                                                                      pin: u_video/u_phy/u3_lane_lvds_8_1/S_shift_data_reg[0]_syn_2.ima
reg                 x035y049z0          0.087    r     8.126          net: u_video/u_phy/u3_lane_lvds_8_1/S_shift_data[0],  ../../../user_source/hdl_source/lane_lvds_10_1.v(22)
--------------------------------------------------------------------  ---------------
Arrival                                                8.126               

source latency                          0.000          0.000               
port                C4                  0.000          0.000          pin: I_sys_clk
hierarchy                               0.000          0.000          pin: I_sys_clk_syn_2.ipad
HDIO                x033y078            0.745          0.745          pin: I_sys_clk_syn_2.sg09_di
HDIO                x033y078            0.629          1.374          pin: I_sys_clk_syn_2.di
net (fo=1)          x043y079            0.099          1.473          net: I_sys_clk_dup_1,  ../../../diagnostics/hdmi_positive/positive_top.v(54)
                                                                      pin: u_video/u_pll/u_ref/ph1p_phy_pll_wrapper_25a56e5ce2f9_Inst/u_PH1P_PHY_PLL.refclk
PLL                 x043y079            0.703          2.176          pin: u_video/u_pll/u_ref/ph1p_phy_pll_wrapper_25a56e5ce2f9_Inst/u_PH1P_PHY_PLL.clkc[0]
net (fo=1)                              0.711          2.887          net: u_video/u_pll/u_ref/clk0_buf,  ../../../user_source/hdl_source/native_hdmi_pll.v(32)
                                                                      pin: u_video/u_pll/u_ref/bufg_feedback.clkin[0]
GCLK                x023y039z16         0.014          2.901          pin: u_video/u_pll/u_ref/bufg_feedback.clkout
net (fo=1)                              0.322          3.223          net: u_video/u_pll/u_output/ph1p_phy_pll_wrapper_25a56e5ce2f9_Inst/refclk,  ../../../user_source/ip_source/PLL/RTL/ph1p_phy_pll_wrapper_25a56e5ce2f9.v(119)
                                                                      pin: u_video/u_pll/u_ref/bufg_feedback_auto_created_sclk_s_0_l_bk1.clkin
SCLK                x023y019z0          0.068          3.291          pin: u_video/u_pll/u_ref/bufg_feedback_auto_created_sclk_s_0_l_bk1.clkout
net (fo=1)          x000y039            0.255          3.546          net: u_video/u_pll/u_ref/bufg_feedback_auto_created_sclk_s_0_l_bk1_sclk_outnet,  NOFILE(0)
                                                                      pin: u_video/u_pll/u_output/ph1p_phy_pll_wrapper_25a56e5ce2f9_Inst/u_PH1P_PHY_PLL.refclk
PLL                 x000y039            0.708          4.254          pin: u_video/u_pll/u_output/ph1p_phy_pll_wrapper_25a56e5ce2f9_Inst/u_PH1P_PHY_PLL.clkc[1]
net (fo=1)                              0.689          4.943          net: u_video/u_phy/u0_lane_lvds_8_1/I_serial_clk,  ../../../user_source/hdl_source/lane_lvds_10_1.v(8)
                                                                      pin: u_video/u_phy/u0_lane_lvds_8_1/I_serial_clk_created_gclkinst.clkin[0]
GCLK                x023y039z0          0.014          4.957          pin: u_video/u_phy/u0_lane_lvds_8_1/I_serial_clk_created_gclkinst.clkout
net (fo=1)                              0.339          5.296          net: u_video/u_phy/u0_lane_lvds_8_1/I_serial_clk_syn_1,  ../../../user_source/hdl_source/lane_lvds_10_1.v(8)
                                                                      pin: u_video/u_phy/u0_lane_lvds_8_1/I_serial_clk_created_gclkinst_auto_created_sclk_s_1_r_bk1.clkin
SCLK                x023y059z12         0.068          5.364          pin: u_video/u_phy/u0_lane_lvds_8_1/I_serial_clk_created_gclkinst_auto_created_sclk_s_1_r_bk1.clkout
net (fo=37)                             0.554          5.918          net: u_video/u_phy/u0_lane_lvds_8_1/I_serial_clk_created_gclkinst_auto_created_sclk_s_1_r_bk1_sclk_outnet,  NOFILE(0)
                                                                      pin: u_video/u_phy/u3_lane_lvds_8_1/S_shift_data_reg[0]_syn_2.clk
capture edge                            2.693    r     8.611               
--------------------------------------------------------------------  ---------------
setup                                  -0.064          8.547               
clock uncertainty                      -0.077          8.470               
clock pessimism                         0.779          9.249               
--------------------------------------------------------------------  ---------------
Required                                               9.249               
--------------------------------------------------------------------  ---------------
Slack                                                  1.123               

Slack               : 1.243ns
Begin Point         : u_video/u_phy/u0_lane_lvds_8_1/S_load_en_reg_syn_3.clk (rising edge triggered by clock u_video/u_pll/u_output/ph1p_phy_pll_wrapper_25a56e5ce2f9_Inst/u_PH1P_PHY_PLL.clkc[1]  { rise@0.000000ns  fall@1.346000ns  period=2.693000 })
End Point           : u_video/u_phy/u1_lane_lvds_8_1/S_shift_data_reg[2]_syn_2.id (rising edge triggered by clock u_video/u_pll/u_output/ph1p_phy_pll_wrapper_25a56e5ce2f9_Inst/u_PH1P_PHY_PLL.clkc[1]  { rise@0.000000ns  fall@1.346000ns  period=2.693000 })
Check Type          : setup
Process             : slow_m40c
Budget              : 2.693ns { u_video/u_pll/u_output/ph1p_phy_pll_wrapper_25a56e5ce2f9_Inst/u_PH1P_PHY_PLL.clkc[1] rising@2.693ns - u_video/u_pll/u_output/ph1p_phy_pll_wrapper_25a56e5ce2f9_Inst/u_PH1P_PHY_PLL.clkc[1] rising@0.000ns }
Data Path Delay     : 1.234ns (cell 0.368ns (29%), net 0.866ns (71%))
Clock Skew          : 0.075ns
Logic Level         : 1 ( LUT3=1 )
Max Fanout          : 20
Clock Uncertainty   : 0.077ns (sdc uncertainty: 0.000ns, default uncertainty: 0.077ns)

Delay Type          Location             Incr           Path   Level  Netlist Info
--------------------------------------------------------------------  ---------------
source latency                          0.000          0.000               
port                C4                  0.000          0.000          pin: I_sys_clk
hierarchy                               0.000          0.000          pin: I_sys_clk_syn_2.ipad
HDIO                x033y078            0.810          0.810          pin: I_sys_clk_syn_2.sg09_di
HDIO                x033y078            0.684          1.494          pin: I_sys_clk_syn_2.di
net (fo=1)          x043y079            0.115          1.609          net: I_sys_clk_dup_1,  ../../../diagnostics/hdmi_positive/positive_top.v(54)
                                                                      pin: u_video/u_pll/u_ref/ph1p_phy_pll_wrapper_25a56e5ce2f9_Inst/u_PH1P_PHY_PLL.refclk
PLL                 x043y079            0.814          2.423          pin: u_video/u_pll/u_ref/ph1p_phy_pll_wrapper_25a56e5ce2f9_Inst/u_PH1P_PHY_PLL.clkc[0]
net (fo=1)                              0.830          3.253          net: u_video/u_pll/u_ref/clk0_buf,  ../../../user_source/hdl_source/native_hdmi_pll.v(32)
                                                                      pin: u_video/u_pll/u_ref/bufg_feedback.clkin[0]
GCLK                x023y039z16         0.016          3.269          pin: u_video/u_pll/u_ref/bufg_feedback.clkout
net (fo=1)                              0.375          3.644          net: u_video/u_pll/u_output/ph1p_phy_pll_wrapper_25a56e5ce2f9_Inst/refclk,  ../../../user_source/ip_source/PLL/RTL/ph1p_phy_pll_wrapper_25a56e5ce2f9.v(119)
                                                                      pin: u_video/u_pll/u_ref/bufg_feedback_auto_created_sclk_s_0_l_bk1.clkin
SCLK                x023y019z0          0.079          3.723          pin: u_video/u_pll/u_ref/bufg_feedback_auto_created_sclk_s_0_l_bk1.clkout
net (fo=1)          x000y039            0.299          4.022          net: u_video/u_pll/u_ref/bufg_feedback_auto_created_sclk_s_0_l_bk1_sclk_outnet,  NOFILE(0)
                                                                      pin: u_video/u_pll/u_output/ph1p_phy_pll_wrapper_25a56e5ce2f9_Inst/u_PH1P_PHY_PLL.refclk
PLL                 x000y039            0.818          4.840          pin: u_video/u_pll/u_output/ph1p_phy_pll_wrapper_25a56e5ce2f9_Inst/u_PH1P_PHY_PLL.clkc[1]
net (fo=1)                              0.805          5.645          net: u_video/u_phy/u0_lane_lvds_8_1/I_serial_clk,  ../../../user_source/hdl_source/lane_lvds_10_1.v(8)
                                                                      pin: u_video/u_phy/u0_lane_lvds_8_1/I_serial_clk_created_gclkinst.clkin[0]
GCLK                x023y039z0          0.016          5.661          pin: u_video/u_phy/u0_lane_lvds_8_1/I_serial_clk_created_gclkinst.clkout
net (fo=1)                              0.396          6.057          net: u_video/u_phy/u0_lane_lvds_8_1/I_serial_clk_syn_1,  ../../../user_source/hdl_source/lane_lvds_10_1.v(8)
                                                                      pin: u_video/u_phy/u0_lane_lvds_8_1/I_serial_clk_created_gclkinst_auto_created_sclk_s_1_r_bk1.clkin
SCLK                x023y059z12         0.079          6.136          pin: u_video/u_phy/u0_lane_lvds_8_1/I_serial_clk_created_gclkinst_auto_created_sclk_s_1_r_bk1.clkout
net (fo=37)                             0.636          6.772          net: u_video/u_phy/u0_lane_lvds_8_1/I_serial_clk_created_gclkinst_auto_created_sclk_s_1_r_bk1_sclk_outnet,  NOFILE(0)
                                                                      pin: u_video/u_phy/u0_lane_lvds_8_1/S_load_en_reg_syn_3.clk
launch edge                             0.000    r     6.772               
--------------------------------------------------------------------  ---------------
clk2q               x036y046z1          0.137    r     6.909          pin: u_video/u_phy/u0_lane_lvds_8_1/S_load_en_reg_syn_3.oqb
net (fo=20)                             0.866          7.775          net: u_video/u_phy/u0_lane_lvds_8_1/S_load_en_2d,  ../../../user_source/hdl_source/lane_lvds_10_1.v(21)
                                                                      pin: u_video/u_phy/u1_lane_lvds_8_1/S_shift_data_reg[2]_syn_2.id
LUT3 (reg)          x035y050z6          0.231    r     8.006       1  net: u_video/u_phy/u1_lane_lvds_8_1/S_shift_data[4],  ../../../user_source/hdl_source/lane_lvds_10_1.v(22)
--------------------------------------------------------------------  ---------------
Arrival                                                8.006               

source latency                          0.000          0.000               
port                C4                  0.000          0.000          pin: I_sys_clk
hierarchy                               0.000          0.000          pin: I_sys_clk_syn_2.ipad
HDIO                x033y078            0.745          0.745          pin: I_sys_clk_syn_2.sg09_di
HDIO                x033y078            0.629          1.374          pin: I_sys_clk_syn_2.di
net (fo=1)          x043y079            0.099          1.473          net: I_sys_clk_dup_1,  ../../../diagnostics/hdmi_positive/positive_top.v(54)
                                                                      pin: u_video/u_pll/u_ref/ph1p_phy_pll_wrapper_25a56e5ce2f9_Inst/u_PH1P_PHY_PLL.refclk
PLL                 x043y079            0.703          2.176          pin: u_video/u_pll/u_ref/ph1p_phy_pll_wrapper_25a56e5ce2f9_Inst/u_PH1P_PHY_PLL.clkc[0]
net (fo=1)                              0.711          2.887          net: u_video/u_pll/u_ref/clk0_buf,  ../../../user_source/hdl_source/native_hdmi_pll.v(32)
                                                                      pin: u_video/u_pll/u_ref/bufg_feedback.clkin[0]
GCLK                x023y039z16         0.014          2.901          pin: u_video/u_pll/u_ref/bufg_feedback.clkout
net (fo=1)                              0.322          3.223          net: u_video/u_pll/u_output/ph1p_phy_pll_wrapper_25a56e5ce2f9_Inst/refclk,  ../../../user_source/ip_source/PLL/RTL/ph1p_phy_pll_wrapper_25a56e5ce2f9.v(119)
                                                                      pin: u_video/u_pll/u_ref/bufg_feedback_auto_created_sclk_s_0_l_bk1.clkin
SCLK                x023y019z0          0.068          3.291          pin: u_video/u_pll/u_ref/bufg_feedback_auto_created_sclk_s_0_l_bk1.clkout
net (fo=1)          x000y039            0.255          3.546          net: u_video/u_pll/u_ref/bufg_feedback_auto_created_sclk_s_0_l_bk1_sclk_outnet,  NOFILE(0)
                                                                      pin: u_video/u_pll/u_output/ph1p_phy_pll_wrapper_25a56e5ce2f9_Inst/u_PH1P_PHY_PLL.refclk
PLL                 x000y039            0.708          4.254          pin: u_video/u_pll/u_output/ph1p_phy_pll_wrapper_25a56e5ce2f9_Inst/u_PH1P_PHY_PLL.clkc[1]
net (fo=1)                              0.689          4.943          net: u_video/u_phy/u0_lane_lvds_8_1/I_serial_clk,  ../../../user_source/hdl_source/lane_lvds_10_1.v(8)
                                                                      pin: u_video/u_phy/u0_lane_lvds_8_1/I_serial_clk_created_gclkinst.clkin[0]
GCLK                x023y039z0          0.014          4.957          pin: u_video/u_phy/u0_lane_lvds_8_1/I_serial_clk_created_gclkinst.clkout
net (fo=1)                              0.339          5.296          net: u_video/u_phy/u0_lane_lvds_8_1/I_serial_clk_syn_1,  ../../../user_source/hdl_source/lane_lvds_10_1.v(8)
                                                                      pin: u_video/u_phy/u0_lane_lvds_8_1/I_serial_clk_created_gclkinst_auto_created_sclk_s_1_r_bk1.clkin
SCLK                x023y059z12         0.068          5.364          pin: u_video/u_phy/u0_lane_lvds_8_1/I_serial_clk_created_gclkinst_auto_created_sclk_s_1_r_bk1.clkout
net (fo=37)                             0.554          5.918          net: u_video/u_phy/u0_lane_lvds_8_1/I_serial_clk_created_gclkinst_auto_created_sclk_s_1_r_bk1_sclk_outnet,  NOFILE(0)
                                                                      pin: u_video/u_phy/u1_lane_lvds_8_1/S_shift_data_reg[2]_syn_2.clk
capture edge                            2.693    r     8.611               
--------------------------------------------------------------------  ---------------
setup                                  -0.064          8.547               
clock uncertainty                      -0.077          8.470               
clock pessimism                         0.779          9.249               
--------------------------------------------------------------------  ---------------
Required                                               9.249               
--------------------------------------------------------------------  ---------------
Slack                                                  1.243               

Slack               : 1.243ns
Begin Point         : u_video/u_phy/u0_lane_lvds_8_1/S_load_en_reg_syn_3.clk (rising edge triggered by clock u_video/u_pll/u_output/ph1p_phy_pll_wrapper_25a56e5ce2f9_Inst/u_PH1P_PHY_PLL.clkc[1]  { rise@0.000000ns  fall@1.346000ns  period=2.693000 })
End Point           : u_video/u_phy/u2_lane_lvds_8_1/S_shift_data_reg[5]_syn_2.ia (rising edge triggered by clock u_video/u_pll/u_output/ph1p_phy_pll_wrapper_25a56e5ce2f9_Inst/u_PH1P_PHY_PLL.clkc[1]  { rise@0.000000ns  fall@1.346000ns  period=2.693000 })
Check Type          : setup
Process             : slow_m40c
Budget              : 2.693ns { u_video/u_pll/u_output/ph1p_phy_pll_wrapper_25a56e5ce2f9_Inst/u_PH1P_PHY_PLL.clkc[1] rising@2.693ns - u_video/u_pll/u_output/ph1p_phy_pll_wrapper_25a56e5ce2f9_Inst/u_PH1P_PHY_PLL.clkc[1] rising@0.000ns }
Data Path Delay     : 1.234ns (cell 0.572ns (46%), net 0.662ns (54%))
Clock Skew          : 0.075ns
Logic Level         : 1 ( LUT3=1 )
Max Fanout          : 20
Clock Uncertainty   : 0.077ns (sdc uncertainty: 0.000ns, default uncertainty: 0.077ns)

Delay Type          Location             Incr           Path   Level  Netlist Info
--------------------------------------------------------------------  ---------------
source latency                          0.000          0.000               
port                C4                  0.000          0.000          pin: I_sys_clk
hierarchy                               0.000          0.000          pin: I_sys_clk_syn_2.ipad
HDIO                x033y078            0.810          0.810          pin: I_sys_clk_syn_2.sg09_di
HDIO                x033y078            0.684          1.494          pin: I_sys_clk_syn_2.di
net (fo=1)          x043y079            0.115          1.609          net: I_sys_clk_dup_1,  ../../../diagnostics/hdmi_positive/positive_top.v(54)
                                                                      pin: u_video/u_pll/u_ref/ph1p_phy_pll_wrapper_25a56e5ce2f9_Inst/u_PH1P_PHY_PLL.refclk
PLL                 x043y079            0.814          2.423          pin: u_video/u_pll/u_ref/ph1p_phy_pll_wrapper_25a56e5ce2f9_Inst/u_PH1P_PHY_PLL.clkc[0]
net (fo=1)                              0.830          3.253          net: u_video/u_pll/u_ref/clk0_buf,  ../../../user_source/hdl_source/native_hdmi_pll.v(32)
                                                                      pin: u_video/u_pll/u_ref/bufg_feedback.clkin[0]
GCLK                x023y039z16         0.016          3.269          pin: u_video/u_pll/u_ref/bufg_feedback.clkout
net (fo=1)                              0.375          3.644          net: u_video/u_pll/u_output/ph1p_phy_pll_wrapper_25a56e5ce2f9_Inst/refclk,  ../../../user_source/ip_source/PLL/RTL/ph1p_phy_pll_wrapper_25a56e5ce2f9.v(119)
                                                                      pin: u_video/u_pll/u_ref/bufg_feedback_auto_created_sclk_s_0_l_bk1.clkin
SCLK                x023y019z0          0.079          3.723          pin: u_video/u_pll/u_ref/bufg_feedback_auto_created_sclk_s_0_l_bk1.clkout
net (fo=1)          x000y039            0.299          4.022          net: u_video/u_pll/u_ref/bufg_feedback_auto_created_sclk_s_0_l_bk1_sclk_outnet,  NOFILE(0)
                                                                      pin: u_video/u_pll/u_output/ph1p_phy_pll_wrapper_25a56e5ce2f9_Inst/u_PH1P_PHY_PLL.refclk
PLL                 x000y039            0.818          4.840          pin: u_video/u_pll/u_output/ph1p_phy_pll_wrapper_25a56e5ce2f9_Inst/u_PH1P_PHY_PLL.clkc[1]
net (fo=1)                              0.805          5.645          net: u_video/u_phy/u0_lane_lvds_8_1/I_serial_clk,  ../../../user_source/hdl_source/lane_lvds_10_1.v(8)
                                                                      pin: u_video/u_phy/u0_lane_lvds_8_1/I_serial_clk_created_gclkinst.clkin[0]
GCLK                x023y039z0          0.016          5.661          pin: u_video/u_phy/u0_lane_lvds_8_1/I_serial_clk_created_gclkinst.clkout
net (fo=1)                              0.396          6.057          net: u_video/u_phy/u0_lane_lvds_8_1/I_serial_clk_syn_1,  ../../../user_source/hdl_source/lane_lvds_10_1.v(8)
                                                                      pin: u_video/u_phy/u0_lane_lvds_8_1/I_serial_clk_created_gclkinst_auto_created_sclk_s_1_r_bk1.clkin
SCLK                x023y059z12         0.079          6.136          pin: u_video/u_phy/u0_lane_lvds_8_1/I_serial_clk_created_gclkinst_auto_created_sclk_s_1_r_bk1.clkout
net (fo=37)                             0.636          6.772          net: u_video/u_phy/u0_lane_lvds_8_1/I_serial_clk_created_gclkinst_auto_created_sclk_s_1_r_bk1_sclk_outnet,  NOFILE(0)
                                                                      pin: u_video/u_phy/u0_lane_lvds_8_1/S_load_en_reg_syn_3.clk
launch edge                             0.000    r     6.772               
--------------------------------------------------------------------  ---------------
clk2q               x036y046z1          0.137    r     6.909          pin: u_video/u_phy/u0_lane_lvds_8_1/S_load_en_reg_syn_3.oqb
net (fo=20)                             0.662          7.571          net: u_video/u_phy/u0_lane_lvds_8_1/S_load_en_2d,  ../../../user_source/hdl_source/lane_lvds_10_1.v(21)
                                                                      pin: u_video/u_phy/u2_lane_lvds_8_1/S_shift_data_reg[5]_syn_2.ia
LUT3 (reg)          x035y050z1          0.435    r     8.006       1  net: u_video/u_phy/u2_lane_lvds_8_1/S_shift_data[5],  ../../../user_source/hdl_source/lane_lvds_10_1.v(22)
--------------------------------------------------------------------  ---------------
Arrival                                                8.006               

source latency                          0.000          0.000               
port                C4                  0.000          0.000          pin: I_sys_clk
hierarchy                               0.000          0.000          pin: I_sys_clk_syn_2.ipad
HDIO                x033y078            0.745          0.745          pin: I_sys_clk_syn_2.sg09_di
HDIO                x033y078            0.629          1.374          pin: I_sys_clk_syn_2.di
net (fo=1)          x043y079            0.099          1.473          net: I_sys_clk_dup_1,  ../../../diagnostics/hdmi_positive/positive_top.v(54)
                                                                      pin: u_video/u_pll/u_ref/ph1p_phy_pll_wrapper_25a56e5ce2f9_Inst/u_PH1P_PHY_PLL.refclk
PLL                 x043y079            0.703          2.176          pin: u_video/u_pll/u_ref/ph1p_phy_pll_wrapper_25a56e5ce2f9_Inst/u_PH1P_PHY_PLL.clkc[0]
net (fo=1)                              0.711          2.887          net: u_video/u_pll/u_ref/clk0_buf,  ../../../user_source/hdl_source/native_hdmi_pll.v(32)
                                                                      pin: u_video/u_pll/u_ref/bufg_feedback.clkin[0]
GCLK                x023y039z16         0.014          2.901          pin: u_video/u_pll/u_ref/bufg_feedback.clkout
net (fo=1)                              0.322          3.223          net: u_video/u_pll/u_output/ph1p_phy_pll_wrapper_25a56e5ce2f9_Inst/refclk,  ../../../user_source/ip_source/PLL/RTL/ph1p_phy_pll_wrapper_25a56e5ce2f9.v(119)
                                                                      pin: u_video/u_pll/u_ref/bufg_feedback_auto_created_sclk_s_0_l_bk1.clkin
SCLK                x023y019z0          0.068          3.291          pin: u_video/u_pll/u_ref/bufg_feedback_auto_created_sclk_s_0_l_bk1.clkout
net (fo=1)          x000y039            0.255          3.546          net: u_video/u_pll/u_ref/bufg_feedback_auto_created_sclk_s_0_l_bk1_sclk_outnet,  NOFILE(0)
                                                                      pin: u_video/u_pll/u_output/ph1p_phy_pll_wrapper_25a56e5ce2f9_Inst/u_PH1P_PHY_PLL.refclk
PLL                 x000y039            0.708          4.254          pin: u_video/u_pll/u_output/ph1p_phy_pll_wrapper_25a56e5ce2f9_Inst/u_PH1P_PHY_PLL.clkc[1]
net (fo=1)                              0.689          4.943          net: u_video/u_phy/u0_lane_lvds_8_1/I_serial_clk,  ../../../user_source/hdl_source/lane_lvds_10_1.v(8)
                                                                      pin: u_video/u_phy/u0_lane_lvds_8_1/I_serial_clk_created_gclkinst.clkin[0]
GCLK                x023y039z0          0.014          4.957          pin: u_video/u_phy/u0_lane_lvds_8_1/I_serial_clk_created_gclkinst.clkout
net (fo=1)                              0.339          5.296          net: u_video/u_phy/u0_lane_lvds_8_1/I_serial_clk_syn_1,  ../../../user_source/hdl_source/lane_lvds_10_1.v(8)
                                                                      pin: u_video/u_phy/u0_lane_lvds_8_1/I_serial_clk_created_gclkinst_auto_created_sclk_s_1_r_bk1.clkin
SCLK                x023y059z12         0.068          5.364          pin: u_video/u_phy/u0_lane_lvds_8_1/I_serial_clk_created_gclkinst_auto_created_sclk_s_1_r_bk1.clkout
net (fo=37)                             0.554          5.918          net: u_video/u_phy/u0_lane_lvds_8_1/I_serial_clk_created_gclkinst_auto_created_sclk_s_1_r_bk1_sclk_outnet,  NOFILE(0)
                                                                      pin: u_video/u_phy/u2_lane_lvds_8_1/S_shift_data_reg[5]_syn_2.clk
capture edge                            2.693    r     8.611               
--------------------------------------------------------------------  ---------------
setup                                  -0.064          8.547               
clock uncertainty                      -0.077          8.470               
clock pessimism                         0.779          9.249               
--------------------------------------------------------------------  ---------------
Required                                               9.249               
--------------------------------------------------------------------  ---------------
Slack                                                  1.243               

Slack               : 1.243ns
Begin Point         : u_video/u_phy/u0_lane_lvds_8_1/S_load_en_reg_syn_3.clk (rising edge triggered by clock u_video/u_pll/u_output/ph1p_phy_pll_wrapper_25a56e5ce2f9_Inst/u_PH1P_PHY_PLL.clkc[1]  { rise@0.000000ns  fall@1.346000ns  period=2.693000 })
End Point           : u_video/u_phy/u2_lane_lvds_8_1/S_shift_data_reg[7]_syn_2.id (rising edge triggered by clock u_video/u_pll/u_output/ph1p_phy_pll_wrapper_25a56e5ce2f9_Inst/u_PH1P_PHY_PLL.clkc[1]  { rise@0.000000ns  fall@1.346000ns  period=2.693000 })
Check Type          : setup
Process             : slow_m40c
Budget              : 2.693ns { u_video/u_pll/u_output/ph1p_phy_pll_wrapper_25a56e5ce2f9_Inst/u_PH1P_PHY_PLL.clkc[1] rising@2.693ns - u_video/u_pll/u_output/ph1p_phy_pll_wrapper_25a56e5ce2f9_Inst/u_PH1P_PHY_PLL.clkc[1] rising@0.000ns }
Data Path Delay     : 1.234ns (cell 0.368ns (29%), net 0.866ns (71%))
Clock Skew          : 0.075ns
Logic Level         : 1 ( LUT3=1 )
Max Fanout          : 20
Clock Uncertainty   : 0.077ns (sdc uncertainty: 0.000ns, default uncertainty: 0.077ns)

Delay Type          Location             Incr           Path   Level  Netlist Info
--------------------------------------------------------------------  ---------------
source latency                          0.000          0.000               
port                C4                  0.000          0.000          pin: I_sys_clk
hierarchy                               0.000          0.000          pin: I_sys_clk_syn_2.ipad
HDIO                x033y078            0.810          0.810          pin: I_sys_clk_syn_2.sg09_di
HDIO                x033y078            0.684          1.494          pin: I_sys_clk_syn_2.di
net (fo=1)          x043y079            0.115          1.609          net: I_sys_clk_dup_1,  ../../../diagnostics/hdmi_positive/positive_top.v(54)
                                                                      pin: u_video/u_pll/u_ref/ph1p_phy_pll_wrapper_25a56e5ce2f9_Inst/u_PH1P_PHY_PLL.refclk
PLL                 x043y079            0.814          2.423          pin: u_video/u_pll/u_ref/ph1p_phy_pll_wrapper_25a56e5ce2f9_Inst/u_PH1P_PHY_PLL.clkc[0]
net (fo=1)                              0.830          3.253          net: u_video/u_pll/u_ref/clk0_buf,  ../../../user_source/hdl_source/native_hdmi_pll.v(32)
                                                                      pin: u_video/u_pll/u_ref/bufg_feedback.clkin[0]
GCLK                x023y039z16         0.016          3.269          pin: u_video/u_pll/u_ref/bufg_feedback.clkout
net (fo=1)                              0.375          3.644          net: u_video/u_pll/u_output/ph1p_phy_pll_wrapper_25a56e5ce2f9_Inst/refclk,  ../../../user_source/ip_source/PLL/RTL/ph1p_phy_pll_wrapper_25a56e5ce2f9.v(119)
                                                                      pin: u_video/u_pll/u_ref/bufg_feedback_auto_created_sclk_s_0_l_bk1.clkin
SCLK                x023y019z0          0.079          3.723          pin: u_video/u_pll/u_ref/bufg_feedback_auto_created_sclk_s_0_l_bk1.clkout
net (fo=1)          x000y039            0.299          4.022          net: u_video/u_pll/u_ref/bufg_feedback_auto_created_sclk_s_0_l_bk1_sclk_outnet,  NOFILE(0)
                                                                      pin: u_video/u_pll/u_output/ph1p_phy_pll_wrapper_25a56e5ce2f9_Inst/u_PH1P_PHY_PLL.refclk
PLL                 x000y039            0.818          4.840          pin: u_video/u_pll/u_output/ph1p_phy_pll_wrapper_25a56e5ce2f9_Inst/u_PH1P_PHY_PLL.clkc[1]
net (fo=1)                              0.805          5.645          net: u_video/u_phy/u0_lane_lvds_8_1/I_serial_clk,  ../../../user_source/hdl_source/lane_lvds_10_1.v(8)
                                                                      pin: u_video/u_phy/u0_lane_lvds_8_1/I_serial_clk_created_gclkinst.clkin[0]
GCLK                x023y039z0          0.016          5.661          pin: u_video/u_phy/u0_lane_lvds_8_1/I_serial_clk_created_gclkinst.clkout
net (fo=1)                              0.396          6.057          net: u_video/u_phy/u0_lane_lvds_8_1/I_serial_clk_syn_1,  ../../../user_source/hdl_source/lane_lvds_10_1.v(8)
                                                                      pin: u_video/u_phy/u0_lane_lvds_8_1/I_serial_clk_created_gclkinst_auto_created_sclk_s_1_r_bk1.clkin
SCLK                x023y059z12         0.079          6.136          pin: u_video/u_phy/u0_lane_lvds_8_1/I_serial_clk_created_gclkinst_auto_created_sclk_s_1_r_bk1.clkout
net (fo=37)                             0.636          6.772          net: u_video/u_phy/u0_lane_lvds_8_1/I_serial_clk_created_gclkinst_auto_created_sclk_s_1_r_bk1_sclk_outnet,  NOFILE(0)
                                                                      pin: u_video/u_phy/u0_lane_lvds_8_1/S_load_en_reg_syn_3.clk
launch edge                             0.000    r     6.772               
--------------------------------------------------------------------  ---------------
clk2q               x036y046z1          0.137    r     6.909          pin: u_video/u_phy/u0_lane_lvds_8_1/S_load_en_reg_syn_3.oqb
net (fo=20)                             0.866          7.775          net: u_video/u_phy/u0_lane_lvds_8_1/S_load_en_2d,  ../../../user_source/hdl_source/lane_lvds_10_1.v(21)
                                                                      pin: u_video/u_phy/u2_lane_lvds_8_1/S_shift_data_reg[7]_syn_2.id
LUT3 (reg)          x035y050z7          0.231    r     8.006       1  net: u_video/u_phy/u2_lane_lvds_8_1/S_shift_data[3],  ../../../user_source/hdl_source/lane_lvds_10_1.v(22)
--------------------------------------------------------------------  ---------------
Arrival                                                8.006               

source latency                          0.000          0.000               
port                C4                  0.000          0.000          pin: I_sys_clk
hierarchy                               0.000          0.000          pin: I_sys_clk_syn_2.ipad
HDIO                x033y078            0.745          0.745          pin: I_sys_clk_syn_2.sg09_di
HDIO                x033y078            0.629          1.374          pin: I_sys_clk_syn_2.di
net (fo=1)          x043y079            0.099          1.473          net: I_sys_clk_dup_1,  ../../../diagnostics/hdmi_positive/positive_top.v(54)
                                                                      pin: u_video/u_pll/u_ref/ph1p_phy_pll_wrapper_25a56e5ce2f9_Inst/u_PH1P_PHY_PLL.refclk
PLL                 x043y079            0.703          2.176          pin: u_video/u_pll/u_ref/ph1p_phy_pll_wrapper_25a56e5ce2f9_Inst/u_PH1P_PHY_PLL.clkc[0]
net (fo=1)                              0.711          2.887          net: u_video/u_pll/u_ref/clk0_buf,  ../../../user_source/hdl_source/native_hdmi_pll.v(32)
                                                                      pin: u_video/u_pll/u_ref/bufg_feedback.clkin[0]
GCLK                x023y039z16         0.014          2.901          pin: u_video/u_pll/u_ref/bufg_feedback.clkout
net (fo=1)                              0.322          3.223          net: u_video/u_pll/u_output/ph1p_phy_pll_wrapper_25a56e5ce2f9_Inst/refclk,  ../../../user_source/ip_source/PLL/RTL/ph1p_phy_pll_wrapper_25a56e5ce2f9.v(119)
                                                                      pin: u_video/u_pll/u_ref/bufg_feedback_auto_created_sclk_s_0_l_bk1.clkin
SCLK                x023y019z0          0.068          3.291          pin: u_video/u_pll/u_ref/bufg_feedback_auto_created_sclk_s_0_l_bk1.clkout
net (fo=1)          x000y039            0.255          3.546          net: u_video/u_pll/u_ref/bufg_feedback_auto_created_sclk_s_0_l_bk1_sclk_outnet,  NOFILE(0)
                                                                      pin: u_video/u_pll/u_output/ph1p_phy_pll_wrapper_25a56e5ce2f9_Inst/u_PH1P_PHY_PLL.refclk
PLL                 x000y039            0.708          4.254          pin: u_video/u_pll/u_output/ph1p_phy_pll_wrapper_25a56e5ce2f9_Inst/u_PH1P_PHY_PLL.clkc[1]
net (fo=1)                              0.689          4.943          net: u_video/u_phy/u0_lane_lvds_8_1/I_serial_clk,  ../../../user_source/hdl_source/lane_lvds_10_1.v(8)
                                                                      pin: u_video/u_phy/u0_lane_lvds_8_1/I_serial_clk_created_gclkinst.clkin[0]
GCLK                x023y039z0          0.014          4.957          pin: u_video/u_phy/u0_lane_lvds_8_1/I_serial_clk_created_gclkinst.clkout
net (fo=1)                              0.339          5.296          net: u_video/u_phy/u0_lane_lvds_8_1/I_serial_clk_syn_1,  ../../../user_source/hdl_source/lane_lvds_10_1.v(8)
                                                                      pin: u_video/u_phy/u0_lane_lvds_8_1/I_serial_clk_created_gclkinst_auto_created_sclk_s_1_r_bk1.clkin
SCLK                x023y059z12         0.068          5.364          pin: u_video/u_phy/u0_lane_lvds_8_1/I_serial_clk_created_gclkinst_auto_created_sclk_s_1_r_bk1.clkout
net (fo=37)                             0.554          5.918          net: u_video/u_phy/u0_lane_lvds_8_1/I_serial_clk_created_gclkinst_auto_created_sclk_s_1_r_bk1_sclk_outnet,  NOFILE(0)
                                                                      pin: u_video/u_phy/u2_lane_lvds_8_1/S_shift_data_reg[7]_syn_2.clk
capture edge                            2.693    r     8.611               
--------------------------------------------------------------------  ---------------
setup                                  -0.064          8.547               
clock uncertainty                      -0.077          8.470               
clock pessimism                         0.779          9.249               
--------------------------------------------------------------------  ---------------
Required                                               9.249               
--------------------------------------------------------------------  ---------------
Slack                                                  1.243               

Slack               : 1.243ns
Begin Point         : u_video/u_phy/u0_lane_lvds_8_1/S_load_en_reg_syn_3.clk (rising edge triggered by clock u_video/u_pll/u_output/ph1p_phy_pll_wrapper_25a56e5ce2f9_Inst/u_PH1P_PHY_PLL.clkc[1]  { rise@0.000000ns  fall@1.346000ns  period=2.693000 })
End Point           : u_video/u_phy/u1_lane_lvds_8_1/S_shift_data_reg[8]_syn_2.id (rising edge triggered by clock u_video/u_pll/u_output/ph1p_phy_pll_wrapper_25a56e5ce2f9_Inst/u_PH1P_PHY_PLL.clkc[1]  { rise@0.000000ns  fall@1.346000ns  period=2.693000 })
Check Type          : setup
Process             : slow_m40c
Budget              : 2.693ns { u_video/u_pll/u_output/ph1p_phy_pll_wrapper_25a56e5ce2f9_Inst/u_PH1P_PHY_PLL.clkc[1] rising@2.693ns - u_video/u_pll/u_output/ph1p_phy_pll_wrapper_25a56e5ce2f9_Inst/u_PH1P_PHY_PLL.clkc[1] rising@0.000ns }
Data Path Delay     : 1.234ns (cell 0.368ns (29%), net 0.866ns (71%))
Clock Skew          : 0.075ns
Logic Level         : 1 ( LUT3=1 )
Max Fanout          : 20
Clock Uncertainty   : 0.077ns (sdc uncertainty: 0.000ns, default uncertainty: 0.077ns)

Delay Type          Location             Incr           Path   Level  Netlist Info
--------------------------------------------------------------------  ---------------
source latency                          0.000          0.000               
port                C4                  0.000          0.000          pin: I_sys_clk
hierarchy                               0.000          0.000          pin: I_sys_clk_syn_2.ipad
HDIO                x033y078            0.810          0.810          pin: I_sys_clk_syn_2.sg09_di
HDIO                x033y078            0.684          1.494          pin: I_sys_clk_syn_2.di
net (fo=1)          x043y079            0.115          1.609          net: I_sys_clk_dup_1,  ../../../diagnostics/hdmi_positive/positive_top.v(54)
                                                                      pin: u_video/u_pll/u_ref/ph1p_phy_pll_wrapper_25a56e5ce2f9_Inst/u_PH1P_PHY_PLL.refclk
PLL                 x043y079            0.814          2.423          pin: u_video/u_pll/u_ref/ph1p_phy_pll_wrapper_25a56e5ce2f9_Inst/u_PH1P_PHY_PLL.clkc[0]
net (fo=1)                              0.830          3.253          net: u_video/u_pll/u_ref/clk0_buf,  ../../../user_source/hdl_source/native_hdmi_pll.v(32)
                                                                      pin: u_video/u_pll/u_ref/bufg_feedback.clkin[0]
GCLK                x023y039z16         0.016          3.269          pin: u_video/u_pll/u_ref/bufg_feedback.clkout
net (fo=1)                              0.375          3.644          net: u_video/u_pll/u_output/ph1p_phy_pll_wrapper_25a56e5ce2f9_Inst/refclk,  ../../../user_source/ip_source/PLL/RTL/ph1p_phy_pll_wrapper_25a56e5ce2f9.v(119)
                                                                      pin: u_video/u_pll/u_ref/bufg_feedback_auto_created_sclk_s_0_l_bk1.clkin
SCLK                x023y019z0          0.079          3.723          pin: u_video/u_pll/u_ref/bufg_feedback_auto_created_sclk_s_0_l_bk1.clkout
net (fo=1)          x000y039            0.299          4.022          net: u_video/u_pll/u_ref/bufg_feedback_auto_created_sclk_s_0_l_bk1_sclk_outnet,  NOFILE(0)
                                                                      pin: u_video/u_pll/u_output/ph1p_phy_pll_wrapper_25a56e5ce2f9_Inst/u_PH1P_PHY_PLL.refclk
PLL                 x000y039            0.818          4.840          pin: u_video/u_pll/u_output/ph1p_phy_pll_wrapper_25a56e5ce2f9_Inst/u_PH1P_PHY_PLL.clkc[1]
net (fo=1)                              0.805          5.645          net: u_video/u_phy/u0_lane_lvds_8_1/I_serial_clk,  ../../../user_source/hdl_source/lane_lvds_10_1.v(8)
                                                                      pin: u_video/u_phy/u0_lane_lvds_8_1/I_serial_clk_created_gclkinst.clkin[0]
GCLK                x023y039z0          0.016          5.661          pin: u_video/u_phy/u0_lane_lvds_8_1/I_serial_clk_created_gclkinst.clkout
net (fo=1)                              0.396          6.057          net: u_video/u_phy/u0_lane_lvds_8_1/I_serial_clk_syn_1,  ../../../user_source/hdl_source/lane_lvds_10_1.v(8)
                                                                      pin: u_video/u_phy/u0_lane_lvds_8_1/I_serial_clk_created_gclkinst_auto_created_sclk_s_1_r_bk1.clkin
SCLK                x023y059z12         0.079          6.136          pin: u_video/u_phy/u0_lane_lvds_8_1/I_serial_clk_created_gclkinst_auto_created_sclk_s_1_r_bk1.clkout
net (fo=37)                             0.636          6.772          net: u_video/u_phy/u0_lane_lvds_8_1/I_serial_clk_created_gclkinst_auto_created_sclk_s_1_r_bk1_sclk_outnet,  NOFILE(0)
                                                                      pin: u_video/u_phy/u0_lane_lvds_8_1/S_load_en_reg_syn_3.clk
launch edge                             0.000    r     6.772               
--------------------------------------------------------------------  ---------------
clk2q               x036y046z1          0.137    r     6.909          pin: u_video/u_phy/u0_lane_lvds_8_1/S_load_en_reg_syn_3.oqb
net (fo=20)                             0.866          7.775          net: u_video/u_phy/u0_lane_lvds_8_1/S_load_en_2d,  ../../../user_source/hdl_source/lane_lvds_10_1.v(21)
                                                                      pin: u_video/u_phy/u1_lane_lvds_8_1/S_shift_data_reg[8]_syn_2.id
LUT3 (reg)          x035y050z5          0.231    r     8.006       1  net: u_video/u_phy/u1_lane_lvds_8_1/S_shift_data[6],  ../../../user_source/hdl_source/lane_lvds_10_1.v(22)
--------------------------------------------------------------------  ---------------
Arrival                                                8.006               

source latency                          0.000          0.000               
port                C4                  0.000          0.000          pin: I_sys_clk
hierarchy                               0.000          0.000          pin: I_sys_clk_syn_2.ipad
HDIO                x033y078            0.745          0.745          pin: I_sys_clk_syn_2.sg09_di
HDIO                x033y078            0.629          1.374          pin: I_sys_clk_syn_2.di
net (fo=1)          x043y079            0.099          1.473          net: I_sys_clk_dup_1,  ../../../diagnostics/hdmi_positive/positive_top.v(54)
                                                                      pin: u_video/u_pll/u_ref/ph1p_phy_pll_wrapper_25a56e5ce2f9_Inst/u_PH1P_PHY_PLL.refclk
PLL                 x043y079            0.703          2.176          pin: u_video/u_pll/u_ref/ph1p_phy_pll_wrapper_25a56e5ce2f9_Inst/u_PH1P_PHY_PLL.clkc[0]
net (fo=1)                              0.711          2.887          net: u_video/u_pll/u_ref/clk0_buf,  ../../../user_source/hdl_source/native_hdmi_pll.v(32)
                                                                      pin: u_video/u_pll/u_ref/bufg_feedback.clkin[0]
GCLK                x023y039z16         0.014          2.901          pin: u_video/u_pll/u_ref/bufg_feedback.clkout
net (fo=1)                              0.322          3.223          net: u_video/u_pll/u_output/ph1p_phy_pll_wrapper_25a56e5ce2f9_Inst/refclk,  ../../../user_source/ip_source/PLL/RTL/ph1p_phy_pll_wrapper_25a56e5ce2f9.v(119)
                                                                      pin: u_video/u_pll/u_ref/bufg_feedback_auto_created_sclk_s_0_l_bk1.clkin
SCLK                x023y019z0          0.068          3.291          pin: u_video/u_pll/u_ref/bufg_feedback_auto_created_sclk_s_0_l_bk1.clkout
net (fo=1)          x000y039            0.255          3.546          net: u_video/u_pll/u_ref/bufg_feedback_auto_created_sclk_s_0_l_bk1_sclk_outnet,  NOFILE(0)
                                                                      pin: u_video/u_pll/u_output/ph1p_phy_pll_wrapper_25a56e5ce2f9_Inst/u_PH1P_PHY_PLL.refclk
PLL                 x000y039            0.708          4.254          pin: u_video/u_pll/u_output/ph1p_phy_pll_wrapper_25a56e5ce2f9_Inst/u_PH1P_PHY_PLL.clkc[1]
net (fo=1)                              0.689          4.943          net: u_video/u_phy/u0_lane_lvds_8_1/I_serial_clk,  ../../../user_source/hdl_source/lane_lvds_10_1.v(8)
                                                                      pin: u_video/u_phy/u0_lane_lvds_8_1/I_serial_clk_created_gclkinst.clkin[0]
GCLK                x023y039z0          0.014          4.957          pin: u_video/u_phy/u0_lane_lvds_8_1/I_serial_clk_created_gclkinst.clkout
net (fo=1)                              0.339          5.296          net: u_video/u_phy/u0_lane_lvds_8_1/I_serial_clk_syn_1,  ../../../user_source/hdl_source/lane_lvds_10_1.v(8)
                                                                      pin: u_video/u_phy/u0_lane_lvds_8_1/I_serial_clk_created_gclkinst_auto_created_sclk_s_1_r_bk1.clkin
SCLK                x023y059z12         0.068          5.364          pin: u_video/u_phy/u0_lane_lvds_8_1/I_serial_clk_created_gclkinst_auto_created_sclk_s_1_r_bk1.clkout
net (fo=37)                             0.554          5.918          net: u_video/u_phy/u0_lane_lvds_8_1/I_serial_clk_created_gclkinst_auto_created_sclk_s_1_r_bk1_sclk_outnet,  NOFILE(0)
                                                                      pin: u_video/u_phy/u1_lane_lvds_8_1/S_shift_data_reg[8]_syn_2.clk
capture edge                            2.693    r     8.611               
--------------------------------------------------------------------  ---------------
setup                                  -0.064          8.547               
clock uncertainty                      -0.077          8.470               
clock pessimism                         0.779          9.249               
--------------------------------------------------------------------  ---------------
Required                                               9.249               
--------------------------------------------------------------------  ---------------
Slack                                                  1.243               

Slack               : 1.248ns
Begin Point         : u_video/u_phy/u0_lane_lvds_8_1/S_load_en_reg_syn_3.clk (rising edge triggered by clock u_video/u_pll/u_output/ph1p_phy_pll_wrapper_25a56e5ce2f9_Inst/u_PH1P_PHY_PLL.clkc[1]  { rise@0.000000ns  fall@1.346000ns  period=2.693000 })
End Point           : u_video/u_phy/u3_lane_lvds_8_1/S_shift_data_reg[9]_syn_2.ib (rising edge triggered by clock u_video/u_pll/u_output/ph1p_phy_pll_wrapper_25a56e5ce2f9_Inst/u_PH1P_PHY_PLL.clkc[1]  { rise@0.000000ns  fall@1.346000ns  period=2.693000 })
Check Type          : setup
Process             : slow_m40c
Budget              : 2.693ns { u_video/u_pll/u_output/ph1p_phy_pll_wrapper_25a56e5ce2f9_Inst/u_PH1P_PHY_PLL.clkc[1] rising@2.693ns - u_video/u_pll/u_output/ph1p_phy_pll_wrapper_25a56e5ce2f9_Inst/u_PH1P_PHY_PLL.clkc[1] rising@0.000ns }
Data Path Delay     : 1.229ns (cell 0.586ns (47%), net 0.643ns (53%))
Clock Skew          : 0.075ns
Logic Level         : 1 ( LUT2=1 )
Max Fanout          : 20
Clock Uncertainty   : 0.077ns (sdc uncertainty: 0.000ns, default uncertainty: 0.077ns)

Delay Type          Location             Incr           Path   Level  Netlist Info
--------------------------------------------------------------------  ---------------
source latency                          0.000          0.000               
port                C4                  0.000          0.000          pin: I_sys_clk
hierarchy                               0.000          0.000          pin: I_sys_clk_syn_2.ipad
HDIO                x033y078            0.810          0.810          pin: I_sys_clk_syn_2.sg09_di
HDIO                x033y078            0.684          1.494          pin: I_sys_clk_syn_2.di
net (fo=1)          x043y079            0.115          1.609          net: I_sys_clk_dup_1,  ../../../diagnostics/hdmi_positive/positive_top.v(54)
                                                                      pin: u_video/u_pll/u_ref/ph1p_phy_pll_wrapper_25a56e5ce2f9_Inst/u_PH1P_PHY_PLL.refclk
PLL                 x043y079            0.814          2.423          pin: u_video/u_pll/u_ref/ph1p_phy_pll_wrapper_25a56e5ce2f9_Inst/u_PH1P_PHY_PLL.clkc[0]
net (fo=1)                              0.830          3.253          net: u_video/u_pll/u_ref/clk0_buf,  ../../../user_source/hdl_source/native_hdmi_pll.v(32)
                                                                      pin: u_video/u_pll/u_ref/bufg_feedback.clkin[0]
GCLK                x023y039z16         0.016          3.269          pin: u_video/u_pll/u_ref/bufg_feedback.clkout
net (fo=1)                              0.375          3.644          net: u_video/u_pll/u_output/ph1p_phy_pll_wrapper_25a56e5ce2f9_Inst/refclk,  ../../../user_source/ip_source/PLL/RTL/ph1p_phy_pll_wrapper_25a56e5ce2f9.v(119)
                                                                      pin: u_video/u_pll/u_ref/bufg_feedback_auto_created_sclk_s_0_l_bk1.clkin
SCLK                x023y019z0          0.079          3.723          pin: u_video/u_pll/u_ref/bufg_feedback_auto_created_sclk_s_0_l_bk1.clkout
net (fo=1)          x000y039            0.299          4.022          net: u_video/u_pll/u_ref/bufg_feedback_auto_created_sclk_s_0_l_bk1_sclk_outnet,  NOFILE(0)
                                                                      pin: u_video/u_pll/u_output/ph1p_phy_pll_wrapper_25a56e5ce2f9_Inst/u_PH1P_PHY_PLL.refclk
PLL                 x000y039            0.818          4.840          pin: u_video/u_pll/u_output/ph1p_phy_pll_wrapper_25a56e5ce2f9_Inst/u_PH1P_PHY_PLL.clkc[1]
net (fo=1)                              0.805          5.645          net: u_video/u_phy/u0_lane_lvds_8_1/I_serial_clk,  ../../../user_source/hdl_source/lane_lvds_10_1.v(8)
                                                                      pin: u_video/u_phy/u0_lane_lvds_8_1/I_serial_clk_created_gclkinst.clkin[0]
GCLK                x023y039z0          0.016          5.661          pin: u_video/u_phy/u0_lane_lvds_8_1/I_serial_clk_created_gclkinst.clkout
net (fo=1)                              0.396          6.057          net: u_video/u_phy/u0_lane_lvds_8_1/I_serial_clk_syn_1,  ../../../user_source/hdl_source/lane_lvds_10_1.v(8)
                                                                      pin: u_video/u_phy/u0_lane_lvds_8_1/I_serial_clk_created_gclkinst_auto_created_sclk_s_1_r_bk1.clkin
SCLK                x023y059z12         0.079          6.136          pin: u_video/u_phy/u0_lane_lvds_8_1/I_serial_clk_created_gclkinst_auto_created_sclk_s_1_r_bk1.clkout
net (fo=37)                             0.636          6.772          net: u_video/u_phy/u0_lane_lvds_8_1/I_serial_clk_created_gclkinst_auto_created_sclk_s_1_r_bk1_sclk_outnet,  NOFILE(0)
                                                                      pin: u_video/u_phy/u0_lane_lvds_8_1/S_load_en_reg_syn_3.clk
launch edge                             0.000    r     6.772               
--------------------------------------------------------------------  ---------------
clk2q               x036y046z1          0.137    r     6.909          pin: u_video/u_phy/u0_lane_lvds_8_1/S_load_en_reg_syn_3.oqb
net (fo=20)                             0.643          7.552          net: u_video/u_phy/u0_lane_lvds_8_1/S_load_en_2d,  ../../../user_source/hdl_source/lane_lvds_10_1.v(21)
                                                                      pin: u_video/u_phy/u3_lane_lvds_8_1/S_shift_data_reg[9]_syn_2.ib
LUT2 (reg)          x035y049z6          0.449    r     8.001       1  net: u_video/u_phy/u3_lane_lvds_8_1/S_shift_data[9],  ../../../user_source/hdl_source/lane_lvds_10_1.v(22)
--------------------------------------------------------------------  ---------------
Arrival                                                8.001               

source latency                          0.000          0.000               
port                C4                  0.000          0.000          pin: I_sys_clk
hierarchy                               0.000          0.000          pin: I_sys_clk_syn_2.ipad
HDIO                x033y078            0.745          0.745          pin: I_sys_clk_syn_2.sg09_di
HDIO                x033y078            0.629          1.374          pin: I_sys_clk_syn_2.di
net (fo=1)          x043y079            0.099          1.473          net: I_sys_clk_dup_1,  ../../../diagnostics/hdmi_positive/positive_top.v(54)
                                                                      pin: u_video/u_pll/u_ref/ph1p_phy_pll_wrapper_25a56e5ce2f9_Inst/u_PH1P_PHY_PLL.refclk
PLL                 x043y079            0.703          2.176          pin: u_video/u_pll/u_ref/ph1p_phy_pll_wrapper_25a56e5ce2f9_Inst/u_PH1P_PHY_PLL.clkc[0]
net (fo=1)                              0.711          2.887          net: u_video/u_pll/u_ref/clk0_buf,  ../../../user_source/hdl_source/native_hdmi_pll.v(32)
                                                                      pin: u_video/u_pll/u_ref/bufg_feedback.clkin[0]
GCLK                x023y039z16         0.014          2.901          pin: u_video/u_pll/u_ref/bufg_feedback.clkout
net (fo=1)                              0.322          3.223          net: u_video/u_pll/u_output/ph1p_phy_pll_wrapper_25a56e5ce2f9_Inst/refclk,  ../../../user_source/ip_source/PLL/RTL/ph1p_phy_pll_wrapper_25a56e5ce2f9.v(119)
                                                                      pin: u_video/u_pll/u_ref/bufg_feedback_auto_created_sclk_s_0_l_bk1.clkin
SCLK                x023y019z0          0.068          3.291          pin: u_video/u_pll/u_ref/bufg_feedback_auto_created_sclk_s_0_l_bk1.clkout
net (fo=1)          x000y039            0.255          3.546          net: u_video/u_pll/u_ref/bufg_feedback_auto_created_sclk_s_0_l_bk1_sclk_outnet,  NOFILE(0)
                                                                      pin: u_video/u_pll/u_output/ph1p_phy_pll_wrapper_25a56e5ce2f9_Inst/u_PH1P_PHY_PLL.refclk
PLL                 x000y039            0.708          4.254          pin: u_video/u_pll/u_output/ph1p_phy_pll_wrapper_25a56e5ce2f9_Inst/u_PH1P_PHY_PLL.clkc[1]
net (fo=1)                              0.689          4.943          net: u_video/u_phy/u0_lane_lvds_8_1/I_serial_clk,  ../../../user_source/hdl_source/lane_lvds_10_1.v(8)
                                                                      pin: u_video/u_phy/u0_lane_lvds_8_1/I_serial_clk_created_gclkinst.clkin[0]
GCLK                x023y039z0          0.014          4.957          pin: u_video/u_phy/u0_lane_lvds_8_1/I_serial_clk_created_gclkinst.clkout
net (fo=1)                              0.339          5.296          net: u_video/u_phy/u0_lane_lvds_8_1/I_serial_clk_syn_1,  ../../../user_source/hdl_source/lane_lvds_10_1.v(8)
                                                                      pin: u_video/u_phy/u0_lane_lvds_8_1/I_serial_clk_created_gclkinst_auto_created_sclk_s_1_r_bk1.clkin
SCLK                x023y059z12         0.068          5.364          pin: u_video/u_phy/u0_lane_lvds_8_1/I_serial_clk_created_gclkinst_auto_created_sclk_s_1_r_bk1.clkout
net (fo=37)                             0.554          5.918          net: u_video/u_phy/u0_lane_lvds_8_1/I_serial_clk_created_gclkinst_auto_created_sclk_s_1_r_bk1_sclk_outnet,  NOFILE(0)
                                                                      pin: u_video/u_phy/u3_lane_lvds_8_1/S_shift_data_reg[9]_syn_2.clk
capture edge                            2.693    r     8.611               
--------------------------------------------------------------------  ---------------
setup                                  -0.064          8.547               
clock uncertainty                      -0.077          8.470               
clock pessimism                         0.779          9.249               
--------------------------------------------------------------------  ---------------
Required                                               9.249               
--------------------------------------------------------------------  ---------------
Slack                                                  1.248               

Slack               : 1.248ns
Begin Point         : u_video/u_phy/u0_lane_lvds_8_1/S_load_en_reg_syn_3.clk (rising edge triggered by clock u_video/u_pll/u_output/ph1p_phy_pll_wrapper_25a56e5ce2f9_Inst/u_PH1P_PHY_PLL.clkc[1]  { rise@0.000000ns  fall@1.346000ns  period=2.693000 })
End Point           : u_video/u_phy/u3_lane_lvds_8_1/S_shift_data_reg[8]_syn_2.ib (rising edge triggered by clock u_video/u_pll/u_output/ph1p_phy_pll_wrapper_25a56e5ce2f9_Inst/u_PH1P_PHY_PLL.clkc[1]  { rise@0.000000ns  fall@1.346000ns  period=2.693000 })
Check Type          : setup
Process             : slow_m40c
Budget              : 2.693ns { u_video/u_pll/u_output/ph1p_phy_pll_wrapper_25a56e5ce2f9_Inst/u_PH1P_PHY_PLL.clkc[1] rising@2.693ns - u_video/u_pll/u_output/ph1p_phy_pll_wrapper_25a56e5ce2f9_Inst/u_PH1P_PHY_PLL.clkc[1] rising@0.000ns }
Data Path Delay     : 1.229ns (cell 0.586ns (47%), net 0.643ns (53%))
Clock Skew          : 0.075ns
Logic Level         : 1 ( LUT2=1 )
Max Fanout          : 20
Clock Uncertainty   : 0.077ns (sdc uncertainty: 0.000ns, default uncertainty: 0.077ns)

Delay Type          Location             Incr           Path   Level  Netlist Info
--------------------------------------------------------------------  ---------------
source latency                          0.000          0.000               
port                C4                  0.000          0.000          pin: I_sys_clk
hierarchy                               0.000          0.000          pin: I_sys_clk_syn_2.ipad
HDIO                x033y078            0.810          0.810          pin: I_sys_clk_syn_2.sg09_di
HDIO                x033y078            0.684          1.494          pin: I_sys_clk_syn_2.di
net (fo=1)          x043y079            0.115          1.609          net: I_sys_clk_dup_1,  ../../../diagnostics/hdmi_positive/positive_top.v(54)
                                                                      pin: u_video/u_pll/u_ref/ph1p_phy_pll_wrapper_25a56e5ce2f9_Inst/u_PH1P_PHY_PLL.refclk
PLL                 x043y079            0.814          2.423          pin: u_video/u_pll/u_ref/ph1p_phy_pll_wrapper_25a56e5ce2f9_Inst/u_PH1P_PHY_PLL.clkc[0]
net (fo=1)                              0.830          3.253          net: u_video/u_pll/u_ref/clk0_buf,  ../../../user_source/hdl_source/native_hdmi_pll.v(32)
                                                                      pin: u_video/u_pll/u_ref/bufg_feedback.clkin[0]
GCLK                x023y039z16         0.016          3.269          pin: u_video/u_pll/u_ref/bufg_feedback.clkout
net (fo=1)                              0.375          3.644          net: u_video/u_pll/u_output/ph1p_phy_pll_wrapper_25a56e5ce2f9_Inst/refclk,  ../../../user_source/ip_source/PLL/RTL/ph1p_phy_pll_wrapper_25a56e5ce2f9.v(119)
                                                                      pin: u_video/u_pll/u_ref/bufg_feedback_auto_created_sclk_s_0_l_bk1.clkin
SCLK                x023y019z0          0.079          3.723          pin: u_video/u_pll/u_ref/bufg_feedback_auto_created_sclk_s_0_l_bk1.clkout
net (fo=1)          x000y039            0.299          4.022          net: u_video/u_pll/u_ref/bufg_feedback_auto_created_sclk_s_0_l_bk1_sclk_outnet,  NOFILE(0)
                                                                      pin: u_video/u_pll/u_output/ph1p_phy_pll_wrapper_25a56e5ce2f9_Inst/u_PH1P_PHY_PLL.refclk
PLL                 x000y039            0.818          4.840          pin: u_video/u_pll/u_output/ph1p_phy_pll_wrapper_25a56e5ce2f9_Inst/u_PH1P_PHY_PLL.clkc[1]
net (fo=1)                              0.805          5.645          net: u_video/u_phy/u0_lane_lvds_8_1/I_serial_clk,  ../../../user_source/hdl_source/lane_lvds_10_1.v(8)
                                                                      pin: u_video/u_phy/u0_lane_lvds_8_1/I_serial_clk_created_gclkinst.clkin[0]
GCLK                x023y039z0          0.016          5.661          pin: u_video/u_phy/u0_lane_lvds_8_1/I_serial_clk_created_gclkinst.clkout
net (fo=1)                              0.396          6.057          net: u_video/u_phy/u0_lane_lvds_8_1/I_serial_clk_syn_1,  ../../../user_source/hdl_source/lane_lvds_10_1.v(8)
                                                                      pin: u_video/u_phy/u0_lane_lvds_8_1/I_serial_clk_created_gclkinst_auto_created_sclk_s_1_r_bk1.clkin
SCLK                x023y059z12         0.079          6.136          pin: u_video/u_phy/u0_lane_lvds_8_1/I_serial_clk_created_gclkinst_auto_created_sclk_s_1_r_bk1.clkout
net (fo=37)                             0.636          6.772          net: u_video/u_phy/u0_lane_lvds_8_1/I_serial_clk_created_gclkinst_auto_created_sclk_s_1_r_bk1_sclk_outnet,  NOFILE(0)
                                                                      pin: u_video/u_phy/u0_lane_lvds_8_1/S_load_en_reg_syn_3.clk
launch edge                             0.000    r     6.772               
--------------------------------------------------------------------  ---------------
clk2q               x036y046z1          0.137    r     6.909          pin: u_video/u_phy/u0_lane_lvds_8_1/S_load_en_reg_syn_3.oqb
net (fo=20)                             0.643          7.552          net: u_video/u_phy/u0_lane_lvds_8_1/S_load_en_2d,  ../../../user_source/hdl_source/lane_lvds_10_1.v(21)
                                                                      pin: u_video/u_phy/u3_lane_lvds_8_1/S_shift_data_reg[8]_syn_2.ib
LUT2 (reg)          x035y049z5          0.449    r     8.001       1  net: u_video/u_phy/u3_lane_lvds_8_1/S_shift_data[8],  ../../../user_source/hdl_source/lane_lvds_10_1.v(22)
--------------------------------------------------------------------  ---------------
Arrival                                                8.001               

source latency                          0.000          0.000               
port                C4                  0.000          0.000          pin: I_sys_clk
hierarchy                               0.000          0.000          pin: I_sys_clk_syn_2.ipad
HDIO                x033y078            0.745          0.745          pin: I_sys_clk_syn_2.sg09_di
HDIO                x033y078            0.629          1.374          pin: I_sys_clk_syn_2.di
net (fo=1)          x043y079            0.099          1.473          net: I_sys_clk_dup_1,  ../../../diagnostics/hdmi_positive/positive_top.v(54)
                                                                      pin: u_video/u_pll/u_ref/ph1p_phy_pll_wrapper_25a56e5ce2f9_Inst/u_PH1P_PHY_PLL.refclk
PLL                 x043y079            0.703          2.176          pin: u_video/u_pll/u_ref/ph1p_phy_pll_wrapper_25a56e5ce2f9_Inst/u_PH1P_PHY_PLL.clkc[0]
net (fo=1)                              0.711          2.887          net: u_video/u_pll/u_ref/clk0_buf,  ../../../user_source/hdl_source/native_hdmi_pll.v(32)
                                                                      pin: u_video/u_pll/u_ref/bufg_feedback.clkin[0]
GCLK                x023y039z16         0.014          2.901          pin: u_video/u_pll/u_ref/bufg_feedback.clkout
net (fo=1)                              0.322          3.223          net: u_video/u_pll/u_output/ph1p_phy_pll_wrapper_25a56e5ce2f9_Inst/refclk,  ../../../user_source/ip_source/PLL/RTL/ph1p_phy_pll_wrapper_25a56e5ce2f9.v(119)
                                                                      pin: u_video/u_pll/u_ref/bufg_feedback_auto_created_sclk_s_0_l_bk1.clkin
SCLK                x023y019z0          0.068          3.291          pin: u_video/u_pll/u_ref/bufg_feedback_auto_created_sclk_s_0_l_bk1.clkout
net (fo=1)          x000y039            0.255          3.546          net: u_video/u_pll/u_ref/bufg_feedback_auto_created_sclk_s_0_l_bk1_sclk_outnet,  NOFILE(0)
                                                                      pin: u_video/u_pll/u_output/ph1p_phy_pll_wrapper_25a56e5ce2f9_Inst/u_PH1P_PHY_PLL.refclk
PLL                 x000y039            0.708          4.254          pin: u_video/u_pll/u_output/ph1p_phy_pll_wrapper_25a56e5ce2f9_Inst/u_PH1P_PHY_PLL.clkc[1]
net (fo=1)                              0.689          4.943          net: u_video/u_phy/u0_lane_lvds_8_1/I_serial_clk,  ../../../user_source/hdl_source/lane_lvds_10_1.v(8)
                                                                      pin: u_video/u_phy/u0_lane_lvds_8_1/I_serial_clk_created_gclkinst.clkin[0]
GCLK                x023y039z0          0.014          4.957          pin: u_video/u_phy/u0_lane_lvds_8_1/I_serial_clk_created_gclkinst.clkout
net (fo=1)                              0.339          5.296          net: u_video/u_phy/u0_lane_lvds_8_1/I_serial_clk_syn_1,  ../../../user_source/hdl_source/lane_lvds_10_1.v(8)
                                                                      pin: u_video/u_phy/u0_lane_lvds_8_1/I_serial_clk_created_gclkinst_auto_created_sclk_s_1_r_bk1.clkin
SCLK                x023y059z12         0.068          5.364          pin: u_video/u_phy/u0_lane_lvds_8_1/I_serial_clk_created_gclkinst_auto_created_sclk_s_1_r_bk1.clkout
net (fo=37)                             0.554          5.918          net: u_video/u_phy/u0_lane_lvds_8_1/I_serial_clk_created_gclkinst_auto_created_sclk_s_1_r_bk1_sclk_outnet,  NOFILE(0)
                                                                      pin: u_video/u_phy/u3_lane_lvds_8_1/S_shift_data_reg[8]_syn_2.clk
capture edge                            2.693    r     8.611               
--------------------------------------------------------------------  ---------------
setup                                  -0.064          8.547               
clock uncertainty                      -0.077          8.470               
clock pessimism                         0.779          9.249               
--------------------------------------------------------------------  ---------------
Required                                               9.249               
--------------------------------------------------------------------  ---------------
Slack                                                  1.248               

Slack               : 1.263ns
Begin Point         : u_video/u_phy/u0_lane_lvds_8_1/S_load_en_reg_syn_3.clk (rising edge triggered by clock u_video/u_pll/u_output/ph1p_phy_pll_wrapper_25a56e5ce2f9_Inst/u_PH1P_PHY_PLL.clkc[1]  { rise@0.000000ns  fall@1.346000ns  period=2.693000 })
End Point           : u_video/u_phy/u1_lane_lvds_8_1/S_shift_data_reg[2]_syn_2.id (rising edge triggered by clock u_video/u_pll/u_output/ph1p_phy_pll_wrapper_25a56e5ce2f9_Inst/u_PH1P_PHY_PLL.clkc[1]  { rise@0.000000ns  fall@1.346000ns  period=2.693000 })
Check Type          : setup
Process             : slow_m40c
Budget              : 2.693ns { u_video/u_pll/u_output/ph1p_phy_pll_wrapper_25a56e5ce2f9_Inst/u_PH1P_PHY_PLL.clkc[1] rising@2.693ns - u_video/u_pll/u_output/ph1p_phy_pll_wrapper_25a56e5ce2f9_Inst/u_PH1P_PHY_PLL.clkc[1] rising@0.000ns }
Data Path Delay     : 1.214ns (cell 0.348ns (28%), net 0.866ns (72%))
Clock Skew          : 0.075ns
Logic Level         : 1 ( LUT3=1 )
Max Fanout          : 20
Clock Uncertainty   : 0.077ns (sdc uncertainty: 0.000ns, default uncertainty: 0.077ns)

Delay Type          Location             Incr           Path   Level  Netlist Info
--------------------------------------------------------------------  ---------------
source latency                          0.000          0.000               
port                C4                  0.000          0.000          pin: I_sys_clk
hierarchy                               0.000          0.000          pin: I_sys_clk_syn_2.ipad
HDIO                x033y078            0.810          0.810          pin: I_sys_clk_syn_2.sg09_di
HDIO                x033y078            0.684          1.494          pin: I_sys_clk_syn_2.di
net (fo=1)          x043y079            0.115          1.609          net: I_sys_clk_dup_1,  ../../../diagnostics/hdmi_positive/positive_top.v(54)
                                                                      pin: u_video/u_pll/u_ref/ph1p_phy_pll_wrapper_25a56e5ce2f9_Inst/u_PH1P_PHY_PLL.refclk
PLL                 x043y079            0.814          2.423          pin: u_video/u_pll/u_ref/ph1p_phy_pll_wrapper_25a56e5ce2f9_Inst/u_PH1P_PHY_PLL.clkc[0]
net (fo=1)                              0.830          3.253          net: u_video/u_pll/u_ref/clk0_buf,  ../../../user_source/hdl_source/native_hdmi_pll.v(32)
                                                                      pin: u_video/u_pll/u_ref/bufg_feedback.clkin[0]
GCLK                x023y039z16         0.016          3.269          pin: u_video/u_pll/u_ref/bufg_feedback.clkout
net (fo=1)                              0.375          3.644          net: u_video/u_pll/u_output/ph1p_phy_pll_wrapper_25a56e5ce2f9_Inst/refclk,  ../../../user_source/ip_source/PLL/RTL/ph1p_phy_pll_wrapper_25a56e5ce2f9.v(119)
                                                                      pin: u_video/u_pll/u_ref/bufg_feedback_auto_created_sclk_s_0_l_bk1.clkin
SCLK                x023y019z0          0.079          3.723          pin: u_video/u_pll/u_ref/bufg_feedback_auto_created_sclk_s_0_l_bk1.clkout
net (fo=1)          x000y039            0.299          4.022          net: u_video/u_pll/u_ref/bufg_feedback_auto_created_sclk_s_0_l_bk1_sclk_outnet,  NOFILE(0)
                                                                      pin: u_video/u_pll/u_output/ph1p_phy_pll_wrapper_25a56e5ce2f9_Inst/u_PH1P_PHY_PLL.refclk
PLL                 x000y039            0.818          4.840          pin: u_video/u_pll/u_output/ph1p_phy_pll_wrapper_25a56e5ce2f9_Inst/u_PH1P_PHY_PLL.clkc[1]
net (fo=1)                              0.805          5.645          net: u_video/u_phy/u0_lane_lvds_8_1/I_serial_clk,  ../../../user_source/hdl_source/lane_lvds_10_1.v(8)
                                                                      pin: u_video/u_phy/u0_lane_lvds_8_1/I_serial_clk_created_gclkinst.clkin[0]
GCLK                x023y039z0          0.016          5.661          pin: u_video/u_phy/u0_lane_lvds_8_1/I_serial_clk_created_gclkinst.clkout
net (fo=1)                              0.396          6.057          net: u_video/u_phy/u0_lane_lvds_8_1/I_serial_clk_syn_1,  ../../../user_source/hdl_source/lane_lvds_10_1.v(8)
                                                                      pin: u_video/u_phy/u0_lane_lvds_8_1/I_serial_clk_created_gclkinst_auto_created_sclk_s_1_r_bk1.clkin
SCLK                x023y059z12         0.079          6.136          pin: u_video/u_phy/u0_lane_lvds_8_1/I_serial_clk_created_gclkinst_auto_created_sclk_s_1_r_bk1.clkout
net (fo=37)                             0.636          6.772          net: u_video/u_phy/u0_lane_lvds_8_1/I_serial_clk_created_gclkinst_auto_created_sclk_s_1_r_bk1_sclk_outnet,  NOFILE(0)
                                                                      pin: u_video/u_phy/u0_lane_lvds_8_1/S_load_en_reg_syn_3.clk
launch edge                             0.000    r     6.772               
--------------------------------------------------------------------  ---------------
clk2q               x036y046z1          0.137    r     6.909          pin: u_video/u_phy/u0_lane_lvds_8_1/S_load_en_reg_syn_3.oqb
net (fo=20)                             0.866          7.775          net: u_video/u_phy/u0_lane_lvds_8_1/S_load_en_2d,  ../../../user_source/hdl_source/lane_lvds_10_1.v(21)
                                                                      pin: u_video/u_phy/u1_lane_lvds_8_1/S_shift_data_reg[2]_syn_2.id
LUT3 (reg)          x035y050z6          0.211    f     7.986       1  net: u_video/u_phy/u1_lane_lvds_8_1/S_shift_data[2],  ../../../user_source/hdl_source/lane_lvds_10_1.v(22)
--------------------------------------------------------------------  ---------------
Arrival                                                7.986               

source latency                          0.000          0.000               
port                C4                  0.000          0.000          pin: I_sys_clk
hierarchy                               0.000          0.000          pin: I_sys_clk_syn_2.ipad
HDIO                x033y078            0.745          0.745          pin: I_sys_clk_syn_2.sg09_di
HDIO                x033y078            0.629          1.374          pin: I_sys_clk_syn_2.di
net (fo=1)          x043y079            0.099          1.473          net: I_sys_clk_dup_1,  ../../../diagnostics/hdmi_positive/positive_top.v(54)
                                                                      pin: u_video/u_pll/u_ref/ph1p_phy_pll_wrapper_25a56e5ce2f9_Inst/u_PH1P_PHY_PLL.refclk
PLL                 x043y079            0.703          2.176          pin: u_video/u_pll/u_ref/ph1p_phy_pll_wrapper_25a56e5ce2f9_Inst/u_PH1P_PHY_PLL.clkc[0]
net (fo=1)                              0.711          2.887          net: u_video/u_pll/u_ref/clk0_buf,  ../../../user_source/hdl_source/native_hdmi_pll.v(32)
                                                                      pin: u_video/u_pll/u_ref/bufg_feedback.clkin[0]
GCLK                x023y039z16         0.014          2.901          pin: u_video/u_pll/u_ref/bufg_feedback.clkout
net (fo=1)                              0.322          3.223          net: u_video/u_pll/u_output/ph1p_phy_pll_wrapper_25a56e5ce2f9_Inst/refclk,  ../../../user_source/ip_source/PLL/RTL/ph1p_phy_pll_wrapper_25a56e5ce2f9.v(119)
                                                                      pin: u_video/u_pll/u_ref/bufg_feedback_auto_created_sclk_s_0_l_bk1.clkin
SCLK                x023y019z0          0.068          3.291          pin: u_video/u_pll/u_ref/bufg_feedback_auto_created_sclk_s_0_l_bk1.clkout
net (fo=1)          x000y039            0.255          3.546          net: u_video/u_pll/u_ref/bufg_feedback_auto_created_sclk_s_0_l_bk1_sclk_outnet,  NOFILE(0)
                                                                      pin: u_video/u_pll/u_output/ph1p_phy_pll_wrapper_25a56e5ce2f9_Inst/u_PH1P_PHY_PLL.refclk
PLL                 x000y039            0.708          4.254          pin: u_video/u_pll/u_output/ph1p_phy_pll_wrapper_25a56e5ce2f9_Inst/u_PH1P_PHY_PLL.clkc[1]
net (fo=1)                              0.689          4.943          net: u_video/u_phy/u0_lane_lvds_8_1/I_serial_clk,  ../../../user_source/hdl_source/lane_lvds_10_1.v(8)
                                                                      pin: u_video/u_phy/u0_lane_lvds_8_1/I_serial_clk_created_gclkinst.clkin[0]
GCLK                x023y039z0          0.014          4.957          pin: u_video/u_phy/u0_lane_lvds_8_1/I_serial_clk_created_gclkinst.clkout
net (fo=1)                              0.339          5.296          net: u_video/u_phy/u0_lane_lvds_8_1/I_serial_clk_syn_1,  ../../../user_source/hdl_source/lane_lvds_10_1.v(8)
                                                                      pin: u_video/u_phy/u0_lane_lvds_8_1/I_serial_clk_created_gclkinst_auto_created_sclk_s_1_r_bk1.clkin
SCLK                x023y059z12         0.068          5.364          pin: u_video/u_phy/u0_lane_lvds_8_1/I_serial_clk_created_gclkinst_auto_created_sclk_s_1_r_bk1.clkout
net (fo=37)                             0.554          5.918          net: u_video/u_phy/u0_lane_lvds_8_1/I_serial_clk_created_gclkinst_auto_created_sclk_s_1_r_bk1_sclk_outnet,  NOFILE(0)
                                                                      pin: u_video/u_phy/u1_lane_lvds_8_1/S_shift_data_reg[2]_syn_2.clk
capture edge                            2.693    r     8.611               
--------------------------------------------------------------------  ---------------
setup                                  -0.064          8.547               
clock uncertainty                      -0.077          8.470               
clock pessimism                         0.779          9.249               
--------------------------------------------------------------------  ---------------
Required                                               9.249               
--------------------------------------------------------------------  ---------------
Slack                                                  1.263               

Slack               : 1.263ns
Begin Point         : u_video/u_phy/u0_lane_lvds_8_1/S_load_en_reg_syn_3.clk (rising edge triggered by clock u_video/u_pll/u_output/ph1p_phy_pll_wrapper_25a56e5ce2f9_Inst/u_PH1P_PHY_PLL.clkc[1]  { rise@0.000000ns  fall@1.346000ns  period=2.693000 })
End Point           : u_video/u_phy/u2_lane_lvds_8_1/S_shift_data_reg[7]_syn_2.id (rising edge triggered by clock u_video/u_pll/u_output/ph1p_phy_pll_wrapper_25a56e5ce2f9_Inst/u_PH1P_PHY_PLL.clkc[1]  { rise@0.000000ns  fall@1.346000ns  period=2.693000 })
Check Type          : setup
Process             : slow_m40c
Budget              : 2.693ns { u_video/u_pll/u_output/ph1p_phy_pll_wrapper_25a56e5ce2f9_Inst/u_PH1P_PHY_PLL.clkc[1] rising@2.693ns - u_video/u_pll/u_output/ph1p_phy_pll_wrapper_25a56e5ce2f9_Inst/u_PH1P_PHY_PLL.clkc[1] rising@0.000ns }
Data Path Delay     : 1.214ns (cell 0.348ns (28%), net 0.866ns (72%))
Clock Skew          : 0.075ns
Logic Level         : 1 ( LUT3=1 )
Max Fanout          : 20
Clock Uncertainty   : 0.077ns (sdc uncertainty: 0.000ns, default uncertainty: 0.077ns)

Delay Type          Location             Incr           Path   Level  Netlist Info
--------------------------------------------------------------------  ---------------
source latency                          0.000          0.000               
port                C4                  0.000          0.000          pin: I_sys_clk
hierarchy                               0.000          0.000          pin: I_sys_clk_syn_2.ipad
HDIO                x033y078            0.810          0.810          pin: I_sys_clk_syn_2.sg09_di
HDIO                x033y078            0.684          1.494          pin: I_sys_clk_syn_2.di
net (fo=1)          x043y079            0.115          1.609          net: I_sys_clk_dup_1,  ../../../diagnostics/hdmi_positive/positive_top.v(54)
                                                                      pin: u_video/u_pll/u_ref/ph1p_phy_pll_wrapper_25a56e5ce2f9_Inst/u_PH1P_PHY_PLL.refclk
PLL                 x043y079            0.814          2.423          pin: u_video/u_pll/u_ref/ph1p_phy_pll_wrapper_25a56e5ce2f9_Inst/u_PH1P_PHY_PLL.clkc[0]
net (fo=1)                              0.830          3.253          net: u_video/u_pll/u_ref/clk0_buf,  ../../../user_source/hdl_source/native_hdmi_pll.v(32)
                                                                      pin: u_video/u_pll/u_ref/bufg_feedback.clkin[0]
GCLK                x023y039z16         0.016          3.269          pin: u_video/u_pll/u_ref/bufg_feedback.clkout
net (fo=1)                              0.375          3.644          net: u_video/u_pll/u_output/ph1p_phy_pll_wrapper_25a56e5ce2f9_Inst/refclk,  ../../../user_source/ip_source/PLL/RTL/ph1p_phy_pll_wrapper_25a56e5ce2f9.v(119)
                                                                      pin: u_video/u_pll/u_ref/bufg_feedback_auto_created_sclk_s_0_l_bk1.clkin
SCLK                x023y019z0          0.079          3.723          pin: u_video/u_pll/u_ref/bufg_feedback_auto_created_sclk_s_0_l_bk1.clkout
net (fo=1)          x000y039            0.299          4.022          net: u_video/u_pll/u_ref/bufg_feedback_auto_created_sclk_s_0_l_bk1_sclk_outnet,  NOFILE(0)
                                                                      pin: u_video/u_pll/u_output/ph1p_phy_pll_wrapper_25a56e5ce2f9_Inst/u_PH1P_PHY_PLL.refclk
PLL                 x000y039            0.818          4.840          pin: u_video/u_pll/u_output/ph1p_phy_pll_wrapper_25a56e5ce2f9_Inst/u_PH1P_PHY_PLL.clkc[1]
net (fo=1)                              0.805          5.645          net: u_video/u_phy/u0_lane_lvds_8_1/I_serial_clk,  ../../../user_source/hdl_source/lane_lvds_10_1.v(8)
                                                                      pin: u_video/u_phy/u0_lane_lvds_8_1/I_serial_clk_created_gclkinst.clkin[0]
GCLK                x023y039z0          0.016          5.661          pin: u_video/u_phy/u0_lane_lvds_8_1/I_serial_clk_created_gclkinst.clkout
net (fo=1)                              0.396          6.057          net: u_video/u_phy/u0_lane_lvds_8_1/I_serial_clk_syn_1,  ../../../user_source/hdl_source/lane_lvds_10_1.v(8)
                                                                      pin: u_video/u_phy/u0_lane_lvds_8_1/I_serial_clk_created_gclkinst_auto_created_sclk_s_1_r_bk1.clkin
SCLK                x023y059z12         0.079          6.136          pin: u_video/u_phy/u0_lane_lvds_8_1/I_serial_clk_created_gclkinst_auto_created_sclk_s_1_r_bk1.clkout
net (fo=37)                             0.636          6.772          net: u_video/u_phy/u0_lane_lvds_8_1/I_serial_clk_created_gclkinst_auto_created_sclk_s_1_r_bk1_sclk_outnet,  NOFILE(0)
                                                                      pin: u_video/u_phy/u0_lane_lvds_8_1/S_load_en_reg_syn_3.clk
launch edge                             0.000    r     6.772               
--------------------------------------------------------------------  ---------------
clk2q               x036y046z1          0.137    r     6.909          pin: u_video/u_phy/u0_lane_lvds_8_1/S_load_en_reg_syn_3.oqb
net (fo=20)                             0.866          7.775          net: u_video/u_phy/u0_lane_lvds_8_1/S_load_en_2d,  ../../../user_source/hdl_source/lane_lvds_10_1.v(21)
                                                                      pin: u_video/u_phy/u2_lane_lvds_8_1/S_shift_data_reg[7]_syn_2.id
LUT3 (reg)          x035y050z7          0.211    f     7.986       1  net: u_video/u_phy/u2_lane_lvds_8_1/S_shift_data[7],  ../../../user_source/hdl_source/lane_lvds_10_1.v(22)
--------------------------------------------------------------------  ---------------
Arrival                                                7.986               

source latency                          0.000          0.000               
port                C4                  0.000          0.000          pin: I_sys_clk
hierarchy                               0.000          0.000          pin: I_sys_clk_syn_2.ipad
HDIO                x033y078            0.745          0.745          pin: I_sys_clk_syn_2.sg09_di
HDIO                x033y078            0.629          1.374          pin: I_sys_clk_syn_2.di
net (fo=1)          x043y079            0.099          1.473          net: I_sys_clk_dup_1,  ../../../diagnostics/hdmi_positive/positive_top.v(54)
                                                                      pin: u_video/u_pll/u_ref/ph1p_phy_pll_wrapper_25a56e5ce2f9_Inst/u_PH1P_PHY_PLL.refclk
PLL                 x043y079            0.703          2.176          pin: u_video/u_pll/u_ref/ph1p_phy_pll_wrapper_25a56e5ce2f9_Inst/u_PH1P_PHY_PLL.clkc[0]
net (fo=1)                              0.711          2.887          net: u_video/u_pll/u_ref/clk0_buf,  ../../../user_source/hdl_source/native_hdmi_pll.v(32)
                                                                      pin: u_video/u_pll/u_ref/bufg_feedback.clkin[0]
GCLK                x023y039z16         0.014          2.901          pin: u_video/u_pll/u_ref/bufg_feedback.clkout
net (fo=1)                              0.322          3.223          net: u_video/u_pll/u_output/ph1p_phy_pll_wrapper_25a56e5ce2f9_Inst/refclk,  ../../../user_source/ip_source/PLL/RTL/ph1p_phy_pll_wrapper_25a56e5ce2f9.v(119)
                                                                      pin: u_video/u_pll/u_ref/bufg_feedback_auto_created_sclk_s_0_l_bk1.clkin
SCLK                x023y019z0          0.068          3.291          pin: u_video/u_pll/u_ref/bufg_feedback_auto_created_sclk_s_0_l_bk1.clkout
net (fo=1)          x000y039            0.255          3.546          net: u_video/u_pll/u_ref/bufg_feedback_auto_created_sclk_s_0_l_bk1_sclk_outnet,  NOFILE(0)
                                                                      pin: u_video/u_pll/u_output/ph1p_phy_pll_wrapper_25a56e5ce2f9_Inst/u_PH1P_PHY_PLL.refclk
PLL                 x000y039            0.708          4.254          pin: u_video/u_pll/u_output/ph1p_phy_pll_wrapper_25a56e5ce2f9_Inst/u_PH1P_PHY_PLL.clkc[1]
net (fo=1)                              0.689          4.943          net: u_video/u_phy/u0_lane_lvds_8_1/I_serial_clk,  ../../../user_source/hdl_source/lane_lvds_10_1.v(8)
                                                                      pin: u_video/u_phy/u0_lane_lvds_8_1/I_serial_clk_created_gclkinst.clkin[0]
GCLK                x023y039z0          0.014          4.957          pin: u_video/u_phy/u0_lane_lvds_8_1/I_serial_clk_created_gclkinst.clkout
net (fo=1)                              0.339          5.296          net: u_video/u_phy/u0_lane_lvds_8_1/I_serial_clk_syn_1,  ../../../user_source/hdl_source/lane_lvds_10_1.v(8)
                                                                      pin: u_video/u_phy/u0_lane_lvds_8_1/I_serial_clk_created_gclkinst_auto_created_sclk_s_1_r_bk1.clkin
SCLK                x023y059z12         0.068          5.364          pin: u_video/u_phy/u0_lane_lvds_8_1/I_serial_clk_created_gclkinst_auto_created_sclk_s_1_r_bk1.clkout
net (fo=37)                             0.554          5.918          net: u_video/u_phy/u0_lane_lvds_8_1/I_serial_clk_created_gclkinst_auto_created_sclk_s_1_r_bk1_sclk_outnet,  NOFILE(0)
                                                                      pin: u_video/u_phy/u2_lane_lvds_8_1/S_shift_data_reg[7]_syn_2.clk
capture edge                            2.693    r     8.611               
--------------------------------------------------------------------  ---------------
setup                                  -0.064          8.547               
clock uncertainty                      -0.077          8.470               
clock pessimism                         0.779          9.249               
--------------------------------------------------------------------  ---------------
Required                                               9.249               
--------------------------------------------------------------------  ---------------
Slack                                                  1.263               



Min Paths
----------------------------------------------------------------------------------------------------
Slack               : 0.054ns
Begin Point         : u_video/u_phy/u0_lane_lvds_8_1/S_load_en_1d_reg_syn_3.clk (rising edge triggered by clock u_video/u_pll/u_output/ph1p_phy_pll_wrapper_25a56e5ce2f9_Inst/u_PH1P_PHY_PLL.clkc[1]  { rise@0.000000ns  fall@1.346000ns  period=2.693000 })
End Point           : u_video/u_phy/u0_lane_lvds_8_1/S_load_en_reg_syn_3.imb (rising edge triggered by clock u_video/u_pll/u_output/ph1p_phy_pll_wrapper_25a56e5ce2f9_Inst/u_PH1P_PHY_PLL.clkc[1]  { rise@0.000000ns  fall@1.346000ns  period=2.693000 })
Check Type          : hold
Process             : fast_m40c
Budget              : 0.000ns { u_video/u_pll/u_output/ph1p_phy_pll_wrapper_25a56e5ce2f9_Inst/u_PH1P_PHY_PLL.clkc[1] rising@0.000ns - u_video/u_pll/u_output/ph1p_phy_pll_wrapper_25a56e5ce2f9_Inst/u_PH1P_PHY_PLL.clkc[1] rising@0.000ns }
Data Path Delay     : 0.116ns (cell 0.088ns (75%), net 0.028ns (25%))
Clock Skew          : 0.000ns
Logic Level         : 0
Max Fanout          : 1
Clock Uncertainty   : 0.050ns (sdc uncertainty: 0.000ns, default uncertainty: 0.050ns)

Delay Type          Location             Incr           Path   Level  Netlist Info
--------------------------------------------------------------------  ---------------
source latency                          0.000          0.000               
port                C4                  0.000          0.000          pin: I_sys_clk
hierarchy                               0.000          0.000          pin: I_sys_clk_syn_2.ipad
HDIO                x033y078            0.810          0.810          pin: I_sys_clk_syn_2.sg09_di
HDIO                x033y078            0.257          1.067          pin: I_sys_clk_syn_2.di
net (fo=1)          x043y079            0.040          1.107          net: I_sys_clk_dup_1,  ../../../diagnostics/hdmi_positive/positive_top.v(54)
                                                                      pin: u_video/u_pll/u_ref/ph1p_phy_pll_wrapper_25a56e5ce2f9_Inst/u_PH1P_PHY_PLL.refclk
PLL                 x043y079            0.367          1.474          pin: u_video/u_pll/u_ref/ph1p_phy_pll_wrapper_25a56e5ce2f9_Inst/u_PH1P_PHY_PLL.clkc[0]
net (fo=1)                              0.312          1.786          net: u_video/u_pll/u_ref/clk0_buf,  ../../../user_source/hdl_source/native_hdmi_pll.v(32)
                                                                      pin: u_video/u_pll/u_ref/bufg_feedback.clkin[0]
GCLK                x023y039z16         0.006          1.792          pin: u_video/u_pll/u_ref/bufg_feedback.clkout
net (fo=1)                              0.136          1.928          net: u_video/u_pll/u_output/ph1p_phy_pll_wrapper_25a56e5ce2f9_Inst/refclk,  ../../../user_source/ip_source/PLL/RTL/ph1p_phy_pll_wrapper_25a56e5ce2f9.v(119)
                                                                      pin: u_video/u_pll/u_ref/bufg_feedback_auto_created_sclk_s_0_l_bk1.clkin
SCLK                x023y019z0          0.025          1.953          pin: u_video/u_pll/u_ref/bufg_feedback_auto_created_sclk_s_0_l_bk1.clkout
net (fo=1)          x000y039            0.121          2.074          net: u_video/u_pll/u_ref/bufg_feedback_auto_created_sclk_s_0_l_bk1_sclk_outnet,  NOFILE(0)
                                                                      pin: u_video/u_pll/u_output/ph1p_phy_pll_wrapper_25a56e5ce2f9_Inst/u_PH1P_PHY_PLL.refclk
PLL                 x000y039            0.367          2.441          pin: u_video/u_pll/u_output/ph1p_phy_pll_wrapper_25a56e5ce2f9_Inst/u_PH1P_PHY_PLL.clkc[1]
net (fo=1)                              0.307          2.748          net: u_video/u_phy/u0_lane_lvds_8_1/I_serial_clk,  ../../../user_source/hdl_source/lane_lvds_10_1.v(8)
                                                                      pin: u_video/u_phy/u0_lane_lvds_8_1/I_serial_clk_created_gclkinst.clkin[0]
GCLK                x023y039z0          0.006          2.754          pin: u_video/u_phy/u0_lane_lvds_8_1/I_serial_clk_created_gclkinst.clkout
net (fo=1)                              0.143          2.897          net: u_video/u_phy/u0_lane_lvds_8_1/I_serial_clk_syn_1,  ../../../user_source/hdl_source/lane_lvds_10_1.v(8)
                                                                      pin: u_video/u_phy/u0_lane_lvds_8_1/I_serial_clk_created_gclkinst_auto_created_sclk_s_1_r_bk1.clkin
SCLK                x023y059z12         0.025          2.922          pin: u_video/u_phy/u0_lane_lvds_8_1/I_serial_clk_created_gclkinst_auto_created_sclk_s_1_r_bk1.clkout
net (fo=37)                             0.221          3.143          net: u_video/u_phy/u0_lane_lvds_8_1/I_serial_clk_created_gclkinst_auto_created_sclk_s_1_r_bk1_sclk_outnet,  NOFILE(0)
                                                                      pin: u_video/u_phy/u0_lane_lvds_8_1/S_load_en_1d_reg_syn_3.clk
launch edge                             0.000    r     3.143               
--------------------------------------------------------------------  ---------------
clk2q               x036y046z2          0.062    f     3.205          pin: u_video/u_phy/u0_lane_lvds_8_1/S_load_en_1d_reg_syn_3.oqa
net (fo=1)                              0.028          3.233          net: u_video/u_phy/u0_lane_lvds_8_1/S_load_en_1d,  ../../../user_source/hdl_source/lane_lvds_10_1.v(20)
                                                                      pin: u_video/u_phy/u0_lane_lvds_8_1/S_load_en_reg_syn_3.imb
reg                 x036y046z1          0.026    f     3.259          net: u_video/u_phy/u0_lane_lvds_8_1/S_load_en_2d,  ../../../user_source/hdl_source/lane_lvds_10_1.v(21)
--------------------------------------------------------------------  ---------------
Arrival                                                3.259               

source latency                          0.000          0.000               
port                C4                  0.000          0.000          pin: I_sys_clk
hierarchy                               0.000          0.000          pin: I_sys_clk_syn_2.ipad
HDIO                x033y078            0.915          0.915          pin: I_sys_clk_syn_2.sg09_di
HDIO                x033y078            0.290          1.205          pin: I_sys_clk_syn_2.di
net (fo=1)          x043y079            0.043          1.248          net: I_sys_clk_dup_1,  ../../../diagnostics/hdmi_positive/positive_top.v(54)
                                                                      pin: u_video/u_pll/u_ref/ph1p_phy_pll_wrapper_25a56e5ce2f9_Inst/u_PH1P_PHY_PLL.refclk
PLL                 x043y079            0.435          1.683          pin: u_video/u_pll/u_ref/ph1p_phy_pll_wrapper_25a56e5ce2f9_Inst/u_PH1P_PHY_PLL.clkc[0]
net (fo=1)                              0.339          2.022          net: u_video/u_pll/u_ref/clk0_buf,  ../../../user_source/hdl_source/native_hdmi_pll.v(32)
                                                                      pin: u_video/u_pll/u_ref/bufg_feedback.clkin[0]
GCLK                x023y039z16         0.007          2.029          pin: u_video/u_pll/u_ref/bufg_feedback.clkout
net (fo=1)                              0.148          2.177          net: u_video/u_pll/u_output/ph1p_phy_pll_wrapper_25a56e5ce2f9_Inst/refclk,  ../../../user_source/ip_source/PLL/RTL/ph1p_phy_pll_wrapper_25a56e5ce2f9.v(119)
                                                                      pin: u_video/u_pll/u_ref/bufg_feedback_auto_created_sclk_s_0_l_bk1.clkin
SCLK                x023y019z0          0.030          2.207          pin: u_video/u_pll/u_ref/bufg_feedback_auto_created_sclk_s_0_l_bk1.clkout
net (fo=1)          x000y039            0.131          2.338          net: u_video/u_pll/u_ref/bufg_feedback_auto_created_sclk_s_0_l_bk1_sclk_outnet,  NOFILE(0)
                                                                      pin: u_video/u_pll/u_output/ph1p_phy_pll_wrapper_25a56e5ce2f9_Inst/u_PH1P_PHY_PLL.refclk
PLL                 x000y039            0.436          2.774          pin: u_video/u_pll/u_output/ph1p_phy_pll_wrapper_25a56e5ce2f9_Inst/u_PH1P_PHY_PLL.clkc[1]
net (fo=1)                              0.334          3.108          net: u_video/u_phy/u0_lane_lvds_8_1/I_serial_clk,  ../../../user_source/hdl_source/lane_lvds_10_1.v(8)
                                                                      pin: u_video/u_phy/u0_lane_lvds_8_1/I_serial_clk_created_gclkinst.clkin[0]
GCLK                x023y039z0          0.007          3.115          pin: u_video/u_phy/u0_lane_lvds_8_1/I_serial_clk_created_gclkinst.clkout
net (fo=1)                              0.155          3.270          net: u_video/u_phy/u0_lane_lvds_8_1/I_serial_clk_syn_1,  ../../../user_source/hdl_source/lane_lvds_10_1.v(8)
                                                                      pin: u_video/u_phy/u0_lane_lvds_8_1/I_serial_clk_created_gclkinst_auto_created_sclk_s_1_r_bk1.clkin
SCLK                x023y059z12         0.030          3.300          pin: u_video/u_phy/u0_lane_lvds_8_1/I_serial_clk_created_gclkinst_auto_created_sclk_s_1_r_bk1.clkout
net (fo=37)                             0.244          3.544          net: u_video/u_phy/u0_lane_lvds_8_1/I_serial_clk_created_gclkinst_auto_created_sclk_s_1_r_bk1_sclk_outnet,  NOFILE(0)
                                                                      pin: u_video/u_phy/u0_lane_lvds_8_1/S_load_en_reg_syn_3.clk
capture edge                            0.000    r     3.544               
--------------------------------------------------------------------  ---------------
hold                                    0.012          3.556               
clock uncertainty                       0.050          3.606               
clock pessimism                        -0.401          3.205               
--------------------------------------------------------------------  ---------------
Required                                               3.205               
--------------------------------------------------------------------  ---------------
Slack                                                  0.054               

Slack               : 0.057ns
Begin Point         : u_video/u_phy/u0_lane_lvds_8_1/S_load_en_reg_syn_3.clk (rising edge triggered by clock u_video/u_pll/u_output/ph1p_phy_pll_wrapper_25a56e5ce2f9_Inst/u_PH1P_PHY_PLL.clkc[1]  { rise@0.000000ns  fall@1.346000ns  period=2.693000 })
End Point           : u_video/u_phy/u0_lane_lvds_8_1/S_load_en_1d_reg_syn_3.ima (rising edge triggered by clock u_video/u_pll/u_output/ph1p_phy_pll_wrapper_25a56e5ce2f9_Inst/u_PH1P_PHY_PLL.clkc[1]  { rise@0.000000ns  fall@1.346000ns  period=2.693000 })
Check Type          : hold
Process             : fast_m40c
Budget              : 0.000ns { u_video/u_pll/u_output/ph1p_phy_pll_wrapper_25a56e5ce2f9_Inst/u_PH1P_PHY_PLL.clkc[1] rising@0.000ns - u_video/u_pll/u_output/ph1p_phy_pll_wrapper_25a56e5ce2f9_Inst/u_PH1P_PHY_PLL.clkc[1] rising@0.000ns }
Data Path Delay     : 0.119ns (cell 0.091ns (76%), net 0.028ns (24%))
Clock Skew          : 0.000ns
Logic Level         : 0
Max Fanout          : 1
Clock Uncertainty   : 0.050ns (sdc uncertainty: 0.000ns, default uncertainty: 0.050ns)

Delay Type          Location             Incr           Path   Level  Netlist Info
--------------------------------------------------------------------  ---------------
source latency                          0.000          0.000               
port                C4                  0.000          0.000          pin: I_sys_clk
hierarchy                               0.000          0.000          pin: I_sys_clk_syn_2.ipad
HDIO                x033y078            0.810          0.810          pin: I_sys_clk_syn_2.sg09_di
HDIO                x033y078            0.257          1.067          pin: I_sys_clk_syn_2.di
net (fo=1)          x043y079            0.040          1.107          net: I_sys_clk_dup_1,  ../../../diagnostics/hdmi_positive/positive_top.v(54)
                                                                      pin: u_video/u_pll/u_ref/ph1p_phy_pll_wrapper_25a56e5ce2f9_Inst/u_PH1P_PHY_PLL.refclk
PLL                 x043y079            0.367          1.474          pin: u_video/u_pll/u_ref/ph1p_phy_pll_wrapper_25a56e5ce2f9_Inst/u_PH1P_PHY_PLL.clkc[0]
net (fo=1)                              0.312          1.786          net: u_video/u_pll/u_ref/clk0_buf,  ../../../user_source/hdl_source/native_hdmi_pll.v(32)
                                                                      pin: u_video/u_pll/u_ref/bufg_feedback.clkin[0]
GCLK                x023y039z16         0.006          1.792          pin: u_video/u_pll/u_ref/bufg_feedback.clkout
net (fo=1)                              0.136          1.928          net: u_video/u_pll/u_output/ph1p_phy_pll_wrapper_25a56e5ce2f9_Inst/refclk,  ../../../user_source/ip_source/PLL/RTL/ph1p_phy_pll_wrapper_25a56e5ce2f9.v(119)
                                                                      pin: u_video/u_pll/u_ref/bufg_feedback_auto_created_sclk_s_0_l_bk1.clkin
SCLK                x023y019z0          0.025          1.953          pin: u_video/u_pll/u_ref/bufg_feedback_auto_created_sclk_s_0_l_bk1.clkout
net (fo=1)          x000y039            0.121          2.074          net: u_video/u_pll/u_ref/bufg_feedback_auto_created_sclk_s_0_l_bk1_sclk_outnet,  NOFILE(0)
                                                                      pin: u_video/u_pll/u_output/ph1p_phy_pll_wrapper_25a56e5ce2f9_Inst/u_PH1P_PHY_PLL.refclk
PLL                 x000y039            0.367          2.441          pin: u_video/u_pll/u_output/ph1p_phy_pll_wrapper_25a56e5ce2f9_Inst/u_PH1P_PHY_PLL.clkc[1]
net (fo=1)                              0.307          2.748          net: u_video/u_phy/u0_lane_lvds_8_1/I_serial_clk,  ../../../user_source/hdl_source/lane_lvds_10_1.v(8)
                                                                      pin: u_video/u_phy/u0_lane_lvds_8_1/I_serial_clk_created_gclkinst.clkin[0]
GCLK                x023y039z0          0.006          2.754          pin: u_video/u_phy/u0_lane_lvds_8_1/I_serial_clk_created_gclkinst.clkout
net (fo=1)                              0.143          2.897          net: u_video/u_phy/u0_lane_lvds_8_1/I_serial_clk_syn_1,  ../../../user_source/hdl_source/lane_lvds_10_1.v(8)
                                                                      pin: u_video/u_phy/u0_lane_lvds_8_1/I_serial_clk_created_gclkinst_auto_created_sclk_s_1_r_bk1.clkin
SCLK                x023y059z12         0.025          2.922          pin: u_video/u_phy/u0_lane_lvds_8_1/I_serial_clk_created_gclkinst_auto_created_sclk_s_1_r_bk1.clkout
net (fo=37)                             0.221          3.143          net: u_video/u_phy/u0_lane_lvds_8_1/I_serial_clk_created_gclkinst_auto_created_sclk_s_1_r_bk1_sclk_outnet,  NOFILE(0)
                                                                      pin: u_video/u_phy/u0_lane_lvds_8_1/S_load_en_reg_syn_3.clk
launch edge                             0.000    r     3.143               
--------------------------------------------------------------------  ---------------
clk2q               x036y046z1          0.062    f     3.205          pin: u_video/u_phy/u0_lane_lvds_8_1/S_load_en_reg_syn_3.oqa
net (fo=1)                              0.028          3.233          net: u_video/u_phy/u0_lane_lvds_8_1/S_load_en,  ../../../user_source/hdl_source/lane_lvds_10_1.v(19)
                                                                      pin: u_video/u_phy/u0_lane_lvds_8_1/S_load_en_1d_reg_syn_3.ima
reg                 x036y046z2          0.029    f     3.262          net: u_video/u_phy/u0_lane_lvds_8_1/S_load_en_1d,  ../../../user_source/hdl_source/lane_lvds_10_1.v(20)
--------------------------------------------------------------------  ---------------
Arrival                                                3.262               

source latency                          0.000          0.000               
port                C4                  0.000          0.000          pin: I_sys_clk
hierarchy                               0.000          0.000          pin: I_sys_clk_syn_2.ipad
HDIO                x033y078            0.915          0.915          pin: I_sys_clk_syn_2.sg09_di
HDIO                x033y078            0.290          1.205          pin: I_sys_clk_syn_2.di
net (fo=1)          x043y079            0.043          1.248          net: I_sys_clk_dup_1,  ../../../diagnostics/hdmi_positive/positive_top.v(54)
                                                                      pin: u_video/u_pll/u_ref/ph1p_phy_pll_wrapper_25a56e5ce2f9_Inst/u_PH1P_PHY_PLL.refclk
PLL                 x043y079            0.435          1.683          pin: u_video/u_pll/u_ref/ph1p_phy_pll_wrapper_25a56e5ce2f9_Inst/u_PH1P_PHY_PLL.clkc[0]
net (fo=1)                              0.339          2.022          net: u_video/u_pll/u_ref/clk0_buf,  ../../../user_source/hdl_source/native_hdmi_pll.v(32)
                                                                      pin: u_video/u_pll/u_ref/bufg_feedback.clkin[0]
GCLK                x023y039z16         0.007          2.029          pin: u_video/u_pll/u_ref/bufg_feedback.clkout
net (fo=1)                              0.148          2.177          net: u_video/u_pll/u_output/ph1p_phy_pll_wrapper_25a56e5ce2f9_Inst/refclk,  ../../../user_source/ip_source/PLL/RTL/ph1p_phy_pll_wrapper_25a56e5ce2f9.v(119)
                                                                      pin: u_video/u_pll/u_ref/bufg_feedback_auto_created_sclk_s_0_l_bk1.clkin
SCLK                x023y019z0          0.030          2.207          pin: u_video/u_pll/u_ref/bufg_feedback_auto_created_sclk_s_0_l_bk1.clkout
net (fo=1)          x000y039            0.131          2.338          net: u_video/u_pll/u_ref/bufg_feedback_auto_created_sclk_s_0_l_bk1_sclk_outnet,  NOFILE(0)
                                                                      pin: u_video/u_pll/u_output/ph1p_phy_pll_wrapper_25a56e5ce2f9_Inst/u_PH1P_PHY_PLL.refclk
PLL                 x000y039            0.436          2.774          pin: u_video/u_pll/u_output/ph1p_phy_pll_wrapper_25a56e5ce2f9_Inst/u_PH1P_PHY_PLL.clkc[1]
net (fo=1)                              0.334          3.108          net: u_video/u_phy/u0_lane_lvds_8_1/I_serial_clk,  ../../../user_source/hdl_source/lane_lvds_10_1.v(8)
                                                                      pin: u_video/u_phy/u0_lane_lvds_8_1/I_serial_clk_created_gclkinst.clkin[0]
GCLK                x023y039z0          0.007          3.115          pin: u_video/u_phy/u0_lane_lvds_8_1/I_serial_clk_created_gclkinst.clkout
net (fo=1)                              0.155          3.270          net: u_video/u_phy/u0_lane_lvds_8_1/I_serial_clk_syn_1,  ../../../user_source/hdl_source/lane_lvds_10_1.v(8)
                                                                      pin: u_video/u_phy/u0_lane_lvds_8_1/I_serial_clk_created_gclkinst_auto_created_sclk_s_1_r_bk1.clkin
SCLK                x023y059z12         0.030          3.300          pin: u_video/u_phy/u0_lane_lvds_8_1/I_serial_clk_created_gclkinst_auto_created_sclk_s_1_r_bk1.clkout
net (fo=37)                             0.244          3.544          net: u_video/u_phy/u0_lane_lvds_8_1/I_serial_clk_created_gclkinst_auto_created_sclk_s_1_r_bk1_sclk_outnet,  NOFILE(0)
                                                                      pin: u_video/u_phy/u0_lane_lvds_8_1/S_load_en_1d_reg_syn_3.clk
capture edge                            0.000    r     3.544               
--------------------------------------------------------------------  ---------------
hold                                    0.012          3.556               
clock uncertainty                       0.050          3.606               
clock pessimism                        -0.401          3.205               
--------------------------------------------------------------------  ---------------
Required                                               3.205               
--------------------------------------------------------------------  ---------------
Slack                                                  0.057               

Slack               : 0.072ns
Begin Point         : u_video/u_phy/u3_lane_lvds_8_1/S_shift_data_reg[5]_syn_2.clk (rising edge triggered by clock u_video/u_pll/u_output/ph1p_phy_pll_wrapper_25a56e5ce2f9_Inst/u_PH1P_PHY_PLL.clkc[1]  { rise@0.000000ns  fall@1.346000ns  period=2.693000 })
End Point           : u_video/u_phy/u3_lane_lvds_8_1/S_shift_data_reg[9]_syn_2.ie (rising edge triggered by clock u_video/u_pll/u_output/ph1p_phy_pll_wrapper_25a56e5ce2f9_Inst/u_PH1P_PHY_PLL.clkc[1]  { rise@0.000000ns  fall@1.346000ns  period=2.693000 })
Check Type          : hold
Process             : fast_m40c
Budget              : 0.000ns { u_video/u_pll/u_output/ph1p_phy_pll_wrapper_25a56e5ce2f9_Inst/u_PH1P_PHY_PLL.clkc[1] rising@0.000ns - u_video/u_pll/u_output/ph1p_phy_pll_wrapper_25a56e5ce2f9_Inst/u_PH1P_PHY_PLL.clkc[1] rising@0.000ns }
Data Path Delay     : 0.134ns (cell 0.106ns (79%), net 0.028ns (21%))
Clock Skew          : 0.000ns
Logic Level         : 1 ( LUT2=1 )
Max Fanout          : 1
Clock Uncertainty   : 0.050ns (sdc uncertainty: 0.000ns, default uncertainty: 0.050ns)

Delay Type          Location             Incr           Path   Level  Netlist Info
--------------------------------------------------------------------  ---------------
source latency                          0.000          0.000               
port                C4                  0.000          0.000          pin: I_sys_clk
hierarchy                               0.000          0.000          pin: I_sys_clk_syn_2.ipad
HDIO                x033y078            0.810          0.810          pin: I_sys_clk_syn_2.sg09_di
HDIO                x033y078            0.257          1.067          pin: I_sys_clk_syn_2.di
net (fo=1)          x043y079            0.040          1.107          net: I_sys_clk_dup_1,  ../../../diagnostics/hdmi_positive/positive_top.v(54)
                                                                      pin: u_video/u_pll/u_ref/ph1p_phy_pll_wrapper_25a56e5ce2f9_Inst/u_PH1P_PHY_PLL.refclk
PLL                 x043y079            0.367          1.474          pin: u_video/u_pll/u_ref/ph1p_phy_pll_wrapper_25a56e5ce2f9_Inst/u_PH1P_PHY_PLL.clkc[0]
net (fo=1)                              0.312          1.786          net: u_video/u_pll/u_ref/clk0_buf,  ../../../user_source/hdl_source/native_hdmi_pll.v(32)
                                                                      pin: u_video/u_pll/u_ref/bufg_feedback.clkin[0]
GCLK                x023y039z16         0.006          1.792          pin: u_video/u_pll/u_ref/bufg_feedback.clkout
net (fo=1)                              0.136          1.928          net: u_video/u_pll/u_output/ph1p_phy_pll_wrapper_25a56e5ce2f9_Inst/refclk,  ../../../user_source/ip_source/PLL/RTL/ph1p_phy_pll_wrapper_25a56e5ce2f9.v(119)
                                                                      pin: u_video/u_pll/u_ref/bufg_feedback_auto_created_sclk_s_0_l_bk1.clkin
SCLK                x023y019z0          0.025          1.953          pin: u_video/u_pll/u_ref/bufg_feedback_auto_created_sclk_s_0_l_bk1.clkout
net (fo=1)          x000y039            0.121          2.074          net: u_video/u_pll/u_ref/bufg_feedback_auto_created_sclk_s_0_l_bk1_sclk_outnet,  NOFILE(0)
                                                                      pin: u_video/u_pll/u_output/ph1p_phy_pll_wrapper_25a56e5ce2f9_Inst/u_PH1P_PHY_PLL.refclk
PLL                 x000y039            0.367          2.441          pin: u_video/u_pll/u_output/ph1p_phy_pll_wrapper_25a56e5ce2f9_Inst/u_PH1P_PHY_PLL.clkc[1]
net (fo=1)                              0.307          2.748          net: u_video/u_phy/u0_lane_lvds_8_1/I_serial_clk,  ../../../user_source/hdl_source/lane_lvds_10_1.v(8)
                                                                      pin: u_video/u_phy/u0_lane_lvds_8_1/I_serial_clk_created_gclkinst.clkin[0]
GCLK                x023y039z0          0.006          2.754          pin: u_video/u_phy/u0_lane_lvds_8_1/I_serial_clk_created_gclkinst.clkout
net (fo=1)                              0.143          2.897          net: u_video/u_phy/u0_lane_lvds_8_1/I_serial_clk_syn_1,  ../../../user_source/hdl_source/lane_lvds_10_1.v(8)
                                                                      pin: u_video/u_phy/u0_lane_lvds_8_1/I_serial_clk_created_gclkinst_auto_created_sclk_s_1_r_bk1.clkin
SCLK                x023y059z12         0.025          2.922          pin: u_video/u_phy/u0_lane_lvds_8_1/I_serial_clk_created_gclkinst_auto_created_sclk_s_1_r_bk1.clkout
net (fo=37)                             0.222          3.144          net: u_video/u_phy/u0_lane_lvds_8_1/I_serial_clk_created_gclkinst_auto_created_sclk_s_1_r_bk1_sclk_outnet,  NOFILE(0)
                                                                      pin: u_video/u_phy/u3_lane_lvds_8_1/S_shift_data_reg[5]_syn_2.clk
launch edge                             0.000    r     3.144               
--------------------------------------------------------------------  ---------------
clk2q               x035y049z4          0.062    f     3.206          pin: u_video/u_phy/u3_lane_lvds_8_1/S_shift_data_reg[5]_syn_2.oqa
net (fo=1)                              0.028          3.234          net: u_video/u_phy/u3_lane_lvds_8_1/S_shift_data[5],  ../../../user_source/hdl_source/lane_lvds_10_1.v(22)
                                                                      pin: u_video/u_phy/u3_lane_lvds_8_1/S_shift_data_reg[9]_syn_2.ie
LUT2 (reg)          x035y049z6          0.044    f     3.278       1  net: u_video/u_phy/u3_lane_lvds_8_1/S_shift_data[7],  ../../../user_source/hdl_source/lane_lvds_10_1.v(22)
--------------------------------------------------------------------  ---------------
Arrival                                                3.278               

source latency                          0.000          0.000               
port                C4                  0.000          0.000          pin: I_sys_clk
hierarchy                               0.000          0.000          pin: I_sys_clk_syn_2.ipad
HDIO                x033y078            0.915          0.915          pin: I_sys_clk_syn_2.sg09_di
HDIO                x033y078            0.290          1.205          pin: I_sys_clk_syn_2.di
net (fo=1)          x043y079            0.043          1.248          net: I_sys_clk_dup_1,  ../../../diagnostics/hdmi_positive/positive_top.v(54)
                                                                      pin: u_video/u_pll/u_ref/ph1p_phy_pll_wrapper_25a56e5ce2f9_Inst/u_PH1P_PHY_PLL.refclk
PLL                 x043y079            0.435          1.683          pin: u_video/u_pll/u_ref/ph1p_phy_pll_wrapper_25a56e5ce2f9_Inst/u_PH1P_PHY_PLL.clkc[0]
net (fo=1)                              0.339          2.022          net: u_video/u_pll/u_ref/clk0_buf,  ../../../user_source/hdl_source/native_hdmi_pll.v(32)
                                                                      pin: u_video/u_pll/u_ref/bufg_feedback.clkin[0]
GCLK                x023y039z16         0.007          2.029          pin: u_video/u_pll/u_ref/bufg_feedback.clkout
net (fo=1)                              0.148          2.177          net: u_video/u_pll/u_output/ph1p_phy_pll_wrapper_25a56e5ce2f9_Inst/refclk,  ../../../user_source/ip_source/PLL/RTL/ph1p_phy_pll_wrapper_25a56e5ce2f9.v(119)
                                                                      pin: u_video/u_pll/u_ref/bufg_feedback_auto_created_sclk_s_0_l_bk1.clkin
SCLK                x023y019z0          0.030          2.207          pin: u_video/u_pll/u_ref/bufg_feedback_auto_created_sclk_s_0_l_bk1.clkout
net (fo=1)          x000y039            0.131          2.338          net: u_video/u_pll/u_ref/bufg_feedback_auto_created_sclk_s_0_l_bk1_sclk_outnet,  NOFILE(0)
                                                                      pin: u_video/u_pll/u_output/ph1p_phy_pll_wrapper_25a56e5ce2f9_Inst/u_PH1P_PHY_PLL.refclk
PLL                 x000y039            0.436          2.774          pin: u_video/u_pll/u_output/ph1p_phy_pll_wrapper_25a56e5ce2f9_Inst/u_PH1P_PHY_PLL.clkc[1]
net (fo=1)                              0.334          3.108          net: u_video/u_phy/u0_lane_lvds_8_1/I_serial_clk,  ../../../user_source/hdl_source/lane_lvds_10_1.v(8)
                                                                      pin: u_video/u_phy/u0_lane_lvds_8_1/I_serial_clk_created_gclkinst.clkin[0]
GCLK                x023y039z0          0.007          3.115          pin: u_video/u_phy/u0_lane_lvds_8_1/I_serial_clk_created_gclkinst.clkout
net (fo=1)                              0.155          3.270          net: u_video/u_phy/u0_lane_lvds_8_1/I_serial_clk_syn_1,  ../../../user_source/hdl_source/lane_lvds_10_1.v(8)
                                                                      pin: u_video/u_phy/u0_lane_lvds_8_1/I_serial_clk_created_gclkinst_auto_created_sclk_s_1_r_bk1.clkin
SCLK                x023y059z12         0.030          3.300          pin: u_video/u_phy/u0_lane_lvds_8_1/I_serial_clk_created_gclkinst_auto_created_sclk_s_1_r_bk1.clkout
net (fo=37)                             0.245          3.545          net: u_video/u_phy/u0_lane_lvds_8_1/I_serial_clk_created_gclkinst_auto_created_sclk_s_1_r_bk1_sclk_outnet,  NOFILE(0)
                                                                      pin: u_video/u_phy/u3_lane_lvds_8_1/S_shift_data_reg[9]_syn_2.clk
capture edge                            0.000    r     3.545               
--------------------------------------------------------------------  ---------------
hold                                    0.012          3.557               
clock uncertainty                       0.050          3.607               
clock pessimism                        -0.401          3.206               
--------------------------------------------------------------------  ---------------
Required                                               3.206               
--------------------------------------------------------------------  ---------------
Slack                                                  0.072               

Slack               : 0.072ns
Begin Point         : u_video/u_phy/u2_lane_lvds_8_1/S_shift_data_reg[1]_syn_2.clk (rising edge triggered by clock u_video/u_pll/u_output/ph1p_phy_pll_wrapper_25a56e5ce2f9_Inst/u_PH1P_PHY_PLL.clkc[1]  { rise@0.000000ns  fall@1.346000ns  period=2.693000 })
End Point           : u_video/u_phy/u2_lane_lvds_8_1/S_shift_data_reg[7]_syn_2.ie (rising edge triggered by clock u_video/u_pll/u_output/ph1p_phy_pll_wrapper_25a56e5ce2f9_Inst/u_PH1P_PHY_PLL.clkc[1]  { rise@0.000000ns  fall@1.346000ns  period=2.693000 })
Check Type          : hold
Process             : fast_m40c
Budget              : 0.000ns { u_video/u_pll/u_output/ph1p_phy_pll_wrapper_25a56e5ce2f9_Inst/u_PH1P_PHY_PLL.clkc[1] rising@0.000ns - u_video/u_pll/u_output/ph1p_phy_pll_wrapper_25a56e5ce2f9_Inst/u_PH1P_PHY_PLL.clkc[1] rising@0.000ns }
Data Path Delay     : 0.134ns (cell 0.106ns (79%), net 0.028ns (21%))
Clock Skew          : 0.000ns
Logic Level         : 1 ( LUT3=1 )
Max Fanout          : 1
Clock Uncertainty   : 0.050ns (sdc uncertainty: 0.000ns, default uncertainty: 0.050ns)

Delay Type          Location             Incr           Path   Level  Netlist Info
--------------------------------------------------------------------  ---------------
source latency                          0.000          0.000               
port                C4                  0.000          0.000          pin: I_sys_clk
hierarchy                               0.000          0.000          pin: I_sys_clk_syn_2.ipad
HDIO                x033y078            0.810          0.810          pin: I_sys_clk_syn_2.sg09_di
HDIO                x033y078            0.257          1.067          pin: I_sys_clk_syn_2.di
net (fo=1)          x043y079            0.040          1.107          net: I_sys_clk_dup_1,  ../../../diagnostics/hdmi_positive/positive_top.v(54)
                                                                      pin: u_video/u_pll/u_ref/ph1p_phy_pll_wrapper_25a56e5ce2f9_Inst/u_PH1P_PHY_PLL.refclk
PLL                 x043y079            0.367          1.474          pin: u_video/u_pll/u_ref/ph1p_phy_pll_wrapper_25a56e5ce2f9_Inst/u_PH1P_PHY_PLL.clkc[0]
net (fo=1)                              0.312          1.786          net: u_video/u_pll/u_ref/clk0_buf,  ../../../user_source/hdl_source/native_hdmi_pll.v(32)
                                                                      pin: u_video/u_pll/u_ref/bufg_feedback.clkin[0]
GCLK                x023y039z16         0.006          1.792          pin: u_video/u_pll/u_ref/bufg_feedback.clkout
net (fo=1)                              0.136          1.928          net: u_video/u_pll/u_output/ph1p_phy_pll_wrapper_25a56e5ce2f9_Inst/refclk,  ../../../user_source/ip_source/PLL/RTL/ph1p_phy_pll_wrapper_25a56e5ce2f9.v(119)
                                                                      pin: u_video/u_pll/u_ref/bufg_feedback_auto_created_sclk_s_0_l_bk1.clkin
SCLK                x023y019z0          0.025          1.953          pin: u_video/u_pll/u_ref/bufg_feedback_auto_created_sclk_s_0_l_bk1.clkout
net (fo=1)          x000y039            0.121          2.074          net: u_video/u_pll/u_ref/bufg_feedback_auto_created_sclk_s_0_l_bk1_sclk_outnet,  NOFILE(0)
                                                                      pin: u_video/u_pll/u_output/ph1p_phy_pll_wrapper_25a56e5ce2f9_Inst/u_PH1P_PHY_PLL.refclk
PLL                 x000y039            0.367          2.441          pin: u_video/u_pll/u_output/ph1p_phy_pll_wrapper_25a56e5ce2f9_Inst/u_PH1P_PHY_PLL.clkc[1]
net (fo=1)                              0.307          2.748          net: u_video/u_phy/u0_lane_lvds_8_1/I_serial_clk,  ../../../user_source/hdl_source/lane_lvds_10_1.v(8)
                                                                      pin: u_video/u_phy/u0_lane_lvds_8_1/I_serial_clk_created_gclkinst.clkin[0]
GCLK                x023y039z0          0.006          2.754          pin: u_video/u_phy/u0_lane_lvds_8_1/I_serial_clk_created_gclkinst.clkout
net (fo=1)                              0.143          2.897          net: u_video/u_phy/u0_lane_lvds_8_1/I_serial_clk_syn_1,  ../../../user_source/hdl_source/lane_lvds_10_1.v(8)
                                                                      pin: u_video/u_phy/u0_lane_lvds_8_1/I_serial_clk_created_gclkinst_auto_created_sclk_s_1_r_bk1.clkin
SCLK                x023y059z12         0.025          2.922          pin: u_video/u_phy/u0_lane_lvds_8_1/I_serial_clk_created_gclkinst_auto_created_sclk_s_1_r_bk1.clkout
net (fo=37)                             0.222          3.144          net: u_video/u_phy/u0_lane_lvds_8_1/I_serial_clk_created_gclkinst_auto_created_sclk_s_1_r_bk1_sclk_outnet,  NOFILE(0)
                                                                      pin: u_video/u_phy/u2_lane_lvds_8_1/S_shift_data_reg[1]_syn_2.clk
launch edge                             0.000    r     3.144               
--------------------------------------------------------------------  ---------------
clk2q               x035y050z4          0.062    f     3.206          pin: u_video/u_phy/u2_lane_lvds_8_1/S_shift_data_reg[1]_syn_2.oqa
net (fo=1)                              0.028          3.234          net: u_video/u_phy/u2_lane_lvds_8_1/S_shift_data[1],  ../../../user_source/hdl_source/lane_lvds_10_1.v(22)
                                                                      pin: u_video/u_phy/u2_lane_lvds_8_1/S_shift_data_reg[7]_syn_2.ie
LUT3 (reg)          x035y050z7          0.044    f     3.278       1  net: u_video/u_phy/u2_lane_lvds_8_1/S_shift_data[3],  ../../../user_source/hdl_source/lane_lvds_10_1.v(22)
--------------------------------------------------------------------  ---------------
Arrival                                                3.278               

source latency                          0.000          0.000               
port                C4                  0.000          0.000          pin: I_sys_clk
hierarchy                               0.000          0.000          pin: I_sys_clk_syn_2.ipad
HDIO                x033y078            0.915          0.915          pin: I_sys_clk_syn_2.sg09_di
HDIO                x033y078            0.290          1.205          pin: I_sys_clk_syn_2.di
net (fo=1)          x043y079            0.043          1.248          net: I_sys_clk_dup_1,  ../../../diagnostics/hdmi_positive/positive_top.v(54)
                                                                      pin: u_video/u_pll/u_ref/ph1p_phy_pll_wrapper_25a56e5ce2f9_Inst/u_PH1P_PHY_PLL.refclk
PLL                 x043y079            0.435          1.683          pin: u_video/u_pll/u_ref/ph1p_phy_pll_wrapper_25a56e5ce2f9_Inst/u_PH1P_PHY_PLL.clkc[0]
net (fo=1)                              0.339          2.022          net: u_video/u_pll/u_ref/clk0_buf,  ../../../user_source/hdl_source/native_hdmi_pll.v(32)
                                                                      pin: u_video/u_pll/u_ref/bufg_feedback.clkin[0]
GCLK                x023y039z16         0.007          2.029          pin: u_video/u_pll/u_ref/bufg_feedback.clkout
net (fo=1)                              0.148          2.177          net: u_video/u_pll/u_output/ph1p_phy_pll_wrapper_25a56e5ce2f9_Inst/refclk,  ../../../user_source/ip_source/PLL/RTL/ph1p_phy_pll_wrapper_25a56e5ce2f9.v(119)
                                                                      pin: u_video/u_pll/u_ref/bufg_feedback_auto_created_sclk_s_0_l_bk1.clkin
SCLK                x023y019z0          0.030          2.207          pin: u_video/u_pll/u_ref/bufg_feedback_auto_created_sclk_s_0_l_bk1.clkout
net (fo=1)          x000y039            0.131          2.338          net: u_video/u_pll/u_ref/bufg_feedback_auto_created_sclk_s_0_l_bk1_sclk_outnet,  NOFILE(0)
                                                                      pin: u_video/u_pll/u_output/ph1p_phy_pll_wrapper_25a56e5ce2f9_Inst/u_PH1P_PHY_PLL.refclk
PLL                 x000y039            0.436          2.774          pin: u_video/u_pll/u_output/ph1p_phy_pll_wrapper_25a56e5ce2f9_Inst/u_PH1P_PHY_PLL.clkc[1]
net (fo=1)                              0.334          3.108          net: u_video/u_phy/u0_lane_lvds_8_1/I_serial_clk,  ../../../user_source/hdl_source/lane_lvds_10_1.v(8)
                                                                      pin: u_video/u_phy/u0_lane_lvds_8_1/I_serial_clk_created_gclkinst.clkin[0]
GCLK                x023y039z0          0.007          3.115          pin: u_video/u_phy/u0_lane_lvds_8_1/I_serial_clk_created_gclkinst.clkout
net (fo=1)                              0.155          3.270          net: u_video/u_phy/u0_lane_lvds_8_1/I_serial_clk_syn_1,  ../../../user_source/hdl_source/lane_lvds_10_1.v(8)
                                                                      pin: u_video/u_phy/u0_lane_lvds_8_1/I_serial_clk_created_gclkinst_auto_created_sclk_s_1_r_bk1.clkin
SCLK                x023y059z12         0.030          3.300          pin: u_video/u_phy/u0_lane_lvds_8_1/I_serial_clk_created_gclkinst_auto_created_sclk_s_1_r_bk1.clkout
net (fo=37)                             0.245          3.545          net: u_video/u_phy/u0_lane_lvds_8_1/I_serial_clk_created_gclkinst_auto_created_sclk_s_1_r_bk1_sclk_outnet,  NOFILE(0)
                                                                      pin: u_video/u_phy/u2_lane_lvds_8_1/S_shift_data_reg[7]_syn_2.clk
capture edge                            0.000    r     3.545               
--------------------------------------------------------------------  ---------------
hold                                    0.012          3.557               
clock uncertainty                       0.050          3.607               
clock pessimism                        -0.401          3.206               
--------------------------------------------------------------------  ---------------
Required                                               3.206               
--------------------------------------------------------------------  ---------------
Slack                                                  0.072               

Slack               : 0.073ns
Begin Point         : u_video/u_phy/u1_lane_lvds_8_1/S_shift_data_reg[2]_syn_2.clk (rising edge triggered by clock u_video/u_pll/u_output/ph1p_phy_pll_wrapper_25a56e5ce2f9_Inst/u_PH1P_PHY_PLL.clkc[1]  { rise@0.000000ns  fall@1.346000ns  period=2.693000 })
End Point           : u_video/u_phy/u1_lane_lvds_8_1/S_shift_data_reg[8]_syn_2.ie (rising edge triggered by clock u_video/u_pll/u_output/ph1p_phy_pll_wrapper_25a56e5ce2f9_Inst/u_PH1P_PHY_PLL.clkc[1]  { rise@0.000000ns  fall@1.346000ns  period=2.693000 })
Check Type          : hold
Process             : fast_m40c
Budget              : 0.000ns { u_video/u_pll/u_output/ph1p_phy_pll_wrapper_25a56e5ce2f9_Inst/u_PH1P_PHY_PLL.clkc[1] rising@0.000ns - u_video/u_pll/u_output/ph1p_phy_pll_wrapper_25a56e5ce2f9_Inst/u_PH1P_PHY_PLL.clkc[1] rising@0.000ns }
Data Path Delay     : 0.135ns (cell 0.109ns (80%), net 0.026ns (20%))
Clock Skew          : 0.000ns
Logic Level         : 1 ( LUT3=1 )
Max Fanout          : 1
Clock Uncertainty   : 0.050ns (sdc uncertainty: 0.000ns, default uncertainty: 0.050ns)

Delay Type          Location             Incr           Path   Level  Netlist Info
--------------------------------------------------------------------  ---------------
source latency                          0.000          0.000               
port                C4                  0.000          0.000          pin: I_sys_clk
hierarchy                               0.000          0.000          pin: I_sys_clk_syn_2.ipad
HDIO                x033y078            0.810          0.810          pin: I_sys_clk_syn_2.sg09_di
HDIO                x033y078            0.257          1.067          pin: I_sys_clk_syn_2.di
net (fo=1)          x043y079            0.040          1.107          net: I_sys_clk_dup_1,  ../../../diagnostics/hdmi_positive/positive_top.v(54)
                                                                      pin: u_video/u_pll/u_ref/ph1p_phy_pll_wrapper_25a56e5ce2f9_Inst/u_PH1P_PHY_PLL.refclk
PLL                 x043y079            0.367          1.474          pin: u_video/u_pll/u_ref/ph1p_phy_pll_wrapper_25a56e5ce2f9_Inst/u_PH1P_PHY_PLL.clkc[0]
net (fo=1)                              0.312          1.786          net: u_video/u_pll/u_ref/clk0_buf,  ../../../user_source/hdl_source/native_hdmi_pll.v(32)
                                                                      pin: u_video/u_pll/u_ref/bufg_feedback.clkin[0]
GCLK                x023y039z16         0.006          1.792          pin: u_video/u_pll/u_ref/bufg_feedback.clkout
net (fo=1)                              0.136          1.928          net: u_video/u_pll/u_output/ph1p_phy_pll_wrapper_25a56e5ce2f9_Inst/refclk,  ../../../user_source/ip_source/PLL/RTL/ph1p_phy_pll_wrapper_25a56e5ce2f9.v(119)
                                                                      pin: u_video/u_pll/u_ref/bufg_feedback_auto_created_sclk_s_0_l_bk1.clkin
SCLK                x023y019z0          0.025          1.953          pin: u_video/u_pll/u_ref/bufg_feedback_auto_created_sclk_s_0_l_bk1.clkout
net (fo=1)          x000y039            0.121          2.074          net: u_video/u_pll/u_ref/bufg_feedback_auto_created_sclk_s_0_l_bk1_sclk_outnet,  NOFILE(0)
                                                                      pin: u_video/u_pll/u_output/ph1p_phy_pll_wrapper_25a56e5ce2f9_Inst/u_PH1P_PHY_PLL.refclk
PLL                 x000y039            0.367          2.441          pin: u_video/u_pll/u_output/ph1p_phy_pll_wrapper_25a56e5ce2f9_Inst/u_PH1P_PHY_PLL.clkc[1]
net (fo=1)                              0.307          2.748          net: u_video/u_phy/u0_lane_lvds_8_1/I_serial_clk,  ../../../user_source/hdl_source/lane_lvds_10_1.v(8)
                                                                      pin: u_video/u_phy/u0_lane_lvds_8_1/I_serial_clk_created_gclkinst.clkin[0]
GCLK                x023y039z0          0.006          2.754          pin: u_video/u_phy/u0_lane_lvds_8_1/I_serial_clk_created_gclkinst.clkout
net (fo=1)                              0.143          2.897          net: u_video/u_phy/u0_lane_lvds_8_1/I_serial_clk_syn_1,  ../../../user_source/hdl_source/lane_lvds_10_1.v(8)
                                                                      pin: u_video/u_phy/u0_lane_lvds_8_1/I_serial_clk_created_gclkinst_auto_created_sclk_s_1_r_bk1.clkin
SCLK                x023y059z12         0.025          2.922          pin: u_video/u_phy/u0_lane_lvds_8_1/I_serial_clk_created_gclkinst_auto_created_sclk_s_1_r_bk1.clkout
net (fo=37)                             0.222          3.144          net: u_video/u_phy/u0_lane_lvds_8_1/I_serial_clk_created_gclkinst_auto_created_sclk_s_1_r_bk1_sclk_outnet,  NOFILE(0)
                                                                      pin: u_video/u_phy/u1_lane_lvds_8_1/S_shift_data_reg[2]_syn_2.clk
launch edge                             0.000    r     3.144               
--------------------------------------------------------------------  ---------------
clk2q               x035y050z6          0.065    r     3.209          pin: u_video/u_phy/u1_lane_lvds_8_1/S_shift_data_reg[2]_syn_2.oqb
net (fo=1)                              0.026          3.235          net: u_video/u_phy/u1_lane_lvds_8_1/S_shift_data[4],  ../../../user_source/hdl_source/lane_lvds_10_1.v(22)
                                                                      pin: u_video/u_phy/u1_lane_lvds_8_1/S_shift_data_reg[8]_syn_2.ie
LUT3 (reg)          x035y050z5          0.044    f     3.279       1  net: u_video/u_phy/u1_lane_lvds_8_1/S_shift_data[6],  ../../../user_source/hdl_source/lane_lvds_10_1.v(22)
--------------------------------------------------------------------  ---------------
Arrival                                                3.279               

source latency                          0.000          0.000               
port                C4                  0.000          0.000          pin: I_sys_clk
hierarchy                               0.000          0.000          pin: I_sys_clk_syn_2.ipad
HDIO                x033y078            0.915          0.915          pin: I_sys_clk_syn_2.sg09_di
HDIO                x033y078            0.290          1.205          pin: I_sys_clk_syn_2.di
net (fo=1)          x043y079            0.043          1.248          net: I_sys_clk_dup_1,  ../../../diagnostics/hdmi_positive/positive_top.v(54)
                                                                      pin: u_video/u_pll/u_ref/ph1p_phy_pll_wrapper_25a56e5ce2f9_Inst/u_PH1P_PHY_PLL.refclk
PLL                 x043y079            0.435          1.683          pin: u_video/u_pll/u_ref/ph1p_phy_pll_wrapper_25a56e5ce2f9_Inst/u_PH1P_PHY_PLL.clkc[0]
net (fo=1)                              0.339          2.022          net: u_video/u_pll/u_ref/clk0_buf,  ../../../user_source/hdl_source/native_hdmi_pll.v(32)
                                                                      pin: u_video/u_pll/u_ref/bufg_feedback.clkin[0]
GCLK                x023y039z16         0.007          2.029          pin: u_video/u_pll/u_ref/bufg_feedback.clkout
net (fo=1)                              0.148          2.177          net: u_video/u_pll/u_output/ph1p_phy_pll_wrapper_25a56e5ce2f9_Inst/refclk,  ../../../user_source/ip_source/PLL/RTL/ph1p_phy_pll_wrapper_25a56e5ce2f9.v(119)
                                                                      pin: u_video/u_pll/u_ref/bufg_feedback_auto_created_sclk_s_0_l_bk1.clkin
SCLK                x023y019z0          0.030          2.207          pin: u_video/u_pll/u_ref/bufg_feedback_auto_created_sclk_s_0_l_bk1.clkout
net (fo=1)          x000y039            0.131          2.338          net: u_video/u_pll/u_ref/bufg_feedback_auto_created_sclk_s_0_l_bk1_sclk_outnet,  NOFILE(0)
                                                                      pin: u_video/u_pll/u_output/ph1p_phy_pll_wrapper_25a56e5ce2f9_Inst/u_PH1P_PHY_PLL.refclk
PLL                 x000y039            0.436          2.774          pin: u_video/u_pll/u_output/ph1p_phy_pll_wrapper_25a56e5ce2f9_Inst/u_PH1P_PHY_PLL.clkc[1]
net (fo=1)                              0.334          3.108          net: u_video/u_phy/u0_lane_lvds_8_1/I_serial_clk,  ../../../user_source/hdl_source/lane_lvds_10_1.v(8)
                                                                      pin: u_video/u_phy/u0_lane_lvds_8_1/I_serial_clk_created_gclkinst.clkin[0]
GCLK                x023y039z0          0.007          3.115          pin: u_video/u_phy/u0_lane_lvds_8_1/I_serial_clk_created_gclkinst.clkout
net (fo=1)                              0.155          3.270          net: u_video/u_phy/u0_lane_lvds_8_1/I_serial_clk_syn_1,  ../../../user_source/hdl_source/lane_lvds_10_1.v(8)
                                                                      pin: u_video/u_phy/u0_lane_lvds_8_1/I_serial_clk_created_gclkinst_auto_created_sclk_s_1_r_bk1.clkin
SCLK                x023y059z12         0.030          3.300          pin: u_video/u_phy/u0_lane_lvds_8_1/I_serial_clk_created_gclkinst_auto_created_sclk_s_1_r_bk1.clkout
net (fo=37)                             0.245          3.545          net: u_video/u_phy/u0_lane_lvds_8_1/I_serial_clk_created_gclkinst_auto_created_sclk_s_1_r_bk1_sclk_outnet,  NOFILE(0)
                                                                      pin: u_video/u_phy/u1_lane_lvds_8_1/S_shift_data_reg[8]_syn_2.clk
capture edge                            0.000    r     3.545               
--------------------------------------------------------------------  ---------------
hold                                    0.012          3.557               
clock uncertainty                       0.050          3.607               
clock pessimism                        -0.401          3.206               
--------------------------------------------------------------------  ---------------
Required                                               3.206               
--------------------------------------------------------------------  ---------------
Slack                                                  0.073               

Slack               : 0.077ns
Begin Point         : u_video/u_phy/u0_lane_lvds_8_1/S_shift_data_reg[8]_syn_2.clk (rising edge triggered by clock u_video/u_pll/u_output/ph1p_phy_pll_wrapper_25a56e5ce2f9_Inst/u_PH1P_PHY_PLL.clkc[1]  { rise@0.000000ns  fall@1.346000ns  period=2.693000 })
End Point           : u_video/u_phy/u0_lane_lvds_8_1/S_oddr_data_reg[0]_syn_2.ima (rising edge triggered by clock u_video/u_pll/u_output/ph1p_phy_pll_wrapper_25a56e5ce2f9_Inst/u_PH1P_PHY_PLL.clkc[1]  { rise@0.000000ns  fall@1.346000ns  period=2.693000 })
Check Type          : hold
Process             : fast_m40c
Budget              : 0.000ns { u_video/u_pll/u_output/ph1p_phy_pll_wrapper_25a56e5ce2f9_Inst/u_PH1P_PHY_PLL.clkc[1] rising@0.000ns - u_video/u_pll/u_output/ph1p_phy_pll_wrapper_25a56e5ce2f9_Inst/u_PH1P_PHY_PLL.clkc[1] rising@0.000ns }
Data Path Delay     : 0.148ns (cell 0.091ns (61%), net 0.057ns (39%))
Clock Skew          : 0.009ns
Logic Level         : 0
Max Fanout          : 1
Clock Uncertainty   : 0.050ns (sdc uncertainty: 0.000ns, default uncertainty: 0.050ns)

Delay Type          Location             Incr           Path   Level  Netlist Info
--------------------------------------------------------------------  ---------------
source latency                          0.000          0.000               
port                C4                  0.000          0.000          pin: I_sys_clk
hierarchy                               0.000          0.000          pin: I_sys_clk_syn_2.ipad
HDIO                x033y078            0.810          0.810          pin: I_sys_clk_syn_2.sg09_di
HDIO                x033y078            0.257          1.067          pin: I_sys_clk_syn_2.di
net (fo=1)          x043y079            0.040          1.107          net: I_sys_clk_dup_1,  ../../../diagnostics/hdmi_positive/positive_top.v(54)
                                                                      pin: u_video/u_pll/u_ref/ph1p_phy_pll_wrapper_25a56e5ce2f9_Inst/u_PH1P_PHY_PLL.refclk
PLL                 x043y079            0.367          1.474          pin: u_video/u_pll/u_ref/ph1p_phy_pll_wrapper_25a56e5ce2f9_Inst/u_PH1P_PHY_PLL.clkc[0]
net (fo=1)                              0.312          1.786          net: u_video/u_pll/u_ref/clk0_buf,  ../../../user_source/hdl_source/native_hdmi_pll.v(32)
                                                                      pin: u_video/u_pll/u_ref/bufg_feedback.clkin[0]
GCLK                x023y039z16         0.006          1.792          pin: u_video/u_pll/u_ref/bufg_feedback.clkout
net (fo=1)                              0.136          1.928          net: u_video/u_pll/u_output/ph1p_phy_pll_wrapper_25a56e5ce2f9_Inst/refclk,  ../../../user_source/ip_source/PLL/RTL/ph1p_phy_pll_wrapper_25a56e5ce2f9.v(119)
                                                                      pin: u_video/u_pll/u_ref/bufg_feedback_auto_created_sclk_s_0_l_bk1.clkin
SCLK                x023y019z0          0.025          1.953          pin: u_video/u_pll/u_ref/bufg_feedback_auto_created_sclk_s_0_l_bk1.clkout
net (fo=1)          x000y039            0.121          2.074          net: u_video/u_pll/u_ref/bufg_feedback_auto_created_sclk_s_0_l_bk1_sclk_outnet,  NOFILE(0)
                                                                      pin: u_video/u_pll/u_output/ph1p_phy_pll_wrapper_25a56e5ce2f9_Inst/u_PH1P_PHY_PLL.refclk
PLL                 x000y039            0.367          2.441          pin: u_video/u_pll/u_output/ph1p_phy_pll_wrapper_25a56e5ce2f9_Inst/u_PH1P_PHY_PLL.clkc[1]
net (fo=1)                              0.307          2.748          net: u_video/u_phy/u0_lane_lvds_8_1/I_serial_clk,  ../../../user_source/hdl_source/lane_lvds_10_1.v(8)
                                                                      pin: u_video/u_phy/u0_lane_lvds_8_1/I_serial_clk_created_gclkinst.clkin[0]
GCLK                x023y039z0          0.006          2.754          pin: u_video/u_phy/u0_lane_lvds_8_1/I_serial_clk_created_gclkinst.clkout
net (fo=1)                              0.143          2.897          net: u_video/u_phy/u0_lane_lvds_8_1/I_serial_clk_syn_1,  ../../../user_source/hdl_source/lane_lvds_10_1.v(8)
                                                                      pin: u_video/u_phy/u0_lane_lvds_8_1/I_serial_clk_created_gclkinst_auto_created_sclk_s_1_r_bk1.clkin
SCLK                x023y059z12         0.025          2.922          pin: u_video/u_phy/u0_lane_lvds_8_1/I_serial_clk_created_gclkinst_auto_created_sclk_s_1_r_bk1.clkout
net (fo=37)                             0.221          3.143          net: u_video/u_phy/u0_lane_lvds_8_1/I_serial_clk_created_gclkinst_auto_created_sclk_s_1_r_bk1_sclk_outnet,  NOFILE(0)
                                                                      pin: u_video/u_phy/u0_lane_lvds_8_1/S_shift_data_reg[8]_syn_2.clk
launch edge                             0.000    r     3.143               
--------------------------------------------------------------------  ---------------
clk2q               x036y049z2          0.062    f     3.205          pin: u_video/u_phy/u0_lane_lvds_8_1/S_shift_data_reg[8]_syn_2.oqa
net (fo=1)                              0.057          3.262          net: u_video/u_phy/u0_lane_lvds_8_1/S_shift_data[8],  ../../../user_source/hdl_source/lane_lvds_10_1.v(22)
                                                                      pin: u_video/u_phy/u0_lane_lvds_8_1/S_oddr_data_reg[0]_syn_2.ima
reg                 x036y049z7          0.029    f     3.291          net: u_video/u_phy/u0_lane_lvds_8_1/S_oddr_data[0],  ../../../user_source/hdl_source/lane_lvds_10_1.v(23)
--------------------------------------------------------------------  ---------------
Arrival                                                3.291               

source latency                          0.000          0.000               
port                C4                  0.000          0.000          pin: I_sys_clk
hierarchy                               0.000          0.000          pin: I_sys_clk_syn_2.ipad
HDIO                x033y078            0.915          0.915          pin: I_sys_clk_syn_2.sg09_di
HDIO                x033y078            0.290          1.205          pin: I_sys_clk_syn_2.di
net (fo=1)          x043y079            0.043          1.248          net: I_sys_clk_dup_1,  ../../../diagnostics/hdmi_positive/positive_top.v(54)
                                                                      pin: u_video/u_pll/u_ref/ph1p_phy_pll_wrapper_25a56e5ce2f9_Inst/u_PH1P_PHY_PLL.refclk
PLL                 x043y079            0.435          1.683          pin: u_video/u_pll/u_ref/ph1p_phy_pll_wrapper_25a56e5ce2f9_Inst/u_PH1P_PHY_PLL.clkc[0]
net (fo=1)                              0.339          2.022          net: u_video/u_pll/u_ref/clk0_buf,  ../../../user_source/hdl_source/native_hdmi_pll.v(32)
                                                                      pin: u_video/u_pll/u_ref/bufg_feedback.clkin[0]
GCLK                x023y039z16         0.007          2.029          pin: u_video/u_pll/u_ref/bufg_feedback.clkout
net (fo=1)                              0.148          2.177          net: u_video/u_pll/u_output/ph1p_phy_pll_wrapper_25a56e5ce2f9_Inst/refclk,  ../../../user_source/ip_source/PLL/RTL/ph1p_phy_pll_wrapper_25a56e5ce2f9.v(119)
                                                                      pin: u_video/u_pll/u_ref/bufg_feedback_auto_created_sclk_s_0_l_bk1.clkin
SCLK                x023y019z0          0.030          2.207          pin: u_video/u_pll/u_ref/bufg_feedback_auto_created_sclk_s_0_l_bk1.clkout
net (fo=1)          x000y039            0.131          2.338          net: u_video/u_pll/u_ref/bufg_feedback_auto_created_sclk_s_0_l_bk1_sclk_outnet,  NOFILE(0)
                                                                      pin: u_video/u_pll/u_output/ph1p_phy_pll_wrapper_25a56e5ce2f9_Inst/u_PH1P_PHY_PLL.refclk
PLL                 x000y039            0.436          2.774          pin: u_video/u_pll/u_output/ph1p_phy_pll_wrapper_25a56e5ce2f9_Inst/u_PH1P_PHY_PLL.clkc[1]
net (fo=1)                              0.334          3.108          net: u_video/u_phy/u0_lane_lvds_8_1/I_serial_clk,  ../../../user_source/hdl_source/lane_lvds_10_1.v(8)
                                                                      pin: u_video/u_phy/u0_lane_lvds_8_1/I_serial_clk_created_gclkinst.clkin[0]
GCLK                x023y039z0          0.007          3.115          pin: u_video/u_phy/u0_lane_lvds_8_1/I_serial_clk_created_gclkinst.clkout
net (fo=1)                              0.155          3.270          net: u_video/u_phy/u0_lane_lvds_8_1/I_serial_clk_syn_1,  ../../../user_source/hdl_source/lane_lvds_10_1.v(8)
                                                                      pin: u_video/u_phy/u0_lane_lvds_8_1/I_serial_clk_created_gclkinst_auto_created_sclk_s_1_r_bk1.clkin
SCLK                x023y059z12         0.030          3.300          pin: u_video/u_phy/u0_lane_lvds_8_1/I_serial_clk_created_gclkinst_auto_created_sclk_s_1_r_bk1.clkout
net (fo=37)                             0.244          3.544          net: u_video/u_phy/u0_lane_lvds_8_1/I_serial_clk_created_gclkinst_auto_created_sclk_s_1_r_bk1_sclk_outnet,  NOFILE(0)
                                                                      pin: u_video/u_phy/u0_lane_lvds_8_1/S_oddr_data_reg[0]_syn_2.clk
capture edge                            0.000    r     3.544               
--------------------------------------------------------------------  ---------------
hold                                    0.012          3.556               
clock uncertainty                       0.050          3.606               
clock pessimism                        -0.392          3.214               
--------------------------------------------------------------------  ---------------
Required                                               3.214               
--------------------------------------------------------------------  ---------------
Slack                                                  0.077               

Slack               : 0.092ns
Begin Point         : u_video/u_phy/u2_lane_lvds_8_1/S_shift_data_reg[9]_syn_2.clk (rising edge triggered by clock u_video/u_pll/u_output/ph1p_phy_pll_wrapper_25a56e5ce2f9_Inst/u_PH1P_PHY_PLL.clkc[1]  { rise@0.000000ns  fall@1.346000ns  period=2.693000 })
End Point           : u_video/u_phy/u2_lane_lvds_8_1/S_shift_data_reg[8]_syn_2.imf (rising edge triggered by clock u_video/u_pll/u_output/ph1p_phy_pll_wrapper_25a56e5ce2f9_Inst/u_PH1P_PHY_PLL.clkc[1]  { rise@0.000000ns  fall@1.346000ns  period=2.693000 })
Check Type          : hold
Process             : fast_m40c
Budget              : 0.000ns { u_video/u_pll/u_output/ph1p_phy_pll_wrapper_25a56e5ce2f9_Inst/u_PH1P_PHY_PLL.clkc[1] rising@0.000ns - u_video/u_pll/u_output/ph1p_phy_pll_wrapper_25a56e5ce2f9_Inst/u_PH1P_PHY_PLL.clkc[1] rising@0.000ns }
Data Path Delay     : 0.154ns (cell 0.128ns (83%), net 0.026ns (17%))
Clock Skew          : 0.000ns
Logic Level         : 1 ( LUT3=1 )
Max Fanout          : 1
Clock Uncertainty   : 0.050ns (sdc uncertainty: 0.000ns, default uncertainty: 0.050ns)

Delay Type          Location             Incr           Path   Level  Netlist Info
--------------------------------------------------------------------  ---------------
source latency                          0.000          0.000               
port                C4                  0.000          0.000          pin: I_sys_clk
hierarchy                               0.000          0.000          pin: I_sys_clk_syn_2.ipad
HDIO                x033y078            0.810          0.810          pin: I_sys_clk_syn_2.sg09_di
HDIO                x033y078            0.257          1.067          pin: I_sys_clk_syn_2.di
net (fo=1)          x043y079            0.040          1.107          net: I_sys_clk_dup_1,  ../../../diagnostics/hdmi_positive/positive_top.v(54)
                                                                      pin: u_video/u_pll/u_ref/ph1p_phy_pll_wrapper_25a56e5ce2f9_Inst/u_PH1P_PHY_PLL.refclk
PLL                 x043y079            0.367          1.474          pin: u_video/u_pll/u_ref/ph1p_phy_pll_wrapper_25a56e5ce2f9_Inst/u_PH1P_PHY_PLL.clkc[0]
net (fo=1)                              0.312          1.786          net: u_video/u_pll/u_ref/clk0_buf,  ../../../user_source/hdl_source/native_hdmi_pll.v(32)
                                                                      pin: u_video/u_pll/u_ref/bufg_feedback.clkin[0]
GCLK                x023y039z16         0.006          1.792          pin: u_video/u_pll/u_ref/bufg_feedback.clkout
net (fo=1)                              0.136          1.928          net: u_video/u_pll/u_output/ph1p_phy_pll_wrapper_25a56e5ce2f9_Inst/refclk,  ../../../user_source/ip_source/PLL/RTL/ph1p_phy_pll_wrapper_25a56e5ce2f9.v(119)
                                                                      pin: u_video/u_pll/u_ref/bufg_feedback_auto_created_sclk_s_0_l_bk1.clkin
SCLK                x023y019z0          0.025          1.953          pin: u_video/u_pll/u_ref/bufg_feedback_auto_created_sclk_s_0_l_bk1.clkout
net (fo=1)          x000y039            0.121          2.074          net: u_video/u_pll/u_ref/bufg_feedback_auto_created_sclk_s_0_l_bk1_sclk_outnet,  NOFILE(0)
                                                                      pin: u_video/u_pll/u_output/ph1p_phy_pll_wrapper_25a56e5ce2f9_Inst/u_PH1P_PHY_PLL.refclk
PLL                 x000y039            0.367          2.441          pin: u_video/u_pll/u_output/ph1p_phy_pll_wrapper_25a56e5ce2f9_Inst/u_PH1P_PHY_PLL.clkc[1]
net (fo=1)                              0.307          2.748          net: u_video/u_phy/u0_lane_lvds_8_1/I_serial_clk,  ../../../user_source/hdl_source/lane_lvds_10_1.v(8)
                                                                      pin: u_video/u_phy/u0_lane_lvds_8_1/I_serial_clk_created_gclkinst.clkin[0]
GCLK                x023y039z0          0.006          2.754          pin: u_video/u_phy/u0_lane_lvds_8_1/I_serial_clk_created_gclkinst.clkout
net (fo=1)                              0.143          2.897          net: u_video/u_phy/u0_lane_lvds_8_1/I_serial_clk_syn_1,  ../../../user_source/hdl_source/lane_lvds_10_1.v(8)
                                                                      pin: u_video/u_phy/u0_lane_lvds_8_1/I_serial_clk_created_gclkinst_auto_created_sclk_s_1_r_bk1.clkin
SCLK                x023y059z12         0.025          2.922          pin: u_video/u_phy/u0_lane_lvds_8_1/I_serial_clk_created_gclkinst_auto_created_sclk_s_1_r_bk1.clkout
net (fo=37)                             0.221          3.143          net: u_video/u_phy/u0_lane_lvds_8_1/I_serial_clk_created_gclkinst_auto_created_sclk_s_1_r_bk1_sclk_outnet,  NOFILE(0)
                                                                      pin: u_video/u_phy/u2_lane_lvds_8_1/S_shift_data_reg[9]_syn_2.clk
launch edge                             0.000    r     3.143               
--------------------------------------------------------------------  ---------------
clk2q               x036y050z5          0.065    r     3.208          pin: u_video/u_phy/u2_lane_lvds_8_1/S_shift_data_reg[9]_syn_2.oqb
net (fo=1)                              0.026          3.234          net: u_video/u_phy/u2_lane_lvds_8_1/S_shift_data[6],  ../../../user_source/hdl_source/lane_lvds_10_1.v(22)
                                                                      pin: u_video/u_phy/u2_lane_lvds_8_1/S_shift_data_reg[8]_syn_2.imf
LUT3 (reg)          x036y050z4          0.063    f     3.297       1  net: u_video/u_phy/u2_lane_lvds_8_1/S_shift_data[8],  ../../../user_source/hdl_source/lane_lvds_10_1.v(22)
--------------------------------------------------------------------  ---------------
Arrival                                                3.297               

source latency                          0.000          0.000               
port                C4                  0.000          0.000          pin: I_sys_clk
hierarchy                               0.000          0.000          pin: I_sys_clk_syn_2.ipad
HDIO                x033y078            0.915          0.915          pin: I_sys_clk_syn_2.sg09_di
HDIO                x033y078            0.290          1.205          pin: I_sys_clk_syn_2.di
net (fo=1)          x043y079            0.043          1.248          net: I_sys_clk_dup_1,  ../../../diagnostics/hdmi_positive/positive_top.v(54)
                                                                      pin: u_video/u_pll/u_ref/ph1p_phy_pll_wrapper_25a56e5ce2f9_Inst/u_PH1P_PHY_PLL.refclk
PLL                 x043y079            0.435          1.683          pin: u_video/u_pll/u_ref/ph1p_phy_pll_wrapper_25a56e5ce2f9_Inst/u_PH1P_PHY_PLL.clkc[0]
net (fo=1)                              0.339          2.022          net: u_video/u_pll/u_ref/clk0_buf,  ../../../user_source/hdl_source/native_hdmi_pll.v(32)
                                                                      pin: u_video/u_pll/u_ref/bufg_feedback.clkin[0]
GCLK                x023y039z16         0.007          2.029          pin: u_video/u_pll/u_ref/bufg_feedback.clkout
net (fo=1)                              0.148          2.177          net: u_video/u_pll/u_output/ph1p_phy_pll_wrapper_25a56e5ce2f9_Inst/refclk,  ../../../user_source/ip_source/PLL/RTL/ph1p_phy_pll_wrapper_25a56e5ce2f9.v(119)
                                                                      pin: u_video/u_pll/u_ref/bufg_feedback_auto_created_sclk_s_0_l_bk1.clkin
SCLK                x023y019z0          0.030          2.207          pin: u_video/u_pll/u_ref/bufg_feedback_auto_created_sclk_s_0_l_bk1.clkout
net (fo=1)          x000y039            0.131          2.338          net: u_video/u_pll/u_ref/bufg_feedback_auto_created_sclk_s_0_l_bk1_sclk_outnet,  NOFILE(0)
                                                                      pin: u_video/u_pll/u_output/ph1p_phy_pll_wrapper_25a56e5ce2f9_Inst/u_PH1P_PHY_PLL.refclk
PLL                 x000y039            0.436          2.774          pin: u_video/u_pll/u_output/ph1p_phy_pll_wrapper_25a56e5ce2f9_Inst/u_PH1P_PHY_PLL.clkc[1]
net (fo=1)                              0.334          3.108          net: u_video/u_phy/u0_lane_lvds_8_1/I_serial_clk,  ../../../user_source/hdl_source/lane_lvds_10_1.v(8)
                                                                      pin: u_video/u_phy/u0_lane_lvds_8_1/I_serial_clk_created_gclkinst.clkin[0]
GCLK                x023y039z0          0.007          3.115          pin: u_video/u_phy/u0_lane_lvds_8_1/I_serial_clk_created_gclkinst.clkout
net (fo=1)                              0.155          3.270          net: u_video/u_phy/u0_lane_lvds_8_1/I_serial_clk_syn_1,  ../../../user_source/hdl_source/lane_lvds_10_1.v(8)
                                                                      pin: u_video/u_phy/u0_lane_lvds_8_1/I_serial_clk_created_gclkinst_auto_created_sclk_s_1_r_bk1.clkin
SCLK                x023y059z12         0.030          3.300          pin: u_video/u_phy/u0_lane_lvds_8_1/I_serial_clk_created_gclkinst_auto_created_sclk_s_1_r_bk1.clkout
net (fo=37)                             0.244          3.544          net: u_video/u_phy/u0_lane_lvds_8_1/I_serial_clk_created_gclkinst_auto_created_sclk_s_1_r_bk1_sclk_outnet,  NOFILE(0)
                                                                      pin: u_video/u_phy/u2_lane_lvds_8_1/S_shift_data_reg[8]_syn_2.clk
capture edge                            0.000    r     3.544               
--------------------------------------------------------------------  ---------------
hold                                    0.012          3.556               
clock uncertainty                       0.050          3.606               
clock pessimism                        -0.401          3.205               
--------------------------------------------------------------------  ---------------
Required                                               3.205               
--------------------------------------------------------------------  ---------------
Slack                                                  0.092               

Slack               : 0.098ns
Begin Point         : u_video/u_phy/u1_lane_lvds_8_1/S_shift_data_reg[7]_syn_2.clk (rising edge triggered by clock u_video/u_pll/u_output/ph1p_phy_pll_wrapper_25a56e5ce2f9_Inst/u_PH1P_PHY_PLL.clkc[1]  { rise@0.000000ns  fall@1.346000ns  period=2.693000 })
End Point           : u_video/u_phy/u2_lane_lvds_8_1/S_shift_data_reg[5]_syn_2.imb (rising edge triggered by clock u_video/u_pll/u_output/ph1p_phy_pll_wrapper_25a56e5ce2f9_Inst/u_PH1P_PHY_PLL.clkc[1]  { rise@0.000000ns  fall@1.346000ns  period=2.693000 })
Check Type          : hold
Process             : fast_m40c
Budget              : 0.000ns { u_video/u_pll/u_output/ph1p_phy_pll_wrapper_25a56e5ce2f9_Inst/u_PH1P_PHY_PLL.clkc[1] rising@0.000ns - u_video/u_pll/u_output/ph1p_phy_pll_wrapper_25a56e5ce2f9_Inst/u_PH1P_PHY_PLL.clkc[1] rising@0.000ns }
Data Path Delay     : 0.160ns (cell 0.132ns (82%), net 0.028ns (18%))
Clock Skew          : 0.000ns
Logic Level         : 1 ( LUT3=1 )
Max Fanout          : 1
Clock Uncertainty   : 0.050ns (sdc uncertainty: 0.000ns, default uncertainty: 0.050ns)

Delay Type          Location             Incr           Path   Level  Netlist Info
--------------------------------------------------------------------  ---------------
source latency                          0.000          0.000               
port                C4                  0.000          0.000          pin: I_sys_clk
hierarchy                               0.000          0.000          pin: I_sys_clk_syn_2.ipad
HDIO                x033y078            0.810          0.810          pin: I_sys_clk_syn_2.sg09_di
HDIO                x033y078            0.257          1.067          pin: I_sys_clk_syn_2.di
net (fo=1)          x043y079            0.040          1.107          net: I_sys_clk_dup_1,  ../../../diagnostics/hdmi_positive/positive_top.v(54)
                                                                      pin: u_video/u_pll/u_ref/ph1p_phy_pll_wrapper_25a56e5ce2f9_Inst/u_PH1P_PHY_PLL.refclk
PLL                 x043y079            0.367          1.474          pin: u_video/u_pll/u_ref/ph1p_phy_pll_wrapper_25a56e5ce2f9_Inst/u_PH1P_PHY_PLL.clkc[0]
net (fo=1)                              0.312          1.786          net: u_video/u_pll/u_ref/clk0_buf,  ../../../user_source/hdl_source/native_hdmi_pll.v(32)
                                                                      pin: u_video/u_pll/u_ref/bufg_feedback.clkin[0]
GCLK                x023y039z16         0.006          1.792          pin: u_video/u_pll/u_ref/bufg_feedback.clkout
net (fo=1)                              0.136          1.928          net: u_video/u_pll/u_output/ph1p_phy_pll_wrapper_25a56e5ce2f9_Inst/refclk,  ../../../user_source/ip_source/PLL/RTL/ph1p_phy_pll_wrapper_25a56e5ce2f9.v(119)
                                                                      pin: u_video/u_pll/u_ref/bufg_feedback_auto_created_sclk_s_0_l_bk1.clkin
SCLK                x023y019z0          0.025          1.953          pin: u_video/u_pll/u_ref/bufg_feedback_auto_created_sclk_s_0_l_bk1.clkout
net (fo=1)          x000y039            0.121          2.074          net: u_video/u_pll/u_ref/bufg_feedback_auto_created_sclk_s_0_l_bk1_sclk_outnet,  NOFILE(0)
                                                                      pin: u_video/u_pll/u_output/ph1p_phy_pll_wrapper_25a56e5ce2f9_Inst/u_PH1P_PHY_PLL.refclk
PLL                 x000y039            0.367          2.441          pin: u_video/u_pll/u_output/ph1p_phy_pll_wrapper_25a56e5ce2f9_Inst/u_PH1P_PHY_PLL.clkc[1]
net (fo=1)                              0.307          2.748          net: u_video/u_phy/u0_lane_lvds_8_1/I_serial_clk,  ../../../user_source/hdl_source/lane_lvds_10_1.v(8)
                                                                      pin: u_video/u_phy/u0_lane_lvds_8_1/I_serial_clk_created_gclkinst.clkin[0]
GCLK                x023y039z0          0.006          2.754          pin: u_video/u_phy/u0_lane_lvds_8_1/I_serial_clk_created_gclkinst.clkout
net (fo=1)                              0.143          2.897          net: u_video/u_phy/u0_lane_lvds_8_1/I_serial_clk_syn_1,  ../../../user_source/hdl_source/lane_lvds_10_1.v(8)
                                                                      pin: u_video/u_phy/u0_lane_lvds_8_1/I_serial_clk_created_gclkinst_auto_created_sclk_s_1_r_bk1.clkin
SCLK                x023y059z12         0.025          2.922          pin: u_video/u_phy/u0_lane_lvds_8_1/I_serial_clk_created_gclkinst_auto_created_sclk_s_1_r_bk1.clkout
net (fo=37)                             0.222          3.144          net: u_video/u_phy/u0_lane_lvds_8_1/I_serial_clk_created_gclkinst_auto_created_sclk_s_1_r_bk1_sclk_outnet,  NOFILE(0)
                                                                      pin: u_video/u_phy/u1_lane_lvds_8_1/S_shift_data_reg[7]_syn_2.clk
launch edge                             0.000    r     3.144               
--------------------------------------------------------------------  ---------------
clk2q               x035y050z2          0.062    f     3.206          pin: u_video/u_phy/u1_lane_lvds_8_1/S_shift_data_reg[7]_syn_2.oqa
net (fo=1)                              0.028          3.234          net: u_video/u_phy/u1_lane_lvds_8_1/S_shift_data[7],  ../../../user_source/hdl_source/lane_lvds_10_1.v(22)
                                                                      pin: u_video/u_phy/u2_lane_lvds_8_1/S_shift_data_reg[5]_syn_2.imb
LUT3 (reg)          x035y050z1          0.070    f     3.304       1  net: u_video/u_phy/u1_lane_lvds_8_1/S_shift_data[9],  ../../../user_source/hdl_source/lane_lvds_10_1.v(22)
--------------------------------------------------------------------  ---------------
Arrival                                                3.304               

source latency                          0.000          0.000               
port                C4                  0.000          0.000          pin: I_sys_clk
hierarchy                               0.000          0.000          pin: I_sys_clk_syn_2.ipad
HDIO                x033y078            0.915          0.915          pin: I_sys_clk_syn_2.sg09_di
HDIO                x033y078            0.290          1.205          pin: I_sys_clk_syn_2.di
net (fo=1)          x043y079            0.043          1.248          net: I_sys_clk_dup_1,  ../../../diagnostics/hdmi_positive/positive_top.v(54)
                                                                      pin: u_video/u_pll/u_ref/ph1p_phy_pll_wrapper_25a56e5ce2f9_Inst/u_PH1P_PHY_PLL.refclk
PLL                 x043y079            0.435          1.683          pin: u_video/u_pll/u_ref/ph1p_phy_pll_wrapper_25a56e5ce2f9_Inst/u_PH1P_PHY_PLL.clkc[0]
net (fo=1)                              0.339          2.022          net: u_video/u_pll/u_ref/clk0_buf,  ../../../user_source/hdl_source/native_hdmi_pll.v(32)
                                                                      pin: u_video/u_pll/u_ref/bufg_feedback.clkin[0]
GCLK                x023y039z16         0.007          2.029          pin: u_video/u_pll/u_ref/bufg_feedback.clkout
net (fo=1)                              0.148          2.177          net: u_video/u_pll/u_output/ph1p_phy_pll_wrapper_25a56e5ce2f9_Inst/refclk,  ../../../user_source/ip_source/PLL/RTL/ph1p_phy_pll_wrapper_25a56e5ce2f9.v(119)
                                                                      pin: u_video/u_pll/u_ref/bufg_feedback_auto_created_sclk_s_0_l_bk1.clkin
SCLK                x023y019z0          0.030          2.207          pin: u_video/u_pll/u_ref/bufg_feedback_auto_created_sclk_s_0_l_bk1.clkout
net (fo=1)          x000y039            0.131          2.338          net: u_video/u_pll/u_ref/bufg_feedback_auto_created_sclk_s_0_l_bk1_sclk_outnet,  NOFILE(0)
                                                                      pin: u_video/u_pll/u_output/ph1p_phy_pll_wrapper_25a56e5ce2f9_Inst/u_PH1P_PHY_PLL.refclk
PLL                 x000y039            0.436          2.774          pin: u_video/u_pll/u_output/ph1p_phy_pll_wrapper_25a56e5ce2f9_Inst/u_PH1P_PHY_PLL.clkc[1]
net (fo=1)                              0.334          3.108          net: u_video/u_phy/u0_lane_lvds_8_1/I_serial_clk,  ../../../user_source/hdl_source/lane_lvds_10_1.v(8)
                                                                      pin: u_video/u_phy/u0_lane_lvds_8_1/I_serial_clk_created_gclkinst.clkin[0]
GCLK                x023y039z0          0.007          3.115          pin: u_video/u_phy/u0_lane_lvds_8_1/I_serial_clk_created_gclkinst.clkout
net (fo=1)                              0.155          3.270          net: u_video/u_phy/u0_lane_lvds_8_1/I_serial_clk_syn_1,  ../../../user_source/hdl_source/lane_lvds_10_1.v(8)
                                                                      pin: u_video/u_phy/u0_lane_lvds_8_1/I_serial_clk_created_gclkinst_auto_created_sclk_s_1_r_bk1.clkin
SCLK                x023y059z12         0.030          3.300          pin: u_video/u_phy/u0_lane_lvds_8_1/I_serial_clk_created_gclkinst_auto_created_sclk_s_1_r_bk1.clkout
net (fo=37)                             0.245          3.545          net: u_video/u_phy/u0_lane_lvds_8_1/I_serial_clk_created_gclkinst_auto_created_sclk_s_1_r_bk1_sclk_outnet,  NOFILE(0)
                                                                      pin: u_video/u_phy/u2_lane_lvds_8_1/S_shift_data_reg[5]_syn_2.clk
capture edge                            0.000    r     3.545               
--------------------------------------------------------------------  ---------------
hold                                    0.012          3.557               
clock uncertainty                       0.050          3.607               
clock pessimism                        -0.401          3.206               
--------------------------------------------------------------------  ---------------
Required                                               3.206               
--------------------------------------------------------------------  ---------------
Slack                                                  0.098               

Slack               : 0.101ns
Begin Point         : u_video/u_phy/u0_lane_lvds_8_1/S_shift_data_reg[7]_syn_2.clk (rising edge triggered by clock u_video/u_pll/u_output/ph1p_phy_pll_wrapper_25a56e5ce2f9_Inst/u_PH1P_PHY_PLL.clkc[1]  { rise@0.000000ns  fall@1.346000ns  period=2.693000 })
End Point           : u_video/u_phy/u0_lane_lvds_8_1/S_shift_data_reg[0]_syn_2.ie (rising edge triggered by clock u_video/u_pll/u_output/ph1p_phy_pll_wrapper_25a56e5ce2f9_Inst/u_PH1P_PHY_PLL.clkc[1]  { rise@0.000000ns  fall@1.346000ns  period=2.693000 })
Check Type          : hold
Process             : fast_m40c
Budget              : 0.000ns { u_video/u_pll/u_output/ph1p_phy_pll_wrapper_25a56e5ce2f9_Inst/u_PH1P_PHY_PLL.clkc[1] rising@0.000ns - u_video/u_pll/u_output/ph1p_phy_pll_wrapper_25a56e5ce2f9_Inst/u_PH1P_PHY_PLL.clkc[1] rising@0.000ns }
Data Path Delay     : 0.163ns (cell 0.106ns (65%), net 0.057ns (35%))
Clock Skew          : 0.000ns
Logic Level         : 1 ( LUT3=1 )
Max Fanout          : 1
Clock Uncertainty   : 0.050ns (sdc uncertainty: 0.000ns, default uncertainty: 0.050ns)

Delay Type          Location             Incr           Path   Level  Netlist Info
--------------------------------------------------------------------  ---------------
source latency                          0.000          0.000               
port                C4                  0.000          0.000          pin: I_sys_clk
hierarchy                               0.000          0.000          pin: I_sys_clk_syn_2.ipad
HDIO                x033y078            0.810          0.810          pin: I_sys_clk_syn_2.sg09_di
HDIO                x033y078            0.257          1.067          pin: I_sys_clk_syn_2.di
net (fo=1)          x043y079            0.040          1.107          net: I_sys_clk_dup_1,  ../../../diagnostics/hdmi_positive/positive_top.v(54)
                                                                      pin: u_video/u_pll/u_ref/ph1p_phy_pll_wrapper_25a56e5ce2f9_Inst/u_PH1P_PHY_PLL.refclk
PLL                 x043y079            0.367          1.474          pin: u_video/u_pll/u_ref/ph1p_phy_pll_wrapper_25a56e5ce2f9_Inst/u_PH1P_PHY_PLL.clkc[0]
net (fo=1)                              0.312          1.786          net: u_video/u_pll/u_ref/clk0_buf,  ../../../user_source/hdl_source/native_hdmi_pll.v(32)
                                                                      pin: u_video/u_pll/u_ref/bufg_feedback.clkin[0]
GCLK                x023y039z16         0.006          1.792          pin: u_video/u_pll/u_ref/bufg_feedback.clkout
net (fo=1)                              0.136          1.928          net: u_video/u_pll/u_output/ph1p_phy_pll_wrapper_25a56e5ce2f9_Inst/refclk,  ../../../user_source/ip_source/PLL/RTL/ph1p_phy_pll_wrapper_25a56e5ce2f9.v(119)
                                                                      pin: u_video/u_pll/u_ref/bufg_feedback_auto_created_sclk_s_0_l_bk1.clkin
SCLK                x023y019z0          0.025          1.953          pin: u_video/u_pll/u_ref/bufg_feedback_auto_created_sclk_s_0_l_bk1.clkout
net (fo=1)          x000y039            0.121          2.074          net: u_video/u_pll/u_ref/bufg_feedback_auto_created_sclk_s_0_l_bk1_sclk_outnet,  NOFILE(0)
                                                                      pin: u_video/u_pll/u_output/ph1p_phy_pll_wrapper_25a56e5ce2f9_Inst/u_PH1P_PHY_PLL.refclk
PLL                 x000y039            0.367          2.441          pin: u_video/u_pll/u_output/ph1p_phy_pll_wrapper_25a56e5ce2f9_Inst/u_PH1P_PHY_PLL.clkc[1]
net (fo=1)                              0.307          2.748          net: u_video/u_phy/u0_lane_lvds_8_1/I_serial_clk,  ../../../user_source/hdl_source/lane_lvds_10_1.v(8)
                                                                      pin: u_video/u_phy/u0_lane_lvds_8_1/I_serial_clk_created_gclkinst.clkin[0]
GCLK                x023y039z0          0.006          2.754          pin: u_video/u_phy/u0_lane_lvds_8_1/I_serial_clk_created_gclkinst.clkout
net (fo=1)                              0.143          2.897          net: u_video/u_phy/u0_lane_lvds_8_1/I_serial_clk_syn_1,  ../../../user_source/hdl_source/lane_lvds_10_1.v(8)
                                                                      pin: u_video/u_phy/u0_lane_lvds_8_1/I_serial_clk_created_gclkinst_auto_created_sclk_s_1_r_bk1.clkin
SCLK                x023y059z12         0.025          2.922          pin: u_video/u_phy/u0_lane_lvds_8_1/I_serial_clk_created_gclkinst_auto_created_sclk_s_1_r_bk1.clkout
net (fo=37)                             0.221          3.143          net: u_video/u_phy/u0_lane_lvds_8_1/I_serial_clk_created_gclkinst_auto_created_sclk_s_1_r_bk1_sclk_outnet,  NOFILE(0)
                                                                      pin: u_video/u_phy/u0_lane_lvds_8_1/S_shift_data_reg[7]_syn_2.clk
launch edge                             0.000    r     3.143               
--------------------------------------------------------------------  ---------------
clk2q               x036y049z3          0.062    f     3.205          pin: u_video/u_phy/u0_lane_lvds_8_1/S_shift_data_reg[7]_syn_2.oqa
net (fo=1)                              0.057          3.262          net: u_video/u_phy/u0_lane_lvds_8_1/S_shift_data[7],  ../../../user_source/hdl_source/lane_lvds_10_1.v(22)
                                                                      pin: u_video/u_phy/u0_lane_lvds_8_1/S_shift_data_reg[0]_syn_2.ie
LUT3 (reg)          x036y049z1          0.044    f     3.306       1  net: u_video/u_phy/u0_lane_lvds_8_1/S_shift_data[9],  ../../../user_source/hdl_source/lane_lvds_10_1.v(22)
--------------------------------------------------------------------  ---------------
Arrival                                                3.306               

source latency                          0.000          0.000               
port                C4                  0.000          0.000          pin: I_sys_clk
hierarchy                               0.000          0.000          pin: I_sys_clk_syn_2.ipad
HDIO                x033y078            0.915          0.915          pin: I_sys_clk_syn_2.sg09_di
HDIO                x033y078            0.290          1.205          pin: I_sys_clk_syn_2.di
net (fo=1)          x043y079            0.043          1.248          net: I_sys_clk_dup_1,  ../../../diagnostics/hdmi_positive/positive_top.v(54)
                                                                      pin: u_video/u_pll/u_ref/ph1p_phy_pll_wrapper_25a56e5ce2f9_Inst/u_PH1P_PHY_PLL.refclk
PLL                 x043y079            0.435          1.683          pin: u_video/u_pll/u_ref/ph1p_phy_pll_wrapper_25a56e5ce2f9_Inst/u_PH1P_PHY_PLL.clkc[0]
net (fo=1)                              0.339          2.022          net: u_video/u_pll/u_ref/clk0_buf,  ../../../user_source/hdl_source/native_hdmi_pll.v(32)
                                                                      pin: u_video/u_pll/u_ref/bufg_feedback.clkin[0]
GCLK                x023y039z16         0.007          2.029          pin: u_video/u_pll/u_ref/bufg_feedback.clkout
net (fo=1)                              0.148          2.177          net: u_video/u_pll/u_output/ph1p_phy_pll_wrapper_25a56e5ce2f9_Inst/refclk,  ../../../user_source/ip_source/PLL/RTL/ph1p_phy_pll_wrapper_25a56e5ce2f9.v(119)
                                                                      pin: u_video/u_pll/u_ref/bufg_feedback_auto_created_sclk_s_0_l_bk1.clkin
SCLK                x023y019z0          0.030          2.207          pin: u_video/u_pll/u_ref/bufg_feedback_auto_created_sclk_s_0_l_bk1.clkout
net (fo=1)          x000y039            0.131          2.338          net: u_video/u_pll/u_ref/bufg_feedback_auto_created_sclk_s_0_l_bk1_sclk_outnet,  NOFILE(0)
                                                                      pin: u_video/u_pll/u_output/ph1p_phy_pll_wrapper_25a56e5ce2f9_Inst/u_PH1P_PHY_PLL.refclk
PLL                 x000y039            0.436          2.774          pin: u_video/u_pll/u_output/ph1p_phy_pll_wrapper_25a56e5ce2f9_Inst/u_PH1P_PHY_PLL.clkc[1]
net (fo=1)                              0.334          3.108          net: u_video/u_phy/u0_lane_lvds_8_1/I_serial_clk,  ../../../user_source/hdl_source/lane_lvds_10_1.v(8)
                                                                      pin: u_video/u_phy/u0_lane_lvds_8_1/I_serial_clk_created_gclkinst.clkin[0]
GCLK                x023y039z0          0.007          3.115          pin: u_video/u_phy/u0_lane_lvds_8_1/I_serial_clk_created_gclkinst.clkout
net (fo=1)                              0.155          3.270          net: u_video/u_phy/u0_lane_lvds_8_1/I_serial_clk_syn_1,  ../../../user_source/hdl_source/lane_lvds_10_1.v(8)
                                                                      pin: u_video/u_phy/u0_lane_lvds_8_1/I_serial_clk_created_gclkinst_auto_created_sclk_s_1_r_bk1.clkin
SCLK                x023y059z12         0.030          3.300          pin: u_video/u_phy/u0_lane_lvds_8_1/I_serial_clk_created_gclkinst_auto_created_sclk_s_1_r_bk1.clkout
net (fo=37)                             0.244          3.544          net: u_video/u_phy/u0_lane_lvds_8_1/I_serial_clk_created_gclkinst_auto_created_sclk_s_1_r_bk1_sclk_outnet,  NOFILE(0)
                                                                      pin: u_video/u_phy/u0_lane_lvds_8_1/S_shift_data_reg[0]_syn_2.clk
capture edge                            0.000    r     3.544               
--------------------------------------------------------------------  ---------------
hold                                    0.012          3.556               
clock uncertainty                       0.050          3.606               
clock pessimism                        -0.401          3.205               
--------------------------------------------------------------------  ---------------
Required                                               3.205               
--------------------------------------------------------------------  ---------------
Slack                                                  0.101               

Slack               : 0.102ns
Begin Point         : u_video/u_phy/u3_lane_lvds_8_1/S_shift_data_reg[5]_syn_2.clk (rising edge triggered by clock u_video/u_pll/u_output/ph1p_phy_pll_wrapper_25a56e5ce2f9_Inst/u_PH1P_PHY_PLL.clkc[1]  { rise@0.000000ns  fall@1.346000ns  period=2.693000 })
End Point           : u_video/u_phy/u3_lane_lvds_8_1/S_shift_data_reg[8]_syn_2.ie (rising edge triggered by clock u_video/u_pll/u_output/ph1p_phy_pll_wrapper_25a56e5ce2f9_Inst/u_PH1P_PHY_PLL.clkc[1]  { rise@0.000000ns  fall@1.346000ns  period=2.693000 })
Check Type          : hold
Process             : fast_m40c
Budget              : 0.000ns { u_video/u_pll/u_output/ph1p_phy_pll_wrapper_25a56e5ce2f9_Inst/u_PH1P_PHY_PLL.clkc[1] rising@0.000ns - u_video/u_pll/u_output/ph1p_phy_pll_wrapper_25a56e5ce2f9_Inst/u_PH1P_PHY_PLL.clkc[1] rising@0.000ns }
Data Path Delay     : 0.164ns (cell 0.109ns (66%), net 0.055ns (34%))
Clock Skew          : 0.000ns
Logic Level         : 1 ( LUT2=1 )
Max Fanout          : 1
Clock Uncertainty   : 0.050ns (sdc uncertainty: 0.000ns, default uncertainty: 0.050ns)

Delay Type          Location             Incr           Path   Level  Netlist Info
--------------------------------------------------------------------  ---------------
source latency                          0.000          0.000               
port                C4                  0.000          0.000          pin: I_sys_clk
hierarchy                               0.000          0.000          pin: I_sys_clk_syn_2.ipad
HDIO                x033y078            0.810          0.810          pin: I_sys_clk_syn_2.sg09_di
HDIO                x033y078            0.257          1.067          pin: I_sys_clk_syn_2.di
net (fo=1)          x043y079            0.040          1.107          net: I_sys_clk_dup_1,  ../../../diagnostics/hdmi_positive/positive_top.v(54)
                                                                      pin: u_video/u_pll/u_ref/ph1p_phy_pll_wrapper_25a56e5ce2f9_Inst/u_PH1P_PHY_PLL.refclk
PLL                 x043y079            0.367          1.474          pin: u_video/u_pll/u_ref/ph1p_phy_pll_wrapper_25a56e5ce2f9_Inst/u_PH1P_PHY_PLL.clkc[0]
net (fo=1)                              0.312          1.786          net: u_video/u_pll/u_ref/clk0_buf,  ../../../user_source/hdl_source/native_hdmi_pll.v(32)
                                                                      pin: u_video/u_pll/u_ref/bufg_feedback.clkin[0]
GCLK                x023y039z16         0.006          1.792          pin: u_video/u_pll/u_ref/bufg_feedback.clkout
net (fo=1)                              0.136          1.928          net: u_video/u_pll/u_output/ph1p_phy_pll_wrapper_25a56e5ce2f9_Inst/refclk,  ../../../user_source/ip_source/PLL/RTL/ph1p_phy_pll_wrapper_25a56e5ce2f9.v(119)
                                                                      pin: u_video/u_pll/u_ref/bufg_feedback_auto_created_sclk_s_0_l_bk1.clkin
SCLK                x023y019z0          0.025          1.953          pin: u_video/u_pll/u_ref/bufg_feedback_auto_created_sclk_s_0_l_bk1.clkout
net (fo=1)          x000y039            0.121          2.074          net: u_video/u_pll/u_ref/bufg_feedback_auto_created_sclk_s_0_l_bk1_sclk_outnet,  NOFILE(0)
                                                                      pin: u_video/u_pll/u_output/ph1p_phy_pll_wrapper_25a56e5ce2f9_Inst/u_PH1P_PHY_PLL.refclk
PLL                 x000y039            0.367          2.441          pin: u_video/u_pll/u_output/ph1p_phy_pll_wrapper_25a56e5ce2f9_Inst/u_PH1P_PHY_PLL.clkc[1]
net (fo=1)                              0.307          2.748          net: u_video/u_phy/u0_lane_lvds_8_1/I_serial_clk,  ../../../user_source/hdl_source/lane_lvds_10_1.v(8)
                                                                      pin: u_video/u_phy/u0_lane_lvds_8_1/I_serial_clk_created_gclkinst.clkin[0]
GCLK                x023y039z0          0.006          2.754          pin: u_video/u_phy/u0_lane_lvds_8_1/I_serial_clk_created_gclkinst.clkout
net (fo=1)                              0.143          2.897          net: u_video/u_phy/u0_lane_lvds_8_1/I_serial_clk_syn_1,  ../../../user_source/hdl_source/lane_lvds_10_1.v(8)
                                                                      pin: u_video/u_phy/u0_lane_lvds_8_1/I_serial_clk_created_gclkinst_auto_created_sclk_s_1_r_bk1.clkin
SCLK                x023y059z12         0.025          2.922          pin: u_video/u_phy/u0_lane_lvds_8_1/I_serial_clk_created_gclkinst_auto_created_sclk_s_1_r_bk1.clkout
net (fo=37)                             0.222          3.144          net: u_video/u_phy/u0_lane_lvds_8_1/I_serial_clk_created_gclkinst_auto_created_sclk_s_1_r_bk1_sclk_outnet,  NOFILE(0)
                                                                      pin: u_video/u_phy/u3_lane_lvds_8_1/S_shift_data_reg[5]_syn_2.clk
launch edge                             0.000    r     3.144               
--------------------------------------------------------------------  ---------------
clk2q               x035y049z4          0.065    r     3.209          pin: u_video/u_phy/u3_lane_lvds_8_1/S_shift_data_reg[5]_syn_2.oqb
net (fo=1)                              0.055          3.264          net: u_video/u_phy/u3_lane_lvds_8_1/S_shift_data[4],  ../../../user_source/hdl_source/lane_lvds_10_1.v(22)
                                                                      pin: u_video/u_phy/u3_lane_lvds_8_1/S_shift_data_reg[8]_syn_2.ie
LUT2 (reg)          x035y049z5          0.044    f     3.308       1  net: u_video/u_phy/u3_lane_lvds_8_1/S_shift_data[6],  ../../../user_source/hdl_source/lane_lvds_10_1.v(22)
--------------------------------------------------------------------  ---------------
Arrival                                                3.308               

source latency                          0.000          0.000               
port                C4                  0.000          0.000          pin: I_sys_clk
hierarchy                               0.000          0.000          pin: I_sys_clk_syn_2.ipad
HDIO                x033y078            0.915          0.915          pin: I_sys_clk_syn_2.sg09_di
HDIO                x033y078            0.290          1.205          pin: I_sys_clk_syn_2.di
net (fo=1)          x043y079            0.043          1.248          net: I_sys_clk_dup_1,  ../../../diagnostics/hdmi_positive/positive_top.v(54)
                                                                      pin: u_video/u_pll/u_ref/ph1p_phy_pll_wrapper_25a56e5ce2f9_Inst/u_PH1P_PHY_PLL.refclk
PLL                 x043y079            0.435          1.683          pin: u_video/u_pll/u_ref/ph1p_phy_pll_wrapper_25a56e5ce2f9_Inst/u_PH1P_PHY_PLL.clkc[0]
net (fo=1)                              0.339          2.022          net: u_video/u_pll/u_ref/clk0_buf,  ../../../user_source/hdl_source/native_hdmi_pll.v(32)
                                                                      pin: u_video/u_pll/u_ref/bufg_feedback.clkin[0]
GCLK                x023y039z16         0.007          2.029          pin: u_video/u_pll/u_ref/bufg_feedback.clkout
net (fo=1)                              0.148          2.177          net: u_video/u_pll/u_output/ph1p_phy_pll_wrapper_25a56e5ce2f9_Inst/refclk,  ../../../user_source/ip_source/PLL/RTL/ph1p_phy_pll_wrapper_25a56e5ce2f9.v(119)
                                                                      pin: u_video/u_pll/u_ref/bufg_feedback_auto_created_sclk_s_0_l_bk1.clkin
SCLK                x023y019z0          0.030          2.207          pin: u_video/u_pll/u_ref/bufg_feedback_auto_created_sclk_s_0_l_bk1.clkout
net (fo=1)          x000y039            0.131          2.338          net: u_video/u_pll/u_ref/bufg_feedback_auto_created_sclk_s_0_l_bk1_sclk_outnet,  NOFILE(0)
                                                                      pin: u_video/u_pll/u_output/ph1p_phy_pll_wrapper_25a56e5ce2f9_Inst/u_PH1P_PHY_PLL.refclk
PLL                 x000y039            0.436          2.774          pin: u_video/u_pll/u_output/ph1p_phy_pll_wrapper_25a56e5ce2f9_Inst/u_PH1P_PHY_PLL.clkc[1]
net (fo=1)                              0.334          3.108          net: u_video/u_phy/u0_lane_lvds_8_1/I_serial_clk,  ../../../user_source/hdl_source/lane_lvds_10_1.v(8)
                                                                      pin: u_video/u_phy/u0_lane_lvds_8_1/I_serial_clk_created_gclkinst.clkin[0]
GCLK                x023y039z0          0.007          3.115          pin: u_video/u_phy/u0_lane_lvds_8_1/I_serial_clk_created_gclkinst.clkout
net (fo=1)                              0.155          3.270          net: u_video/u_phy/u0_lane_lvds_8_1/I_serial_clk_syn_1,  ../../../user_source/hdl_source/lane_lvds_10_1.v(8)
                                                                      pin: u_video/u_phy/u0_lane_lvds_8_1/I_serial_clk_created_gclkinst_auto_created_sclk_s_1_r_bk1.clkin
SCLK                x023y059z12         0.030          3.300          pin: u_video/u_phy/u0_lane_lvds_8_1/I_serial_clk_created_gclkinst_auto_created_sclk_s_1_r_bk1.clkout
net (fo=37)                             0.245          3.545          net: u_video/u_phy/u0_lane_lvds_8_1/I_serial_clk_created_gclkinst_auto_created_sclk_s_1_r_bk1_sclk_outnet,  NOFILE(0)
                                                                      pin: u_video/u_phy/u3_lane_lvds_8_1/S_shift_data_reg[8]_syn_2.clk
capture edge                            0.000    r     3.545               
--------------------------------------------------------------------  ---------------
hold                                    0.012          3.557               
clock uncertainty                       0.050          3.607               
clock pessimism                        -0.401          3.206               
--------------------------------------------------------------------  ---------------
Required                                               3.206               
--------------------------------------------------------------------  ---------------
Slack                                                  0.102               


Inter clock domain timing
--------------------------------------------------

IP timing
--------------------------------------------------
