ISO-10303-21;
HEADER;
FILE_DESCRIPTION(('Open CASCADE Model'),'2;1');
FILE_NAME('Open CASCADE Shape Model','2026-09-09T19:06:12',('Author'),(
    'Open CASCADE'),'Open CASCADE STEP processor 7.9','Open CASCADE 7.9'
  ,'Unknown');
FILE_SCHEMA(('AUTOMOTIVE_DESIGN { 1 0 10303 214 1 1 1 1 }'));
ENDSEC;
DATA;
#1 = APPLICATION_PROTOCOL_DEFINITION('international standard',
  'automotive_design',2000,#2);
#2 = APPLICATION_CONTEXT(
  'core data for automotive mechanical design processes');
#3 = SHAPE_DEFINITION_REPRESENTATION(#4,#10);
#4 = PRODUCT_DEFINITION_SHAPE('','',#5);
#5 = PRODUCT_DEFINITION('design','',#6,#9);
#6 = PRODUCT_DEFINITION_FORMATION('','',#7);
#7 = PRODUCT('Open CASCADE STEP translator 7.9 1',
  'Open CASCADE STEP translator 7.9 1','',(#8));
#8 = PRODUCT_CONTEXT('',#2,'mechanical');
#9 = PRODUCT_DEFINITION_CONTEXT('part definition',#2,'design');
#10 = ADVANCED_BREP_SHAPE_REPRESENTATION('',(#11,#15),#2719);
#11 = AXIS2_PLACEMENT_3D('',#12,#13,#14);
#12 = CARTESIAN_POINT('',(0.,0.,0.));
#13 = DIRECTION('',(0.,0.,1.));
#14 = DIRECTION('',(1.,0.,-0.));
#15 = MANIFOLD_SOLID_BREP('',#16);
#16 = CLOSED_SHELL('',(#17,#221,#537,#586,#1138,#1187,#1478,#1527,#1764,
    #1794,#1841,#1868,#1895,#1902,#1949,#1976,#2003,#2010,#2105,#2136,
    #2233,#2238,#2387,#2392,#2418,#2486,#2493,#2565,#2572,#2599,#2651,
    #2678,#2705,#2712));
#17 = ADVANCED_FACE('',(#18),#32,.F.);
#18 = FACE_BOUND('',#19,.F.);
#19 = EDGE_LOOP('',(#20,#55,#83,#111,#139,#167,#195));
#20 = ORIENTED_EDGE('',*,*,#21,.F.);
#21 = EDGE_CURVE('',#22,#24,#26,.T.);
#22 = VERTEX_POINT('',#23);
#23 = CARTESIAN_POINT('',(-12.,0.,50.));
#24 = VERTEX_POINT('',#25);
#25 = CARTESIAN_POINT('',(-12.,195.,50.));
#26 = SURFACE_CURVE('',#27,(#31,#43),.PCURVE_S1.);
#27 = LINE('',#28,#29);
#28 = CARTESIAN_POINT('',(-12.,0.,50.));
#29 = VECTOR('',#30,1.);
#30 = DIRECTION('',(0.,1.,0.));
#31 = PCURVE('',#32,#37);
#32 = PLANE('',#33);
#33 = AXIS2_PLACEMENT_3D('',#34,#35,#36);
#34 = CARTESIAN_POINT('',(-12.,0.,40.));
#35 = DIRECTION('',(1.,0.,0.));
#36 = DIRECTION('',(0.,0.,1.));
#37 = DEFINITIONAL_REPRESENTATION('',(#38),#42);
#38 = LINE('',#39,#40);
#39 = CARTESIAN_POINT('',(10.,0.));
#40 = VECTOR('',#41,1.);
#41 = DIRECTION('',(0.,-1.));
#42 = ( GEOMETRIC_REPRESENTATION_CONTEXT(2) 
PARAMETRIC_REPRESENTATION_CONTEXT() REPRESENTATION_CONTEXT('2D SPACE',''
  ) );
#43 = PCURVE('',#44,#49);
#44 = PLANE('',#45);
#45 = AXIS2_PLACEMENT_3D('',#46,#47,#48);
#46 = CARTESIAN_POINT('',(-12.,0.,50.));
#47 = DIRECTION('',(0.,0.,1.));
#48 = DIRECTION('',(1.,0.,0.));
#49 = DEFINITIONAL_REPRESENTATION('',(#50),#54);
#50 = LINE('',#51,#52);
#51 = CARTESIAN_POINT('',(0.,0.));
#52 = VECTOR('',#53,1.);
#53 = DIRECTION('',(0.,1.));
#54 = ( GEOMETRIC_REPRESENTATION_CONTEXT(2) 
PARAMETRIC_REPRESENTATION_CONTEXT() REPRESENTATION_CONTEXT('2D SPACE',''
  ) );
#55 = ORIENTED_EDGE('',*,*,#56,.F.);
#56 = EDGE_CURVE('',#57,#22,#59,.T.);
#57 = VERTEX_POINT('',#58);
#58 = CARTESIAN_POINT('',(-12.,0.,40.));
#59 = SURFACE_CURVE('',#60,(#64,#71),.PCURVE_S1.);
#60 = LINE('',#61,#62);
#61 = CARTESIAN_POINT('',(-12.,0.,40.));
#62 = VECTOR('',#63,1.);
#63 = DIRECTION('',(0.,0.,1.));
#64 = PCURVE('',#32,#65);
#65 = DEFINITIONAL_REPRESENTATION('',(#66),#70);
#66 = LINE('',#67,#68);
#67 = CARTESIAN_POINT('',(0.,0.));
#68 = VECTOR('',#69,1.);
#69 = DIRECTION('',(1.,0.));
#70 = ( GEOMETRIC_REPRESENTATION_CONTEXT(2) 
PARAMETRIC_REPRESENTATION_CONTEXT() REPRESENTATION_CONTEXT('2D SPACE',''
  ) );
#71 = PCURVE('',#72,#77);
#72 = PLANE('',#73);
#73 = AXIS2_PLACEMENT_3D('',#74,#75,#76);
#74 = CARTESIAN_POINT('',(-12.,0.,40.));
#75 = DIRECTION('',(0.,1.,0.));
#76 = DIRECTION('',(0.,0.,1.));
#77 = DEFINITIONAL_REPRESENTATION('',(#78),#82);
#78 = LINE('',#79,#80);
#79 = CARTESIAN_POINT('',(0.,0.));
#80 = VECTOR('',#81,1.);
#81 = DIRECTION('',(1.,0.));
#82 = ( GEOMETRIC_REPRESENTATION_CONTEXT(2) 
PARAMETRIC_REPRESENTATION_CONTEXT() REPRESENTATION_CONTEXT('2D SPACE',''
  ) );
#83 = ORIENTED_EDGE('',*,*,#84,.T.);
#84 = EDGE_CURVE('',#57,#85,#87,.T.);
#85 = VERTEX_POINT('',#86);
#86 = CARTESIAN_POINT('',(-12.,85.,40.));
#87 = SURFACE_CURVE('',#88,(#92,#99),.PCURVE_S1.);
#88 = LINE('',#89,#90);
#89 = CARTESIAN_POINT('',(-12.,0.,40.));
#90 = VECTOR('',#91,1.);
#91 = DIRECTION('',(0.,1.,0.));
#92 = PCURVE('',#32,#93);
#93 = DEFINITIONAL_REPRESENTATION('',(#94),#98);
#94 = LINE('',#95,#96);
#95 = CARTESIAN_POINT('',(0.,0.));
#96 = VECTOR('',#97,1.);
#97 = DIRECTION('',(0.,-1.));
#98 = ( GEOMETRIC_REPRESENTATION_CONTEXT(2) 
PARAMETRIC_REPRESENTATION_CONTEXT() REPRESENTATION_CONTEXT('2D SPACE',''
  ) );
#99 = PCURVE('',#100,#105);
#100 = PLANE('',#101);
#101 = AXIS2_PLACEMENT_3D('',#102,#103,#104);
#102 = CARTESIAN_POINT('',(-12.,0.,40.));
#103 = DIRECTION('',(0.,0.,1.));
#104 = DIRECTION('',(1.,0.,0.));
#105 = DEFINITIONAL_REPRESENTATION('',(#106),#110);
#106 = LINE('',#107,#108);
#107 = CARTESIAN_POINT('',(0.,0.));
#108 = VECTOR('',#109,1.);
#109 = DIRECTION('',(0.,1.));
#110 = ( GEOMETRIC_REPRESENTATION_CONTEXT(2) 
PARAMETRIC_REPRESENTATION_CONTEXT() REPRESENTATION_CONTEXT('2D SPACE',''
  ) );
#111 = ORIENTED_EDGE('',*,*,#112,.F.);
#112 = EDGE_CURVE('',#113,#85,#115,.T.);
#113 = VERTEX_POINT('',#114);
#114 = CARTESIAN_POINT('',(-12.,185.,5.));
#115 = SURFACE_CURVE('',#116,(#120,#127),.PCURVE_S1.);
#116 = LINE('',#117,#118);
#117 = CARTESIAN_POINT('',(-12.,185.,5.));
#118 = VECTOR('',#119,1.);
#119 = DIRECTION('',(0.,-0.943858356366,0.330350424728));
#120 = PCURVE('',#32,#121);
#121 = DEFINITIONAL_REPRESENTATION('',(#122),#126);
#122 = LINE('',#123,#124);
#123 = CARTESIAN_POINT('',(-35.,-185.));
#124 = VECTOR('',#125,1.);
#125 = DIRECTION('',(0.330350424728,0.943858356366));
#126 = ( GEOMETRIC_REPRESENTATION_CONTEXT(2) 
PARAMETRIC_REPRESENTATION_CONTEXT() REPRESENTATION_CONTEXT('2D SPACE',''
  ) );
#127 = PCURVE('',#128,#133);
#128 = PLANE('',#129);
#129 = AXIS2_PLACEMENT_3D('',#130,#131,#132);
#130 = CARTESIAN_POINT('',(-12.,185.,5.));
#131 = DIRECTION('',(0.,-0.330350424728,-0.943858356366));
#132 = DIRECTION('',(0.,-0.943858356366,0.330350424728));
#133 = DEFINITIONAL_REPRESENTATION('',(#134),#138);
#134 = LINE('',#135,#136);
#135 = CARTESIAN_POINT('',(0.,0.));
#136 = VECTOR('',#137,1.);
#137 = DIRECTION('',(1.,0.));
#138 = ( GEOMETRIC_REPRESENTATION_CONTEXT(2) 
PARAMETRIC_REPRESENTATION_CONTEXT() REPRESENTATION_CONTEXT('2D SPACE',''
  ) );
#139 = ORIENTED_EDGE('',*,*,#140,.F.);
#140 = EDGE_CURVE('',#141,#113,#143,.T.);
#141 = VERTEX_POINT('',#142);
#142 = CARTESIAN_POINT('',(-12.,185.,0.));
#143 = SURFACE_CURVE('',#144,(#148,#155),.PCURVE_S1.);
#144 = LINE('',#145,#146);
#145 = CARTESIAN_POINT('',(-12.,185.,0.));
#146 = VECTOR('',#147,1.);
#147 = DIRECTION('',(0.,0.,1.));
#148 = PCURVE('',#32,#149);
#149 = DEFINITIONAL_REPRESENTATION('',(#150),#154);
#150 = LINE('',#151,#152);
#151 = CARTESIAN_POINT('',(-40.,-185.));
#152 = VECTOR('',#153,1.);
#153 = DIRECTION('',(1.,0.));
#154 = ( GEOMETRIC_REPRESENTATION_CONTEXT(2) 
PARAMETRIC_REPRESENTATION_CONTEXT() REPRESENTATION_CONTEXT('2D SPACE',''
  ) );
#155 = PCURVE('',#156,#161);
#156 = PLANE('',#157);
#157 = AXIS2_PLACEMENT_3D('',#158,#159,#160);
#158 = CARTESIAN_POINT('',(-12.,185.,0.));
#159 = DIRECTION('',(0.,1.,0.));
#160 = DIRECTION('',(0.,0.,1.));
#161 = DEFINITIONAL_REPRESENTATION('',(#162),#166);
#162 = LINE('',#163,#164);
#163 = CARTESIAN_POINT('',(0.,0.));
#164 = VECTOR('',#165,1.);
#165 = DIRECTION('',(1.,0.));
#166 = ( GEOMETRIC_REPRESENTATION_CONTEXT(2) 
PARAMETRIC_REPRESENTATION_CONTEXT() REPRESENTATION_CONTEXT('2D SPACE',''
  ) );
#167 = ORIENTED_EDGE('',*,*,#168,.T.);
#168 = EDGE_CURVE('',#141,#169,#171,.T.);
#169 = VERTEX_POINT('',#170);
#170 = CARTESIAN_POINT('',(-12.,195.,0.));
#171 = SURFACE_CURVE('',#172,(#176,#183),.PCURVE_S1.);
#172 = LINE('',#173,#174);
#173 = CARTESIAN_POINT('',(-12.,185.,0.));
#174 = VECTOR('',#175,1.);
#175 = DIRECTION('',(0.,1.,0.));
#176 = PCURVE('',#32,#177);
#177 = DEFINITIONAL_REPRESENTATION('',(#178),#182);
#178 = LINE('',#179,#180);
#179 = CARTESIAN_POINT('',(-40.,-185.));
#180 = VECTOR('',#181,1.);
#181 = DIRECTION('',(0.,-1.));
#182 = ( GEOMETRIC_REPRESENTATION_CONTEXT(2) 
PARAMETRIC_REPRESENTATION_CONTEXT() REPRESENTATION_CONTEXT('2D SPACE',''
  ) );
#183 = PCURVE('',#184,#189);
#184 = PLANE('',#185);
#185 = AXIS2_PLACEMENT_3D('',#186,#187,#188);
#186 = CARTESIAN_POINT('',(-12.,185.,0.));
#187 = DIRECTION('',(0.,0.,1.));
#188 = DIRECTION('',(1.,0.,0.));
#189 = DEFINITIONAL_REPRESENTATION('',(#190),#194);
#190 = LINE('',#191,#192);
#191 = CARTESIAN_POINT('',(0.,0.));
#192 = VECTOR('',#193,1.);
#193 = DIRECTION('',(0.,1.));
#194 = ( GEOMETRIC_REPRESENTATION_CONTEXT(2) 
PARAMETRIC_REPRESENTATION_CONTEXT() REPRESENTATION_CONTEXT('2D SPACE',''
  ) );
#195 = ORIENTED_EDGE('',*,*,#196,.F.);
#196 = EDGE_CURVE('',#24,#169,#197,.T.);
#197 = SURFACE_CURVE('',#198,(#202,#209),.PCURVE_S1.);
#198 = LINE('',#199,#200);
#199 = CARTESIAN_POINT('',(-12.,195.,50.));
#200 = VECTOR('',#201,1.);
#201 = DIRECTION('',(0.,0.,-1.));
#202 = PCURVE('',#32,#203);
#203 = DEFINITIONAL_REPRESENTATION('',(#204),#208);
#204 = LINE('',#205,#206);
#205 = CARTESIAN_POINT('',(10.,-195.));
#206 = VECTOR('',#207,1.);
#207 = DIRECTION('',(-1.,0.));
#208 = ( GEOMETRIC_REPRESENTATION_CONTEXT(2) 
PARAMETRIC_REPRESENTATION_CONTEXT() REPRESENTATION_CONTEXT('2D SPACE',''
  ) );
#209 = PCURVE('',#210,#215);
#210 = PLANE('',#211);
#211 = AXIS2_PLACEMENT_3D('',#212,#213,#214);
#212 = CARTESIAN_POINT('',(-12.,195.,40.));
#213 = DIRECTION('',(0.,1.,0.));
#214 = DIRECTION('',(0.,0.,1.));
#215 = DEFINITIONAL_REPRESENTATION('',(#216),#220);
#216 = LINE('',#217,#218);
#217 = CARTESIAN_POINT('',(10.,0.));
#218 = VECTOR('',#219,1.);
#219 = DIRECTION('',(-1.,0.));
#220 = ( GEOMETRIC_REPRESENTATION_CONTEXT(2) 
PARAMETRIC_REPRESENTATION_CONTEXT() REPRESENTATION_CONTEXT('2D SPACE',''
  ) );
#221 = ADVANCED_FACE('',(#222,#297,#417),#44,.T.);
#222 = FACE_BOUND('',#223,.T.);
#223 = EDGE_LOOP('',(#224,#225,#248,#276));
#224 = ORIENTED_EDGE('',*,*,#21,.F.);
#225 = ORIENTED_EDGE('',*,*,#226,.T.);
#226 = EDGE_CURVE('',#22,#227,#229,.T.);
#227 = VERTEX_POINT('',#228);
#228 = CARTESIAN_POINT('',(12.,0.,50.));
#229 = SURFACE_CURVE('',#230,(#234,#241),.PCURVE_S1.);
#230 = LINE('',#231,#232);
#231 = CARTESIAN_POINT('',(-12.,0.,50.));
#232 = VECTOR('',#233,1.);
#233 = DIRECTION('',(1.,0.,0.));
#234 = PCURVE('',#44,#235);
#235 = DEFINITIONAL_REPRESENTATION('',(#236),#240);
#236 = LINE('',#237,#238);
#237 = CARTESIAN_POINT('',(0.,0.));
#238 = VECTOR('',#239,1.);
#239 = DIRECTION('',(1.,0.));
#240 = ( GEOMETRIC_REPRESENTATION_CONTEXT(2) 
PARAMETRIC_REPRESENTATION_CONTEXT() REPRESENTATION_CONTEXT('2D SPACE',''
  ) );
#241 = PCURVE('',#72,#242);
#242 = DEFINITIONAL_REPRESENTATION('',(#243),#247);
#243 = LINE('',#244,#245);
#244 = CARTESIAN_POINT('',(10.,0.));
#245 = VECTOR('',#246,1.);
#246 = DIRECTION('',(0.,1.));
#247 = ( GEOMETRIC_REPRESENTATION_CONTEXT(2) 
PARAMETRIC_REPRESENTATION_CONTEXT() REPRESENTATION_CONTEXT('2D SPACE',''
  ) );
#248 = ORIENTED_EDGE('',*,*,#249,.T.);
#249 = EDGE_CURVE('',#227,#250,#252,.T.);
#250 = VERTEX_POINT('',#251);
#251 = CARTESIAN_POINT('',(12.,195.,50.));
#252 = SURFACE_CURVE('',#253,(#257,#264),.PCURVE_S1.);
#253 = LINE('',#254,#255);
#254 = CARTESIAN_POINT('',(12.,0.,50.));
#255 = VECTOR('',#256,1.);
#256 = DIRECTION('',(0.,1.,0.));
#257 = PCURVE('',#44,#258);
#258 = DEFINITIONAL_REPRESENTATION('',(#259),#263);
#259 = LINE('',#260,#261);
#260 = CARTESIAN_POINT('',(24.,0.));
#261 = VECTOR('',#262,1.);
#262 = DIRECTION('',(0.,1.));
#263 = ( GEOMETRIC_REPRESENTATION_CONTEXT(2) 
PARAMETRIC_REPRESENTATION_CONTEXT() REPRESENTATION_CONTEXT('2D SPACE',''
  ) );
#264 = PCURVE('',#265,#270);
#265 = PLANE('',#266);
#266 = AXIS2_PLACEMENT_3D('',#267,#268,#269);
#267 = CARTESIAN_POINT('',(12.,0.,40.));
#268 = DIRECTION('',(1.,0.,0.));
#269 = DIRECTION('',(0.,0.,1.));
#270 = DEFINITIONAL_REPRESENTATION('',(#271),#275);
#271 = LINE('',#272,#273);
#272 = CARTESIAN_POINT('',(10.,0.));
#273 = VECTOR('',#274,1.);
#274 = DIRECTION('',(0.,-1.));
#275 = ( GEOMETRIC_REPRESENTATION_CONTEXT(2) 
PARAMETRIC_REPRESENTATION_CONTEXT() REPRESENTATION_CONTEXT('2D SPACE',''
  ) );
#276 = ORIENTED_EDGE('',*,*,#277,.F.);
#277 = EDGE_CURVE('',#24,#250,#278,.T.);
#278 = SURFACE_CURVE('',#279,(#283,#290),.PCURVE_S1.);
#279 = LINE('',#280,#281);
#280 = CARTESIAN_POINT('',(-12.,195.,50.));
#281 = VECTOR('',#282,1.);
#282 = DIRECTION('',(1.,0.,0.));
#283 = PCURVE('',#44,#284);
#284 = DEFINITIONAL_REPRESENTATION('',(#285),#289);
#285 = LINE('',#286,#287);
#286 = CARTESIAN_POINT('',(0.,195.));
#287 = VECTOR('',#288,1.);
#288 = DIRECTION('',(1.,0.));
#289 = ( GEOMETRIC_REPRESENTATION_CONTEXT(2) 
PARAMETRIC_REPRESENTATION_CONTEXT() REPRESENTATION_CONTEXT('2D SPACE',''
  ) );
#290 = PCURVE('',#210,#291);
#291 = DEFINITIONAL_REPRESENTATION('',(#292),#296);
#292 = LINE('',#293,#294);
#293 = CARTESIAN_POINT('',(10.,0.));
#294 = VECTOR('',#295,1.);
#295 = DIRECTION('',(0.,1.));
#296 = ( GEOMETRIC_REPRESENTATION_CONTEXT(2) 
PARAMETRIC_REPRESENTATION_CONTEXT() REPRESENTATION_CONTEXT('2D SPACE',''
  ) );
#297 = FACE_BOUND('',#298,.T.);
#298 = EDGE_LOOP('',(#299,#327,#360,#386));
#299 = ORIENTED_EDGE('',*,*,#300,.F.);
#300 = EDGE_CURVE('',#301,#303,#305,.T.);
#301 = VERTEX_POINT('',#302);
#302 = CARTESIAN_POINT('',(-2.25,72.75,50.));
#303 = VERTEX_POINT('',#304);
#304 = CARTESIAN_POINT('',(-2.25,7.25,50.));
#305 = SURFACE_CURVE('',#306,(#310,#316),.PCURVE_S1.);
#306 = LINE('',#307,#308);
#307 = CARTESIAN_POINT('',(-2.25,3.625,50.));
#308 = VECTOR('',#309,1.);
#309 = DIRECTION('',(-1.110223024625E-16,-1.,0.));
#310 = PCURVE('',#44,#311);
#311 = DEFINITIONAL_REPRESENTATION('',(#312),#315);
#312 = B_SPLINE_CURVE_WITH_KNOTS('',1,(#313,#314),.UNSPECIFIED.,.F.,.F.,
  (2,2),(-69.125,-3.625),.PIECEWISE_BEZIER_KNOTS.);
#313 = CARTESIAN_POINT('',(9.75,72.75));
#314 = CARTESIAN_POINT('',(9.75,7.25));
#315 = ( GEOMETRIC_REPRESENTATION_CONTEXT(2) 
PARAMETRIC_REPRESENTATION_CONTEXT() REPRESENTATION_CONTEXT('2D SPACE',''
  ) );
#316 = PCURVE('',#317,#322);
#317 = PLANE('',#318);
#318 = AXIS2_PLACEMENT_3D('',#319,#320,#321);
#319 = CARTESIAN_POINT('',(-2.25,7.25,39.));
#320 = DIRECTION('',(-1.,1.110223024625E-16,0.));
#321 = DIRECTION('',(1.110223024625E-16,1.,0.));
#322 = DEFINITIONAL_REPRESENTATION('',(#323),#326);
#323 = B_SPLINE_CURVE_WITH_KNOTS('',1,(#324,#325),.UNSPECIFIED.,.F.,.F.,
  (2,2),(-69.125,-3.625),.PIECEWISE_BEZIER_KNOTS.);
#324 = CARTESIAN_POINT('',(65.5,-11.));
#325 = CARTESIAN_POINT('',(0.,-11.));
#326 = ( GEOMETRIC_REPRESENTATION_CONTEXT(2) 
PARAMETRIC_REPRESENTATION_CONTEXT() REPRESENTATION_CONTEXT('2D SPACE',''
  ) );
#327 = ORIENTED_EDGE('',*,*,#328,.T.);
#328 = EDGE_CURVE('',#301,#329,#331,.T.);
#329 = VERTEX_POINT('',#330);
#330 = CARTESIAN_POINT('',(2.25,72.75,50.));
#331 = SURFACE_CURVE('',#332,(#337,#348),.PCURVE_S1.);
#332 = CIRCLE('',#333,2.25);
#333 = AXIS2_PLACEMENT_3D('',#334,#335,#336);
#334 = CARTESIAN_POINT('',(3.635980405647E-15,72.75,50.));
#335 = DIRECTION('',(0.,0.,-1.));
#336 = DIRECTION('',(-1.,1.110223024625E-16,0.));
#337 = PCURVE('',#44,#338);
#338 = DEFINITIONAL_REPRESENTATION('',(#339),#347);
#339 = ( BOUNDED_CURVE() B_SPLINE_CURVE(2,(#340,#341,#342,#343,#344,#345
,#346),.UNSPECIFIED.,.T.,.F.) B_SPLINE_CURVE_WITH_KNOTS((1,2,2,2,2,1),(
    -2.094395102393,0.,2.094395102393,4.188790204786,6.28318530718,
8.377580409573),.UNSPECIFIED.) CURVE() GEOMETRIC_REPRESENTATION_ITEM() 
RATIONAL_B_SPLINE_CURVE((1.,0.5,1.,0.5,1.,0.5,1.)) REPRESENTATION_ITEM(
  '') );
#340 = CARTESIAN_POINT('',(9.75,72.75));
#341 = CARTESIAN_POINT('',(9.75,76.64711431703));
#342 = CARTESIAN_POINT('',(13.125,74.698557158515));
#343 = CARTESIAN_POINT('',(16.5,72.75));
#344 = CARTESIAN_POINT('',(13.125,70.801442841485));
#345 = CARTESIAN_POINT('',(9.75,68.85288568297));
#346 = CARTESIAN_POINT('',(9.75,72.75));
#347 = ( GEOMETRIC_REPRESENTATION_CONTEXT(2) 
PARAMETRIC_REPRESENTATION_CONTEXT() REPRESENTATION_CONTEXT('2D SPACE',''
  ) );
#348 = PCURVE('',#349,#354);
#349 = CYLINDRICAL_SURFACE('',#350,2.25);
#350 = AXIS2_PLACEMENT_3D('',#351,#352,#353);
#351 = CARTESIAN_POINT('',(3.635980405647E-15,72.75,39.));
#352 = DIRECTION('',(0.,0.,-1.));
#353 = DIRECTION('',(-1.,1.110223024625E-16,0.));
#354 = DEFINITIONAL_REPRESENTATION('',(#355),#359);
#355 = LINE('',#356,#357);
#356 = CARTESIAN_POINT('',(0.,-11.));
#357 = VECTOR('',#358,1.);
#358 = DIRECTION('',(1.,0.));
#359 = ( GEOMETRIC_REPRESENTATION_CONTEXT(2) 
PARAMETRIC_REPRESENTATION_CONTEXT() REPRESENTATION_CONTEXT('2D SPACE',''
  ) );
#360 = ORIENTED_EDGE('',*,*,#361,.F.);
#361 = EDGE_CURVE('',#362,#329,#364,.T.);
#362 = VERTEX_POINT('',#363);
#363 = CARTESIAN_POINT('',(2.25,7.25,50.));
#364 = SURFACE_CURVE('',#365,(#369,#375),.PCURVE_S1.);
#365 = LINE('',#366,#367);
#366 = CARTESIAN_POINT('',(2.25,36.375,50.));
#367 = VECTOR('',#368,1.);
#368 = DIRECTION('',(1.110223024625E-16,1.,-0.));
#369 = PCURVE('',#44,#370);
#370 = DEFINITIONAL_REPRESENTATION('',(#371),#374);
#371 = B_SPLINE_CURVE_WITH_KNOTS('',1,(#372,#373),.UNSPECIFIED.,.F.,.F.,
  (2,2),(-29.125,36.375),.PIECEWISE_BEZIER_KNOTS.);
#372 = CARTESIAN_POINT('',(14.25,7.25));
#373 = CARTESIAN_POINT('',(14.25,72.75));
#374 = ( GEOMETRIC_REPRESENTATION_CONTEXT(2) 
PARAMETRIC_REPRESENTATION_CONTEXT() REPRESENTATION_CONTEXT('2D SPACE',''
  ) );
#375 = PCURVE('',#376,#381);
#376 = PLANE('',#377);
#377 = AXIS2_PLACEMENT_3D('',#378,#379,#380);
#378 = CARTESIAN_POINT('',(2.25,72.75,39.));
#379 = DIRECTION('',(1.,-1.110223024625E-16,0.));
#380 = DIRECTION('',(-1.110223024625E-16,-1.,0.));
#381 = DEFINITIONAL_REPRESENTATION('',(#382),#385);
#382 = B_SPLINE_CURVE_WITH_KNOTS('',1,(#383,#384),.UNSPECIFIED.,.F.,.F.,
  (2,2),(-29.125,36.375),.PIECEWISE_BEZIER_KNOTS.);
#383 = CARTESIAN_POINT('',(65.5,-11.));
#384 = CARTESIAN_POINT('',(0.,-11.));
#385 = ( GEOMETRIC_REPRESENTATION_CONTEXT(2) 
PARAMETRIC_REPRESENTATION_CONTEXT() REPRESENTATION_CONTEXT('2D SPACE',''
  ) );
#386 = ORIENTED_EDGE('',*,*,#387,.T.);
#387 = EDGE_CURVE('',#362,#303,#388,.T.);
#388 = SURFACE_CURVE('',#389,(#394,#405),.PCURVE_S1.);
#389 = CIRCLE('',#390,2.25);
#390 = AXIS2_PLACEMENT_3D('',#391,#392,#393);
#391 = CARTESIAN_POINT('',(-3.635980405647E-15,7.25,50.));
#392 = DIRECTION('',(0.,-0.,-1.));
#393 = DIRECTION('',(1.,-1.110223024625E-16,0.));
#394 = PCURVE('',#44,#395);
#395 = DEFINITIONAL_REPRESENTATION('',(#396),#404);
#396 = ( BOUNDED_CURVE() B_SPLINE_CURVE(2,(#397,#398,#399,#400,#401,#402
,#403),.UNSPECIFIED.,.T.,.F.) B_SPLINE_CURVE_WITH_KNOTS((1,2,2,2,2,1),(
    -2.094395102393,0.,2.094395102393,4.188790204786,6.28318530718,
8.377580409573),.UNSPECIFIED.) CURVE() GEOMETRIC_REPRESENTATION_ITEM() 
RATIONAL_B_SPLINE_CURVE((1.,0.5,1.,0.5,1.,0.5,1.)) REPRESENTATION_ITEM(
  '') );
#397 = CARTESIAN_POINT('',(14.25,7.25));
#398 = CARTESIAN_POINT('',(14.25,3.35288568297));
#399 = CARTESIAN_POINT('',(10.875,5.301442841485));
#400 = CARTESIAN_POINT('',(7.5,7.25));
#401 = CARTESIAN_POINT('',(10.875,9.198557158515));
#402 = CARTESIAN_POINT('',(14.25,11.14711431703));
#403 = CARTESIAN_POINT('',(14.25,7.25));
#404 = ( GEOMETRIC_REPRESENTATION_CONTEXT(2) 
PARAMETRIC_REPRESENTATION_CONTEXT() REPRESENTATION_CONTEXT('2D SPACE',''
  ) );
#405 = PCURVE('',#406,#411);
#406 = CYLINDRICAL_SURFACE('',#407,2.25);
#407 = AXIS2_PLACEMENT_3D('',#408,#409,#410);
#408 = CARTESIAN_POINT('',(-3.635980405647E-15,7.25,39.));
#409 = DIRECTION('',(0.,-0.,-1.));
#410 = DIRECTION('',(1.,-1.110223024625E-16,0.));
#411 = DEFINITIONAL_REPRESENTATION('',(#412),#416);
#412 = LINE('',#413,#414);
#413 = CARTESIAN_POINT('',(0.,-11.));
#414 = VECTOR('',#415,1.);
#415 = DIRECTION('',(1.,0.));
#416 = ( GEOMETRIC_REPRESENTATION_CONTEXT(2) 
PARAMETRIC_REPRESENTATION_CONTEXT() REPRESENTATION_CONTEXT('2D SPACE',''
  ) );
#417 = FACE_BOUND('',#418,.T.);
#418 = EDGE_LOOP('',(#419,#447,#480,#506));
#419 = ORIENTED_EDGE('',*,*,#420,.F.);
#420 = EDGE_CURVE('',#421,#423,#425,.T.);
#421 = VERTEX_POINT('',#422);
#422 = CARTESIAN_POINT('',(-2.25,172.75,50.));
#423 = VERTEX_POINT('',#424);
#424 = CARTESIAN_POINT('',(-2.25,107.25,50.));
#425 = SURFACE_CURVE('',#426,(#430,#436),.PCURVE_S1.);
#426 = LINE('',#427,#428);
#427 = CARTESIAN_POINT('',(-2.25,53.625,50.));
#428 = VECTOR('',#429,1.);
#429 = DIRECTION('',(-1.110223024625E-16,-1.,0.));
#430 = PCURVE('',#44,#431);
#431 = DEFINITIONAL_REPRESENTATION('',(#432),#435);
#432 = B_SPLINE_CURVE_WITH_KNOTS('',1,(#433,#434),.UNSPECIFIED.,.F.,.F.,
  (2,2),(-119.125,-53.625),.PIECEWISE_BEZIER_KNOTS.);
#433 = CARTESIAN_POINT('',(9.75,172.75));
#434 = CARTESIAN_POINT('',(9.75,107.25));
#435 = ( GEOMETRIC_REPRESENTATION_CONTEXT(2) 
PARAMETRIC_REPRESENTATION_CONTEXT() REPRESENTATION_CONTEXT('2D SPACE',''
  ) );
#436 = PCURVE('',#437,#442);
#437 = PLANE('',#438);
#438 = AXIS2_PLACEMENT_3D('',#439,#440,#441);
#439 = CARTESIAN_POINT('',(-2.25,107.25,39.));
#440 = DIRECTION('',(-1.,1.110223024625E-16,0.));
#441 = DIRECTION('',(1.110223024625E-16,1.,0.));
#442 = DEFINITIONAL_REPRESENTATION('',(#443),#446);
#443 = B_SPLINE_CURVE_WITH_KNOTS('',1,(#444,#445),.UNSPECIFIED.,.F.,.F.,
  (2,2),(-119.125,-53.625),.PIECEWISE_BEZIER_KNOTS.);
#444 = CARTESIAN_POINT('',(65.5,-11.));
#445 = CARTESIAN_POINT('',(0.,-11.));
#446 = ( GEOMETRIC_REPRESENTATION_CONTEXT(2) 
PARAMETRIC_REPRESENTATION_CONTEXT() REPRESENTATION_CONTEXT('2D SPACE',''
  ) );
#447 = ORIENTED_EDGE('',*,*,#448,.T.);
#448 = EDGE_CURVE('',#421,#449,#451,.T.);
#449 = VERTEX_POINT('',#450);
#450 = CARTESIAN_POINT('',(2.25,172.75,50.));
#451 = SURFACE_CURVE('',#452,(#457,#468),.PCURVE_S1.);
#452 = CIRCLE('',#453,2.25);
#453 = AXIS2_PLACEMENT_3D('',#454,#455,#456);
#454 = CARTESIAN_POINT('',(3.635980405647E-15,172.75,50.));
#455 = DIRECTION('',(0.,0.,-1.));
#456 = DIRECTION('',(-1.,1.110223024625E-16,0.));
#457 = PCURVE('',#44,#458);
#458 = DEFINITIONAL_REPRESENTATION('',(#459),#467);
#459 = ( BOUNDED_CURVE() B_SPLINE_CURVE(2,(#460,#461,#462,#463,#464,#465
,#466),.UNSPECIFIED.,.T.,.F.) B_SPLINE_CURVE_WITH_KNOTS((1,2,2,2,2,1),(
    -2.094395102393,0.,2.094395102393,4.188790204786,6.28318530718,
8.377580409573),.UNSPECIFIED.) CURVE() GEOMETRIC_REPRESENTATION_ITEM() 
RATIONAL_B_SPLINE_CURVE((1.,0.5,1.,0.5,1.,0.5,1.)) REPRESENTATION_ITEM(
  '') );
#460 = CARTESIAN_POINT('',(9.75,172.75));
#461 = CARTESIAN_POINT('',(9.75,176.64711431703));
#462 = CARTESIAN_POINT('',(13.125,174.69855715851));
#463 = CARTESIAN_POINT('',(16.5,172.75));
#464 = CARTESIAN_POINT('',(13.125,170.80144284148));
#465 = CARTESIAN_POINT('',(9.75,168.85288568297));
#466 = CARTESIAN_POINT('',(9.75,172.75));
#467 = ( GEOMETRIC_REPRESENTATION_CONTEXT(2) 
PARAMETRIC_REPRESENTATION_CONTEXT() REPRESENTATION_CONTEXT('2D SPACE',''
  ) );
#468 = PCURVE('',#469,#474);
#469 = CYLINDRICAL_SURFACE('',#470,2.25);
#470 = AXIS2_PLACEMENT_3D('',#471,#472,#473);
#471 = CARTESIAN_POINT('',(3.635980405647E-15,172.75,39.));
#472 = DIRECTION('',(0.,0.,-1.));
#473 = DIRECTION('',(-1.,1.110223024625E-16,0.));
#474 = DEFINITIONAL_REPRESENTATION('',(#475),#479);
#475 = LINE('',#476,#477);
#476 = CARTESIAN_POINT('',(0.,-11.));
#477 = VECTOR('',#478,1.);
#478 = DIRECTION('',(1.,0.));
#479 = ( GEOMETRIC_REPRESENTATION_CONTEXT(2) 
PARAMETRIC_REPRESENTATION_CONTEXT() REPRESENTATION_CONTEXT('2D SPACE',''
  ) );
#480 = ORIENTED_EDGE('',*,*,#481,.F.);
#481 = EDGE_CURVE('',#482,#449,#484,.T.);
#482 = VERTEX_POINT('',#483);
#483 = CARTESIAN_POINT('',(2.25,107.25,50.));
#484 = SURFACE_CURVE('',#485,(#489,#495),.PCURVE_S1.);
#485 = LINE('',#486,#487);
#486 = CARTESIAN_POINT('',(2.25,86.375,50.));
#487 = VECTOR('',#488,1.);
#488 = DIRECTION('',(1.110223024625E-16,1.,-0.));
#489 = PCURVE('',#44,#490);
#490 = DEFINITIONAL_REPRESENTATION('',(#491),#494);
#491 = B_SPLINE_CURVE_WITH_KNOTS('',1,(#492,#493),.UNSPECIFIED.,.F.,.F.,
  (2,2),(20.875,86.375),.PIECEWISE_BEZIER_KNOTS.);
#492 = CARTESIAN_POINT('',(14.25,107.25));
#493 = CARTESIAN_POINT('',(14.25,172.75));
#494 = ( GEOMETRIC_REPRESENTATION_CONTEXT(2) 
PARAMETRIC_REPRESENTATION_CONTEXT() REPRESENTATION_CONTEXT('2D SPACE',''
  ) );
#495 = PCURVE('',#496,#501);
#496 = PLANE('',#497);
#497 = AXIS2_PLACEMENT_3D('',#498,#499,#500);
#498 = CARTESIAN_POINT('',(2.25,172.75,39.));
#499 = DIRECTION('',(1.,-1.110223024625E-16,0.));
#500 = DIRECTION('',(-1.110223024625E-16,-1.,0.));
#501 = DEFINITIONAL_REPRESENTATION('',(#502),#505);
#502 = B_SPLINE_CURVE_WITH_KNOTS('',1,(#503,#504),.UNSPECIFIED.,.F.,.F.,
  (2,2),(20.875,86.375),.PIECEWISE_BEZIER_KNOTS.);
#503 = CARTESIAN_POINT('',(65.5,-11.));
#504 = CARTESIAN_POINT('',(0.,-11.));
#505 = ( GEOMETRIC_REPRESENTATION_CONTEXT(2) 
PARAMETRIC_REPRESENTATION_CONTEXT() REPRESENTATION_CONTEXT('2D SPACE',''
  ) );
#506 = ORIENTED_EDGE('',*,*,#507,.T.);
#507 = EDGE_CURVE('',#482,#423,#508,.T.);
#508 = SURFACE_CURVE('',#509,(#514,#525),.PCURVE_S1.);
#509 = CIRCLE('',#510,2.25);
#510 = AXIS2_PLACEMENT_3D('',#511,#512,#513);
#511 = CARTESIAN_POINT('',(-3.635980405647E-15,107.25,50.));
#512 = DIRECTION('',(0.,-0.,-1.));
#513 = DIRECTION('',(1.,-1.110223024625E-16,0.));
#514 = PCURVE('',#44,#515);
#515 = DEFINITIONAL_REPRESENTATION('',(#516),#524);
#516 = ( BOUNDED_CURVE() B_SPLINE_CURVE(2,(#517,#518,#519,#520,#521,#522
,#523),.UNSPECIFIED.,.T.,.F.) B_SPLINE_CURVE_WITH_KNOTS((1,2,2,2,2,1),(
    -2.094395102393,0.,2.094395102393,4.188790204786,6.28318530718,
8.377580409573),.UNSPECIFIED.) CURVE() GEOMETRIC_REPRESENTATION_ITEM() 
RATIONAL_B_SPLINE_CURVE((1.,0.5,1.,0.5,1.,0.5,1.)) REPRESENTATION_ITEM(
  '') );
#517 = CARTESIAN_POINT('',(14.25,107.25));
#518 = CARTESIAN_POINT('',(14.25,103.35288568297));
#519 = CARTESIAN_POINT('',(10.875,105.30144284148));
#520 = CARTESIAN_POINT('',(7.5,107.25));
#521 = CARTESIAN_POINT('',(10.875,109.19855715851));
#522 = CARTESIAN_POINT('',(14.25,111.14711431703));
#523 = CARTESIAN_POINT('',(14.25,107.25));
#524 = ( GEOMETRIC_REPRESENTATION_CONTEXT(2) 
PARAMETRIC_REPRESENTATION_CONTEXT() REPRESENTATION_CONTEXT('2D SPACE',''
  ) );
#525 = PCURVE('',#526,#531);
#526 = CYLINDRICAL_SURFACE('',#527,2.25);
#527 = AXIS2_PLACEMENT_3D('',#528,#529,#530);
#528 = CARTESIAN_POINT('',(-3.635980405647E-15,107.25,39.));
#529 = DIRECTION('',(0.,-0.,-1.));
#530 = DIRECTION('',(1.,-1.110223024625E-16,0.));
#531 = DEFINITIONAL_REPRESENTATION('',(#532),#536);
#532 = LINE('',#533,#534);
#533 = CARTESIAN_POINT('',(0.,-11.));
#534 = VECTOR('',#535,1.);
#535 = DIRECTION('',(1.,0.));
#536 = ( GEOMETRIC_REPRESENTATION_CONTEXT(2) 
PARAMETRIC_REPRESENTATION_CONTEXT() REPRESENTATION_CONTEXT('2D SPACE',''
  ) );
#537 = ADVANCED_FACE('',(#538),#72,.F.);
#538 = FACE_BOUND('',#539,.F.);
#539 = EDGE_LOOP('',(#540,#563,#564,#565));
#540 = ORIENTED_EDGE('',*,*,#541,.F.);
#541 = EDGE_CURVE('',#57,#542,#544,.T.);
#542 = VERTEX_POINT('',#543);
#543 = CARTESIAN_POINT('',(12.,0.,40.));
#544 = SURFACE_CURVE('',#545,(#549,#556),.PCURVE_S1.);
#545 = LINE('',#546,#547);
#546 = CARTESIAN_POINT('',(-12.,0.,40.));
#547 = VECTOR('',#548,1.);
#548 = DIRECTION('',(1.,0.,0.));
#549 = PCURVE('',#72,#550);
#550 = DEFINITIONAL_REPRESENTATION('',(#551),#555);
#551 = LINE('',#552,#553);
#552 = CARTESIAN_POINT('',(0.,0.));
#553 = VECTOR('',#554,1.);
#554 = DIRECTION('',(0.,1.));
#555 = ( GEOMETRIC_REPRESENTATION_CONTEXT(2) 
PARAMETRIC_REPRESENTATION_CONTEXT() REPRESENTATION_CONTEXT('2D SPACE',''
  ) );
#556 = PCURVE('',#100,#557);
#557 = DEFINITIONAL_REPRESENTATION('',(#558),#562);
#558 = LINE('',#559,#560);
#559 = CARTESIAN_POINT('',(0.,0.));
#560 = VECTOR('',#561,1.);
#561 = DIRECTION('',(1.,0.));
#562 = ( GEOMETRIC_REPRESENTATION_CONTEXT(2) 
PARAMETRIC_REPRESENTATION_CONTEXT() REPRESENTATION_CONTEXT('2D SPACE',''
  ) );
#563 = ORIENTED_EDGE('',*,*,#56,.T.);
#564 = ORIENTED_EDGE('',*,*,#226,.T.);
#565 = ORIENTED_EDGE('',*,*,#566,.F.);
#566 = EDGE_CURVE('',#542,#227,#567,.T.);
#567 = SURFACE_CURVE('',#568,(#572,#579),.PCURVE_S1.);
#568 = LINE('',#569,#570);
#569 = CARTESIAN_POINT('',(12.,0.,40.));
#570 = VECTOR('',#571,1.);
#571 = DIRECTION('',(0.,0.,1.));
#572 = PCURVE('',#72,#573);
#573 = DEFINITIONAL_REPRESENTATION('',(#574),#578);
#574 = LINE('',#575,#576);
#575 = CARTESIAN_POINT('',(0.,24.));
#576 = VECTOR('',#577,1.);
#577 = DIRECTION('',(1.,0.));
#578 = ( GEOMETRIC_REPRESENTATION_CONTEXT(2) 
PARAMETRIC_REPRESENTATION_CONTEXT() REPRESENTATION_CONTEXT('2D SPACE',''
  ) );
#579 = PCURVE('',#265,#580);
#580 = DEFINITIONAL_REPRESENTATION('',(#581),#585);
#581 = LINE('',#582,#583);
#582 = CARTESIAN_POINT('',(0.,0.));
#583 = VECTOR('',#584,1.);
#584 = DIRECTION('',(1.,0.));
#585 = ( GEOMETRIC_REPRESENTATION_CONTEXT(2) 
PARAMETRIC_REPRESENTATION_CONTEXT() REPRESENTATION_CONTEXT('2D SPACE',''
  ) );
#586 = ADVANCED_FACE('',(#587,#938,#1038),#100,.F.);
#587 = FACE_BOUND('',#588,.F.);
#588 = EDGE_LOOP('',(#589,#590,#591,#614,#642,#670,#696,#722,#748,#769,
    #790,#816,#842,#863,#889,#917));
#589 = ORIENTED_EDGE('',*,*,#84,.F.);
#590 = ORIENTED_EDGE('',*,*,#541,.T.);
#591 = ORIENTED_EDGE('',*,*,#592,.T.);
#592 = EDGE_CURVE('',#542,#593,#595,.T.);
#593 = VERTEX_POINT('',#594);
#594 = CARTESIAN_POINT('',(12.,85.,40.));
#595 = SURFACE_CURVE('',#596,(#600,#607),.PCURVE_S1.);
#596 = LINE('',#597,#598);
#597 = CARTESIAN_POINT('',(12.,0.,40.));
#598 = VECTOR('',#599,1.);
#599 = DIRECTION('',(0.,1.,0.));
#600 = PCURVE('',#100,#601);
#601 = DEFINITIONAL_REPRESENTATION('',(#602),#606);
#602 = LINE('',#603,#604);
#603 = CARTESIAN_POINT('',(24.,0.));
#604 = VECTOR('',#605,1.);
#605 = DIRECTION('',(0.,1.));
#606 = ( GEOMETRIC_REPRESENTATION_CONTEXT(2) 
PARAMETRIC_REPRESENTATION_CONTEXT() REPRESENTATION_CONTEXT('2D SPACE',''
  ) );
#607 = PCURVE('',#265,#608);
#608 = DEFINITIONAL_REPRESENTATION('',(#609),#613);
#609 = LINE('',#610,#611);
#610 = CARTESIAN_POINT('',(0.,0.));
#611 = VECTOR('',#612,1.);
#612 = DIRECTION('',(0.,-1.));
#613 = ( GEOMETRIC_REPRESENTATION_CONTEXT(2) 
PARAMETRIC_REPRESENTATION_CONTEXT() REPRESENTATION_CONTEXT('2D SPACE',''
  ) );
#614 = ORIENTED_EDGE('',*,*,#615,.F.);
#615 = EDGE_CURVE('',#616,#593,#618,.T.);
#616 = VERTEX_POINT('',#617);
#617 = CARTESIAN_POINT('',(8.,85.,40.));
#618 = SURFACE_CURVE('',#619,(#623,#630),.PCURVE_S1.);
#619 = LINE('',#620,#621);
#620 = CARTESIAN_POINT('',(8.,85.,40.));
#621 = VECTOR('',#622,1.);
#622 = DIRECTION('',(1.,0.,0.));
#623 = PCURVE('',#100,#624);
#624 = DEFINITIONAL_REPRESENTATION('',(#625),#629);
#625 = LINE('',#626,#627);
#626 = CARTESIAN_POINT('',(20.,85.));
#627 = VECTOR('',#628,1.);
#628 = DIRECTION('',(1.,0.));
#629 = ( GEOMETRIC_REPRESENTATION_CONTEXT(2) 
PARAMETRIC_REPRESENTATION_CONTEXT() REPRESENTATION_CONTEXT('2D SPACE',''
  ) );
#630 = PCURVE('',#631,#636);
#631 = PLANE('',#632);
#632 = AXIS2_PLACEMENT_3D('',#633,#634,#635);
#633 = CARTESIAN_POINT('',(8.,185.,5.));
#634 = DIRECTION('',(0.,-0.330350424728,-0.943858356366));
#635 = DIRECTION('',(0.,-0.943858356366,0.330350424728));
#636 = DEFINITIONAL_REPRESENTATION('',(#637),#641);
#637 = LINE('',#638,#639);
#638 = CARTESIAN_POINT('',(105.94810050208,0.));
#639 = VECTOR('',#640,1.);
#640 = DIRECTION('',(0.,-1.));
#641 = ( GEOMETRIC_REPRESENTATION_CONTEXT(2) 
PARAMETRIC_REPRESENTATION_CONTEXT() REPRESENTATION_CONTEXT('2D SPACE',''
  ) );
#642 = ORIENTED_EDGE('',*,*,#643,.T.);
#643 = EDGE_CURVE('',#616,#644,#646,.T.);
#644 = VERTEX_POINT('',#645);
#645 = CARTESIAN_POINT('',(8.,185.,40.));
#646 = SURFACE_CURVE('',#647,(#651,#658),.PCURVE_S1.);
#647 = LINE('',#648,#649);
#648 = CARTESIAN_POINT('',(8.,85.,40.));
#649 = VECTOR('',#650,1.);
#650 = DIRECTION('',(0.,1.,0.));
#651 = PCURVE('',#100,#652);
#652 = DEFINITIONAL_REPRESENTATION('',(#653),#657);
#653 = LINE('',#654,#655);
#654 = CARTESIAN_POINT('',(20.,85.));
#655 = VECTOR('',#656,1.);
#656 = DIRECTION('',(0.,1.));
#657 = ( GEOMETRIC_REPRESENTATION_CONTEXT(2) 
PARAMETRIC_REPRESENTATION_CONTEXT() REPRESENTATION_CONTEXT('2D SPACE',''
  ) );
#658 = PCURVE('',#659,#664);
#659 = PLANE('',#660);
#660 = AXIS2_PLACEMENT_3D('',#661,#662,#663);
#661 = CARTESIAN_POINT('',(8.,142.26297487447,29.762974874479));
#662 = DIRECTION('',(-1.,-0.,-0.));
#663 = DIRECTION('',(0.,0.,-1.));
#664 = DEFINITIONAL_REPRESENTATION('',(#665),#669);
#665 = LINE('',#666,#667);
#666 = CARTESIAN_POINT('',(-10.23702512552,57.262974874479));
#667 = VECTOR('',#668,1.);
#668 = DIRECTION('',(0.,-1.));
#669 = ( GEOMETRIC_REPRESENTATION_CONTEXT(2) 
PARAMETRIC_REPRESENTATION_CONTEXT() REPRESENTATION_CONTEXT('2D SPACE',''
  ) );
#670 = ORIENTED_EDGE('',*,*,#671,.T.);
#671 = EDGE_CURVE('',#644,#672,#674,.T.);
#672 = VERTEX_POINT('',#673);
#673 = CARTESIAN_POINT('',(7.870828693387,185.,40.));
#674 = SURFACE_CURVE('',#675,(#679,#685),.PCURVE_S1.);
#675 = LINE('',#676,#677);
#676 = CARTESIAN_POINT('',(-12.,185.,40.));
#677 = VECTOR('',#678,1.);
#678 = DIRECTION('',(-1.,0.,0.));
#679 = PCURVE('',#100,#680);
#680 = DEFINITIONAL_REPRESENTATION('',(#681),#684);
#681 = B_SPLINE_CURVE_WITH_KNOTS('',1,(#682,#683),.UNSPECIFIED.,.F.,.F.,
  (2,2),(-24.,0.),.PIECEWISE_BEZIER_KNOTS.);
#682 = CARTESIAN_POINT('',(24.,185.));
#683 = CARTESIAN_POINT('',(0.,185.));
#684 = ( GEOMETRIC_REPRESENTATION_CONTEXT(2) 
PARAMETRIC_REPRESENTATION_CONTEXT() REPRESENTATION_CONTEXT('2D SPACE',''
  ) );
#685 = PCURVE('',#686,#691);
#686 = PLANE('',#687);
#687 = AXIS2_PLACEMENT_3D('',#688,#689,#690);
#688 = CARTESIAN_POINT('',(-12.,185.,0.));
#689 = DIRECTION('',(0.,1.,0.));
#690 = DIRECTION('',(0.,0.,1.));
#691 = DEFINITIONAL_REPRESENTATION('',(#692),#695);
#692 = B_SPLINE_CURVE_WITH_KNOTS('',1,(#693,#694),.UNSPECIFIED.,.F.,.F.,
  (2,2),(-24.,0.),.PIECEWISE_BEZIER_KNOTS.);
#693 = CARTESIAN_POINT('',(40.,24.));
#694 = CARTESIAN_POINT('',(40.,0.));
#695 = ( GEOMETRIC_REPRESENTATION_CONTEXT(2) 
PARAMETRIC_REPRESENTATION_CONTEXT() REPRESENTATION_CONTEXT('2D SPACE',''
  ) );
#696 = ORIENTED_EDGE('',*,*,#697,.T.);
#697 = EDGE_CURVE('',#672,#698,#700,.T.);
#698 = VERTEX_POINT('',#699);
#699 = CARTESIAN_POINT('',(7.870828693387,184.,40.));
#700 = SURFACE_CURVE('',#701,(#705,#711),.PCURVE_S1.);
#701 = LINE('',#702,#703);
#702 = CARTESIAN_POINT('',(7.870828693387,184.,40.));
#703 = VECTOR('',#704,1.);
#704 = DIRECTION('',(-0.,-1.,0.));
#705 = PCURVE('',#100,#706);
#706 = DEFINITIONAL_REPRESENTATION('',(#707),#710);
#707 = B_SPLINE_CURVE_WITH_KNOTS('',1,(#708,#709),.UNSPECIFIED.,.F.,.F.,
  (2,2),(-12.0000006,5.999999928008E-07),.PIECEWISE_BEZIER_KNOTS.);
#708 = CARTESIAN_POINT('',(19.870828693387,196.0000006));
#709 = CARTESIAN_POINT('',(19.870828693387,183.9999994));
#710 = ( GEOMETRIC_REPRESENTATION_CONTEXT(2) 
PARAMETRIC_REPRESENTATION_CONTEXT() REPRESENTATION_CONTEXT('2D SPACE',''
  ) );
#711 = PCURVE('',#712,#717);
#712 = CYLINDRICAL_SURFACE('',#713,2.25);
#713 = AXIS2_PLACEMENT_3D('',#714,#715,#716);
#714 = CARTESIAN_POINT('',(6.,184.,38.75));
#715 = DIRECTION('',(-0.,-1.,0.));
#716 = DIRECTION('',(-1.,0.,1.110223024625E-16));
#717 = DEFINITIONAL_REPRESENTATION('',(#718),#721);
#718 = B_SPLINE_CURVE_WITH_KNOTS('',1,(#719,#720),.UNSPECIFIED.,.F.,.F.,
  (2,2),(-12.0000006,5.999999928008E-07),.PIECEWISE_BEZIER_KNOTS.);
#719 = CARTESIAN_POINT('',(-2.552561683374,-12.0000006));
#720 = CARTESIAN_POINT('',(-2.552561683374,5.999999928008E-07));
#721 = ( GEOMETRIC_REPRESENTATION_CONTEXT(2) 
PARAMETRIC_REPRESENTATION_CONTEXT() REPRESENTATION_CONTEXT('2D SPACE',''
  ) );
#722 = ORIENTED_EDGE('',*,*,#723,.T.);
#723 = EDGE_CURVE('',#698,#724,#726,.T.);
#724 = VERTEX_POINT('',#725);
#725 = CARTESIAN_POINT('',(4.129171306613,184.,40.));
#726 = SURFACE_CURVE('',#727,(#731,#737),.PCURVE_S1.);
#727 = LINE('',#728,#729);
#728 = CARTESIAN_POINT('',(-3.,184.,40.));
#729 = VECTOR('',#730,1.);
#730 = DIRECTION('',(-1.,0.,0.));
#731 = PCURVE('',#100,#732);
#732 = DEFINITIONAL_REPRESENTATION('',(#733),#736);
#733 = B_SPLINE_CURVE_WITH_KNOTS('',1,(#734,#735),.UNSPECIFIED.,.F.,.F.,
  (2,2),(-11.25,-6.75),.PIECEWISE_BEZIER_KNOTS.);
#734 = CARTESIAN_POINT('',(20.25,184.));
#735 = CARTESIAN_POINT('',(15.75,184.));
#736 = ( GEOMETRIC_REPRESENTATION_CONTEXT(2) 
PARAMETRIC_REPRESENTATION_CONTEXT() REPRESENTATION_CONTEXT('2D SPACE',''
  ) );
#737 = PCURVE('',#738,#743);
#738 = PLANE('',#739);
#739 = AXIS2_PLACEMENT_3D('',#740,#741,#742);
#740 = CARTESIAN_POINT('',(6.,184.,30.));
#741 = DIRECTION('',(0.,1.,0.));
#742 = DIRECTION('',(0.,-0.,1.));
#743 = DEFINITIONAL_REPRESENTATION('',(#744),#747);
#744 = B_SPLINE_CURVE_WITH_KNOTS('',1,(#745,#746),.UNSPECIFIED.,.F.,.F.,
  (2,2),(-11.25,-6.75),.PIECEWISE_BEZIER_KNOTS.);
#745 = CARTESIAN_POINT('',(10.,2.25));
#746 = CARTESIAN_POINT('',(10.,-2.25));
#747 = ( GEOMETRIC_REPRESENTATION_CONTEXT(2) 
PARAMETRIC_REPRESENTATION_CONTEXT() REPRESENTATION_CONTEXT('2D SPACE',''
  ) );
#748 = ORIENTED_EDGE('',*,*,#749,.F.);
#749 = EDGE_CURVE('',#750,#724,#752,.T.);
#750 = VERTEX_POINT('',#751);
#751 = CARTESIAN_POINT('',(4.129171306613,185.,40.));
#752 = SURFACE_CURVE('',#753,(#757,#763),.PCURVE_S1.);
#753 = LINE('',#754,#755);
#754 = CARTESIAN_POINT('',(4.129171306613,184.,40.));
#755 = VECTOR('',#756,1.);
#756 = DIRECTION('',(-0.,-1.,0.));
#757 = PCURVE('',#100,#758);
#758 = DEFINITIONAL_REPRESENTATION('',(#759),#762);
#759 = B_SPLINE_CURVE_WITH_KNOTS('',1,(#760,#761),.UNSPECIFIED.,.F.,.F.,
  (2,2),(-12.0000006,5.999999928008E-07),.PIECEWISE_BEZIER_KNOTS.);
#760 = CARTESIAN_POINT('',(16.129171306613,196.0000006));
#761 = CARTESIAN_POINT('',(16.129171306613,183.9999994));
#762 = ( GEOMETRIC_REPRESENTATION_CONTEXT(2) 
PARAMETRIC_REPRESENTATION_CONTEXT() REPRESENTATION_CONTEXT('2D SPACE',''
  ) );
#763 = PCURVE('',#712,#764);
#764 = DEFINITIONAL_REPRESENTATION('',(#765),#768);
#765 = B_SPLINE_CURVE_WITH_KNOTS('',1,(#766,#767),.UNSPECIFIED.,.F.,.F.,
  (2,2),(-12.0000006,5.999999928008E-07),.PIECEWISE_BEZIER_KNOTS.);
#766 = CARTESIAN_POINT('',(-0.589030970216,-12.0000006));
#767 = CARTESIAN_POINT('',(-0.589030970216,5.999999928008E-07));
#768 = ( GEOMETRIC_REPRESENTATION_CONTEXT(2) 
PARAMETRIC_REPRESENTATION_CONTEXT() REPRESENTATION_CONTEXT('2D SPACE',''
  ) );
#769 = ORIENTED_EDGE('',*,*,#770,.T.);
#770 = EDGE_CURVE('',#750,#771,#773,.T.);
#771 = VERTEX_POINT('',#772);
#772 = CARTESIAN_POINT('',(-4.129171306613,185.,40.));
#773 = SURFACE_CURVE('',#774,(#778,#784),.PCURVE_S1.);
#774 = LINE('',#775,#776);
#775 = CARTESIAN_POINT('',(-12.,185.,40.));
#776 = VECTOR('',#777,1.);
#777 = DIRECTION('',(-1.,0.,0.));
#778 = PCURVE('',#100,#779);
#779 = DEFINITIONAL_REPRESENTATION('',(#780),#783);
#780 = B_SPLINE_CURVE_WITH_KNOTS('',1,(#781,#782),.UNSPECIFIED.,.F.,.F.,
  (2,2),(-24.,0.),.PIECEWISE_BEZIER_KNOTS.);
#781 = CARTESIAN_POINT('',(24.,185.));
#782 = CARTESIAN_POINT('',(0.,185.));
#783 = ( GEOMETRIC_REPRESENTATION_CONTEXT(2) 
PARAMETRIC_REPRESENTATION_CONTEXT() REPRESENTATION_CONTEXT('2D SPACE',''
  ) );
#784 = PCURVE('',#156,#785);
#785 = DEFINITIONAL_REPRESENTATION('',(#786),#789);
#786 = B_SPLINE_CURVE_WITH_KNOTS('',1,(#787,#788),.UNSPECIFIED.,.F.,.F.,
  (2,2),(-24.,0.),.PIECEWISE_BEZIER_KNOTS.);
#787 = CARTESIAN_POINT('',(40.,24.));
#788 = CARTESIAN_POINT('',(40.,0.));
#789 = ( GEOMETRIC_REPRESENTATION_CONTEXT(2) 
PARAMETRIC_REPRESENTATION_CONTEXT() REPRESENTATION_CONTEXT('2D SPACE',''
  ) );
#790 = ORIENTED_EDGE('',*,*,#791,.T.);
#791 = EDGE_CURVE('',#771,#792,#794,.T.);
#792 = VERTEX_POINT('',#793);
#793 = CARTESIAN_POINT('',(-4.129171306613,184.,40.));
#794 = SURFACE_CURVE('',#795,(#799,#805),.PCURVE_S1.);
#795 = LINE('',#796,#797);
#796 = CARTESIAN_POINT('',(-4.129171306613,184.,40.));
#797 = VECTOR('',#798,1.);
#798 = DIRECTION('',(-0.,-1.,0.));
#799 = PCURVE('',#100,#800);
#800 = DEFINITIONAL_REPRESENTATION('',(#801),#804);
#801 = B_SPLINE_CURVE_WITH_KNOTS('',1,(#802,#803),.UNSPECIFIED.,.F.,.F.,
  (2,2),(-12.0000006,5.999999928008E-07),.PIECEWISE_BEZIER_KNOTS.);
#802 = CARTESIAN_POINT('',(7.870828693387,196.0000006));
#803 = CARTESIAN_POINT('',(7.870828693387,183.9999994));
#804 = ( GEOMETRIC_REPRESENTATION_CONTEXT(2) 
PARAMETRIC_REPRESENTATION_CONTEXT() REPRESENTATION_CONTEXT('2D SPACE',''
  ) );
#805 = PCURVE('',#806,#811);
#806 = CYLINDRICAL_SURFACE('',#807,2.25);
#807 = AXIS2_PLACEMENT_3D('',#808,#809,#810);
#808 = CARTESIAN_POINT('',(-6.,184.,38.75));
#809 = DIRECTION('',(-0.,-1.,0.));
#810 = DIRECTION('',(-1.,0.,1.110223024625E-16));
#811 = DEFINITIONAL_REPRESENTATION('',(#812),#815);
#812 = B_SPLINE_CURVE_WITH_KNOTS('',1,(#813,#814),.UNSPECIFIED.,.F.,.F.,
  (2,2),(-12.0000006,5.999999928008E-07),.PIECEWISE_BEZIER_KNOTS.);
#813 = CARTESIAN_POINT('',(-2.552561683374,-12.0000006));
#814 = CARTESIAN_POINT('',(-2.552561683374,5.999999928008E-07));
#815 = ( GEOMETRIC_REPRESENTATION_CONTEXT(2) 
PARAMETRIC_REPRESENTATION_CONTEXT() REPRESENTATION_CONTEXT('2D SPACE',''
  ) );
#816 = ORIENTED_EDGE('',*,*,#817,.T.);
#817 = EDGE_CURVE('',#792,#818,#820,.T.);
#818 = VERTEX_POINT('',#819);
#819 = CARTESIAN_POINT('',(-7.870828693387,184.,40.));
#820 = SURFACE_CURVE('',#821,(#825,#831),.PCURVE_S1.);
#821 = LINE('',#822,#823);
#822 = CARTESIAN_POINT('',(-9.,184.,40.));
#823 = VECTOR('',#824,1.);
#824 = DIRECTION('',(-1.,0.,0.));
#825 = PCURVE('',#100,#826);
#826 = DEFINITIONAL_REPRESENTATION('',(#827),#830);
#827 = B_SPLINE_CURVE_WITH_KNOTS('',1,(#828,#829),.UNSPECIFIED.,.F.,.F.,
  (2,2),(-5.25,-0.75),.PIECEWISE_BEZIER_KNOTS.);
#828 = CARTESIAN_POINT('',(8.25,184.));
#829 = CARTESIAN_POINT('',(3.75,184.));
#830 = ( GEOMETRIC_REPRESENTATION_CONTEXT(2) 
PARAMETRIC_REPRESENTATION_CONTEXT() REPRESENTATION_CONTEXT('2D SPACE',''
  ) );
#831 = PCURVE('',#832,#837);
#832 = PLANE('',#833);
#833 = AXIS2_PLACEMENT_3D('',#834,#835,#836);
#834 = CARTESIAN_POINT('',(-6.,184.,30.));
#835 = DIRECTION('',(0.,1.,0.));
#836 = DIRECTION('',(0.,-0.,1.));
#837 = DEFINITIONAL_REPRESENTATION('',(#838),#841);
#838 = B_SPLINE_CURVE_WITH_KNOTS('',1,(#839,#840),.UNSPECIFIED.,.F.,.F.,
  (2,2),(-5.25,-0.75),.PIECEWISE_BEZIER_KNOTS.);
#839 = CARTESIAN_POINT('',(10.,2.25));
#840 = CARTESIAN_POINT('',(10.,-2.25));
#841 = ( GEOMETRIC_REPRESENTATION_CONTEXT(2) 
PARAMETRIC_REPRESENTATION_CONTEXT() REPRESENTATION_CONTEXT('2D SPACE',''
  ) );
#842 = ORIENTED_EDGE('',*,*,#843,.F.);
#843 = EDGE_CURVE('',#844,#818,#846,.T.);
#844 = VERTEX_POINT('',#845);
#845 = CARTESIAN_POINT('',(-7.870828693387,185.,40.));
#846 = SURFACE_CURVE('',#847,(#851,#857),.PCURVE_S1.);
#847 = LINE('',#848,#849);
#848 = CARTESIAN_POINT('',(-7.870828693387,184.,40.));
#849 = VECTOR('',#850,1.);
#850 = DIRECTION('',(-0.,-1.,0.));
#851 = PCURVE('',#100,#852);
#852 = DEFINITIONAL_REPRESENTATION('',(#853),#856);
#853 = B_SPLINE_CURVE_WITH_KNOTS('',1,(#854,#855),.UNSPECIFIED.,.F.,.F.,
  (2,2),(-12.0000006,5.999999928008E-07),.PIECEWISE_BEZIER_KNOTS.);
#854 = CARTESIAN_POINT('',(4.129171306613,196.0000006));
#855 = CARTESIAN_POINT('',(4.129171306613,183.9999994));
#856 = ( GEOMETRIC_REPRESENTATION_CONTEXT(2) 
PARAMETRIC_REPRESENTATION_CONTEXT() REPRESENTATION_CONTEXT('2D SPACE',''
  ) );
#857 = PCURVE('',#806,#858);
#858 = DEFINITIONAL_REPRESENTATION('',(#859),#862);
#859 = B_SPLINE_CURVE_WITH_KNOTS('',1,(#860,#861),.UNSPECIFIED.,.F.,.F.,
  (2,2),(-12.0000006,5.999999928008E-07),.PIECEWISE_BEZIER_KNOTS.);
#860 = CARTESIAN_POINT('',(-0.589030970216,-12.0000006));
#861 = CARTESIAN_POINT('',(-0.589030970216,5.999999928008E-07));
#862 = ( GEOMETRIC_REPRESENTATION_CONTEXT(2) 
PARAMETRIC_REPRESENTATION_CONTEXT() REPRESENTATION_CONTEXT('2D SPACE',''
  ) );
#863 = ORIENTED_EDGE('',*,*,#864,.T.);
#864 = EDGE_CURVE('',#844,#865,#867,.T.);
#865 = VERTEX_POINT('',#866);
#866 = CARTESIAN_POINT('',(-8.,185.,40.));
#867 = SURFACE_CURVE('',#868,(#872,#878),.PCURVE_S1.);
#868 = LINE('',#869,#870);
#869 = CARTESIAN_POINT('',(-12.,185.,40.));
#870 = VECTOR('',#871,1.);
#871 = DIRECTION('',(-1.,0.,0.));
#872 = PCURVE('',#100,#873);
#873 = DEFINITIONAL_REPRESENTATION('',(#874),#877);
#874 = B_SPLINE_CURVE_WITH_KNOTS('',1,(#875,#876),.UNSPECIFIED.,.F.,.F.,
  (2,2),(-24.,0.),.PIECEWISE_BEZIER_KNOTS.);
#875 = CARTESIAN_POINT('',(24.,185.));
#876 = CARTESIAN_POINT('',(0.,185.));
#877 = ( GEOMETRIC_REPRESENTATION_CONTEXT(2) 
PARAMETRIC_REPRESENTATION_CONTEXT() REPRESENTATION_CONTEXT('2D SPACE',''
  ) );
#878 = PCURVE('',#879,#884);
#879 = PLANE('',#880);
#880 = AXIS2_PLACEMENT_3D('',#881,#882,#883);
#881 = CARTESIAN_POINT('',(-12.,185.,0.));
#882 = DIRECTION('',(0.,1.,0.));
#883 = DIRECTION('',(0.,0.,1.));
#884 = DEFINITIONAL_REPRESENTATION('',(#885),#888);
#885 = B_SPLINE_CURVE_WITH_KNOTS('',1,(#886,#887),.UNSPECIFIED.,.F.,.F.,
  (2,2),(-24.,0.),.PIECEWISE_BEZIER_KNOTS.);
#886 = CARTESIAN_POINT('',(40.,24.));
#887 = CARTESIAN_POINT('',(40.,0.));
#888 = ( GEOMETRIC_REPRESENTATION_CONTEXT(2) 
PARAMETRIC_REPRESENTATION_CONTEXT() REPRESENTATION_CONTEXT('2D SPACE',''
  ) );
#889 = ORIENTED_EDGE('',*,*,#890,.F.);
#890 = EDGE_CURVE('',#891,#865,#893,.T.);
#891 = VERTEX_POINT('',#892);
#892 = CARTESIAN_POINT('',(-8.,85.,40.));
#893 = SURFACE_CURVE('',#894,(#898,#905),.PCURVE_S1.);
#894 = LINE('',#895,#896);
#895 = CARTESIAN_POINT('',(-8.,85.,40.));
#896 = VECTOR('',#897,1.);
#897 = DIRECTION('',(0.,1.,0.));
#898 = PCURVE('',#100,#899);
#899 = DEFINITIONAL_REPRESENTATION('',(#900),#904);
#900 = LINE('',#901,#902);
#901 = CARTESIAN_POINT('',(4.,85.));
#902 = VECTOR('',#903,1.);
#903 = DIRECTION('',(0.,1.));
#904 = ( GEOMETRIC_REPRESENTATION_CONTEXT(2) 
PARAMETRIC_REPRESENTATION_CONTEXT() REPRESENTATION_CONTEXT('2D SPACE',''
  ) );
#905 = PCURVE('',#906,#911);
#906 = PLANE('',#907);
#907 = AXIS2_PLACEMENT_3D('',#908,#909,#910);
#908 = CARTESIAN_POINT('',(-8.,142.26297487447,29.762974874479));
#909 = DIRECTION('',(-1.,-0.,-0.));
#910 = DIRECTION('',(0.,0.,-1.));
#911 = DEFINITIONAL_REPRESENTATION('',(#912),#916);
#912 = LINE('',#913,#914);
#913 = CARTESIAN_POINT('',(-10.23702512552,57.262974874479));
#914 = VECTOR('',#915,1.);
#915 = DIRECTION('',(0.,-1.));
#916 = ( GEOMETRIC_REPRESENTATION_CONTEXT(2) 
PARAMETRIC_REPRESENTATION_CONTEXT() REPRESENTATION_CONTEXT('2D SPACE',''
  ) );
#917 = ORIENTED_EDGE('',*,*,#918,.F.);
#918 = EDGE_CURVE('',#85,#891,#919,.T.);
#919 = SURFACE_CURVE('',#920,(#924,#931),.PCURVE_S1.);
#920 = LINE('',#921,#922);
#921 = CARTESIAN_POINT('',(-12.,85.,40.));
#922 = VECTOR('',#923,1.);
#923 = DIRECTION('',(1.,0.,0.));
#924 = PCURVE('',#100,#925);
#925 = DEFINITIONAL_REPRESENTATION('',(#926),#930);
#926 = LINE('',#927,#928);
#927 = CARTESIAN_POINT('',(0.,85.));
#928 = VECTOR('',#929,1.);
#929 = DIRECTION('',(1.,0.));
#930 = ( GEOMETRIC_REPRESENTATION_CONTEXT(2) 
PARAMETRIC_REPRESENTATION_CONTEXT() REPRESENTATION_CONTEXT('2D SPACE',''
  ) );
#931 = PCURVE('',#128,#932);
#932 = DEFINITIONAL_REPRESENTATION('',(#933),#937);
#933 = LINE('',#934,#935);
#934 = CARTESIAN_POINT('',(105.94810050208,0.));
#935 = VECTOR('',#936,1.);
#936 = DIRECTION('',(0.,-1.));
#937 = ( GEOMETRIC_REPRESENTATION_CONTEXT(2) 
PARAMETRIC_REPRESENTATION_CONTEXT() REPRESENTATION_CONTEXT('2D SPACE',''
  ) );
#938 = FACE_BOUND('',#939,.F.);
#939 = EDGE_LOOP('',(#940,#963,#991,#1012));
#940 = ORIENTED_EDGE('',*,*,#941,.F.);
#941 = EDGE_CURVE('',#942,#944,#946,.T.);
#942 = VERTEX_POINT('',#943);
#943 = CARTESIAN_POINT('',(-2.25,72.75,40.));
#944 = VERTEX_POINT('',#945);
#945 = CARTESIAN_POINT('',(-2.25,7.25,40.));
#946 = SURFACE_CURVE('',#947,(#951,#957),.PCURVE_S1.);
#947 = LINE('',#948,#949);
#948 = CARTESIAN_POINT('',(-2.25,3.625,40.));
#949 = VECTOR('',#950,1.);
#950 = DIRECTION('',(-1.110223024625E-16,-1.,0.));
#951 = PCURVE('',#100,#952);
#952 = DEFINITIONAL_REPRESENTATION('',(#953),#956);
#953 = B_SPLINE_CURVE_WITH_KNOTS('',1,(#954,#955),.UNSPECIFIED.,.F.,.F.,
  (2,2),(-69.125,-3.625),.PIECEWISE_BEZIER_KNOTS.);
#954 = CARTESIAN_POINT('',(9.75,72.75));
#955 = CARTESIAN_POINT('',(9.75,7.25));
#956 = ( GEOMETRIC_REPRESENTATION_CONTEXT(2) 
PARAMETRIC_REPRESENTATION_CONTEXT() REPRESENTATION_CONTEXT('2D SPACE',''
  ) );
#957 = PCURVE('',#317,#958);
#958 = DEFINITIONAL_REPRESENTATION('',(#959),#962);
#959 = B_SPLINE_CURVE_WITH_KNOTS('',1,(#960,#961),.UNSPECIFIED.,.F.,.F.,
  (2,2),(-69.125,-3.625),.PIECEWISE_BEZIER_KNOTS.);
#960 = CARTESIAN_POINT('',(65.5,-1.));
#961 = CARTESIAN_POINT('',(0.,-1.));
#962 = ( GEOMETRIC_REPRESENTATION_CONTEXT(2) 
PARAMETRIC_REPRESENTATION_CONTEXT() REPRESENTATION_CONTEXT('2D SPACE',''
  ) );
#963 = ORIENTED_EDGE('',*,*,#964,.T.);
#964 = EDGE_CURVE('',#942,#965,#967,.T.);
#965 = VERTEX_POINT('',#966);
#966 = CARTESIAN_POINT('',(2.25,72.75,40.));
#967 = SURFACE_CURVE('',#968,(#973,#984),.PCURVE_S1.);
#968 = CIRCLE('',#969,2.25);
#969 = AXIS2_PLACEMENT_3D('',#970,#971,#972);
#970 = CARTESIAN_POINT('',(3.635980405647E-15,72.75,40.));
#971 = DIRECTION('',(0.,0.,-1.));
#972 = DIRECTION('',(-1.,1.110223024625E-16,0.));
#973 = PCURVE('',#100,#974);
#974 = DEFINITIONAL_REPRESENTATION('',(#975),#983);
#975 = ( BOUNDED_CURVE() B_SPLINE_CURVE(2,(#976,#977,#978,#979,#980,#981
,#982),.UNSPECIFIED.,.T.,.F.) B_SPLINE_CURVE_WITH_KNOTS((1,2,2,2,2,1),(
    -2.094395102393,0.,2.094395102393,4.188790204786,6.28318530718,
8.377580409573),.UNSPECIFIED.) CURVE() GEOMETRIC_REPRESENTATION_ITEM() 
RATIONAL_B_SPLINE_CURVE((1.,0.5,1.,0.5,1.,0.5,1.)) REPRESENTATION_ITEM(
  '') );
#976 = CARTESIAN_POINT('',(9.75,72.75));
#977 = CARTESIAN_POINT('',(9.75,76.64711431703));
#978 = CARTESIAN_POINT('',(13.125,74.698557158515));
#979 = CARTESIAN_POINT('',(16.5,72.75));
#980 = CARTESIAN_POINT('',(13.125,70.801442841485));
#981 = CARTESIAN_POINT('',(9.75,68.85288568297));
#982 = CARTESIAN_POINT('',(9.75,72.75));
#983 = ( GEOMETRIC_REPRESENTATION_CONTEXT(2) 
PARAMETRIC_REPRESENTATION_CONTEXT() REPRESENTATION_CONTEXT('2D SPACE',''
  ) );
#984 = PCURVE('',#349,#985);
#985 = DEFINITIONAL_REPRESENTATION('',(#986),#990);
#986 = LINE('',#987,#988);
#987 = CARTESIAN_POINT('',(0.,-1.));
#988 = VECTOR('',#989,1.);
#989 = DIRECTION('',(1.,0.));
#990 = ( GEOMETRIC_REPRESENTATION_CONTEXT(2) 
PARAMETRIC_REPRESENTATION_CONTEXT() REPRESENTATION_CONTEXT('2D SPACE',''
  ) );
#991 = ORIENTED_EDGE('',*,*,#992,.F.);
#992 = EDGE_CURVE('',#993,#965,#995,.T.);
#993 = VERTEX_POINT('',#994);
#994 = CARTESIAN_POINT('',(2.25,7.25,40.));
#995 = SURFACE_CURVE('',#996,(#1000,#1006),.PCURVE_S1.);
#996 = LINE('',#997,#998);
#997 = CARTESIAN_POINT('',(2.25,36.375,40.));
#998 = VECTOR('',#999,1.);
#999 = DIRECTION('',(1.110223024625E-16,1.,-0.));
#1000 = PCURVE('',#100,#1001);
#1001 = DEFINITIONAL_REPRESENTATION('',(#1002),#1005);
#1002 = B_SPLINE_CURVE_WITH_KNOTS('',1,(#1003,#1004),.UNSPECIFIED.,.F.,
  .F.,(2,2),(-29.125,36.375),.PIECEWISE_BEZIER_KNOTS.);
#1003 = CARTESIAN_POINT('',(14.25,7.25));
#1004 = CARTESIAN_POINT('',(14.25,72.75));
#1005 = ( GEOMETRIC_REPRESENTATION_CONTEXT(2) 
PARAMETRIC_REPRESENTATION_CONTEXT() REPRESENTATION_CONTEXT('2D SPACE',''
  ) );
#1006 = PCURVE('',#376,#1007);
#1007 = DEFINITIONAL_REPRESENTATION('',(#1008),#1011);
#1008 = B_SPLINE_CURVE_WITH_KNOTS('',1,(#1009,#1010),.UNSPECIFIED.,.F.,
  .F.,(2,2),(-29.125,36.375),.PIECEWISE_BEZIER_KNOTS.);
#1009 = CARTESIAN_POINT('',(65.5,-1.));
#1010 = CARTESIAN_POINT('',(0.,-1.));
#1011 = ( GEOMETRIC_REPRESENTATION_CONTEXT(2) 
PARAMETRIC_REPRESENTATION_CONTEXT() REPRESENTATION_CONTEXT('2D SPACE',''
  ) );
#1012 = ORIENTED_EDGE('',*,*,#1013,.T.);
#1013 = EDGE_CURVE('',#993,#944,#1014,.T.);
#1014 = SURFACE_CURVE('',#1015,(#1020,#1031),.PCURVE_S1.);
#1015 = CIRCLE('',#1016,2.25);
#1016 = AXIS2_PLACEMENT_3D('',#1017,#1018,#1019);
#1017 = CARTESIAN_POINT('',(-3.635980405647E-15,7.25,40.));
#1018 = DIRECTION('',(0.,-0.,-1.));
#1019 = DIRECTION('',(1.,-1.110223024625E-16,0.));
#1020 = PCURVE('',#100,#1021);
#1021 = DEFINITIONAL_REPRESENTATION('',(#1022),#1030);
#1022 = ( BOUNDED_CURVE() B_SPLINE_CURVE(2,(#1023,#1024,#1025,#1026,
#1027,#1028,#1029),.UNSPECIFIED.,.T.,.F.) B_SPLINE_CURVE_WITH_KNOTS((1,2
    ,2,2,2,1),(-2.094395102393,0.,2.094395102393,4.188790204786,
6.28318530718,8.377580409573),.UNSPECIFIED.) CURVE() 
GEOMETRIC_REPRESENTATION_ITEM() RATIONAL_B_SPLINE_CURVE((1.,0.5,1.,0.5,
1.,0.5,1.)) REPRESENTATION_ITEM('') );
#1023 = CARTESIAN_POINT('',(14.25,7.25));
#1024 = CARTESIAN_POINT('',(14.25,3.35288568297));
#1025 = CARTESIAN_POINT('',(10.875,5.301442841485));
#1026 = CARTESIAN_POINT('',(7.5,7.25));
#1027 = CARTESIAN_POINT('',(10.875,9.198557158515));
#1028 = CARTESIAN_POINT('',(14.25,11.14711431703));
#1029 = CARTESIAN_POINT('',(14.25,7.25));
#1030 = ( GEOMETRIC_REPRESENTATION_CONTEXT(2) 
PARAMETRIC_REPRESENTATION_CONTEXT() REPRESENTATION_CONTEXT('2D SPACE',''
  ) );
#1031 = PCURVE('',#406,#1032);
#1032 = DEFINITIONAL_REPRESENTATION('',(#1033),#1037);
#1033 = LINE('',#1034,#1035);
#1034 = CARTESIAN_POINT('',(0.,-1.));
#1035 = VECTOR('',#1036,1.);
#1036 = DIRECTION('',(1.,0.));
#1037 = ( GEOMETRIC_REPRESENTATION_CONTEXT(2) 
PARAMETRIC_REPRESENTATION_CONTEXT() REPRESENTATION_CONTEXT('2D SPACE',''
  ) );
#1038 = FACE_BOUND('',#1039,.F.);
#1039 = EDGE_LOOP('',(#1040,#1063,#1091,#1112));
#1040 = ORIENTED_EDGE('',*,*,#1041,.F.);
#1041 = EDGE_CURVE('',#1042,#1044,#1046,.T.);
#1042 = VERTEX_POINT('',#1043);
#1043 = CARTESIAN_POINT('',(-2.25,172.75,40.));
#1044 = VERTEX_POINT('',#1045);
#1045 = CARTESIAN_POINT('',(-2.25,107.25,40.));
#1046 = SURFACE_CURVE('',#1047,(#1051,#1057),.PCURVE_S1.);
#1047 = LINE('',#1048,#1049);
#1048 = CARTESIAN_POINT('',(-2.25,53.625,40.));
#1049 = VECTOR('',#1050,1.);
#1050 = DIRECTION('',(-1.110223024625E-16,-1.,0.));
#1051 = PCURVE('',#100,#1052);
#1052 = DEFINITIONAL_REPRESENTATION('',(#1053),#1056);
#1053 = B_SPLINE_CURVE_WITH_KNOTS('',1,(#1054,#1055),.UNSPECIFIED.,.F.,
  .F.,(2,2),(-119.125,-53.625),.PIECEWISE_BEZIER_KNOTS.);
#1054 = CARTESIAN_POINT('',(9.75,172.75));
#1055 = CARTESIAN_POINT('',(9.75,107.25));
#1056 = ( GEOMETRIC_REPRESENTATION_CONTEXT(2) 
PARAMETRIC_REPRESENTATION_CONTEXT() REPRESENTATION_CONTEXT('2D SPACE',''
  ) );
#1057 = PCURVE('',#437,#1058);
#1058 = DEFINITIONAL_REPRESENTATION('',(#1059),#1062);
#1059 = B_SPLINE_CURVE_WITH_KNOTS('',1,(#1060,#1061),.UNSPECIFIED.,.F.,
  .F.,(2,2),(-119.125,-53.625),.PIECEWISE_BEZIER_KNOTS.);
#1060 = CARTESIAN_POINT('',(65.5,-1.));
#1061 = CARTESIAN_POINT('',(0.,-1.));
#1062 = ( GEOMETRIC_REPRESENTATION_CONTEXT(2) 
PARAMETRIC_REPRESENTATION_CONTEXT() REPRESENTATION_CONTEXT('2D SPACE',''
  ) );
#1063 = ORIENTED_EDGE('',*,*,#1064,.T.);
#1064 = EDGE_CURVE('',#1042,#1065,#1067,.T.);
#1065 = VERTEX_POINT('',#1066);
#1066 = CARTESIAN_POINT('',(2.25,172.75,40.));
#1067 = SURFACE_CURVE('',#1068,(#1073,#1084),.PCURVE_S1.);
#1068 = CIRCLE('',#1069,2.25);
#1069 = AXIS2_PLACEMENT_3D('',#1070,#1071,#1072);
#1070 = CARTESIAN_POINT('',(3.635980405647E-15,172.75,40.));
#1071 = DIRECTION('',(0.,0.,-1.));
#1072 = DIRECTION('',(-1.,1.110223024625E-16,0.));
#1073 = PCURVE('',#100,#1074);
#1074 = DEFINITIONAL_REPRESENTATION('',(#1075),#1083);
#1075 = ( BOUNDED_CURVE() B_SPLINE_CURVE(2,(#1076,#1077,#1078,#1079,
#1080,#1081,#1082),.UNSPECIFIED.,.T.,.F.) B_SPLINE_CURVE_WITH_KNOTS((1,2
    ,2,2,2,1),(-2.094395102393,0.,2.094395102393,4.188790204786,
6.28318530718,8.377580409573),.UNSPECIFIED.) CURVE() 
GEOMETRIC_REPRESENTATION_ITEM() RATIONAL_B_SPLINE_CURVE((1.,0.5,1.,0.5,
1.,0.5,1.)) REPRESENTATION_ITEM('') );
#1076 = CARTESIAN_POINT('',(9.75,172.75));
#1077 = CARTESIAN_POINT('',(9.75,176.64711431703));
#1078 = CARTESIAN_POINT('',(13.125,174.69855715851));
#1079 = CARTESIAN_POINT('',(16.5,172.75));
#1080 = CARTESIAN_POINT('',(13.125,170.80144284148));
#1081 = CARTESIAN_POINT('',(9.75,168.85288568297));
#1082 = CARTESIAN_POINT('',(9.75,172.75));
#1083 = ( GEOMETRIC_REPRESENTATION_CONTEXT(2) 
PARAMETRIC_REPRESENTATION_CONTEXT() REPRESENTATION_CONTEXT('2D SPACE',''
  ) );
#1084 = PCURVE('',#469,#1085);
#1085 = DEFINITIONAL_REPRESENTATION('',(#1086),#1090);
#1086 = LINE('',#1087,#1088);
#1087 = CARTESIAN_POINT('',(0.,-1.));
#1088 = VECTOR('',#1089,1.);
#1089 = DIRECTION('',(1.,0.));
#1090 = ( GEOMETRIC_REPRESENTATION_CONTEXT(2) 
PARAMETRIC_REPRESENTATION_CONTEXT() REPRESENTATION_CONTEXT('2D SPACE',''
  ) );
#1091 = ORIENTED_EDGE('',*,*,#1092,.F.);
#1092 = EDGE_CURVE('',#1093,#1065,#1095,.T.);
#1093 = VERTEX_POINT('',#1094);
#1094 = CARTESIAN_POINT('',(2.25,107.25,40.));
#1095 = SURFACE_CURVE('',#1096,(#1100,#1106),.PCURVE_S1.);
#1096 = LINE('',#1097,#1098);
#1097 = CARTESIAN_POINT('',(2.25,86.375,40.));
#1098 = VECTOR('',#1099,1.);
#1099 = DIRECTION('',(1.110223024625E-16,1.,-0.));
#1100 = PCURVE('',#100,#1101);
#1101 = DEFINITIONAL_REPRESENTATION('',(#1102),#1105);
#1102 = B_SPLINE_CURVE_WITH_KNOTS('',1,(#1103,#1104),.UNSPECIFIED.,.F.,
  .F.,(2,2),(20.875,86.375),.PIECEWISE_BEZIER_KNOTS.);
#1103 = CARTESIAN_POINT('',(14.25,107.25));
#1104 = CARTESIAN_POINT('',(14.25,172.75));
#1105 = ( GEOMETRIC_REPRESENTATION_CONTEXT(2) 
PARAMETRIC_REPRESENTATION_CONTEXT() REPRESENTATION_CONTEXT('2D SPACE',''
  ) );
#1106 = PCURVE('',#496,#1107);
#1107 = DEFINITIONAL_REPRESENTATION('',(#1108),#1111);
#1108 = B_SPLINE_CURVE_WITH_KNOTS('',1,(#1109,#1110),.UNSPECIFIED.,.F.,
  .F.,(2,2),(20.875,86.375),.PIECEWISE_BEZIER_KNOTS.);
#1109 = CARTESIAN_POINT('',(65.5,-1.));
#1110 = CARTESIAN_POINT('',(0.,-1.));
#1111 = ( GEOMETRIC_REPRESENTATION_CONTEXT(2) 
PARAMETRIC_REPRESENTATION_CONTEXT() REPRESENTATION_CONTEXT('2D SPACE',''
  ) );
#1112 = ORIENTED_EDGE('',*,*,#1113,.T.);
#1113 = EDGE_CURVE('',#1093,#1044,#1114,.T.);
#1114 = SURFACE_CURVE('',#1115,(#1120,#1131),.PCURVE_S1.);
#1115 = CIRCLE('',#1116,2.25);
#1116 = AXIS2_PLACEMENT_3D('',#1117,#1118,#1119);
#1117 = CARTESIAN_POINT('',(-3.635980405647E-15,107.25,40.));
#1118 = DIRECTION('',(0.,-0.,-1.));
#1119 = DIRECTION('',(1.,-1.110223024625E-16,0.));
#1120 = PCURVE('',#100,#1121);
#1121 = DEFINITIONAL_REPRESENTATION('',(#1122),#1130);
#1122 = ( BOUNDED_CURVE() B_SPLINE_CURVE(2,(#1123,#1124,#1125,#1126,
#1127,#1128,#1129),.UNSPECIFIED.,.T.,.F.) B_SPLINE_CURVE_WITH_KNOTS((1,2
    ,2,2,2,1),(-2.094395102393,0.,2.094395102393,4.188790204786,
6.28318530718,8.377580409573),.UNSPECIFIED.) CURVE() 
GEOMETRIC_REPRESENTATION_ITEM() RATIONAL_B_SPLINE_CURVE((1.,0.5,1.,0.5,
1.,0.5,1.)) REPRESENTATION_ITEM('') );
#1123 = CARTESIAN_POINT('',(14.25,107.25));
#1124 = CARTESIAN_POINT('',(14.25,103.35288568297));
#1125 = CARTESIAN_POINT('',(10.875,105.30144284148));
#1126 = CARTESIAN_POINT('',(7.5,107.25));
#1127 = CARTESIAN_POINT('',(10.875,109.19855715851));
#1128 = CARTESIAN_POINT('',(14.25,111.14711431703));
#1129 = CARTESIAN_POINT('',(14.25,107.25));
#1130 = ( GEOMETRIC_REPRESENTATION_CONTEXT(2) 
PARAMETRIC_REPRESENTATION_CONTEXT() REPRESENTATION_CONTEXT('2D SPACE',''
  ) );
#1131 = PCURVE('',#526,#1132);
#1132 = DEFINITIONAL_REPRESENTATION('',(#1133),#1137);
#1133 = LINE('',#1134,#1135);
#1134 = CARTESIAN_POINT('',(0.,-1.));
#1135 = VECTOR('',#1136,1.);
#1136 = DIRECTION('',(1.,0.));
#1137 = ( GEOMETRIC_REPRESENTATION_CONTEXT(2) 
PARAMETRIC_REPRESENTATION_CONTEXT() REPRESENTATION_CONTEXT('2D SPACE',''
  ) );
#1138 = ADVANCED_FACE('',(#1139),#128,.T.);
#1139 = FACE_BOUND('',#1140,.T.);
#1140 = EDGE_LOOP('',(#1141,#1164,#1185,#1186));
#1141 = ORIENTED_EDGE('',*,*,#1142,.T.);
#1142 = EDGE_CURVE('',#113,#1143,#1145,.T.);
#1143 = VERTEX_POINT('',#1144);
#1144 = CARTESIAN_POINT('',(-8.,185.,5.));
#1145 = SURFACE_CURVE('',#1146,(#1150,#1157),.PCURVE_S1.);
#1146 = LINE('',#1147,#1148);
#1147 = CARTESIAN_POINT('',(-12.,185.,5.));
#1148 = VECTOR('',#1149,1.);
#1149 = DIRECTION('',(1.,0.,0.));
#1150 = PCURVE('',#128,#1151);
#1151 = DEFINITIONAL_REPRESENTATION('',(#1152),#1156);
#1152 = LINE('',#1153,#1154);
#1153 = CARTESIAN_POINT('',(0.,0.));
#1154 = VECTOR('',#1155,1.);
#1155 = DIRECTION('',(0.,-1.));
#1156 = ( GEOMETRIC_REPRESENTATION_CONTEXT(2) 
PARAMETRIC_REPRESENTATION_CONTEXT() REPRESENTATION_CONTEXT('2D SPACE',''
  ) );
#1157 = PCURVE('',#156,#1158);
#1158 = DEFINITIONAL_REPRESENTATION('',(#1159),#1163);
#1159 = LINE('',#1160,#1161);
#1160 = CARTESIAN_POINT('',(5.,0.));
#1161 = VECTOR('',#1162,1.);
#1162 = DIRECTION('',(0.,1.));
#1163 = ( GEOMETRIC_REPRESENTATION_CONTEXT(2) 
PARAMETRIC_REPRESENTATION_CONTEXT() REPRESENTATION_CONTEXT('2D SPACE',''
  ) );
#1164 = ORIENTED_EDGE('',*,*,#1165,.T.);
#1165 = EDGE_CURVE('',#1143,#891,#1166,.T.);
#1166 = SURFACE_CURVE('',#1167,(#1171,#1178),.PCURVE_S1.);
#1167 = LINE('',#1168,#1169);
#1168 = CARTESIAN_POINT('',(-8.,185.,5.));
#1169 = VECTOR('',#1170,1.);
#1170 = DIRECTION('',(0.,-0.943858356366,0.330350424728));
#1171 = PCURVE('',#128,#1172);
#1172 = DEFINITIONAL_REPRESENTATION('',(#1173),#1177);
#1173 = LINE('',#1174,#1175);
#1174 = CARTESIAN_POINT('',(0.,-4.));
#1175 = VECTOR('',#1176,1.);
#1176 = DIRECTION('',(1.,0.));
#1177 = ( GEOMETRIC_REPRESENTATION_CONTEXT(2) 
PARAMETRIC_REPRESENTATION_CONTEXT() REPRESENTATION_CONTEXT('2D SPACE',''
  ) );
#1178 = PCURVE('',#906,#1179);
#1179 = DEFINITIONAL_REPRESENTATION('',(#1180),#1184);
#1180 = LINE('',#1181,#1182);
#1181 = CARTESIAN_POINT('',(24.762974874479,-42.73702512552));
#1182 = VECTOR('',#1183,1.);
#1183 = DIRECTION('',(-0.330350424728,0.943858356366));
#1184 = ( GEOMETRIC_REPRESENTATION_CONTEXT(2) 
PARAMETRIC_REPRESENTATION_CONTEXT() REPRESENTATION_CONTEXT('2D SPACE',''
  ) );
#1185 = ORIENTED_EDGE('',*,*,#918,.F.);
#1186 = ORIENTED_EDGE('',*,*,#112,.F.);
#1187 = ADVANCED_FACE('',(#1188),#156,.F.);
#1188 = FACE_BOUND('',#1189,.F.);
#1189 = EDGE_LOOP('',(#1190,#1215,#1236,#1237,#1238,#1261,#1294,#1320,
    #1346,#1347,#1375,#1401,#1434,#1457));
#1190 = ORIENTED_EDGE('',*,*,#1191,.F.);
#1191 = EDGE_CURVE('',#1192,#1194,#1196,.T.);
#1192 = VERTEX_POINT('',#1193);
#1193 = CARTESIAN_POINT('',(12.,185.,0.));
#1194 = VERTEX_POINT('',#1195);
#1195 = CARTESIAN_POINT('',(12.,185.,5.));
#1196 = SURFACE_CURVE('',#1197,(#1201,#1208),.PCURVE_S1.);
#1197 = LINE('',#1198,#1199);
#1198 = CARTESIAN_POINT('',(12.,185.,0.));
#1199 = VECTOR('',#1200,1.);
#1200 = DIRECTION('',(0.,0.,1.));
#1201 = PCURVE('',#156,#1202);
#1202 = DEFINITIONAL_REPRESENTATION('',(#1203),#1207);
#1203 = LINE('',#1204,#1205);
#1204 = CARTESIAN_POINT('',(0.,24.));
#1205 = VECTOR('',#1206,1.);
#1206 = DIRECTION('',(1.,0.));
#1207 = ( GEOMETRIC_REPRESENTATION_CONTEXT(2) 
PARAMETRIC_REPRESENTATION_CONTEXT() REPRESENTATION_CONTEXT('2D SPACE',''
  ) );
#1208 = PCURVE('',#265,#1209);
#1209 = DEFINITIONAL_REPRESENTATION('',(#1210),#1214);
#1210 = LINE('',#1211,#1212);
#1211 = CARTESIAN_POINT('',(-40.,-185.));
#1212 = VECTOR('',#1213,1.);
#1213 = DIRECTION('',(1.,0.));
#1214 = ( GEOMETRIC_REPRESENTATION_CONTEXT(2) 
PARAMETRIC_REPRESENTATION_CONTEXT() REPRESENTATION_CONTEXT('2D SPACE',''
  ) );
#1215 = ORIENTED_EDGE('',*,*,#1216,.F.);
#1216 = EDGE_CURVE('',#141,#1192,#1217,.T.);
#1217 = SURFACE_CURVE('',#1218,(#1222,#1229),.PCURVE_S1.);
#1218 = LINE('',#1219,#1220);
#1219 = CARTESIAN_POINT('',(-12.,185.,0.));
#1220 = VECTOR('',#1221,1.);
#1221 = DIRECTION('',(1.,0.,0.));
#1222 = PCURVE('',#156,#1223);
#1223 = DEFINITIONAL_REPRESENTATION('',(#1224),#1228);
#1224 = LINE('',#1225,#1226);
#1225 = CARTESIAN_POINT('',(0.,0.));
#1226 = VECTOR('',#1227,1.);
#1227 = DIRECTION('',(0.,1.));
#1228 = ( GEOMETRIC_REPRESENTATION_CONTEXT(2) 
PARAMETRIC_REPRESENTATION_CONTEXT() REPRESENTATION_CONTEXT('2D SPACE',''
  ) );
#1229 = PCURVE('',#184,#1230);
#1230 = DEFINITIONAL_REPRESENTATION('',(#1231),#1235);
#1231 = LINE('',#1232,#1233);
#1232 = CARTESIAN_POINT('',(0.,0.));
#1233 = VECTOR('',#1234,1.);
#1234 = DIRECTION('',(1.,0.));
#1235 = ( GEOMETRIC_REPRESENTATION_CONTEXT(2) 
PARAMETRIC_REPRESENTATION_CONTEXT() REPRESENTATION_CONTEXT('2D SPACE',''
  ) );
#1236 = ORIENTED_EDGE('',*,*,#140,.T.);
#1237 = ORIENTED_EDGE('',*,*,#1142,.T.);
#1238 = ORIENTED_EDGE('',*,*,#1239,.F.);
#1239 = EDGE_CURVE('',#1240,#1143,#1242,.T.);
#1240 = VERTEX_POINT('',#1241);
#1241 = CARTESIAN_POINT('',(-8.,185.,20.219223593596));
#1242 = SURFACE_CURVE('',#1243,(#1247,#1254),.PCURVE_S1.);
#1243 = LINE('',#1244,#1245);
#1244 = CARTESIAN_POINT('',(-8.,185.,40.));
#1245 = VECTOR('',#1246,1.);
#1246 = DIRECTION('',(0.,0.,-1.));
#1247 = PCURVE('',#156,#1248);
#1248 = DEFINITIONAL_REPRESENTATION('',(#1249),#1253);
#1249 = LINE('',#1250,#1251);
#1250 = CARTESIAN_POINT('',(40.,4.));
#1251 = VECTOR('',#1252,1.);
#1252 = DIRECTION('',(-1.,0.));
#1253 = ( GEOMETRIC_REPRESENTATION_CONTEXT(2) 
PARAMETRIC_REPRESENTATION_CONTEXT() REPRESENTATION_CONTEXT('2D SPACE',''
  ) );
#1254 = PCURVE('',#906,#1255);
#1255 = DEFINITIONAL_REPRESENTATION('',(#1256),#1260);
#1256 = LINE('',#1257,#1258);
#1257 = CARTESIAN_POINT('',(-10.23702512552,-42.73702512552));
#1258 = VECTOR('',#1259,1.);
#1259 = DIRECTION('',(1.,0.));
#1260 = ( GEOMETRIC_REPRESENTATION_CONTEXT(2) 
PARAMETRIC_REPRESENTATION_CONTEXT() REPRESENTATION_CONTEXT('2D SPACE',''
  ) );
#1261 = ORIENTED_EDGE('',*,*,#1262,.T.);
#1262 = EDGE_CURVE('',#1240,#1263,#1265,.T.);
#1263 = VERTEX_POINT('',#1264);
#1264 = CARTESIAN_POINT('',(-3.75,185.,21.25));
#1265 = SURFACE_CURVE('',#1266,(#1271,#1282),.PCURVE_S1.);
#1266 = CIRCLE('',#1267,2.25);
#1267 = AXIS2_PLACEMENT_3D('',#1268,#1269,#1270);
#1268 = CARTESIAN_POINT('',(-6.,185.,21.25));
#1269 = DIRECTION('',(0.,-1.,-0.));
#1270 = DIRECTION('',(1.,0.,-1.110223024625E-16));
#1271 = PCURVE('',#156,#1272);
#1272 = DEFINITIONAL_REPRESENTATION('',(#1273),#1281);
#1273 = ( BOUNDED_CURVE() B_SPLINE_CURVE(2,(#1274,#1275,#1276,#1277,
#1278,#1279,#1280),.UNSPECIFIED.,.T.,.F.) B_SPLINE_CURVE_WITH_KNOTS((1,2
    ,2,2,2,1),(-2.094395102393,0.,2.094395102393,4.188790204786,
6.28318530718,8.377580409573),.UNSPECIFIED.) CURVE() 
GEOMETRIC_REPRESENTATION_ITEM() RATIONAL_B_SPLINE_CURVE((1.,0.5,1.,0.5,
1.,0.5,1.)) REPRESENTATION_ITEM('') );
#1274 = CARTESIAN_POINT('',(21.25,8.25));
#1275 = CARTESIAN_POINT('',(25.14711431703,8.25));
#1276 = CARTESIAN_POINT('',(23.198557158515,4.875));
#1277 = CARTESIAN_POINT('',(21.25,1.5));
#1278 = CARTESIAN_POINT('',(19.301442841485,4.875));
#1279 = CARTESIAN_POINT('',(17.35288568297,8.25));
#1280 = CARTESIAN_POINT('',(21.25,8.25));
#1281 = ( GEOMETRIC_REPRESENTATION_CONTEXT(2) 
PARAMETRIC_REPRESENTATION_CONTEXT() REPRESENTATION_CONTEXT('2D SPACE',''
  ) );
#1282 = PCURVE('',#1283,#1288);
#1283 = CYLINDRICAL_SURFACE('',#1284,2.25);
#1284 = AXIS2_PLACEMENT_3D('',#1285,#1286,#1287);
#1285 = CARTESIAN_POINT('',(-6.,184.,21.25));
#1286 = DIRECTION('',(-0.,-1.,-0.));
#1287 = DIRECTION('',(1.,0.,-1.110223024625E-16));
#1288 = DEFINITIONAL_REPRESENTATION('',(#1289),#1293);
#1289 = LINE('',#1290,#1291);
#1290 = CARTESIAN_POINT('',(-6.28318530718,-1.));
#1291 = VECTOR('',#1292,1.);
#1292 = DIRECTION('',(1.,-0.));
#1293 = ( GEOMETRIC_REPRESENTATION_CONTEXT(2) 
PARAMETRIC_REPRESENTATION_CONTEXT() REPRESENTATION_CONTEXT('2D SPACE',''
  ) );
#1294 = ORIENTED_EDGE('',*,*,#1295,.T.);
#1295 = EDGE_CURVE('',#1263,#1296,#1298,.T.);
#1296 = VERTEX_POINT('',#1297);
#1297 = CARTESIAN_POINT('',(-3.75,185.,38.75));
#1298 = SURFACE_CURVE('',#1299,(#1303,#1309),.PCURVE_S1.);
#1299 = LINE('',#1300,#1301);
#1300 = CARTESIAN_POINT('',(-3.75,185.,19.375));
#1301 = VECTOR('',#1302,1.);
#1302 = DIRECTION('',(1.110223024625E-16,-0.,1.));
#1303 = PCURVE('',#156,#1304);
#1304 = DEFINITIONAL_REPRESENTATION('',(#1305),#1308);
#1305 = B_SPLINE_CURVE_WITH_KNOTS('',1,(#1306,#1307),.UNSPECIFIED.,.F.,
  .F.,(2,2),(1.875,19.375),.PIECEWISE_BEZIER_KNOTS.);
#1306 = CARTESIAN_POINT('',(21.25,8.25));
#1307 = CARTESIAN_POINT('',(38.75,8.25));
#1308 = ( GEOMETRIC_REPRESENTATION_CONTEXT(2) 
PARAMETRIC_REPRESENTATION_CONTEXT() REPRESENTATION_CONTEXT('2D SPACE',''
  ) );
#1309 = PCURVE('',#1310,#1315);
#1310 = PLANE('',#1311);
#1311 = AXIS2_PLACEMENT_3D('',#1312,#1313,#1314);
#1312 = CARTESIAN_POINT('',(-3.75,184.,38.75));
#1313 = DIRECTION('',(-1.,0.,1.110223024625E-16));
#1314 = DIRECTION('',(-1.110223024625E-16,0.,-1.));
#1315 = DEFINITIONAL_REPRESENTATION('',(#1316),#1319);
#1316 = B_SPLINE_CURVE_WITH_KNOTS('',1,(#1317,#1318),.UNSPECIFIED.,.F.,
  .F.,(2,2),(1.875,19.375),.PIECEWISE_BEZIER_KNOTS.);
#1317 = CARTESIAN_POINT('',(17.5,-1.));
#1318 = CARTESIAN_POINT('',(0.,-1.));
#1319 = ( GEOMETRIC_REPRESENTATION_CONTEXT(2) 
PARAMETRIC_REPRESENTATION_CONTEXT() REPRESENTATION_CONTEXT('2D SPACE',''
  ) );
#1320 = ORIENTED_EDGE('',*,*,#1321,.T.);
#1321 = EDGE_CURVE('',#1296,#771,#1322,.T.);
#1322 = SURFACE_CURVE('',#1323,(#1328,#1339),.PCURVE_S1.);
#1323 = CIRCLE('',#1324,2.25);
#1324 = AXIS2_PLACEMENT_3D('',#1325,#1326,#1327);
#1325 = CARTESIAN_POINT('',(-6.,185.,38.75));
#1326 = DIRECTION('',(-0.,-1.,0.));
#1327 = DIRECTION('',(-1.,0.,1.110223024625E-16));
#1328 = PCURVE('',#156,#1329);
#1329 = DEFINITIONAL_REPRESENTATION('',(#1330),#1338);
#1330 = ( BOUNDED_CURVE() B_SPLINE_CURVE(2,(#1331,#1332,#1333,#1334,
#1335,#1336,#1337),.UNSPECIFIED.,.T.,.F.) B_SPLINE_CURVE_WITH_KNOTS((1,2
    ,2,2,2,1),(-2.094395102393,0.,2.094395102393,4.188790204786,
6.28318530718,8.377580409573),.UNSPECIFIED.) CURVE() 
GEOMETRIC_REPRESENTATION_ITEM() RATIONAL_B_SPLINE_CURVE((1.,0.5,1.,0.5,
1.,0.5,1.)) REPRESENTATION_ITEM('') );
#1331 = CARTESIAN_POINT('',(38.75,3.75));
#1332 = CARTESIAN_POINT('',(34.85288568297,3.75));
#1333 = CARTESIAN_POINT('',(36.801442841485,7.125));
#1334 = CARTESIAN_POINT('',(38.75,10.5));
#1335 = CARTESIAN_POINT('',(40.698557158515,7.125));
#1336 = CARTESIAN_POINT('',(42.64711431703,3.75));
#1337 = CARTESIAN_POINT('',(38.75,3.75));
#1338 = ( GEOMETRIC_REPRESENTATION_CONTEXT(2) 
PARAMETRIC_REPRESENTATION_CONTEXT() REPRESENTATION_CONTEXT('2D SPACE',''
  ) );
#1339 = PCURVE('',#806,#1340);
#1340 = DEFINITIONAL_REPRESENTATION('',(#1341),#1345);
#1341 = LINE('',#1342,#1343);
#1342 = CARTESIAN_POINT('',(-6.28318530718,-1.));
#1343 = VECTOR('',#1344,1.);
#1344 = DIRECTION('',(1.,-0.));
#1345 = ( GEOMETRIC_REPRESENTATION_CONTEXT(2) 
PARAMETRIC_REPRESENTATION_CONTEXT() REPRESENTATION_CONTEXT('2D SPACE',''
  ) );
#1346 = ORIENTED_EDGE('',*,*,#770,.F.);
#1347 = ORIENTED_EDGE('',*,*,#1348,.T.);
#1348 = EDGE_CURVE('',#750,#1349,#1351,.T.);
#1349 = VERTEX_POINT('',#1350);
#1350 = CARTESIAN_POINT('',(3.75,185.,38.75));
#1351 = SURFACE_CURVE('',#1352,(#1357,#1368),.PCURVE_S1.);
#1352 = CIRCLE('',#1353,2.25);
#1353 = AXIS2_PLACEMENT_3D('',#1354,#1355,#1356);
#1354 = CARTESIAN_POINT('',(6.,185.,38.75));
#1355 = DIRECTION('',(-0.,-1.,0.));
#1356 = DIRECTION('',(-1.,0.,1.110223024625E-16));
#1357 = PCURVE('',#156,#1358);
#1358 = DEFINITIONAL_REPRESENTATION('',(#1359),#1367);
#1359 = ( BOUNDED_CURVE() B_SPLINE_CURVE(2,(#1360,#1361,#1362,#1363,
#1364,#1365,#1366),.UNSPECIFIED.,.T.,.F.) B_SPLINE_CURVE_WITH_KNOTS((1,2
    ,2,2,2,1),(-2.094395102393,0.,2.094395102393,4.188790204786,
6.28318530718,8.377580409573),.UNSPECIFIED.) CURVE() 
GEOMETRIC_REPRESENTATION_ITEM() RATIONAL_B_SPLINE_CURVE((1.,0.5,1.,0.5,
1.,0.5,1.)) REPRESENTATION_ITEM('') );
#1360 = CARTESIAN_POINT('',(38.75,15.75));
#1361 = CARTESIAN_POINT('',(34.85288568297,15.75));
#1362 = CARTESIAN_POINT('',(36.801442841485,19.125));
#1363 = CARTESIAN_POINT('',(38.75,22.5));
#1364 = CARTESIAN_POINT('',(40.698557158515,19.125));
#1365 = CARTESIAN_POINT('',(42.64711431703,15.75));
#1366 = CARTESIAN_POINT('',(38.75,15.75));
#1367 = ( GEOMETRIC_REPRESENTATION_CONTEXT(2) 
PARAMETRIC_REPRESENTATION_CONTEXT() REPRESENTATION_CONTEXT('2D SPACE',''
  ) );
#1368 = PCURVE('',#712,#1369);
#1369 = DEFINITIONAL_REPRESENTATION('',(#1370),#1374);
#1370 = LINE('',#1371,#1372);
#1371 = CARTESIAN_POINT('',(-6.28318530718,-1.));
#1372 = VECTOR('',#1373,1.);
#1373 = DIRECTION('',(1.,-0.));
#1374 = ( GEOMETRIC_REPRESENTATION_CONTEXT(2) 
PARAMETRIC_REPRESENTATION_CONTEXT() REPRESENTATION_CONTEXT('2D SPACE',''
  ) );
#1375 = ORIENTED_EDGE('',*,*,#1376,.T.);
#1376 = EDGE_CURVE('',#1349,#1377,#1379,.T.);
#1377 = VERTEX_POINT('',#1378);
#1378 = CARTESIAN_POINT('',(3.75,185.,21.25));
#1379 = SURFACE_CURVE('',#1380,(#1384,#1390),.PCURVE_S1.);
#1380 = LINE('',#1381,#1382);
#1381 = CARTESIAN_POINT('',(3.75,185.,10.625));
#1382 = VECTOR('',#1383,1.);
#1383 = DIRECTION('',(-1.110223024625E-16,0.,-1.));
#1384 = PCURVE('',#156,#1385);
#1385 = DEFINITIONAL_REPRESENTATION('',(#1386),#1389);
#1386 = B_SPLINE_CURVE_WITH_KNOTS('',1,(#1387,#1388),.UNSPECIFIED.,.F.,
  .F.,(2,2),(-28.125,-10.625),.PIECEWISE_BEZIER_KNOTS.);
#1387 = CARTESIAN_POINT('',(38.75,15.75));
#1388 = CARTESIAN_POINT('',(21.25,15.75));
#1389 = ( GEOMETRIC_REPRESENTATION_CONTEXT(2) 
PARAMETRIC_REPRESENTATION_CONTEXT() REPRESENTATION_CONTEXT('2D SPACE',''
  ) );
#1390 = PCURVE('',#1391,#1396);
#1391 = PLANE('',#1392);
#1392 = AXIS2_PLACEMENT_3D('',#1393,#1394,#1395);
#1393 = CARTESIAN_POINT('',(3.75,184.,21.25));
#1394 = DIRECTION('',(1.,0.,-1.110223024625E-16));
#1395 = DIRECTION('',(1.110223024625E-16,0.,1.));
#1396 = DEFINITIONAL_REPRESENTATION('',(#1397),#1400);
#1397 = B_SPLINE_CURVE_WITH_KNOTS('',1,(#1398,#1399),.UNSPECIFIED.,.F.,
  .F.,(2,2),(-28.125,-10.625),.PIECEWISE_BEZIER_KNOTS.);
#1398 = CARTESIAN_POINT('',(17.5,-1.));
#1399 = CARTESIAN_POINT('',(0.,-1.));
#1400 = ( GEOMETRIC_REPRESENTATION_CONTEXT(2) 
PARAMETRIC_REPRESENTATION_CONTEXT() REPRESENTATION_CONTEXT('2D SPACE',''
  ) );
#1401 = ORIENTED_EDGE('',*,*,#1402,.T.);
#1402 = EDGE_CURVE('',#1377,#1403,#1405,.T.);
#1403 = VERTEX_POINT('',#1404);
#1404 = CARTESIAN_POINT('',(8.,185.,20.219223593596));
#1405 = SURFACE_CURVE('',#1406,(#1411,#1422),.PCURVE_S1.);
#1406 = CIRCLE('',#1407,2.25);
#1407 = AXIS2_PLACEMENT_3D('',#1408,#1409,#1410);
#1408 = CARTESIAN_POINT('',(6.,185.,21.25));
#1409 = DIRECTION('',(0.,-1.,-0.));
#1410 = DIRECTION('',(1.,0.,-1.110223024625E-16));
#1411 = PCURVE('',#156,#1412);
#1412 = DEFINITIONAL_REPRESENTATION('',(#1413),#1421);
#1413 = ( BOUNDED_CURVE() B_SPLINE_CURVE(2,(#1414,#1415,#1416,#1417,
#1418,#1419,#1420),.UNSPECIFIED.,.T.,.F.) B_SPLINE_CURVE_WITH_KNOTS((1,2
    ,2,2,2,1),(-2.094395102393,0.,2.094395102393,4.188790204786,
6.28318530718,8.377580409573),.UNSPECIFIED.) CURVE() 
GEOMETRIC_REPRESENTATION_ITEM() RATIONAL_B_SPLINE_CURVE((1.,0.5,1.,0.5,
1.,0.5,1.)) REPRESENTATION_ITEM('') );
#1414 = CARTESIAN_POINT('',(21.25,20.25));
#1415 = CARTESIAN_POINT('',(25.14711431703,20.25));
#1416 = CARTESIAN_POINT('',(23.198557158515,16.875));
#1417 = CARTESIAN_POINT('',(21.25,13.5));
#1418 = CARTESIAN_POINT('',(19.301442841485,16.875));
#1419 = CARTESIAN_POINT('',(17.35288568297,20.25));
#1420 = CARTESIAN_POINT('',(21.25,20.25));
#1421 = ( GEOMETRIC_REPRESENTATION_CONTEXT(2) 
PARAMETRIC_REPRESENTATION_CONTEXT() REPRESENTATION_CONTEXT('2D SPACE',''
  ) );
#1422 = PCURVE('',#1423,#1428);
#1423 = CYLINDRICAL_SURFACE('',#1424,2.25);
#1424 = AXIS2_PLACEMENT_3D('',#1425,#1426,#1427);
#1425 = CARTESIAN_POINT('',(6.,184.,21.25));
#1426 = DIRECTION('',(-0.,-1.,-0.));
#1427 = DIRECTION('',(1.,0.,-1.110223024625E-16));
#1428 = DEFINITIONAL_REPRESENTATION('',(#1429),#1433);
#1429 = LINE('',#1430,#1431);
#1430 = CARTESIAN_POINT('',(-6.28318530718,-1.));
#1431 = VECTOR('',#1432,1.);
#1432 = DIRECTION('',(1.,-0.));
#1433 = ( GEOMETRIC_REPRESENTATION_CONTEXT(2) 
PARAMETRIC_REPRESENTATION_CONTEXT() REPRESENTATION_CONTEXT('2D SPACE',''
  ) );
#1434 = ORIENTED_EDGE('',*,*,#1435,.T.);
#1435 = EDGE_CURVE('',#1403,#1436,#1438,.T.);
#1436 = VERTEX_POINT('',#1437);
#1437 = CARTESIAN_POINT('',(8.,185.,5.));
#1438 = SURFACE_CURVE('',#1439,(#1443,#1450),.PCURVE_S1.);
#1439 = LINE('',#1440,#1441);
#1440 = CARTESIAN_POINT('',(8.,185.,40.));
#1441 = VECTOR('',#1442,1.);
#1442 = DIRECTION('',(0.,0.,-1.));
#1443 = PCURVE('',#156,#1444);
#1444 = DEFINITIONAL_REPRESENTATION('',(#1445),#1449);
#1445 = LINE('',#1446,#1447);
#1446 = CARTESIAN_POINT('',(40.,20.));
#1447 = VECTOR('',#1448,1.);
#1448 = DIRECTION('',(-1.,0.));
#1449 = ( GEOMETRIC_REPRESENTATION_CONTEXT(2) 
PARAMETRIC_REPRESENTATION_CONTEXT() REPRESENTATION_CONTEXT('2D SPACE',''
  ) );
#1450 = PCURVE('',#659,#1451);
#1451 = DEFINITIONAL_REPRESENTATION('',(#1452),#1456);
#1452 = LINE('',#1453,#1454);
#1453 = CARTESIAN_POINT('',(-10.23702512552,-42.73702512552));
#1454 = VECTOR('',#1455,1.);
#1455 = DIRECTION('',(1.,0.));
#1456 = ( GEOMETRIC_REPRESENTATION_CONTEXT(2) 
PARAMETRIC_REPRESENTATION_CONTEXT() REPRESENTATION_CONTEXT('2D SPACE',''
  ) );
#1457 = ORIENTED_EDGE('',*,*,#1458,.T.);
#1458 = EDGE_CURVE('',#1436,#1194,#1459,.T.);
#1459 = SURFACE_CURVE('',#1460,(#1464,#1471),.PCURVE_S1.);
#1460 = LINE('',#1461,#1462);
#1461 = CARTESIAN_POINT('',(8.,185.,5.));
#1462 = VECTOR('',#1463,1.);
#1463 = DIRECTION('',(1.,0.,0.));
#1464 = PCURVE('',#156,#1465);
#1465 = DEFINITIONAL_REPRESENTATION('',(#1466),#1470);
#1466 = LINE('',#1467,#1468);
#1467 = CARTESIAN_POINT('',(5.,20.));
#1468 = VECTOR('',#1469,1.);
#1469 = DIRECTION('',(0.,1.));
#1470 = ( GEOMETRIC_REPRESENTATION_CONTEXT(2) 
PARAMETRIC_REPRESENTATION_CONTEXT() REPRESENTATION_CONTEXT('2D SPACE',''
  ) );
#1471 = PCURVE('',#631,#1472);
#1472 = DEFINITIONAL_REPRESENTATION('',(#1473),#1477);
#1473 = LINE('',#1474,#1475);
#1474 = CARTESIAN_POINT('',(0.,0.));
#1475 = VECTOR('',#1476,1.);
#1476 = DIRECTION('',(0.,-1.));
#1477 = ( GEOMETRIC_REPRESENTATION_CONTEXT(2) 
PARAMETRIC_REPRESENTATION_CONTEXT() REPRESENTATION_CONTEXT('2D SPACE',''
  ) );
#1478 = ADVANCED_FACE('',(#1479),#184,.F.);
#1479 = FACE_BOUND('',#1480,.F.);
#1480 = EDGE_LOOP('',(#1481,#1482,#1483,#1506));
#1481 = ORIENTED_EDGE('',*,*,#168,.F.);
#1482 = ORIENTED_EDGE('',*,*,#1216,.T.);
#1483 = ORIENTED_EDGE('',*,*,#1484,.T.);
#1484 = EDGE_CURVE('',#1192,#1485,#1487,.T.);
#1485 = VERTEX_POINT('',#1486);
#1486 = CARTESIAN_POINT('',(12.,195.,0.));
#1487 = SURFACE_CURVE('',#1488,(#1492,#1499),.PCURVE_S1.);
#1488 = LINE('',#1489,#1490);
#1489 = CARTESIAN_POINT('',(12.,185.,0.));
#1490 = VECTOR('',#1491,1.);
#1491 = DIRECTION('',(0.,1.,0.));
#1492 = PCURVE('',#184,#1493);
#1493 = DEFINITIONAL_REPRESENTATION('',(#1494),#1498);
#1494 = LINE('',#1495,#1496);
#1495 = CARTESIAN_POINT('',(24.,0.));
#1496 = VECTOR('',#1497,1.);
#1497 = DIRECTION('',(0.,1.));
#1498 = ( GEOMETRIC_REPRESENTATION_CONTEXT(2) 
PARAMETRIC_REPRESENTATION_CONTEXT() REPRESENTATION_CONTEXT('2D SPACE',''
  ) );
#1499 = PCURVE('',#265,#1500);
#1500 = DEFINITIONAL_REPRESENTATION('',(#1501),#1505);
#1501 = LINE('',#1502,#1503);
#1502 = CARTESIAN_POINT('',(-40.,-185.));
#1503 = VECTOR('',#1504,1.);
#1504 = DIRECTION('',(0.,-1.));
#1505 = ( GEOMETRIC_REPRESENTATION_CONTEXT(2) 
PARAMETRIC_REPRESENTATION_CONTEXT() REPRESENTATION_CONTEXT('2D SPACE',''
  ) );
#1506 = ORIENTED_EDGE('',*,*,#1507,.F.);
#1507 = EDGE_CURVE('',#169,#1485,#1508,.T.);
#1508 = SURFACE_CURVE('',#1509,(#1513,#1520),.PCURVE_S1.);
#1509 = LINE('',#1510,#1511);
#1510 = CARTESIAN_POINT('',(-12.,195.,0.));
#1511 = VECTOR('',#1512,1.);
#1512 = DIRECTION('',(1.,0.,0.));
#1513 = PCURVE('',#184,#1514);
#1514 = DEFINITIONAL_REPRESENTATION('',(#1515),#1519);
#1515 = LINE('',#1516,#1517);
#1516 = CARTESIAN_POINT('',(0.,10.));
#1517 = VECTOR('',#1518,1.);
#1518 = DIRECTION('',(1.,0.));
#1519 = ( GEOMETRIC_REPRESENTATION_CONTEXT(2) 
PARAMETRIC_REPRESENTATION_CONTEXT() REPRESENTATION_CONTEXT('2D SPACE',''
  ) );
#1520 = PCURVE('',#210,#1521);
#1521 = DEFINITIONAL_REPRESENTATION('',(#1522),#1526);
#1522 = LINE('',#1523,#1524);
#1523 = CARTESIAN_POINT('',(-40.,0.));
#1524 = VECTOR('',#1525,1.);
#1525 = DIRECTION('',(0.,1.));
#1526 = ( GEOMETRIC_REPRESENTATION_CONTEXT(2) 
PARAMETRIC_REPRESENTATION_CONTEXT() REPRESENTATION_CONTEXT('2D SPACE',''
  ) );
#1527 = ADVANCED_FACE('',(#1528,#1554,#1659),#210,.T.);
#1528 = FACE_BOUND('',#1529,.T.);
#1529 = EDGE_LOOP('',(#1530,#1551,#1552,#1553));
#1530 = ORIENTED_EDGE('',*,*,#1531,.F.);
#1531 = EDGE_CURVE('',#1485,#250,#1532,.T.);
#1532 = SURFACE_CURVE('',#1533,(#1537,#1544),.PCURVE_S1.);
#1533 = LINE('',#1534,#1535);
#1534 = CARTESIAN_POINT('',(12.,195.,0.));
#1535 = VECTOR('',#1536,1.);
#1536 = DIRECTION('',(0.,0.,1.));
#1537 = PCURVE('',#210,#1538);
#1538 = DEFINITIONAL_REPRESENTATION('',(#1539),#1543);
#1539 = LINE('',#1540,#1541);
#1540 = CARTESIAN_POINT('',(-40.,24.));
#1541 = VECTOR('',#1542,1.);
#1542 = DIRECTION('',(1.,0.));
#1543 = ( GEOMETRIC_REPRESENTATION_CONTEXT(2) 
PARAMETRIC_REPRESENTATION_CONTEXT() REPRESENTATION_CONTEXT('2D SPACE',''
  ) );
#1544 = PCURVE('',#265,#1545);
#1545 = DEFINITIONAL_REPRESENTATION('',(#1546),#1550);
#1546 = LINE('',#1547,#1548);
#1547 = CARTESIAN_POINT('',(-40.,-195.));
#1548 = VECTOR('',#1549,1.);
#1549 = DIRECTION('',(1.,0.));
#1550 = ( GEOMETRIC_REPRESENTATION_CONTEXT(2) 
PARAMETRIC_REPRESENTATION_CONTEXT() REPRESENTATION_CONTEXT('2D SPACE',''
  ) );
#1551 = ORIENTED_EDGE('',*,*,#1507,.F.);
#1552 = ORIENTED_EDGE('',*,*,#196,.F.);
#1553 = ORIENTED_EDGE('',*,*,#277,.T.);
#1554 = FACE_BOUND('',#1555,.T.);
#1555 = EDGE_LOOP('',(#1556,#1586,#1612,#1640));
#1556 = ORIENTED_EDGE('',*,*,#1557,.T.);
#1557 = EDGE_CURVE('',#1558,#1560,#1562,.T.);
#1558 = VERTEX_POINT('',#1559);
#1559 = CARTESIAN_POINT('',(-3.75,195.,38.75));
#1560 = VERTEX_POINT('',#1561);
#1561 = CARTESIAN_POINT('',(-8.25,195.,38.75));
#1562 = SURFACE_CURVE('',#1563,(#1568,#1579),.PCURVE_S1.);
#1563 = CIRCLE('',#1564,2.25);
#1564 = AXIS2_PLACEMENT_3D('',#1565,#1566,#1567);
#1565 = CARTESIAN_POINT('',(-6.,195.,38.75));
#1566 = DIRECTION('',(-0.,-1.,0.));
#1567 = DIRECTION('',(-1.,0.,1.110223024625E-16));
#1568 = PCURVE('',#210,#1569);
#1569 = DEFINITIONAL_REPRESENTATION('',(#1570),#1578);
#1570 = ( BOUNDED_CURVE() B_SPLINE_CURVE(2,(#1571,#1572,#1573,#1574,
#1575,#1576,#1577),.UNSPECIFIED.,.T.,.F.) B_SPLINE_CURVE_WITH_KNOTS((1,2
    ,2,2,2,1),(-2.094395102393,0.,2.094395102393,4.188790204786,
6.28318530718,8.377580409573),.UNSPECIFIED.) CURVE() 
GEOMETRIC_REPRESENTATION_ITEM() RATIONAL_B_SPLINE_CURVE((1.,0.5,1.,0.5,
1.,0.5,1.)) REPRESENTATION_ITEM('') );
#1571 = CARTESIAN_POINT('',(-1.25,3.75));
#1572 = CARTESIAN_POINT('',(-5.14711431703,3.75));
#1573 = CARTESIAN_POINT('',(-3.198557158515,7.125));
#1574 = CARTESIAN_POINT('',(-1.25,10.5));
#1575 = CARTESIAN_POINT('',(0.698557158515,7.125));
#1576 = CARTESIAN_POINT('',(2.64711431703,3.75));
#1577 = CARTESIAN_POINT('',(-1.25,3.75));
#1578 = ( GEOMETRIC_REPRESENTATION_CONTEXT(2) 
PARAMETRIC_REPRESENTATION_CONTEXT() REPRESENTATION_CONTEXT('2D SPACE',''
  ) );
#1579 = PCURVE('',#806,#1580);
#1580 = DEFINITIONAL_REPRESENTATION('',(#1581),#1585);
#1581 = LINE('',#1582,#1583);
#1582 = CARTESIAN_POINT('',(-6.28318530718,-11.));
#1583 = VECTOR('',#1584,1.);
#1584 = DIRECTION('',(1.,-0.));
#1585 = ( GEOMETRIC_REPRESENTATION_CONTEXT(2) 
PARAMETRIC_REPRESENTATION_CONTEXT() REPRESENTATION_CONTEXT('2D SPACE',''
  ) );
#1586 = ORIENTED_EDGE('',*,*,#1587,.T.);
#1587 = EDGE_CURVE('',#1560,#1588,#1590,.T.);
#1588 = VERTEX_POINT('',#1589);
#1589 = CARTESIAN_POINT('',(-8.25,195.,21.25));
#1590 = SURFACE_CURVE('',#1591,(#1595,#1601),.PCURVE_S1.);
#1591 = LINE('',#1592,#1593);
#1592 = CARTESIAN_POINT('',(-8.25,195.,30.625));
#1593 = VECTOR('',#1594,1.);
#1594 = DIRECTION('',(-1.110223024625E-16,0.,-1.));
#1595 = PCURVE('',#210,#1596);
#1596 = DEFINITIONAL_REPRESENTATION('',(#1597),#1600);
#1597 = B_SPLINE_CURVE_WITH_KNOTS('',1,(#1598,#1599),.UNSPECIFIED.,.F.,
  .F.,(2,2),(-8.125,9.375),.PIECEWISE_BEZIER_KNOTS.);
#1598 = CARTESIAN_POINT('',(-1.25,3.75));
#1599 = CARTESIAN_POINT('',(-18.75,3.75));
#1600 = ( GEOMETRIC_REPRESENTATION_CONTEXT(2) 
PARAMETRIC_REPRESENTATION_CONTEXT() REPRESENTATION_CONTEXT('2D SPACE',''
  ) );
#1601 = PCURVE('',#1602,#1607);
#1602 = PLANE('',#1603);
#1603 = AXIS2_PLACEMENT_3D('',#1604,#1605,#1606);
#1604 = CARTESIAN_POINT('',(-8.25,184.,21.25));
#1605 = DIRECTION('',(1.,0.,-1.110223024625E-16));
#1606 = DIRECTION('',(1.110223024625E-16,0.,1.));
#1607 = DEFINITIONAL_REPRESENTATION('',(#1608),#1611);
#1608 = B_SPLINE_CURVE_WITH_KNOTS('',1,(#1609,#1610),.UNSPECIFIED.,.F.,
  .F.,(2,2),(-8.125,9.375),.PIECEWISE_BEZIER_KNOTS.);
#1609 = CARTESIAN_POINT('',(17.5,-11.));
#1610 = CARTESIAN_POINT('',(0.,-11.));
#1611 = ( GEOMETRIC_REPRESENTATION_CONTEXT(2) 
PARAMETRIC_REPRESENTATION_CONTEXT() REPRESENTATION_CONTEXT('2D SPACE',''
  ) );
#1612 = ORIENTED_EDGE('',*,*,#1613,.T.);
#1613 = EDGE_CURVE('',#1588,#1614,#1616,.T.);
#1614 = VERTEX_POINT('',#1615);
#1615 = CARTESIAN_POINT('',(-3.75,195.,21.25));
#1616 = SURFACE_CURVE('',#1617,(#1622,#1633),.PCURVE_S1.);
#1617 = CIRCLE('',#1618,2.25);
#1618 = AXIS2_PLACEMENT_3D('',#1619,#1620,#1621);
#1619 = CARTESIAN_POINT('',(-6.,195.,21.25));
#1620 = DIRECTION('',(0.,-1.,-0.));
#1621 = DIRECTION('',(1.,0.,-1.110223024625E-16));
#1622 = PCURVE('',#210,#1623);
#1623 = DEFINITIONAL_REPRESENTATION('',(#1624),#1632);
#1624 = ( BOUNDED_CURVE() B_SPLINE_CURVE(2,(#1625,#1626,#1627,#1628,
#1629,#1630,#1631),.UNSPECIFIED.,.T.,.F.) B_SPLINE_CURVE_WITH_KNOTS((1,2
    ,2,2,2,1),(-2.094395102393,0.,2.094395102393,4.188790204786,
6.28318530718,8.377580409573),.UNSPECIFIED.) CURVE() 
GEOMETRIC_REPRESENTATION_ITEM() RATIONAL_B_SPLINE_CURVE((1.,0.5,1.,0.5,
1.,0.5,1.)) REPRESENTATION_ITEM('') );
#1625 = CARTESIAN_POINT('',(-18.75,8.25));
#1626 = CARTESIAN_POINT('',(-14.85288568297,8.25));
#1627 = CARTESIAN_POINT('',(-16.80144284148,4.875));
#1628 = CARTESIAN_POINT('',(-18.75,1.5));
#1629 = CARTESIAN_POINT('',(-20.69855715851,4.875));
#1630 = CARTESIAN_POINT('',(-22.64711431703,8.25));
#1631 = CARTESIAN_POINT('',(-18.75,8.25));
#1632 = ( GEOMETRIC_REPRESENTATION_CONTEXT(2) 
PARAMETRIC_REPRESENTATION_CONTEXT() REPRESENTATION_CONTEXT('2D SPACE',''
  ) );
#1633 = PCURVE('',#1283,#1634);
#1634 = DEFINITIONAL_REPRESENTATION('',(#1635),#1639);
#1635 = LINE('',#1636,#1637);
#1636 = CARTESIAN_POINT('',(-6.28318530718,-11.));
#1637 = VECTOR('',#1638,1.);
#1638 = DIRECTION('',(1.,-0.));
#1639 = ( GEOMETRIC_REPRESENTATION_CONTEXT(2) 
PARAMETRIC_REPRESENTATION_CONTEXT() REPRESENTATION_CONTEXT('2D SPACE',''
  ) );
#1640 = ORIENTED_EDGE('',*,*,#1641,.T.);
#1641 = EDGE_CURVE('',#1614,#1558,#1642,.T.);
#1642 = SURFACE_CURVE('',#1643,(#1647,#1653),.PCURVE_S1.);
#1643 = LINE('',#1644,#1645);
#1644 = CARTESIAN_POINT('',(-3.75,195.,39.375));
#1645 = VECTOR('',#1646,1.);
#1646 = DIRECTION('',(1.110223024625E-16,-0.,1.));
#1647 = PCURVE('',#210,#1648);
#1648 = DEFINITIONAL_REPRESENTATION('',(#1649),#1652);
#1649 = B_SPLINE_CURVE_WITH_KNOTS('',1,(#1650,#1651),.UNSPECIFIED.,.F.,
  .F.,(2,2),(-18.125,-0.625),.PIECEWISE_BEZIER_KNOTS.);
#1650 = CARTESIAN_POINT('',(-18.75,8.25));
#1651 = CARTESIAN_POINT('',(-1.25,8.25));
#1652 = ( GEOMETRIC_REPRESENTATION_CONTEXT(2) 
PARAMETRIC_REPRESENTATION_CONTEXT() REPRESENTATION_CONTEXT('2D SPACE',''
  ) );
#1653 = PCURVE('',#1310,#1654);
#1654 = DEFINITIONAL_REPRESENTATION('',(#1655),#1658);
#1655 = B_SPLINE_CURVE_WITH_KNOTS('',1,(#1656,#1657),.UNSPECIFIED.,.F.,
  .F.,(2,2),(-18.125,-0.625),.PIECEWISE_BEZIER_KNOTS.);
#1656 = CARTESIAN_POINT('',(17.5,-11.));
#1657 = CARTESIAN_POINT('',(0.,-11.));
#1658 = ( GEOMETRIC_REPRESENTATION_CONTEXT(2) 
PARAMETRIC_REPRESENTATION_CONTEXT() REPRESENTATION_CONTEXT('2D SPACE',''
  ) );
#1659 = FACE_BOUND('',#1660,.T.);
#1660 = EDGE_LOOP('',(#1661,#1691,#1712,#1740));
#1661 = ORIENTED_EDGE('',*,*,#1662,.T.);
#1662 = EDGE_CURVE('',#1663,#1665,#1667,.T.);
#1663 = VERTEX_POINT('',#1664);
#1664 = CARTESIAN_POINT('',(8.25,195.,38.75));
#1665 = VERTEX_POINT('',#1666);
#1666 = CARTESIAN_POINT('',(3.75,195.,38.75));
#1667 = SURFACE_CURVE('',#1668,(#1673,#1684),.PCURVE_S1.);
#1668 = CIRCLE('',#1669,2.25);
#1669 = AXIS2_PLACEMENT_3D('',#1670,#1671,#1672);
#1670 = CARTESIAN_POINT('',(6.,195.,38.75));
#1671 = DIRECTION('',(-0.,-1.,0.));
#1672 = DIRECTION('',(-1.,0.,1.110223024625E-16));
#1673 = PCURVE('',#210,#1674);
#1674 = DEFINITIONAL_REPRESENTATION('',(#1675),#1683);
#1675 = ( BOUNDED_CURVE() B_SPLINE_CURVE(2,(#1676,#1677,#1678,#1679,
#1680,#1681,#1682),.UNSPECIFIED.,.T.,.F.) B_SPLINE_CURVE_WITH_KNOTS((1,2
    ,2,2,2,1),(-2.094395102393,0.,2.094395102393,4.188790204786,
6.28318530718,8.377580409573),.UNSPECIFIED.) CURVE() 
GEOMETRIC_REPRESENTATION_ITEM() RATIONAL_B_SPLINE_CURVE((1.,0.5,1.,0.5,
1.,0.5,1.)) REPRESENTATION_ITEM('') );
#1676 = CARTESIAN_POINT('',(-1.25,15.75));
#1677 = CARTESIAN_POINT('',(-5.14711431703,15.75));
#1678 = CARTESIAN_POINT('',(-3.198557158515,19.125));
#1679 = CARTESIAN_POINT('',(-1.25,22.5));
#1680 = CARTESIAN_POINT('',(0.698557158515,19.125));
#1681 = CARTESIAN_POINT('',(2.64711431703,15.75));
#1682 = CARTESIAN_POINT('',(-1.25,15.75));
#1683 = ( GEOMETRIC_REPRESENTATION_CONTEXT(2) 
PARAMETRIC_REPRESENTATION_CONTEXT() REPRESENTATION_CONTEXT('2D SPACE',''
  ) );
#1684 = PCURVE('',#712,#1685);
#1685 = DEFINITIONAL_REPRESENTATION('',(#1686),#1690);
#1686 = LINE('',#1687,#1688);
#1687 = CARTESIAN_POINT('',(-6.28318530718,-11.));
#1688 = VECTOR('',#1689,1.);
#1689 = DIRECTION('',(1.,-0.));
#1690 = ( GEOMETRIC_REPRESENTATION_CONTEXT(2) 
PARAMETRIC_REPRESENTATION_CONTEXT() REPRESENTATION_CONTEXT('2D SPACE',''
  ) );
#1691 = ORIENTED_EDGE('',*,*,#1692,.T.);
#1692 = EDGE_CURVE('',#1665,#1693,#1695,.T.);
#1693 = VERTEX_POINT('',#1694);
#1694 = CARTESIAN_POINT('',(3.75,195.,21.25));
#1695 = SURFACE_CURVE('',#1696,(#1700,#1706),.PCURVE_S1.);
#1696 = LINE('',#1697,#1698);
#1697 = CARTESIAN_POINT('',(3.75,195.,30.625));
#1698 = VECTOR('',#1699,1.);
#1699 = DIRECTION('',(-1.110223024625E-16,0.,-1.));
#1700 = PCURVE('',#210,#1701);
#1701 = DEFINITIONAL_REPRESENTATION('',(#1702),#1705);
#1702 = B_SPLINE_CURVE_WITH_KNOTS('',1,(#1703,#1704),.UNSPECIFIED.,.F.,
  .F.,(2,2),(-8.125,9.375),.PIECEWISE_BEZIER_KNOTS.);
#1703 = CARTESIAN_POINT('',(-1.25,15.75));
#1704 = CARTESIAN_POINT('',(-18.75,15.75));
#1705 = ( GEOMETRIC_REPRESENTATION_CONTEXT(2) 
PARAMETRIC_REPRESENTATION_CONTEXT() REPRESENTATION_CONTEXT('2D SPACE',''
  ) );
#1706 = PCURVE('',#1391,#1707);
#1707 = DEFINITIONAL_REPRESENTATION('',(#1708),#1711);
#1708 = B_SPLINE_CURVE_WITH_KNOTS('',1,(#1709,#1710),.UNSPECIFIED.,.F.,
  .F.,(2,2),(-8.125,9.375),.PIECEWISE_BEZIER_KNOTS.);
#1709 = CARTESIAN_POINT('',(17.5,-11.));
#1710 = CARTESIAN_POINT('',(0.,-11.));
#1711 = ( GEOMETRIC_REPRESENTATION_CONTEXT(2) 
PARAMETRIC_REPRESENTATION_CONTEXT() REPRESENTATION_CONTEXT('2D SPACE',''
  ) );
#1712 = ORIENTED_EDGE('',*,*,#1713,.T.);
#1713 = EDGE_CURVE('',#1693,#1714,#1716,.T.);
#1714 = VERTEX_POINT('',#1715);
#1715 = CARTESIAN_POINT('',(8.25,195.,21.25));
#1716 = SURFACE_CURVE('',#1717,(#1722,#1733),.PCURVE_S1.);
#1717 = CIRCLE('',#1718,2.25);
#1718 = AXIS2_PLACEMENT_3D('',#1719,#1720,#1721);
#1719 = CARTESIAN_POINT('',(6.,195.,21.25));
#1720 = DIRECTION('',(0.,-1.,-0.));
#1721 = DIRECTION('',(1.,0.,-1.110223024625E-16));
#1722 = PCURVE('',#210,#1723);
#1723 = DEFINITIONAL_REPRESENTATION('',(#1724),#1732);
#1724 = ( BOUNDED_CURVE() B_SPLINE_CURVE(2,(#1725,#1726,#1727,#1728,
#1729,#1730,#1731),.UNSPECIFIED.,.T.,.F.) B_SPLINE_CURVE_WITH_KNOTS((1,2
    ,2,2,2,1),(-2.094395102393,0.,2.094395102393,4.188790204786,
6.28318530718,8.377580409573),.UNSPECIFIED.) CURVE() 
GEOMETRIC_REPRESENTATION_ITEM() RATIONAL_B_SPLINE_CURVE((1.,0.5,1.,0.5,
1.,0.5,1.)) REPRESENTATION_ITEM('') );
#1725 = CARTESIAN_POINT('',(-18.75,20.25));
#1726 = CARTESIAN_POINT('',(-14.85288568297,20.25));
#1727 = CARTESIAN_POINT('',(-16.80144284148,16.875));
#1728 = CARTESIAN_POINT('',(-18.75,13.5));
#1729 = CARTESIAN_POINT('',(-20.69855715851,16.875));
#1730 = CARTESIAN_POINT('',(-22.64711431703,20.25));
#1731 = CARTESIAN_POINT('',(-18.75,20.25));
#1732 = ( GEOMETRIC_REPRESENTATION_CONTEXT(2) 
PARAMETRIC_REPRESENTATION_CONTEXT() REPRESENTATION_CONTEXT('2D SPACE',''
  ) );
#1733 = PCURVE('',#1423,#1734);
#1734 = DEFINITIONAL_REPRESENTATION('',(#1735),#1739);
#1735 = LINE('',#1736,#1737);
#1736 = CARTESIAN_POINT('',(-6.28318530718,-11.));
#1737 = VECTOR('',#1738,1.);
#1738 = DIRECTION('',(1.,-0.));
#1739 = ( GEOMETRIC_REPRESENTATION_CONTEXT(2) 
PARAMETRIC_REPRESENTATION_CONTEXT() REPRESENTATION_CONTEXT('2D SPACE',''
  ) );
#1740 = ORIENTED_EDGE('',*,*,#1741,.T.);
#1741 = EDGE_CURVE('',#1714,#1663,#1742,.T.);
#1742 = SURFACE_CURVE('',#1743,(#1747,#1753),.PCURVE_S1.);
#1743 = LINE('',#1744,#1745);
#1744 = CARTESIAN_POINT('',(8.25,195.,39.375));
#1745 = VECTOR('',#1746,1.);
#1746 = DIRECTION('',(1.110223024625E-16,-0.,1.));
#1747 = PCURVE('',#210,#1748);
#1748 = DEFINITIONAL_REPRESENTATION('',(#1749),#1752);
#1749 = B_SPLINE_CURVE_WITH_KNOTS('',1,(#1750,#1751),.UNSPECIFIED.,.F.,
  .F.,(2,2),(-18.125,-0.625),.PIECEWISE_BEZIER_KNOTS.);
#1750 = CARTESIAN_POINT('',(-18.75,20.25));
#1751 = CARTESIAN_POINT('',(-1.25,20.25));
#1752 = ( GEOMETRIC_REPRESENTATION_CONTEXT(2) 
PARAMETRIC_REPRESENTATION_CONTEXT() REPRESENTATION_CONTEXT('2D SPACE',''
  ) );
#1753 = PCURVE('',#1754,#1759);
#1754 = PLANE('',#1755);
#1755 = AXIS2_PLACEMENT_3D('',#1756,#1757,#1758);
#1756 = CARTESIAN_POINT('',(8.25,184.,38.75));
#1757 = DIRECTION('',(-1.,0.,1.110223024625E-16));
#1758 = DIRECTION('',(-1.110223024625E-16,0.,-1.));
#1759 = DEFINITIONAL_REPRESENTATION('',(#1760),#1763);
#1760 = B_SPLINE_CURVE_WITH_KNOTS('',1,(#1761,#1762),.UNSPECIFIED.,.F.,
  .F.,(2,2),(-18.125,-0.625),.PIECEWISE_BEZIER_KNOTS.);
#1761 = CARTESIAN_POINT('',(17.5,-11.));
#1762 = CARTESIAN_POINT('',(0.,-11.));
#1763 = ( GEOMETRIC_REPRESENTATION_CONTEXT(2) 
PARAMETRIC_REPRESENTATION_CONTEXT() REPRESENTATION_CONTEXT('2D SPACE',''
  ) );
#1764 = ADVANCED_FACE('',(#1765),#265,.T.);
#1765 = FACE_BOUND('',#1766,.T.);
#1766 = EDGE_LOOP('',(#1767,#1768,#1769,#1770,#1791,#1792,#1793));
#1767 = ORIENTED_EDGE('',*,*,#249,.F.);
#1768 = ORIENTED_EDGE('',*,*,#566,.F.);
#1769 = ORIENTED_EDGE('',*,*,#592,.T.);
#1770 = ORIENTED_EDGE('',*,*,#1771,.F.);
#1771 = EDGE_CURVE('',#1194,#593,#1772,.T.);
#1772 = SURFACE_CURVE('',#1773,(#1777,#1784),.PCURVE_S1.);
#1773 = LINE('',#1774,#1775);
#1774 = CARTESIAN_POINT('',(12.,185.,5.));
#1775 = VECTOR('',#1776,1.);
#1776 = DIRECTION('',(0.,-0.943858356366,0.330350424728));
#1777 = PCURVE('',#265,#1778);
#1778 = DEFINITIONAL_REPRESENTATION('',(#1779),#1783);
#1779 = LINE('',#1780,#1781);
#1780 = CARTESIAN_POINT('',(-35.,-185.));
#1781 = VECTOR('',#1782,1.);
#1782 = DIRECTION('',(0.330350424728,0.943858356366));
#1783 = ( GEOMETRIC_REPRESENTATION_CONTEXT(2) 
PARAMETRIC_REPRESENTATION_CONTEXT() REPRESENTATION_CONTEXT('2D SPACE',''
  ) );
#1784 = PCURVE('',#631,#1785);
#1785 = DEFINITIONAL_REPRESENTATION('',(#1786),#1790);
#1786 = LINE('',#1787,#1788);
#1787 = CARTESIAN_POINT('',(0.,-4.));
#1788 = VECTOR('',#1789,1.);
#1789 = DIRECTION('',(1.,0.));
#1790 = ( GEOMETRIC_REPRESENTATION_CONTEXT(2) 
PARAMETRIC_REPRESENTATION_CONTEXT() REPRESENTATION_CONTEXT('2D SPACE',''
  ) );
#1791 = ORIENTED_EDGE('',*,*,#1191,.F.);
#1792 = ORIENTED_EDGE('',*,*,#1484,.T.);
#1793 = ORIENTED_EDGE('',*,*,#1531,.T.);
#1794 = ADVANCED_FACE('',(#1795),#317,.F.);
#1795 = FACE_BOUND('',#1796,.F.);
#1796 = EDGE_LOOP('',(#1797,#1798,#1819,#1820));
#1797 = ORIENTED_EDGE('',*,*,#941,.T.);
#1798 = ORIENTED_EDGE('',*,*,#1799,.T.);
#1799 = EDGE_CURVE('',#944,#303,#1800,.T.);
#1800 = SURFACE_CURVE('',#1801,(#1805,#1812),.PCURVE_S1.);
#1801 = LINE('',#1802,#1803);
#1802 = CARTESIAN_POINT('',(-2.25,7.25,39.));
#1803 = VECTOR('',#1804,1.);
#1804 = DIRECTION('',(0.,0.,1.));
#1805 = PCURVE('',#317,#1806);
#1806 = DEFINITIONAL_REPRESENTATION('',(#1807),#1811);
#1807 = LINE('',#1808,#1809);
#1808 = CARTESIAN_POINT('',(0.,0.));
#1809 = VECTOR('',#1810,1.);
#1810 = DIRECTION('',(0.,-1.));
#1811 = ( GEOMETRIC_REPRESENTATION_CONTEXT(2) 
PARAMETRIC_REPRESENTATION_CONTEXT() REPRESENTATION_CONTEXT('2D SPACE',''
  ) );
#1812 = PCURVE('',#406,#1813);
#1813 = DEFINITIONAL_REPRESENTATION('',(#1814),#1818);
#1814 = LINE('',#1815,#1816);
#1815 = CARTESIAN_POINT('',(3.14159265359,0.));
#1816 = VECTOR('',#1817,1.);
#1817 = DIRECTION('',(0.,-1.));
#1818 = ( GEOMETRIC_REPRESENTATION_CONTEXT(2) 
PARAMETRIC_REPRESENTATION_CONTEXT() REPRESENTATION_CONTEXT('2D SPACE',''
  ) );
#1819 = ORIENTED_EDGE('',*,*,#300,.F.);
#1820 = ORIENTED_EDGE('',*,*,#1821,.F.);
#1821 = EDGE_CURVE('',#942,#301,#1822,.T.);
#1822 = SURFACE_CURVE('',#1823,(#1827,#1834),.PCURVE_S1.);
#1823 = LINE('',#1824,#1825);
#1824 = CARTESIAN_POINT('',(-2.25,72.75,39.));
#1825 = VECTOR('',#1826,1.);
#1826 = DIRECTION('',(0.,0.,1.));
#1827 = PCURVE('',#317,#1828);
#1828 = DEFINITIONAL_REPRESENTATION('',(#1829),#1833);
#1829 = LINE('',#1830,#1831);
#1830 = CARTESIAN_POINT('',(65.5,0.));
#1831 = VECTOR('',#1832,1.);
#1832 = DIRECTION('',(0.,-1.));
#1833 = ( GEOMETRIC_REPRESENTATION_CONTEXT(2) 
PARAMETRIC_REPRESENTATION_CONTEXT() REPRESENTATION_CONTEXT('2D SPACE',''
  ) );
#1834 = PCURVE('',#349,#1835);
#1835 = DEFINITIONAL_REPRESENTATION('',(#1836),#1840);
#1836 = LINE('',#1837,#1838);
#1837 = CARTESIAN_POINT('',(0.,0.));
#1838 = VECTOR('',#1839,1.);
#1839 = DIRECTION('',(0.,-1.));
#1840 = ( GEOMETRIC_REPRESENTATION_CONTEXT(2) 
PARAMETRIC_REPRESENTATION_CONTEXT() REPRESENTATION_CONTEXT('2D SPACE',''
  ) );
#1841 = ADVANCED_FACE('',(#1842),#349,.F.);
#1842 = FACE_BOUND('',#1843,.F.);
#1843 = EDGE_LOOP('',(#1844,#1845,#1846,#1847));
#1844 = ORIENTED_EDGE('',*,*,#964,.F.);
#1845 = ORIENTED_EDGE('',*,*,#1821,.T.);
#1846 = ORIENTED_EDGE('',*,*,#328,.T.);
#1847 = ORIENTED_EDGE('',*,*,#1848,.F.);
#1848 = EDGE_CURVE('',#965,#329,#1849,.T.);
#1849 = SURFACE_CURVE('',#1850,(#1854,#1861),.PCURVE_S1.);
#1850 = LINE('',#1851,#1852);
#1851 = CARTESIAN_POINT('',(2.25,72.75,39.));
#1852 = VECTOR('',#1853,1.);
#1853 = DIRECTION('',(0.,0.,1.));
#1854 = PCURVE('',#349,#1855);
#1855 = DEFINITIONAL_REPRESENTATION('',(#1856),#1860);
#1856 = LINE('',#1857,#1858);
#1857 = CARTESIAN_POINT('',(3.14159265359,0.));
#1858 = VECTOR('',#1859,1.);
#1859 = DIRECTION('',(0.,-1.));
#1860 = ( GEOMETRIC_REPRESENTATION_CONTEXT(2) 
PARAMETRIC_REPRESENTATION_CONTEXT() REPRESENTATION_CONTEXT('2D SPACE',''
  ) );
#1861 = PCURVE('',#376,#1862);
#1862 = DEFINITIONAL_REPRESENTATION('',(#1863),#1867);
#1863 = LINE('',#1864,#1865);
#1864 = CARTESIAN_POINT('',(0.,0.));
#1865 = VECTOR('',#1866,1.);
#1866 = DIRECTION('',(0.,-1.));
#1867 = ( GEOMETRIC_REPRESENTATION_CONTEXT(2) 
PARAMETRIC_REPRESENTATION_CONTEXT() REPRESENTATION_CONTEXT('2D SPACE',''
  ) );
#1868 = ADVANCED_FACE('',(#1869),#406,.F.);
#1869 = FACE_BOUND('',#1870,.F.);
#1870 = EDGE_LOOP('',(#1871,#1872,#1893,#1894));
#1871 = ORIENTED_EDGE('',*,*,#1013,.F.);
#1872 = ORIENTED_EDGE('',*,*,#1873,.T.);
#1873 = EDGE_CURVE('',#993,#362,#1874,.T.);
#1874 = SURFACE_CURVE('',#1875,(#1879,#1886),.PCURVE_S1.);
#1875 = LINE('',#1876,#1877);
#1876 = CARTESIAN_POINT('',(2.25,7.25,39.));
#1877 = VECTOR('',#1878,1.);
#1878 = DIRECTION('',(0.,0.,1.));
#1879 = PCURVE('',#406,#1880);
#1880 = DEFINITIONAL_REPRESENTATION('',(#1881),#1885);
#1881 = LINE('',#1882,#1883);
#1882 = CARTESIAN_POINT('',(0.,0.));
#1883 = VECTOR('',#1884,1.);
#1884 = DIRECTION('',(0.,-1.));
#1885 = ( GEOMETRIC_REPRESENTATION_CONTEXT(2) 
PARAMETRIC_REPRESENTATION_CONTEXT() REPRESENTATION_CONTEXT('2D SPACE',''
  ) );
#1886 = PCURVE('',#376,#1887);
#1887 = DEFINITIONAL_REPRESENTATION('',(#1888),#1892);
#1888 = LINE('',#1889,#1890);
#1889 = CARTESIAN_POINT('',(65.5,0.));
#1890 = VECTOR('',#1891,1.);
#1891 = DIRECTION('',(0.,-1.));
#1892 = ( GEOMETRIC_REPRESENTATION_CONTEXT(2) 
PARAMETRIC_REPRESENTATION_CONTEXT() REPRESENTATION_CONTEXT('2D SPACE',''
  ) );
#1893 = ORIENTED_EDGE('',*,*,#387,.T.);
#1894 = ORIENTED_EDGE('',*,*,#1799,.F.);
#1895 = ADVANCED_FACE('',(#1896),#376,.F.);
#1896 = FACE_BOUND('',#1897,.F.);
#1897 = EDGE_LOOP('',(#1898,#1899,#1900,#1901));
#1898 = ORIENTED_EDGE('',*,*,#992,.T.);
#1899 = ORIENTED_EDGE('',*,*,#1848,.T.);
#1900 = ORIENTED_EDGE('',*,*,#361,.F.);
#1901 = ORIENTED_EDGE('',*,*,#1873,.F.);
#1902 = ADVANCED_FACE('',(#1903),#437,.F.);
#1903 = FACE_BOUND('',#1904,.F.);
#1904 = EDGE_LOOP('',(#1905,#1906,#1927,#1928));
#1905 = ORIENTED_EDGE('',*,*,#1041,.T.);
#1906 = ORIENTED_EDGE('',*,*,#1907,.T.);
#1907 = EDGE_CURVE('',#1044,#423,#1908,.T.);
#1908 = SURFACE_CURVE('',#1909,(#1913,#1920),.PCURVE_S1.);
#1909 = LINE('',#1910,#1911);
#1910 = CARTESIAN_POINT('',(-2.25,107.25,39.));
#1911 = VECTOR('',#1912,1.);
#1912 = DIRECTION('',(0.,0.,1.));
#1913 = PCURVE('',#437,#1914);
#1914 = DEFINITIONAL_REPRESENTATION('',(#1915),#1919);
#1915 = LINE('',#1916,#1917);
#1916 = CARTESIAN_POINT('',(0.,0.));
#1917 = VECTOR('',#1918,1.);
#1918 = DIRECTION('',(0.,-1.));
#1919 = ( GEOMETRIC_REPRESENTATION_CONTEXT(2) 
PARAMETRIC_REPRESENTATION_CONTEXT() REPRESENTATION_CONTEXT('2D SPACE',''
  ) );
#1920 = PCURVE('',#526,#1921);
#1921 = DEFINITIONAL_REPRESENTATION('',(#1922),#1926);
#1922 = LINE('',#1923,#1924);
#1923 = CARTESIAN_POINT('',(3.14159265359,0.));
#1924 = VECTOR('',#1925,1.);
#1925 = DIRECTION('',(0.,-1.));
#1926 = ( GEOMETRIC_REPRESENTATION_CONTEXT(2) 
PARAMETRIC_REPRESENTATION_CONTEXT() REPRESENTATION_CONTEXT('2D SPACE',''
  ) );
#1927 = ORIENTED_EDGE('',*,*,#420,.F.);
#1928 = ORIENTED_EDGE('',*,*,#1929,.F.);
#1929 = EDGE_CURVE('',#1042,#421,#1930,.T.);
#1930 = SURFACE_CURVE('',#1931,(#1935,#1942),.PCURVE_S1.);
#1931 = LINE('',#1932,#1933);
#1932 = CARTESIAN_POINT('',(-2.25,172.75,39.));
#1933 = VECTOR('',#1934,1.);
#1934 = DIRECTION('',(0.,0.,1.));
#1935 = PCURVE('',#437,#1936);
#1936 = DEFINITIONAL_REPRESENTATION('',(#1937),#1941);
#1937 = LINE('',#1938,#1939);
#1938 = CARTESIAN_POINT('',(65.5,0.));
#1939 = VECTOR('',#1940,1.);
#1940 = DIRECTION('',(0.,-1.));
#1941 = ( GEOMETRIC_REPRESENTATION_CONTEXT(2) 
PARAMETRIC_REPRESENTATION_CONTEXT() REPRESENTATION_CONTEXT('2D SPACE',''
  ) );
#1942 = PCURVE('',#469,#1943);
#1943 = DEFINITIONAL_REPRESENTATION('',(#1944),#1948);
#1944 = LINE('',#1945,#1946);
#1945 = CARTESIAN_POINT('',(0.,0.));
#1946 = VECTOR('',#1947,1.);
#1947 = DIRECTION('',(0.,-1.));
#1948 = ( GEOMETRIC_REPRESENTATION_CONTEXT(2) 
PARAMETRIC_REPRESENTATION_CONTEXT() REPRESENTATION_CONTEXT('2D SPACE',''
  ) );
#1949 = ADVANCED_FACE('',(#1950),#526,.F.);
#1950 = FACE_BOUND('',#1951,.F.);
#1951 = EDGE_LOOP('',(#1952,#1953,#1974,#1975));
#1952 = ORIENTED_EDGE('',*,*,#1113,.F.);
#1953 = ORIENTED_EDGE('',*,*,#1954,.T.);
#1954 = EDGE_CURVE('',#1093,#482,#1955,.T.);
#1955 = SURFACE_CURVE('',#1956,(#1960,#1967),.PCURVE_S1.);
#1956 = LINE('',#1957,#1958);
#1957 = CARTESIAN_POINT('',(2.25,107.25,39.));
#1958 = VECTOR('',#1959,1.);
#1959 = DIRECTION('',(0.,0.,1.));
#1960 = PCURVE('',#526,#1961);
#1961 = DEFINITIONAL_REPRESENTATION('',(#1962),#1966);
#1962 = LINE('',#1963,#1964);
#1963 = CARTESIAN_POINT('',(0.,0.));
#1964 = VECTOR('',#1965,1.);
#1965 = DIRECTION('',(0.,-1.));
#1966 = ( GEOMETRIC_REPRESENTATION_CONTEXT(2) 
PARAMETRIC_REPRESENTATION_CONTEXT() REPRESENTATION_CONTEXT('2D SPACE',''
  ) );
#1967 = PCURVE('',#496,#1968);
#1968 = DEFINITIONAL_REPRESENTATION('',(#1969),#1973);
#1969 = LINE('',#1970,#1971);
#1970 = CARTESIAN_POINT('',(65.5,0.));
#1971 = VECTOR('',#1972,1.);
#1972 = DIRECTION('',(0.,-1.));
#1973 = ( GEOMETRIC_REPRESENTATION_CONTEXT(2) 
PARAMETRIC_REPRESENTATION_CONTEXT() REPRESENTATION_CONTEXT('2D SPACE',''
  ) );
#1974 = ORIENTED_EDGE('',*,*,#507,.T.);
#1975 = ORIENTED_EDGE('',*,*,#1907,.F.);
#1976 = ADVANCED_FACE('',(#1977),#496,.F.);
#1977 = FACE_BOUND('',#1978,.F.);
#1978 = EDGE_LOOP('',(#1979,#1980,#2001,#2002));
#1979 = ORIENTED_EDGE('',*,*,#1092,.T.);
#1980 = ORIENTED_EDGE('',*,*,#1981,.T.);
#1981 = EDGE_CURVE('',#1065,#449,#1982,.T.);
#1982 = SURFACE_CURVE('',#1983,(#1987,#1994),.PCURVE_S1.);
#1983 = LINE('',#1984,#1985);
#1984 = CARTESIAN_POINT('',(2.25,172.75,39.));
#1985 = VECTOR('',#1986,1.);
#1986 = DIRECTION('',(0.,0.,1.));
#1987 = PCURVE('',#496,#1988);
#1988 = DEFINITIONAL_REPRESENTATION('',(#1989),#1993);
#1989 = LINE('',#1990,#1991);
#1990 = CARTESIAN_POINT('',(0.,0.));
#1991 = VECTOR('',#1992,1.);
#1992 = DIRECTION('',(0.,-1.));
#1993 = ( GEOMETRIC_REPRESENTATION_CONTEXT(2) 
PARAMETRIC_REPRESENTATION_CONTEXT() REPRESENTATION_CONTEXT('2D SPACE',''
  ) );
#1994 = PCURVE('',#469,#1995);
#1995 = DEFINITIONAL_REPRESENTATION('',(#1996),#2000);
#1996 = LINE('',#1997,#1998);
#1997 = CARTESIAN_POINT('',(3.14159265359,0.));
#1998 = VECTOR('',#1999,1.);
#1999 = DIRECTION('',(0.,-1.));
#2000 = ( GEOMETRIC_REPRESENTATION_CONTEXT(2) 
PARAMETRIC_REPRESENTATION_CONTEXT() REPRESENTATION_CONTEXT('2D SPACE',''
  ) );
#2001 = ORIENTED_EDGE('',*,*,#481,.F.);
#2002 = ORIENTED_EDGE('',*,*,#1954,.F.);
#2003 = ADVANCED_FACE('',(#2004),#469,.F.);
#2004 = FACE_BOUND('',#2005,.F.);
#2005 = EDGE_LOOP('',(#2006,#2007,#2008,#2009));
#2006 = ORIENTED_EDGE('',*,*,#1064,.F.);
#2007 = ORIENTED_EDGE('',*,*,#1929,.T.);
#2008 = ORIENTED_EDGE('',*,*,#448,.T.);
#2009 = ORIENTED_EDGE('',*,*,#1981,.F.);
#2010 = ADVANCED_FACE('',(#2011),#906,.F.);
#2011 = FACE_BOUND('',#2012,.F.);
#2012 = EDGE_LOOP('',(#2013,#2014,#2015,#2038,#2059,#2085,#2104));
#2013 = ORIENTED_EDGE('',*,*,#1165,.T.);
#2014 = ORIENTED_EDGE('',*,*,#890,.T.);
#2015 = ORIENTED_EDGE('',*,*,#2016,.T.);
#2016 = EDGE_CURVE('',#865,#2017,#2019,.T.);
#2017 = VERTEX_POINT('',#2018);
#2018 = CARTESIAN_POINT('',(-8.,185.,39.780776406404));
#2019 = SURFACE_CURVE('',#2020,(#2024,#2031),.PCURVE_S1.);
#2020 = LINE('',#2021,#2022);
#2021 = CARTESIAN_POINT('',(-8.,185.,40.));
#2022 = VECTOR('',#2023,1.);
#2023 = DIRECTION('',(0.,0.,-1.));
#2024 = PCURVE('',#906,#2025);
#2025 = DEFINITIONAL_REPRESENTATION('',(#2026),#2030);
#2026 = LINE('',#2027,#2028);
#2027 = CARTESIAN_POINT('',(-10.23702512552,-42.73702512552));
#2028 = VECTOR('',#2029,1.);
#2029 = DIRECTION('',(1.,0.));
#2030 = ( GEOMETRIC_REPRESENTATION_CONTEXT(2) 
PARAMETRIC_REPRESENTATION_CONTEXT() REPRESENTATION_CONTEXT('2D SPACE',''
  ) );
#2031 = PCURVE('',#879,#2032);
#2032 = DEFINITIONAL_REPRESENTATION('',(#2033),#2037);
#2033 = LINE('',#2034,#2035);
#2034 = CARTESIAN_POINT('',(40.,4.));
#2035 = VECTOR('',#2036,1.);
#2036 = DIRECTION('',(-1.,0.));
#2037 = ( GEOMETRIC_REPRESENTATION_CONTEXT(2) 
PARAMETRIC_REPRESENTATION_CONTEXT() REPRESENTATION_CONTEXT('2D SPACE',''
  ) );
#2038 = ORIENTED_EDGE('',*,*,#2039,.T.);
#2039 = EDGE_CURVE('',#2017,#2040,#2042,.T.);
#2040 = VERTEX_POINT('',#2041);
#2041 = CARTESIAN_POINT('',(-8.,184.,39.780776406404));
#2042 = SURFACE_CURVE('',#2043,(#2047,#2053),.PCURVE_S1.);
#2043 = LINE('',#2044,#2045);
#2044 = CARTESIAN_POINT('',(-8.,184.,39.780776406404));
#2045 = VECTOR('',#2046,1.);
#2046 = DIRECTION('',(-0.,-1.,0.));
#2047 = PCURVE('',#906,#2048);
#2048 = DEFINITIONAL_REPRESENTATION('',(#2049),#2052);
#2049 = B_SPLINE_CURVE_WITH_KNOTS('',1,(#2050,#2051),.UNSPECIFIED.,.F.,
  .F.,(2,2),(-11.,5.999999928008E-07),.PIECEWISE_BEZIER_KNOTS.);
#2050 = CARTESIAN_POINT('',(-10.01780153192,-52.73702512552));
#2051 = CARTESIAN_POINT('',(-10.01780153192,-41.73702452552));
#2052 = ( GEOMETRIC_REPRESENTATION_CONTEXT(2) 
PARAMETRIC_REPRESENTATION_CONTEXT() REPRESENTATION_CONTEXT('2D SPACE',''
  ) );
#2053 = PCURVE('',#806,#2054);
#2054 = DEFINITIONAL_REPRESENTATION('',(#2055),#2058);
#2055 = B_SPLINE_CURVE_WITH_KNOTS('',1,(#2056,#2057),.UNSPECIFIED.,.F.,
  .F.,(2,2),(-11.,5.999999928008E-07),.PIECEWISE_BEZIER_KNOTS.);
#2056 = CARTESIAN_POINT('',(-0.47588224966,-11.));
#2057 = CARTESIAN_POINT('',(-0.47588224966,5.999999928008E-07));
#2058 = ( GEOMETRIC_REPRESENTATION_CONTEXT(2) 
PARAMETRIC_REPRESENTATION_CONTEXT() REPRESENTATION_CONTEXT('2D SPACE',''
  ) );
#2059 = ORIENTED_EDGE('',*,*,#2060,.T.);
#2060 = EDGE_CURVE('',#2040,#2061,#2063,.T.);
#2061 = VERTEX_POINT('',#2062);
#2062 = CARTESIAN_POINT('',(-8.,184.,20.219223593596));
#2063 = SURFACE_CURVE('',#2064,(#2068,#2074),.PCURVE_S1.);
#2064 = LINE('',#2065,#2066);
#2065 = CARTESIAN_POINT('',(-8.,184.,29.881487437239));
#2066 = VECTOR('',#2067,1.);
#2067 = DIRECTION('',(0.,0.,-1.));
#2068 = PCURVE('',#906,#2069);
#2069 = DEFINITIONAL_REPRESENTATION('',(#2070),#2073);
#2070 = B_SPLINE_CURVE_WITH_KNOTS('',1,(#2071,#2072),.UNSPECIFIED.,.F.,
  .F.,(2,2),(-10.11851256276,10.881487437239),.PIECEWISE_BEZIER_KNOTS.);
#2071 = CARTESIAN_POINT('',(-10.23702512552,-41.73702512552));
#2072 = CARTESIAN_POINT('',(10.762974874479,-41.73702512552));
#2073 = ( GEOMETRIC_REPRESENTATION_CONTEXT(2) 
PARAMETRIC_REPRESENTATION_CONTEXT() REPRESENTATION_CONTEXT('2D SPACE',''
  ) );
#2074 = PCURVE('',#2075,#2080);
#2075 = PLANE('',#2076);
#2076 = AXIS2_PLACEMENT_3D('',#2077,#2078,#2079);
#2077 = CARTESIAN_POINT('',(-6.,184.,30.));
#2078 = DIRECTION('',(0.,1.,0.));
#2079 = DIRECTION('',(0.,-0.,1.));
#2080 = DEFINITIONAL_REPRESENTATION('',(#2081),#2084);
#2081 = B_SPLINE_CURVE_WITH_KNOTS('',1,(#2082,#2083),.UNSPECIFIED.,.F.,
  .F.,(2,2),(-10.11851256276,10.881487437239),.PIECEWISE_BEZIER_KNOTS.);
#2082 = CARTESIAN_POINT('',(10.,-2.));
#2083 = CARTESIAN_POINT('',(-11.,-2.));
#2084 = ( GEOMETRIC_REPRESENTATION_CONTEXT(2) 
PARAMETRIC_REPRESENTATION_CONTEXT() REPRESENTATION_CONTEXT('2D SPACE',''
  ) );
#2085 = ORIENTED_EDGE('',*,*,#2086,.F.);
#2086 = EDGE_CURVE('',#1240,#2061,#2087,.T.);
#2087 = SURFACE_CURVE('',#2088,(#2092,#2098),.PCURVE_S1.);
#2088 = LINE('',#2089,#2090);
#2089 = CARTESIAN_POINT('',(-8.,184.,20.219223593596));
#2090 = VECTOR('',#2091,1.);
#2091 = DIRECTION('',(-0.,-1.,-0.));
#2092 = PCURVE('',#906,#2093);
#2093 = DEFINITIONAL_REPRESENTATION('',(#2094),#2097);
#2094 = B_SPLINE_CURVE_WITH_KNOTS('',1,(#2095,#2096),.UNSPECIFIED.,.F.,
  .F.,(2,2),(-11.,5.999999928008E-07),.PIECEWISE_BEZIER_KNOTS.);
#2095 = CARTESIAN_POINT('',(9.543751280883,-52.73702512552));
#2096 = CARTESIAN_POINT('',(9.543751280883,-41.73702452552));
#2097 = ( GEOMETRIC_REPRESENTATION_CONTEXT(2) 
PARAMETRIC_REPRESENTATION_CONTEXT() REPRESENTATION_CONTEXT('2D SPACE',''
  ) );
#2098 = PCURVE('',#1283,#2099);
#2099 = DEFINITIONAL_REPRESENTATION('',(#2100),#2103);
#2100 = B_SPLINE_CURVE_WITH_KNOTS('',1,(#2101,#2102),.UNSPECIFIED.,.F.,
  .F.,(2,2),(-11.,5.999999928008E-07),.PIECEWISE_BEZIER_KNOTS.);
#2101 = CARTESIAN_POINT('',(-2.665710403929,-11.));
#2102 = CARTESIAN_POINT('',(-2.665710403929,5.999999928008E-07));
#2103 = ( GEOMETRIC_REPRESENTATION_CONTEXT(2) 
PARAMETRIC_REPRESENTATION_CONTEXT() REPRESENTATION_CONTEXT('2D SPACE',''
  ) );
#2104 = ORIENTED_EDGE('',*,*,#1239,.T.);
#2105 = ADVANCED_FACE('',(#2106),#879,.F.);
#2106 = FACE_BOUND('',#2107,.F.);
#2107 = EDGE_LOOP('',(#2108,#2109,#2135));
#2108 = ORIENTED_EDGE('',*,*,#864,.F.);
#2109 = ORIENTED_EDGE('',*,*,#2110,.T.);
#2110 = EDGE_CURVE('',#844,#2017,#2111,.T.);
#2111 = SURFACE_CURVE('',#2112,(#2117,#2128),.PCURVE_S1.);
#2112 = CIRCLE('',#2113,2.25);
#2113 = AXIS2_PLACEMENT_3D('',#2114,#2115,#2116);
#2114 = CARTESIAN_POINT('',(-6.,185.,38.75));
#2115 = DIRECTION('',(-0.,-1.,0.));
#2116 = DIRECTION('',(-1.,0.,1.110223024625E-16));
#2117 = PCURVE('',#879,#2118);
#2118 = DEFINITIONAL_REPRESENTATION('',(#2119),#2127);
#2119 = ( BOUNDED_CURVE() B_SPLINE_CURVE(2,(#2120,#2121,#2122,#2123,
#2124,#2125,#2126),.UNSPECIFIED.,.T.,.F.) B_SPLINE_CURVE_WITH_KNOTS((1,2
    ,2,2,2,1),(-2.094395102393,0.,2.094395102393,4.188790204786,
6.28318530718,8.377580409573),.UNSPECIFIED.) CURVE() 
GEOMETRIC_REPRESENTATION_ITEM() RATIONAL_B_SPLINE_CURVE((1.,0.5,1.,0.5,
1.,0.5,1.)) REPRESENTATION_ITEM('') );
#2120 = CARTESIAN_POINT('',(38.75,3.75));
#2121 = CARTESIAN_POINT('',(34.85288568297,3.75));
#2122 = CARTESIAN_POINT('',(36.801442841485,7.125));
#2123 = CARTESIAN_POINT('',(38.75,10.5));
#2124 = CARTESIAN_POINT('',(40.698557158515,7.125));
#2125 = CARTESIAN_POINT('',(42.64711431703,3.75));
#2126 = CARTESIAN_POINT('',(38.75,3.75));
#2127 = ( GEOMETRIC_REPRESENTATION_CONTEXT(2) 
PARAMETRIC_REPRESENTATION_CONTEXT() REPRESENTATION_CONTEXT('2D SPACE',''
  ) );
#2128 = PCURVE('',#806,#2129);
#2129 = DEFINITIONAL_REPRESENTATION('',(#2130),#2134);
#2130 = LINE('',#2131,#2132);
#2131 = CARTESIAN_POINT('',(-6.28318530718,-1.));
#2132 = VECTOR('',#2133,1.);
#2133 = DIRECTION('',(1.,-0.));
#2134 = ( GEOMETRIC_REPRESENTATION_CONTEXT(2) 
PARAMETRIC_REPRESENTATION_CONTEXT() REPRESENTATION_CONTEXT('2D SPACE',''
  ) );
#2135 = ORIENTED_EDGE('',*,*,#2016,.F.);
#2136 = ADVANCED_FACE('',(#2137),#806,.F.);
#2137 = FACE_BOUND('',#2138,.T.);
#2138 = EDGE_LOOP('',(#2139,#2163,#2184,#2185,#2206,#2207,#2208,#2230,
    #2231,#2232));
#2139 = ORIENTED_EDGE('',*,*,#2140,.F.);
#2140 = EDGE_CURVE('',#2141,#2040,#2143,.T.);
#2141 = VERTEX_POINT('',#2142);
#2142 = CARTESIAN_POINT('',(-8.25,184.,38.75));
#2143 = SURFACE_CURVE('',#2144,(#2149,#2156),.PCURVE_S1.);
#2144 = CIRCLE('',#2145,2.25);
#2145 = AXIS2_PLACEMENT_3D('',#2146,#2147,#2148);
#2146 = CARTESIAN_POINT('',(-6.,184.,38.75));
#2147 = DIRECTION('',(0.,1.,-0.));
#2148 = DIRECTION('',(-1.,0.,1.110223024625E-16));
#2149 = PCURVE('',#806,#2150);
#2150 = DEFINITIONAL_REPRESENTATION('',(#2151),#2155);
#2151 = LINE('',#2152,#2153);
#2152 = CARTESIAN_POINT('',(-0.,0.));
#2153 = VECTOR('',#2154,1.);
#2154 = DIRECTION('',(-1.,0.));
#2155 = ( GEOMETRIC_REPRESENTATION_CONTEXT(2) 
PARAMETRIC_REPRESENTATION_CONTEXT() REPRESENTATION_CONTEXT('2D SPACE',''
  ) );
#2156 = PCURVE('',#2075,#2157);
#2157 = DEFINITIONAL_REPRESENTATION('',(#2158),#2162);
#2158 = CIRCLE('',#2159,2.25);
#2159 = AXIS2_PLACEMENT_2D('',#2160,#2161);
#2160 = CARTESIAN_POINT('',(8.75,8.881784197001E-16));
#2161 = DIRECTION('',(1.110223024625E-16,-1.));
#2162 = ( GEOMETRIC_REPRESENTATION_CONTEXT(2) 
PARAMETRIC_REPRESENTATION_CONTEXT() REPRESENTATION_CONTEXT('2D SPACE',''
  ) );
#2163 = ORIENTED_EDGE('',*,*,#2164,.T.);
#2164 = EDGE_CURVE('',#2141,#1560,#2165,.T.);
#2165 = SURFACE_CURVE('',#2166,(#2170,#2177),.PCURVE_S1.);
#2166 = LINE('',#2167,#2168);
#2167 = CARTESIAN_POINT('',(-8.25,184.,38.75));
#2168 = VECTOR('',#2169,1.);
#2169 = DIRECTION('',(-0.,1.,-0.));
#2170 = PCURVE('',#806,#2171);
#2171 = DEFINITIONAL_REPRESENTATION('',(#2172),#2176);
#2172 = LINE('',#2173,#2174);
#2173 = CARTESIAN_POINT('',(-0.,0.));
#2174 = VECTOR('',#2175,1.);
#2175 = DIRECTION('',(-0.,-1.));
#2176 = ( GEOMETRIC_REPRESENTATION_CONTEXT(2) 
PARAMETRIC_REPRESENTATION_CONTEXT() REPRESENTATION_CONTEXT('2D SPACE',''
  ) );
#2177 = PCURVE('',#1602,#2178);
#2178 = DEFINITIONAL_REPRESENTATION('',(#2179),#2183);
#2179 = LINE('',#2180,#2181);
#2180 = CARTESIAN_POINT('',(17.5,0.));
#2181 = VECTOR('',#2182,1.);
#2182 = DIRECTION('',(0.,-1.));
#2183 = ( GEOMETRIC_REPRESENTATION_CONTEXT(2) 
PARAMETRIC_REPRESENTATION_CONTEXT() REPRESENTATION_CONTEXT('2D SPACE',''
  ) );
#2184 = ORIENTED_EDGE('',*,*,#1557,.F.);
#2185 = ORIENTED_EDGE('',*,*,#2186,.F.);
#2186 = EDGE_CURVE('',#1296,#1558,#2187,.T.);
#2187 = SURFACE_CURVE('',#2188,(#2192,#2199),.PCURVE_S1.);
#2188 = LINE('',#2189,#2190);
#2189 = CARTESIAN_POINT('',(-3.75,184.,38.75));
#2190 = VECTOR('',#2191,1.);
#2191 = DIRECTION('',(-0.,1.,-0.));
#2192 = PCURVE('',#806,#2193);
#2193 = DEFINITIONAL_REPRESENTATION('',(#2194),#2198);
#2194 = LINE('',#2195,#2196);
#2195 = CARTESIAN_POINT('',(-3.14159265359,0.));
#2196 = VECTOR('',#2197,1.);
#2197 = DIRECTION('',(-0.,-1.));
#2198 = ( GEOMETRIC_REPRESENTATION_CONTEXT(2) 
PARAMETRIC_REPRESENTATION_CONTEXT() REPRESENTATION_CONTEXT('2D SPACE',''
  ) );
#2199 = PCURVE('',#1310,#2200);
#2200 = DEFINITIONAL_REPRESENTATION('',(#2201),#2205);
#2201 = LINE('',#2202,#2203);
#2202 = CARTESIAN_POINT('',(0.,0.));
#2203 = VECTOR('',#2204,1.);
#2204 = DIRECTION('',(0.,-1.));
#2205 = ( GEOMETRIC_REPRESENTATION_CONTEXT(2) 
PARAMETRIC_REPRESENTATION_CONTEXT() REPRESENTATION_CONTEXT('2D SPACE',''
  ) );
#2206 = ORIENTED_EDGE('',*,*,#1321,.T.);
#2207 = ORIENTED_EDGE('',*,*,#791,.T.);
#2208 = ORIENTED_EDGE('',*,*,#2209,.F.);
#2209 = EDGE_CURVE('',#818,#792,#2210,.T.);
#2210 = SURFACE_CURVE('',#2211,(#2216,#2223),.PCURVE_S1.);
#2211 = CIRCLE('',#2212,2.25);
#2212 = AXIS2_PLACEMENT_3D('',#2213,#2214,#2215);
#2213 = CARTESIAN_POINT('',(-6.,184.,38.75));
#2214 = DIRECTION('',(0.,1.,-0.));
#2215 = DIRECTION('',(-1.,0.,1.110223024625E-16));
#2216 = PCURVE('',#806,#2217);
#2217 = DEFINITIONAL_REPRESENTATION('',(#2218),#2222);
#2218 = LINE('',#2219,#2220);
#2219 = CARTESIAN_POINT('',(-0.,0.));
#2220 = VECTOR('',#2221,1.);
#2221 = DIRECTION('',(-1.,0.));
#2222 = ( GEOMETRIC_REPRESENTATION_CONTEXT(2) 
PARAMETRIC_REPRESENTATION_CONTEXT() REPRESENTATION_CONTEXT('2D SPACE',''
  ) );
#2223 = PCURVE('',#832,#2224);
#2224 = DEFINITIONAL_REPRESENTATION('',(#2225),#2229);
#2225 = CIRCLE('',#2226,2.25);
#2226 = AXIS2_PLACEMENT_2D('',#2227,#2228);
#2227 = CARTESIAN_POINT('',(8.75,8.881784197001E-16));
#2228 = DIRECTION('',(1.110223024625E-16,-1.));
#2229 = ( GEOMETRIC_REPRESENTATION_CONTEXT(2) 
PARAMETRIC_REPRESENTATION_CONTEXT() REPRESENTATION_CONTEXT('2D SPACE',''
  ) );
#2230 = ORIENTED_EDGE('',*,*,#843,.F.);
#2231 = ORIENTED_EDGE('',*,*,#2110,.T.);
#2232 = ORIENTED_EDGE('',*,*,#2039,.T.);
#2233 = ADVANCED_FACE('',(#2234),#832,.T.);
#2234 = FACE_BOUND('',#2235,.T.);
#2235 = EDGE_LOOP('',(#2236,#2237));
#2236 = ORIENTED_EDGE('',*,*,#817,.T.);
#2237 = ORIENTED_EDGE('',*,*,#2209,.T.);
#2238 = ADVANCED_FACE('',(#2239),#712,.F.);
#2239 = FACE_BOUND('',#2240,.T.);
#2240 = EDGE_LOOP('',(#2241,#2242,#2263,#2264,#2287,#2316,#2337,#2363,
    #2364,#2386));
#2241 = ORIENTED_EDGE('',*,*,#1348,.T.);
#2242 = ORIENTED_EDGE('',*,*,#2243,.T.);
#2243 = EDGE_CURVE('',#1349,#1665,#2244,.T.);
#2244 = SURFACE_CURVE('',#2245,(#2249,#2256),.PCURVE_S1.);
#2245 = LINE('',#2246,#2247);
#2246 = CARTESIAN_POINT('',(3.75,184.,38.75));
#2247 = VECTOR('',#2248,1.);
#2248 = DIRECTION('',(-0.,1.,-0.));
#2249 = PCURVE('',#712,#2250);
#2250 = DEFINITIONAL_REPRESENTATION('',(#2251),#2255);
#2251 = LINE('',#2252,#2253);
#2252 = CARTESIAN_POINT('',(-0.,0.));
#2253 = VECTOR('',#2254,1.);
#2254 = DIRECTION('',(-0.,-1.));
#2255 = ( GEOMETRIC_REPRESENTATION_CONTEXT(2) 
PARAMETRIC_REPRESENTATION_CONTEXT() REPRESENTATION_CONTEXT('2D SPACE',''
  ) );
#2256 = PCURVE('',#1391,#2257);
#2257 = DEFINITIONAL_REPRESENTATION('',(#2258),#2262);
#2258 = LINE('',#2259,#2260);
#2259 = CARTESIAN_POINT('',(17.5,0.));
#2260 = VECTOR('',#2261,1.);
#2261 = DIRECTION('',(0.,-1.));
#2262 = ( GEOMETRIC_REPRESENTATION_CONTEXT(2) 
PARAMETRIC_REPRESENTATION_CONTEXT() REPRESENTATION_CONTEXT('2D SPACE',''
  ) );
#2263 = ORIENTED_EDGE('',*,*,#1662,.F.);
#2264 = ORIENTED_EDGE('',*,*,#2265,.F.);
#2265 = EDGE_CURVE('',#2266,#1663,#2268,.T.);
#2266 = VERTEX_POINT('',#2267);
#2267 = CARTESIAN_POINT('',(8.25,184.,38.75));
#2268 = SURFACE_CURVE('',#2269,(#2273,#2280),.PCURVE_S1.);
#2269 = LINE('',#2270,#2271);
#2270 = CARTESIAN_POINT('',(8.25,184.,38.75));
#2271 = VECTOR('',#2272,1.);
#2272 = DIRECTION('',(-0.,1.,-0.));
#2273 = PCURVE('',#712,#2274);
#2274 = DEFINITIONAL_REPRESENTATION('',(#2275),#2279);
#2275 = LINE('',#2276,#2277);
#2276 = CARTESIAN_POINT('',(-3.14159265359,0.));
#2277 = VECTOR('',#2278,1.);
#2278 = DIRECTION('',(-0.,-1.));
#2279 = ( GEOMETRIC_REPRESENTATION_CONTEXT(2) 
PARAMETRIC_REPRESENTATION_CONTEXT() REPRESENTATION_CONTEXT('2D SPACE',''
  ) );
#2280 = PCURVE('',#1754,#2281);
#2281 = DEFINITIONAL_REPRESENTATION('',(#2282),#2286);
#2282 = LINE('',#2283,#2284);
#2283 = CARTESIAN_POINT('',(0.,0.));
#2284 = VECTOR('',#2285,1.);
#2285 = DIRECTION('',(0.,-1.));
#2286 = ( GEOMETRIC_REPRESENTATION_CONTEXT(2) 
PARAMETRIC_REPRESENTATION_CONTEXT() REPRESENTATION_CONTEXT('2D SPACE',''
  ) );
#2287 = ORIENTED_EDGE('',*,*,#2288,.F.);
#2288 = EDGE_CURVE('',#2289,#2266,#2291,.T.);
#2289 = VERTEX_POINT('',#2290);
#2290 = CARTESIAN_POINT('',(8.,184.,39.780776406404));
#2291 = SURFACE_CURVE('',#2292,(#2297,#2304),.PCURVE_S1.);
#2292 = CIRCLE('',#2293,2.25);
#2293 = AXIS2_PLACEMENT_3D('',#2294,#2295,#2296);
#2294 = CARTESIAN_POINT('',(6.,184.,38.75));
#2295 = DIRECTION('',(0.,1.,-0.));
#2296 = DIRECTION('',(-1.,0.,1.110223024625E-16));
#2297 = PCURVE('',#712,#2298);
#2298 = DEFINITIONAL_REPRESENTATION('',(#2299),#2303);
#2299 = LINE('',#2300,#2301);
#2300 = CARTESIAN_POINT('',(-0.,0.));
#2301 = VECTOR('',#2302,1.);
#2302 = DIRECTION('',(-1.,0.));
#2303 = ( GEOMETRIC_REPRESENTATION_CONTEXT(2) 
PARAMETRIC_REPRESENTATION_CONTEXT() REPRESENTATION_CONTEXT('2D SPACE',''
  ) );
#2304 = PCURVE('',#2305,#2310);
#2305 = PLANE('',#2306);
#2306 = AXIS2_PLACEMENT_3D('',#2307,#2308,#2309);
#2307 = CARTESIAN_POINT('',(6.,184.,30.));
#2308 = DIRECTION('',(0.,1.,0.));
#2309 = DIRECTION('',(0.,-0.,1.));
#2310 = DEFINITIONAL_REPRESENTATION('',(#2311),#2315);
#2311 = CIRCLE('',#2312,2.25);
#2312 = AXIS2_PLACEMENT_2D('',#2313,#2314);
#2313 = CARTESIAN_POINT('',(8.75,8.881784197001E-16));
#2314 = DIRECTION('',(1.110223024625E-16,-1.));
#2315 = ( GEOMETRIC_REPRESENTATION_CONTEXT(2) 
PARAMETRIC_REPRESENTATION_CONTEXT() REPRESENTATION_CONTEXT('2D SPACE',''
  ) );
#2316 = ORIENTED_EDGE('',*,*,#2317,.F.);
#2317 = EDGE_CURVE('',#2318,#2289,#2320,.T.);
#2318 = VERTEX_POINT('',#2319);
#2319 = CARTESIAN_POINT('',(8.,185.,39.780776406404));
#2320 = SURFACE_CURVE('',#2321,(#2325,#2331),.PCURVE_S1.);
#2321 = LINE('',#2322,#2323);
#2322 = CARTESIAN_POINT('',(8.,184.,39.780776406404));
#2323 = VECTOR('',#2324,1.);
#2324 = DIRECTION('',(-0.,-1.,0.));
#2325 = PCURVE('',#712,#2326);
#2326 = DEFINITIONAL_REPRESENTATION('',(#2327),#2330);
#2327 = B_SPLINE_CURVE_WITH_KNOTS('',1,(#2328,#2329),.UNSPECIFIED.,.F.,
  .F.,(2,2),(-11.,5.999999928008E-07),.PIECEWISE_BEZIER_KNOTS.);
#2328 = CARTESIAN_POINT('',(-2.665710403929,-11.));
#2329 = CARTESIAN_POINT('',(-2.665710403929,5.999999928008E-07));
#2330 = ( GEOMETRIC_REPRESENTATION_CONTEXT(2) 
PARAMETRIC_REPRESENTATION_CONTEXT() REPRESENTATION_CONTEXT('2D SPACE',''
  ) );
#2331 = PCURVE('',#659,#2332);
#2332 = DEFINITIONAL_REPRESENTATION('',(#2333),#2336);
#2333 = B_SPLINE_CURVE_WITH_KNOTS('',1,(#2334,#2335),.UNSPECIFIED.,.F.,
  .F.,(2,2),(-11.,5.999999928008E-07),.PIECEWISE_BEZIER_KNOTS.);
#2334 = CARTESIAN_POINT('',(-10.01780153192,-52.73702512552));
#2335 = CARTESIAN_POINT('',(-10.01780153192,-41.73702452552));
#2336 = ( GEOMETRIC_REPRESENTATION_CONTEXT(2) 
PARAMETRIC_REPRESENTATION_CONTEXT() REPRESENTATION_CONTEXT('2D SPACE',''
  ) );
#2337 = ORIENTED_EDGE('',*,*,#2338,.T.);
#2338 = EDGE_CURVE('',#2318,#672,#2339,.T.);
#2339 = SURFACE_CURVE('',#2340,(#2345,#2352),.PCURVE_S1.);
#2340 = CIRCLE('',#2341,2.25);
#2341 = AXIS2_PLACEMENT_3D('',#2342,#2343,#2344);
#2342 = CARTESIAN_POINT('',(6.,185.,38.75));
#2343 = DIRECTION('',(-0.,-1.,0.));
#2344 = DIRECTION('',(-1.,0.,1.110223024625E-16));
#2345 = PCURVE('',#712,#2346);
#2346 = DEFINITIONAL_REPRESENTATION('',(#2347),#2351);
#2347 = LINE('',#2348,#2349);
#2348 = CARTESIAN_POINT('',(-6.28318530718,-1.));
#2349 = VECTOR('',#2350,1.);
#2350 = DIRECTION('',(1.,-0.));
#2351 = ( GEOMETRIC_REPRESENTATION_CONTEXT(2) 
PARAMETRIC_REPRESENTATION_CONTEXT() REPRESENTATION_CONTEXT('2D SPACE',''
  ) );
#2352 = PCURVE('',#686,#2353);
#2353 = DEFINITIONAL_REPRESENTATION('',(#2354),#2362);
#2354 = ( BOUNDED_CURVE() B_SPLINE_CURVE(2,(#2355,#2356,#2357,#2358,
#2359,#2360,#2361),.UNSPECIFIED.,.T.,.F.) B_SPLINE_CURVE_WITH_KNOTS((1,2
    ,2,2,2,1),(-2.094395102393,0.,2.094395102393,4.188790204786,
6.28318530718,8.377580409573),.UNSPECIFIED.) CURVE() 
GEOMETRIC_REPRESENTATION_ITEM() RATIONAL_B_SPLINE_CURVE((1.,0.5,1.,0.5,
1.,0.5,1.)) REPRESENTATION_ITEM('') );
#2355 = CARTESIAN_POINT('',(38.75,15.75));
#2356 = CARTESIAN_POINT('',(34.85288568297,15.75));
#2357 = CARTESIAN_POINT('',(36.801442841485,19.125));
#2358 = CARTESIAN_POINT('',(38.75,22.5));
#2359 = CARTESIAN_POINT('',(40.698557158515,19.125));
#2360 = CARTESIAN_POINT('',(42.64711431703,15.75));
#2361 = CARTESIAN_POINT('',(38.75,15.75));
#2362 = ( GEOMETRIC_REPRESENTATION_CONTEXT(2) 
PARAMETRIC_REPRESENTATION_CONTEXT() REPRESENTATION_CONTEXT('2D SPACE',''
  ) );
#2363 = ORIENTED_EDGE('',*,*,#697,.T.);
#2364 = ORIENTED_EDGE('',*,*,#2365,.F.);
#2365 = EDGE_CURVE('',#724,#698,#2366,.T.);
#2366 = SURFACE_CURVE('',#2367,(#2372,#2379),.PCURVE_S1.);
#2367 = CIRCLE('',#2368,2.25);
#2368 = AXIS2_PLACEMENT_3D('',#2369,#2370,#2371);
#2369 = CARTESIAN_POINT('',(6.,184.,38.75));
#2370 = DIRECTION('',(0.,1.,-0.));
#2371 = DIRECTION('',(-1.,0.,1.110223024625E-16));
#2372 = PCURVE('',#712,#2373);
#2373 = DEFINITIONAL_REPRESENTATION('',(#2374),#2378);
#2374 = LINE('',#2375,#2376);
#2375 = CARTESIAN_POINT('',(-0.,0.));
#2376 = VECTOR('',#2377,1.);
#2377 = DIRECTION('',(-1.,0.));
#2378 = ( GEOMETRIC_REPRESENTATION_CONTEXT(2) 
PARAMETRIC_REPRESENTATION_CONTEXT() REPRESENTATION_CONTEXT('2D SPACE',''
  ) );
#2379 = PCURVE('',#738,#2380);
#2380 = DEFINITIONAL_REPRESENTATION('',(#2381),#2385);
#2381 = CIRCLE('',#2382,2.25);
#2382 = AXIS2_PLACEMENT_2D('',#2383,#2384);
#2383 = CARTESIAN_POINT('',(8.75,8.881784197001E-16));
#2384 = DIRECTION('',(1.110223024625E-16,-1.));
#2385 = ( GEOMETRIC_REPRESENTATION_CONTEXT(2) 
PARAMETRIC_REPRESENTATION_CONTEXT() REPRESENTATION_CONTEXT('2D SPACE',''
  ) );
#2386 = ORIENTED_EDGE('',*,*,#749,.F.);
#2387 = ADVANCED_FACE('',(#2388),#738,.T.);
#2388 = FACE_BOUND('',#2389,.T.);
#2389 = EDGE_LOOP('',(#2390,#2391));
#2390 = ORIENTED_EDGE('',*,*,#723,.T.);
#2391 = ORIENTED_EDGE('',*,*,#2365,.T.);
#2392 = ADVANCED_FACE('',(#2393),#686,.F.);
#2393 = FACE_BOUND('',#2394,.F.);
#2394 = EDGE_LOOP('',(#2395,#2416,#2417));
#2395 = ORIENTED_EDGE('',*,*,#2396,.T.);
#2396 = EDGE_CURVE('',#644,#2318,#2397,.T.);
#2397 = SURFACE_CURVE('',#2398,(#2402,#2409),.PCURVE_S1.);
#2398 = LINE('',#2399,#2400);
#2399 = CARTESIAN_POINT('',(8.,185.,40.));
#2400 = VECTOR('',#2401,1.);
#2401 = DIRECTION('',(0.,0.,-1.));
#2402 = PCURVE('',#686,#2403);
#2403 = DEFINITIONAL_REPRESENTATION('',(#2404),#2408);
#2404 = LINE('',#2405,#2406);
#2405 = CARTESIAN_POINT('',(40.,20.));
#2406 = VECTOR('',#2407,1.);
#2407 = DIRECTION('',(-1.,0.));
#2408 = ( GEOMETRIC_REPRESENTATION_CONTEXT(2) 
PARAMETRIC_REPRESENTATION_CONTEXT() REPRESENTATION_CONTEXT('2D SPACE',''
  ) );
#2409 = PCURVE('',#659,#2410);
#2410 = DEFINITIONAL_REPRESENTATION('',(#2411),#2415);
#2411 = LINE('',#2412,#2413);
#2412 = CARTESIAN_POINT('',(-10.23702512552,-42.73702512552));
#2413 = VECTOR('',#2414,1.);
#2414 = DIRECTION('',(1.,0.));
#2415 = ( GEOMETRIC_REPRESENTATION_CONTEXT(2) 
PARAMETRIC_REPRESENTATION_CONTEXT() REPRESENTATION_CONTEXT('2D SPACE',''
  ) );
#2416 = ORIENTED_EDGE('',*,*,#2338,.T.);
#2417 = ORIENTED_EDGE('',*,*,#671,.F.);
#2418 = ADVANCED_FACE('',(#2419),#659,.T.);
#2419 = FACE_BOUND('',#2420,.T.);
#2420 = EDGE_LOOP('',(#2421,#2442,#2443,#2444,#2445,#2466,#2485));
#2421 = ORIENTED_EDGE('',*,*,#2422,.T.);
#2422 = EDGE_CURVE('',#1436,#616,#2423,.T.);
#2423 = SURFACE_CURVE('',#2424,(#2428,#2435),.PCURVE_S1.);
#2424 = LINE('',#2425,#2426);
#2425 = CARTESIAN_POINT('',(8.,185.,5.));
#2426 = VECTOR('',#2427,1.);
#2427 = DIRECTION('',(0.,-0.943858356366,0.330350424728));
#2428 = PCURVE('',#659,#2429);
#2429 = DEFINITIONAL_REPRESENTATION('',(#2430),#2434);
#2430 = LINE('',#2431,#2432);
#2431 = CARTESIAN_POINT('',(24.762974874479,-42.73702512552));
#2432 = VECTOR('',#2433,1.);
#2433 = DIRECTION('',(-0.330350424728,0.943858356366));
#2434 = ( GEOMETRIC_REPRESENTATION_CONTEXT(2) 
PARAMETRIC_REPRESENTATION_CONTEXT() REPRESENTATION_CONTEXT('2D SPACE',''
  ) );
#2435 = PCURVE('',#631,#2436);
#2436 = DEFINITIONAL_REPRESENTATION('',(#2437),#2441);
#2437 = LINE('',#2438,#2439);
#2438 = CARTESIAN_POINT('',(0.,0.));
#2439 = VECTOR('',#2440,1.);
#2440 = DIRECTION('',(1.,0.));
#2441 = ( GEOMETRIC_REPRESENTATION_CONTEXT(2) 
PARAMETRIC_REPRESENTATION_CONTEXT() REPRESENTATION_CONTEXT('2D SPACE',''
  ) );
#2442 = ORIENTED_EDGE('',*,*,#643,.T.);
#2443 = ORIENTED_EDGE('',*,*,#2396,.T.);
#2444 = ORIENTED_EDGE('',*,*,#2317,.T.);
#2445 = ORIENTED_EDGE('',*,*,#2446,.T.);
#2446 = EDGE_CURVE('',#2289,#2447,#2449,.T.);
#2447 = VERTEX_POINT('',#2448);
#2448 = CARTESIAN_POINT('',(8.,184.,20.219223593596));
#2449 = SURFACE_CURVE('',#2450,(#2454,#2460),.PCURVE_S1.);
#2450 = LINE('',#2451,#2452);
#2451 = CARTESIAN_POINT('',(8.,184.,29.881487437239));
#2452 = VECTOR('',#2453,1.);
#2453 = DIRECTION('',(0.,0.,-1.));
#2454 = PCURVE('',#659,#2455);
#2455 = DEFINITIONAL_REPRESENTATION('',(#2456),#2459);
#2456 = B_SPLINE_CURVE_WITH_KNOTS('',1,(#2457,#2458),.UNSPECIFIED.,.F.,
  .F.,(2,2),(-10.11851256276,10.881487437239),.PIECEWISE_BEZIER_KNOTS.);
#2457 = CARTESIAN_POINT('',(-10.23702512552,-41.73702512552));
#2458 = CARTESIAN_POINT('',(10.762974874479,-41.73702512552));
#2459 = ( GEOMETRIC_REPRESENTATION_CONTEXT(2) 
PARAMETRIC_REPRESENTATION_CONTEXT() REPRESENTATION_CONTEXT('2D SPACE',''
  ) );
#2460 = PCURVE('',#2305,#2461);
#2461 = DEFINITIONAL_REPRESENTATION('',(#2462),#2465);
#2462 = B_SPLINE_CURVE_WITH_KNOTS('',1,(#2463,#2464),.UNSPECIFIED.,.F.,
  .F.,(2,2),(-10.11851256276,10.881487437239),.PIECEWISE_BEZIER_KNOTS.);
#2463 = CARTESIAN_POINT('',(10.,2.));
#2464 = CARTESIAN_POINT('',(-11.,2.));
#2465 = ( GEOMETRIC_REPRESENTATION_CONTEXT(2) 
PARAMETRIC_REPRESENTATION_CONTEXT() REPRESENTATION_CONTEXT('2D SPACE',''
  ) );
#2466 = ORIENTED_EDGE('',*,*,#2467,.F.);
#2467 = EDGE_CURVE('',#1403,#2447,#2468,.T.);
#2468 = SURFACE_CURVE('',#2469,(#2473,#2479),.PCURVE_S1.);
#2469 = LINE('',#2470,#2471);
#2470 = CARTESIAN_POINT('',(8.,184.,20.219223593596));
#2471 = VECTOR('',#2472,1.);
#2472 = DIRECTION('',(-0.,-1.,-0.));
#2473 = PCURVE('',#659,#2474);
#2474 = DEFINITIONAL_REPRESENTATION('',(#2475),#2478);
#2475 = B_SPLINE_CURVE_WITH_KNOTS('',1,(#2476,#2477),.UNSPECIFIED.,.F.,
  .F.,(2,2),(-11.,5.999999928008E-07),.PIECEWISE_BEZIER_KNOTS.);
#2476 = CARTESIAN_POINT('',(9.543751280883,-52.73702512552));
#2477 = CARTESIAN_POINT('',(9.543751280883,-41.73702452552));
#2478 = ( GEOMETRIC_REPRESENTATION_CONTEXT(2) 
PARAMETRIC_REPRESENTATION_CONTEXT() REPRESENTATION_CONTEXT('2D SPACE',''
  ) );
#2479 = PCURVE('',#1423,#2480);
#2480 = DEFINITIONAL_REPRESENTATION('',(#2481),#2484);
#2481 = B_SPLINE_CURVE_WITH_KNOTS('',1,(#2482,#2483),.UNSPECIFIED.,.F.,
  .F.,(2,2),(-11.,5.999999928008E-07),.PIECEWISE_BEZIER_KNOTS.);
#2482 = CARTESIAN_POINT('',(-0.47588224966,-11.));
#2483 = CARTESIAN_POINT('',(-0.47588224966,5.999999928008E-07));
#2484 = ( GEOMETRIC_REPRESENTATION_CONTEXT(2) 
PARAMETRIC_REPRESENTATION_CONTEXT() REPRESENTATION_CONTEXT('2D SPACE',''
  ) );
#2485 = ORIENTED_EDGE('',*,*,#1435,.T.);
#2486 = ADVANCED_FACE('',(#2487),#631,.T.);
#2487 = FACE_BOUND('',#2488,.T.);
#2488 = EDGE_LOOP('',(#2489,#2490,#2491,#2492));
#2489 = ORIENTED_EDGE('',*,*,#1458,.T.);
#2490 = ORIENTED_EDGE('',*,*,#1771,.T.);
#2491 = ORIENTED_EDGE('',*,*,#615,.F.);
#2492 = ORIENTED_EDGE('',*,*,#2422,.F.);
#2493 = ADVANCED_FACE('',(#2494),#1423,.F.);
#2494 = FACE_BOUND('',#2495,.T.);
#2495 = EDGE_LOOP('',(#2496,#2520,#2541,#2542,#2563,#2564));
#2496 = ORIENTED_EDGE('',*,*,#2497,.F.);
#2497 = EDGE_CURVE('',#2498,#2447,#2500,.T.);
#2498 = VERTEX_POINT('',#2499);
#2499 = CARTESIAN_POINT('',(8.25,184.,21.25));
#2500 = SURFACE_CURVE('',#2501,(#2506,#2513),.PCURVE_S1.);
#2501 = CIRCLE('',#2502,2.25);
#2502 = AXIS2_PLACEMENT_3D('',#2503,#2504,#2505);
#2503 = CARTESIAN_POINT('',(6.,184.,21.25));
#2504 = DIRECTION('',(0.,1.,0.));
#2505 = DIRECTION('',(1.,0.,-1.110223024625E-16));
#2506 = PCURVE('',#1423,#2507);
#2507 = DEFINITIONAL_REPRESENTATION('',(#2508),#2512);
#2508 = LINE('',#2509,#2510);
#2509 = CARTESIAN_POINT('',(-0.,0.));
#2510 = VECTOR('',#2511,1.);
#2511 = DIRECTION('',(-1.,0.));
#2512 = ( GEOMETRIC_REPRESENTATION_CONTEXT(2) 
PARAMETRIC_REPRESENTATION_CONTEXT() REPRESENTATION_CONTEXT('2D SPACE',''
  ) );
#2513 = PCURVE('',#2305,#2514);
#2514 = DEFINITIONAL_REPRESENTATION('',(#2515),#2519);
#2515 = CIRCLE('',#2516,2.25);
#2516 = AXIS2_PLACEMENT_2D('',#2517,#2518);
#2517 = CARTESIAN_POINT('',(-8.75,-8.881784197001E-16));
#2518 = DIRECTION('',(-1.110223024625E-16,1.));
#2519 = ( GEOMETRIC_REPRESENTATION_CONTEXT(2) 
PARAMETRIC_REPRESENTATION_CONTEXT() REPRESENTATION_CONTEXT('2D SPACE',''
  ) );
#2520 = ORIENTED_EDGE('',*,*,#2521,.T.);
#2521 = EDGE_CURVE('',#2498,#1714,#2522,.T.);
#2522 = SURFACE_CURVE('',#2523,(#2527,#2534),.PCURVE_S1.);
#2523 = LINE('',#2524,#2525);
#2524 = CARTESIAN_POINT('',(8.25,184.,21.25));
#2525 = VECTOR('',#2526,1.);
#2526 = DIRECTION('',(-0.,1.,-0.));
#2527 = PCURVE('',#1423,#2528);
#2528 = DEFINITIONAL_REPRESENTATION('',(#2529),#2533);
#2529 = LINE('',#2530,#2531);
#2530 = CARTESIAN_POINT('',(-0.,0.));
#2531 = VECTOR('',#2532,1.);
#2532 = DIRECTION('',(-0.,-1.));
#2533 = ( GEOMETRIC_REPRESENTATION_CONTEXT(2) 
PARAMETRIC_REPRESENTATION_CONTEXT() REPRESENTATION_CONTEXT('2D SPACE',''
  ) );
#2534 = PCURVE('',#1754,#2535);
#2535 = DEFINITIONAL_REPRESENTATION('',(#2536),#2540);
#2536 = LINE('',#2537,#2538);
#2537 = CARTESIAN_POINT('',(17.5,0.));
#2538 = VECTOR('',#2539,1.);
#2539 = DIRECTION('',(0.,-1.));
#2540 = ( GEOMETRIC_REPRESENTATION_CONTEXT(2) 
PARAMETRIC_REPRESENTATION_CONTEXT() REPRESENTATION_CONTEXT('2D SPACE',''
  ) );
#2541 = ORIENTED_EDGE('',*,*,#1713,.F.);
#2542 = ORIENTED_EDGE('',*,*,#2543,.F.);
#2543 = EDGE_CURVE('',#1377,#1693,#2544,.T.);
#2544 = SURFACE_CURVE('',#2545,(#2549,#2556),.PCURVE_S1.);
#2545 = LINE('',#2546,#2547);
#2546 = CARTESIAN_POINT('',(3.75,184.,21.25));
#2547 = VECTOR('',#2548,1.);
#2548 = DIRECTION('',(-0.,1.,-0.));
#2549 = PCURVE('',#1423,#2550);
#2550 = DEFINITIONAL_REPRESENTATION('',(#2551),#2555);
#2551 = LINE('',#2552,#2553);
#2552 = CARTESIAN_POINT('',(-3.14159265359,0.));
#2553 = VECTOR('',#2554,1.);
#2554 = DIRECTION('',(-0.,-1.));
#2555 = ( GEOMETRIC_REPRESENTATION_CONTEXT(2) 
PARAMETRIC_REPRESENTATION_CONTEXT() REPRESENTATION_CONTEXT('2D SPACE',''
  ) );
#2556 = PCURVE('',#1391,#2557);
#2557 = DEFINITIONAL_REPRESENTATION('',(#2558),#2562);
#2558 = LINE('',#2559,#2560);
#2559 = CARTESIAN_POINT('',(0.,0.));
#2560 = VECTOR('',#2561,1.);
#2561 = DIRECTION('',(0.,-1.));
#2562 = ( GEOMETRIC_REPRESENTATION_CONTEXT(2) 
PARAMETRIC_REPRESENTATION_CONTEXT() REPRESENTATION_CONTEXT('2D SPACE',''
  ) );
#2563 = ORIENTED_EDGE('',*,*,#1402,.T.);
#2564 = ORIENTED_EDGE('',*,*,#2467,.T.);
#2565 = ADVANCED_FACE('',(#2566),#1391,.T.);
#2566 = FACE_BOUND('',#2567,.T.);
#2567 = EDGE_LOOP('',(#2568,#2569,#2570,#2571));
#2568 = ORIENTED_EDGE('',*,*,#1376,.T.);
#2569 = ORIENTED_EDGE('',*,*,#2543,.T.);
#2570 = ORIENTED_EDGE('',*,*,#1692,.F.);
#2571 = ORIENTED_EDGE('',*,*,#2243,.F.);
#2572 = ADVANCED_FACE('',(#2573),#1310,.T.);
#2573 = FACE_BOUND('',#2574,.T.);
#2574 = EDGE_LOOP('',(#2575,#2576,#2577,#2578));
#2575 = ORIENTED_EDGE('',*,*,#1295,.T.);
#2576 = ORIENTED_EDGE('',*,*,#2186,.T.);
#2577 = ORIENTED_EDGE('',*,*,#1641,.F.);
#2578 = ORIENTED_EDGE('',*,*,#2579,.F.);
#2579 = EDGE_CURVE('',#1263,#1614,#2580,.T.);
#2580 = SURFACE_CURVE('',#2581,(#2585,#2592),.PCURVE_S1.);
#2581 = LINE('',#2582,#2583);
#2582 = CARTESIAN_POINT('',(-3.75,184.,21.25));
#2583 = VECTOR('',#2584,1.);
#2584 = DIRECTION('',(-0.,1.,-0.));
#2585 = PCURVE('',#1310,#2586);
#2586 = DEFINITIONAL_REPRESENTATION('',(#2587),#2591);
#2587 = LINE('',#2588,#2589);
#2588 = CARTESIAN_POINT('',(17.5,0.));
#2589 = VECTOR('',#2590,1.);
#2590 = DIRECTION('',(0.,-1.));
#2591 = ( GEOMETRIC_REPRESENTATION_CONTEXT(2) 
PARAMETRIC_REPRESENTATION_CONTEXT() REPRESENTATION_CONTEXT('2D SPACE',''
  ) );
#2592 = PCURVE('',#1283,#2593);
#2593 = DEFINITIONAL_REPRESENTATION('',(#2594),#2598);
#2594 = LINE('',#2595,#2596);
#2595 = CARTESIAN_POINT('',(-0.,0.));
#2596 = VECTOR('',#2597,1.);
#2597 = DIRECTION('',(-0.,-1.));
#2598 = ( GEOMETRIC_REPRESENTATION_CONTEXT(2) 
PARAMETRIC_REPRESENTATION_CONTEXT() REPRESENTATION_CONTEXT('2D SPACE',''
  ) );
#2599 = ADVANCED_FACE('',(#2600),#1283,.F.);
#2600 = FACE_BOUND('',#2601,.T.);
#2601 = EDGE_LOOP('',(#2602,#2603,#2604,#2605,#2628,#2650));
#2602 = ORIENTED_EDGE('',*,*,#1262,.T.);
#2603 = ORIENTED_EDGE('',*,*,#2579,.T.);
#2604 = ORIENTED_EDGE('',*,*,#1613,.F.);
#2605 = ORIENTED_EDGE('',*,*,#2606,.F.);
#2606 = EDGE_CURVE('',#2607,#1588,#2609,.T.);
#2607 = VERTEX_POINT('',#2608);
#2608 = CARTESIAN_POINT('',(-8.25,184.,21.25));
#2609 = SURFACE_CURVE('',#2610,(#2614,#2621),.PCURVE_S1.);
#2610 = LINE('',#2611,#2612);
#2611 = CARTESIAN_POINT('',(-8.25,184.,21.25));
#2612 = VECTOR('',#2613,1.);
#2613 = DIRECTION('',(-0.,1.,-0.));
#2614 = PCURVE('',#1283,#2615);
#2615 = DEFINITIONAL_REPRESENTATION('',(#2616),#2620);
#2616 = LINE('',#2617,#2618);
#2617 = CARTESIAN_POINT('',(-3.14159265359,0.));
#2618 = VECTOR('',#2619,1.);
#2619 = DIRECTION('',(-0.,-1.));
#2620 = ( GEOMETRIC_REPRESENTATION_CONTEXT(2) 
PARAMETRIC_REPRESENTATION_CONTEXT() REPRESENTATION_CONTEXT('2D SPACE',''
  ) );
#2621 = PCURVE('',#1602,#2622);
#2622 = DEFINITIONAL_REPRESENTATION('',(#2623),#2627);
#2623 = LINE('',#2624,#2625);
#2624 = CARTESIAN_POINT('',(0.,0.));
#2625 = VECTOR('',#2626,1.);
#2626 = DIRECTION('',(0.,-1.));
#2627 = ( GEOMETRIC_REPRESENTATION_CONTEXT(2) 
PARAMETRIC_REPRESENTATION_CONTEXT() REPRESENTATION_CONTEXT('2D SPACE',''
  ) );
#2628 = ORIENTED_EDGE('',*,*,#2629,.F.);
#2629 = EDGE_CURVE('',#2061,#2607,#2630,.T.);
#2630 = SURFACE_CURVE('',#2631,(#2636,#2643),.PCURVE_S1.);
#2631 = CIRCLE('',#2632,2.25);
#2632 = AXIS2_PLACEMENT_3D('',#2633,#2634,#2635);
#2633 = CARTESIAN_POINT('',(-6.,184.,21.25));
#2634 = DIRECTION('',(0.,1.,0.));
#2635 = DIRECTION('',(1.,0.,-1.110223024625E-16));
#2636 = PCURVE('',#1283,#2637);
#2637 = DEFINITIONAL_REPRESENTATION('',(#2638),#2642);
#2638 = LINE('',#2639,#2640);
#2639 = CARTESIAN_POINT('',(-0.,0.));
#2640 = VECTOR('',#2641,1.);
#2641 = DIRECTION('',(-1.,0.));
#2642 = ( GEOMETRIC_REPRESENTATION_CONTEXT(2) 
PARAMETRIC_REPRESENTATION_CONTEXT() REPRESENTATION_CONTEXT('2D SPACE',''
  ) );
#2643 = PCURVE('',#2075,#2644);
#2644 = DEFINITIONAL_REPRESENTATION('',(#2645),#2649);
#2645 = CIRCLE('',#2646,2.25);
#2646 = AXIS2_PLACEMENT_2D('',#2647,#2648);
#2647 = CARTESIAN_POINT('',(-8.75,-8.881784197001E-16));
#2648 = DIRECTION('',(-1.110223024625E-16,1.));
#2649 = ( GEOMETRIC_REPRESENTATION_CONTEXT(2) 
PARAMETRIC_REPRESENTATION_CONTEXT() REPRESENTATION_CONTEXT('2D SPACE',''
  ) );
#2650 = ORIENTED_EDGE('',*,*,#2086,.F.);
#2651 = ADVANCED_FACE('',(#2652),#1602,.T.);
#2652 = FACE_BOUND('',#2653,.T.);
#2653 = EDGE_LOOP('',(#2654,#2675,#2676,#2677));
#2654 = ORIENTED_EDGE('',*,*,#2655,.F.);
#2655 = EDGE_CURVE('',#2607,#2141,#2656,.T.);
#2656 = SURFACE_CURVE('',#2657,(#2661,#2668),.PCURVE_S1.);
#2657 = LINE('',#2658,#2659);
#2658 = CARTESIAN_POINT('',(-8.25,184.,21.25));
#2659 = VECTOR('',#2660,1.);
#2660 = DIRECTION('',(1.110223024625E-16,0.,1.));
#2661 = PCURVE('',#1602,#2662);
#2662 = DEFINITIONAL_REPRESENTATION('',(#2663),#2667);
#2663 = LINE('',#2664,#2665);
#2664 = CARTESIAN_POINT('',(0.,0.));
#2665 = VECTOR('',#2666,1.);
#2666 = DIRECTION('',(1.,0.));
#2667 = ( GEOMETRIC_REPRESENTATION_CONTEXT(2) 
PARAMETRIC_REPRESENTATION_CONTEXT() REPRESENTATION_CONTEXT('2D SPACE',''
  ) );
#2668 = PCURVE('',#2075,#2669);
#2669 = DEFINITIONAL_REPRESENTATION('',(#2670),#2674);
#2670 = LINE('',#2671,#2672);
#2671 = CARTESIAN_POINT('',(-8.75,-2.25));
#2672 = VECTOR('',#2673,1.);
#2673 = DIRECTION('',(1.,1.110223024625E-16));
#2674 = ( GEOMETRIC_REPRESENTATION_CONTEXT(2) 
PARAMETRIC_REPRESENTATION_CONTEXT() REPRESENTATION_CONTEXT('2D SPACE',''
  ) );
#2675 = ORIENTED_EDGE('',*,*,#2606,.T.);
#2676 = ORIENTED_EDGE('',*,*,#1587,.F.);
#2677 = ORIENTED_EDGE('',*,*,#2164,.F.);
#2678 = ADVANCED_FACE('',(#2679),#1754,.T.);
#2679 = FACE_BOUND('',#2680,.T.);
#2680 = EDGE_LOOP('',(#2681,#2702,#2703,#2704));
#2681 = ORIENTED_EDGE('',*,*,#2682,.F.);
#2682 = EDGE_CURVE('',#2266,#2498,#2683,.T.);
#2683 = SURFACE_CURVE('',#2684,(#2688,#2695),.PCURVE_S1.);
#2684 = LINE('',#2685,#2686);
#2685 = CARTESIAN_POINT('',(8.25,184.,38.75));
#2686 = VECTOR('',#2687,1.);
#2687 = DIRECTION('',(-1.110223024625E-16,-0.,-1.));
#2688 = PCURVE('',#1754,#2689);
#2689 = DEFINITIONAL_REPRESENTATION('',(#2690),#2694);
#2690 = LINE('',#2691,#2692);
#2691 = CARTESIAN_POINT('',(0.,0.));
#2692 = VECTOR('',#2693,1.);
#2693 = DIRECTION('',(1.,0.));
#2694 = ( GEOMETRIC_REPRESENTATION_CONTEXT(2) 
PARAMETRIC_REPRESENTATION_CONTEXT() REPRESENTATION_CONTEXT('2D SPACE',''
  ) );
#2695 = PCURVE('',#2305,#2696);
#2696 = DEFINITIONAL_REPRESENTATION('',(#2697),#2701);
#2697 = LINE('',#2698,#2699);
#2698 = CARTESIAN_POINT('',(8.75,2.25));
#2699 = VECTOR('',#2700,1.);
#2700 = DIRECTION('',(-1.,-1.110223024625E-16));
#2701 = ( GEOMETRIC_REPRESENTATION_CONTEXT(2) 
PARAMETRIC_REPRESENTATION_CONTEXT() REPRESENTATION_CONTEXT('2D SPACE',''
  ) );
#2702 = ORIENTED_EDGE('',*,*,#2265,.T.);
#2703 = ORIENTED_EDGE('',*,*,#1741,.F.);
#2704 = ORIENTED_EDGE('',*,*,#2521,.F.);
#2705 = ADVANCED_FACE('',(#2706),#2075,.T.);
#2706 = FACE_BOUND('',#2707,.T.);
#2707 = EDGE_LOOP('',(#2708,#2709,#2710,#2711));
#2708 = ORIENTED_EDGE('',*,*,#2629,.T.);
#2709 = ORIENTED_EDGE('',*,*,#2655,.T.);
#2710 = ORIENTED_EDGE('',*,*,#2140,.T.);
#2711 = ORIENTED_EDGE('',*,*,#2060,.T.);
#2712 = ADVANCED_FACE('',(#2713),#2305,.T.);
#2713 = FACE_BOUND('',#2714,.T.);
#2714 = EDGE_LOOP('',(#2715,#2716,#2717,#2718));
#2715 = ORIENTED_EDGE('',*,*,#2497,.T.);
#2716 = ORIENTED_EDGE('',*,*,#2446,.F.);
#2717 = ORIENTED_EDGE('',*,*,#2288,.T.);
#2718 = ORIENTED_EDGE('',*,*,#2682,.T.);
#2719 = ( GEOMETRIC_REPRESENTATION_CONTEXT(3) 
GLOBAL_UNCERTAINTY_ASSIGNED_CONTEXT((#2723)) 
GLOBAL_UNIT_ASSIGNED_CONTEXT((#2720,#2721,#2722)) REPRESENTATION_CONTEXT
('Context #1','3D Context with UNIT and UNCERTAINTY') );
#2720 = ( LENGTH_UNIT() NAMED_UNIT(*) SI_UNIT(.MILLI.,.METRE.) );
#2721 = ( NAMED_UNIT(*) PLANE_ANGLE_UNIT() SI_UNIT($,.RADIAN.) );
#2722 = ( NAMED_UNIT(*) SI_UNIT($,.STERADIAN.) SOLID_ANGLE_UNIT() );
#2723 = UNCERTAINTY_MEASURE_WITH_UNIT(LENGTH_MEASURE(1.E-07),#2720,
  'distance_accuracy_value','confusion accuracy');
#2724 = PRODUCT_RELATED_PRODUCT_CATEGORY('part',$,(#7));
ENDSEC;
END-ISO-10303-21;
