============================================================
   Tang Dynasty, V6.2.168116
   Copyright (c) 2012-2025 Anlogic Inc.
   Executable = E:/TD/bin/run.exe
   Built at =   16:32:07 Jun 12 2025
   Run by =     dell
   Run Date =   Mon Sep 28 18:54:52 2026

   Run on =     DESKTOP-6L003RM
============================================================
RUN-1002 : start command "import_device ph1_35p.db -package PH1P35MDG324 -speed 3"
ARC-1001 : Device Initialization.
ARC-1001 : ----------------------------------------------------------------
ARC-1001 :           OPTION          |          IO           |   SETTING   
ARC-1001 : ----------------------------------------------------------------
ARC-1001 :   non_jtag_persist(none)  |        35 IOs         |    gpio    
ARC-1001 :            jtag           |  P13/P15/L14/R13/T13  |  dedicate  
ARC-1001 : ----------------------------------------------------------------
RUN-1003 : finish command "import_device ph1_35p.db -package PH1P35MDG324 -speed 3" in  1.654108s wall, 0.562500s user + 0.000000s system = 0.562500s CPU (34.0%)

RUN-1004 : used memory is 322 MB, reserved memory is 321 MB, peak memory is 322 MB
RUN-1002 : start command "open_project camera_to_dsi_display.prj -noanalyze"
RUN-1002 : start command "import_db ../syn_1/camera_to_dsi_display_gate.db"
RUN-1001 : Importing database generated by Tang Dynasty, V6.2.168116.
RUN-1001 : Database version number 46207
RUN-1001 : Import flow parameters
RUN-1001 : Import netlist
RUN-1001 : Import timing constraints
RUN-1001 : Import IO constraints
RUN-1001 : Import Inst constraints
RUN-1001 : Import ChipWatcher
RUN-1001 : Import design success TD_VERSION=6.2.168116 , DB_VERSION=46207
RUN-1002 : start command "commit_param -step place"
RUN-1001 : Print Global Property
RUN-1001 : -------------------------------------------------------------
RUN-1001 :     Parameters    |   Settings   |  Default Values  |  Note  
RUN-1001 : -------------------------------------------------------------
RUN-1001 :    enable_seed    |     off      |       off        |        
RUN-1001 :    hfn_to_clock   |  1000000000  |    1000000000    |        
RUN-1001 :      message      |   standard   |     standard     |        
RUN-1001 :    qor_monitor    |      on      |        on        |        
RUN-1001 :   speedup_effort  |      0       |        0         |        
RUN-1001 :    syn_ip_flow    |     off      |       off        |        
RUN-1001 :       thread      |     auto     |       auto       |        
RUN-1001 : -------------------------------------------------------------
RUN-1001 : Print Place Property
RUN-1001 : ---------------------------------------------------------------
RUN-1001 :       Parameters      |  Settings  |  Default Values  |  Note  
RUN-1001 : ---------------------------------------------------------------
RUN-1001 :         effort        |   medium   |      medium      |        
RUN-1001 :     hfn_opt_effort    |   medium   |      medium      |        
RUN-1001 :    logic_level_opt    |    off     |       off        |        
RUN-1001 :   macro_performance   |    auto    |       auto       |        
RUN-1001 :       max_fanout      |   999999   |      999999      |        
RUN-1001 :       opt_timing      |   medium   |      medium      |        
RUN-1001 :     post_place_opt    |    auto    |       auto       |        
RUN-1001 :      pr_strategy      |     1      |        1         |        
RUN-1001 :   preplace_floorplan  |    off     |       off        |        
RUN-1001 : ---------------------------------------------------------------
RUN-1002 : start command "insert_debugger"
RUN-1002 : start command "place"
RUN-1001 : Open license file E:/TD/license/Anlogic.lic
PHY-3001 : Placer runs in 16 thread(s).
PHY-1001 : Stage 1 | Initialize Design
PHY-1001 : Stage 1.1 | Build Design
PHY-1001 : 9364 luts, 13608 seqs, 408 mslices, 2939 lslices, 54 pads, 31 brams, 8 dsps
RUN-1002 : start command "legalize_phy_inst"
SYN-1011 : Flatten model design_top_wrapper
SYN-1001 : ADC: Instance "u_ph1p35_324_ddr_wrapper/u_ddr2/ph1p_ddrmc_wrapper/ph1p_ddrmc_top/u_ddr_phy/u_ddrphy_top/u_ddrphy/ac_byte[0]$ac_byte_used$u_ddrphy_ac_byte_wrapper/u_ddrphy_byte" LOCATION="X0Y70Z0"
SYN-1001 : ADC: Instance "u_ph1p35_324_ddr_wrapper/u_ddr2/ph1p_ddrmc_wrapper/ph1p_ddrmc_top/u_ddr_phy/u_ddrphy_top/u_ddrphy/ac_byte[1]$ac_byte_used$u_ddrphy_ac_byte_wrapper/u_ddrphy_byte" LOCATION="X0Y60Z0"
SYN-1001 : ADC: Instance "u_ph1p35_324_ddr_wrapper/u_ddr2/ph1p_ddrmc_wrapper/ph1p_ddrmc_top/u_ddr_phy/u_ddrphy_top/u_ddrphy/ac_byte[2]$ac_byte_used$u_ddrphy_ac_byte_wrapper/u_ddrphy_byte" LOCATION="X0Y50Z0"
SYN-1001 : ADC: Instance "u_ph1p35_324_ddr_wrapper/u_ddr2/ph1p_ddrmc_wrapper/ph1p_ddrmc_top/u_ddr_phy/u_ddrphy_top/u_ddrphy/ac_byte[3]$ac_byte_used$u_ddrphy_ac_byte_wrapper/u_ddrphy_byte" LOCATION="X0Y40Z0"
SYN-1001 : ADC: Instance "u_ph1p35_324_ddr_wrapper/u_ddr2/ph1p_ddrmc_wrapper/ph1p_ddrmc_top/u_ddr_phy/u_ddrphy_top/u_ddrphy/bkref[0]$u_ddrphy_bankref" LOCATION="X0Y19Z0"
SYN-1001 : ADC: Instance "u_ph1p35_324_ddr_wrapper/u_ddr2/ph1p_ddrmc_wrapper/ph1p_ddrmc_top/u_ddr_phy/u_ddrphy_top/u_ddrphy/bkref[1]$u_ddrphy_bankref" LOCATION="X0Y59Z0"
SYN-1001 : ADC: Instance "u_ph1p35_324_ddr_wrapper/u_ddr2/ph1p_ddrmc_wrapper/ph1p_ddrmc_top/u_ddr_phy/u_ddrphy_top/u_ddrphy/dx_byte[0]$dx_byte_used$u_ddrphy_dx_byte_wrapper/u_ddrphy_byte" LOCATION="X0Y30Z0"
SYN-1001 : ADC: Instance "u_ph1p35_324_ddr_wrapper/u_ddr2/ph1p_ddrmc_wrapper/ph1p_ddrmc_top/u_ddr_phy/u_ddrphy_top/u_ddrphy/dx_byte[1]$dx_byte_used$u_ddrphy_dx_byte_wrapper/u_ddrphy_byte" LOCATION="X0Y10Z0"
SYN-1001 : ADC: Instance "u_ph1p35_324_ddr_wrapper/u_ddr2/ph1p_ddrmc_wrapper/ph1p_ddrmc_top/u_ddr_phy/u_ddrphy_top/u_ddrphy_clk/ioclk[0]$u_ioclk_0" LOCATION="X0Y59Z0"
SYN-1001 : ADC: Instance "u_ph1p35_324_ddr_wrapper/u_ddr2/ph1p_ddrmc_wrapper/ph1p_ddrmc_top/u_ddr_phy/u_ddrphy_top/u_ddrphy_clk/ioclk[0]$u_ioclk_1" LOCATION="X0Y59Z1"
SYN-1001 : ADC: Instance "u_ph1p35_324_ddr_wrapper/u_ddr2/ph1p_ddrmc_wrapper/ph1p_ddrmc_top/u_ddr_phy/u_ddrphy_top/u_ddrphy_clk/ioclk[1]$u_ioclk_0" LOCATION="X0Y19Z0"
SYN-1001 : ADC: Instance "u_ph1p35_324_ddr_wrapper/u_ddr2/ph1p_ddrmc_wrapper/ph1p_ddrmc_top/u_ddr_phy/u_ddrphy_top/u_ddrphy_clk/ioclk[1]$u_ioclk_1" LOCATION="X0Y19Z1"
SYN-1001 : ADC: Instance "u_ph1p35_324_ddr_wrapper/u_ddr2/ph1p_ddrmc_wrapper/ph1p_ddrmc_top/u_ddr_phy/u_ddrphy_top/u_ddrphy_clk/u_mlclk_1" LOCATION="X0Y59Z0"
SYN-1001 : ADC: Instance "u_ph1p35_324_ddr_wrapper/u_ddr2/ph1p_ddrmc_wrapper/ph1p_ddrmc_top/u_ddr_phy/u_ddrphy_top/u_ddrphy_clk/u_mlclk_2" LOCATION="X0Y59Z1"
SYN-1001 : ADC: Instance "u_ph1p35_324_ddr_wrapper/u_ddr2/ph1p_ddrmc_wrapper/ph1p_ddrmc_top/u_ddr_phy/u_ddrphy_top/u_ddrphy_clk/u_pll0/u_pll_inst" LOCATION="X0Y40Z0"
SYN-1001 : ADC: Instance "u_ph1p35_324_ddr_wrapper/u_ddr2/ph1p_ddrmc_wrapper/ph1p_ddrmc_top/u_ddr_phy/u_ddrphy_top/u_ddrphy_clk/u_pll1/u_pll_inst" LOCATION="X0Y79Z0"
PHY-1001 : Remove keep and sweep redundant instances ...
PHY-1001 : 9062 luts, 13266 seqs, 408 mslices, 2908 lslices, 54 pads, 31 brams, 8 dsps
PHY-1001 : End Stage 1.1 | Build Design; Time: 0.243615s wall, 0.078125s user + 0.000000s system = 0.078125s CPU (32.1%); Memory(MB): used = 512, reserved = 509, peak = 512;

PHY-1001 : Stage 1.2 | Optimize Design
OPT-1001 : Stage 1.2.1 | Simplify Lut
OPT-1001 : End Stage 1.2.1 | Simplify Lut; Time: 0.033486s wall, 0.000000s user + 0.000000s system = 0.000000s CPU (n/a%); Memory(MB): used = 512, reserved = 509, peak = 512;

OPT-1001 : Stage 1.2.2 | Sweep
OPT-1001 : End Stage 1.2.2 | Sweep; Time: 0.012943s wall, 0.015625s user + 0.000000s system = 0.015625s CPU (120.7%); Memory(MB): used = 512, reserved = 509, peak = 512;

OPT-1001 : Stage 1.2.3 | Merge Lut
OPT-1001 : Start remap optimization ...
RUN-1001 :   Added 0 lut1 for undup drivers
OPT-1001 : skip lut merge since lut number 9060 is similar to or less than reg number 13266
OPT-1001 : End Stage 1.2.3 | Merge Lut; Time: 0.016860s wall, 0.000000s user + 0.000000s system = 0.000000s CPU (n/a%); Memory(MB): used = 512, reserved = 509, peak = 512;

OPT-1001 : Stage 1.2.4 | Synthesize High-fanout Net
OPT-1001 : Start high-fanout net optimization in pre-place flow with medium effort ...
RUN-1001 : HFN opt statistic
RUN-1001 : ------------------------------------------------------
RUN-1001 :   DriverCell type  |  HFN count  |  Duplicated count  
RUN-1001 : ------------------------------------------------------
RUN-1001 :       LSLICE       |      0      |         0          
RUN-1001 :       MSLICE       |      0      |         0          
RUN-1001 :        TOTAL       |      0      |         0          
RUN-1001 : ------------------------------------------------------
OPT-1001 : End high-fanout net optimization;  0.000075s wall, 0.000000s user + 0.000000s system = 0.000000s CPU (n/a%)

OPT-1001 : Current memory(MB): used = 512, reserved = 509, peak = 512.
OPT-1001 : End Stage 1.2.4 | Synthesize High-fanout Net; Time: 0.000178s wall, 0.000000s user + 0.000000s system = 0.000000s CPU (n/a%); Memory(MB): used = 512, reserved = 509, peak = 512;

OPT-1001 : End physical optimization;  0.063684s wall, 0.015625s user + 0.000000s system = 0.015625s CPU (24.5%)

PHY-1001 : End Stage 1.2 | Optimize Design; Time: 0.063739s wall, 0.015625s user + 0.000000s system = 0.015625s CPU (24.5%); Memory(MB): used = 512, reserved = 509, peak = 512;

PHY-1001 : Stage 1.3 | Initialize Clock
PHY-1001 : Start to synthesize physical clock networks.
RUN-1002 : start command "start_timer"
USR-1002 : Derived clock:  create_generated_clock -name {u_PLL/ph1p_phy_pll_wrapper_25a56e5ce2f9_Inst/u_PH1P_PHY_PLL.clkc[0]} -source [get_ports {I_sys_clk}] -master_clock {sys_clk_50m} -multiply_by 2.0000 -duty_cycle 50.0000 [get_pins {u_PLL/ph1p_phy_pll_wrapper_25a56e5ce2f9_Inst/u_PH1P_PHY_PLL.clkc[0]}]
USR-1002 : Derived clock:  create_generated_clock -name {u_PLL/ph1p_phy_pll_wrapper_25a56e5ce2f9_Inst/u_PH1P_PHY_PLL.clkc[1]} -source [get_ports {I_sys_clk}] -master_clock {sys_clk_50m} -divide_by 2.0769 -duty_cycle 50.0000 [get_pins {u_PLL/ph1p_phy_pll_wrapper_25a56e5ce2f9_Inst/u_PH1P_PHY_PLL.clkc[1]}]
USR-1002 : Derived clock:  create_generated_clock -name {u_PLL/ph1p_phy_pll_wrapper_25a56e5ce2f9_Inst/u_PH1P_PHY_PLL.clkc[4]} -source [get_ports {I_sys_clk}] -master_clock {sys_clk_50m} -multiply_by 1.0400 -duty_cycle 50.0000 [get_pins {u_PLL/ph1p_phy_pll_wrapper_25a56e5ce2f9_Inst/u_PH1P_PHY_PLL.clkc[4]}]
USR-1002 : Derived clock:  create_generated_clock -name {u_PLL/ph1p_phy_pll_wrapper_25a56e5ce2f9_Inst/u_PH1P_PHY_PLL.clkc[5]} -source [get_ports {I_sys_clk}] -master_clock {sys_clk_50m} -multiply_by 5.2000 -duty_cycle 50.0000 [get_pins {u_PLL/ph1p_phy_pll_wrapper_25a56e5ce2f9_Inst/u_PH1P_PHY_PLL.clkc[5]}]
USR-1002 : Derived clock:  create_generated_clock -name {u_ph1p35_324_ddr_wrapper/u_ddr2/ph1p_ddrmc_wrapper/ph1p_ddrmc_top/u_ddr_phy/u_ddrphy_top/u_ddrphy_clk/u_pll0/u_pll_inst.clkc[0]} -source [get_ports {I_sys_clk}] -master_clock {sys_clk_50m} -multiply_by 1.3333 -duty_cycle 50.0000 [get_pins {u_ph1p35_324_ddr_wrapper/u_ddr2/ph1p_ddrmc_wrapper/ph1p_ddrmc_top/u_ddr_phy/u_ddrphy_top/u_ddrphy_clk/u_pll0/u_pll_inst.clkc[0]}]
USR-1002 : Derived clock:  create_generated_clock -name {u_ph1p35_324_ddr_wrapper/u_ddr2/ph1p_ddrmc_wrapper/ph1p_ddrmc_top/u_ddr_phy/u_ddrphy_top/u_ddrphy_clk/u_pll0/u_pll_inst.clkc[1]} -source [get_ports {I_sys_clk}] -master_clock {sys_clk_50m} -multiply_by 1.3333 -duty_cycle 50.0000 [get_pins {u_ph1p35_324_ddr_wrapper/u_ddr2/ph1p_ddrmc_wrapper/ph1p_ddrmc_top/u_ddr_phy/u_ddrphy_top/u_ddrphy_clk/u_pll0/u_pll_inst.clkc[1]}]
USR-1002 : Derived clock:  create_generated_clock -name {u_ph1p35_324_ddr_wrapper/u_ddr2/ph1p_ddrmc_wrapper/ph1p_ddrmc_top/u_ddr_phy/u_ddrphy_top/u_ddrphy_clk/u_pll0/u_pll_inst.clkc[2]} -source [get_ports {I_sys_clk}] -master_clock {sys_clk_50m} -multiply_by 5.3333 -duty_cycle 50.0000 [get_pins {u_ph1p35_324_ddr_wrapper/u_ddr2/ph1p_ddrmc_wrapper/ph1p_ddrmc_top/u_ddr_phy/u_ddrphy_top/u_ddrphy_clk/u_pll0/u_pll_inst.clkc[2]}]
USR-1002 : Derived clock:  create_generated_clock -name {u_ph1p35_324_ddr_wrapper/u_ddr2/ph1p_ddrmc_wrapper/ph1p_ddrmc_top/u_ddr_phy/u_ddrphy_top/u_ddrphy_clk/u_pll0/u_pll_inst.clkc[3]} -source [get_ports {I_sys_clk}] -master_clock {sys_clk_50m} -divide_by 1.9687 -duty_cycle 50.0000 [get_pins {u_ph1p35_324_ddr_wrapper/u_ddr2/ph1p_ddrmc_wrapper/ph1p_ddrmc_top/u_ddr_phy/u_ddrphy_top/u_ddrphy_clk/u_pll0/u_pll_inst.clkc[3]}]
USR-1002 : Derived clock:  create_generated_clock -name {u_ph1p35_324_ddr_wrapper/u_ddr2/ph1p_ddrmc_wrapper/ph1p_ddrmc_top/u_ddr_phy/u_ddrphy_top/u_ddrphy_clk/u_pll1/u_pll_inst.clkc[0]} -source [get_pins {u_ph1p35_324_ddr_wrapper/u_ddr2/ph1p_ddrmc_wrapper/ph1p_ddrmc_top/u_ddr_phy/u_ddrphy_top/u_ddrphy_clk/u_pll0/u_pll_inst.clkc[0]}] -master_clock {u_ph1p35_324_ddr_wrapper/u_ddr2/ph1p_ddrmc_wrapper/ph1p_ddrmc_top/u_ddr_phy/u_ddrphy_top/u_ddrphy_clk/u_pll0/u_pll_inst.clkc[0]} -multiply_by 1.0000 -duty_cycle 50.0000 [get_pins {u_ph1p35_324_ddr_wrapper/u_ddr2/ph1p_ddrmc_wrapper/ph1p_ddrmc_top/u_ddr_phy/u_ddrphy_top/u_ddrphy_clk/u_pll1/u_pll_inst.clkc[0]}]
8.888000
15.000000
15.000000
19.230000
RUN-1003 : finish command "start_timer" in  1.066199s wall, 0.171875s user + 0.000000s system = 0.171875s CPU (16.1%)

RUN-1004 : used memory is 682 MB, reserved memory is 676 MB, peak memory is 682 MB
TMR-2502 : Net delay update with mode: Synthesized
PHY-5060 CRITICAL-WARNING: Clock net candidate u_uicfgcs500/uii2c_inst/scl_clk has mixed fanouts of 1 clock pins; 2 data/ctrl pins. Please check connection of the net in design.
PHY-5060 CRITICAL-WARNING: Clock net candidate O_cam_24m_syn_3 has mixed fanouts of 102 clock pins; 1 data/ctrl pins. Please check connection of the net in design.
PHY-1001 : Populate physical database on model design_top_wrapper.
RUN-1001 : There are total 25832 instances
RUN-0007 : 9060 luts, 13266 seqs, 408 mslices, 2908 lslices, 54 pads, 31 brams, 8 dsps
RUN-1001 : There are total 35504 nets
RUN-1001 : 24204 nets have 2 pins
RUN-1001 : 8986 nets have [3 - 5] pins
RUN-1001 : 1668 nets have [6 - 10] pins
RUN-1001 : 367 nets have [11 - 20] pins
RUN-1001 : 239 nets have [21 - 99] pins
RUN-1001 : 40 nets have 100+ pins
PHY-1001 : Start to check user instance location assignments; please refer to ADC constraint.
PHY-1001 : End Stage 1.3 | Initialize Clock; Time: 1.758011s wall, 0.296875s user + 0.000000s system = 0.296875s CPU (16.9%); Memory(MB): used = 762, reserved = 756, peak = 762;

PHY-1001 : End Stage 1 | Initialize Design; Time: 2.087114s wall, 0.421875s user + 0.000000s system = 0.421875s CPU (20.2%); Memory(MB): used = 762, reserved = 756, peak = 762;

PHY-1001 : Stage 2 | Global Placement
RUN-1001 : Report Control nets information:
RUN-1001 : DFF Distribution
RUN-1001 : -------------------------------------
RUN-1001 :   CE   |  SSR  |  ASR  |  DFF Count  
RUN-1001 : -------------------------------------
RUN-1001 :   No   |  No   |  No   |    6778     
RUN-1001 :   No   |  No   |  Yes  |    3567     
RUN-1001 :   No   |  Yes  |  No   |     345     
RUN-1001 :   Yes  |  No   |  No   |     424     
RUN-1001 :   Yes  |  No   |  Yes  |    2230     
RUN-1001 :   Yes  |  Yes  |  No   |     146     
RUN-1001 : -------------------------------------
RUN-1001 : Control Group Statistic
RUN-1001 : -----------------------------
RUN-1001 :   #CLK  |  #CE  |  #SSR/ASR  
RUN-1001 : -----------------------------
RUN-1001 :    9    |  115  |     27     
RUN-1001 : -----------------------------
RUN-0007 : Control Set = 152
PHY-1001 : Stage 2.1 | Place Fixed Instances
PHY-1001 : Processing 2 clock pins of DDR instance u_ph1p35_324_ddr_wrapper/u_ddr2/ph1p_ddrmc_wrapper/ph1p_ddrmc_top/u_ddr_phy/u_ddrphy_top/u_ddrphy/ac_byte[0]$ac_byte_used$u_ddrphy_ac_byte_wrapper/u_ddrphy_byte, location = x0y70z0.
PHY-1001 :   User location X0Y59Z1 of ioclk instance u_ph1p35_324_ddr_wrapper/u_ddr2/ph1p_ddrmc_wrapper/ph1p_ddrmc_top/u_ddr_phy/u_ddrphy_top/u_ddrphy_clk/ioclk[0]$u_ioclk_1.
PHY-1001 :   Placement of ioclk instance u_ph1p35_324_ddr_wrapper/u_ddr2/ph1p_ddrmc_wrapper/ph1p_ddrmc_top/u_ddr_phy/u_ddrphy_top/u_ddrphy_clk/ioclk[0]$u_ioclk_1; location = x0y59z1.
PHY-1001 :   User location X0Y59Z0 of ioclk instance u_ph1p35_324_ddr_wrapper/u_ddr2/ph1p_ddrmc_wrapper/ph1p_ddrmc_top/u_ddr_phy/u_ddrphy_top/u_ddrphy_clk/ioclk[0]$u_ioclk_0.
PHY-1001 :   Placement of ioclk instance u_ph1p35_324_ddr_wrapper/u_ddr2/ph1p_ddrmc_wrapper/ph1p_ddrmc_top/u_ddr_phy/u_ddrphy_top/u_ddrphy_clk/ioclk[0]$u_ioclk_0; location = x0y59z0.
PHY-1001 : Processing 2 clock pins of DDR instance u_ph1p35_324_ddr_wrapper/u_ddr2/ph1p_ddrmc_wrapper/ph1p_ddrmc_top/u_ddr_phy/u_ddrphy_top/u_ddrphy/ac_byte[1]$ac_byte_used$u_ddrphy_ac_byte_wrapper/u_ddrphy_byte, location = x0y60z0.
PHY-1001 :   Placed ioclk instance u_ph1p35_324_ddr_wrapper/u_ddr2/ph1p_ddrmc_wrapper/ph1p_ddrmc_top/u_ddr_phy/u_ddrphy_top/u_ddrphy_clk/ioclk[0]$u_ioclk_1, location = x0y59z1.
PHY-1001 :   Placed ioclk instance u_ph1p35_324_ddr_wrapper/u_ddr2/ph1p_ddrmc_wrapper/ph1p_ddrmc_top/u_ddr_phy/u_ddrphy_top/u_ddrphy_clk/ioclk[0]$u_ioclk_0, location = x0y59z0.
PHY-1001 : Processing 2 clock pins of DDR instance u_ph1p35_324_ddr_wrapper/u_ddr2/ph1p_ddrmc_wrapper/ph1p_ddrmc_top/u_ddr_phy/u_ddrphy_top/u_ddrphy/ac_byte[2]$ac_byte_used$u_ddrphy_ac_byte_wrapper/u_ddrphy_byte, location = x0y50z0.
PHY-1001 :   Placed ioclk instance u_ph1p35_324_ddr_wrapper/u_ddr2/ph1p_ddrmc_wrapper/ph1p_ddrmc_top/u_ddr_phy/u_ddrphy_top/u_ddrphy_clk/ioclk[0]$u_ioclk_1, location = x0y59z1.
PHY-1001 :   Placed ioclk instance u_ph1p35_324_ddr_wrapper/u_ddr2/ph1p_ddrmc_wrapper/ph1p_ddrmc_top/u_ddr_phy/u_ddrphy_top/u_ddrphy_clk/ioclk[0]$u_ioclk_0, location = x0y59z0.
PHY-1001 : Processing 2 clock pins of DDR instance u_ph1p35_324_ddr_wrapper/u_ddr2/ph1p_ddrmc_wrapper/ph1p_ddrmc_top/u_ddr_phy/u_ddrphy_top/u_ddrphy/ac_byte[3]$ac_byte_used$u_ddrphy_ac_byte_wrapper/u_ddrphy_byte, location = x0y40z0.
PHY-1001 :   Placed ioclk instance u_ph1p35_324_ddr_wrapper/u_ddr2/ph1p_ddrmc_wrapper/ph1p_ddrmc_top/u_ddr_phy/u_ddrphy_top/u_ddrphy_clk/ioclk[0]$u_ioclk_1, location = x0y59z1.
PHY-1001 :   Placed ioclk instance u_ph1p35_324_ddr_wrapper/u_ddr2/ph1p_ddrmc_wrapper/ph1p_ddrmc_top/u_ddr_phy/u_ddrphy_top/u_ddrphy_clk/ioclk[0]$u_ioclk_0, location = x0y59z0.
PHY-1001 : Processing 2 clock pins of DDR instance u_ph1p35_324_ddr_wrapper/u_ddr2/ph1p_ddrmc_wrapper/ph1p_ddrmc_top/u_ddr_phy/u_ddrphy_top/u_ddrphy/dx_byte[0]$dx_byte_used$u_ddrphy_dx_byte_wrapper/u_ddrphy_byte, location = x0y30z0.
PHY-1001 :   User location X0Y19Z1 of ioclk instance u_ph1p35_324_ddr_wrapper/u_ddr2/ph1p_ddrmc_wrapper/ph1p_ddrmc_top/u_ddr_phy/u_ddrphy_top/u_ddrphy_clk/ioclk[1]$u_ioclk_1.
PHY-1001 :   Placement of ioclk instance u_ph1p35_324_ddr_wrapper/u_ddr2/ph1p_ddrmc_wrapper/ph1p_ddrmc_top/u_ddr_phy/u_ddrphy_top/u_ddrphy_clk/ioclk[1]$u_ioclk_1; location = x0y19z1.
PHY-1001 :   User location X0Y19Z0 of ioclk instance u_ph1p35_324_ddr_wrapper/u_ddr2/ph1p_ddrmc_wrapper/ph1p_ddrmc_top/u_ddr_phy/u_ddrphy_top/u_ddrphy_clk/ioclk[1]$u_ioclk_0.
PHY-1001 :   Placement of ioclk instance u_ph1p35_324_ddr_wrapper/u_ddr2/ph1p_ddrmc_wrapper/ph1p_ddrmc_top/u_ddr_phy/u_ddrphy_top/u_ddrphy_clk/ioclk[1]$u_ioclk_0; location = x0y19z0.
PHY-1001 : Processing 2 clock pins of DDR instance u_ph1p35_324_ddr_wrapper/u_ddr2/ph1p_ddrmc_wrapper/ph1p_ddrmc_top/u_ddr_phy/u_ddrphy_top/u_ddrphy/dx_byte[1]$dx_byte_used$u_ddrphy_dx_byte_wrapper/u_ddrphy_byte, location = x0y10z0.
PHY-1001 :   Placed ioclk instance u_ph1p35_324_ddr_wrapper/u_ddr2/ph1p_ddrmc_wrapper/ph1p_ddrmc_top/u_ddr_phy/u_ddrphy_top/u_ddrphy_clk/ioclk[1]$u_ioclk_1, location = x0y19z1.
PHY-1001 :   Placed ioclk instance u_ph1p35_324_ddr_wrapper/u_ddr2/ph1p_ddrmc_wrapper/ph1p_ddrmc_top/u_ddr_phy/u_ddrphy_top/u_ddrphy_clk/ioclk[1]$u_ioclk_0, location = x0y19z0.
PHY-1001 : DDR MLCLK topology u_ph1p35_324_ddr_wrapper/u_ddr2/ph1p_ddrmc_wrapper/ph1p_ddrmc_top/u_ddr_phy/u_ddrphy_top/u_ddrphy_clk/u_mlclk_1.
PHY-1001 :   Driver: PH1P_PHY_PLL_V2 u_ph1p35_324_ddr_wrapper/u_ddr2/ph1p_ddrmc_wrapper/ph1p_ddrmc_top/u_ddr_phy/u_ddrphy_top/u_ddrphy_clk/u_pll0/u_pll_inst.clkc[1], user location :X0Y40Z0.
PHY-1001 :   Sink: PH1P_PHY_IOCLK u_ph1p35_324_ddr_wrapper/u_ddr2/ph1p_ddrmc_wrapper/ph1p_ddrmc_top/u_ddr_phy/u_ddrphy_top/u_ddrphy_clk/ioclk[0]$u_ioclk_0, location = x0y59z0, sectorID = 1.
PHY-1001 :   Sink: PH1P_PHY_IOCLK u_ph1p35_324_ddr_wrapper/u_ddr2/ph1p_ddrmc_wrapper/ph1p_ddrmc_top/u_ddr_phy/u_ddrphy_top/u_ddrphy_clk/ioclk[1]$u_ioclk_0, location = x0y19z0, sectorID = 0.
PHY-1001 : Placement of MLCLK instance u_ph1p35_324_ddr_wrapper/u_ddr2/ph1p_ddrmc_wrapper/ph1p_ddrmc_top/u_ddr_phy/u_ddrphy_top/u_ddrphy_clk/u_mlclk_1; location = x0y59z0,  sectorID = 1.
PHY-1001 : DDR MLCLK topology u_ph1p35_324_ddr_wrapper/u_ddr2/ph1p_ddrmc_wrapper/ph1p_ddrmc_top/u_ddr_phy/u_ddrphy_top/u_ddrphy_clk/u_mlclk_2.
PHY-1001 :   Driver: PH1P_PHY_PLL_V2 u_ph1p35_324_ddr_wrapper/u_ddr2/ph1p_ddrmc_wrapper/ph1p_ddrmc_top/u_ddr_phy/u_ddrphy_top/u_ddrphy_clk/u_pll0/u_pll_inst.clkc[2], user location :X0Y40Z0.
PHY-1001 :   Sink: PH1P_PHY_IOCLK u_ph1p35_324_ddr_wrapper/u_ddr2/ph1p_ddrmc_wrapper/ph1p_ddrmc_top/u_ddr_phy/u_ddrphy_top/u_ddrphy_clk/ioclk[0]$u_ioclk_1, location = x0y59z1, sectorID = 1.
PHY-1001 :   Sink: PH1P_PHY_IOCLK u_ph1p35_324_ddr_wrapper/u_ddr2/ph1p_ddrmc_wrapper/ph1p_ddrmc_top/u_ddr_phy/u_ddrphy_top/u_ddrphy_clk/ioclk[1]$u_ioclk_1, location = x0y19z1, sectorID = 0.
PHY-1001 : Placement of MLCLK instance u_ph1p35_324_ddr_wrapper/u_ddr2/ph1p_ddrmc_wrapper/ph1p_ddrmc_top/u_ddr_phy/u_ddrphy_top/u_ddrphy_clk/u_mlclk_2; location = x0y59z1,  sectorID = 1.
PHY-5016 WARNING: PLL clkc is driving an IO without location.
PHY-5016 WARNING: PLL clkc is not driving a clock-capable IO.
PHY-5016 WARNING: PLL clkc is driving an IO without location.
PHY-5016 WARNING: PLL clkc is not driving a clock-capable IO.
PHY-1001 : End Stage 2.1 | Place Fixed Instances; Time: 0.041604s wall, 0.015625s user + 0.000000s system = 0.015625s CPU (37.6%); Memory(MB): used = 779, reserved = 773, peak = 779;

PHY-1001 : Stage 2.2 | Pre-Place DRC Check
PHY-1001 : Stage 2.2.1 | Force Route Constraint Check
PHY-1001 : Check Pass.
PHY-1001 : End Stage 2.2.1 | Force Route Constraint Check; Time: 0.001564s wall, 0.000000s user + 0.000000s system = 0.000000s CPU (n/a%); Memory(MB): used = 779, reserved = 773, peak = 779;

PHY-1001 : End Stage 2.2 | Pre-Place DRC Check; Time: 0.001597s wall, 0.000000s user + 0.000000s system = 0.000000s CPU (n/a%); Memory(MB): used = 779, reserved = 773, peak = 779;

PHY-1001 : Clock GCLK Statistics:
RUN-1001 : GCLK Index: 
RUN-1001 : -------------------------------------------------------------------------------------------------------------------------------------------------------
RUN-1001 :   Index  |                                                          Clock GCLK                                                           |  Location   
RUN-1001 : -------------------------------------------------------------------------------------------------------------------------------------------------------
RUN-1001 :     1    |                           u_mipi_dphy_rx_ph1p_mipiio_wrapper/u_ph1p_mipiio_rx_wrapper/bufg_feedback                           |  x23y39z0   
RUN-1001 :     2    |   u_ph1p35_324_ddr_wrapper/u_ddr2/ph1p_ddrmc_wrapper/ph1p_ddrmc_top/u_ddr_phy/u_ddrphy_top/u_ddrphy_clk/u_pll1/u_bufg_fbclk   |  x23y39z16  
RUN-1001 :     3    |                                            u_hdmi_tx/I_pixel_clk_created_gclkinst                                             |  x23y39z17  
RUN-1001 :     4    |                                               I_sys_clk_dup_6_created_gclkinst                                                |  x23y39z22  
RUN-1001 :     5    |                                               O_cam_24m_dup_1_created_gclkinst                                                |  x23y39z18  
RUN-1001 :     6    |                          u_hdmi_tx/u_hdmi2phy_wrapper/u0_lane_lvds_8_1/I_serial_clk_created_gclkinst                          |  x23y39z19  
RUN-1001 :     7    |  u_ph1p35_324_ddr_wrapper/u_ddr2/ph1p_ddrmc_wrapper/ph1p_ddrmc_top/u_ddr_phy/u_ddrphy_top/u_ddrphy/apb_pclk_created_gclkinst  |  x23y39z20  
RUN-1001 :     8    |                                       u_uicfgcs500/uii2c_inst/scl_clk_created_gclkinst                                        |  x23y39z1   
RUN-1001 :     9    |                                                      u_PLL/bufg_feedback                                                      |  x23y39z21  
RUN-1001 : -------------------------------------------------------------------------------------------------------------------------------------------------------
RUN-1001 : Clock Nets Connect To GCLK Statistics: 
RUN-1001 : -----------------------------------------------------------------------------------------------------------------------------------------------------------------------------------------
RUN-1001 :   Index  |                        Leading Net                        |  CLK/DATA/IO/PLL Sink(s)  |                       Following Net                       |  CLK/DATA/IO/PLL Sink(s)  
RUN-1001 : -----------------------------------------------------------------------------------------------------------------------------------------------------------------------------------------
RUN-1001 :     1    | u_mipi_dphy_rx_ph1p_mipiio_wrapper/u_ph1p_mipiio_rx_w...  |          1/0/0/0          | u_isp_top/u_demosaic/raw_matrix_3x3_buffer_d/zhenghe_...  |        8166/0/0/0         
RUN-1001 :     2    | u_ph1p35_324_ddr_wrapper/u_ddr2/ph1p_ddrmc_wrapper/ph...  |          1/0/0/0          | u_ph1p35_324_ddr_wrapper/u_ddr2/ph1p_ddrmc_wrapper/ph...  |        3529/0/0/0         
RUN-1001 :     3    |                   u_hdmi_tx/I_pixel_clk                   |          1/0/0/0          |               u_hdmi_tx/I_pixel_clk_syn_652               |        1441/0/0/0         
RUN-1001 :     4    |                      I_sys_clk_dup_6                      |          3/0/0/0          |                      I_sys_clk_syn_8                      |         137/0/0/0         
RUN-1001 :     5    |                      O_cam_24m_dup_1                      |          1/0/0/0          |                      O_cam_24m_syn_3                      |         102/1/0/0         
RUN-1001 :     6    | u_hdmi_tx/u_hdmi2phy_wrapper/u0_lane_lvds_8_1/I_seria...  |          1/0/0/0          | u_hdmi_tx/u_hdmi2phy_wrapper/u0_lane_lvds_8_1/I_seria...  |         61/0/0/0          
RUN-1001 :     7    | u_ph1p35_324_ddr_wrapper/u_ddr2/ph1p_ddrmc_wrapper/ph...  |          1/0/0/0          | u_ph1p35_324_ddr_wrapper/u_ddr2/ph1p_ddrmc_wrapper/ph...  |         43/0/0/0          
RUN-1001 :     8    |              u_uicfgcs500/uii2c_inst/scl_clk              |          1/2/0/0          |           u_uicfgcs500/uii2c_inst/scl_clk_syn_9           |         24/0/0/0          
RUN-1001 :     9    |                      u_PLL/clk0_buf                       |          1/0/0/0          | u_mipi_dphy_rx_ph1p_mipiio_wrapper/u_ph1p_mipiio_rx_w...  |         13/0/0/0          
RUN-1001 : -----------------------------------------------------------------------------------------------------------------------------------------------------------------------------------------
PHY-1001 : Stage 2.3 | Global Placement Step 1
PHY-3001 : Target density is 60%
PHY-1001 : Stage 2.3.1 | Update Timing
RUN-1002 : start command "start_timer"
PHY-1001 : SWNS: 2047, STNS: 0, FEP: 0
PHY-3001 : tot_pins 238113 tot_hfn_pins 14325 perc. 6 tot_hhfn_pins 4989 perc. 2
PHY-1001 : End Stage 2.3.1 | Update Timing; Time: 1.427399s wall, 0.250000s user + 0.000000s system = 0.250000s CPU (17.5%); Memory(MB): used = 823, reserved = 817, peak = 823;

PHY-0007 : Cell area utilization is 46%
RUN-1001 : Huge Net Statistic
RUN-1001 : ----------------------------------------------------------------------------------------------------------------------------------------------------------------------------------------
RUN-1001 :   Fanout  |  Slack  |                                                                                Net                                                                                
RUN-1001 : ----------------------------------------------------------------------------------------------------------------------------------------------------------------------------------------
RUN-1001 :    2428   |   Inf   |                                u_ph1p35_324_ddr_wrapper/u_ddr2/ph1p_ddrmc_wrapper/ph1p_ddrmc_top/u_ddr_phy/u_ddrphy_top/sys_rst_n                                 
RUN-1001 :    1472   |  11982  |                                u_ph1p35_324_ddr_wrapper/u_ddr2/ph1p_ddrmc_wrapper/ph1p_ddrmc_top/u_alc_mc_top/u_rbuf_addr_fifo/rst                                
RUN-1001 :    1089   |   Inf   |  u_ph1p35_324_ddr_wrapper/u_ddr2/ph1p_ddrmc_wrapper/ph1p_ddrmc_top/u_ddr_phy/u_ddrphy_top/u_ddrphy/dx_byte[1]$dx_byte_used$u_ddrphy_dx_byte_wrapper/dx_phy_rst_n  
RUN-1001 : ----------------------------------------------------------------------------------------------------------------------------------------------------------------------------------------
PHY-3001 : Clustering ...
PHY-3001 : End clustering;  0.069325s wall, 0.078125s user + 0.000000s system = 0.078125s CPU (112.7%)

PHY-3001 : Target density is 60%
PHY-1001 : Stage 2.3.2 | GP Iteration
PHY-1001 : End Stage 2.3.2 | GP Iteration; Time: 1.281316s wall, 0.875000s user + 0.015625s system = 0.890625s CPU (69.5%); Memory(MB): used = 833, reserved = 826, peak = 833;

PHY-3001 : Multithread accelerating rate: 0.71
PHY-3001 : Low accelerating rate: 0.71. This may happen when it is heavy-loaded.
RUN-1002 : start command "start_timer"
USR-1002 : Derived clock:  create_generated_clock -name {u_PLL/ph1p_phy_pll_wrapper_25a56e5ce2f9_Inst/u_PH1P_PHY_PLL.clkc[0]} -source [get_ports {I_sys_clk}] -master_clock {sys_clk_50m} -multiply_by 2.0000 -duty_cycle 50.0000 [get_pins {u_PLL/ph1p_phy_pll_wrapper_25a56e5ce2f9_Inst/u_PH1P_PHY_PLL.clkc[0]}]
USR-1002 : Derived clock:  create_generated_clock -name {u_PLL/ph1p_phy_pll_wrapper_25a56e5ce2f9_Inst/u_PH1P_PHY_PLL.clkc[1]} -source [get_ports {I_sys_clk}] -master_clock {sys_clk_50m} -divide_by 2.0769 -duty_cycle 50.0000 [get_pins {u_PLL/ph1p_phy_pll_wrapper_25a56e5ce2f9_Inst/u_PH1P_PHY_PLL.clkc[1]}]
USR-1002 : Derived clock:  create_generated_clock -name {u_PLL/ph1p_phy_pll_wrapper_25a56e5ce2f9_Inst/u_PH1P_PHY_PLL.clkc[4]} -source [get_ports {I_sys_clk}] -master_clock {sys_clk_50m} -multiply_by 1.0400 -duty_cycle 50.0000 [get_pins {u_PLL/ph1p_phy_pll_wrapper_25a56e5ce2f9_Inst/u_PH1P_PHY_PLL.clkc[4]}]
USR-1002 : Derived clock:  create_generated_clock -name {u_PLL/ph1p_phy_pll_wrapper_25a56e5ce2f9_Inst/u_PH1P_PHY_PLL.clkc[5]} -source [get_ports {I_sys_clk}] -master_clock {sys_clk_50m} -multiply_by 5.2000 -duty_cycle 50.0000 [get_pins {u_PLL/ph1p_phy_pll_wrapper_25a56e5ce2f9_Inst/u_PH1P_PHY_PLL.clkc[5]}]
USR-1002 : Derived clock:  create_generated_clock -name {u_ph1p35_324_ddr_wrapper/u_ddr2/ph1p_ddrmc_wrapper/ph1p_ddrmc_top/u_ddr_phy/u_ddrphy_top/u_ddrphy_clk/u_pll0/u_pll_inst.clkc[0]} -source [get_ports {I_sys_clk}] -master_clock {sys_clk_50m} -multiply_by 1.3333 -duty_cycle 50.0000 [get_pins {u_ph1p35_324_ddr_wrapper/u_ddr2/ph1p_ddrmc_wrapper/ph1p_ddrmc_top/u_ddr_phy/u_ddrphy_top/u_ddrphy_clk/u_pll0/u_pll_inst.clkc[0]}]
USR-1002 : Derived clock:  create_generated_clock -name {u_ph1p35_324_ddr_wrapper/u_ddr2/ph1p_ddrmc_wrapper/ph1p_ddrmc_top/u_ddr_phy/u_ddrphy_top/u_ddrphy_clk/u_pll0/u_pll_inst.clkc[1]} -source [get_ports {I_sys_clk}] -master_clock {sys_clk_50m} -multiply_by 1.3333 -duty_cycle 50.0000 [get_pins {u_ph1p35_324_ddr_wrapper/u_ddr2/ph1p_ddrmc_wrapper/ph1p_ddrmc_top/u_ddr_phy/u_ddrphy_top/u_ddrphy_clk/u_pll0/u_pll_inst.clkc[1]}]
USR-1002 : Derived clock:  create_generated_clock -name {u_ph1p35_324_ddr_wrapper/u_ddr2/ph1p_ddrmc_wrapper/ph1p_ddrmc_top/u_ddr_phy/u_ddrphy_top/u_ddrphy_clk/u_pll0/u_pll_inst.clkc[2]} -source [get_ports {I_sys_clk}] -master_clock {sys_clk_50m} -multiply_by 5.3333 -duty_cycle 50.0000 [get_pins {u_ph1p35_324_ddr_wrapper/u_ddr2/ph1p_ddrmc_wrapper/ph1p_ddrmc_top/u_ddr_phy/u_ddrphy_top/u_ddrphy_clk/u_pll0/u_pll_inst.clkc[2]}]
USR-1002 : Derived clock:  create_generated_clock -name {u_ph1p35_324_ddr_wrapper/u_ddr2/ph1p_ddrmc_wrapper/ph1p_ddrmc_top/u_ddr_phy/u_ddrphy_top/u_ddrphy_clk/u_pll0/u_pll_inst.clkc[3]} -source [get_ports {I_sys_clk}] -master_clock {sys_clk_50m} -divide_by 1.9687 -duty_cycle 50.0000 [get_pins {u_ph1p35_324_ddr_wrapper/u_ddr2/ph1p_ddrmc_wrapper/ph1p_ddrmc_top/u_ddr_phy/u_ddrphy_top/u_ddrphy_clk/u_pll0/u_pll_inst.clkc[3]}]
USR-1002 : Derived clock:  create_generated_clock -name {u_ph1p35_324_ddr_wrapper/u_ddr2/ph1p_ddrmc_wrapper/ph1p_ddrmc_top/u_ddr_phy/u_ddrphy_top/u_ddrphy_clk/u_pll1/u_pll_inst.clkc[0]} -source [get_pins {u_ph1p35_324_ddr_wrapper/u_ddr2/ph1p_ddrmc_wrapper/ph1p_ddrmc_top/u_ddr_phy/u_ddrphy_top/u_ddrphy_clk/u_pll0/u_pll_inst.clkc[0]}] -master_clock {u_ph1p35_324_ddr_wrapper/u_ddr2/ph1p_ddrmc_wrapper/ph1p_ddrmc_top/u_ddr_phy/u_ddrphy_top/u_ddrphy_clk/u_pll0/u_pll_inst.clkc[0]} -multiply_by 1.0000 -duty_cycle 50.0000 [get_pins {u_ph1p35_324_ddr_wrapper/u_ddr2/ph1p_ddrmc_wrapper/ph1p_ddrmc_top/u_ddr_phy/u_ddrphy_top/u_ddrphy_clk/u_pll1/u_pll_inst.clkc[0]}]
8.888000
15.000000
15.000000
19.230000
TMR-2502 : Net delay update with mode: Placed
PHY-3001 : No need to merge 9x9 Dsps.
PHY-1001 : Populate physical database on model design_top_wrapper.
PHY-1001 : End Stage 2.3 | Global Placement Step 1; Time: 4.686896s wall, 1.703125s user + 0.015625s system = 1.718750s CPU (36.7%); Memory(MB): used = 886, reserved = 878, peak = 886;

PHY-1001 : Stage 2.4 | RAM/DSP Legalization and Detailed Placement
PHY-1001 : Stage 2.4.1 | Legalization
PHY-3001 : Before Legalized: Len = 1.81891e+06
PHY-3001 : After Legalized: Len = 1.81905e+06, Over = 97.2188
PHY-1001 : End Stage 2.4.1 | Legalization; Time: 0.855312s wall, 0.125000s user + 0.000000s system = 0.125000s CPU (14.6%); Memory(MB): used = 887, reserved = 879, peak = 887;

PHY-1001 : Stage 2.4.2 | Detailed Placement
PHY-1001 : Stage 2.4.2.1 | Simulated Annealing Based DP
PHY-0007 : Initial: WL Cost = 146231, TD Cost = 173990, SWNS = 2507, STNS = 0, Nums per T = 390, Range Limit = 2x32
PHY-0007 : Finally: WL Cost = 141626, TD Cost = 172387, WL Ratio = 0.968509, TD Ratio = 0.990784, SWNS = 2507, STNS = 0
RUN-1001 : Print Detailed placement's Summary information
RUN-1001 : -------------------------------------------------------------------------------------------------------------------------------
RUN-1001 :             |  Total  |  Accept  |  Reject by overFlow  |  Reject by worseCost  |  Failed by noTarget  |  Failed by gridCheck  
RUN-1001 : -------------------------------------------------------------------------------------------------------------------------------
RUN-1001 :   RAM/DSPs  |  1950   |    61    |          0           |         1889          |          0           |           0           
RUN-1001 :    Macros   |   395   |    17    |          0           |          378          |          0           |           0           
RUN-1001 : -------------------------------------------------------------------------------------------------------------------------------
PHY-1001 : End Stage 2.4.2.1 | Simulated Annealing Based DP; Time: 1.094441s wall, 0.484375s user + 0.000000s system = 0.484375s CPU (44.3%); Memory(MB): used = 890, reserved = 882, peak = 890;

PHY-3001 : End Detailed Place; 
PHY-1001 : End Stage 2.4.2 | Detailed Placement; Time: 1.194440s wall, 0.515625s user + 0.000000s system = 0.515625s CPU (43.2%); Memory(MB): used = 890, reserved = 882, peak = 890;

PHY-1001 : End Stage 2.4 | RAM/DSP Legalization and Detailed Placement; Time: 2.050553s wall, 0.640625s user + 0.000000s system = 0.640625s CPU (31.2%); Memory(MB): used = 890, reserved = 882, peak = 890;

PHY-1001 : Stage 2.5 | Global Placement Step 2
PHY-3001 : Target density is 60%
PHY-1001 : Stage 2.5.1 | Update Timing
PHY-1001 : SWNS: 2507, STNS: 0, FEP: 0
PHY-1001 : End Stage 2.5.1 | Update Timing; Time: 0.086435s wall, 0.031250s user + 0.000000s system = 0.031250s CPU (36.2%); Memory(MB): used = 890, reserved = 882, peak = 890;

PHY-1001 : Stage 2.5.2 | Refresh Congestion
RUN-1001 : Generating global routing grids ...
RUN-1001 : Building simple global routing graph ...
PHY-1001 : Generate routing nets ...
PHY-1001 : Reuse net number 0/12389.
PHY-1001 : Global iterations in 16 thread ...
PHY-1002 : len = 1.8117e+06, over cnt = 2201(3%), over = 11659, worst = 61
PHY-1001 : End global iterations;  0.278804s wall, 0.046875s user + 0.000000s system = 0.046875s CPU (16.8%)

PHY-1001 : Congestion index:
PHY-1001 : top1  = 166.51(S 118.22, N 137.05, E 131.47, W 121.38, I 321.79, O 403.95)
PHY-1001 : top5  = 116.32(S 75.78, N 81.90, E 80.57, W 81.18, I 165.89, O 221.86)
PHY-1001 : top10 = 94.51(S 57.28, N 61.72, E 62.07, W 63.84, I 113.80, O 156.33)
PHY-1001 : top15 = 81.94(S 46.80, N 50.90, E 51.43, W 53.55, I 87.57, O 121.79)
PHY-1001 : End Stage 2.5.2 | Refresh Congestion; Time: 0.545552s wall, 0.140625s user + 0.000000s system = 0.140625s CPU (25.8%); Memory(MB): used = 964, reserved = 956, peak = 964;

PHY-1001 : Stage 2.5.3 | GP Iteration
PHY-1001 : End Stage 2.5.3 | GP Iteration; Time: 2.312504s wall, 1.375000s user + 0.015625s system = 1.390625s CPU (60.1%); Memory(MB): used = 968, reserved = 960, peak = 968;

PHY-3001 : Multithread accelerating rate: 0.60
PHY-3001 : Low accelerating rate: 0.60. This may happen when it is heavy-loaded.
PHY-1001 : End Stage 2.5 | Global Placement Step 2; Time: 3.811011s wall, 1.687500s user + 0.015625s system = 1.703125s CPU (44.7%); Memory(MB): used = 971, reserved = 962, peak = 971;

PHY-1001 : Stage 2.6 | RAM/DSP Detailed Placement
PHY-1001 : Stage 2.6.1 | Detailed Placement
PHY-1001 : Stage 2.6.1.1 | Simulated Annealing Based DP
PHY-0007 : Initial: WL Cost = 115187, TD Cost = 117530, SWNS = 1786, STNS = 0, Nums per T = 390, Range Limit = 2x32
PHY-0007 : Finally: WL Cost = 114647, TD Cost = 117536, WL Ratio = 0.995312, TD Ratio = 1.00005, SWNS = 1786, STNS = 0
RUN-1001 : Print Detailed placement's Summary information
RUN-1001 : -------------------------------------------------------------------------------------------------------------------------------
RUN-1001 :             |  Total  |  Accept  |  Reject by overFlow  |  Reject by worseCost  |  Failed by noTarget  |  Failed by gridCheck  
RUN-1001 : -------------------------------------------------------------------------------------------------------------------------------
RUN-1001 :   RAM/DSPs  |  1170   |    13    |          0           |         1157          |          0           |           0           
RUN-1001 :    Macros   |   245   |    3     |          0           |          242          |          0           |           0           
RUN-1001 : -------------------------------------------------------------------------------------------------------------------------------
PHY-1001 : End Stage 2.6.1.1 | Simulated Annealing Based DP; Time: 0.869475s wall, 0.171875s user + 0.000000s system = 0.171875s CPU (19.8%); Memory(MB): used = 973, reserved = 965, peak = 973;

PHY-3001 : End Detailed Place; 
PHY-1001 : End Stage 2.6.1 | Detailed Placement; Time: 0.969270s wall, 0.234375s user + 0.000000s system = 0.234375s CPU (24.2%); Memory(MB): used = 973, reserved = 965, peak = 973;

PHY-1001 : Stage 2.6.2 | Spreading
OPT-1001 : Total overflow 508.94 peak overflow 4.75
PHY-3001 : Spreading for sector grids.
PHY-3001 : Iter 1, total overflow: 0
PHY-3001 : tot_capacity: 36, usage_cnt: 16, movable_cnt: 26
PHY-3001 : End spreading;  0.047009s wall, 0.031250s user + 0.000000s system = 0.031250s CPU (66.5%)

PHY-1001 : End Stage 2.6.2 | Spreading; Time: 0.047065s wall, 0.031250s user + 0.000000s system = 0.031250s CPU (66.4%); Memory(MB): used = 974, reserved = 965, peak = 974;

PHY-1001 : End Stage 2.6 | RAM/DSP Detailed Placement; Time: 1.120376s wall, 0.328125s user + 0.000000s system = 0.328125s CPU (29.3%); Memory(MB): used = 974, reserved = 965, peak = 974;

PHY-1001 : Stage 2.7 | Optimize Design
OPT-1001 : Start physical optimization ...
OPT-1001 : Total overflow 508.94 peak overflow 4.75
OPT-1001 : Stage 2.7.1 | Synthesize High-fanout Net
OPT-1001 : Start high-fanout net optimization in pre-pack flow with medium effort ...
OPT-1001 : Update timing in Manhattan mode
OPT-1001 : End timing update;  0.814159s wall, 0.265625s user + 0.000000s system = 0.265625s CPU (32.6%)

OPT-1001 : Start: SWNS 1786 STNS 0 NUM_FEPS 0
OPT-1001 : Total overflow 508.94 peak overflow 4.75
PHY-1001 : Populate physical database on model design_top_wrapper.
OPT-1001 : 27 high-fanout net processed.
PHY-3001 : Start incremental placement ...
PHY-1001 : Populate physical database on model design_top_wrapper.
PHY-1001 : Processing 2 clock pins of DDR instance u_ph1p35_324_ddr_wrapper/u_ddr2/ph1p_ddrmc_wrapper/ph1p_ddrmc_top/u_ddr_phy/u_ddrphy_top/u_ddrphy/ac_byte[0]$ac_byte_used$u_ddrphy_ac_byte_wrapper/u_ddrphy_byte, location = x0y70z0.
PHY-1001 :   Placed ioclk instance u_ph1p35_324_ddr_wrapper/u_ddr2/ph1p_ddrmc_wrapper/ph1p_ddrmc_top/u_ddr_phy/u_ddrphy_top/u_ddrphy_clk/ioclk[0]$u_ioclk_1, location = x0y59z1.
PHY-1001 :   Placed ioclk instance u_ph1p35_324_ddr_wrapper/u_ddr2/ph1p_ddrmc_wrapper/ph1p_ddrmc_top/u_ddr_phy/u_ddrphy_top/u_ddrphy_clk/ioclk[0]$u_ioclk_0, location = x0y59z0.
PHY-1001 : Processing 2 clock pins of DDR instance u_ph1p35_324_ddr_wrapper/u_ddr2/ph1p_ddrmc_wrapper/ph1p_ddrmc_top/u_ddr_phy/u_ddrphy_top/u_ddrphy/ac_byte[1]$ac_byte_used$u_ddrphy_ac_byte_wrapper/u_ddrphy_byte, location = x0y60z0.
PHY-1001 :   Placed ioclk instance u_ph1p35_324_ddr_wrapper/u_ddr2/ph1p_ddrmc_wrapper/ph1p_ddrmc_top/u_ddr_phy/u_ddrphy_top/u_ddrphy_clk/ioclk[0]$u_ioclk_1, location = x0y59z1.
PHY-1001 :   Placed ioclk instance u_ph1p35_324_ddr_wrapper/u_ddr2/ph1p_ddrmc_wrapper/ph1p_ddrmc_top/u_ddr_phy/u_ddrphy_top/u_ddrphy_clk/ioclk[0]$u_ioclk_0, location = x0y59z0.
PHY-1001 : Processing 2 clock pins of DDR instance u_ph1p35_324_ddr_wrapper/u_ddr2/ph1p_ddrmc_wrapper/ph1p_ddrmc_top/u_ddr_phy/u_ddrphy_top/u_ddrphy/ac_byte[2]$ac_byte_used$u_ddrphy_ac_byte_wrapper/u_ddrphy_byte, location = x0y50z0.
PHY-1001 :   Placed ioclk instance u_ph1p35_324_ddr_wrapper/u_ddr2/ph1p_ddrmc_wrapper/ph1p_ddrmc_top/u_ddr_phy/u_ddrphy_top/u_ddrphy_clk/ioclk[0]$u_ioclk_1, location = x0y59z1.
PHY-1001 :   Placed ioclk instance u_ph1p35_324_ddr_wrapper/u_ddr2/ph1p_ddrmc_wrapper/ph1p_ddrmc_top/u_ddr_phy/u_ddrphy_top/u_ddrphy_clk/ioclk[0]$u_ioclk_0, location = x0y59z0.
PHY-1001 : Processing 2 clock pins of DDR instance u_ph1p35_324_ddr_wrapper/u_ddr2/ph1p_ddrmc_wrapper/ph1p_ddrmc_top/u_ddr_phy/u_ddrphy_top/u_ddrphy/ac_byte[3]$ac_byte_used$u_ddrphy_ac_byte_wrapper/u_ddrphy_byte, location = x0y40z0.
PHY-1001 :   Placed ioclk instance u_ph1p35_324_ddr_wrapper/u_ddr2/ph1p_ddrmc_wrapper/ph1p_ddrmc_top/u_ddr_phy/u_ddrphy_top/u_ddrphy_clk/ioclk[0]$u_ioclk_1, location = x0y59z1.
PHY-1001 :   Placed ioclk instance u_ph1p35_324_ddr_wrapper/u_ddr2/ph1p_ddrmc_wrapper/ph1p_ddrmc_top/u_ddr_phy/u_ddrphy_top/u_ddrphy_clk/ioclk[0]$u_ioclk_0, location = x0y59z0.
PHY-1001 : Processing 2 clock pins of DDR instance u_ph1p35_324_ddr_wrapper/u_ddr2/ph1p_ddrmc_wrapper/ph1p_ddrmc_top/u_ddr_phy/u_ddrphy_top/u_ddrphy/dx_byte[0]$dx_byte_used$u_ddrphy_dx_byte_wrapper/u_ddrphy_byte, location = x0y30z0.
PHY-1001 :   Placed ioclk instance u_ph1p35_324_ddr_wrapper/u_ddr2/ph1p_ddrmc_wrapper/ph1p_ddrmc_top/u_ddr_phy/u_ddrphy_top/u_ddrphy_clk/ioclk[1]$u_ioclk_1, location = x0y19z1.
PHY-1001 :   Placed ioclk instance u_ph1p35_324_ddr_wrapper/u_ddr2/ph1p_ddrmc_wrapper/ph1p_ddrmc_top/u_ddr_phy/u_ddrphy_top/u_ddrphy_clk/ioclk[1]$u_ioclk_0, location = x0y19z0.
PHY-1001 : Processing 2 clock pins of DDR instance u_ph1p35_324_ddr_wrapper/u_ddr2/ph1p_ddrmc_wrapper/ph1p_ddrmc_top/u_ddr_phy/u_ddrphy_top/u_ddrphy/dx_byte[1]$dx_byte_used$u_ddrphy_dx_byte_wrapper/u_ddrphy_byte, location = x0y10z0.
PHY-1001 :   Placed ioclk instance u_ph1p35_324_ddr_wrapper/u_ddr2/ph1p_ddrmc_wrapper/ph1p_ddrmc_top/u_ddr_phy/u_ddrphy_top/u_ddrphy_clk/ioclk[1]$u_ioclk_1, location = x0y19z1.
PHY-1001 :   Placed ioclk instance u_ph1p35_324_ddr_wrapper/u_ddr2/ph1p_ddrmc_wrapper/ph1p_ddrmc_top/u_ddr_phy/u_ddrphy_top/u_ddrphy_clk/ioclk[1]$u_ioclk_0, location = x0y19z0.
PHY-3001 : Target density is 60%
PHY-3001 : Target density is 60%
PHY-1001 : Stage 2.7.1.1 | Update Timing
PHY-1001 : SWNS: 1786, STNS: 0, FEP: 0
PHY-1001 : End Stage 2.7.1.1 | Update Timing; Time: 0.093003s wall, 0.031250s user + 0.000000s system = 0.031250s CPU (33.6%); Memory(MB): used = 974, reserved = 965, peak = 974;

PHY-1001 : Stage 2.7.1.2 | Refresh Congestion
RUN-1001 : Generating global routing grids ...
PHY-1001 : Generate routing nets ...
PHY-1001 : Reuse net number 150/22813.
PHY-1001 : Global iterations in 16 thread ...
PHY-1002 : len = 1.43795e+06, over cnt = 2866(4%), over = 15804, worst = 67
PHY-1001 : End global iterations;  0.452800s wall, 0.234375s user + 0.000000s system = 0.234375s CPU (51.8%)

PHY-1001 : Congestion index:
PHY-1001 : top1  = 169.70(S 138.09, N 144.24, E 129.66, W 116.07, I 177.77, O 210.86)
PHY-1001 : top5  = 127.11(S 93.01, N 96.30, E 81.90, W 79.65, I 104.45, O 128.29)
PHY-1001 : top10 = 106.36(S 70.07, N 73.56, E 64.23, W 64.12, I 78.06, O 100.00)
PHY-1001 : top15 = 93.87(S 57.13, N 61.09, E 54.69, W 54.92, I 64.32, O 84.04)
PHY-1001 : End Stage 2.7.1.2 | Refresh Congestion; Time: 0.580299s wall, 0.265625s user + 0.000000s system = 0.265625s CPU (45.8%); Memory(MB): used = 983, reserved = 974, peak = 983;

PHY-1001 : Stage 2.7.1.3 | GP Iteration
PHY-1001 : End Stage 2.7.1.3 | GP Iteration; Time: 1.231865s wall, 0.718750s user + 0.000000s system = 0.718750s CPU (58.3%); Memory(MB): used = 984, reserved = 975, peak = 984;

PHY-3001 : Multithread accelerating rate: 0.59
PHY-3001 : Low accelerating rate: 0.59. This may happen when it is heavy-loaded.
OPT-1001 : Total overflow 533.44 peak overflow 4.75
PHY-3001 : Spreading for sector grids.
PHY-3001 : Iter 1, total overflow: 0
PHY-3001 : tot_capacity: 36, usage_cnt: 16, movable_cnt: 29
PHY-3001 : End spreading;  0.044368s wall, 0.000000s user + 0.000000s system = 0.000000s CPU (n/a%)

PHY-3001 : Final: Len = 1.19687e+06, Over = 89
PHY-3001 : End incremental placement;  2.133364s wall, 1.078125s user + 0.000000s system = 1.078125s CPU (50.5%)

OPT-1001 : Total overflow 533.44 peak overflow 4.75
RUN-1001 : HFN opt statistic
RUN-1001 : ------------------------------------------------------
RUN-1001 :   DriverCell type  |  HFN count  |  Duplicated count  
RUN-1001 : ------------------------------------------------------
RUN-1001 :         REG        |     15      |         71         
RUN-1001 :        LUT6        |      1      |         6          
RUN-1001 :        LUT5        |      4      |         22         
RUN-1001 :        LUT4        |      1      |         4          
RUN-1001 :        LUT3        |      3      |         11         
RUN-1001 :        LUT2        |      3      |         15         
RUN-1001 :        TOTAL       |     27      |        129         
RUN-1001 : ------------------------------------------------------
OPT-1001 : End high-fanout net optimization;  3.588799s wall, 1.500000s user + 0.000000s system = 1.500000s CPU (41.8%)

OPT-1001 : Update timing in Manhattan mode
OPT-1001 : End timing update;  0.850029s wall, 0.265625s user + 0.000000s system = 0.265625s CPU (31.2%)

OPT-1001 : Current memory(MB): used = 984, reserved = 975, peak = 984.
OPT-1001 : End Stage 2.7.1 | Synthesize High-fanout Net; Time: 4.537442s wall, 1.796875s user + 0.000000s system = 1.796875s CPU (39.6%); Memory(MB): used = 984, reserved = 975, peak = 984;

OPT-1001 : Stage 2.7.2 | Global Optimization
OPT-1001 : Start global optimization ...
OPT-0007 : Start: SWNS 2349 STNS 0 NUM_FEPS 0
OPT-1001 : Start congestion update ...
RUN-1001 : Generating global routing grids ...
PHY-1001 : Generate routing nets ...
PHY-1001 : Reuse net number 1889/21602.
PHY-1001 : Global iterations in 16 thread ...
PHY-1002 : len = 1.344e+06, over cnt = 2704(3%), over = 9330, worst = 30
PHY-1002 : len = 1.45971e+06, over cnt = 2231(3%), over = 5639, worst = 30
PHY-1002 : len = 1.58085e+06, over cnt = 983(1%), over = 2163, worst = 30
PHY-1002 : len = 1.62414e+06, over cnt = 392(0%), over = 761, worst = 10
PHY-1002 : len = 1.65437e+06, over cnt = 10(0%), over = 10, worst = 1
PHY-1001 : End global iterations;  1.271079s wall, 0.328125s user + 0.000000s system = 0.328125s CPU (25.8%)

PHY-1001 : Congestion index:
PHY-1001 : top1  = 90.39(S 81.80, N 76.02, E 77.24, W 82.96, I 180.95, O 191.69)
PHY-1001 : top5  = 76.56(S 64.76, N 63.72, E 61.12, W 65.69, I 103.32, O 125.16)
PHY-1001 : top10 = 69.56(S 54.79, N 55.58, E 51.83, W 56.72, I 77.65, O 99.35)
PHY-1001 : top15 = 64.78(S 47.89, N 49.56, E 45.74, W 50.68, I 64.17, O 84.33)
OPT-1001 : End congestion update;  1.467423s wall, 0.343750s user + 0.000000s system = 0.343750s CPU (23.4%)

OPT-0007 : Iter 1: improved SWNS 2349 STNS 0 NUM_FEPS 0 with 63 cells processed and 4428 slack improved
OPT-0007 : Iter 2: improved SWNS 2349 STNS 0 NUM_FEPS 0 with 38 cells processed and 2334 slack improved
OPT-0007 : Iter 3: improved SWNS 2349 STNS 0 NUM_FEPS 0 with 15 cells processed and 316 slack improved
OPT-1001 : Overall commit ratio 0.41
OPT-1001 : End global optimization;  1.545125s wall, 0.421875s user + 0.000000s system = 0.421875s CPU (27.3%)

OPT-1001 : Current memory(MB): used = 984, reserved = 975, peak = 984.
OPT-1001 : End Stage 2.7.2 | Global Optimization; Time: 2.067780s wall, 0.531250s user + 0.000000s system = 0.531250s CPU (25.7%); Memory(MB): used = 984, reserved = 975, peak = 984;

OPT-0007 : End flow prepack: SWNS 2349 STNS 0 NUM_FEPS 0
OPT-1001 : End physical optimization;  6.635583s wall, 2.328125s user + 0.000000s system = 2.328125s CPU (35.1%)

PHY-1001 : End Stage 2.7 | Optimize Design; Time: 6.638098s wall, 2.328125s user + 0.000000s system = 2.328125s CPU (35.1%); Memory(MB): used = 984, reserved = 975, peak = 984;

PHY-1001 : Stage 2.8 | Pack and Legalization
PHY-1001 : Stage 2.8.1 | Direct Legalization
PHY-3001 : Start Direct Legalization ...
PHY-3001 : Get top1 grid util = 0.625255, top1_avg = 0.625255.
PHY-1001 : Populate physical database on model design_top_wrapper.
PHY-3001 : Target density is 60%
PHY-3001 : Before Legalization for Slice Macros, Len = 1.20203e+06.
RUN-1001 : Legalization top10 inst displacement:
RUN-1001 : ---------------------------------------------------------------------------------------------------------------------------------------------------------------------------------------------------------------------------
RUN-1001 :   Index  |  Bounded  |  Height  |        Location        |  Disp. (slots)  |  Disp. (grids)  |                                                            Name                                                             
RUN-1001 : ---------------------------------------------------------------------------------------------------------------------------------------------------------------------------------------------------------------------------
RUN-1001 :     1    |     N     |    8     |   x3y60z3 to x5y57z0   |       43        |        5        |   u_ph1p35_324_ddr_wrapper/u_ddr2/ph1p_ddrmc_wrapper/ph1p_ddrmc_top/u_ddr_phy/u_ddrphy_top/u_ddrphy_init/ramread0_syn_91    
RUN-1001 :     2    |     N     |    8     |   x3y60z4 to x5y63z0   |       36        |        5        |   u_ph1p35_324_ddr_wrapper/u_ddr2/ph1p_ddrmc_wrapper/ph1p_ddrmc_top/u_ddr_phy/u_ddrphy_top/u_ddrphy_init/ramread0_syn_51    
RUN-1001 :     3    |     N     |    8     |   x3y60z3 to x5y62z0   |       29        |        4        |   u_ph1p35_324_ddr_wrapper/u_ddr2/ph1p_ddrmc_wrapper/ph1p_ddrmc_top/u_ddr_phy/u_ddrphy_top/u_ddrphy_init/ramread0_syn_111   
RUN-1001 :     4    |     N     |    8     |   x3y58z6 to x5y58z0   |       22        |        2        |   u_ph1p35_324_ddr_wrapper/u_ddr2/ph1p_ddrmc_wrapper/ph1p_ddrmc_top/u_ddr_phy/u_ddrphy_top/u_ddrphy_init/ramread0_syn_131   
RUN-1001 :     5    |     N     |    8     |  x19y47z6 to x21y47z0  |       22        |        2        |                                    u_isp_top/u_awb/div_gen_G_R_r1/al_d6a16df[32]_syn_20                                     
RUN-1001 :     6    |     N     |    8     |  x18y41z4 to x17y40z0  |       20        |        2        |                                    u_isp_top/u_awb/div_gen_G_R_r1/al_d6a16df[32]_syn_98                                     
RUN-1001 :     7    |     N     |    8     |   x3y60z4 to x5y61z0   |       20        |        3        |   u_ph1p35_324_ddr_wrapper/u_ddr2/ph1p_ddrmc_wrapper/ph1p_ddrmc_top/u_ddr_phy/u_ddrphy_top/u_ddrphy_init/ramread0_syn_71    
RUN-1001 :     8    |     N     |    8     |   x6y20z3 to x5y19z0   |       19        |        2        |  u_ph1p35_324_ddr_wrapper/u_ddr2/ph1p_ddrmc_wrapper/ph1p_ddrmc_top/u_phy2mc_fifo/byteIdx_1[0]$u_wfifo_sync/ramread0_syn_68  
RUN-1001 :     9    |     N     |    8     |   x3y60z3 to x5y60z0   |       19        |        2        |   u_ph1p35_324_ddr_wrapper/u_ddr2/ph1p_ddrmc_wrapper/ph1p_ddrmc_top/u_ddr_phy/u_ddrphy_top/u_ddrphy_init/ramread0_syn_31    
RUN-1001 :    10    |     N     |    8     |  x19y47z6 to x21y48z0  |       18        |        3        |                                    u_isp_top/u_awb/div_gen_G_R_r1/al_d6a16df[32]_syn_150                                    
RUN-1001 : ---------------------------------------------------------------------------------------------------------------------------------------------------------------------------------------------------------------------------
PHY-3001 : After Legalization for Slice Macros, Len = 1.23427e+06.
RUN-1001 : Generating global routing grids ...
PHY-1001 : Generate routing nets ...
PHY-1001 : Reuse net number 19180/21547.
RUN-1002 : start command "update_timing -mode MANHATTAN"
RUN-1002 : start command "start_timer"
RUN-1003 : finish command "update_timing -mode MANHATTAN" in  1.597270s wall, 0.375000s user + 0.000000s system = 0.375000s CPU (23.5%)

RUN-1004 : used memory is 1008 MB, reserved memory is 999 MB, peak memory is 1008 MB
PHY-1001 : Global iterations in 16 thread ...
PHY-1002 : len = 1.65094e+06, over cnt = 833(1%), over = 1825, worst = 9
PHY-1002 : len = 1.66376e+06, over cnt = 686(0%), over = 1163, worst = 9
PHY-1002 : len = 1.6821e+06, over cnt = 319(0%), over = 483, worst = 9
PHY-1002 : len = 1.69494e+06, over cnt = 55(0%), over = 70, worst = 6
PHY-1002 : len = 1.69747e+06, over cnt = 10(0%), over = 10, worst = 1
PHY-1001 : End global iterations;  0.554627s wall, 0.171875s user + 0.000000s system = 0.171875s CPU (31.0%)

PHY-1001 : Congestion index:
PHY-1001 : top1  = 90.38(S 80.51, N 75.65, E 79.59, W 83.37, I 175.33, O 191.28)
PHY-1001 : top5  = 76.69(S 64.84, N 63.17, E 61.82, W 66.67, I 99.85, O 122.46)
PHY-1001 : top10 = 69.63(S 55.24, N 55.27, E 52.48, W 57.47, I 75.94, O 98.26)
PHY-1001 : top15 = 65.05(S 48.18, N 49.37, E 46.61, W 51.23, I 63.32, O 83.91)
PHY-3001 : Total Iter 119, legal = 22074 / 22074 (100.00%), avg_move = 30.24, max_move = 257.
PHY-3001 : There are no illegal insts.
PHY-1001 : Populate physical database on model design_top_wrapper.
PHY-3001 : End Direct Legalization;  24.526158s wall, 192.515625s user + 0.250000s system = 192.765625s CPU (786.0%)

RUN-1001 : Summary of LUT-FF Pairs
RUN-1001 : ---------------------------------------------------------------
RUN-1001 :   Num of Fanout Seqs  |   1x   |  2x  |  3~5  |  6~10  |  >10  
RUN-1001 : ---------------------------------------------------------------
RUN-1001 :         Total         |  6511  |  5   |  52   |   1    |  23   
RUN-1001 :          Grid         |  6505  |  5   |  48   |   1    |  23   
RUN-1001 :          Bank         |  6319  |  5   |  47   |   1    |  23   
RUN-1001 :         Paired        |  6308  |  5   |  44   |   1    |  23   
RUN-1001 : ---------------------------------------------------------------
RUN-1001 : Summary of LUT Pairs
RUN-1001 : ---------------------------------------------------------------------------------------------------------------------
RUN-1001 :            |           |           |           |           |           |  O5 + O6  |  Only O5  |  Only O6  |  Total  
RUN-1001 : ---------------------------------------------------------------------------------------------------------------------
RUN-1001 :   5 Share  |  4 Share  |  3 Share  |  2 Share  |  1 Share  |  0 Share  |           |           |           |         
RUN-1001 :     48     |    167    |    194    |    344    |   1648    |   3106    |   5507    |   2282    |   1638    |  9427   
RUN-1001 : ---------------------------------------------------------------------------------------------------------------------
PHY-1001 : End Stage 2.8.1 | Direct Legalization; Time: 24.561807s wall, 192.515625s user + 0.250000s system = 192.765625s CPU (784.8%); Memory(MB): used = 1101, reserved = 1092, peak = 1101;

PHY-3001 : Target density is 60%
PHY-3001 : After Direct Legalization, Len = 1.50176e+06.
PHY-1001 : End Stage 2.8 | Pack and Legalization; Time: 24.662414s wall, 192.546875s user + 0.250000s system = 192.796875s CPU (781.7%); Memory(MB): used = 1101, reserved = 1092, peak = 1101;

RUN-1002 : start command "start_timer"
RUN-1003 : finish command "start_timer" in  1.759668s wall, 0.546875s user + 0.000000s system = 0.546875s CPU (31.1%)

RUN-1004 : used memory is 1101 MB, reserved memory is 1092 MB, peak memory is 1101 MB
PHY-1001 : End Stage 2 | Global Placement; Time: 45.652957s wall, 199.953125s user + 0.281250s system = 200.234375s CPU (438.6%); Memory(MB): used = 1102, reserved = 1092, peak = 1102;

PHY-1001 : Stage 3 | Detailed Placement
PHY-1001 : Stage 3.1 | SLICE Detailed Placement
PHY-1001 : Stage 3.1.1 | Spreading
PHY-3001 : Design contains 147 ce signals.
PHY-3001 : Spreading for sector grids.
PHY-3001 : Iter 1, total overflow: 0
PHY-3001 : tot_capacity: 36, usage_cnt: 16, movable_cnt: 25
PHY-3001 : Spreading for clock grids.
PHY-3001 : clock grid count for 24 x 4 grids
PHY-3001 : Spreading for plb grids.
PHY-3001 : total displace: 0, max displace: 0.
PHY-3001 : End spreading;  0.180820s wall, 0.062500s user + 0.000000s system = 0.062500s CPU (34.6%)

PHY-1001 : End Stage 3.1.1 | Spreading; Time: 0.180885s wall, 0.062500s user + 0.000000s system = 0.062500s CPU (34.6%); Memory(MB): used = 1102, reserved = 1100, peak = 1102;

PHY-1001 : Stage 3.1.2 | Simulated Annealing Based DP
RUN-1001 : Generating global routing grids ...
PHY-1001 : Generate routing nets ...
PHY-1001 : Reuse net number 1813/16680.
PHY-1001 : Global iterations in 16 thread ...
PHY-1002 : len = 1.59096e+06, over cnt = 1284(1%), over = 2694, worst = 9
PHY-1002 : len = 1.6205e+06, over cnt = 879(1%), over = 1494, worst = 9
PHY-1002 : len = 1.64094e+06, over cnt = 320(0%), over = 574, worst = 8
PHY-1002 : len = 1.65246e+06, over cnt = 62(0%), over = 105, worst = 6
PHY-1002 : len = 1.65525e+06, over cnt = 0(0%), over = 0, worst = 0
PHY-1001 : End global iterations;  0.840630s wall, 0.328125s user + 0.000000s system = 0.328125s CPU (39.0%)

PHY-1001 : Congestion index:
PHY-1001 : top1  = 75.93(S 70.35, N 62.09, E 64.34, W 71.46, I 62.83, O 72.53)
PHY-1001 : top5  = 65.86(S 55.89, N 51.54, E 51.79, W 56.53, I 51.31, O 60.09)
PHY-1001 : top10 = 60.14(S 46.81, N 44.62, E 45.00, W 48.78, I 44.56, O 53.76)
PHY-1001 : top15 = 56.39(S 40.56, N 39.96, E 40.44, W 43.60, I 40.01, O 48.99)
PHY-0007 : Initial: WL Cost = 115119, TD Cost = 70105.2, SWNS = 1902, STNS = 0, Nums per T = 90640, Range Limit = 4x8
PHY-0007 : Finally: WL Cost = 102119, TD Cost = 49558.1, WL Ratio = 0.887073, TD Ratio = 0.706911, SWNS = 2478, STNS = 0
RUN-1001 : Print Detailed placement's Summary information
RUN-1001 : ------------------------------------------------------------------------------------------------------------------------------
RUN-1001 :           |  Total   |  Accept  |  Reject by overFlow  |  Reject by worseCost  |  Failed by noTarget  |  Failed by gridCheck  
RUN-1001 : ------------------------------------------------------------------------------------------------------------------------------
RUN-1001 :   Slices  |  906400  |  27980   |         404          |        864687         |         248          |         13081         
RUN-1001 :   Macros  |  19488   |   166    |          88          |         19193         |          17          |          24           
RUN-1001 : ------------------------------------------------------------------------------------------------------------------------------
PHY-1001 : End Stage 3.1.2 | Simulated Annealing Based DP; Time: 13.054026s wall, 3.593750s user + 0.000000s system = 3.593750s CPU (27.5%); Memory(MB): used = 1110, reserved = 1109, peak = 1110;

PHY-3001 : End Detailed Place; 
PHY-3001 : Final: Len = 1.31763e+06, Over = 0
PHY-1001 : End Stage 3.1 | SLICE Detailed Placement; Time: 13.464752s wall, 3.734375s user + 0.000000s system = 3.734375s CPU (27.7%); Memory(MB): used = 1110, reserved = 1109, peak = 1110;

PHY-3001 : End Detailed Place; 
PHY-1001 : Stage 3.2 | Optimize Design
OPT-1001 : Start physical optimization ...
OPT-1001 : Total overflow 0.00 peak overflow 0.00
OPT-1001 : Stage 3.2.1 | Physical Optimization
OPT-1001 : Start high-fanout net optimization in optimize equivalent flow with medium effort ...
OPT-1001 : Clean unloaded insts before merging registers
PHY-1001 : Populate physical database on model design_top_wrapper.
PHY-1001 : Populate physical database on model design_top_wrapper.
OPT-1001 : Total overflow 0.00 peak overflow 0.00
OPT-1001 : End optimize duplicated nets. Total 48 instances are merged and 526 sinks are reconnected,  1.299062s wall, 0.250000s user + 0.000000s system = 0.250000s CPU (19.2%)

OPT-1001 : End high-fanout net optimization;  1.299858s wall, 0.250000s user + 0.000000s system = 0.250000s CPU (19.2%)

OPT-1001 : Update timing in Manhattan mode
RUN-1002 : start command "start_timer"
RUN-1003 : finish command "start_timer" in  1.380895s wall, 0.453125s user + 0.000000s system = 0.453125s CPU (32.8%)

RUN-1004 : used memory is 1110 MB, reserved memory is 1109 MB, peak memory is 1111 MB
OPT-1001 : End timing update;  2.254256s wall, 0.781250s user + 0.000000s system = 0.781250s CPU (34.7%)

OPT-1001 : Current memory(MB): used = 1111, reserved = 1109, peak = 1111.
OPT-1001 : End Stage 3.2.1 | Physical Optimization; Time: 3.648241s wall, 1.046875s user + 0.000000s system = 1.046875s CPU (28.7%); Memory(MB): used = 1111, reserved = 1109, peak = 1111;

OPT-1001 : Stage 3.2.2 | Synthesize High-fanout Net
OPT-1001 : Start high-fanout net optimization in post-pack flow with medium effort ...
OPT-1001 : Start: SWNS 2478 STNS 0 NUM_FEPS 0
OPT-1001 : Total overflow 0.00 peak overflow 0.00
PHY-1001 : Populate physical database on model design_top_wrapper.
OPT-1001 : 9 high-fanout net processed.
OPT-1001 : Total overflow 0.00 peak overflow 0.00
RUN-1001 : HFN opt statistic
RUN-1001 : ------------------------------------------------------
RUN-1001 :   DriverCell type  |  HFN count  |  Duplicated count  
RUN-1001 : ------------------------------------------------------
RUN-1001 :       LSLICE       |      0      |         0          
RUN-1001 :       MSLICE       |      0      |         0          
RUN-1001 :        OTHER       |      9      |         4          
RUN-1001 :        TOTAL       |      9      |         4          
RUN-1001 : ------------------------------------------------------
OPT-1001 : End high-fanout net optimization;  0.517397s wall, 0.187500s user + 0.000000s system = 0.187500s CPU (36.2%)

OPT-1001 : Current memory(MB): used = 1111, reserved = 1109, peak = 1111.
OPT-1001 : End Stage 3.2.2 | Synthesize High-fanout Net; Time: 0.612042s wall, 0.203125s user + 0.000000s system = 0.203125s CPU (33.2%); Memory(MB): used = 1111, reserved = 1109, peak = 1111;

OPT-1001 : Stage 3.2.3 | Optimize Path
OPT-1001 : Start unpack path based optimization ...
OPT-0007 : Start: SWNS 2478 STNS 0 NUM_FEPS 0 with mode 2
OPT-1001 : Start congestion update ...
RUN-1001 : Generating global routing grids ...
PHY-1001 : Generate routing nets ...
PHY-1001 : Reuse net number 4909/17321.
PHY-1001 : Global iterations in 16 thread ...
PHY-1002 : len = 1.46726e+06, over cnt = 1658(2%), over = 3424, worst = 9
PHY-1002 : len = 1.50904e+06, over cnt = 1046(1%), over = 1784, worst = 9
PHY-1002 : len = 1.5471e+06, over cnt = 217(0%), over = 339, worst = 7
PHY-1002 : len = 1.5543e+06, over cnt = 75(0%), over = 92, worst = 4
PHY-1002 : len = 1.55754e+06, over cnt = 0(0%), over = 0, worst = 0
PHY-1001 : End global iterations;  0.944473s wall, 0.296875s user + 0.000000s system = 0.296875s CPU (31.4%)

PHY-1001 : Congestion index:
PHY-1001 : top1  = 75.60(S 69.29, N 64.06, E 62.17, W 70.56, I 62.31, O 69.98)
PHY-1001 : top5  = 65.48(S 54.90, N 52.73, E 49.04, W 56.46, I 50.59, O 57.01)
PHY-1001 : top10 = 59.73(S 46.53, N 46.06, E 42.44, W 48.82, I 44.14, O 51.51)
PHY-1001 : top15 = 55.85(S 40.73, N 41.35, E 38.18, W 43.77, I 39.71, O 47.67)
OPT-1001 : End congestion update;  1.185184s wall, 0.343750s user + 0.000000s system = 0.343750s CPU (29.0%)

OPT-0007 : Iter 1: improved SWNS 2702 STNS 0 NUM_FEPS 0 with 44(282) cells and 141(141) paths processed with 5762 slack improved, crit_thod: 3000 ratio: 0.84(49/58) rt: 0.2s
OPT-0007 : Iter 2: improved SWNS 2710 STNS 0 NUM_FEPS 0 with 13(180) cells and 90(90) paths processed with 1385 slack improved, crit_thod: 3000 ratio: 0.70(16/23) rt: 0.2s
OPT-0007 : Iter 3: improved SWNS 2731 STNS 0 NUM_FEPS 0 with 5(122) cells and 61(61) paths processed with 997 slack improved, crit_thod: 3000 ratio: 0.45(5/11) rt: 0.1s
OPT-0007 : Iter 4: improved SWNS 2733 STNS 0 NUM_FEPS 0 with 3(116) cells and 58(58) paths processed with 142 slack improved, crit_thod: 3000 ratio: 0.44(4/9) rt: 0.1s
OPT-0007 : Iter 5: improved SWNS 2733 STNS 0 NUM_FEPS 0 with 2(116) cells and 58(58) paths processed with 181 slack improved, crit_thod: 3000 ratio: 0.29(2/7) rt: 0.1s
OPT-1001 : End path based optimization;  1.947765s wall, 0.781250s user + 0.000000s system = 0.781250s CPU (40.1%)

OPT-1001 : Current memory(MB): used = 1111, reserved = 1109, peak = 1111.
OPT-1001 : End Stage 3.2.3 | Optimize Path; Time: 2.041950s wall, 0.843750s user + 0.000000s system = 0.843750s CPU (41.3%); Memory(MB): used = 1111, reserved = 1109, peak = 1111;

OPT-1001 : Stage 3.2.4 | Optimize Duplicated Nets
OPT-1001 : Start: WNS 2733 TNS 0 NUM_FEPS 0
OPT-1001 : Clean unloaded insts before merging registers
PHY-1001 : Populate physical database on model design_top_wrapper.
PHY-1001 : Populate physical database on model design_top_wrapper.
OPT-1001 : Total overflow 0.00 peak overflow 0.00
OPT-1001 : End optimize duplicated nets. Total 1 instances are merged and 91 sinks are reconnected,  1.252063s wall, 0.562500s user + 0.000000s system = 0.562500s CPU (44.9%)

OPT-1001 : Update timing in Manhattan mode
RUN-1002 : start command "start_timer"
RUN-1003 : finish command "start_timer" in  1.393609s wall, 0.515625s user + 0.000000s system = 0.515625s CPU (37.0%)

RUN-1004 : used memory is 1111 MB, reserved memory is 1109 MB, peak memory is 1111 MB
OPT-1001 : End timing update;  2.264862s wall, 0.843750s user + 0.000000s system = 0.843750s CPU (37.3%)

OPT-1001 : Current memory(MB): used = 1111, reserved = 1109, peak = 1111.
OPT-1001 : End Stage 3.2.4 | Optimize Duplicated Nets; Time: 3.612514s wall, 1.421875s user + 0.000000s system = 1.421875s CPU (39.4%); Memory(MB): used = 1111, reserved = 1109, peak = 1111;

OPT-1001 : Stage 3.2.5 | Swap Pins
OPT-1001 : Start pin optimization...
OPT-1001 : Start: SWNS 2733 STNS 0 NUM_FEPS 0
OPT-1001 : Successfully optimized 511 instances
OPT-1001 : Successfully optimized 66 instances
OPT-1001 : End pin optimization;  0.707801s wall, 0.125000s user + 0.000000s system = 0.125000s CPU (17.7%)

OPT-1001 : Current memory(MB): used = 1111, reserved = 1109, peak = 1111.
OPT-1001 : End Stage 3.2.5 | Swap Pins; Time: 0.802918s wall, 0.171875s user + 0.000000s system = 0.171875s CPU (21.4%); Memory(MB): used = 1111, reserved = 1109, peak = 1111;

OPT-1001 : Stage 3.2.6 | Optimize Beeline
OPT-1001 : Start beeline optimization...
OPT-1001 : Start: SWNS 2733 STNS 0 NUM_FEPS 0
PHY-1001 : Beeline DP, 724 out of 4560 (15.88)%; hop = 954.
PHY-1001 : Beeline DP, 247 out of 3833 (6.44)%; hop = 345.
PHY-1001 : Beeline DP, 144 out of 3730 (3.86)%; hop = 204.
PHY-1001 : Beeline DP, 117 out of 3692 (3.17)%; hop = 163.
PHY-1001 : Beeline DP, 99 out of 3686 (2.69)%; hop = 135.
PHY-1001 : Beeline optimization intraPLB, 2088 1-hop(38.75%), 2277 2-hop(42.26%), 439 3-hop( 8.15%), 584 others (10.84%)
PHY-1001 :  6.343175s wall, 2.390625s user + 0.000000s system = 2.390625s CPU (37.7%)

RUN-1001 : Beeline optimization outerPLB: 1-hop 1771, 2-hop 3222, 3-hop 1925, 4-hop 625, other 1667 
OPT-1001 : End beeline optimization;  6.733774s wall, 2.515625s user + 0.000000s system = 2.515625s CPU (37.4%)

OPT-1001 : Update timing in Manhattan mode
OPT-1001 : End timing update;  0.855974s wall, 0.312500s user + 0.000000s system = 0.312500s CPU (36.5%)

OPT-1001 : End Stage 3.2.6 | Optimize Beeline; Time: 7.758705s wall, 2.890625s user + 0.000000s system = 2.890625s CPU (37.3%); Memory(MB): used = 1112, reserved = 1109, peak = 1112;

OPT-0007 : End flow postpack: SWNS 2698 STNS 0 NUM_FEPS 0
RUN-1001 : Generating global routing grids ...
PHY-1001 : Generate routing nets ...
PHY-1001 : Reuse net number 14910/16637.
PHY-1001 : Global iterations in 16 thread ...
PHY-1002 : len = 1.57042e+06, over cnt = 377(0%), over = 521, worst = 6
PHY-1002 : len = 1.57424e+06, over cnt = 221(0%), over = 278, worst = 5
PHY-1002 : len = 1.57992e+06, over cnt = 43(0%), over = 45, worst = 2
PHY-1002 : len = 1.5807e+06, over cnt = 24(0%), over = 26, worst = 2
PHY-1002 : len = 1.58101e+06, over cnt = 0(0%), over = 0, worst = 0
PHY-1001 : End global iterations;  0.365577s wall, 0.093750s user + 0.000000s system = 0.093750s CPU (25.6%)

PHY-1001 : Congestion index:
PHY-1001 : top1  = 76.38(S 70.03, N 63.49, E 63.08, W 70.18, I 62.31, O 69.49)
PHY-1001 : top5  = 65.55(S 55.09, N 52.52, E 48.92, W 56.42, I 50.02, O 57.06)
PHY-1001 : top10 = 59.97(S 46.57, N 45.92, E 42.39, W 48.97, I 43.85, O 51.60)
PHY-1001 : top15 = 56.00(S 40.76, N 41.31, E 38.13, W 44.01, I 39.58, O 47.75)
RUN-1001 : QoR Analysis:
OPT-0007 :   SWNS 2698 STNS 0 NUM_FEPS 0
RUN-1001 :   No local congestion issue, and most congested 1% tile average routing util is 75.894737
RUN-1001 :   Top critical paths
RUN-1001 :       #1 path slack 2698ps with logic level 1 
RUN-1001 :       #2 path slack 2698ps with logic level 1 
RUN-1001 :       #3 path slack 2698ps with logic level 1 
RUN-1001 :       #4 path slack 2698ps with logic level 1 
RUN-1001 :       #5 path slack 2733ps with logic level 1 
RUN-1001 :       #6 path slack 2733ps with logic level 1 
RUN-1001 :       #7 path slack 2733ps with logic level 1 
RUN-1001 :       #8 path slack 2733ps with logic level 1 
RUN-1001 :       #9 path slack 2760ps with logic level 1 
RUN-1001 :       #10 path slack 2760ps with logic level 1 
OPT-1001 : End physical optimization;  19.196010s wall, 6.875000s user + 0.000000s system = 6.875000s CPU (35.8%)

PHY-1001 : End Stage 3.2 | Optimize Design; Time: 19.196137s wall, 6.875000s user + 0.000000s system = 6.875000s CPU (35.8%); Memory(MB): used = 1112, reserved = 1109, peak = 1112;

RUN-1001 : Report Control nets information:
RUN-1001 : DFF Distribution
RUN-1001 : -------------------------------------
RUN-1001 :   CE   |  SSR  |  ASR  |  DFF Count  
RUN-1001 : -------------------------------------
RUN-1001 :   No   |  No   |  No   |     224     
RUN-1001 :   No   |  No   |  Yes  |      0      
RUN-1001 :   No   |  Yes  |  No   |      0      
RUN-1001 :   Yes  |  No   |  No   |    6984     
RUN-1001 :   Yes  |  No   |  Yes  |    5843     
RUN-1001 :   Yes  |  Yes  |  No   |     491     
RUN-1001 : -------------------------------------
RUN-1001 : Control Group Statistic
RUN-1001 : -----------------------------
RUN-1001 :   #CLK  |  #CE  |  #SSR/ASR  
RUN-1001 : -----------------------------
RUN-1001 :    10   |  354  |     34     
RUN-1001 : -----------------------------
RUN-0007 : Control Set = 435
PHY-1001 : End Stage 3 | Detailed Placement; Time: 32.766481s wall, 10.656250s user + 0.000000s system = 10.656250s CPU (32.5%); Memory(MB): used = 1112, reserved = 1109, peak = 1112;

PHY-1001 : Populate physical database on model design_top_wrapper.
PHY-1001 : Stage 4 | Optimize Design
PHY-3001 : Start incremental legalization ...
PHY-1001 : Populate physical database on model design_top_wrapper.
PHY-1001 : Processing 2 clock pins of DDR instance u_ph1p35_324_ddr_wrapper/u_ddr2/ph1p_ddrmc_wrapper/ph1p_ddrmc_top/u_ddr_phy/u_ddrphy_top/u_ddrphy/ac_byte[0]$ac_byte_used$u_ddrphy_ac_byte_wrapper/u_ddrphy_byte, location = x0y70z0.
PHY-1001 :   Placed ioclk instance u_ph1p35_324_ddr_wrapper/u_ddr2/ph1p_ddrmc_wrapper/ph1p_ddrmc_top/u_ddr_phy/u_ddrphy_top/u_ddrphy_clk/ioclk[0]$u_ioclk_1, location = x0y59z1.
PHY-1001 :   Placed ioclk instance u_ph1p35_324_ddr_wrapper/u_ddr2/ph1p_ddrmc_wrapper/ph1p_ddrmc_top/u_ddr_phy/u_ddrphy_top/u_ddrphy_clk/ioclk[0]$u_ioclk_0, location = x0y59z0.
PHY-1001 : Processing 2 clock pins of DDR instance u_ph1p35_324_ddr_wrapper/u_ddr2/ph1p_ddrmc_wrapper/ph1p_ddrmc_top/u_ddr_phy/u_ddrphy_top/u_ddrphy/ac_byte[1]$ac_byte_used$u_ddrphy_ac_byte_wrapper/u_ddrphy_byte, location = x0y60z0.
PHY-1001 :   Placed ioclk instance u_ph1p35_324_ddr_wrapper/u_ddr2/ph1p_ddrmc_wrapper/ph1p_ddrmc_top/u_ddr_phy/u_ddrphy_top/u_ddrphy_clk/ioclk[0]$u_ioclk_1, location = x0y59z1.
PHY-1001 :   Placed ioclk instance u_ph1p35_324_ddr_wrapper/u_ddr2/ph1p_ddrmc_wrapper/ph1p_ddrmc_top/u_ddr_phy/u_ddrphy_top/u_ddrphy_clk/ioclk[0]$u_ioclk_0, location = x0y59z0.
PHY-1001 : Processing 2 clock pins of DDR instance u_ph1p35_324_ddr_wrapper/u_ddr2/ph1p_ddrmc_wrapper/ph1p_ddrmc_top/u_ddr_phy/u_ddrphy_top/u_ddrphy/ac_byte[2]$ac_byte_used$u_ddrphy_ac_byte_wrapper/u_ddrphy_byte, location = x0y50z0.
PHY-1001 :   Placed ioclk instance u_ph1p35_324_ddr_wrapper/u_ddr2/ph1p_ddrmc_wrapper/ph1p_ddrmc_top/u_ddr_phy/u_ddrphy_top/u_ddrphy_clk/ioclk[0]$u_ioclk_1, location = x0y59z1.
PHY-1001 :   Placed ioclk instance u_ph1p35_324_ddr_wrapper/u_ddr2/ph1p_ddrmc_wrapper/ph1p_ddrmc_top/u_ddr_phy/u_ddrphy_top/u_ddrphy_clk/ioclk[0]$u_ioclk_0, location = x0y59z0.
PHY-1001 : Processing 2 clock pins of DDR instance u_ph1p35_324_ddr_wrapper/u_ddr2/ph1p_ddrmc_wrapper/ph1p_ddrmc_top/u_ddr_phy/u_ddrphy_top/u_ddrphy/ac_byte[3]$ac_byte_used$u_ddrphy_ac_byte_wrapper/u_ddrphy_byte, location = x0y40z0.
PHY-1001 :   Placed ioclk instance u_ph1p35_324_ddr_wrapper/u_ddr2/ph1p_ddrmc_wrapper/ph1p_ddrmc_top/u_ddr_phy/u_ddrphy_top/u_ddrphy_clk/ioclk[0]$u_ioclk_1, location = x0y59z1.
PHY-1001 :   Placed ioclk instance u_ph1p35_324_ddr_wrapper/u_ddr2/ph1p_ddrmc_wrapper/ph1p_ddrmc_top/u_ddr_phy/u_ddrphy_top/u_ddrphy_clk/ioclk[0]$u_ioclk_0, location = x0y59z0.
PHY-1001 : Processing 2 clock pins of DDR instance u_ph1p35_324_ddr_wrapper/u_ddr2/ph1p_ddrmc_wrapper/ph1p_ddrmc_top/u_ddr_phy/u_ddrphy_top/u_ddrphy/dx_byte[0]$dx_byte_used$u_ddrphy_dx_byte_wrapper/u_ddrphy_byte, location = x0y30z0.
PHY-1001 :   Placed ioclk instance u_ph1p35_324_ddr_wrapper/u_ddr2/ph1p_ddrmc_wrapper/ph1p_ddrmc_top/u_ddr_phy/u_ddrphy_top/u_ddrphy_clk/ioclk[1]$u_ioclk_1, location = x0y19z1.
PHY-1001 :   Placed ioclk instance u_ph1p35_324_ddr_wrapper/u_ddr2/ph1p_ddrmc_wrapper/ph1p_ddrmc_top/u_ddr_phy/u_ddrphy_top/u_ddrphy_clk/ioclk[1]$u_ioclk_0, location = x0y19z0.
PHY-1001 : Processing 2 clock pins of DDR instance u_ph1p35_324_ddr_wrapper/u_ddr2/ph1p_ddrmc_wrapper/ph1p_ddrmc_top/u_ddr_phy/u_ddrphy_top/u_ddrphy/dx_byte[1]$dx_byte_used$u_ddrphy_dx_byte_wrapper/u_ddrphy_byte, location = x0y10z0.
PHY-1001 :   Placed ioclk instance u_ph1p35_324_ddr_wrapper/u_ddr2/ph1p_ddrmc_wrapper/ph1p_ddrmc_top/u_ddr_phy/u_ddrphy_top/u_ddrphy_clk/ioclk[1]$u_ioclk_1, location = x0y19z1.
PHY-1001 :   Placed ioclk instance u_ph1p35_324_ddr_wrapper/u_ddr2/ph1p_ddrmc_wrapper/ph1p_ddrmc_top/u_ddr_phy/u_ddrphy_top/u_ddrphy_clk/ioclk[1]$u_ioclk_0, location = x0y19z0.
PHY-3001 : Target density is 60%
PHY-3001 : Target density is 60%
PHY-3001 : Initial: Len = 1.371e+06, Over = 0
PHY-1001 : Stage 4.1 | Spreading
PHY-3001 : Design contains 135 ce signals.
PHY-3001 : Spreading for sector grids.
PHY-3001 : Iter 1, total overflow: 0
PHY-3001 : tot_capacity: 36, usage_cnt: 16, movable_cnt: 26
PHY-3001 : Spreading for clock grids.
PHY-3001 : clock grid count for 24 x 4 grids
PHY-3001 : Spreading for plb grids.
PHY-3001 : total displace: 0, max displace: 0.
PHY-3001 : End spreading;  0.177749s wall, 0.062500s user + 0.000000s system = 0.062500s CPU (35.2%)

PHY-1001 : End Stage 4.1 | Spreading; Time: 0.177807s wall, 0.062500s user + 0.000000s system = 0.062500s CPU (35.2%); Memory(MB): used = 1112, reserved = 1109, peak = 1112;

PHY-3001 : Final: Len = 1.371e+06, Over = 0
PHY-3001 : End incremental legalization;  0.345965s wall, 0.093750s user + 0.000000s system = 0.093750s CPU (27.1%)

RUN-1002 : start command "report_qor -step place -file place.qor"
RUN-1002 : start command "start_timer"
RUN-1001 : Generating global routing grids ...
-----------------------------------------------------------
| QoR metrics               |         value               |
-----------------------------------------------------------
| Timing                    |                             |
|     Setup WNS             |         2698                |
|     Setup TNS             |            0                |
|     Num of violated S-EP  |            0                |
|     FMAX                  |   871.080MHz                |
|     SWNS path clock period |       3846ps                |
|     Hold WNS              |         -274                |
|     Hold TNS              |       -75684                |
|     Num of violated H-EP  |          565                |
-----------------------------------------------------------
| Routing Resource          |                             |
|     Wire length           |      1366795                |
|     Route Net Num         |        21036                |
|     DontRoute Net Num     |         8645                |
|     RouteSinks Num        |        61349                |
-----------------------------------------------------------
| Utilization               |                             |
|     #slices               |        12187                |
|     slices percentage     |       57.44%                |
|     #RAMs                 |           31                |
|     #DSPs                 |            8                |
|     #DRAMHARDCON          |           37                |
-----------------------------------------------------------
| Congestion                |                             |
|     Top 1% tile util      |           71                |
|     Top 1% tile avg util  |       75.89%                |
|     Over 100% util #tile  |            0                |
-----------------------------------------------------------
Report place stage QoR done.

RUN-1003 : finish command "report_qor -step place -file place.qor" in  2.262817s wall, 0.828125s user + 0.000000s system = 0.828125s CPU (36.6%)

RUN-1004 : used memory is 1112 MB, reserved memory is 1109 MB, peak memory is 1112 MB
PHY-1001 : End Stage 4 | Optimize Design; Time: 2.619588s wall, 0.921875s user + 0.000000s system = 0.921875s CPU (35.2%); Memory(MB): used = 1112, reserved = 1109, peak = 1112;

PHY-1001 : Stage 5 | DRC Check
PHY-1001 : Stage 5.1 | Slice Attributes Check
PHY-1035 : Redundant attributes/nets in slice detected. You can use tcl "check_slice_attr -verbose" to get full message.
PHY-1039 : Found 112 mslices getting no used reg attributes, eg: u_hdmi_tx/u_hdmi_1_4b_transmitter_core_wrapper/u_hdmi_tx_controller_wrapper/u_hdmi_video_data_assemble/S_island_guard_band_1d_syn_10.
PHY-1039 : Found 112 mslices getting no used ce attributes, eg: u_hdmi_tx/u_hdmi_1_4b_transmitter_core_wrapper/u_hdmi_tx_controller_wrapper/u_hdmi_video_data_assemble/S_island_guard_band_1d_syn_10.
PHY-1001 : End Stage 5.1 | Slice Attributes Check; Time: 0.032291s wall, 0.000000s user + 0.000000s system = 0.000000s CPU (n/a%); Memory(MB): used = 1112, reserved = 1109, peak = 1112;

PHY-1001 : Stage 5.2 | Clock Bound Check
PHY-1001 : Check pass.
PHY-1001 : End Stage 5.2 | Clock Bound Check; Time: 0.001526s wall, 0.000000s user + 0.000000s system = 0.000000s CPU (n/a%); Memory(MB): used = 1112, reserved = 1109, peak = 1112;

PHY-1001 : Stage 5.3 | Force Route Constraint Check
PHY-1001 : Check Pass.
PHY-1001 : End Stage 5.3 | Force Route Constraint Check; Time: 0.001416s wall, 0.000000s user + 0.000000s system = 0.000000s CPU (n/a%); Memory(MB): used = 1112, reserved = 1109, peak = 1112;

PHY-1001 : Stage 5.4 | Sigmap Check
PHY-1001 : Check pass.
PHY-1001 : End Stage 5.4 | Sigmap Check; Time: 0.055168s wall, 0.015625s user + 0.000000s system = 0.015625s CPU (28.3%); Memory(MB): used = 1112, reserved = 1109, peak = 1112;

PHY-1001 : Stage 5.5 | Duplicated SelfDriven Check
PHY-1001 : Check pass.
PHY-1001 : End Stage 5.5 | Duplicated SelfDriven Check; Time: 0.216077s wall, 0.078125s user + 0.000000s system = 0.078125s CPU (36.2%); Memory(MB): used = 1112, reserved = 1109, peak = 1112;

PHY-1001 : Stage 5.6 | Clock Rule Check
PHY-5088 WARNING: Clock_Analyzer: Detected 1 buffer(s) clkin net because they drive non-clock sinks. Run "analyze_clock -detail" for more infomation.
PHY-5088 WARNING: Clock_Analyzer: Detected 1 buffer(s) clkout net because they drive non-clock sinks. Run "analyze_clock -detail" for more infomation.
PHY-5088 WARNING: Clock_Analyzer: 3 clock-net(s) because they drive other clock net, may cause clock skew. Run "analyze_clock -detail" for more infomation.
PHY-1001 : End Stage 5.6 | Clock Rule Check; Time: 0.048394s wall, 0.000000s user + 0.000000s system = 0.000000s CPU (n/a%); Memory(MB): used = 1112, reserved = 1109, peak = 1112;

PHY-1001 : End Stage 5 | DRC Check; Time: 0.392606s wall, 0.140625s user + 0.000000s system = 0.140625s CPU (35.8%); Memory(MB): used = 1112, reserved = 1109, peak = 1112;

OPT-1001 : QoR tracer report on placement steps:
    SWNS [   incr ]    STNS [   incr ]    FEPS [   incr ]    CRIT [   incr ]      CELL [     incr ]        WL [     incr ]    CONG [   incr ]    PDES [   incr ]   RT(s) [   incr ]   MEM(mb) [     incr ]
       0 [      0 ]       0 [      0 ]       0 [      0 ]       0 [      0 ]     25826 [        0 ]         0 [        0 ]    0.00 [   0.00 ]       0 [      0 ]       0 [      0 ]       512 [        0 ] : preplace:simplify_lut
       0 [      0 ]       0 [      0 ]       0 [      0 ]       0 [      0 ]     25826 [        0 ]         0 [        0 ]    0.00 [   0.00 ]       0 [      0 ]       0 [      0 ]       512 [        0 ] : preplace:sweep
       0 [      0 ]       0 [      0 ]       0 [      0 ]       0 [      0 ]     25826 [        0 ]         0 [        0 ]    0.00 [   0.00 ]       0 [      0 ]       0 [      0 ]       512 [        0 ] : preplace:lut_merge
       0 [      0 ]       0 [      0 ]       0 [      0 ]       0 [      0 ]     25826 [        0 ]         0 [        0 ]    0.00 [   0.00 ]       0 [      0 ]       0 [      0 ]       512 [        0 ] : preplace:hfn_opt
    2507 [   2507 ]       0 [      0 ]       0 [      0 ]    4270 [   4270 ]     27612 [     1786 ]   1813320 [  1813320 ]    0.00 [   0.00 ]       0 [      0 ]       6 [      6 ]       883 [      371 ] : step1_gp
    2507 [      0 ]       0 [      0 ]       0 [      0 ]    4293 [     23 ]     27612 [        0 ]   1813559 [      239 ]    0.00 [   0.00 ]       0 [      0 ]       7 [      1 ]       887 [        4 ] : step1_legal
    2507 [      0 ]       0 [      0 ]       0 [      0 ]    4293 [      0 ]     27612 [        0 ]   1753325 [   -60234 ]    0.00 [   0.00 ]       0 [      0 ]       8 [      1 ]       890 [        3 ] : step1_dp
    1786 [   -721 ]       0 [      0 ]       0 [      0 ]    4670 [    377 ]     27612 [        0 ]   1346118 [  -407207 ]  165.97 [ 165.97 ]       0 [      0 ]      12 [      4 ]       971 [       81 ] : step2_gp
    1786 [      0 ]       0 [      0 ]       0 [      0 ]    4670 [      0 ]     27612 [        0 ]   1338459 [    -7659 ]  165.97 [   0.00 ]       0 [      0 ]      13 [      1 ]       973 [        2 ] : step2_dp
    1786 [      0 ]       0 [      0 ]       0 [      0 ]    4670 [      0 ]     27612 [        0 ]   1338459 [        0 ]  165.97 [   0.00 ]       0 [      0 ]      13 [      0 ]       974 [        1 ] : prepack_spreading
    2349 [    563 ]       0 [      0 ]       0 [      0 ]    4800 [    130 ]     27741 [      129 ]   1190912 [  -147547 ]  169.29 [   3.32 ]       0 [      0 ]      18 [      5 ]       984 [       10 ] : prepack:hfn_opt
    2349 [      0 ]       0 [      0 ]       0 [      0 ]    4813 [     13 ]     27741 [        0 ]   1196248 [     5336 ]   89.95 [ -79.34 ]       0 [      0 ]      20 [      2 ]       984 [        0 ] : prepack:global_opt
    1902 [   -447 ]       0 [      0 ]       0 [      0 ]    5149 [    336 ]     14156 [   -13585 ]   1497545 [   301297 ]   89.87 [  -0.08 ]       0 [      0 ]      47 [     27 ]      1102 [      118 ] : direct_legalization
    1902 [      0 ]       0 [      0 ]       0 [      0 ]    5149 [      0 ]     14156 [        0 ]   1497545 [        0 ]   89.87 [   0.00 ]       0 [      0 ]      48 [      1 ]      1102 [        0 ] : post_pack_spreading
    2478 [    576 ]       0 [      0 ]       0 [      0 ]    5379 [    230 ]     14156 [        0 ]   1313423 [  -184122 ]   75.45 [ -14.42 ]       0 [      0 ]      61 [     13 ]      1110 [        8 ] : post_pack_dp
    2478 [      0 ]       0 [      0 ]       0 [      0 ]    5379 [      0 ]     14144 [      -12 ]   1307173 [    -6250 ]   75.45 [   0.00 ]       0 [      0 ]      64 [      3 ]      1111 [        1 ] : postpack:optimize_equivalent_quick
    2478 [      0 ]       0 [      0 ]       0 [      0 ]    5379 [      0 ]     14148 [        4 ]   1307663 [      490 ]   75.45 [   0.00 ]       0 [      0 ]      65 [      1 ]      1111 [        0 ] : postpack:hfn_opt
    2733 [    255 ]       0 [      0 ]       0 [      0 ]    5381 [      2 ]     14158 [       10 ]   1313753 [     6090 ]   75.18 [  -0.26 ]       0 [      0 ]      67 [      2 ]      1111 [        0 ] : postpack:path_opt
    2733 [      0 ]       0 [      0 ]       0 [      0 ]    5381 [      0 ]     14157 [       -1 ]   1313697 [      -56 ]   75.18 [   0.00 ]       0 [      0 ]      71 [      4 ]      1111 [        0 ] : postpack:optimize_equivalent
    2733 [      0 ]       0 [      0 ]       0 [      0 ]    5518 [    137 ]     14157 [        0 ]   1313697 [        0 ]   75.18 [   0.00 ]       0 [      0 ]      72 [      1 ]      1111 [        0 ] : postpack:pin_opt
    2698 [    -35 ]       0 [      0 ]       0 [      0 ]    5490 [    -28 ]     14157 [        0 ]   1349645 [    35948 ]   75.18 [   0.00 ]       0 [      0 ]      79 [      7 ]      1112 [        1 ] : postpack:beeline_opt

RUN-1003 : finish command "place" in  83.630247s wall, 212.109375s user + 0.281250s system = 212.390625s CPU (254.0%)

RUN-1004 : used memory is 1112 MB, reserved memory is 1109 MB, peak memory is 1112 MB
RUN-1002 : start command "update_timing -mode manhattan"
RUN-1002 : start command "start_timer"
RUN-1003 : finish command "update_timing -mode manhattan" in  1.797938s wall, 0.484375s user + 0.000000s system = 0.484375s CPU (26.9%)

RUN-1004 : used memory is 1112 MB, reserved memory is 1108 MB, peak memory is 1112 MB
RUN-1002 : start command "report_timing_summary -file camera_to_dsi_display_place.timing"
RUN-1002 : start command "report_area -io_info -file camera_to_dsi_display_phy.area"
SYN-4034 : The count of slices with lut is 6523.
SYN-4035 : The count of slices with lut+ripple is 2899.
RUN-1001 : standard
***Report Model: design_top_wrapper Device: PH1P35MDG324***

Design Statistics
#IO                        58   out of    160   36.25%
  #input                    2
  #output                  31
  #inout                   25
#lut6                    9830   out of  21216   46.33%
#reg                    13318
  #slice reg            13318   out of  42432   31.39%
  #pad reg                  0

Utilization Statistics
#slice                  12187   out of  21216   57.44%
  #used ram               408
    #dram lut             296
    #shifter lut          112
  #used logic           11779
    #with luts           6523
    #with adder          2899
    #reg only            2357
#f7mux                      0   out of  10608    0.00%
#f8mux                      0   out of   5304    0.00%
#eram                      31   out of    108   28.70%
  #eram20k                 31
  #fifo20k                  0
#dsp                        8   out of     40   20.00%
#ddr_byte                   6   out of     12   50.00%
#mipi_tx                    0   out of      2    0.00%
#mipi_rx                    1   out of      2   50.00%
#pad                       17   out of    160   10.62%
#pll                        3   out of      6   50.00%
#gclk                       9   out of     32   28.12%
#lclk                       0   out of     12    0.00%
#sclk                       0   out of     48    0.00%
#mlclk                      2   out of      6   33.33%
#ioclk                      4   out of     18   22.22%

RUN-1002 : start command "flow_status -file place_flow.status"
Location         : E:\2026FPGA\FPGA_Component_Inspector\fpga\component_inspector\td_project\camera_to_dsi_display_Runs\phy_1
Running with     : Tang Dynasty v6.2.168116
                   Copyright (c) 2012-2025 Anlogic Inc.
Top Model        : design_top_wrapper
Device           : PH1P35MDG324
Speed            : 3

Timing Mode      : manhattan
Setup            : WNS  2698ps  TNS        0ps  NUM_FEPS     0
Hold             : WNS  -274ps  TNS   -75684ps  NUM_FEPS   565

Flow Statistics  :
RUN-1001 : Flow Statistics:
RUN-1001 : ---------------------------------------------------------------------------------------------------
RUN-1001 :      command     |  #calls  |  wall time   |  cpu time(s)  |  used memory(mb)  |  peak memory(mb)  
RUN-1001 : ---------------------------------------------------------------------------------------------------
RUN-1001 :       place      |    1     |  1m23s(98%)  |   212(100%)   |       1112        |       1112        
RUN-1001 :   import_device  |    1     |    1s(1%)    |     0(0%)     |        322        |        322        
RUN-1001 :     import_db    |    1     |    0s(0%)    |     0(0%)     |        510        |        510        
RUN-1001 : ---------------------------------------------------------------------------------------------------
RUN-1001 :       total      |    3     |    1m24s     |      212      |       1112        |       1112        
RUN-1001 : ---------------------------------------------------------------------------------------------------
RUN-1002 : start command "report_clock_utilization -file place_clock_utilization.txt"
RUN-1002 : start command "export_db camera_to_dsi_display_place.db"
RUN-1001 : Exported flow parameters
RUN-1001 : Exported /
RUN-1001 : Exported libs
RUN-1001 : Exported entities
RUN-1001 : Exported ports
RUN-1001 : Exported pins
RUN-1001 : Exported instances
RUN-1001 : Exported nets
RUN-1001 : Exported buses
RUN-1001 : Exported models
RUN-1001 : Exported phy database
RUN-1001 : Exported packer
RUN-1001 : Exported congestions
RUN-1001 : Exported violations
RUN-1001 : Exported ATMR Setting
RUN-1001 : Exported timing constraints
RUN-1001 : Exported IO constraints
RUN-1001 : Exported Inst constraints
RUN-1001 : Exported ChipWatcher
RUN-1002 : start command "commit_param -step route"
RUN-1001 : Print Global Property
RUN-1001 : -------------------------------------------------------------
RUN-1001 :     Parameters    |   Settings   |  Default Values  |  Note  
RUN-1001 : -------------------------------------------------------------
RUN-1001 :    enable_seed    |     off      |       off        |        
RUN-1001 :    hfn_to_clock   |  1000000000  |    1000000000    |        
RUN-1001 :      message      |   standard   |     standard     |        
RUN-1001 :    qor_monitor    |      on      |        on        |        
RUN-1001 :   speedup_effort  |      0       |        0         |        
RUN-1001 :    syn_ip_flow    |     off      |       off        |        
RUN-1001 :       thread      |     auto     |       auto       |        
RUN-1001 : -------------------------------------------------------------
RUN-1001 : Print Route Property
RUN-1001 : ---------------------------------------------------------------
RUN-1001 :       Parameters      |  Settings  |  Default Values  |  Note  
RUN-1001 : ---------------------------------------------------------------
RUN-1001 :         effort        |   normal   |      normal      |        
RUN-1001 :        fix_hold       |     on     |        on        |        
RUN-1001 :   hold_fix_iteration  |     5      |        5         |        
RUN-1001 :     post_route_opt    |    auto    |       auto       |        
RUN-1001 :         timing        |     on     |        on        |        
RUN-1001 : ---------------------------------------------------------------
RUN-1002 : start command "route"
RUN-1001 : Open license file E:/TD/license/Anlogic.lic
PHY-1001 : Reconnected 29 VDD pins with routing demanding
PHY-1001 : Populate physical database on model design_top_wrapper.
RUN-1001 : Dedicate pll clock connection statistics:
RUN-1001 : Clock Region s_1_l [0,40][23,79]; Utilization: 1 out of 12
RUN-1001 : ----------------------------------------------------------------------------------------------------------------------------------------------------------------------------------------------------------------------------------
RUN-1001 :   Index  |                                    Leading Clock                                     |                                                          Special Sink                                                           
RUN-1001 : ----------------------------------------------------------------------------------------------------------------------------------------------------------------------------------------------------------------------------------
RUN-1001 :     1    |  u_ph1p35_324_ddr_wrapper/u_ddr2/ph1p_ddrmc_wrapper/ph1p_ddrmc_top/u_alc_mc_top/clk  |  u_ph1p35_324_ddr_wrapper/u_ddr2/ph1p_ddrmc_wrapper/ph1p_ddrmc_top/u_ddr_phy/u_ddrphy_top/u_ddrphy_clk/u_pll1/u_pll_inst.fbclk  
RUN-1001 : ----------------------------------------------------------------------------------------------------------------------------------------------------------------------------------------------------------------------------------
RUN-1001 : Clock Region s_1_r [24,40][43,79]; Utilization: 1 out of 12
RUN-1001 : -----------------------------------------------------------------------------------------------------------------------------------------------------------------------
RUN-1001 :   Index  |                                     Leading Clock                                     |                            Special Sink                             
RUN-1001 : -----------------------------------------------------------------------------------------------------------------------------------------------------------------------
RUN-1001 :     1    |  u_mipi_dphy_rx_ph1p_mipiio_wrapper/u_ph1p_mipiio_rx_wrapper/u_lane0_hs_detect/I_clk  |  u_PLL/ph1p_phy_pll_wrapper_25a56e5ce2f9_Inst/u_PH1P_PHY_PLL.fbclk  
RUN-1001 : -----------------------------------------------------------------------------------------------------------------------------------------------------------------------
PHY-1001 : Working orders of clock nets being processed in bank assignment:
PHY-1001 : u_ph1p35_324_ddr_wrapper/u_ddr2/ph1p_ddrmc_wrapper/ph1p_ddrmc_top/u_alc_mc_top/clk;
PHY-1001 : u_mipi_dphy_rx_ph1p_mipiio_wrapper/u_ph1p_mipiio_rx_wrapper/u_lane0_hs_detect/I_clk;
PHY-1001 : u_isp_top/u_demosaic/raw_matrix_3x3_buffer_d/zhenghe_d/blk_mem_gen_zhenghe_d1/ram_d32970204f32_Inst/clkb;
PHY-1001 : u_hdmi_tx/I_pixel_clk_syn_652;
PHY-1001 : I_sys_clk_syn_8;
PHY-1001 : O_cam_24m_syn_3;
PHY-1001 : u_hdmi_tx/u_hdmi2phy_wrapper/u0_lane_lvds_8_1/I_serial_clk_syn_1;
PHY-1001 : u_ph1p35_324_ddr_wrapper/u_ddr2/ph1p_ddrmc_wrapper/ph1p_ddrmc_top/u_ddr_phy/u_ddrphy_top/u_ddrphy/apb_pclk_syn_1;
PHY-1001 : u_uicfgcs500/uii2c_inst/scl_clk_syn_9;
PHY-1001 : Internal bound Intnl_0_0_25_40 is being created by clock MIPI_RX_BYTE_CLK through SCLK.
PHY-1001 : Internal bound Intnl_25_0_23_40 is being created by clock MIPI_RX_BYTE_CLK through SCLK.
PHY-1001 : Internal bound Intnl_0_40_25_40 is being created by clock u_ph1p35_324_ddr_wrapper/u_ddr2/usr_clk through SCLK.
PHY-1001 : Internal bound Intnl_25_40_19_40 is being created by clock MIPI_RX_BYTE_CLK through SCLK.
RUN-1001 : Clock region assignment statistics:
RUN-1001 : Clock Region s_0_l [0,0][23,39]; Utilization: 7 out of 12
RUN-1001 : ----------------------------------------------------------------------------------------------------------------------------------------------------------------------------------------------------------------------------------------------------------------------------------------------------------------------------------------
RUN-1001 :   Bank  |                                                   Leading Clock                                                    |       Type        |                                                                          Buffer                                                                           |  Regional Clock Fanouts  
RUN-1001 : ----------------------------------------------------------------------------------------------------------------------------------------------------------------------------------------------------------------------------------------------------------------------------------------------------------------------------------------
RUN-1001 :    1    |      u_isp_top/u_demosaic/raw_matrix_3x3_buffer_d/zhenghe_d/blk_mem_gen_zhenghe_d1/ram_d32970204f32_Inst/clkb      |  (infered sclk)   |                           u_mipi_dphy_rx_ph1p_mipiio_wrapper/u_ph1p_mipiio_rx_wrapper/bufg_feedback_auto_created_sclk_s_0_l_bk1                           |           1201           
RUN-1001 :    2    |                 u_ph1p35_324_ddr_wrapper/u_ddr2/ph1p_ddrmc_wrapper/ph1p_ddrmc_top/u_alc_mc_top/clk                 |  (infered sclk)   |   u_ph1p35_324_ddr_wrapper/u_ddr2/ph1p_ddrmc_wrapper/ph1p_ddrmc_top/u_ddr_phy/u_ddrphy_top/u_ddrphy_clk/u_pll1/u_bufg_fbclk_auto_created_sclk_s_0_l_bk2   |           772            
RUN-1001 :    3    |                                           u_hdmi_tx/I_pixel_clk_syn_652                                            |  (infered sclk)   |                                            u_hdmi_tx/I_pixel_clk_created_gclkinst_auto_created_sclk_s_0_l_bk3                                             |           182            
RUN-1001 :    4    |                                                  I_sys_clk_syn_8                                                   |  (infered sclk)   |                                               I_sys_clk_dup_6_created_gclkinst_auto_created_sclk_s_0_l_bk4                                                |            81            
RUN-1001 :    5    |                                                  O_cam_24m_syn_3                                                   |  (infered sclk)   |                                               O_cam_24m_dup_1_created_gclkinst_auto_created_sclk_s_0_l_bk5                                                |            64            
RUN-1001 :    6    |                                       u_uicfgcs500/uii2c_inst/scl_clk_syn_9                                        |  (infered sclk)   |                                       u_uicfgcs500/uii2c_inst/scl_clk_created_gclkinst_auto_created_sclk_s_0_l_bk6                                        |            18            
RUN-1001 :    7    |  u_ph1p35_324_ddr_wrapper/u_ddr2/ph1p_ddrmc_wrapper/ph1p_ddrmc_top/u_ddr_phy/u_ddrphy_top/u_ddrphy/apb_pclk_syn_1  |  (infered sclk)   |  u_ph1p35_324_ddr_wrapper/u_ddr2/ph1p_ddrmc_wrapper/ph1p_ddrmc_top/u_ddr_phy/u_ddrphy_top/u_ddrphy/apb_pclk_created_gclkinst_auto_created_sclk_s_0_l_bk7  |            3             
RUN-1001 : ----------------------------------------------------------------------------------------------------------------------------------------------------------------------------------------------------------------------------------------------------------------------------------------------------------------------------------------
RUN-1001 : Clock Region s_0_r [24,0][47,39]; Utilization: 4 out of 12
RUN-1001 : ------------------------------------------------------------------------------------------------------------------------------------------------------------------------------------------------------------------------------------------------------------------------------
RUN-1001 :   Bank  |                                               Leading Clock                                                |       Type        |                                                 Buffer                                                  |  Regional Clock Fanouts  
RUN-1001 : ------------------------------------------------------------------------------------------------------------------------------------------------------------------------------------------------------------------------------------------------------------------------------
RUN-1001 :    1    |  u_isp_top/u_demosaic/raw_matrix_3x3_buffer_d/zhenghe_d/blk_mem_gen_zhenghe_d1/ram_d32970204f32_Inst/clkb  |  (infered sclk)   |  u_mipi_dphy_rx_ph1p_mipiio_wrapper/u_ph1p_mipiio_rx_wrapper/bufg_feedback_auto_created_sclk_s_0_r_bk1  |           1705           
RUN-1001 :    2    |                                       u_hdmi_tx/I_pixel_clk_syn_652                                        |  (infered sclk)   |                   u_hdmi_tx/I_pixel_clk_created_gclkinst_auto_created_sclk_s_0_r_bk2                    |           461            
RUN-1001 :    3    |            u_mipi_dphy_rx_ph1p_mipiio_wrapper/u_ph1p_mipiio_rx_wrapper/u_lane0_hs_detect/I_clk             |  (infered sclk)   |                             u_PLL/bufg_feedback_auto_created_sclk_s_0_r_bk3                             |            7             
RUN-1001 :    4    |                                              O_cam_24m_syn_3                                               |  (infered sclk)   |                      O_cam_24m_dup_1_created_gclkinst_auto_created_sclk_s_0_r_bk4                       |            6             
RUN-1001 : ------------------------------------------------------------------------------------------------------------------------------------------------------------------------------------------------------------------------------------------------------------------------------
RUN-1001 : Clock Region s_1_l [0,40][23,79]; Utilization: 3 out of 12
RUN-1001 : ----------------------------------------------------------------------------------------------------------------------------------------------------------------------------------------------------------------------------------------------------------------------------------------------------------------------------------------
RUN-1001 :   Bank  |                                                   Leading Clock                                                    |       Type        |                                                                          Buffer                                                                           |  Regional Clock Fanouts  
RUN-1001 : ----------------------------------------------------------------------------------------------------------------------------------------------------------------------------------------------------------------------------------------------------------------------------------------------------------------------------------------
RUN-1001 :    1    |                 u_ph1p35_324_ddr_wrapper/u_ddr2/ph1p_ddrmc_wrapper/ph1p_ddrmc_top/u_alc_mc_top/clk                 |  (infered sclk)   |   u_ph1p35_324_ddr_wrapper/u_ddr2/ph1p_ddrmc_wrapper/ph1p_ddrmc_top/u_ddr_phy/u_ddrphy_top/u_ddrphy_clk/u_pll1/u_bufg_fbclk_auto_created_sclk_s_1_l_bk1   |           1380           
RUN-1001 :    2    |      u_isp_top/u_demosaic/raw_matrix_3x3_buffer_d/zhenghe_d/blk_mem_gen_zhenghe_d1/ram_d32970204f32_Inst/clkb      |  (infered sclk)   |                           u_mipi_dphy_rx_ph1p_mipiio_wrapper/u_ph1p_mipiio_rx_wrapper/bufg_feedback_auto_created_sclk_s_1_l_bk2                           |           881            
RUN-1001 :    3    |  u_ph1p35_324_ddr_wrapper/u_ddr2/ph1p_ddrmc_wrapper/ph1p_ddrmc_top/u_ddr_phy/u_ddrphy_top/u_ddrphy/apb_pclk_syn_1  |  (infered sclk)   |  u_ph1p35_324_ddr_wrapper/u_ddr2/ph1p_ddrmc_wrapper/ph1p_ddrmc_top/u_ddr_phy/u_ddrphy_top/u_ddrphy/apb_pclk_created_gclkinst_auto_created_sclk_s_1_l_bk3  |            25            
RUN-1001 : ----------------------------------------------------------------------------------------------------------------------------------------------------------------------------------------------------------------------------------------------------------------------------------------------------------------------------------------
RUN-1001 : Clock Region s_1_r [24,40][43,79]; Utilization: 5 out of 12
RUN-1001 : ------------------------------------------------------------------------------------------------------------------------------------------------------------------------------------------------------------------------------------------------------------------------------------------------------------------------------
RUN-1001 :   Bank  |                                               Leading Clock                                                |       Type        |                                                                         Buffer                                                                          |  Regional Clock Fanouts  
RUN-1001 : ------------------------------------------------------------------------------------------------------------------------------------------------------------------------------------------------------------------------------------------------------------------------------------------------------------------------------
RUN-1001 :    1    |            u_mipi_dphy_rx_ph1p_mipiio_wrapper/u_ph1p_mipiio_rx_wrapper/u_lane0_hs_detect/I_clk             |  (infered sclk)   |                                                     u_PLL/bufg_feedback_auto_created_sclk_s_1_r_bk1                                                     |            1             
RUN-1001 :    2    |  u_isp_top/u_demosaic/raw_matrix_3x3_buffer_d/zhenghe_d/blk_mem_gen_zhenghe_d1/ram_d32970204f32_Inst/clkb  |  (infered sclk)   |                          u_mipi_dphy_rx_ph1p_mipiio_wrapper/u_ph1p_mipiio_rx_wrapper/bufg_feedback_auto_created_sclk_s_1_r_bk2                          |           845            
RUN-1001 :    3    |                                       u_hdmi_tx/I_pixel_clk_syn_652                                        |  (infered sclk)   |                                           u_hdmi_tx/I_pixel_clk_created_gclkinst_auto_created_sclk_s_1_r_bk3                                            |           249            
RUN-1001 :    4    |                      u_hdmi_tx/u_hdmi2phy_wrapper/u0_lane_lvds_8_1/I_serial_clk_syn_1                      |  (infered sclk)   |                         u_hdmi_tx/u_hdmi2phy_wrapper/u0_lane_lvds_8_1/I_serial_clk_created_gclkinst_auto_created_sclk_s_1_r_bk4                         |            41            
RUN-1001 :    5    |             u_ph1p35_324_ddr_wrapper/u_ddr2/ph1p_ddrmc_wrapper/ph1p_ddrmc_top/u_alc_mc_top/clk             |  (infered sclk)   |  u_ph1p35_324_ddr_wrapper/u_ddr2/ph1p_ddrmc_wrapper/ph1p_ddrmc_top/u_ddr_phy/u_ddrphy_top/u_ddrphy_clk/u_pll1/u_bufg_fbclk_auto_created_sclk_s_1_r_bk5  |            29            
RUN-1001 : ------------------------------------------------------------------------------------------------------------------------------------------------------------------------------------------------------------------------------------------------------------------------------------------------------------------------------
PHY-1001 : Populate physical database on model design_top_wrapper.
PHY-1001 : Route runs in 16 thread(s)
RUN-1001 : There are total 12666 instances
RUN-1001 : 408 mslices, 11779 lslices, 54 pads, 31 brams, 8 dsps
RUN-1001 : There are total 29987 nets
RUN-1001 : 19162 nets have 2 pins
RUN-1001 : 8496 nets have [3 - 5] pins
RUN-1001 : 1611 nets have [6 - 10] pins
RUN-1001 : 473 nets have [11 - 20] pins
RUN-1001 : 228 nets have [21 - 99] pins
RUN-1001 : 17 nets have 100+ pins
RUN-1002 : start command "start_timer"
RUN-1003 : finish command "start_timer" in  1.762690s wall, 0.671875s user + 0.000000s system = 0.671875s CPU (38.1%)

RUN-1004 : used memory is 1132 MB, reserved memory is 1237 MB, peak memory is 1132 MB
PHY-1001 : 408 mslices, 11779 lslices, 54 pads, 31 brams, 8 dsps

PHY-1001 : Stage 1 | Global Routing
PHY-1001 : Start global routing, caller is route ...
RUN-1001 : Generating global routing grids ...
PHY-1001 : Generate routing nets ...
RUN-1001 : Generate nets statistics:
RUN-1001 : ----------------------------
RUN-1001 :        Type       |  Nets   
RUN-1001 : ----------------------------
RUN-1001 :   TotalRouteNets  |  21055  
RUN-1001 :   DontRouteNets   |  4418   
RUN-1001 :     RouteNets     |  16637  
RUN-1001 :     RouteSinks    |  30229  
RUN-1001 : ----------------------------
PHY-1001 : Global iterations in 16 thread ...
PHY-1002 : len = 1.44226e+06, over cnt = 1811(2%), over = 3894, worst = 9
PHY-1002 : len = 1.4924e+06, over cnt = 1165(1%), over = 2106, worst = 9
PHY-1002 : len = 1.53443e+06, over cnt = 278(0%), over = 477, worst = 9
PHY-1002 : len = 1.54794e+06, over cnt = 1(0%), over = 1, worst = 1
PHY-1002 : len = 1.54797e+06, over cnt = 0(0%), over = 0, worst = 0
PHY-1001 : End global iterations;  1.115302s wall, 0.531250s user + 0.000000s system = 0.531250s CPU (47.6%)

PHY-1001 : Congestion index:
PHY-1001 : top1  = 76.71(S 69.88, N 64.14, E 64.56, W 69.65, I 69.13, O 77.22)
PHY-1001 : top5  = 65.63(S 54.74, N 52.21, E 48.89, W 55.72, I 51.78, O 58.50)
PHY-1001 : top10 = 59.68(S 46.03, N 45.43, E 42.11, W 48.47, I 44.85, O 52.28)
PHY-1001 : top15 = 55.65(S 40.22, N 40.84, E 37.85, W 43.44, I 40.30, O 48.18)
PHY-1001 : End global routing;  1.341552s wall, 0.609375s user + 0.000000s system = 0.609375s CPU (45.4%)

PHY-1001 : End Stage 1 | Global Routing; Time: 1.341594s wall, 0.609375s user + 0.000000s system = 0.609375s CPU (45.4%); Memory(MB): used = 1155, reserved = 1237, peak = 1155;

PHY-1001 : Stage 2 | Detail Routing
PHY-1001 : Stage 2.1 | Build Routing Design
PHY-1001 : Routing in high effort: false
PHY-1001 : Routing Mode: normal
PHY-1001 : Generate detailed routing grids ...
RUN-1001 : Constructing routing connections ...
PHY-1001 : End build routing graph; 2.575643s wall, 16.234375s user + 0.031250s system = 16.265625s CPU (631.5%)

PHY-1001 : Generate nets ...
RUN-1001 : Generate nets statistics:
RUN-1001 : ------------------------------
RUN-1001 :         Type        |  Nets   
RUN-1001 : ------------------------------
RUN-1001 :        Route        |  21343  
RUN-1001 :      DontRoute      |  8644   
RUN-1001 :      RouteSinks     |  62970  
RUN-1001 :   RouteEntitySinks  |    0    
RUN-1001 :       Lut2Dff       |    0    
RUN-1001 :       Ram2Dff       |    0    
RUN-1001 :      Carry2Dff      |    0    
RUN-1001 : ------------------------------
RUN-1001 : DR clock net summary:
RUN-1001 : ---------------------------------------------------------------------------------------------------------------------------------------------------
RUN-1001 :   Net Idx  |                                                        Net Name                                                        |  Clock Type  
RUN-1001 : ---------------------------------------------------------------------------------------------------------------------------------------------------
RUN-1001 :      1     |                                                    I_sys_clk_dup_6                                                     |    Normal    
RUN-1001 :      2     |                                                    I_sys_clk_syn_8                                                     |    Normal    
RUN-1001 :      3     |                                                    O_cam_24m_dup_1                                                     |    Normal    
RUN-1001 :      4     |                                                    O_cam_24m_syn_3                                                     |    Normal    
RUN-1001 :      5     |                                                     u_PLL/clk0_buf                                                     |    Normal    
RUN-1001 :      6     |                                                 u_hdmi_tx/I_pixel_clk                                                  |    Normal    
RUN-1001 :      7     |                                             u_hdmi_tx/I_pixel_clk_syn_652                                              |    Normal    
RUN-1001 :      8     |                               u_hdmi_tx/u_hdmi2phy_wrapper/u0_lane_lvds_8_1/I_serial_clk                               |    Normal    
RUN-1001 :      9     |                            u_hdmi_tx/u_hdmi2phy_wrapper/u0_lane_lvds_8_1/I_serial_clk_syn_1                            |    Normal    
RUN-1001 :     10     |        u_isp_top/u_demosaic/raw_matrix_3x3_buffer_d/zhenghe_d/blk_mem_gen_zhenghe_d1/ram_d32970204f32_Inst/clkb        |    Normal    
RUN-1001 :     11     |                     u_mipi_dphy_rx_ph1p_mipiio_wrapper/u_ph1p_mipiio_rx_wrapper/S_mipiio_hs_rx_clk                     |    Normal    
RUN-1001 :     12     |                  u_mipi_dphy_rx_ph1p_mipiio_wrapper/u_ph1p_mipiio_rx_wrapper/u_lane0_hs_detect/I_clk                   |    Normal    
RUN-1001 :     13     |                   u_ph1p35_324_ddr_wrapper/u_ddr2/ph1p_ddrmc_wrapper/ph1p_ddrmc_top/u_alc_mc_top/clk                   |    Normal    
RUN-1001 :     14     |       u_ph1p35_324_ddr_wrapper/u_ddr2/ph1p_ddrmc_wrapper/ph1p_ddrmc_top/u_ddr_phy/u_ddrphy_top/u_ddrphy/apb_pclk       |    Normal    
RUN-1001 :     15     |    u_ph1p35_324_ddr_wrapper/u_ddr2/ph1p_ddrmc_wrapper/ph1p_ddrmc_top/u_ddr_phy/u_ddrphy_top/u_ddrphy/apb_pclk_syn_1    |    Normal    
RUN-1001 :     16     |      u_ph1p35_324_ddr_wrapper/u_ddr2/ph1p_ddrmc_wrapper/ph1p_ddrmc_top/u_ddr_phy/u_ddrphy_top/u_ddrphy/ctl_clk[0]      |    Normal    
RUN-1001 :     17     |      u_ph1p35_324_ddr_wrapper/u_ddr2/ph1p_ddrmc_wrapper/ph1p_ddrmc_top/u_ddr_phy/u_ddrphy_top/u_ddrphy/ctl_clk[1]      |    Normal    
RUN-1001 :     18     |      u_ph1p35_324_ddr_wrapper/u_ddr2/ph1p_ddrmc_wrapper/ph1p_ddrmc_top/u_ddr_phy/u_ddrphy_top/u_ddrphy/ddr_clk[0]      |    Normal    
RUN-1001 :     19     |      u_ph1p35_324_ddr_wrapper/u_ddr2/ph1p_ddrmc_wrapper/ph1p_ddrmc_top/u_ddr_phy/u_ddrphy_top/u_ddrphy/ddr_clk[1]      |    Normal    
RUN-1001 :     20     |    u_ph1p35_324_ddr_wrapper/u_ddr2/ph1p_ddrmc_wrapper/ph1p_ddrmc_top/u_ddr_phy/u_ddrphy_top/u_ddrphy_clk/pll0_clk_1    |    Normal    
RUN-1001 :     21     |    u_ph1p35_324_ddr_wrapper/u_ddr2/ph1p_ddrmc_wrapper/ph1p_ddrmc_top/u_ddr_phy/u_ddrphy_top/u_ddrphy_clk/pll0_clk_2    |    Normal    
RUN-1001 :     22     |   u_ph1p35_324_ddr_wrapper/u_ddr2/ph1p_ddrmc_wrapper/ph1p_ddrmc_top/u_ddr_phy/u_ddrphy_top/u_ddrphy_clk/pll0_mlclk_1   |    Normal    
RUN-1001 :     23     |   u_ph1p35_324_ddr_wrapper/u_ddr2/ph1p_ddrmc_wrapper/ph1p_ddrmc_top/u_ddr_phy/u_ddrphy_top/u_ddrphy_clk/pll0_mlclk_2   |    Normal    
RUN-1001 :     24     |  u_ph1p35_324_ddr_wrapper/u_ddr2/ph1p_ddrmc_wrapper/ph1p_ddrmc_top/u_ddr_phy/u_ddrphy_top/u_ddrphy_clk/u_pll1/clkc[0]  |    Normal    
RUN-1001 :     25     |  u_ph1p35_324_ddr_wrapper/u_ddr2/ph1p_ddrmc_wrapper/ph1p_ddrmc_top/u_ddr_phy/u_ddrphy_top/u_ddrphy_clk/u_pll1/refclk   |    Normal    
RUN-1001 :     26     |                                            u_uicfgcs500/uii2c_inst/scl_clk                                             |    Normal    
RUN-1001 :     27     |                                         u_uicfgcs500/uii2c_inst/scl_clk_syn_9                                          |    Normal    
RUN-1001 : ---------------------------------------------------------------------------------------------------------------------------------------------------
RUN-1001 : DR clock buffer summary:
RUN-1001 : -------------------------------------------------------------------------------------------------------------------------------------------------------------------
RUN-1001 :   Idx  |                                                                           Name                                                                            
RUN-1001 : -------------------------------------------------------------------------------------------------------------------------------------------------------------------
RUN-1001 :    1   |                           u_mipi_dphy_rx_ph1p_mipiio_wrapper/u_ph1p_mipiio_rx_wrapper/bufg_feedback_auto_created_sclk_s_0_l_bk1                           
RUN-1001 :    2   |   u_ph1p35_324_ddr_wrapper/u_ddr2/ph1p_ddrmc_wrapper/ph1p_ddrmc_top/u_ddr_phy/u_ddrphy_top/u_ddrphy_clk/u_pll1/u_bufg_fbclk_auto_created_sclk_s_0_l_bk2   
RUN-1001 :    3   |                                            u_hdmi_tx/I_pixel_clk_created_gclkinst_auto_created_sclk_s_0_l_bk3                                             
RUN-1001 :    4   |                                               I_sys_clk_dup_6_created_gclkinst_auto_created_sclk_s_0_l_bk4                                                
RUN-1001 :    5   |                                               O_cam_24m_dup_1_created_gclkinst_auto_created_sclk_s_0_l_bk5                                                
RUN-1001 :    6   |                                       u_uicfgcs500/uii2c_inst/scl_clk_created_gclkinst_auto_created_sclk_s_0_l_bk6                                        
RUN-1001 :    7   |  u_ph1p35_324_ddr_wrapper/u_ddr2/ph1p_ddrmc_wrapper/ph1p_ddrmc_top/u_ddr_phy/u_ddrphy_top/u_ddrphy/apb_pclk_created_gclkinst_auto_created_sclk_s_0_l_bk7  
RUN-1001 :    8   |                           u_mipi_dphy_rx_ph1p_mipiio_wrapper/u_ph1p_mipiio_rx_wrapper/bufg_feedback_auto_created_sclk_s_0_r_bk1                           
RUN-1001 :    9   |                                            u_hdmi_tx/I_pixel_clk_created_gclkinst_auto_created_sclk_s_0_r_bk2                                             
RUN-1001 :   10   |                                                      u_PLL/bufg_feedback_auto_created_sclk_s_0_r_bk3                                                      
RUN-1001 :   11   |                                               O_cam_24m_dup_1_created_gclkinst_auto_created_sclk_s_0_r_bk4                                                
RUN-1001 :   12   |   u_ph1p35_324_ddr_wrapper/u_ddr2/ph1p_ddrmc_wrapper/ph1p_ddrmc_top/u_ddr_phy/u_ddrphy_top/u_ddrphy_clk/u_pll1/u_bufg_fbclk_auto_created_sclk_s_1_l_bk1   
RUN-1001 :   13   |                           u_mipi_dphy_rx_ph1p_mipiio_wrapper/u_ph1p_mipiio_rx_wrapper/bufg_feedback_auto_created_sclk_s_1_l_bk2                           
RUN-1001 :   14   |  u_ph1p35_324_ddr_wrapper/u_ddr2/ph1p_ddrmc_wrapper/ph1p_ddrmc_top/u_ddr_phy/u_ddrphy_top/u_ddrphy/apb_pclk_created_gclkinst_auto_created_sclk_s_1_l_bk3  
RUN-1001 :   15   |                                                      u_PLL/bufg_feedback_auto_created_sclk_s_1_r_bk1                                                      
RUN-1001 :   16   |                           u_mipi_dphy_rx_ph1p_mipiio_wrapper/u_ph1p_mipiio_rx_wrapper/bufg_feedback_auto_created_sclk_s_1_r_bk2                           
RUN-1001 :   17   |                                            u_hdmi_tx/I_pixel_clk_created_gclkinst_auto_created_sclk_s_1_r_bk3                                             
RUN-1001 :   18   |                          u_hdmi_tx/u_hdmi2phy_wrapper/u0_lane_lvds_8_1/I_serial_clk_created_gclkinst_auto_created_sclk_s_1_r_bk4                          
RUN-1001 :   19   |   u_ph1p35_324_ddr_wrapper/u_ddr2/ph1p_ddrmc_wrapper/ph1p_ddrmc_top/u_ddr_phy/u_ddrphy_top/u_ddrphy_clk/u_pll1/u_bufg_fbclk_auto_created_sclk_s_1_r_bk5   
RUN-1001 : -------------------------------------------------------------------------------------------------------------------------------------------------------------------
PHY-1001 : End Stage 2.1 | Build Routing Design; Time: 2.865454s wall, 16.328125s user + 0.031250s system = 16.359375s CPU (570.9%); Memory(MB): used = 1467, reserved = 1460, peak = 1467;

RUN-1001 : Top Percentage Crit. Net Stat.
RUN-1001 : -------------------------------------------------------
RUN-1001 :   Top %  |  Net Count  |  Avg. Fanout  |  Avg. Slack   
RUN-1001 : -------------------------------------------------------
RUN-1001 :     1    |     299     |   2.220736    |  3935.779264  
RUN-1001 :     2    |     599     |   3.003339    |  4408.616027  
RUN-1001 :     3    |     899     |   2.849833    |  4656.105673  
RUN-1001 :     4    |    1199     |   2.676397    |  4815.572977  
RUN-1001 :     5    |    1499     |   2.570380    |  4934.350233  
RUN-1001 :     6    |    1799     |   2.500278    |  5032.343524  
RUN-1001 :     7    |    2099     |   2.579323    |  5116.438780  
RUN-1001 :     8    |    2398     |   2.668057    |  5189.153044  
RUN-1001 :     9    |    2698     |   2.595997    |  5253.953669  
RUN-1001 :    10    |    2998     |   2.524016    |  5312.748833  
RUN-1001 : -------------------------------------------------------
PHY-1001 : Stage 2.2 | Tile Base Routing
PHY-1001 : 177 nets need to preroute.
PHY-1001 : len = 0, over cnt = 0(0%), over = 0, worst = 0, crit = 0
PHY-1001 : End Stage 2.2 | Tile Base Routing; Time: 0.241674s wall, 2.375000s user + 0.000000s system = 2.375000s CPU (982.7%); Memory(MB): used = 1473, reserved = 1465, peak = 1473;

PHY-1001 : Stage 2.3 | Clock Nets Routing
PHY-1001 : Routed 0% nets.
PHY-1001 : len = 362960, over cnt = 0(0%), over = 0, worst = 0, crit = 0
PHY-1001 : End Stage 2.3 | Clock Nets Routing; Time: 0.566552s wall, 0.281250s user + 0.000000s system = 0.281250s CPU (49.6%); Memory(MB): used = 1504, reserved = 1496, peak = 1504;

PHY-1001 : Stage 2.4 | Routing Initialization
PHY-1001 : Mark 1% net(place mode slack < 4659ps) as critical nets.
PHY-1001 : Stage 2.4.1 | Normal Nets Routing
PHY-1001 : Routed 68% nets.
PHY-1001 : len = 2.45341e+06, over cnt = 11580(0%), over = 12337, worst = 4, crit = 0
PHY-1001 : End Stage 2.4.1 | Normal Nets Routing; Time: 3.991878s wall, 6.453125s user + 0.078125s system = 6.531250s CPU (163.6%); Memory(MB): used = 1547, reserved = 1540, peak = 1547;

PHY-1001 : Stage 2.4.2 | Update Timing
RUN-1002 : start command "start_timer"
USR-1002 : Derived clock:  create_generated_clock -name {u_PLL/ph1p_phy_pll_wrapper_25a56e5ce2f9_Inst/u_PH1P_PHY_PLL.clkc[0]} -source [get_ports {I_sys_clk}] -master_clock {sys_clk_50m} -multiply_by 2.0000 -duty_cycle 50.0000 [get_pins {u_PLL/ph1p_phy_pll_wrapper_25a56e5ce2f9_Inst/u_PH1P_PHY_PLL.clkc[0]}]
USR-1002 : Derived clock:  create_generated_clock -name {u_PLL/ph1p_phy_pll_wrapper_25a56e5ce2f9_Inst/u_PH1P_PHY_PLL.clkc[1]} -source [get_ports {I_sys_clk}] -master_clock {sys_clk_50m} -divide_by 2.0769 -duty_cycle 50.0000 [get_pins {u_PLL/ph1p_phy_pll_wrapper_25a56e5ce2f9_Inst/u_PH1P_PHY_PLL.clkc[1]}]
USR-1002 : Derived clock:  create_generated_clock -name {u_PLL/ph1p_phy_pll_wrapper_25a56e5ce2f9_Inst/u_PH1P_PHY_PLL.clkc[4]} -source [get_ports {I_sys_clk}] -master_clock {sys_clk_50m} -multiply_by 1.0400 -duty_cycle 50.0000 [get_pins {u_PLL/ph1p_phy_pll_wrapper_25a56e5ce2f9_Inst/u_PH1P_PHY_PLL.clkc[4]}]
USR-1002 : Derived clock:  create_generated_clock -name {u_PLL/ph1p_phy_pll_wrapper_25a56e5ce2f9_Inst/u_PH1P_PHY_PLL.clkc[5]} -source [get_ports {I_sys_clk}] -master_clock {sys_clk_50m} -multiply_by 5.2000 -duty_cycle 50.0000 [get_pins {u_PLL/ph1p_phy_pll_wrapper_25a56e5ce2f9_Inst/u_PH1P_PHY_PLL.clkc[5]}]
USR-1002 : Derived clock:  create_generated_clock -name {u_ph1p35_324_ddr_wrapper/u_ddr2/ph1p_ddrmc_wrapper/ph1p_ddrmc_top/u_ddr_phy/u_ddrphy_top/u_ddrphy_clk/u_pll0/u_pll_inst.clkc[0]} -source [get_ports {I_sys_clk}] -master_clock {sys_clk_50m} -multiply_by 1.3333 -duty_cycle 50.0000 [get_pins {u_ph1p35_324_ddr_wrapper/u_ddr2/ph1p_ddrmc_wrapper/ph1p_ddrmc_top/u_ddr_phy/u_ddrphy_top/u_ddrphy_clk/u_pll0/u_pll_inst.clkc[0]}]
USR-1002 : Derived clock:  create_generated_clock -name {u_ph1p35_324_ddr_wrapper/u_ddr2/ph1p_ddrmc_wrapper/ph1p_ddrmc_top/u_ddr_phy/u_ddrphy_top/u_ddrphy_clk/u_pll0/u_pll_inst.clkc[1]} -source [get_ports {I_sys_clk}] -master_clock {sys_clk_50m} -multiply_by 1.3333 -duty_cycle 50.0000 [get_pins {u_ph1p35_324_ddr_wrapper/u_ddr2/ph1p_ddrmc_wrapper/ph1p_ddrmc_top/u_ddr_phy/u_ddrphy_top/u_ddrphy_clk/u_pll0/u_pll_inst.clkc[1]}]
USR-1002 : Derived clock:  create_generated_clock -name {u_ph1p35_324_ddr_wrapper/u_ddr2/ph1p_ddrmc_wrapper/ph1p_ddrmc_top/u_ddr_phy/u_ddrphy_top/u_ddrphy_clk/u_pll0/u_pll_inst.clkc[2]} -source [get_ports {I_sys_clk}] -master_clock {sys_clk_50m} -multiply_by 5.3333 -duty_cycle 50.0000 [get_pins {u_ph1p35_324_ddr_wrapper/u_ddr2/ph1p_ddrmc_wrapper/ph1p_ddrmc_top/u_ddr_phy/u_ddrphy_top/u_ddrphy_clk/u_pll0/u_pll_inst.clkc[2]}]
USR-1002 : Derived clock:  create_generated_clock -name {u_ph1p35_324_ddr_wrapper/u_ddr2/ph1p_ddrmc_wrapper/ph1p_ddrmc_top/u_ddr_phy/u_ddrphy_top/u_ddrphy_clk/u_pll0/u_pll_inst.clkc[3]} -source [get_ports {I_sys_clk}] -master_clock {sys_clk_50m} -divide_by 1.9687 -duty_cycle 50.0000 [get_pins {u_ph1p35_324_ddr_wrapper/u_ddr2/ph1p_ddrmc_wrapper/ph1p_ddrmc_top/u_ddr_phy/u_ddrphy_top/u_ddrphy_clk/u_pll0/u_pll_inst.clkc[3]}]
USR-1002 : Derived clock:  create_generated_clock -name {u_ph1p35_324_ddr_wrapper/u_ddr2/ph1p_ddrmc_wrapper/ph1p_ddrmc_top/u_ddr_phy/u_ddrphy_top/u_ddrphy_clk/u_pll1/u_pll_inst.clkc[0]} -source [get_pins {u_ph1p35_324_ddr_wrapper/u_ddr2/ph1p_ddrmc_wrapper/ph1p_ddrmc_top/u_ddr_phy/u_ddrphy_top/u_ddrphy_clk/u_pll0/u_pll_inst.clkc[0]}] -master_clock {u_ph1p35_324_ddr_wrapper/u_ddr2/ph1p_ddrmc_wrapper/ph1p_ddrmc_top/u_ddr_phy/u_ddrphy_top/u_ddrphy_clk/u_pll0/u_pll_inst.clkc[0]} -multiply_by 1.0000 -duty_cycle 50.0000 [get_pins {u_ph1p35_324_ddr_wrapper/u_ddr2/ph1p_ddrmc_wrapper/ph1p_ddrmc_top/u_ddr_phy/u_ddrphy_top/u_ddrphy_clk/u_pll1/u_pll_inst.clkc[0]}]
8.888000
15.000000
15.000000
19.230000
RUN-1003 : finish command "start_timer" in  1.097953s wall, 0.546875s user + 0.000000s system = 0.546875s CPU (49.8%)

RUN-1004 : used memory is 1548 MB, reserved memory is 1540 MB, peak memory is 1548 MB
TMR-2502 : Net delay update with mode: Routed
PHY-1001 : 0/21055(0%) critical/total net(s).
PHY-1001 : Setup: WNS(ns) = 1.535, TNS(ns) = 0.000, FEP = 0 | Hold: WNS(ns) = -0.198, TNS(ns) = -12.510, FEP = 269.
PHY-1001 : End Stage 2.4.2 | Update Timing; Time: 3.433762s wall, 1.265625s user + 0.000000s system = 1.265625s CPU (36.9%); Memory(MB): used = 1655, reserved = 1648, peak = 1655;

PHY-1001 : Stage 2.4.3 | Deskew Clock Tree
RUN-1001 : Deskew Summary
RUN-1001 : ---------------------------------------------------------------------------------------------------------------------------------
RUN-1001 :                                                 Clock                                                 |  Pre-Skew  |  Post-Skew  
RUN-1001 : ---------------------------------------------------------------------------------------------------------------------------------
RUN-1001 :                                             mipi_rx_ck_pad                                            |     32     |     32      
RUN-1001 :   u_mipi_dphy_rx_ph1p_mipiio_wrapper/u_ph1p_mipiio_rx_wrapper/u_PH1P_LOGIC_DPHY_MIPI_RX.io_clk_pad_p  |     32     |     32      
RUN-1001 :                                            MIPI_RX_BYTE_CLK                                           |     32     |     32      
RUN-1001 :                                              pll_clk_100m                                             |     20     |     20      
RUN-1001 :                                u_ph1p35_324_ddr_wrapper/u_ddr2/usr_clk                                |     12     |     12      
RUN-1001 :                                             HDMI_PIXEL_CLK                                            |     13     |     13      
RUN-1001 :                                u_ph1p35_324_ddr_wrapper/u_ddr2/mcu_clk                                |     12     |     12      
RUN-1001 :                                              pll_clk_24m                                              |     4      |      4      
RUN-1001 : ---------------------------------------------------------------------------------------------------------------------------------
PHY-1001 : 0/21055(0%) critical/total net(s).
PHY-1001 : Setup: WNS(ns) = 1.535, TNS(ns) = 0.000, FEP = 0 | Hold: WNS(ns) = -0.198, TNS(ns) = -12.510, FEP = 269.
PHY-1001 : End Stage 2.4.3 | Deskew Clock Tree; Time: 2.351502s wall, 0.781250s user + 0.000000s system = 0.781250s CPU (33.2%); Memory(MB): used = 1683, reserved = 1675, peak = 1683;

PHY-1001 : End Stage 2.4 | Routing Initialization; Time: 9.839779s wall, 8.515625s user + 0.078125s system = 8.593750s CPU (87.3%); Memory(MB): used = 1683, reserved = 1675, peak = 1683;

PHY-1001 : Stage 2.5 | Routing Optimization
PHY-1001 : Build lut bridge;  0.086671s wall, 0.062500s user + 0.000000s system = 0.062500s CPU (72.1%)

PHY-1001 : Stage 2.5.1 | Phase 1
PHY-1001 : Stage 2.5.1.1 | Hold TimeOptimization
PHY-1001 : Iter 0; Processed 371 pins with HWNS -0.198ns HTNS -5.731ns FEP 122 took 0.375615 seconds.
PHY-1001 : Iter 1; Processed 505 pins with HWNS -0.017ns HTNS -0.017ns FEP 1 took 0.934192 seconds.
PHY-1001 : len = 2.4908e+06, over cnt = 11471(0%), over = 12232, worst = 4, crit = 0
PHY-1001 : End Stage 2.5.1.1 | Hold TimeOptimization; Time: 1.367171s wall, 0.578125s user + 0.000000s system = 0.578125s CPU (42.3%); Memory(MB): used = 1688, reserved = 1680, peak = 1688;

PHY-1001 : Stage 2.5.1.2 | High Fanout Nets Optimization
PHY-1001 : High fanout net optimize summary:
PHY-1001 : Process 0 nets and 0 pins with SWNS 1.535ns STNS 0.000ns FEP 0.
PHY-1001 : len = 2.4908e+06, over cnt = 11471(0%), over = 12232, worst = 4, crit = 0
PHY-1001 : End Stage 2.5.1.2 | High Fanout Nets Optimization; Time: 0.139734s wall, 0.109375s user + 0.000000s system = 0.109375s CPU (78.3%); Memory(MB): used = 1688, reserved = 1680, peak = 1688;

PHY-1001 : Stage 2.5.1.3 | Setup TimeOptimization
PHY-1001 : len = 2.4908e+06, over cnt = 11471(0%), over = 12232, worst = 4, crit = 0
PHY-1001 : End Stage 2.5.1.3 | Setup TimeOptimization; Time: 0.143732s wall, 0.140625s user + 0.000000s system = 0.140625s CPU (97.8%); Memory(MB): used = 1688, reserved = 1680, peak = 1688;

PHY-1001 : Stage 2.5.1.4 | Rip-up And ReRoute
PHY-0007 : Congestion: {76.40, 67.49, 62.75, 59.69}; Timing: {1.535ns, 0.000ns, 0}
PHY-1001 : Iter 1: len = 2.57686e+06, over cnt = 4977(0%), over = 5118, worst = 3, crit = 0, time(s) = 2.69
PHY-1001 : Iter 2: len = 2.60264e+06, over cnt = 2913(0%), over = 2939, worst = 3, crit = 0, time(s) = 1.45
PHY-1001 : Iter 3: len = 2.60912e+06, over cnt = 2170(0%), over = 2176, worst = 2, crit = 0, time(s) = 0.73
PHY-1001 : Iter 4: len = 2.64566e+06, over cnt = 926(0%), over = 927, worst = 2, crit = 0, time(s) = 1.17
PHY-1001 : Iter 5: len = 2.6525e+06, over cnt = 695(0%), over = 697, worst = 2, crit = 0, time(s) = 0.51
PHY-1001 : Iter 6: len = 2.6547e+06, over cnt = 611(0%), over = 613, worst = 2, crit = 0, time(s) = 0.28
PHY-1001 : Iter 7: len = 2.65678e+06, over cnt = 541(0%), over = 543, worst = 2, crit = 0, time(s) = 0.25
PHY-1001 : Marking 8 (0.21%) hot zones with cutoff utilization 81.25.
PHY-1001 : Iter 8: len = 2.68349e+06, over cnt = 93(0%), over = 93, worst = 1, crit = 0, time(s) = 0.30
PHY-1001 : Iter 9: len = 2.68576e+06, over cnt = 52(0%), over = 52, worst = 1, crit = 0, time(s) = 0.11
PHY-1001 : Iter 10: len = 2.68917e+06, over cnt = 13(0%), over = 13, worst = 1, crit = 0, time(s) = 0.07
PHY-1001 : Iter 11: len = 2.68978e+06, over cnt = 5(0%), over = 5, worst = 1, crit = 0, time(s) = 0.05
PHY-1001 : Iter 12: len = 2.69003e+06, over cnt = 0(0%), over = 0, worst = 0, crit = 0, time(s) = 0.06
PHY-1001 : Marking 8 (0.21%) hot zones with cutoff utilization 81.25.
PHY-1001 : Update congestion ...
PHY-1001 : Marking 8 (0.21%) hot zones with cutoff utilization 81.25.
PHY-1001 : Congestion index:
PHY-1001 : top1  = 80.24(S 71.91, N 64.68, E 74.68, W 74.17, I 69.13, O 77.22)
PHY-1001 : top5  = 70.74(S 61.16, N 57.55, E 62.30, W 65.34, I 51.78, O 58.50)
PHY-1001 : top10 = 66.55(S 54.52, N 53.00, E 55.53, W 60.23, I 44.85, O 52.28)
PHY-1001 : top15 = 63.72(S 50.03, N 49.70, E 51.05, W 56.50, I 40.30, O 48.18)
PHY-1001 : End update congestion; 0.014038s wall, 0.000000s user + 0.000000s system = 0.000000s CPU (n/a%)

PHY-1001 : End Stage 2.5.1.4 | Rip-up And ReRoute; Time: 7.799780s wall, 8.718750s user + 0.031250s system = 8.750000s CPU (112.2%); Memory(MB): used = 1691, reserved = 1684, peak = 1691;

PHY-1001 : Stage 2.5.1.5 | Update Timing
PHY-1001 : 0/21055(0%) critical/total net(s).
PHY-1001 : Setup: WNS(ns) = 0.629, TNS(ns) = 0.000, FEP = 0 | Hold: WNS(ns) = -0.133, TNS(ns) = -2.430, FEP = 56.
PHY-1001 : End Stage 2.5.1.5 | Update Timing; Time: 1.635750s wall, 0.968750s user + 0.000000s system = 0.968750s CPU (59.2%); Memory(MB): used = 1704, reserved = 1696, peak = 1704;

PHY-1001 : Stage 2.5.1.6 | Commit Data
PHY-1001 : Commit better result to database ...
PHY-1001 : End Stage 2.5.1.6 | Commit Data; Time: 0.065879s wall, 0.062500s user + 0.000000s system = 0.062500s CPU (94.9%); Memory(MB): used = 1718, reserved = 1714, peak = 1718;

PHY-1001 : End Stage 2.5.1 | Phase 1; Time: 11.490521s wall, 10.812500s user + 0.031250s system = 10.843750s CPU (94.4%); Memory(MB): used = 1718, reserved = 1714, peak = 1718;

PHY-1001 : End Stage 2.5 | Routing Optimization; Time: 13.959018s wall, 11.718750s user + 0.031250s system = 11.750000s CPU (84.2%); Memory(MB): used = 1718, reserved = 1714, peak = 1718;

PHY-1001 : Stage 2.6 | Multi-try route Optimization
PHY-1001 : End Stage 2.6 | Multi-try route Optimization; Time: 0.042941s wall, 0.046875s user + 0.000000s system = 0.046875s CPU (109.2%); Memory(MB): used = 1720, reserved = 1714, peak = 1720;

PHY-1003 : Routed, final wirelength = 2.69003e+06
RUN-1001 : Clock region assignment statistics:
RUN-1001 : Clock Region s_0_l [0,0][23,39]; Utilization: 7 out of 12
RUN-1001 : -----------------------------------------------------------------------------------------------------------------------------------------------------------------------------------------------------------------------------------------------------------------------------------------------------------------------------------------------------------------------------------------------------------------------------------------------------
RUN-1001 :   Bank  |                                                   Assigned Clock                                                   |                                                    Route Clock                                                     |  Marking  |                                                                          Buffer                                                                           |  Regional Clock Fanouts  
RUN-1001 : -----------------------------------------------------------------------------------------------------------------------------------------------------------------------------------------------------------------------------------------------------------------------------------------------------------------------------------------------------------------------------------------------------------------------------------------------------
RUN-1001 :    1    |      u_isp_top/u_demosaic/raw_matrix_3x3_buffer_d/zhenghe_d/blk_mem_gen_zhenghe_d1/ram_d32970204f32_Inst/clkb      |      u_isp_top/u_demosaic/raw_matrix_3x3_buffer_d/zhenghe_d/blk_mem_gen_zhenghe_d1/ram_d32970204f32_Inst/clkb      |           |                           u_mipi_dphy_rx_ph1p_mipiio_wrapper/u_ph1p_mipiio_rx_wrapper/bufg_feedback_auto_created_sclk_s_0_l_bk1                           |           1201           
RUN-1001 :    2    |                 u_ph1p35_324_ddr_wrapper/u_ddr2/ph1p_ddrmc_wrapper/ph1p_ddrmc_top/u_alc_mc_top/clk                 |                 u_ph1p35_324_ddr_wrapper/u_ddr2/ph1p_ddrmc_wrapper/ph1p_ddrmc_top/u_alc_mc_top/clk                 |           |   u_ph1p35_324_ddr_wrapper/u_ddr2/ph1p_ddrmc_wrapper/ph1p_ddrmc_top/u_ddr_phy/u_ddrphy_top/u_ddrphy_clk/u_pll1/u_bufg_fbclk_auto_created_sclk_s_0_l_bk2   |           772            
RUN-1001 :    3    |                                           u_hdmi_tx/I_pixel_clk_syn_652                                            |                                           u_hdmi_tx/I_pixel_clk_syn_652                                            |           |                                            u_hdmi_tx/I_pixel_clk_created_gclkinst_auto_created_sclk_s_0_l_bk3                                             |           182            
RUN-1001 :    4    |                                                  I_sys_clk_syn_8                                                   |                                                  I_sys_clk_syn_8                                                   |           |                                               I_sys_clk_dup_6_created_gclkinst_auto_created_sclk_s_0_l_bk4                                                |            81            
RUN-1001 :    5    |                                                  O_cam_24m_syn_3                                                   |                                                  O_cam_24m_syn_3                                                   |           |                                               O_cam_24m_dup_1_created_gclkinst_auto_created_sclk_s_0_l_bk5                                                |            64            
RUN-1001 :    6    |                                       u_uicfgcs500/uii2c_inst/scl_clk_syn_9                                        |                                       u_uicfgcs500/uii2c_inst/scl_clk_syn_9                                        |           |                                       u_uicfgcs500/uii2c_inst/scl_clk_created_gclkinst_auto_created_sclk_s_0_l_bk6                                        |            18            
RUN-1001 :    7    |  u_ph1p35_324_ddr_wrapper/u_ddr2/ph1p_ddrmc_wrapper/ph1p_ddrmc_top/u_ddr_phy/u_ddrphy_top/u_ddrphy/apb_pclk_syn_1  |  u_ph1p35_324_ddr_wrapper/u_ddr2/ph1p_ddrmc_wrapper/ph1p_ddrmc_top/u_ddr_phy/u_ddrphy_top/u_ddrphy/apb_pclk_syn_1  |           |  u_ph1p35_324_ddr_wrapper/u_ddr2/ph1p_ddrmc_wrapper/ph1p_ddrmc_top/u_ddr_phy/u_ddrphy_top/u_ddrphy/apb_pclk_created_gclkinst_auto_created_sclk_s_0_l_bk7  |            3             
RUN-1001 : -----------------------------------------------------------------------------------------------------------------------------------------------------------------------------------------------------------------------------------------------------------------------------------------------------------------------------------------------------------------------------------------------------------------------------------------------------
RUN-1001 : Clock Region s_0_r [24,0][47,39]; Utilization: 4 out of 12
RUN-1001 : -----------------------------------------------------------------------------------------------------------------------------------------------------------------------------------------------------------------------------------------------------------------------------------------------------------------------------------------------------------------------------------
RUN-1001 :   Bank  |                                               Assigned Clock                                               |                                                Route Clock                                                 |  Marking  |                                                 Buffer                                                  |  Regional Clock Fanouts  
RUN-1001 : -----------------------------------------------------------------------------------------------------------------------------------------------------------------------------------------------------------------------------------------------------------------------------------------------------------------------------------------------------------------------------------
RUN-1001 :    1    |  u_isp_top/u_demosaic/raw_matrix_3x3_buffer_d/zhenghe_d/blk_mem_gen_zhenghe_d1/ram_d32970204f32_Inst/clkb  |  u_isp_top/u_demosaic/raw_matrix_3x3_buffer_d/zhenghe_d/blk_mem_gen_zhenghe_d1/ram_d32970204f32_Inst/clkb  |           |  u_mipi_dphy_rx_ph1p_mipiio_wrapper/u_ph1p_mipiio_rx_wrapper/bufg_feedback_auto_created_sclk_s_0_r_bk1  |           1705           
RUN-1001 :    2    |                                       u_hdmi_tx/I_pixel_clk_syn_652                                        |                                       u_hdmi_tx/I_pixel_clk_syn_652                                        |           |                   u_hdmi_tx/I_pixel_clk_created_gclkinst_auto_created_sclk_s_0_r_bk2                    |           461            
RUN-1001 :    3    |            u_mipi_dphy_rx_ph1p_mipiio_wrapper/u_ph1p_mipiio_rx_wrapper/u_lane0_hs_detect/I_clk             |            u_mipi_dphy_rx_ph1p_mipiio_wrapper/u_ph1p_mipiio_rx_wrapper/u_lane0_hs_detect/I_clk             |           |                             u_PLL/bufg_feedback_auto_created_sclk_s_0_r_bk3                             |            7             
RUN-1001 :    4    |                                              O_cam_24m_syn_3                                               |                                              O_cam_24m_syn_3                                               |           |                      O_cam_24m_dup_1_created_gclkinst_auto_created_sclk_s_0_r_bk4                       |            6             
RUN-1001 : -----------------------------------------------------------------------------------------------------------------------------------------------------------------------------------------------------------------------------------------------------------------------------------------------------------------------------------------------------------------------------------
RUN-1001 : Clock Region s_1_l [0,40][23,79]; Utilization: 3 out of 12
RUN-1001 : -----------------------------------------------------------------------------------------------------------------------------------------------------------------------------------------------------------------------------------------------------------------------------------------------------------------------------------------------------------------------------------------------------------------------------------------------------
RUN-1001 :   Bank  |                                                   Assigned Clock                                                   |                                                    Route Clock                                                     |  Marking  |                                                                          Buffer                                                                           |  Regional Clock Fanouts  
RUN-1001 : -----------------------------------------------------------------------------------------------------------------------------------------------------------------------------------------------------------------------------------------------------------------------------------------------------------------------------------------------------------------------------------------------------------------------------------------------------
RUN-1001 :    1    |                 u_ph1p35_324_ddr_wrapper/u_ddr2/ph1p_ddrmc_wrapper/ph1p_ddrmc_top/u_alc_mc_top/clk                 |                 u_ph1p35_324_ddr_wrapper/u_ddr2/ph1p_ddrmc_wrapper/ph1p_ddrmc_top/u_alc_mc_top/clk                 |           |   u_ph1p35_324_ddr_wrapper/u_ddr2/ph1p_ddrmc_wrapper/ph1p_ddrmc_top/u_ddr_phy/u_ddrphy_top/u_ddrphy_clk/u_pll1/u_bufg_fbclk_auto_created_sclk_s_1_l_bk1   |           1380           
RUN-1001 :    2    |      u_isp_top/u_demosaic/raw_matrix_3x3_buffer_d/zhenghe_d/blk_mem_gen_zhenghe_d1/ram_d32970204f32_Inst/clkb      |      u_isp_top/u_demosaic/raw_matrix_3x3_buffer_d/zhenghe_d/blk_mem_gen_zhenghe_d1/ram_d32970204f32_Inst/clkb      |           |                           u_mipi_dphy_rx_ph1p_mipiio_wrapper/u_ph1p_mipiio_rx_wrapper/bufg_feedback_auto_created_sclk_s_1_l_bk2                           |           881            
RUN-1001 :    3    |  u_ph1p35_324_ddr_wrapper/u_ddr2/ph1p_ddrmc_wrapper/ph1p_ddrmc_top/u_ddr_phy/u_ddrphy_top/u_ddrphy/apb_pclk_syn_1  |  u_ph1p35_324_ddr_wrapper/u_ddr2/ph1p_ddrmc_wrapper/ph1p_ddrmc_top/u_ddr_phy/u_ddrphy_top/u_ddrphy/apb_pclk_syn_1  |           |  u_ph1p35_324_ddr_wrapper/u_ddr2/ph1p_ddrmc_wrapper/ph1p_ddrmc_top/u_ddr_phy/u_ddrphy_top/u_ddrphy/apb_pclk_created_gclkinst_auto_created_sclk_s_1_l_bk3  |            25            
RUN-1001 : -----------------------------------------------------------------------------------------------------------------------------------------------------------------------------------------------------------------------------------------------------------------------------------------------------------------------------------------------------------------------------------------------------------------------------------------------------
RUN-1001 : Clock Region s_1_r [24,40][43,79]; Utilization: 5 out of 12
RUN-1001 : -----------------------------------------------------------------------------------------------------------------------------------------------------------------------------------------------------------------------------------------------------------------------------------------------------------------------------------------------------------------------------------------------------------------------------------
RUN-1001 :   Bank  |                                               Assigned Clock                                               |                                                Route Clock                                                 |  Marking  |                                                                         Buffer                                                                          |  Regional Clock Fanouts  
RUN-1001 : -----------------------------------------------------------------------------------------------------------------------------------------------------------------------------------------------------------------------------------------------------------------------------------------------------------------------------------------------------------------------------------------------------------------------------------
RUN-1001 :    1    |            u_mipi_dphy_rx_ph1p_mipiio_wrapper/u_ph1p_mipiio_rx_wrapper/u_lane0_hs_detect/I_clk             |            u_mipi_dphy_rx_ph1p_mipiio_wrapper/u_ph1p_mipiio_rx_wrapper/u_lane0_hs_detect/I_clk             |           |                                                     u_PLL/bufg_feedback_auto_created_sclk_s_1_r_bk1                                                     |            1             
RUN-1001 :    2    |  u_isp_top/u_demosaic/raw_matrix_3x3_buffer_d/zhenghe_d/blk_mem_gen_zhenghe_d1/ram_d32970204f32_Inst/clkb  |  u_isp_top/u_demosaic/raw_matrix_3x3_buffer_d/zhenghe_d/blk_mem_gen_zhenghe_d1/ram_d32970204f32_Inst/clkb  |           |                          u_mipi_dphy_rx_ph1p_mipiio_wrapper/u_ph1p_mipiio_rx_wrapper/bufg_feedback_auto_created_sclk_s_1_r_bk2                          |           845            
RUN-1001 :    3    |                                       u_hdmi_tx/I_pixel_clk_syn_652                                        |                                       u_hdmi_tx/I_pixel_clk_syn_652                                        |           |                                           u_hdmi_tx/I_pixel_clk_created_gclkinst_auto_created_sclk_s_1_r_bk3                                            |           249            
RUN-1001 :    4    |                      u_hdmi_tx/u_hdmi2phy_wrapper/u0_lane_lvds_8_1/I_serial_clk_syn_1                      |                      u_hdmi_tx/u_hdmi2phy_wrapper/u0_lane_lvds_8_1/I_serial_clk_syn_1                      |           |                         u_hdmi_tx/u_hdmi2phy_wrapper/u0_lane_lvds_8_1/I_serial_clk_created_gclkinst_auto_created_sclk_s_1_r_bk4                         |            41            
RUN-1001 :    5    |             u_ph1p35_324_ddr_wrapper/u_ddr2/ph1p_ddrmc_wrapper/ph1p_ddrmc_top/u_alc_mc_top/clk             |             u_ph1p35_324_ddr_wrapper/u_ddr2/ph1p_ddrmc_wrapper/ph1p_ddrmc_top/u_alc_mc_top/clk             |           |  u_ph1p35_324_ddr_wrapper/u_ddr2/ph1p_ddrmc_wrapper/ph1p_ddrmc_top/u_ddr_phy/u_ddrphy_top/u_ddrphy_clk/u_pll1/u_bufg_fbclk_auto_created_sclk_s_1_r_bk5  |            29            
RUN-1001 : -----------------------------------------------------------------------------------------------------------------------------------------------------------------------------------------------------------------------------------------------------------------------------------------------------------------------------------------------------------------------------------------------------------------------------------
RUN-1002 : start command "export_db camera_to_dsi_display_pr.db"
RUN-1001 : Exported flow parameters
RUN-1001 : Exported /
RUN-1001 : Exported libs
RUN-1001 : Exported entities
RUN-1001 : Exported ports
RUN-1001 : Exported pins
RUN-1001 : Exported instances
RUN-1001 : Exported nets
RUN-1001 : Exported buses
RUN-1001 : Exported models
RUN-1001 : Exported phy database
RUN-1001 : Exported packer
RUN-1001 : Exported congestions
RUN-1001 : Exported violations
RUN-1001 : Exported ATMR Setting
RUN-1001 : Exported timing constraints
RUN-1001 : Exported IO constraints
RUN-1001 : Exported Inst constraints
RUN-1001 : Exported ChipWatcher
PHY-1001 : Current memory(MB): used = 1788, reserved = 1895, peak = 1788.
PHY-1001 : End export database. 0.783066s wall, 0.562500s user + 0.015625s system = 0.578125s CPU (73.8%)

PHY-1001 : End detail routing;  29.415225s wall, 40.343750s user + 0.187500s system = 40.531250s CPU (137.8%)

PHY-1001 : End Stage 2 | Detail Routing; Time: 29.415294s wall, 40.343750s user + 0.187500s system = 40.531250s CPU (137.8%); Memory(MB): used = 1788, reserved = 1895, peak = 1788;

RUN-1002 : start command "fix_hold"

PHY-1001 : Stage 3 | Hold Fix
PHY-1001 : Stage 3.1 | Load Design Data
PHY-1034 : Refresh detailed routing grids ...
PHY-1001 : Generate nets ...
PHY-1001 : eco open net = 0
PHY-1001 : End Stage 3.1 | Load Design Data; Time: 0.234612s wall, 0.171875s user + 0.000000s system = 0.171875s CPU (73.3%); Memory(MB): used = 1788, reserved = 1895, peak = 1788;

PHY-1001 : Stage 3.2 | Hold Fix Optimization
RUN-1002 : start command "start_timer"
RUN-1003 : finish command "start_timer" in  1.038835s wall, 0.390625s user + 0.000000s system = 0.390625s CPU (37.6%)

RUN-1004 : used memory is 1788 MB, reserved memory is 1895 MB, peak memory is 1788 MB
PHY-1001 : Timing info: SWNS 0.629ns | STNS 0.000ns | HWNS -0.133ns | HTNS -2.430ns.
PHY-1001 : Processing hold violation on 86 end-point, worst slack = -133ps, best slack = 19ps.
PHY-1001 : End timing refresh.  3.229296s wall, 1.359375s user + 0.000000s system = 1.359375s CPU (42.1%)

PHY-1001 : Stage 3.2.1 | Phase 1
PHY-1001 : Stage 3.2.1.1 | Hold Fix By LutBridge
PHY-1001 : len = 2.69696e+06, over cnt = 0(0%), over = 0, worst = 0, crit = 0
PHY-1001 : Bridge count = 13; unresolved count = 0.
PHY-1001 : 1 out of 86 ((1.16)%) EP fixed by LB.
PHY-1001 : End Stage 3.2.1.1 | Hold Fix By LutBridge; Time: 1.786450s wall, 0.984375s user + 0.000000s system = 0.984375s CPU (55.1%); Memory(MB): used = 1788, reserved = 1895, peak = 1788;

PHY-1001 : Timing info: SWNS 0.629ns | STNS 0.000ns | HWNS -0.067ns | HTNS -0.407ns.
PHY-1001 : Processing hold violation on 13 end-point, worst slack = -67ps, best slack = 8ps.
PHY-1001 : End timing refresh.  0.061889s wall, 0.062500s user + 0.000000s system = 0.062500s CPU (101.0%)

PHY-1001 : Stage 3.2.1.2 | Hold Fix By Pin
PHY-1001 : len = 2.69795e+06, over cnt = 0(0%), over = 0, worst = 0, crit = 0
PHY-1001 : 10 out of 13 ((76.92)%) EP fixed by pin delay.
PHY-1001 : End Stage 3.2.1.2 | Hold Fix By Pin; Time: 0.484943s wall, 0.281250s user + 0.000000s system = 0.281250s CPU (58.0%); Memory(MB): used = 1788, reserved = 1895, peak = 1788;

PHY-1001 : Timing info: SWNS 0.629ns | STNS 0.000ns | HWNS -0.067ns | HTNS -0.150ns.
PHY-1001 : Processing hold violation on 3 end-point, worst slack = -67ps, best slack = -34ps.
PHY-1001 : End timing refresh.  0.062346s wall, 0.062500s user + 0.000000s system = 0.062500s CPU (100.2%)

PHY-1001 : Stage 3.2.1.3 | Hold Fix By Net
PHY-1001 : len = 2.69878e+06, over cnt = 0(0%), over = 0, worst = 0, crit = 0
PHY-1001 : 3 out of 3 ((100.00)%) EP fixed by net delay.
PHY-1001 : End Stage 3.2.1.3 | Hold Fix By Net; Time: 0.143983s wall, 0.078125s user + 0.000000s system = 0.078125s CPU (54.3%); Memory(MB): used = 1788, reserved = 1895, peak = 1788;

PHY-1001 : Timing info: SWNS 0.629ns | STNS 0.000ns | HWNS 0.020ns | HTNS 0.000ns.
PHY-1001 : End timing refresh.  0.065335s wall, 0.062500s user + 0.000000s system = 0.062500s CPU (95.7%)

PHY-1001 : End Stage 3.2.1 | Phase 1; Time: 2.626305s wall, 1.546875s user + 0.000000s system = 1.546875s CPU (58.9%); Memory(MB): used = 1788, reserved = 1895, peak = 1788;

PHY-1001 : End Stage 3.2 | Hold Fix Optimization; Time: 5.856492s wall, 2.906250s user + 0.000000s system = 2.906250s CPU (49.6%); Memory(MB): used = 1788, reserved = 1895, peak = 1788;

PHY-1001 : End Stage 3 | Hold Fix; Time: 6.192319s wall, 3.140625s user + 0.000000s system = 3.140625s CPU (50.7%); Memory(MB): used = 1788, reserved = 1895, peak = 1788;

RUN-1003 : finish command "fix_hold" in  6.207017s wall, 3.156250s user + 0.000000s system = 3.156250s CPU (50.8%)

RUN-1004 : used memory is 1788 MB, reserved memory is 1895 MB, peak memory is 1788 MB
PHY-1001 : Stage 4 | Report Route Qor
RUN-1002 : start command "report_qor -step route -file route.qor"
RUN-1002 : start command "start_timer"
RUN-1003 : finish command "start_timer" in  1.012037s wall, 0.562500s user + 0.015625s system = 0.578125s CPU (57.1%)

RUN-1004 : used memory is 1788 MB, reserved memory is 1895 MB, peak memory is 1788 MB
-----------------------------------------------------------
| QoR metrics               |         value               |
-----------------------------------------------------------
| Timing                    |                             |
|     Setup WNS             |          629                |
|     Setup TNS             |            0                |
|     Num of violated S-EP  |            0                |
|     Hold WNS              |           20                |
|     Hold TNS              |            0                |
|     Num of violated H-EP  |            0                |
-----------------------------------------------------------
| Routing Resource          |                             |
|     Wire length           |      2698784                |
-----------------------------------------------------------
| Utilization               |                             |
|     #slices               |        12187                |
|     slices percentage     |       57.44%                |
|     #RAMs                 |           31                |
|     #DSPs                 |            8                |
|     #DRAMHARDCON          |           37                |
-----------------------------------------------------------
Report route stage QoR done.

RUN-1003 : finish command "report_qor -step route -file route.qor" in  3.194374s wall, 1.765625s user + 0.015625s system = 1.781250s CPU (55.8%)

RUN-1004 : used memory is 1788 MB, reserved memory is 1895 MB, peak memory is 1788 MB
RUN-1002 : start command "update_timing -mode final"
RUN-1002 : start command "start_timer"
RUN-1003 : finish command "start_timer" in  1.019177s wall, 0.484375s user + 0.000000s system = 0.484375s CPU (47.5%)

RUN-1004 : used memory is 1788 MB, reserved memory is 1895 MB, peak memory is 1788 MB
RUN-1003 : finish command "update_timing -mode final" in  3.144273s wall, 1.562500s user + 0.031250s system = 1.593750s CPU (50.7%)

RUN-1004 : used memory is 1788 MB, reserved memory is 1895 MB, peak memory is 1788 MB
RUN-1002 : start command "report_timing_summary -file final_timing.rpt"
OPT-1001 : QoR tracer report on route step:
    SWNS [   incr ]    STNS [   incr ]  S-FEPS [   incr ]    HWNS [   incr ]      HTNS [     incr ]    H-FEPS [     incr ]    CELL [   incr ]       WL [    incr ]   RT(s) [   incr ]   MEM(mb) [     incr ]
    1535 [      0 ]       0 [      0 ]       0 [      0 ]    -198 [      0 ]    -12510 [        0 ]       269 [        0 ]   12666 [      0 ]  2453408 [       0 ]      18 [      0 ]      1683 [        0 ] : dr_initialization
    1535 [      0 ]       0 [      0 ]       0 [      0 ]     -17 [    181 ]       -17 [    12493 ]         1 [     -268 ]   12666 [      0 ]  2490800 [   37392 ]      22 [      4 ]      1688 [        5 ] : dr_timing_opt_phase1
     629 [   -906 ]       0 [      0 ]       0 [      0 ]    -133 [   -116 ]     -2430 [    -2413 ]        56 [       55 ]   12666 [      0 ]  2690032 [  199232 ]      32 [     10 ]      1718 [       30 ] : dr_opt_phase1
     629 [      0 ]       0 [      0 ]       0 [      0 ]    -133 [      0 ]     -2430 [        0 ]        56 [        0 ]   12666 [      0 ]  2690032 [       0 ]      32 [      0 ]      1720 [        2 ] : multi_try_opt
     629 [      0 ]       0 [      0 ]       0 [      0 ]      20 [    153 ]         0 [     2430 ]         0 [      -56 ]   12666 [      0 ]  2698784 [    8752 ]      39 [      7 ]      1788 [       68 ] : fix_hold_opt

PHY-1001 : End Stage 4 | Report Route Qor; Time: 6.427450s wall, 3.359375s user + 0.062500s system = 3.421875s CPU (53.2%); Memory(MB): used = 1788, reserved = 1895, peak = 1788;

PHY-1001 : Stage 5 | Routing DRC
PHY-1001 : Stage 5.1 | Check And Add Lut-bridge
PHY-1001 : End Stage 5.1 | Check And Add Lut-bridge; Time: 0.050682s wall, 0.031250s user + 0.000000s system = 0.031250s CPU (61.7%); Memory(MB): used = 1788, reserved = 1895, peak = 1788;

PHY-1001 : Stage 5.2 | Lut Bridge Check
PHY-1001 : End Stage 5.2 | Lut Bridge Check; Time: 0.121842s wall, 0.062500s user + 0.000000s system = 0.062500s CPU (51.3%); Memory(MB): used = 1788, reserved = 1895, peak = 1788;

PHY-1001 : Stage 5.3 | Physical Net Status Check
PHY-1001 : End Stage 5.3 | Physical Net Status Check; Time: 0.031559s wall, 0.015625s user + 0.000000s system = 0.015625s CPU (49.5%); Memory(MB): used = 1788, reserved = 1895, peak = 1788;

PHY-1001 : Start multi-drive drc check......
PHY-1001 : No multi-drive.
PHY-1001 : Stage 5.4 | Clock Net Status Check
PHY-1001 : 2 clock net(s) utilize local routing resource.
PHY-5079 CRITICAL-WARNING: Marked 1 clock net(s) utilize the local routing resources. Please check log message and the sinks of clock nets.
RUN-1001 : CTS Local Wire Summary
RUN-1001 : ------------------------------------------------------------------------------------------------------------------------------------------------------------
RUN-1001 :    ClockName    |   DriverType    |  Clock/Fanout  |  LocalWireNum  |                                  NetName                                   |  Marked  
RUN-1001 : ------------------------------------------------------------------------------------------------------------------------------------------------------------
RUN-1001 :        -        |  AL_PHY_LSLICE  |      1/3       |       14       |                      u_uicfgcs500/uii2c_inst/scl_clk                       |    -     
RUN-1001 :   pll_clk_24m   |   AL_PHY_SCLK   |     63/64      |       3        |  O_cam_24m_dup_1_created_gclkinst_auto_created_sclk_s_0_l_bk5_sclk_outnet  |   true   
RUN-1001 : ------------------------------------------------------------------------------------------------------------------------------------------------------------
PHY-5088 WARNING: Clock_Analyzer: Detected 1 buffer(s) clkin net because they drive non-clock sinks. Run "analyze_clock -detail" for more infomation.
PHY-5088 WARNING: Clock_Analyzer: Detected 1 buffer(s) clkout net because they drive non-clock sinks. Run "analyze_clock -detail" for more infomation.
PHY-5088 WARNING: Clock_Analyzer: 2 clock-net(s) because they drive other clock net, may cause clock skew. Run "analyze_clock -detail" for more infomation.
PHY-1001 : End Stage 5.4 | Clock Net Status Check; Time: 0.043781s wall, 0.015625s user + 0.000000s system = 0.015625s CPU (35.7%); Memory(MB): used = 1788, reserved = 1895, peak = 1788;

PHY-1001 : Stage 5.5 | Abnormal Timing Path check
PHY-1001 : No abnormal timing path.
PHY-1001 : End Stage 5.5 | Abnormal Timing Path check; Time: 0.152232s wall, 0.062500s user + 0.000000s system = 0.062500s CPU (41.1%); Memory(MB): used = 1788, reserved = 1895, peak = 1788;

PHY-1001 : Stage 5.6 | Bound Check
PHY-1001 : Check Pass.
PHY-1001 : End Stage 5.6 | Bound Check; Time: 0.002169s wall, 0.000000s user + 0.000000s system = 0.000000s CPU (n/a%); Memory(MB): used = 1788, reserved = 1895, peak = 1788;

PHY-1001 : End Stage 5 | Routing DRC; Time: 0.435503s wall, 0.218750s user + 0.000000s system = 0.218750s CPU (50.2%); Memory(MB): used = 1788, reserved = 1895, peak = 1788;

RUN-1003 : finish command "route" in  46.692638s wall, 48.843750s user + 0.265625s system = 49.109375s CPU (105.2%)

RUN-1004 : used memory is 1788 MB, reserved memory is 1895 MB, peak memory is 1788 MB
RUN-1002 : start command "report_area -io_info -file camera_to_dsi_display_phy.area"
SYN-4034 : The count of slices with lut is 6523.
SYN-4035 : The count of slices with lut+ripple is 2899.
RUN-1001 : standard
***Report Model: design_top_wrapper Device: PH1P35MDG324***

Design Statistics
#IO                        58   out of    160   36.25%
  #input                    2
  #output                  31
  #inout                   25
#lut6                    9830   out of  21216   46.33%
#reg                    13318
  #slice reg            13318   out of  42432   31.39%
  #pad reg                  0

Utilization Statistics
#slice                  12187   out of  21216   57.44%
  #used ram               408
    #dram lut             296
    #shifter lut          112
  #used logic           11779
    #with luts           6523
    #with adder          2899
    #reg only            2357
#feedthrough             2195
#f7mux                      0   out of  10608    0.00%
#f8mux                      0   out of   5304    0.00%
#eram                      31   out of    108   28.70%
  #eram20k                 31
  #fifo20k                  0
#dsp                        8   out of     40   20.00%
#ddr_byte                   6   out of     12   50.00%
#mipi_tx                    0   out of      2    0.00%
#mipi_rx                    1   out of      2   50.00%
#pad                       17   out of    160   10.62%
#pll                        3   out of      6   50.00%
#gclk                       9   out of     32   28.12%
#lclk                       0   out of     12    0.00%
#sclk                      19   out of     48   39.58%
#mlclk                      2   out of      6   33.33%
#ioclk                      4   out of     18   22.22%


DataNet Average Fanout:

   Index     Fanout    Nets   
    #1         1       18986  
    #2         2       6985   
    #3         3        901   
    #4         4        515   
    #5        5-10     1589   
    #6       11-50      405   
    #7       51-100     43    
  Average     2.02            

RUN-1002 : start command "update_timing -mode final"
RUN-1002 : start command "start_timer"
RUN-1003 : finish command "start_timer" in  1.017261s wall, 0.343750s user + 0.000000s system = 0.343750s CPU (33.8%)

RUN-1004 : used memory is 1788 MB, reserved memory is 1895 MB, peak memory is 1788 MB
RUN-1003 : finish command "update_timing -mode final" in  3.155677s wall, 1.421875s user + 0.000000s system = 1.421875s CPU (45.1%)

RUN-1004 : used memory is 1788 MB, reserved memory is 1895 MB, peak memory is 1788 MB
RUN-1002 : start command "report_timing_status -file camera_to_dsi_display_phy.ts"
RUN-1002 : start command "report_timing_summary -file camera_to_dsi_display_pr.timing"
RUN-1002 : start command "report_timing_exception -file camera_to_dsi_display_exception.timing"
RUN-1002 : start command "flow_status -file route_flow.status"
Location         : E:\2026FPGA\FPGA_Component_Inspector\fpga\component_inspector\td_project\camera_to_dsi_display_Runs\phy_1
Running with     : Tang Dynasty v6.2.168116
                   Copyright (c) 2012-2025 Anlogic Inc.
Top Model        : design_top_wrapper
Device           : PH1P35MDG324
Speed            : 3

Timing Mode      : final
Setup            : WNS   629ps  TNS        0ps  NUM_FEPS     0
Hold             : WNS    20ps  TNS        0ps  NUM_FEPS     0

Flow Statistics  :
RUN-1001 : Flow Statistics:
RUN-1001 : ---------------------------------------------------------------------------------------------------
RUN-1001 :      command     |  #calls  |  wall time   |  cpu time(s)  |  used memory(mb)  |  peak memory(mb)  
RUN-1001 : ---------------------------------------------------------------------------------------------------
RUN-1001 :       place      |    1     |  1m23s(63%)  |   212(81%)    |       1112        |       1112        
RUN-1001 :       route      |    1     |   40s(30%)   |    45(17%)    |       1788        |       1788        
RUN-1001 :     fix_hold     |    1     |    6s(4%)    |     3(1%)     |       1788        |       1788        
RUN-1001 :   import_device  |    1     |    1s(0%)    |     0(0%)     |        322        |        322        
RUN-1001 :     import_db    |    1     |    0s(0%)    |     0(0%)     |        510        |        510        
RUN-1001 : ---------------------------------------------------------------------------------------------------
RUN-1001 :       total      |    5     |    2m10s     |      260      |       1788        |       1788        
RUN-1001 : ---------------------------------------------------------------------------------------------------
RUN-1002 : start command "report_clock_utilization -file route_clock_utilization.txt"
RUN-1002 : start command "export_db camera_to_dsi_display_pr.db"
RUN-1001 : Exported flow parameters
RUN-1001 : Exported /
RUN-1001 : Exported libs
RUN-1001 : Exported entities
RUN-1001 : Exported ports
RUN-1001 : Exported pins
RUN-1001 : Exported instances
RUN-1001 : Exported nets
RUN-1001 : Exported buses
RUN-1001 : Exported models
RUN-1001 : Exported phy database
RUN-1001 : Exported packer
RUN-1001 : Exported congestions
RUN-1001 : Exported violations
RUN-1001 : Exported ATMR Setting
RUN-1001 : Exported timing constraints
RUN-1001 : Exported IO constraints
RUN-1001 : Exported Inst constraints
RUN-1001 : Exported ChipWatcher
RUN-1002 : start command "commit_param -step bitgen"
RUN-1001 : Print Global Property
RUN-1001 : -------------------------------------------------------------
RUN-1001 :     Parameters    |   Settings   |  Default Values  |  Note  
RUN-1001 : -------------------------------------------------------------
RUN-1001 :    enable_seed    |     off      |       off        |        
RUN-1001 :    hfn_to_clock   |  1000000000  |    1000000000    |        
RUN-1001 :      message      |   standard   |     standard     |        
RUN-1001 :    qor_monitor    |      on      |        on        |        
RUN-1001 :   speedup_effort  |      0       |        0         |        
RUN-1001 :    syn_ip_flow    |     off      |       off        |        
RUN-1001 :       thread      |     auto     |       auto       |        
RUN-1001 : -------------------------------------------------------------
RUN-1002 : start command "set_param bitgen compress on"
RUN-1001 : Print Bitgen Property
RUN-1001 : -------------------------------------------------------------
RUN-1001 :      Parameters     |  Settings  |  Default Values  |  Note  
RUN-1001 : -------------------------------------------------------------
RUN-1001 :         bin         |    off     |       off        |        
RUN-1001 :       compress      |     on     |       off        |   *    
RUN-1001 :       gen_mask      |    off     |       off        |        
RUN-1001 :      max_stream     |     on     |        on        |        
RUN-1001 :      time_info      |     on     |        on        |        
RUN-1001 :   unused_io_status  |   pullup   |      pullup      |        
RUN-1001 :       version       |    0x00    |       0x00       |        
RUN-1001 : -------------------------------------------------------------
RUN-1002 : start command "bitgen -bit camera_to_dsi_display.bit"
RUN-1002 : start command "export_bid camera_to_dsi_display_inst.bid"
BIT-1003 : Start to generate bitstream. 
BIT-1002 : Bitgen processed 3 pll_pd instances.
BIT-1002 : Init instances with 16 threads.
BIT-1002 : Init instances completely, inst num: 12667
BIT-1002 : Init pips with 16 threads.
BIT-1002 : Init pips completely, net num: 21343, pip num: 194313
BIT-1002 : Init feedthrough with 16 threads.
BIT-1002 : Init feedthrough completely, num: 2195
BIT-1003 : Multithreading accelaration with 16 threads.
BIT-1003 : Generate bitstream completely, there are 664413 bits set as '1'.
PRG-1501 : Bit compressed, frame number changed from 3481 to 3451, ratio 0.86%
BIT-1004 : Generate file camera_to_dsi_display_compress.bit.
BIT-1004 : Generate file camera_to_dsi_display.bit.
RUN-1003 : finish command "bitgen -bit camera_to_dsi_display.bit" in  5.109742s wall, 21.328125s user + 0.015625s system = 21.343750s CPU (417.7%)

RUN-1004 : used memory is 1795 MB, reserved memory is 1895 MB, peak memory is 1795 MB
RUN-1002 : start command "setup_debugger"
RUN-1002 : start command "export_bitgen_param -file .bitgen_param.f"
RUN-1002 : start command "export_flow_status -s opt_place -e bitgen"
RUN-1002 : start command "flow_status"

Location         : E:\2026FPGA\FPGA_Component_Inspector\fpga\component_inspector\td_project\camera_to_dsi_display_Runs\phy_1
Running with     : Tang Dynasty v6.2.168116
                   Copyright (c) 2012-2025 Anlogic Inc.
Top Model        : design_top_wrapper
Device           : PH1P35MDG324
Speed            : 3

Timing Mode      : final
Setup            : WNS   629ps  TNS        0ps  NUM_FEPS     0
Hold             : WNS    20ps  TNS        0ps  NUM_FEPS     0

RUN-1001 : Flow Statistics:
RUN-1001 : ---------------------------------------------------------------------------------------------------
RUN-1001 :      command     |  #calls  |  wall time   |  cpu time(s)  |  used memory(mb)  |  peak memory(mb)  
RUN-1001 : ---------------------------------------------------------------------------------------------------
RUN-1001 :       place      |    1     |  1m23s(61%)  |   212(75%)    |       1112        |       1112        
RUN-1001 :       route      |    1     |   40s(29%)   |    45(16%)    |       1788        |       1788        
RUN-1001 :     fix_hold     |    1     |    6s(4%)    |     3(1%)     |       1788        |       1788        
RUN-1001 :      bitgen      |    1     |    5s(3%)    |    21(7%)     |       1795        |       1795        
RUN-1001 :   import_device  |    1     |    1s(0%)    |     0(0%)     |        322        |        322        
RUN-1001 :     import_db    |    1     |    0s(0%)    |     0(0%)     |        510        |        510        
RUN-1001 : ---------------------------------------------------------------------------------------------------
RUN-1001 :       total      |    6     |    2m15s     |      281      |       1795        |       1795        
RUN-1001 : ---------------------------------------------------------------------------------------------------
