============================================================
   Tang Dynasty, V6.2.168116
   Copyright (c) 2012-2025 Anlogic Inc.
   Executable = D:/AAA/FPGA.....YZW/bin/td_commands_prompt.exe
   Built at =   16:32:07 Jun 12 2025
   Run by =     yiziw
   Run Date =   Wed Oct  7 15:46:14 2026

   Run on =     XIAOYI
============================================================
RUN-1002 : start command "import_device ph1_35p.db -package PH1P35MDG324 -speed 3"
ARC-1001 : Device Initialization.
ARC-1001 : ----------------------------------------------------------------
ARC-1001 :           OPTION          |          IO           |   SETTING   
ARC-1001 : ----------------------------------------------------------------
ARC-1001 :   non_jtag_persist(none)  |        35 IOs         |    gpio    
ARC-1001 :            jtag           |  P13/P15/L14/R13/T13  |  dedicate  
ARC-1001 : ----------------------------------------------------------------
RUN-1003 : finish command "import_device ph1_35p.db -package PH1P35MDG324 -speed 3" in  2.428009s wall, 2.140625s user + 0.078125s system = 2.218750s CPU (91.4%)

RUN-1004 : used memory is 323 MB, reserved memory is 321 MB, peak memory is 323 MB
RUN-1002 : start command "open_project camera_to_dsi_display.prj -noanalyze"
RUN-1002 : start command "import_db ../syn_1/camera_to_dsi_display_gate.db"
RUN-1001 : Importing database generated by Tang Dynasty, V6.2.168116.
RUN-1001 : Database version number 46207
RUN-1001 : Import flow parameters
RUN-1001 : Import netlist
RUN-1001 : Import timing constraints
RUN-1001 : Import IO constraints
RUN-1001 : Import Inst constraints
RUN-1001 : Import ChipWatcher
RUN-1001 : Import design success TD_VERSION=6.2.168116 , DB_VERSION=46207
RUN-1003 : finish command "import_db ../syn_1/camera_to_dsi_display_gate.db" in  1.144885s wall, 0.609375s user + 0.078125s system = 0.687500s CPU (60.0%)

RUN-1004 : used memory is 562 MB, reserved memory is 560 MB, peak memory is 562 MB
RUN-1002 : start command "commit_param -step place"
RUN-1001 : Print Global Property
RUN-1001 : -------------------------------------------------------------
RUN-1001 :     Parameters    |   Settings   |  Default Values  |  Note  
RUN-1001 : -------------------------------------------------------------
RUN-1001 :    enable_seed    |     off      |       off        |        
RUN-1001 :    hfn_to_clock   |  1000000000  |    1000000000    |        
RUN-1001 :      message      |   standard   |     standard     |        
RUN-1001 :    qor_monitor    |      on      |        on        |        
RUN-1001 :   speedup_effort  |      0       |        0         |        
RUN-1001 :    syn_ip_flow    |     off      |       off        |        
RUN-1001 :       thread      |     auto     |       auto       |        
RUN-1001 : -------------------------------------------------------------
RUN-1001 : Print Place Property
RUN-1001 : ---------------------------------------------------------------
RUN-1001 :       Parameters      |  Settings  |  Default Values  |  Note  
RUN-1001 : ---------------------------------------------------------------
RUN-1001 :         effort        |   medium   |      medium      |        
RUN-1001 :     hfn_opt_effort    |   medium   |      medium      |        
RUN-1001 :    logic_level_opt    |    off     |       off        |        
RUN-1001 :   macro_performance   |    auto    |       auto       |        
RUN-1001 :       max_fanout      |   999999   |      999999      |        
RUN-1001 :       opt_timing      |   medium   |      medium      |        
RUN-1001 :     post_place_opt    |    auto    |       auto       |        
RUN-1001 :      pr_strategy      |     1      |        1         |        
RUN-1001 :   preplace_floorplan  |    off     |       off        |        
RUN-1001 : ---------------------------------------------------------------
RUN-1002 : start command "insert_debugger"
RUN-1002 : start command "place"
RUN-1001 : Open license file D:/AAA/FPGA.....YZW/license/Anlogic.lic
PHY-3001 : Placer runs in 16 thread(s).
PHY-1001 : Stage 1 | Initialize Design
PHY-1001 : Stage 1.1 | Build Design
PHY-1001 : 12981 luts, 17804 seqs, 408 mslices, 4059 lslices, 53 pads, 48 brams, 8 dsps
RUN-1002 : start command "legalize_phy_inst"
SYN-1011 : Flatten model design_top_wrapper
SYN-1001 : ADC: Instance "u_ph1p35_324_ddr_wrapper/u_ddr2/ph1p_ddrmc_wrapper/ph1p_ddrmc_top/u_ddr_phy/u_ddrphy_top/u_ddrphy/ac_byte[0]$ac_byte_used$u_ddrphy_ac_byte_wrapper/u_ddrphy_byte" LOCATION="X0Y70Z0"
SYN-1001 : ADC: Instance "u_ph1p35_324_ddr_wrapper/u_ddr2/ph1p_ddrmc_wrapper/ph1p_ddrmc_top/u_ddr_phy/u_ddrphy_top/u_ddrphy/ac_byte[1]$ac_byte_used$u_ddrphy_ac_byte_wrapper/u_ddrphy_byte" LOCATION="X0Y60Z0"
SYN-1001 : ADC: Instance "u_ph1p35_324_ddr_wrapper/u_ddr2/ph1p_ddrmc_wrapper/ph1p_ddrmc_top/u_ddr_phy/u_ddrphy_top/u_ddrphy/ac_byte[2]$ac_byte_used$u_ddrphy_ac_byte_wrapper/u_ddrphy_byte" LOCATION="X0Y50Z0"
SYN-1001 : ADC: Instance "u_ph1p35_324_ddr_wrapper/u_ddr2/ph1p_ddrmc_wrapper/ph1p_ddrmc_top/u_ddr_phy/u_ddrphy_top/u_ddrphy/ac_byte[3]$ac_byte_used$u_ddrphy_ac_byte_wrapper/u_ddrphy_byte" LOCATION="X0Y40Z0"
SYN-1001 : ADC: Instance "u_ph1p35_324_ddr_wrapper/u_ddr2/ph1p_ddrmc_wrapper/ph1p_ddrmc_top/u_ddr_phy/u_ddrphy_top/u_ddrphy/bkref[0]$u_ddrphy_bankref" LOCATION="X0Y19Z0"
SYN-1001 : ADC: Instance "u_ph1p35_324_ddr_wrapper/u_ddr2/ph1p_ddrmc_wrapper/ph1p_ddrmc_top/u_ddr_phy/u_ddrphy_top/u_ddrphy/bkref[1]$u_ddrphy_bankref" LOCATION="X0Y59Z0"
SYN-1001 : ADC: Instance "u_ph1p35_324_ddr_wrapper/u_ddr2/ph1p_ddrmc_wrapper/ph1p_ddrmc_top/u_ddr_phy/u_ddrphy_top/u_ddrphy/dx_byte[0]$dx_byte_used$u_ddrphy_dx_byte_wrapper/u_ddrphy_byte" LOCATION="X0Y30Z0"
SYN-1001 : ADC: Instance "u_ph1p35_324_ddr_wrapper/u_ddr2/ph1p_ddrmc_wrapper/ph1p_ddrmc_top/u_ddr_phy/u_ddrphy_top/u_ddrphy/dx_byte[1]$dx_byte_used$u_ddrphy_dx_byte_wrapper/u_ddrphy_byte" LOCATION="X0Y10Z0"
SYN-1001 : ADC: Instance "u_ph1p35_324_ddr_wrapper/u_ddr2/ph1p_ddrmc_wrapper/ph1p_ddrmc_top/u_ddr_phy/u_ddrphy_top/u_ddrphy_clk/ioclk[0]$u_ioclk_0" LOCATION="X0Y59Z0"
SYN-1001 : ADC: Instance "u_ph1p35_324_ddr_wrapper/u_ddr2/ph1p_ddrmc_wrapper/ph1p_ddrmc_top/u_ddr_phy/u_ddrphy_top/u_ddrphy_clk/ioclk[0]$u_ioclk_1" LOCATION="X0Y59Z1"
SYN-1001 : ADC: Instance "u_ph1p35_324_ddr_wrapper/u_ddr2/ph1p_ddrmc_wrapper/ph1p_ddrmc_top/u_ddr_phy/u_ddrphy_top/u_ddrphy_clk/ioclk[1]$u_ioclk_0" LOCATION="X0Y19Z0"
SYN-1001 : ADC: Instance "u_ph1p35_324_ddr_wrapper/u_ddr2/ph1p_ddrmc_wrapper/ph1p_ddrmc_top/u_ddr_phy/u_ddrphy_top/u_ddrphy_clk/ioclk[1]$u_ioclk_1" LOCATION="X0Y19Z1"
SYN-1001 : ADC: Instance "u_ph1p35_324_ddr_wrapper/u_ddr2/ph1p_ddrmc_wrapper/ph1p_ddrmc_top/u_ddr_phy/u_ddrphy_top/u_ddrphy_clk/u_mlclk_1" LOCATION="X0Y59Z0"
SYN-1001 : ADC: Instance "u_ph1p35_324_ddr_wrapper/u_ddr2/ph1p_ddrmc_wrapper/ph1p_ddrmc_top/u_ddr_phy/u_ddrphy_top/u_ddrphy_clk/u_mlclk_2" LOCATION="X0Y59Z1"
SYN-1001 : ADC: Instance "u_ph1p35_324_ddr_wrapper/u_ddr2/ph1p_ddrmc_wrapper/ph1p_ddrmc_top/u_ddr_phy/u_ddrphy_top/u_ddrphy_clk/u_pll0/u_pll_inst" LOCATION="X0Y40Z0"
SYN-1001 : ADC: Instance "u_ph1p35_324_ddr_wrapper/u_ddr2/ph1p_ddrmc_wrapper/ph1p_ddrmc_top/u_ddr_phy/u_ddrphy_top/u_ddrphy_clk/u_pll1/u_pll_inst" LOCATION="X0Y79Z0"
PHY-1001 : Remove keep and sweep redundant instances ...
PHY-1001 : 12700 luts, 17477 seqs, 408 mslices, 4042 lslices, 53 pads, 48 brams, 8 dsps
PHY-1001 : End Stage 1.1 | Build Design; Time: 0.462632s wall, 0.453125s user + 0.000000s system = 0.453125s CPU (97.9%); Memory(MB): used = 564, reserved = 560, peak = 564;

PHY-1001 : Stage 1.2 | Optimize Design
OPT-1001 : Stage 1.2.1 | Simplify Lut
OPT-1001 : End Stage 1.2.1 | Simplify Lut; Time: 0.089621s wall, 0.093750s user + 0.000000s system = 0.093750s CPU (104.6%); Memory(MB): used = 564, reserved = 560, peak = 564;

OPT-1001 : Stage 1.2.2 | Sweep
OPT-1001 : End Stage 1.2.2 | Sweep; Time: 0.021680s wall, 0.015625s user + 0.000000s system = 0.015625s CPU (72.1%); Memory(MB): used = 564, reserved = 560, peak = 564;

OPT-1001 : Stage 1.2.3 | Merge Lut
OPT-1001 : Start remap optimization ...
RUN-1001 :   Added 0 lut1 for undup drivers
OPT-1001 : skip lut merge since lut number 12698 is similar to or less than reg number 17477
OPT-1001 : End Stage 1.2.3 | Merge Lut; Time: 0.039601s wall, 0.046875s user + 0.000000s system = 0.046875s CPU (118.4%); Memory(MB): used = 564, reserved = 560, peak = 564;

OPT-1001 : Stage 1.2.4 | Synthesize High-fanout Net
OPT-1001 : Start high-fanout net optimization in pre-place flow with medium effort ...
RUN-1001 : HFN opt statistic
RUN-1001 : ------------------------------------------------------
RUN-1001 :   DriverCell type  |  HFN count  |  Duplicated count  
RUN-1001 : ------------------------------------------------------
RUN-1001 :       LSLICE       |      0      |         0          
RUN-1001 :       MSLICE       |      0      |         0          
RUN-1001 :        TOTAL       |      0      |         0          
RUN-1001 : ------------------------------------------------------
OPT-1001 : End high-fanout net optimization;  0.000637s wall, 0.000000s user + 0.000000s system = 0.000000s CPU (n/a%)

OPT-1001 : Current memory(MB): used = 564, reserved = 560, peak = 564.
OPT-1001 : End Stage 1.2.4 | Synthesize High-fanout Net; Time: 0.001928s wall, 0.000000s user + 0.000000s system = 0.000000s CPU (n/a%); Memory(MB): used = 564, reserved = 560, peak = 564;

OPT-1001 : End physical optimization;  0.154792s wall, 0.156250s user + 0.000000s system = 0.156250s CPU (100.9%)

PHY-1001 : End Stage 1.2 | Optimize Design; Time: 0.156245s wall, 0.156250s user + 0.000000s system = 0.156250s CPU (100.0%); Memory(MB): used = 564, reserved = 560, peak = 564;

PHY-1001 : Stage 1.3 | Initialize Clock
PHY-1001 : Start to synthesize physical clock networks.
RUN-1002 : start command "start_timer"
USR-1002 : Derived clock:  create_generated_clock -name {u_PLL/ph1p_phy_pll_wrapper_25a56e5ce2f9_Inst/u_PH1P_PHY_PLL.clkc[0]} -source [get_ports {I_sys_clk}] -master_clock {sys_clk_50m} -multiply_by 2.0000 -duty_cycle 50.0000 [get_pins {u_PLL/ph1p_phy_pll_wrapper_25a56e5ce2f9_Inst/u_PH1P_PHY_PLL.clkc[0]}]
USR-1002 : Derived clock:  create_generated_clock -name {u_PLL/ph1p_phy_pll_wrapper_25a56e5ce2f9_Inst/u_PH1P_PHY_PLL.clkc[1]} -source [get_ports {I_sys_clk}] -master_clock {sys_clk_50m} -divide_by 2.0769 -duty_cycle 50.0000 [get_pins {u_PLL/ph1p_phy_pll_wrapper_25a56e5ce2f9_Inst/u_PH1P_PHY_PLL.clkc[1]}]
USR-1002 : Derived clock:  create_generated_clock -name {u_PLL/ph1p_phy_pll_wrapper_25a56e5ce2f9_Inst/u_PH1P_PHY_PLL.clkc[4]} -source [get_ports {I_sys_clk}] -master_clock {sys_clk_50m} -multiply_by 1.0400 -duty_cycle 50.0000 [get_pins {u_PLL/ph1p_phy_pll_wrapper_25a56e5ce2f9_Inst/u_PH1P_PHY_PLL.clkc[4]}]
USR-1002 : Derived clock:  create_generated_clock -name {u_PLL/ph1p_phy_pll_wrapper_25a56e5ce2f9_Inst/u_PH1P_PHY_PLL.clkc[5]} -source [get_ports {I_sys_clk}] -master_clock {sys_clk_50m} -multiply_by 5.2000 -duty_cycle 50.0000 [get_pins {u_PLL/ph1p_phy_pll_wrapper_25a56e5ce2f9_Inst/u_PH1P_PHY_PLL.clkc[5]}]
USR-1002 : Derived clock:  create_generated_clock -name {u_ph1p35_324_ddr_wrapper/u_ddr2/ph1p_ddrmc_wrapper/ph1p_ddrmc_top/u_ddr_phy/u_ddrphy_top/u_ddrphy_clk/u_pll0/u_pll_inst.clkc[0]} -source [get_ports {I_sys_clk}] -master_clock {sys_clk_50m} -multiply_by 1.3333 -duty_cycle 50.0000 [get_pins {u_ph1p35_324_ddr_wrapper/u_ddr2/ph1p_ddrmc_wrapper/ph1p_ddrmc_top/u_ddr_phy/u_ddrphy_top/u_ddrphy_clk/u_pll0/u_pll_inst.clkc[0]}]
USR-1002 : Derived clock:  create_generated_clock -name {u_ph1p35_324_ddr_wrapper/u_ddr2/ph1p_ddrmc_wrapper/ph1p_ddrmc_top/u_ddr_phy/u_ddrphy_top/u_ddrphy_clk/u_pll0/u_pll_inst.clkc[1]} -source [get_ports {I_sys_clk}] -master_clock {sys_clk_50m} -multiply_by 1.3333 -duty_cycle 50.0000 [get_pins {u_ph1p35_324_ddr_wrapper/u_ddr2/ph1p_ddrmc_wrapper/ph1p_ddrmc_top/u_ddr_phy/u_ddrphy_top/u_ddrphy_clk/u_pll0/u_pll_inst.clkc[1]}]
USR-1002 : Derived clock:  create_generated_clock -name {u_ph1p35_324_ddr_wrapper/u_ddr2/ph1p_ddrmc_wrapper/ph1p_ddrmc_top/u_ddr_phy/u_ddrphy_top/u_ddrphy_clk/u_pll0/u_pll_inst.clkc[2]} -source [get_ports {I_sys_clk}] -master_clock {sys_clk_50m} -multiply_by 5.3333 -duty_cycle 50.0000 [get_pins {u_ph1p35_324_ddr_wrapper/u_ddr2/ph1p_ddrmc_wrapper/ph1p_ddrmc_top/u_ddr_phy/u_ddrphy_top/u_ddrphy_clk/u_pll0/u_pll_inst.clkc[2]}]
USR-1002 : Derived clock:  create_generated_clock -name {u_ph1p35_324_ddr_wrapper/u_ddr2/ph1p_ddrmc_wrapper/ph1p_ddrmc_top/u_ddr_phy/u_ddrphy_top/u_ddrphy_clk/u_pll0/u_pll_inst.clkc[3]} -source [get_ports {I_sys_clk}] -master_clock {sys_clk_50m} -divide_by 1.9687 -duty_cycle 50.0000 [get_pins {u_ph1p35_324_ddr_wrapper/u_ddr2/ph1p_ddrmc_wrapper/ph1p_ddrmc_top/u_ddr_phy/u_ddrphy_top/u_ddrphy_clk/u_pll0/u_pll_inst.clkc[3]}]
USR-1002 : Derived clock:  create_generated_clock -name {u_ph1p35_324_ddr_wrapper/u_ddr2/ph1p_ddrmc_wrapper/ph1p_ddrmc_top/u_ddr_phy/u_ddrphy_top/u_ddrphy_clk/u_pll1/u_pll_inst.clkc[0]} -source [get_pins {u_ph1p35_324_ddr_wrapper/u_ddr2/ph1p_ddrmc_wrapper/ph1p_ddrmc_top/u_ddr_phy/u_ddrphy_top/u_ddrphy_clk/u_pll0/u_pll_inst.clkc[0]}] -master_clock {u_ph1p35_324_ddr_wrapper/u_ddr2/ph1p_ddrmc_wrapper/ph1p_ddrmc_top/u_ddr_phy/u_ddrphy_top/u_ddrphy_clk/u_pll0/u_pll_inst.clkc[0]} -multiply_by 1.0000 -duty_cycle 50.0000 [get_pins {u_ph1p35_324_ddr_wrapper/u_ddr2/ph1p_ddrmc_wrapper/ph1p_ddrmc_top/u_ddr_phy/u_ddrphy_top/u_ddrphy_clk/u_pll1/u_pll_inst.clkc[0]}]
8.888000
15.000000
15.000000
19.230000
RUN-1003 : finish command "start_timer" in  3.328696s wall, 3.156250s user + 0.046875s system = 3.203125s CPU (96.2%)

RUN-1004 : used memory is 805 MB, reserved memory is 799 MB, peak memory is 805 MB
TMR-2502 : Net delay update with mode: Synthesized
PHY-5060 CRITICAL-WARNING: Clock net candidate O_cam_24m_syn_3 has mixed fanouts of 307 clock pins; 1 data/ctrl pins. Please check connection of the net in design.
PHY-1001 : Populate physical database on model design_top_wrapper.
RUN-1001 : There are total 34836 instances
RUN-0007 : 12698 luts, 17477 seqs, 408 mslices, 4042 lslices, 53 pads, 48 brams, 8 dsps
RUN-1001 : There are total 46924 nets
RUN-1001 : 31635 nets have 2 pins
RUN-1001 : 12176 nets have [3 - 5] pins
RUN-1001 : 2237 nets have [6 - 10] pins
RUN-1001 : 512 nets have [11 - 20] pins
RUN-1001 : 313 nets have [21 - 99] pins
RUN-1001 : 51 nets have 100+ pins
PHY-1001 : Start to check user instance location assignments; please refer to ADC constraint.
PHY-1001 : End Stage 1.3 | Initialize Clock; Time: 5.262134s wall, 4.968750s user + 0.046875s system = 5.015625s CPU (95.3%); Memory(MB): used = 916, reserved = 909, peak = 916;

PHY-1001 : End Stage 1 | Initialize Design; Time: 5.935816s wall, 5.640625s user + 0.046875s system = 5.687500s CPU (95.8%); Memory(MB): used = 916, reserved = 909, peak = 916;

PHY-1001 : Stage 2 | Global Placement
RUN-1001 : Report Control nets information:
RUN-1001 : DFF Distribution
RUN-1001 : -------------------------------------
RUN-1001 :   CE   |  SSR  |  ASR  |  DFF Count  
RUN-1001 : -------------------------------------
RUN-1001 :   No   |  No   |  No   |    6638     
RUN-1001 :   No   |  No   |  Yes  |    4877     
RUN-1001 :   No   |  Yes  |  No   |     185     
RUN-1001 :   Yes  |  No   |  No   |     424     
RUN-1001 :   Yes  |  No   |  Yes  |    5451     
RUN-1001 :   Yes  |  Yes  |  No   |     126     
RUN-1001 : -------------------------------------
RUN-1001 : Control Group Statistic
RUN-1001 : -----------------------------
RUN-1001 :   #CLK  |  #CE  |  #SSR/ASR  
RUN-1001 : -----------------------------
RUN-1001 :    8    |  187  |     23     
RUN-1001 : -----------------------------
RUN-0007 : Control Set = 221
PHY-1001 : Stage 2.1 | Place Fixed Instances
PHY-1001 : Processing 2 clock pins of DDR instance u_ph1p35_324_ddr_wrapper/u_ddr2/ph1p_ddrmc_wrapper/ph1p_ddrmc_top/u_ddr_phy/u_ddrphy_top/u_ddrphy/ac_byte[0]$ac_byte_used$u_ddrphy_ac_byte_wrapper/u_ddrphy_byte, location = x0y70z0.
PHY-1001 :   User location X0Y59Z1 of ioclk instance u_ph1p35_324_ddr_wrapper/u_ddr2/ph1p_ddrmc_wrapper/ph1p_ddrmc_top/u_ddr_phy/u_ddrphy_top/u_ddrphy_clk/ioclk[0]$u_ioclk_1.
PHY-1001 :   Placement of ioclk instance u_ph1p35_324_ddr_wrapper/u_ddr2/ph1p_ddrmc_wrapper/ph1p_ddrmc_top/u_ddr_phy/u_ddrphy_top/u_ddrphy_clk/ioclk[0]$u_ioclk_1; location = x0y59z1.
PHY-1001 :   User location X0Y59Z0 of ioclk instance u_ph1p35_324_ddr_wrapper/u_ddr2/ph1p_ddrmc_wrapper/ph1p_ddrmc_top/u_ddr_phy/u_ddrphy_top/u_ddrphy_clk/ioclk[0]$u_ioclk_0.
PHY-1001 :   Placement of ioclk instance u_ph1p35_324_ddr_wrapper/u_ddr2/ph1p_ddrmc_wrapper/ph1p_ddrmc_top/u_ddr_phy/u_ddrphy_top/u_ddrphy_clk/ioclk[0]$u_ioclk_0; location = x0y59z0.
PHY-1001 : Processing 2 clock pins of DDR instance u_ph1p35_324_ddr_wrapper/u_ddr2/ph1p_ddrmc_wrapper/ph1p_ddrmc_top/u_ddr_phy/u_ddrphy_top/u_ddrphy/ac_byte[1]$ac_byte_used$u_ddrphy_ac_byte_wrapper/u_ddrphy_byte, location = x0y60z0.
PHY-1001 :   Placed ioclk instance u_ph1p35_324_ddr_wrapper/u_ddr2/ph1p_ddrmc_wrapper/ph1p_ddrmc_top/u_ddr_phy/u_ddrphy_top/u_ddrphy_clk/ioclk[0]$u_ioclk_1, location = x0y59z1.
PHY-1001 :   Placed ioclk instance u_ph1p35_324_ddr_wrapper/u_ddr2/ph1p_ddrmc_wrapper/ph1p_ddrmc_top/u_ddr_phy/u_ddrphy_top/u_ddrphy_clk/ioclk[0]$u_ioclk_0, location = x0y59z0.
PHY-1001 : Processing 2 clock pins of DDR instance u_ph1p35_324_ddr_wrapper/u_ddr2/ph1p_ddrmc_wrapper/ph1p_ddrmc_top/u_ddr_phy/u_ddrphy_top/u_ddrphy/ac_byte[2]$ac_byte_used$u_ddrphy_ac_byte_wrapper/u_ddrphy_byte, location = x0y50z0.
PHY-1001 :   Placed ioclk instance u_ph1p35_324_ddr_wrapper/u_ddr2/ph1p_ddrmc_wrapper/ph1p_ddrmc_top/u_ddr_phy/u_ddrphy_top/u_ddrphy_clk/ioclk[0]$u_ioclk_1, location = x0y59z1.
PHY-1001 :   Placed ioclk instance u_ph1p35_324_ddr_wrapper/u_ddr2/ph1p_ddrmc_wrapper/ph1p_ddrmc_top/u_ddr_phy/u_ddrphy_top/u_ddrphy_clk/ioclk[0]$u_ioclk_0, location = x0y59z0.
PHY-1001 : Processing 2 clock pins of DDR instance u_ph1p35_324_ddr_wrapper/u_ddr2/ph1p_ddrmc_wrapper/ph1p_ddrmc_top/u_ddr_phy/u_ddrphy_top/u_ddrphy/ac_byte[3]$ac_byte_used$u_ddrphy_ac_byte_wrapper/u_ddrphy_byte, location = x0y40z0.
PHY-1001 :   Placed ioclk instance u_ph1p35_324_ddr_wrapper/u_ddr2/ph1p_ddrmc_wrapper/ph1p_ddrmc_top/u_ddr_phy/u_ddrphy_top/u_ddrphy_clk/ioclk[0]$u_ioclk_1, location = x0y59z1.
PHY-1001 :   Placed ioclk instance u_ph1p35_324_ddr_wrapper/u_ddr2/ph1p_ddrmc_wrapper/ph1p_ddrmc_top/u_ddr_phy/u_ddrphy_top/u_ddrphy_clk/ioclk[0]$u_ioclk_0, location = x0y59z0.
PHY-1001 : Processing 2 clock pins of DDR instance u_ph1p35_324_ddr_wrapper/u_ddr2/ph1p_ddrmc_wrapper/ph1p_ddrmc_top/u_ddr_phy/u_ddrphy_top/u_ddrphy/dx_byte[0]$dx_byte_used$u_ddrphy_dx_byte_wrapper/u_ddrphy_byte, location = x0y30z0.
PHY-1001 :   User location X0Y19Z1 of ioclk instance u_ph1p35_324_ddr_wrapper/u_ddr2/ph1p_ddrmc_wrapper/ph1p_ddrmc_top/u_ddr_phy/u_ddrphy_top/u_ddrphy_clk/ioclk[1]$u_ioclk_1.
PHY-1001 :   Placement of ioclk instance u_ph1p35_324_ddr_wrapper/u_ddr2/ph1p_ddrmc_wrapper/ph1p_ddrmc_top/u_ddr_phy/u_ddrphy_top/u_ddrphy_clk/ioclk[1]$u_ioclk_1; location = x0y19z1.
PHY-1001 :   User location X0Y19Z0 of ioclk instance u_ph1p35_324_ddr_wrapper/u_ddr2/ph1p_ddrmc_wrapper/ph1p_ddrmc_top/u_ddr_phy/u_ddrphy_top/u_ddrphy_clk/ioclk[1]$u_ioclk_0.
PHY-1001 :   Placement of ioclk instance u_ph1p35_324_ddr_wrapper/u_ddr2/ph1p_ddrmc_wrapper/ph1p_ddrmc_top/u_ddr_phy/u_ddrphy_top/u_ddrphy_clk/ioclk[1]$u_ioclk_0; location = x0y19z0.
PHY-1001 : Processing 2 clock pins of DDR instance u_ph1p35_324_ddr_wrapper/u_ddr2/ph1p_ddrmc_wrapper/ph1p_ddrmc_top/u_ddr_phy/u_ddrphy_top/u_ddrphy/dx_byte[1]$dx_byte_used$u_ddrphy_dx_byte_wrapper/u_ddrphy_byte, location = x0y10z0.
PHY-1001 :   Placed ioclk instance u_ph1p35_324_ddr_wrapper/u_ddr2/ph1p_ddrmc_wrapper/ph1p_ddrmc_top/u_ddr_phy/u_ddrphy_top/u_ddrphy_clk/ioclk[1]$u_ioclk_1, location = x0y19z1.
PHY-1001 :   Placed ioclk instance u_ph1p35_324_ddr_wrapper/u_ddr2/ph1p_ddrmc_wrapper/ph1p_ddrmc_top/u_ddr_phy/u_ddrphy_top/u_ddrphy_clk/ioclk[1]$u_ioclk_0, location = x0y19z0.
PHY-1001 : DDR MLCLK topology u_ph1p35_324_ddr_wrapper/u_ddr2/ph1p_ddrmc_wrapper/ph1p_ddrmc_top/u_ddr_phy/u_ddrphy_top/u_ddrphy_clk/u_mlclk_1.
PHY-1001 :   Driver: PH1P_PHY_PLL_V2 u_ph1p35_324_ddr_wrapper/u_ddr2/ph1p_ddrmc_wrapper/ph1p_ddrmc_top/u_ddr_phy/u_ddrphy_top/u_ddrphy_clk/u_pll0/u_pll_inst.clkc[1], user location :X0Y40Z0.
PHY-1001 :   Sink: PH1P_PHY_IOCLK u_ph1p35_324_ddr_wrapper/u_ddr2/ph1p_ddrmc_wrapper/ph1p_ddrmc_top/u_ddr_phy/u_ddrphy_top/u_ddrphy_clk/ioclk[0]$u_ioclk_0, location = x0y59z0, sectorID = 1.
PHY-1001 :   Sink: PH1P_PHY_IOCLK u_ph1p35_324_ddr_wrapper/u_ddr2/ph1p_ddrmc_wrapper/ph1p_ddrmc_top/u_ddr_phy/u_ddrphy_top/u_ddrphy_clk/ioclk[1]$u_ioclk_0, location = x0y19z0, sectorID = 0.
PHY-1001 : Placement of MLCLK instance u_ph1p35_324_ddr_wrapper/u_ddr2/ph1p_ddrmc_wrapper/ph1p_ddrmc_top/u_ddr_phy/u_ddrphy_top/u_ddrphy_clk/u_mlclk_1; location = x0y59z0,  sectorID = 1.
PHY-1001 : DDR MLCLK topology u_ph1p35_324_ddr_wrapper/u_ddr2/ph1p_ddrmc_wrapper/ph1p_ddrmc_top/u_ddr_phy/u_ddrphy_top/u_ddrphy_clk/u_mlclk_2.
PHY-1001 :   Driver: PH1P_PHY_PLL_V2 u_ph1p35_324_ddr_wrapper/u_ddr2/ph1p_ddrmc_wrapper/ph1p_ddrmc_top/u_ddr_phy/u_ddrphy_top/u_ddrphy_clk/u_pll0/u_pll_inst.clkc[2], user location :X0Y40Z0.
PHY-1001 :   Sink: PH1P_PHY_IOCLK u_ph1p35_324_ddr_wrapper/u_ddr2/ph1p_ddrmc_wrapper/ph1p_ddrmc_top/u_ddr_phy/u_ddrphy_top/u_ddrphy_clk/ioclk[0]$u_ioclk_1, location = x0y59z1, sectorID = 1.
PHY-1001 :   Sink: PH1P_PHY_IOCLK u_ph1p35_324_ddr_wrapper/u_ddr2/ph1p_ddrmc_wrapper/ph1p_ddrmc_top/u_ddr_phy/u_ddrphy_top/u_ddrphy_clk/ioclk[1]$u_ioclk_1, location = x0y19z1, sectorID = 0.
PHY-1001 : Placement of MLCLK instance u_ph1p35_324_ddr_wrapper/u_ddr2/ph1p_ddrmc_wrapper/ph1p_ddrmc_top/u_ddr_phy/u_ddrphy_top/u_ddrphy_clk/u_mlclk_2; location = x0y59z1,  sectorID = 1.
PHY-5016 WARNING: PLL clkc is driving an IO without location.
PHY-5016 WARNING: PLL clkc is not driving a clock-capable IO.
PHY-5016 WARNING: PLL clkc is driving an IO without location.
PHY-5016 WARNING: PLL clkc is not driving a clock-capable IO.
PHY-1001 : End Stage 2.1 | Place Fixed Instances; Time: 0.113575s wall, 0.109375s user + 0.000000s system = 0.109375s CPU (96.3%); Memory(MB): used = 932, reserved = 925, peak = 932;

PHY-1001 : Stage 2.2 | Pre-Place DRC Check
PHY-1001 : Stage 2.2.1 | Force Route Constraint Check
PHY-1001 : Check Pass.
PHY-1001 : End Stage 2.2.1 | Force Route Constraint Check; Time: 0.004831s wall, 0.000000s user + 0.000000s system = 0.000000s CPU (n/a%); Memory(MB): used = 932, reserved = 925, peak = 932;

PHY-1001 : End Stage 2.2 | Pre-Place DRC Check; Time: 0.005337s wall, 0.000000s user + 0.000000s system = 0.000000s CPU (n/a%); Memory(MB): used = 932, reserved = 925, peak = 932;

PHY-1001 : Clock GCLK Statistics:
RUN-1001 : GCLK Index: 
RUN-1001 : -------------------------------------------------------------------------------------------------------------------------------------------------------
RUN-1001 :   Index  |                                                          Clock GCLK                                                           |  Location   
RUN-1001 : -------------------------------------------------------------------------------------------------------------------------------------------------------
RUN-1001 :     1    |                           u_mipi_dphy_rx_ph1p_mipiio_wrapper/u_ph1p_mipiio_rx_wrapper/bufg_feedback                           |  x23y39z0   
RUN-1001 :     2    |   u_ph1p35_324_ddr_wrapper/u_ddr2/ph1p_ddrmc_wrapper/ph1p_ddrmc_top/u_ddr_phy/u_ddrphy_top/u_ddrphy_clk/u_pll1/u_bufg_fbclk   |  x23y39z16  
RUN-1001 :     3    |                                             u_experiment_osd/clk_created_gclkinst                                             |  x23y39z17  
RUN-1001 :     4    |                                               I_sys_clk_dup_6_created_gclkinst                                                |  x23y39z22  
RUN-1001 :     5    |                                               O_cam_24m_dup_1_created_gclkinst                                                |  x23y39z18  
RUN-1001 :     6    |                          u_hdmi_tx/u_hdmi2phy_wrapper/u0_lane_lvds_8_1/I_serial_clk_created_gclkinst                          |  x23y39z19  
RUN-1001 :     7    |  u_ph1p35_324_ddr_wrapper/u_ddr2/ph1p_ddrmc_wrapper/ph1p_ddrmc_top/u_ddr_phy/u_ddrphy_top/u_ddrphy/apb_pclk_created_gclkinst  |  x23y39z20  
RUN-1001 :     8    |                                                      u_PLL/bufg_feedback                                                      |  x23y39z21  
RUN-1001 : -------------------------------------------------------------------------------------------------------------------------------------------------------
RUN-1001 : Clock Nets Connect To GCLK Statistics: 
RUN-1001 : -----------------------------------------------------------------------------------------------------------------------------------------------------------------------------------------
RUN-1001 :   Index  |                        Leading Net                        |  CLK/DATA/IO/PLL Sink(s)  |                       Following Net                       |  CLK/DATA/IO/PLL Sink(s)  
RUN-1001 : -----------------------------------------------------------------------------------------------------------------------------------------------------------------------------------------
RUN-1001 :     1    | u_mipi_dphy_rx_ph1p_mipiio_wrapper/u_ph1p_mipiio_rx_w...  |          1/0/0/0          | u_isp_top/u_demosaic/raw_matrix_3x3_buffer_d/zhenghe_...  |        10369/0/0/0        
RUN-1001 :     2    | u_ph1p35_324_ddr_wrapper/u_ddr2/ph1p_ddrmc_wrapper/ph...  |          1/0/0/0          | u_ph1p35_324_ddr_wrapper/u_ddr2/ph1p_ddrmc_wrapper/ph...  |        3612/0/0/0         
RUN-1001 :     3    |                   u_experiment_osd/clk                    |          1/0/0/0          |               u_experiment_osd/clk_syn_652                |        2769/0/0/0         
RUN-1001 :     4    |                      I_sys_clk_dup_6                      |          3/0/0/0          |                      I_sys_clk_syn_8                      |         587/0/0/0         
RUN-1001 :     5    |                      O_cam_24m_dup_1                      |          1/0/0/0          |                      O_cam_24m_syn_3                      |         307/1/0/0         
RUN-1001 :     6    | u_hdmi_tx/u_hdmi2phy_wrapper/u0_lane_lvds_8_1/I_seria...  |          1/0/0/0          | u_hdmi_tx/u_hdmi2phy_wrapper/u0_lane_lvds_8_1/I_seria...  |         61/0/0/0          
RUN-1001 :     7    | u_ph1p35_324_ddr_wrapper/u_ddr2/ph1p_ddrmc_wrapper/ph...  |          1/0/0/0          | u_ph1p35_324_ddr_wrapper/u_ddr2/ph1p_ddrmc_wrapper/ph...  |         43/0/0/0          
RUN-1001 :     8    |                      u_PLL/clk0_buf                       |          1/0/0/0          | u_mipi_dphy_rx_ph1p_mipiio_wrapper/u_ph1p_mipiio_rx_w...  |         13/0/0/0          
RUN-1001 : -----------------------------------------------------------------------------------------------------------------------------------------------------------------------------------------
PHY-1001 : Stage 2.3 | Global Placement Step 1
PHY-3001 : Target density is 60%
PHY-1001 : Stage 2.3.1 | Update Timing
RUN-1002 : start command "start_timer"
RUN-1003 : finish command "start_timer" in  1.677354s wall, 1.640625s user + 0.015625s system = 1.656250s CPU (98.7%)

RUN-1004 : used memory is 975 MB, reserved memory is 969 MB, peak memory is 975 MB
PHY-1001 : SWNS: 1019, STNS: 0, FEP: 0
PHY-3001 : tot_pins 360956 tot_hfn_pins 31845 perc. 8 tot_hhfn_pins 9512 perc. 2
PHY-1001 : End Stage 2.3.1 | Update Timing; Time: 3.370360s wall, 3.328125s user + 0.031250s system = 3.359375s CPU (99.7%); Memory(MB): used = 988, reserved = 981, peak = 988;

PHY-0007 : Cell area utilization is 62%
RUN-1001 : Huge Net Statistic
RUN-1001 : ----------------------------------------------------------------------------------------------------------------------------------------------------------------------------------------
RUN-1001 :   Fanout  |  Slack  |                                                                                Net                                                                                
RUN-1001 : ----------------------------------------------------------------------------------------------------------------------------------------------------------------------------------------
RUN-1001 :    6951   |   Inf   |                                u_ph1p35_324_ddr_wrapper/u_ddr2/ph1p_ddrmc_wrapper/ph1p_ddrmc_top/u_ddr_phy/u_ddrphy_top/sys_rst_n                                 
RUN-1001 :    1472   |  11982  |                                u_ph1p35_324_ddr_wrapper/u_ddr2/ph1p_ddrmc_wrapper/ph1p_ddrmc_top/u_alc_mc_top/u_rbuf_addr_fifo/rst                                
RUN-1001 :    1089   |   Inf   |  u_ph1p35_324_ddr_wrapper/u_ddr2/ph1p_ddrmc_wrapper/ph1p_ddrmc_top/u_ddr_phy/u_ddrphy_top/u_ddrphy/dx_byte[1]$dx_byte_used$u_ddrphy_dx_byte_wrapper/dx_phy_rst_n  
RUN-1001 : ----------------------------------------------------------------------------------------------------------------------------------------------------------------------------------------
PHY-3001 : Clustering ...
PHY-3001 : End clustering;  0.144316s wall, 0.218750s user + 0.078125s system = 0.296875s CPU (205.7%)

PHY-3001 : Target density is 60%
PHY-1001 : Stage 2.3.2 | GP Iteration
PHY-1001 : End Stage 2.3.2 | GP Iteration; Time: 2.627861s wall, 16.046875s user + 2.531250s system = 18.578125s CPU (707.0%); Memory(MB): used = 997, reserved = 990, peak = 997;

PHY-3001 : Multithread accelerating rate: 6.73
RUN-1002 : start command "start_timer"
USR-1002 : Derived clock:  create_generated_clock -name {u_PLL/ph1p_phy_pll_wrapper_25a56e5ce2f9_Inst/u_PH1P_PHY_PLL.clkc[0]} -source [get_ports {I_sys_clk}] -master_clock {sys_clk_50m} -multiply_by 2.0000 -duty_cycle 50.0000 [get_pins {u_PLL/ph1p_phy_pll_wrapper_25a56e5ce2f9_Inst/u_PH1P_PHY_PLL.clkc[0]}]
USR-1002 : Derived clock:  create_generated_clock -name {u_PLL/ph1p_phy_pll_wrapper_25a56e5ce2f9_Inst/u_PH1P_PHY_PLL.clkc[1]} -source [get_ports {I_sys_clk}] -master_clock {sys_clk_50m} -divide_by 2.0769 -duty_cycle 50.0000 [get_pins {u_PLL/ph1p_phy_pll_wrapper_25a56e5ce2f9_Inst/u_PH1P_PHY_PLL.clkc[1]}]
USR-1002 : Derived clock:  create_generated_clock -name {u_PLL/ph1p_phy_pll_wrapper_25a56e5ce2f9_Inst/u_PH1P_PHY_PLL.clkc[4]} -source [get_ports {I_sys_clk}] -master_clock {sys_clk_50m} -multiply_by 1.0400 -duty_cycle 50.0000 [get_pins {u_PLL/ph1p_phy_pll_wrapper_25a56e5ce2f9_Inst/u_PH1P_PHY_PLL.clkc[4]}]
USR-1002 : Derived clock:  create_generated_clock -name {u_PLL/ph1p_phy_pll_wrapper_25a56e5ce2f9_Inst/u_PH1P_PHY_PLL.clkc[5]} -source [get_ports {I_sys_clk}] -master_clock {sys_clk_50m} -multiply_by 5.2000 -duty_cycle 50.0000 [get_pins {u_PLL/ph1p_phy_pll_wrapper_25a56e5ce2f9_Inst/u_PH1P_PHY_PLL.clkc[5]}]
USR-1002 : Derived clock:  create_generated_clock -name {u_ph1p35_324_ddr_wrapper/u_ddr2/ph1p_ddrmc_wrapper/ph1p_ddrmc_top/u_ddr_phy/u_ddrphy_top/u_ddrphy_clk/u_pll0/u_pll_inst.clkc[0]} -source [get_ports {I_sys_clk}] -master_clock {sys_clk_50m} -multiply_by 1.3333 -duty_cycle 50.0000 [get_pins {u_ph1p35_324_ddr_wrapper/u_ddr2/ph1p_ddrmc_wrapper/ph1p_ddrmc_top/u_ddr_phy/u_ddrphy_top/u_ddrphy_clk/u_pll0/u_pll_inst.clkc[0]}]
USR-1002 : Derived clock:  create_generated_clock -name {u_ph1p35_324_ddr_wrapper/u_ddr2/ph1p_ddrmc_wrapper/ph1p_ddrmc_top/u_ddr_phy/u_ddrphy_top/u_ddrphy_clk/u_pll0/u_pll_inst.clkc[1]} -source [get_ports {I_sys_clk}] -master_clock {sys_clk_50m} -multiply_by 1.3333 -duty_cycle 50.0000 [get_pins {u_ph1p35_324_ddr_wrapper/u_ddr2/ph1p_ddrmc_wrapper/ph1p_ddrmc_top/u_ddr_phy/u_ddrphy_top/u_ddrphy_clk/u_pll0/u_pll_inst.clkc[1]}]
USR-1002 : Derived clock:  create_generated_clock -name {u_ph1p35_324_ddr_wrapper/u_ddr2/ph1p_ddrmc_wrapper/ph1p_ddrmc_top/u_ddr_phy/u_ddrphy_top/u_ddrphy_clk/u_pll0/u_pll_inst.clkc[2]} -source [get_ports {I_sys_clk}] -master_clock {sys_clk_50m} -multiply_by 5.3333 -duty_cycle 50.0000 [get_pins {u_ph1p35_324_ddr_wrapper/u_ddr2/ph1p_ddrmc_wrapper/ph1p_ddrmc_top/u_ddr_phy/u_ddrphy_top/u_ddrphy_clk/u_pll0/u_pll_inst.clkc[2]}]
USR-1002 : Derived clock:  create_generated_clock -name {u_ph1p35_324_ddr_wrapper/u_ddr2/ph1p_ddrmc_wrapper/ph1p_ddrmc_top/u_ddr_phy/u_ddrphy_top/u_ddrphy_clk/u_pll0/u_pll_inst.clkc[3]} -source [get_ports {I_sys_clk}] -master_clock {sys_clk_50m} -divide_by 1.9687 -duty_cycle 50.0000 [get_pins {u_ph1p35_324_ddr_wrapper/u_ddr2/ph1p_ddrmc_wrapper/ph1p_ddrmc_top/u_ddr_phy/u_ddrphy_top/u_ddrphy_clk/u_pll0/u_pll_inst.clkc[3]}]
USR-1002 : Derived clock:  create_generated_clock -name {u_ph1p35_324_ddr_wrapper/u_ddr2/ph1p_ddrmc_wrapper/ph1p_ddrmc_top/u_ddr_phy/u_ddrphy_top/u_ddrphy_clk/u_pll1/u_pll_inst.clkc[0]} -source [get_pins {u_ph1p35_324_ddr_wrapper/u_ddr2/ph1p_ddrmc_wrapper/ph1p_ddrmc_top/u_ddr_phy/u_ddrphy_top/u_ddrphy_clk/u_pll0/u_pll_inst.clkc[0]}] -master_clock {u_ph1p35_324_ddr_wrapper/u_ddr2/ph1p_ddrmc_wrapper/ph1p_ddrmc_top/u_ddr_phy/u_ddrphy_top/u_ddrphy_clk/u_pll0/u_pll_inst.clkc[0]} -multiply_by 1.0000 -duty_cycle 50.0000 [get_pins {u_ph1p35_324_ddr_wrapper/u_ddr2/ph1p_ddrmc_wrapper/ph1p_ddrmc_top/u_ddr_phy/u_ddrphy_top/u_ddrphy_clk/u_pll1/u_pll_inst.clkc[0]}]
8.888000
15.000000
15.000000
19.230000
RUN-1003 : finish command "start_timer" in  2.457599s wall, 2.421875s user + 0.015625s system = 2.437500s CPU (99.2%)

RUN-1004 : used memory is 999 MB, reserved memory is 991 MB, peak memory is 999 MB
TMR-2502 : Net delay update with mode: Placed
PHY-3001 : No need to merge 9x9 Dsps.
PHY-1001 : Populate physical database on model design_top_wrapper.
PHY-1001 : End Stage 2.3 | Global Placement Step 1; Time: 10.755111s wall, 24.140625s user + 2.703125s system = 26.843750s CPU (249.6%); Memory(MB): used = 1070, reserved = 1063, peak = 1070;

PHY-1001 : Stage 2.4 | RAM/DSP Legalization and Detailed Placement
PHY-1001 : Stage 2.4.1 | Legalization
PHY-3001 : Before Legalized: Len = 2.22437e+06
PHY-3001 : After Legalized: Len = 2.24958e+06, Over = 141.594
PHY-1001 : End Stage 2.4.1 | Legalization; Time: 1.735406s wall, 1.703125s user + 0.000000s system = 1.703125s CPU (98.1%); Memory(MB): used = 1072, reserved = 1064, peak = 1072;

PHY-1001 : Stage 2.4.2 | Detailed Placement
PHY-1001 : Stage 2.4.2.1 | Simulated Annealing Based DP
PHY-0007 : Initial: WL Cost = 199138, TD Cost = 351021, SWNS = 2272, STNS = 0, Nums per T = 560, Range Limit = 2x32
PHY-0007 : Finally: WL Cost = 194553, TD Cost = 338093, WL Ratio = 0.976975, TD Ratio = 0.963169, SWNS = 2272, STNS = 0
RUN-1001 : Print Detailed placement's Summary information
RUN-1001 : -------------------------------------------------------------------------------------------------------------------------------
RUN-1001 :             |  Total  |  Accept  |  Reject by overFlow  |  Reject by worseCost  |  Failed by noTarget  |  Failed by gridCheck  
RUN-1001 : -------------------------------------------------------------------------------------------------------------------------------
RUN-1001 :   RAM/DSPs  |  3360   |   140    |          0           |         3220          |          0           |           0           
RUN-1001 :    Macros   |   471   |    23    |          0           |          448          |          0           |           0           
RUN-1001 : -------------------------------------------------------------------------------------------------------------------------------
PHY-1001 : End Stage 2.4.2.1 | Simulated Annealing Based DP; Time: 2.604968s wall, 3.968750s user + 0.093750s system = 4.062500s CPU (156.0%); Memory(MB): used = 1075, reserved = 1067, peak = 1075;

PHY-3001 : End Detailed Place; 
PHY-1001 : End Stage 2.4.2 | Detailed Placement; Time: 2.806101s wall, 4.156250s user + 0.093750s system = 4.250000s CPU (151.5%); Memory(MB): used = 1075, reserved = 1067, peak = 1075;

PHY-1001 : End Stage 2.4 | RAM/DSP Legalization and Detailed Placement; Time: 4.542700s wall, 5.859375s user + 0.093750s system = 5.953125s CPU (131.0%); Memory(MB): used = 1075, reserved = 1067, peak = 1075;

PHY-1001 : Stage 2.5 | Global Placement Step 2
PHY-3001 : Target density is 60%
PHY-1001 : Stage 2.5.1 | Update Timing
PHY-1001 : SWNS: 2272, STNS: 0, FEP: 0
PHY-1001 : End Stage 2.5.1 | Update Timing; Time: 0.187277s wall, 0.187500s user + 0.000000s system = 0.187500s CPU (100.1%); Memory(MB): used = 1075, reserved = 1067, peak = 1075;

PHY-1001 : Stage 2.5.2 | Refresh Congestion
RUN-1001 : Generating global routing grids ...
RUN-1001 : Building simple global routing graph ...
PHY-1001 : Generate routing nets ...
PHY-1001 : Reuse net number 0/16609.
PHY-1001 : Global iterations in 16 thread ...
PHY-1002 : len = 2.2991e+06, over cnt = 2967(4%), over = 15943, worst = 50
PHY-1001 : End global iterations;  0.565825s wall, 0.984375s user + 0.000000s system = 0.984375s CPU (174.0%)

PHY-1001 : Congestion index:
PHY-1001 : top1  = 169.57(S 125.75, N 137.29, E 140.79, W 130.02, I 304.69, O 383.96)
PHY-1001 : top5  = 125.04(S 85.38, N 91.86, E 96.04, W 87.83, I 190.28, O 245.93)
PHY-1001 : top10 = 105.34(S 66.60, N 72.36, E 75.60, W 69.62, I 139.37, O 183.11)
PHY-1001 : top15 = 93.14(S 55.76, N 61.17, E 63.64, W 59.31, I 111.71, O 148.23)
PHY-1001 : End Stage 2.5.2 | Refresh Congestion; Time: 1.007995s wall, 1.390625s user + 0.015625s system = 1.406250s CPU (139.5%); Memory(MB): used = 1162, reserved = 1162, peak = 1162;

PHY-1001 : Stage 2.5.3 | GP Iteration
PHY-1001 : End Stage 2.5.3 | GP Iteration; Time: 3.014748s wall, 20.781250s user + 0.187500s system = 20.968750s CPU (695.5%); Memory(MB): used = 1167, reserved = 1167, peak = 1167;

PHY-3001 : Multithread accelerating rate: 6.91
PHY-1001 : End Stage 2.5 | Global Placement Step 2; Time: 5.979157s wall, 24.109375s user + 0.203125s system = 24.312500s CPU (406.6%); Memory(MB): used = 1171, reserved = 1170, peak = 1171;

PHY-1001 : Stage 2.6 | RAM/DSP Detailed Placement
PHY-1001 : Stage 2.6.1 | Detailed Placement
PHY-1001 : Stage 2.6.1.1 | Simulated Annealing Based DP
PHY-0007 : Initial: WL Cost = 159658, TD Cost = 249600, SWNS = 1824, STNS = 0, Nums per T = 560, Range Limit = 2x32
PHY-0007 : Finally: WL Cost = 159584, TD Cost = 248014, WL Ratio = 0.999533, TD Ratio = 0.993647, SWNS = 1824, STNS = 0
RUN-1001 : Print Detailed placement's Summary information
RUN-1001 : -------------------------------------------------------------------------------------------------------------------------------
RUN-1001 :             |  Total  |  Accept  |  Reject by overFlow  |  Reject by worseCost  |  Failed by noTarget  |  Failed by gridCheck  
RUN-1001 : -------------------------------------------------------------------------------------------------------------------------------
RUN-1001 :   RAM/DSPs  |  2240   |    15    |          0           |         2225          |          0           |           0           
RUN-1001 :    Macros   |   306   |    3     |          0           |          303          |          0           |           0           
RUN-1001 : -------------------------------------------------------------------------------------------------------------------------------
PHY-1001 : End Stage 2.6.1.1 | Simulated Annealing Based DP; Time: 1.764913s wall, 1.921875s user + 0.015625s system = 1.937500s CPU (109.8%); Memory(MB): used = 1173, reserved = 1172, peak = 1173;

PHY-3001 : End Detailed Place; 
PHY-1001 : End Stage 2.6.1 | Detailed Placement; Time: 1.988163s wall, 2.156250s user + 0.015625s system = 2.171875s CPU (109.2%); Memory(MB): used = 1173, reserved = 1172, peak = 1173;

PHY-1001 : Stage 2.6.2 | Spreading
OPT-1001 : Total overflow 770.88 peak overflow 5.09
PHY-3001 : Spreading for sector grids.
PHY-3001 : Iter 1, total overflow: 0
PHY-3001 : tot_capacity: 48, usage_cnt: 22, movable_cnt: 35
PHY-3001 : End spreading;  0.082957s wall, 0.296875s user + 0.000000s system = 0.296875s CPU (357.9%)

PHY-1001 : End Stage 2.6.2 | Spreading; Time: 0.083060s wall, 0.296875s user + 0.000000s system = 0.296875s CPU (357.4%); Memory(MB): used = 1173, reserved = 1172, peak = 1173;

PHY-1001 : End Stage 2.6 | RAM/DSP Detailed Placement; Time: 2.280634s wall, 2.671875s user + 0.015625s system = 2.687500s CPU (117.8%); Memory(MB): used = 1173, reserved = 1172, peak = 1173;

PHY-1001 : Stage 2.7 | Optimize Design
OPT-1001 : Start physical optimization ...
OPT-1001 : Total overflow 770.88 peak overflow 5.09
OPT-1001 : Stage 2.7.1 | Synthesize High-fanout Net
OPT-1001 : Start high-fanout net optimization in pre-pack flow with medium effort ...
OPT-1001 : Update timing in Manhattan mode
OPT-1001 : End timing update;  1.642695s wall, 1.625000s user + 0.000000s system = 1.625000s CPU (98.9%)

OPT-1001 : Start: SWNS 1824 STNS 0 NUM_FEPS 0
OPT-1001 : Total overflow 770.88 peak overflow 5.09
PHY-1001 : Populate physical database on model design_top_wrapper.
OPT-1001 : 95 high-fanout net processed.
PHY-3001 : Start incremental placement ...
PHY-1001 : Populate physical database on model design_top_wrapper.
PHY-1001 : Processing 2 clock pins of DDR instance u_ph1p35_324_ddr_wrapper/u_ddr2/ph1p_ddrmc_wrapper/ph1p_ddrmc_top/u_ddr_phy/u_ddrphy_top/u_ddrphy/ac_byte[0]$ac_byte_used$u_ddrphy_ac_byte_wrapper/u_ddrphy_byte, location = x0y70z0.
PHY-1001 :   Placed ioclk instance u_ph1p35_324_ddr_wrapper/u_ddr2/ph1p_ddrmc_wrapper/ph1p_ddrmc_top/u_ddr_phy/u_ddrphy_top/u_ddrphy_clk/ioclk[0]$u_ioclk_1, location = x0y59z1.
PHY-1001 :   Placed ioclk instance u_ph1p35_324_ddr_wrapper/u_ddr2/ph1p_ddrmc_wrapper/ph1p_ddrmc_top/u_ddr_phy/u_ddrphy_top/u_ddrphy_clk/ioclk[0]$u_ioclk_0, location = x0y59z0.
PHY-1001 : Processing 2 clock pins of DDR instance u_ph1p35_324_ddr_wrapper/u_ddr2/ph1p_ddrmc_wrapper/ph1p_ddrmc_top/u_ddr_phy/u_ddrphy_top/u_ddrphy/ac_byte[1]$ac_byte_used$u_ddrphy_ac_byte_wrapper/u_ddrphy_byte, location = x0y60z0.
PHY-1001 :   Placed ioclk instance u_ph1p35_324_ddr_wrapper/u_ddr2/ph1p_ddrmc_wrapper/ph1p_ddrmc_top/u_ddr_phy/u_ddrphy_top/u_ddrphy_clk/ioclk[0]$u_ioclk_1, location = x0y59z1.
PHY-1001 :   Placed ioclk instance u_ph1p35_324_ddr_wrapper/u_ddr2/ph1p_ddrmc_wrapper/ph1p_ddrmc_top/u_ddr_phy/u_ddrphy_top/u_ddrphy_clk/ioclk[0]$u_ioclk_0, location = x0y59z0.
PHY-1001 : Processing 2 clock pins of DDR instance u_ph1p35_324_ddr_wrapper/u_ddr2/ph1p_ddrmc_wrapper/ph1p_ddrmc_top/u_ddr_phy/u_ddrphy_top/u_ddrphy/ac_byte[2]$ac_byte_used$u_ddrphy_ac_byte_wrapper/u_ddrphy_byte, location = x0y50z0.
PHY-1001 :   Placed ioclk instance u_ph1p35_324_ddr_wrapper/u_ddr2/ph1p_ddrmc_wrapper/ph1p_ddrmc_top/u_ddr_phy/u_ddrphy_top/u_ddrphy_clk/ioclk[0]$u_ioclk_1, location = x0y59z1.
PHY-1001 :   Placed ioclk instance u_ph1p35_324_ddr_wrapper/u_ddr2/ph1p_ddrmc_wrapper/ph1p_ddrmc_top/u_ddr_phy/u_ddrphy_top/u_ddrphy_clk/ioclk[0]$u_ioclk_0, location = x0y59z0.
PHY-1001 : Processing 2 clock pins of DDR instance u_ph1p35_324_ddr_wrapper/u_ddr2/ph1p_ddrmc_wrapper/ph1p_ddrmc_top/u_ddr_phy/u_ddrphy_top/u_ddrphy/ac_byte[3]$ac_byte_used$u_ddrphy_ac_byte_wrapper/u_ddrphy_byte, location = x0y40z0.
PHY-1001 :   Placed ioclk instance u_ph1p35_324_ddr_wrapper/u_ddr2/ph1p_ddrmc_wrapper/ph1p_ddrmc_top/u_ddr_phy/u_ddrphy_top/u_ddrphy_clk/ioclk[0]$u_ioclk_1, location = x0y59z1.
PHY-1001 :   Placed ioclk instance u_ph1p35_324_ddr_wrapper/u_ddr2/ph1p_ddrmc_wrapper/ph1p_ddrmc_top/u_ddr_phy/u_ddrphy_top/u_ddrphy_clk/ioclk[0]$u_ioclk_0, location = x0y59z0.
PHY-1001 : Processing 2 clock pins of DDR instance u_ph1p35_324_ddr_wrapper/u_ddr2/ph1p_ddrmc_wrapper/ph1p_ddrmc_top/u_ddr_phy/u_ddrphy_top/u_ddrphy/dx_byte[0]$dx_byte_used$u_ddrphy_dx_byte_wrapper/u_ddrphy_byte, location = x0y30z0.
PHY-1001 :   Placed ioclk instance u_ph1p35_324_ddr_wrapper/u_ddr2/ph1p_ddrmc_wrapper/ph1p_ddrmc_top/u_ddr_phy/u_ddrphy_top/u_ddrphy_clk/ioclk[1]$u_ioclk_1, location = x0y19z1.
PHY-1001 :   Placed ioclk instance u_ph1p35_324_ddr_wrapper/u_ddr2/ph1p_ddrmc_wrapper/ph1p_ddrmc_top/u_ddr_phy/u_ddrphy_top/u_ddrphy_clk/ioclk[1]$u_ioclk_0, location = x0y19z0.
PHY-1001 : Processing 2 clock pins of DDR instance u_ph1p35_324_ddr_wrapper/u_ddr2/ph1p_ddrmc_wrapper/ph1p_ddrmc_top/u_ddr_phy/u_ddrphy_top/u_ddrphy/dx_byte[1]$dx_byte_used$u_ddrphy_dx_byte_wrapper/u_ddrphy_byte, location = x0y10z0.
PHY-1001 :   Placed ioclk instance u_ph1p35_324_ddr_wrapper/u_ddr2/ph1p_ddrmc_wrapper/ph1p_ddrmc_top/u_ddr_phy/u_ddrphy_top/u_ddrphy_clk/ioclk[1]$u_ioclk_1, location = x0y19z1.
PHY-1001 :   Placed ioclk instance u_ph1p35_324_ddr_wrapper/u_ddr2/ph1p_ddrmc_wrapper/ph1p_ddrmc_top/u_ddr_phy/u_ddrphy_top/u_ddrphy_clk/ioclk[1]$u_ioclk_0, location = x0y19z0.
PHY-3001 : Target density is 60%
PHY-3001 : Target density is 60%
PHY-1001 : Stage 2.7.1.1 | Update Timing
PHY-1001 : SWNS: 1824, STNS: 0, FEP: 0
PHY-1001 : End Stage 2.7.1.1 | Update Timing; Time: 0.185778s wall, 0.187500s user + 0.000000s system = 0.187500s CPU (100.9%); Memory(MB): used = 1173, reserved = 1172, peak = 1173;

PHY-1001 : Stage 2.7.1.2 | Refresh Congestion
RUN-1001 : Generating global routing grids ...
PHY-1001 : Generate routing nets ...
PHY-1001 : Reuse net number 326/30143.
PHY-1001 : Global iterations in 16 thread ...
PHY-1002 : len = 1.87238e+06, over cnt = 3762(5%), over = 20871, worst = 45
PHY-1001 : End global iterations;  1.046714s wall, 2.265625s user + 0.015625s system = 2.281250s CPU (217.9%)

PHY-1001 : Congestion index:
PHY-1001 : top1  = 179.23(S 143.43, N 137.61, E 144.38, W 141.69, I 196.27, O 225.08)
PHY-1001 : top5  = 134.23(S 96.91, N 92.75, E 99.62, W 95.21, I 122.30, O 148.75)
PHY-1001 : top10 = 113.86(S 76.74, N 74.13, E 80.75, W 75.90, I 95.42, O 118.29)
PHY-1001 : top15 = 101.54(S 65.16, N 63.41, E 69.86, W 65.01, I 80.71, O 101.22)
PHY-1001 : End Stage 2.7.1.2 | Refresh Congestion; Time: 1.289108s wall, 2.500000s user + 0.015625s system = 2.515625s CPU (195.1%); Memory(MB): used = 1182, reserved = 1182, peak = 1182;

PHY-1001 : Stage 2.7.1.3 | GP Iteration
PHY-1001 : End Stage 2.7.1.3 | GP Iteration; Time: 3.021465s wall, 18.359375s user + 0.343750s system = 18.703125s CPU (619.0%); Memory(MB): used = 1185, reserved = 1184, peak = 1185;

PHY-3001 : Multithread accelerating rate: 6.14
OPT-1001 : Total overflow 747.81 peak overflow 5.78
PHY-3001 : Spreading for sector grids.
PHY-3001 : Iter 1, total overflow: 0
PHY-3001 : tot_capacity: 48, usage_cnt: 22, movable_cnt: 38
PHY-3001 : End spreading;  0.080478s wall, 0.218750s user + 0.000000s system = 0.218750s CPU (271.8%)

PHY-3001 : Final: Len = 1.56493e+06, Over = 199
PHY-3001 : End incremental placement;  4.906344s wall, 21.609375s user + 0.359375s system = 21.968750s CPU (447.8%)

OPT-1001 : Total overflow 747.81 peak overflow 5.78
RUN-1001 : HFN opt statistic
RUN-1001 : ------------------------------------------------------
RUN-1001 :   DriverCell type  |  HFN count  |  Duplicated count  
RUN-1001 : ------------------------------------------------------
RUN-1001 :         REG        |      4      |         10         
RUN-1001 :        LUT6        |     64      |         44         
RUN-1001 :        LUT5        |      0      |         0          
RUN-1001 :        LUT4        |      5      |         11         
RUN-1001 :        LUT3        |      5      |         9          
RUN-1001 :        LUT2        |     17      |         31         
RUN-1001 :        TOTAL       |     95      |        105         
RUN-1001 : ------------------------------------------------------
OPT-1001 : End high-fanout net optimization;  8.658632s wall, 25.703125s user + 0.375000s system = 26.078125s CPU (301.2%)

OPT-1001 : Update timing in Manhattan mode
OPT-1001 : End timing update;  1.694725s wall, 1.687500s user + 0.000000s system = 1.687500s CPU (99.6%)

OPT-1001 : Current memory(MB): used = 1185, reserved = 1184, peak = 1185.
OPT-1001 : End Stage 2.7.1 | Synthesize High-fanout Net; Time: 10.538611s wall, 27.562500s user + 0.375000s system = 27.937500s CPU (265.1%); Memory(MB): used = 1185, reserved = 1184, peak = 1185;

OPT-1001 : Stage 2.7.2 | Global Optimization
OPT-1001 : Start global optimization ...
OPT-0007 : Start: SWNS 2262 STNS 0 NUM_FEPS 0
OPT-1001 : Start congestion update ...
RUN-1001 : Generating global routing grids ...
PHY-1001 : Generate routing nets ...
PHY-1001 : Reuse net number 2824/29283.
PHY-1001 : Global iterations in 16 thread ...
PHY-1002 : len = 1.79843e+06, over cnt = 3617(5%), over = 11939, worst = 20
PHY-1002 : len = 1.95011e+06, over cnt = 3066(4%), over = 7360, worst = 15
PHY-1002 : len = 2.11838e+06, over cnt = 1214(1%), over = 2574, worst = 15
PHY-1002 : len = 2.19294e+06, over cnt = 385(0%), over = 767, worst = 11
PHY-1002 : len = 2.21942e+06, over cnt = 87(0%), over = 174, worst = 8
PHY-1001 : End global iterations;  2.893218s wall, 4.234375s user + 0.015625s system = 4.250000s CPU (146.9%)

PHY-1001 : Congestion index:
PHY-1001 : top1  = 94.52(S 76.61, N 78.08, E 88.41, W 88.99, I 181.66, O 221.46)
PHY-1001 : top5  = 80.79(S 64.53, N 62.42, E 70.91, W 70.73, I 115.61, O 141.49)
PHY-1001 : top10 = 73.17(S 57.10, N 55.00, E 61.85, W 61.74, I 91.30, O 113.30)
PHY-1001 : top15 = 68.33(S 52.16, N 50.22, E 56.11, W 55.69, I 77.79, O 97.24)
OPT-1001 : End congestion update;  3.273251s wall, 4.625000s user + 0.015625s system = 4.640625s CPU (141.8%)

OPT-0007 : Iter 1: improved SWNS 2267 STNS 0 NUM_FEPS 0 with 78 cells processed and 3673 slack improved
OPT-0007 : Iter 2: improved SWNS 2267 STNS 0 NUM_FEPS 0 with 28 cells processed and 1041 slack improved
OPT-0007 : Iter 3: improved SWNS 2267 STNS 0 NUM_FEPS 0 with 14 cells processed and 583 slack improved
OPT-0007 : Iter 4: improved SWNS 2267 STNS 0 NUM_FEPS 0 with 5 cells processed and 119 slack improved
OPT-1001 : Overall commit ratio 0.34
OPT-1001 : End global optimization;  3.473415s wall, 4.812500s user + 0.015625s system = 4.828125s CPU (139.0%)

OPT-1001 : Current memory(MB): used = 1185, reserved = 1184, peak = 1185.
OPT-1001 : End Stage 2.7.2 | Global Optimization; Time: 4.952599s wall, 6.218750s user + 0.078125s system = 6.296875s CPU (127.1%); Memory(MB): used = 1185, reserved = 1184, peak = 1185;

OPT-0007 : End flow prepack: SWNS 2267 STNS 0 NUM_FEPS 0
OPT-1001 : End physical optimization;  15.543717s wall, 34.046875s user + 0.453125s system = 34.500000s CPU (222.0%)

PHY-1001 : End Stage 2.7 | Optimize Design; Time: 15.548355s wall, 34.046875s user + 0.453125s system = 34.500000s CPU (221.9%); Memory(MB): used = 1185, reserved = 1184, peak = 1185;

PHY-1001 : Stage 2.8 | Pack and Legalization
PHY-1001 : Stage 2.8.1 | Direct Legalization
PHY-3001 : Start Direct Legalization ...
PHY-3001 : Get top1 grid util = 0.808388, top1_avg = 0.808388.
PHY-1001 : Populate physical database on model design_top_wrapper.
PHY-3001 : Target density is 60%
PHY-3001 : Before Legalization for Slice Macros, Len = 1.56727e+06.
RUN-1001 : Legalization top10 inst displacement:
RUN-1001 : ----------------------------------------------------------------------------------------------------------------------------------------------------------------------------------------------------------------------------------
RUN-1001 :   Index  |  Bounded  |  Height  |       Location       |  Disp. (slots)  |  Disp. (grids)  |                                                                 Name                                                                 
RUN-1001 : ----------------------------------------------------------------------------------------------------------------------------------------------------------------------------------------------------------------------------------
RUN-1001 :     1    |     N     |    8     |  x1y38z7 to x5y36z0  |       55        |        6        |       u_ph1p35_324_ddr_wrapper/u_ddr2/ph1p_ddrmc_wrapper/ph1p_ddrmc_top/u_ddr_phy/u_ddrphy_top/u_ddrphy_init/ramread0_syn_111        
RUN-1001 :     2    |     N     |    8     |  x2y38z7 to x5y42z0  |       49        |        7        |        u_ph1p35_324_ddr_wrapper/u_ddr2/ph1p_ddrmc_wrapper/ph1p_ddrmc_top/u_ddr_phy/u_ddrphy_top/u_ddrphy_init/ramread0_syn_91        
RUN-1001 :     3    |     N     |    8     |  x1y38z7 to x5y40z0  |       41        |        6        |        u_ph1p35_324_ddr_wrapper/u_ddr2/ph1p_ddrmc_wrapper/ph1p_ddrmc_top/u_ddr_phy/u_ddrphy_top/u_ddrphy_init/ramread0_syn_31        
RUN-1001 :     4    |     N     |    8     |  x1y38z7 to x5y38z0  |       39        |        4        |        u_ph1p35_324_ddr_wrapper/u_ddr2/ph1p_ddrmc_wrapper/ph1p_ddrmc_top/u_ddr_phy/u_ddrphy_top/u_ddrphy_init/ramread0_syn_71        
RUN-1001 :     5    |     N     |    8     |  x1y41z0 to x5y41z0  |       32        |        4        |       u_ph1p35_324_ddr_wrapper/u_ddr2/ph1p_ddrmc_wrapper/ph1p_ddrmc_top/u_ddr_phy/u_ddrphy_top/u_ddrphy_init/ramread0_syn_131        
RUN-1001 :     6    |     N     |    8     |  x1y39z0 to x5y39z0  |       32        |        4        |        u_ph1p35_324_ddr_wrapper/u_ddr2/ph1p_ddrmc_wrapper/ph1p_ddrmc_top/u_ddr_phy/u_ddrphy_top/u_ddrphy_init/ramread0_syn_51        
RUN-1001 :     7    |     N     |    8     |  x3y26z0 to x5y28z0  |       32        |        4        |      u_ph1p35_324_ddr_wrapper/u_ddr2/ph1p_ddrmc_wrapper/ph1p_ddrmc_top/u_phy2mc_fifo/byteIdx_1[0]$u_wfifo_sync/ramread0_syn_88       
RUN-1001 :     8    |     N     |    8     |  x2y37z3 to x5y37z0  |       27        |        3        |       u_ph1p35_324_ddr_wrapper/u_ddr2/ph1p_ddrmc_wrapper/ph1p_ddrmc_top/u_ddr_phy/u_ddrphy_top/u_ddrphy_init/ramread0_syn_151        
RUN-1001 :     9    |     N     |    8     |  x3y13z1 to x5y14z0  |       23        |        3        |      u_ph1p35_324_ddr_wrapper/u_ddr2/ph1p_ddrmc_wrapper/ph1p_ddrmc_top/u_phy2mc_fifo/byteIdx_1[1]$u_wfifo_sync/ramread0_syn_28       
RUN-1001 :    10    |     N     |    8     |  x4y27z1 to x5y29z0  |       23        |        3        |  u_ph1p35_324_ddr_wrapper/u_ddr2/ph1p_ddrmc_wrapper/ph1p_ddrmc_top/u_alc_mc_top/u_wr_data/wr_buffer[0]$u_wdata_ram/ramread0_syn_172  
RUN-1001 : ----------------------------------------------------------------------------------------------------------------------------------------------------------------------------------------------------------------------------------
PHY-3001 : After Legalization for Slice Macros, Len = 1.62645e+06.
RUN-1001 : Generating global routing grids ...
PHY-1001 : Generate routing nets ...
PHY-1001 : Reuse net number 25323/28996.
RUN-1002 : start command "update_timing -mode MANHATTAN"
RUN-1002 : start command "start_timer"
RUN-1003 : finish command "start_timer" in  1.641836s wall, 1.640625s user + 0.000000s system = 1.640625s CPU (99.9%)

RUN-1004 : used memory is 1211 MB, reserved memory is 1210 MB, peak memory is 1211 MB
RUN-1003 : finish command "update_timing -mode MANHATTAN" in  3.459544s wall, 3.406250s user + 0.015625s system = 3.421875s CPU (98.9%)

RUN-1004 : used memory is 1212 MB, reserved memory is 1210 MB, peak memory is 1212 MB
PHY-1001 : Global iterations in 16 thread ...
PHY-1002 : len = 2.20562e+06, over cnt = 1180(1%), over = 2692, worst = 9
PHY-1002 : len = 2.22462e+06, over cnt = 992(1%), over = 1857, worst = 9
PHY-1002 : len = 2.26349e+06, over cnt = 340(0%), over = 546, worst = 9
PHY-1002 : len = 2.27306e+06, over cnt = 164(0%), over = 240, worst = 5
PHY-1002 : len = 2.28386e+06, over cnt = 22(0%), over = 26, worst = 4
PHY-1001 : End global iterations;  1.020207s wall, 1.156250s user + 0.031250s system = 1.187500s CPU (116.4%)

PHY-1001 : Congestion index:
PHY-1001 : top1  = 92.71(S 75.29, N 72.32, E 86.70, W 89.47, I 176.26, O 213.65)
PHY-1001 : top5  = 79.95(S 63.19, N 59.98, E 70.40, W 71.82, I 111.28, O 137.19)
PHY-1001 : top10 = 72.55(S 56.11, N 53.53, E 62.00, W 62.92, I 88.29, O 111.16)
PHY-1001 : top15 = 67.87(S 51.39, N 49.20, E 56.68, W 56.85, I 75.62, O 96.03)
PHY-3001 : Total Iter 140, legal = 29289 / 29307 (99.94%), avg_move = 31.83, max_move = 317.
PHY-3001 : Post-LG, Legalize 18 illegal instances, avg_move = 230.89, max_move = 317.
PHY-1001 : Populate physical database on model design_top_wrapper.
PHY-3001 : End Direct Legalization;  33.999445s wall, 259.453125s user + 1.453125s system = 260.906250s CPU (767.4%)

RUN-1001 : Summary of LUT-FF Pairs
RUN-1001 : ---------------------------------------------------------------
RUN-1001 :   Num of Fanout Seqs  |   1x   |  2x  |  3~5  |  6~10  |  >10  
RUN-1001 : ---------------------------------------------------------------
RUN-1001 :         Total         |  7937  |  9   |  46   |   0    |  23   
RUN-1001 :          Grid         |  7927  |  9   |  45   |   0    |  23   
RUN-1001 :          Bank         |  7730  |  9   |  38   |   0    |  19   
RUN-1001 :         Paired        |  7684  |  9   |  33   |   0    |  17   
RUN-1001 : ---------------------------------------------------------------
RUN-1001 : Summary of LUT Pairs
RUN-1001 : ---------------------------------------------------------------------------------------------------------------------
RUN-1001 :            |           |           |           |           |           |  O5 + O6  |  Only O5  |  Only O6  |  Total  
RUN-1001 : ---------------------------------------------------------------------------------------------------------------------
RUN-1001 :   5 Share  |  4 Share  |  3 Share  |  2 Share  |  1 Share  |  0 Share  |           |           |           |         
RUN-1001 :     67     |    256    |    293    |    475    |   2035    |   4302    |   7428    |   3405    |   2614    |  13447  
RUN-1001 : ---------------------------------------------------------------------------------------------------------------------
PHY-1001 : End Stage 2.8.1 | Direct Legalization; Time: 34.071737s wall, 259.531250s user + 1.453125s system = 260.984375s CPU (766.0%); Memory(MB): used = 1324, reserved = 1322, peak = 1324;

PHY-3001 : Target density is 60%
PHY-3001 : After Direct Legalization, Len = 1.9663e+06.
PHY-1001 : End Stage 2.8 | Pack and Legalization; Time: 34.258341s wall, 259.718750s user + 1.453125s system = 261.171875s CPU (762.4%); Memory(MB): used = 1324, reserved = 1322, peak = 1324;

RUN-1002 : start command "start_timer"
RUN-1003 : finish command "start_timer" in  3.560227s wall, 3.406250s user + 0.000000s system = 3.406250s CPU (95.7%)

RUN-1004 : used memory is 1324 MB, reserved memory is 1322 MB, peak memory is 1324 MB
PHY-1001 : End Stage 2 | Global Placement; Time: 79.094665s wall, 356.093750s user + 4.921875s system = 361.015625s CPU (456.4%); Memory(MB): used = 1325, reserved = 1322, peak = 1325;

PHY-1001 : Stage 3 | Detailed Placement
PHY-1001 : Stage 3.1 | SLICE Detailed Placement
PHY-1001 : Stage 3.1.1 | Spreading
PHY-3001 : Design contains 191 ce signals.
PHY-3001 : Spreading for sector grids.
PHY-3001 : Iter 1, total overflow: 0
PHY-3001 : tot_capacity: 24, usage_cnt: 11, movable_cnt: 16
PHY-3001 : Spreading for clock grids.
PHY-3001 : clock grid count for 24 x 4 grids
PHY-3001 : Spreading for plb grids.
PHY-3001 : total displace: 0, max displace: 0.
PHY-3001 : End spreading;  0.293182s wall, 0.265625s user + 0.000000s system = 0.265625s CPU (90.6%)

PHY-1001 : End Stage 3.1.1 | Spreading; Time: 0.293341s wall, 0.265625s user + 0.000000s system = 0.265625s CPU (90.6%); Memory(MB): used = 1333, reserved = 1331, peak = 1333;

PHY-1001 : Stage 3.1.2 | Simulated Annealing Based DP
RUN-1001 : Generating global routing grids ...
PHY-1001 : Generate routing nets ...
PHY-1001 : Reuse net number 2919/22535.
PHY-1001 : Global iterations in 16 thread ...
PHY-1002 : len = 2.13712e+06, over cnt = 1891(2%), over = 3742, worst = 9
PHY-1002 : len = 2.17797e+06, over cnt = 1195(1%), over = 2068, worst = 9
PHY-1002 : len = 2.21062e+06, over cnt = 443(0%), over = 754, worst = 9
PHY-1002 : len = 2.22371e+06, over cnt = 106(0%), over = 190, worst = 8
PHY-1002 : len = 2.22954e+06, over cnt = 0(0%), over = 0, worst = 0
PHY-1001 : End global iterations;  1.880284s wall, 2.718750s user + 0.015625s system = 2.734375s CPU (145.4%)

PHY-1001 : Congestion index:
PHY-1001 : top1  = 85.45(S 61.36, N 60.35, E 77.70, W 81.83, I 64.14, O 76.32)
PHY-1001 : top5  = 72.18(S 50.25, N 50.74, E 63.39, W 65.66, I 54.63, O 66.05)
PHY-1001 : top10 = 65.47(S 44.80, N 45.14, E 56.31, W 56.92, I 49.89, O 59.33)
PHY-1001 : top15 = 61.43(S 41.32, N 41.34, E 51.63, W 51.77, I 46.52, O 55.75)
PHY-0007 : Initial: WL Cost = 161801, TD Cost = 205263, SWNS = 1784, STNS = 0, Nums per T = 122000, Range Limit = 4x8
PHY-0007 : Finally: WL Cost = 147095, TD Cost = 161791, WL Ratio = 0.909109, TD Ratio = 0.788212, SWNS = 2211, STNS = 0
RUN-1001 : Print Detailed placement's Summary information
RUN-1001 : -------------------------------------------------------------------------------------------------------------------------------
RUN-1001 :           |   Total   |  Accept  |  Reject by overFlow  |  Reject by worseCost  |  Failed by noTarget  |  Failed by gridCheck  
RUN-1001 : -------------------------------------------------------------------------------------------------------------------------------
RUN-1001 :   Slices  |  1098000  |  27218   |         3741         |        1045264        |         741          |         21036         
RUN-1001 :   Macros  |   25811   |   140    |         511          |         24776         |         326          |          58           
RUN-1001 : -------------------------------------------------------------------------------------------------------------------------------
PHY-1001 : End Stage 3.1.2 | Simulated Annealing Based DP; Time: 27.522446s wall, 29.062500s user + 0.140625s system = 29.203125s CPU (106.1%); Memory(MB): used = 1348, reserved = 1345, peak = 1348;

PHY-3001 : End Detailed Place; 
PHY-3001 : Final: Len = 1.75394e+06, Over = 0
PHY-1001 : End Stage 3.1 | SLICE Detailed Placement; Time: 28.263171s wall, 29.765625s user + 0.140625s system = 29.906250s CPU (105.8%); Memory(MB): used = 1348, reserved = 1345, peak = 1348;

PHY-3001 : End Detailed Place; 
PHY-1001 : Stage 3.2 | Optimize Design
OPT-1001 : Start physical optimization ...
OPT-1001 : Total overflow 0.00 peak overflow 0.00
OPT-1001 : Stage 3.2.1 | Physical Optimization
OPT-1001 : Start high-fanout net optimization in optimize equivalent flow with medium effort ...
OPT-1001 : Clean unloaded insts before merging registers
PHY-1001 : Populate physical database on model design_top_wrapper.
PHY-1001 : Populate physical database on model design_top_wrapper.
OPT-1001 : Total overflow 0.00 peak overflow 0.00
OPT-1001 : End optimize duplicated nets. Total 33 instances are merged and 192 sinks are reconnected,  3.130808s wall, 3.078125s user + 0.031250s system = 3.109375s CPU (99.3%)

OPT-1001 : End high-fanout net optimization;  3.132274s wall, 3.093750s user + 0.031250s system = 3.125000s CPU (99.8%)

OPT-1001 : Update timing in Manhattan mode
RUN-1002 : start command "start_timer"
RUN-1003 : finish command "start_timer" in  3.454923s wall, 3.359375s user + 0.031250s system = 3.390625s CPU (98.1%)

RUN-1004 : used memory is 1348 MB, reserved memory is 1345 MB, peak memory is 1348 MB
OPT-1001 : End timing update;  5.754570s wall, 5.546875s user + 0.031250s system = 5.578125s CPU (96.9%)

OPT-1001 : Current memory(MB): used = 1348, reserved = 1345, peak = 1348.
OPT-1001 : End Stage 3.2.1 | Physical Optimization; Time: 9.106593s wall, 8.843750s user + 0.062500s system = 8.906250s CPU (97.8%); Memory(MB): used = 1348, reserved = 1345, peak = 1348;

OPT-1001 : Stage 3.2.2 | Synthesize High-fanout Net
OPT-1001 : Start high-fanout net optimization in post-pack flow with medium effort ...
OPT-1001 : Start: SWNS 2211 STNS 0 NUM_FEPS 0
OPT-1001 : Total overflow 0.00 peak overflow 0.00
PHY-1001 : Populate physical database on model design_top_wrapper.
OPT-1001 : 76 high-fanout net processed.
OPT-1001 : Total overflow 0.00 peak overflow 0.00
RUN-1001 : HFN opt statistic
RUN-1001 : ------------------------------------------------------
RUN-1001 :   DriverCell type  |  HFN count  |  Duplicated count  
RUN-1001 : ------------------------------------------------------
RUN-1001 :       LSLICE       |      0      |         0          
RUN-1001 :       MSLICE       |      0      |         0          
RUN-1001 :        OTHER       |     76      |         60         
RUN-1001 :        TOTAL       |     76      |         60         
RUN-1001 : ------------------------------------------------------
OPT-1001 : End high-fanout net optimization;  3.547976s wall, 3.406250s user + 0.062500s system = 3.468750s CPU (97.8%)

OPT-1001 : Current memory(MB): used = 1348, reserved = 1345, peak = 1348.
OPT-1001 : End Stage 3.2.2 | Synthesize High-fanout Net; Time: 3.788415s wall, 3.640625s user + 0.062500s system = 3.703125s CPU (97.7%); Memory(MB): used = 1348, reserved = 1345, peak = 1348;

OPT-1001 : Stage 3.2.3 | Optimize Path
OPT-1001 : Start unpack path based optimization ...
OPT-0007 : Start: SWNS 2211 STNS 0 NUM_FEPS 0 with mode 2
OPT-1001 : Start congestion update ...
RUN-1001 : Generating global routing grids ...
PHY-1001 : Generate routing nets ...
PHY-1001 : Reuse net number 8699/23574.
PHY-1001 : Global iterations in 16 thread ...
PHY-1002 : len = 2.04912e+06, over cnt = 2210(3%), over = 4285, worst = 9
PHY-1002 : len = 2.09051e+06, over cnt = 1448(2%), over = 2499, worst = 9
PHY-1002 : len = 2.13491e+06, over cnt = 574(0%), over = 963, worst = 9
PHY-1002 : len = 2.15302e+06, over cnt = 224(0%), over = 346, worst = 5
PHY-1002 : len = 2.16653e+06, over cnt = 0(0%), over = 0, worst = 0
PHY-1001 : End global iterations;  2.220432s wall, 2.703125s user + 0.062500s system = 2.765625s CPU (124.6%)

PHY-1001 : Congestion index:
PHY-1001 : top1  = 82.15(S 62.21, N 59.43, E 74.52, W 79.28, I 63.24, O 73.11)
PHY-1001 : top5  = 70.23(S 51.87, N 50.21, E 62.09, W 63.93, I 53.23, O 63.41)
PHY-1001 : top10 = 64.33(S 46.48, N 45.16, E 55.60, W 55.94, I 48.91, O 57.38)
PHY-1001 : top15 = 60.49(S 42.96, N 41.71, E 51.14, W 51.05, I 45.87, O 54.19)
OPT-1001 : End congestion update;  2.809679s wall, 3.250000s user + 0.093750s system = 3.343750s CPU (119.0%)

OPT-0007 : Iter 1: improved SWNS 2479 STNS 0 NUM_FEPS 0 with 58(1478) cells and 739(739) paths processed with 8163 slack improved, crit_thod: 3000 ratio: 0.90(64/71) rt: 0.9s
OPT-0007 : Iter 2: improved SWNS 2620 STNS 0 NUM_FEPS 0 with 26(332) cells and 166(166) paths processed with 2991 slack improved, crit_thod: 3000 ratio: 0.78(29/37) rt: 0.6s
OPT-0007 : Iter 3: improved SWNS 2620 STNS 0 NUM_FEPS 0 with 11(330) cells and 165(165) paths processed with 1402 slack improved, crit_thod: 3000 ratio: 0.75(12/16) rt: 0.5s
OPT-0007 : Iter 4: improved SWNS 2620 STNS 0 NUM_FEPS 0 with 1(324) cells and 162(162) paths processed with 17 slack improved, crit_thod: 3000 ratio: 1.00(1/1) rt: 0.3s
OPT-1001 : End path based optimization;  5.085986s wall, 5.453125s user + 0.109375s system = 5.562500s CPU (109.4%)

OPT-1001 : Current memory(MB): used = 1349, reserved = 1345, peak = 1349.
OPT-1001 : End Stage 3.2.3 | Optimize Path; Time: 5.298597s wall, 5.656250s user + 0.109375s system = 5.765625s CPU (108.8%); Memory(MB): used = 1349, reserved = 1345, peak = 1349;

OPT-1001 : Stage 3.2.4 | Optimize Duplicated Nets
OPT-1001 : Start: WNS 2620 TNS 0 NUM_FEPS 0
OPT-1001 : Clean unloaded insts before merging registers
PHY-1001 : Populate physical database on model design_top_wrapper.
PHY-1001 : Populate physical database on model design_top_wrapper.
OPT-1001 : Total overflow 0.00 peak overflow 0.00
OPT-1001 : End optimize duplicated nets. Total 5 instances are merged and 377 sinks are reconnected,  2.888813s wall, 2.734375s user + 0.078125s system = 2.812500s CPU (97.4%)

OPT-1001 : Update timing in Manhattan mode
RUN-1002 : start command "start_timer"
RUN-1003 : finish command "start_timer" in  3.282498s wall, 3.218750s user + 0.031250s system = 3.250000s CPU (99.0%)

RUN-1004 : used memory is 1349 MB, reserved memory is 1345 MB, peak memory is 1349 MB
OPT-1001 : End timing update;  5.629339s wall, 5.500000s user + 0.046875s system = 5.546875s CPU (98.5%)

OPT-1001 : Current memory(MB): used = 1349, reserved = 1345, peak = 1349.
OPT-1001 : End Stage 3.2.4 | Optimize Duplicated Nets; Time: 8.772556s wall, 8.468750s user + 0.125000s system = 8.593750s CPU (98.0%); Memory(MB): used = 1349, reserved = 1345, peak = 1349;

OPT-1001 : Stage 3.2.5 | Swap Pins
OPT-1001 : Start pin optimization...
OPT-1001 : Start: SWNS 2620 STNS 0 NUM_FEPS 0
OPT-1001 : Successfully optimized 1387 instances
OPT-1001 : Successfully optimized 486 instances
OPT-1001 : End pin optimization;  2.674882s wall, 2.546875s user + 0.015625s system = 2.562500s CPU (95.8%)

OPT-1001 : Current memory(MB): used = 1349, reserved = 1345, peak = 1349.
OPT-1001 : End Stage 3.2.5 | Swap Pins; Time: 2.898207s wall, 2.750000s user + 0.015625s system = 2.765625s CPU (95.4%); Memory(MB): used = 1349, reserved = 1345, peak = 1349;

OPT-1001 : Stage 3.2.6 | Optimize Beeline
OPT-1001 : Start beeline optimization...
OPT-1001 : Start: SWNS 2620 STNS 0 NUM_FEPS 0
PHY-1001 : Beeline DP, 828 out of 5959 (13.89)%; hop = 1137.
PHY-1001 : Beeline DP, 298 out of 5139 (5.80)%; hop = 420.
PHY-1001 : Beeline DP, 146 out of 4945 (2.95)%; hop = 203.
PHY-1001 : Beeline DP, 118 out of 4902 (2.41)%; hop = 176.
PHY-1001 : Beeline DP, 87 out of 4888 (1.78)%; hop = 128.
PHY-1001 : Beeline optimization intraPLB, 2872 1-hop(39.40%), 2889 2-hop(39.64%), 618 3-hop( 8.48%), 910 others (12.48%)
PHY-1001 :  17.306604s wall, 16.859375s user + 0.046875s system = 16.906250s CPU (97.7%)

RUN-1001 : Beeline optimization outerPLB: 1-hop 2352, 2-hop 4404, 3-hop 2366, 4-hop 835, other 2173 
OPT-1001 : End beeline optimization;  18.170995s wall, 17.625000s user + 0.062500s system = 17.687500s CPU (97.3%)

OPT-1001 : Update timing in Manhattan mode
OPT-1001 : End timing update;  2.041775s wall, 1.937500s user + 0.062500s system = 2.000000s CPU (98.0%)

OPT-1001 : End Stage 3.2.6 | Optimize Beeline; Time: 20.582194s wall, 19.921875s user + 0.125000s system = 20.046875s CPU (97.4%); Memory(MB): used = 1349, reserved = 1345, peak = 1349;

OPT-0007 : End flow postpack: SWNS 2620 STNS 0 NUM_FEPS 0
RUN-1001 : Generating global routing grids ...
PHY-1001 : Generate routing nets ...
PHY-1001 : Reuse net number 20728/22682.
PHY-1001 : Global iterations in 16 thread ...
PHY-1002 : len = 2.17315e+06, over cnt = 477(0%), over = 669, worst = 7
PHY-1002 : len = 2.1801e+06, over cnt = 254(0%), over = 314, worst = 7
PHY-1002 : len = 2.18576e+06, over cnt = 83(0%), over = 96, worst = 3
PHY-1002 : len = 2.18995e+06, over cnt = 19(0%), over = 22, worst = 3
PHY-1002 : len = 2.19022e+06, over cnt = 1(0%), over = 1, worst = 1
PHY-1001 : End global iterations;  0.749713s wall, 0.984375s user + 0.000000s system = 0.984375s CPU (131.3%)

PHY-1001 : Congestion index:
PHY-1001 : top1  = 81.41(S 62.58, N 59.10, E 75.51, W 78.04, I 63.40, O 73.93)
PHY-1001 : top5  = 70.30(S 51.66, N 50.21, E 62.58, W 63.69, I 53.30, O 63.90)
PHY-1001 : top10 = 64.34(S 46.23, N 45.32, E 56.04, W 56.08, I 48.81, O 57.81)
PHY-1001 : top15 = 60.61(S 42.71, N 41.87, E 51.53, W 51.24, I 45.76, O 54.41)
RUN-1001 : top one percent high-util tile is with util 75 and average util is 81.131579
RUN-1001 : QoR Analysis:
OPT-0007 :   SWNS 2620 STNS 0 NUM_FEPS 0
RUN-1001 :   Local congestion issue exists, and most congested 1% tile average routing util is 81.131579
OPT-1002 :   please consider adjusting placer strategy to avoid the congestion issue
RUN-1001 :   Top critical paths
RUN-1001 :       #1 path slack 2620ps with logic level 1 
RUN-1001 :       #2 path slack 2620ps with logic level 1 
RUN-1001 :       #3 path slack 2655ps with logic level 1 
RUN-1001 :       #4 path slack 2655ps with logic level 1 
RUN-1001 :       #5 path slack 2655ps with logic level 1 
RUN-1001 :       #6 path slack 2655ps with logic level 1 
RUN-1001 :       #7 path slack 2655ps with logic level 1 
RUN-1001 :       #8 path slack 2655ps with logic level 1 
RUN-1001 :       #9 path slack 2655ps with logic level 1 
RUN-1001 :       #10 path slack 2682ps with logic level 1 
OPT-1001 : End physical optimization;  52.008077s wall, 51.203125s user + 0.531250s system = 51.734375s CPU (99.5%)

PHY-1001 : End Stage 3.2 | Optimize Design; Time: 52.008531s wall, 51.203125s user + 0.531250s system = 51.734375s CPU (99.5%); Memory(MB): used = 1349, reserved = 1345, peak = 1349;

RUN-1001 : Report Control nets information:
RUN-1001 : DFF Distribution
RUN-1001 : -------------------------------------
RUN-1001 :   CE   |  SSR  |  ASR  |  DFF Count  
RUN-1001 : -------------------------------------
RUN-1001 :   No   |  No   |  No   |     224     
RUN-1001 :   No   |  No   |  Yes  |      0      
RUN-1001 :   No   |  Yes  |  No   |      0      
RUN-1001 :   Yes  |  No   |  No   |    6838     
RUN-1001 :   Yes  |  No   |  Yes  |    10342    
RUN-1001 :   Yes  |  Yes  |  No   |     311     
RUN-1001 : -------------------------------------
RUN-1001 : Control Group Statistic
RUN-1001 : -----------------------------
RUN-1001 :   #CLK  |  #CE  |  #SSR/ASR  
RUN-1001 : -----------------------------
RUN-1001 :    8    |  613  |     27     
RUN-1001 : -----------------------------
RUN-0007 : Control Set = 689
PHY-1001 : End Stage 3 | Detailed Placement; Time: 80.536996s wall, 81.234375s user + 0.671875s system = 81.906250s CPU (101.7%); Memory(MB): used = 1349, reserved = 1345, peak = 1349;

PHY-1001 : Populate physical database on model design_top_wrapper.
PHY-1001 : Stage 4 | Optimize Design
PHY-3001 : Start incremental legalization ...
PHY-1001 : Populate physical database on model design_top_wrapper.
PHY-1001 : Processing 2 clock pins of DDR instance u_ph1p35_324_ddr_wrapper/u_ddr2/ph1p_ddrmc_wrapper/ph1p_ddrmc_top/u_ddr_phy/u_ddrphy_top/u_ddrphy/ac_byte[0]$ac_byte_used$u_ddrphy_ac_byte_wrapper/u_ddrphy_byte, location = x0y70z0.
PHY-1001 :   Placed ioclk instance u_ph1p35_324_ddr_wrapper/u_ddr2/ph1p_ddrmc_wrapper/ph1p_ddrmc_top/u_ddr_phy/u_ddrphy_top/u_ddrphy_clk/ioclk[0]$u_ioclk_1, location = x0y59z1.
PHY-1001 :   Placed ioclk instance u_ph1p35_324_ddr_wrapper/u_ddr2/ph1p_ddrmc_wrapper/ph1p_ddrmc_top/u_ddr_phy/u_ddrphy_top/u_ddrphy_clk/ioclk[0]$u_ioclk_0, location = x0y59z0.
PHY-1001 : Processing 2 clock pins of DDR instance u_ph1p35_324_ddr_wrapper/u_ddr2/ph1p_ddrmc_wrapper/ph1p_ddrmc_top/u_ddr_phy/u_ddrphy_top/u_ddrphy/ac_byte[1]$ac_byte_used$u_ddrphy_ac_byte_wrapper/u_ddrphy_byte, location = x0y60z0.
PHY-1001 :   Placed ioclk instance u_ph1p35_324_ddr_wrapper/u_ddr2/ph1p_ddrmc_wrapper/ph1p_ddrmc_top/u_ddr_phy/u_ddrphy_top/u_ddrphy_clk/ioclk[0]$u_ioclk_1, location = x0y59z1.
PHY-1001 :   Placed ioclk instance u_ph1p35_324_ddr_wrapper/u_ddr2/ph1p_ddrmc_wrapper/ph1p_ddrmc_top/u_ddr_phy/u_ddrphy_top/u_ddrphy_clk/ioclk[0]$u_ioclk_0, location = x0y59z0.
PHY-1001 : Processing 2 clock pins of DDR instance u_ph1p35_324_ddr_wrapper/u_ddr2/ph1p_ddrmc_wrapper/ph1p_ddrmc_top/u_ddr_phy/u_ddrphy_top/u_ddrphy/ac_byte[2]$ac_byte_used$u_ddrphy_ac_byte_wrapper/u_ddrphy_byte, location = x0y50z0.
PHY-1001 :   Placed ioclk instance u_ph1p35_324_ddr_wrapper/u_ddr2/ph1p_ddrmc_wrapper/ph1p_ddrmc_top/u_ddr_phy/u_ddrphy_top/u_ddrphy_clk/ioclk[0]$u_ioclk_1, location = x0y59z1.
PHY-1001 :   Placed ioclk instance u_ph1p35_324_ddr_wrapper/u_ddr2/ph1p_ddrmc_wrapper/ph1p_ddrmc_top/u_ddr_phy/u_ddrphy_top/u_ddrphy_clk/ioclk[0]$u_ioclk_0, location = x0y59z0.
PHY-1001 : Processing 2 clock pins of DDR instance u_ph1p35_324_ddr_wrapper/u_ddr2/ph1p_ddrmc_wrapper/ph1p_ddrmc_top/u_ddr_phy/u_ddrphy_top/u_ddrphy/ac_byte[3]$ac_byte_used$u_ddrphy_ac_byte_wrapper/u_ddrphy_byte, location = x0y40z0.
PHY-1001 :   Placed ioclk instance u_ph1p35_324_ddr_wrapper/u_ddr2/ph1p_ddrmc_wrapper/ph1p_ddrmc_top/u_ddr_phy/u_ddrphy_top/u_ddrphy_clk/ioclk[0]$u_ioclk_1, location = x0y59z1.
PHY-1001 :   Placed ioclk instance u_ph1p35_324_ddr_wrapper/u_ddr2/ph1p_ddrmc_wrapper/ph1p_ddrmc_top/u_ddr_phy/u_ddrphy_top/u_ddrphy_clk/ioclk[0]$u_ioclk_0, location = x0y59z0.
PHY-1001 : Processing 2 clock pins of DDR instance u_ph1p35_324_ddr_wrapper/u_ddr2/ph1p_ddrmc_wrapper/ph1p_ddrmc_top/u_ddr_phy/u_ddrphy_top/u_ddrphy/dx_byte[0]$dx_byte_used$u_ddrphy_dx_byte_wrapper/u_ddrphy_byte, location = x0y30z0.
PHY-1001 :   Placed ioclk instance u_ph1p35_324_ddr_wrapper/u_ddr2/ph1p_ddrmc_wrapper/ph1p_ddrmc_top/u_ddr_phy/u_ddrphy_top/u_ddrphy_clk/ioclk[1]$u_ioclk_1, location = x0y19z1.
PHY-1001 :   Placed ioclk instance u_ph1p35_324_ddr_wrapper/u_ddr2/ph1p_ddrmc_wrapper/ph1p_ddrmc_top/u_ddr_phy/u_ddrphy_top/u_ddrphy_clk/ioclk[1]$u_ioclk_0, location = x0y19z0.
PHY-1001 : Processing 2 clock pins of DDR instance u_ph1p35_324_ddr_wrapper/u_ddr2/ph1p_ddrmc_wrapper/ph1p_ddrmc_top/u_ddr_phy/u_ddrphy_top/u_ddrphy/dx_byte[1]$dx_byte_used$u_ddrphy_dx_byte_wrapper/u_ddrphy_byte, location = x0y10z0.
PHY-1001 :   Placed ioclk instance u_ph1p35_324_ddr_wrapper/u_ddr2/ph1p_ddrmc_wrapper/ph1p_ddrmc_top/u_ddr_phy/u_ddrphy_top/u_ddrphy_clk/ioclk[1]$u_ioclk_1, location = x0y19z1.
PHY-1001 :   Placed ioclk instance u_ph1p35_324_ddr_wrapper/u_ddr2/ph1p_ddrmc_wrapper/ph1p_ddrmc_top/u_ddr_phy/u_ddrphy_top/u_ddrphy_clk/ioclk[1]$u_ioclk_0, location = x0y19z0.
PHY-3001 : Target density is 60%
PHY-3001 : Target density is 60%
PHY-3001 : Initial: Len = 1.81979e+06, Over = 0
PHY-1001 : Stage 4.1 | Spreading
PHY-3001 : Design contains 191 ce signals.
PHY-3001 : Spreading for sector grids.
PHY-3001 : Iter 1, total overflow: 0
PHY-3001 : tot_capacity: 24, usage_cnt: 11, movable_cnt: 16
PHY-3001 : Spreading for clock grids.
PHY-3001 : clock grid count for 24 x 4 grids
PHY-3001 : Spreading for plb grids.
PHY-3001 : total displace: 0, max displace: 0.
PHY-3001 : End spreading;  0.352575s wall, 0.328125s user + 0.031250s system = 0.359375s CPU (101.9%)

PHY-1001 : End Stage 4.1 | Spreading; Time: 0.352694s wall, 0.328125s user + 0.031250s system = 0.359375s CPU (101.9%); Memory(MB): used = 1349, reserved = 1345, peak = 1349;

PHY-3001 : Final: Len = 1.81979e+06, Over = 0
PHY-3001 : End incremental legalization;  0.707482s wall, 0.671875s user + 0.031250s system = 0.703125s CPU (99.4%)

RUN-1002 : start command "report_qor -step place -file place.qor"
RUN-1002 : start command "start_timer"
RUN-1003 : finish command "start_timer" in  2.431717s wall, 2.375000s user + 0.000000s system = 2.375000s CPU (97.7%)

RUN-1004 : used memory is 1349 MB, reserved memory is 1345 MB, peak memory is 1349 MB
RUN-1001 : Generating global routing grids ...
-----------------------------------------------------------
| QoR metrics               |         value               |
-----------------------------------------------------------
| Timing                    |                             |
|     Setup WNS             |         2620                |
|     Setup TNS             |            0                |
|     Num of violated S-EP  |            0                |
|     FMAX                  |   815.661MHz                |
|     SWNS path clock period |       3846ps                |
|     Hold WNS              |         -284                |
|     Hold TNS              |       -69833                |
|     Num of violated H-EP  |          528                |
-----------------------------------------------------------
| Routing Resource          |                             |
|     Wire length           |      1814067                |
|     Route Net Num         |        28637                |
|     DontRoute Net Num     |        10732                |
|     RouteSinks Num        |        89732                |
-----------------------------------------------------------
| Utilization               |                             |
|     #slices               |        16397                |
|     slices percentage     |       77.29%                |
|     #RAMs                 |           48                |
|     #DSPs                 |            8                |
|     #DRAMHARDCON          |           37                |
-----------------------------------------------------------
| Congestion                |                             |
|     Top 1% tile util      |           75                |
|     Top 1% tile avg util  |       81.13%                |
|     Over 100% util #tile  |            0                |
|     Max level             |            1                |
|     Window                |  [ 12  29] - [ 12  32]      |
-----------------------------------------------------------
Report place stage QoR done.

RUN-1003 : finish command "report_qor -step place -file place.qor" in  5.545673s wall, 5.718750s user + 0.015625s system = 5.734375s CPU (103.4%)

RUN-1004 : used memory is 1349 MB, reserved memory is 1345 MB, peak memory is 1349 MB
PHY-1001 : End Stage 4 | Optimize Design; Time: 6.275449s wall, 6.406250s user + 0.046875s system = 6.453125s CPU (102.8%); Memory(MB): used = 1349, reserved = 1345, peak = 1349;

PHY-1001 : Stage 5 | DRC Check
PHY-1001 : Stage 5.1 | Slice Attributes Check
PHY-1035 : Redundant attributes/nets in slice detected. You can use tcl "check_slice_attr -verbose" to get full message.
PHY-1039 : Found 112 mslices getting no used reg attributes, eg: u_hdmi_tx/u_hdmi_1_4b_transmitter_core_wrapper/u_hdmi_tx_controller_wrapper/u_hdmi_video_data_assemble/S_island_guard_band_1d_syn_10.
PHY-1039 : Found 112 mslices getting no used ce attributes, eg: u_hdmi_tx/u_hdmi_1_4b_transmitter_core_wrapper/u_hdmi_tx_controller_wrapper/u_hdmi_video_data_assemble/S_island_guard_band_1d_syn_10.
PHY-1001 : End Stage 5.1 | Slice Attributes Check; Time: 0.057808s wall, 0.046875s user + 0.000000s system = 0.046875s CPU (81.1%); Memory(MB): used = 1349, reserved = 1345, peak = 1349;

PHY-1001 : Stage 5.2 | Clock Bound Check
PHY-1001 : Check pass.
PHY-1001 : End Stage 5.2 | Clock Bound Check; Time: 0.004108s wall, 0.015625s user + 0.000000s system = 0.015625s CPU (380.3%); Memory(MB): used = 1349, reserved = 1345, peak = 1349;

PHY-1001 : Stage 5.3 | Force Route Constraint Check
PHY-1001 : Check Pass.
PHY-1001 : End Stage 5.3 | Force Route Constraint Check; Time: 0.004199s wall, 0.000000s user + 0.000000s system = 0.000000s CPU (n/a%); Memory(MB): used = 1349, reserved = 1345, peak = 1349;

PHY-1001 : Stage 5.4 | Sigmap Check
PHY-1001 : Check pass.
PHY-1001 : End Stage 5.4 | Sigmap Check; Time: 0.093249s wall, 0.093750s user + 0.000000s system = 0.093750s CPU (100.5%); Memory(MB): used = 1349, reserved = 1345, peak = 1349;

PHY-1001 : Stage 5.5 | Duplicated SelfDriven Check
PHY-1001 : Check pass.
PHY-1001 : End Stage 5.5 | Duplicated SelfDriven Check; Time: 0.513473s wall, 0.515625s user + 0.000000s system = 0.515625s CPU (100.4%); Memory(MB): used = 1349, reserved = 1345, peak = 1349;

PHY-1001 : Stage 5.6 | Clock Rule Check
PHY-5088 WARNING: Clock_Analyzer: Detected 1 buffer(s) clkout net because they drive non-clock sinks. Run "analyze_clock -detail" for more infomation.
PHY-5088 WARNING: Clock_Analyzer: 2 clock-net(s) because they drive other clock net, may cause clock skew. Run "analyze_clock -detail" for more infomation.
PHY-1001 : End Stage 5.6 | Clock Rule Check; Time: 0.091097s wall, 0.093750s user + 0.000000s system = 0.093750s CPU (102.9%); Memory(MB): used = 1349, reserved = 1345, peak = 1349;

PHY-1001 : End Stage 5 | DRC Check; Time: 0.851187s wall, 0.859375s user + 0.000000s system = 0.859375s CPU (101.0%); Memory(MB): used = 1349, reserved = 1345, peak = 1349;

OPT-1001 : QoR tracer report on placement steps:
    SWNS [   incr ]    STNS [   incr ]    FEPS [   incr ]    CRIT [   incr ]      CELL [     incr ]        WL [     incr ]    CONG [   incr ]    PDES [   incr ]   RT(s) [   incr ]   MEM(mb) [     incr ]
       0 [      0 ]       0 [      0 ]       0 [      0 ]       0 [      0 ]     34831 [        0 ]         0 [        0 ]    0.00 [   0.00 ]       0 [      0 ]       0 [      0 ]       564 [        0 ] : preplace:simplify_lut
       0 [      0 ]       0 [      0 ]       0 [      0 ]       0 [      0 ]     34831 [        0 ]         0 [        0 ]    0.00 [   0.00 ]       0 [      0 ]       0 [      0 ]       564 [        0 ] : preplace:sweep
       0 [      0 ]       0 [      0 ]       0 [      0 ]       0 [      0 ]     34831 [        0 ]         0 [        0 ]    0.00 [   0.00 ]       0 [      0 ]       0 [      0 ]       564 [        0 ] : preplace:lut_merge
       0 [      0 ]       0 [      0 ]       0 [      0 ]       0 [      0 ]     34831 [        0 ]         0 [        0 ]    0.00 [   0.00 ]       0 [      0 ]       0 [      0 ]       564 [        0 ] : preplace:hfn_opt
    2272 [   2272 ]       0 [      0 ]       0 [      0 ]    4235 [   4235 ]     36616 [     1785 ]   2216908 [  2216908 ]    0.00 [   0.00 ]       0 [      0 ]      16 [     16 ]      1066 [      502 ] : step1_gp
    2272 [      0 ]       0 [      0 ]       0 [      0 ]    4205 [    -30 ]     36616 [        0 ]   2241618 [    24710 ]    0.00 [   0.00 ]       0 [      0 ]      18 [      2 ]      1072 [        6 ] : step1_legal
    2272 [      0 ]       0 [      0 ]       0 [      0 ]    4224 [     19 ]     36616 [        0 ]   2182175 [   -59443 ]    0.00 [   0.00 ]       0 [      0 ]      21 [      3 ]      1075 [        3 ] : step1_dp
    1824 [   -448 ]       0 [      0 ]       0 [      0 ]    4371 [    147 ]     36616 [        0 ]   1709931 [  -472244 ]  169.16 [ 169.16 ]       0 [      0 ]      27 [      6 ]      1171 [       96 ] : step2_gp
    1824 [      0 ]       0 [      0 ]       0 [      0 ]    4376 [      5 ]     36616 [        0 ]   1708408 [    -1523 ]  169.16 [   0.00 ]       0 [      0 ]      29 [      2 ]      1173 [        2 ] : step2_dp
    1824 [      0 ]       0 [      0 ]       0 [      0 ]    4376 [      0 ]     36616 [        0 ]   1708408 [        0 ]  169.16 [   0.00 ]       0 [      0 ]      29 [      0 ]      1173 [        0 ] : prepack_spreading
    2262 [    438 ]       0 [      0 ]       0 [      0 ]    4435 [     59 ]     36721 [      105 ]   1557111 [  -151297 ]  178.84 [   9.68 ]       0 [      0 ]      40 [     11 ]      1185 [       12 ] : prepack:hfn_opt
    2267 [      5 ]       0 [      0 ]       0 [      0 ]    4439 [      4 ]     36721 [        0 ]   1562428 [     5317 ]   94.13 [ -84.71 ]       0 [      0 ]      45 [      5 ]      1185 [        0 ] : prepack:global_opt
    1784 [   -483 ]       0 [      0 ]       0 [      0 ]    4659 [    220 ]     18354 [   -18367 ]   1960573 [   398145 ]   92.16 [  -1.97 ]       0 [      0 ]      85 [     40 ]      1325 [      140 ] : direct_legalization
    1784 [      0 ]       0 [      0 ]       0 [      0 ]    4659 [      0 ]     18354 [        0 ]   1960573 [        0 ]   92.16 [   0.00 ]       0 [      0 ]      85 [      0 ]      1334 [        9 ] : post_pack_spreading
    2211 [    427 ]       0 [      0 ]       0 [      0 ]    4798 [    139 ]     18354 [        0 ]   1748216 [  -212357 ]   85.03 [  -7.13 ]       0 [      0 ]     113 [     28 ]      1348 [       14 ] : post_pack_dp
    2211 [      0 ]       0 [      0 ]       0 [      0 ]    4798 [      0 ]     18337 [      -17 ]   1742681 [    -5535 ]   85.03 [   0.00 ]       0 [      0 ]     122 [      9 ]      1348 [        0 ] : postpack:optimize_equivalent_quick
    2211 [      0 ]       0 [      0 ]       0 [      0 ]    4802 [      4 ]     18397 [       60 ]   1753313 [    10632 ]   85.03 [   0.00 ]       0 [      0 ]     126 [      4 ]      1348 [        0 ] : postpack:hfn_opt
    2620 [    409 ]       0 [      0 ]       0 [      0 ]    4804 [      2 ]     18408 [       11 ]   1759761 [     6448 ]   81.87 [  -3.16 ]       0 [      0 ]     131 [      5 ]      1349 [        1 ] : postpack:path_opt
    2620 [      0 ]       0 [      0 ]       0 [      0 ]    4804 [      0 ]     18388 [      -20 ]   1753278 [    -6483 ]   81.87 [   0.00 ]       0 [      0 ]     140 [      9 ]      1349 [        0 ] : postpack:optimize_equivalent
    2620 [      0 ]       0 [      0 ]       0 [      0 ]    5056 [    252 ]     18388 [        0 ]   1753278 [        0 ]   81.87 [   0.00 ]       0 [      0 ]     143 [      3 ]      1349 [        0 ] : postpack:pin_opt
    2620 [      0 ]       0 [      0 ]       0 [      0 ]    5032 [    -24 ]     18388 [        0 ]   1797843 [    44565 ]   81.87 [   0.00 ]       0 [      0 ]     163 [     20 ]      1349 [        0 ] : postpack:beeline_opt

RUN-1003 : finish command "place" in  172.908612s wall, 450.437500s user + 5.687500s system = 456.125000s CPU (263.8%)

RUN-1004 : used memory is 1349 MB, reserved memory is 1345 MB, peak memory is 1349 MB
RUN-1002 : start command "update_timing -mode manhattan"
RUN-1002 : start command "start_timer"
RUN-1003 : finish command "start_timer" in  2.297027s wall, 2.250000s user + 0.000000s system = 2.250000s CPU (98.0%)

RUN-1004 : used memory is 1349 MB, reserved memory is 1345 MB, peak memory is 1349 MB
RUN-1003 : finish command "update_timing -mode manhattan" in  4.463354s wall, 4.312500s user + 0.015625s system = 4.328125s CPU (97.0%)

RUN-1004 : used memory is 1349 MB, reserved memory is 1345 MB, peak memory is 1349 MB
RUN-1002 : start command "report_timing_summary -file camera_to_dsi_display_place.timing"
RUN-1002 : start command "report_area -io_info -file camera_to_dsi_display_phy.area"
SYN-4034 : The count of slices with lut is 9821.
SYN-4035 : The count of slices with lut+ripple is 3651.
RUN-1001 : standard
***Report Model: design_top_wrapper Device: PH1P35MDG324***

Design Statistics
#IO                        62   out of    160   38.75%
  #input                    8
  #output                  31
  #inout                   23
#lut6                   13880   out of  21216   65.42%
#reg                    17491
  #slice reg            17491   out of  42432   41.22%
  #pad reg                  0

Utilization Statistics
#slice                  16397   out of  21216   77.29%
  #used ram               408
    #dram lut             296
    #shifter lut          112
  #used logic           15989
    #with luts           9821
    #with adder          3651
    #reg only            2517
#f7mux                      1   out of  10608    0.01%
#f8mux                      0   out of   5304    0.00%
#eram                      48   out of    108   44.44%
  #eram20k                 48
  #fifo20k                  0
#dsp                        8   out of     40   20.00%
#ddr_byte                   6   out of     12   50.00%
#mipi_tx                    0   out of      2    0.00%
#mipi_rx                    1   out of      2   50.00%
#pad                       21   out of    160   13.12%
#pll                        3   out of      6   50.00%
#gclk                       8   out of     32   25.00%
#lclk                       0   out of     12    0.00%
#sclk                       0   out of     48    0.00%
#mlclk                      2   out of      6   33.33%
#ioclk                      4   out of     18   22.22%

RUN-1002 : start command "flow_status -file place_flow.status"
Location         : D:\BaiduNetdiskDownload\HX1P35A_Contest_202606\FPGA_Component_Inspector\tmp\edge_diagnostic_td_20261007\td_project\camera_to_dsi_display_Runs\phy_1
Running with     : Tang Dynasty v6.2.168116
                   Copyright (c) 2012-2025 Anlogic Inc.
Top Model        : design_top_wrapper
Device           : PH1P35MDG324
Speed            : 3

Timing Mode      : manhattan
Setup            : WNS  2620ps  TNS        0ps  NUM_FEPS     0
Hold             : WNS  -284ps  TNS   -69833ps  NUM_FEPS   528

Flow Statistics  :
RUN-1001 : Flow Statistics:
RUN-1001 : ---------------------------------------------------------------------------------------------------
RUN-1001 :      command     |  #calls  |  wall time   |  cpu time(s)  |  used memory(mb)  |  peak memory(mb)  
RUN-1001 : ---------------------------------------------------------------------------------------------------
RUN-1001 :       place      |    1     |  2m52s(98%)  |   455(99%)    |       1349        |       1349        
RUN-1001 :   import_device  |    1     |    2s(1%)    |     2(0%)     |        323        |        323        
RUN-1001 :     import_db    |    1     |    1s(0%)    |     0(0%)     |        562        |        562        
RUN-1001 : ---------------------------------------------------------------------------------------------------
RUN-1001 :       total      |    3     |    2m55s     |      457      |       1349        |       1349        
RUN-1001 : ---------------------------------------------------------------------------------------------------
RUN-1002 : start command "report_clock_utilization -file place_clock_utilization.txt"
RUN-1002 : start command "export_db camera_to_dsi_display_place.db"
RUN-1001 : Exported flow parameters
RUN-1001 : Exported /
RUN-1001 : Exported libs
RUN-1001 : Exported entities
RUN-1001 : Exported ports
RUN-1001 : Exported pins
RUN-1001 : Exported instances
RUN-1001 : Exported nets
RUN-1001 : Exported buses
RUN-1001 : Exported models
RUN-1001 : Exported phy database
RUN-1001 : Exported packer
RUN-1001 : Exported congestions
RUN-1001 : Exported violations
RUN-1001 : Exported ATMR Setting
RUN-1001 : Exported timing constraints
RUN-1001 : Exported IO constraints
RUN-1001 : Exported Inst constraints
RUN-1001 : Exported ChipWatcher
RUN-1002 : start command "commit_param -step route"
RUN-1001 : Print Global Property
RUN-1001 : -------------------------------------------------------------
RUN-1001 :     Parameters    |   Settings   |  Default Values  |  Note  
RUN-1001 : -------------------------------------------------------------
RUN-1001 :    enable_seed    |     off      |       off        |        
RUN-1001 :    hfn_to_clock   |  1000000000  |    1000000000    |        
RUN-1001 :      message      |   standard   |     standard     |        
RUN-1001 :    qor_monitor    |      on      |        on        |        
RUN-1001 :   speedup_effort  |      0       |        0         |        
RUN-1001 :    syn_ip_flow    |     off      |       off        |        
RUN-1001 :       thread      |     auto     |       auto       |        
RUN-1001 : -------------------------------------------------------------
RUN-1001 : Print Route Property
RUN-1001 : ---------------------------------------------------------------
RUN-1001 :       Parameters      |  Settings  |  Default Values  |  Note  
RUN-1001 : ---------------------------------------------------------------
RUN-1001 :         effort        |   normal   |      normal      |        
RUN-1001 :        fix_hold       |     on     |        on        |        
RUN-1001 :   hold_fix_iteration  |     5      |        5         |        
RUN-1001 :     post_route_opt    |    auto    |       auto       |        
RUN-1001 :         timing        |     on     |        on        |        
RUN-1001 : ---------------------------------------------------------------
RUN-1002 : start command "route"
RUN-1001 : Open license file D:/AAA/FPGA.....YZW/license/Anlogic.lic
PHY-1001 : Reconnected 29 VDD pins with routing demanding
PHY-1001 : Populate physical database on model design_top_wrapper.
RUN-1001 : Dedicate pll clock connection statistics:
RUN-1001 : Clock Region s_1_l [0,40][23,79]; Utilization: 1 out of 12
RUN-1001 : ----------------------------------------------------------------------------------------------------------------------------------------------------------------------------------------------------------------------------------
RUN-1001 :   Index  |                                    Leading Clock                                     |                                                          Special Sink                                                           
RUN-1001 : ----------------------------------------------------------------------------------------------------------------------------------------------------------------------------------------------------------------------------------
RUN-1001 :     1    |  u_ph1p35_324_ddr_wrapper/u_ddr2/ph1p_ddrmc_wrapper/ph1p_ddrmc_top/u_alc_mc_top/clk  |  u_ph1p35_324_ddr_wrapper/u_ddr2/ph1p_ddrmc_wrapper/ph1p_ddrmc_top/u_ddr_phy/u_ddrphy_top/u_ddrphy_clk/u_pll1/u_pll_inst.fbclk  
RUN-1001 : ----------------------------------------------------------------------------------------------------------------------------------------------------------------------------------------------------------------------------------
RUN-1001 : Clock Region s_1_r [24,40][43,79]; Utilization: 1 out of 12
RUN-1001 : -----------------------------------------------------------------------------------------------------------------------------------------------------------------------
RUN-1001 :   Index  |                                     Leading Clock                                     |                            Special Sink                             
RUN-1001 : -----------------------------------------------------------------------------------------------------------------------------------------------------------------------
RUN-1001 :     1    |  u_mipi_dphy_rx_ph1p_mipiio_wrapper/u_ph1p_mipiio_rx_wrapper/u_lane0_hs_detect/I_clk  |  u_PLL/ph1p_phy_pll_wrapper_25a56e5ce2f9_Inst/u_PH1P_PHY_PLL.fbclk  
RUN-1001 : -----------------------------------------------------------------------------------------------------------------------------------------------------------------------
PHY-1001 : Working orders of clock nets being processed in bank assignment:
PHY-1001 : u_ph1p35_324_ddr_wrapper/u_ddr2/ph1p_ddrmc_wrapper/ph1p_ddrmc_top/u_alc_mc_top/clk;
PHY-1001 : u_mipi_dphy_rx_ph1p_mipiio_wrapper/u_ph1p_mipiio_rx_wrapper/u_lane0_hs_detect/I_clk;
PHY-1001 : u_isp_top/u_demosaic/raw_matrix_3x3_buffer_d/zhenghe_d/blk_mem_gen_zhenghe_d1/ram_d32970204f32_Inst/clkb;
PHY-1001 : u_experiment_osd/clk_syn_652;
PHY-1001 : I_sys_clk_syn_8;
PHY-1001 : O_cam_24m_syn_3;
PHY-1001 : u_hdmi_tx/u_hdmi2phy_wrapper/u0_lane_lvds_8_1/I_serial_clk_syn_1;
PHY-1001 : u_ph1p35_324_ddr_wrapper/u_ddr2/ph1p_ddrmc_wrapper/ph1p_ddrmc_top/u_ddr_phy/u_ddrphy_top/u_ddrphy/apb_pclk_syn_1;
PHY-1001 : Internal bound Intnl_0_0_25_40 is being created by clock u_ph1p35_324_ddr_wrapper/u_ddr2/usr_clk through SCLK.
PHY-1001 : Internal bound Intnl_25_0_23_40 is being created by clock MIPI_RX_BYTE_CLK through SCLK.
PHY-1001 : Internal bound Intnl_0_40_25_40 is being created by clock u_ph1p35_324_ddr_wrapper/u_ddr2/usr_clk through SCLK.
PHY-1001 : Internal bound Intnl_25_40_19_40 is being created by clock MIPI_RX_BYTE_CLK through SCLK.
RUN-1001 : Clock region assignment statistics:
RUN-1001 : Clock Region s_0_l [0,0][23,39]; Utilization: 6 out of 12
RUN-1001 : ----------------------------------------------------------------------------------------------------------------------------------------------------------------------------------------------------------------------------------------------------------------------------------------------------------------------------------------
RUN-1001 :   Bank  |                                                   Leading Clock                                                    |       Type        |                                                                          Buffer                                                                           |  Regional Clock Fanouts  
RUN-1001 : ----------------------------------------------------------------------------------------------------------------------------------------------------------------------------------------------------------------------------------------------------------------------------------------------------------------------------------------
RUN-1001 :    1    |                 u_ph1p35_324_ddr_wrapper/u_ddr2/ph1p_ddrmc_wrapper/ph1p_ddrmc_top/u_alc_mc_top/clk                 |  (infered sclk)   |   u_ph1p35_324_ddr_wrapper/u_ddr2/ph1p_ddrmc_wrapper/ph1p_ddrmc_top/u_ddr_phy/u_ddrphy_top/u_ddrphy_clk/u_pll1/u_bufg_fbclk_auto_created_sclk_s_0_l_bk1   |           1128           
RUN-1001 :    2    |      u_isp_top/u_demosaic/raw_matrix_3x3_buffer_d/zhenghe_d/blk_mem_gen_zhenghe_d1/ram_d32970204f32_Inst/clkb      |  (infered sclk)   |                           u_mipi_dphy_rx_ph1p_mipiio_wrapper/u_ph1p_mipiio_rx_wrapper/bufg_feedback_auto_created_sclk_s_0_l_bk2                           |           992            
RUN-1001 :    3    |                                            u_experiment_osd/clk_syn_652                                            |  (infered sclk)   |                                             u_experiment_osd/clk_created_gclkinst_auto_created_sclk_s_0_l_bk3                                             |           726            
RUN-1001 :    4    |                                                  I_sys_clk_syn_8                                                   |  (infered sclk)   |                                               I_sys_clk_dup_6_created_gclkinst_auto_created_sclk_s_0_l_bk4                                                |           295            
RUN-1001 :    5    |  u_ph1p35_324_ddr_wrapper/u_ddr2/ph1p_ddrmc_wrapper/ph1p_ddrmc_top/u_ddr_phy/u_ddrphy_top/u_ddrphy/apb_pclk_syn_1  |  (infered sclk)   |  u_ph1p35_324_ddr_wrapper/u_ddr2/ph1p_ddrmc_wrapper/ph1p_ddrmc_top/u_ddr_phy/u_ddrphy_top/u_ddrphy/apb_pclk_created_gclkinst_auto_created_sclk_s_0_l_bk5  |            18            
RUN-1001 :    6    |                                                  O_cam_24m_syn_3                                                   |  (infered sclk)   |                                               O_cam_24m_dup_1_created_gclkinst_auto_created_sclk_s_0_l_bk6                                                |            17            
RUN-1001 : ----------------------------------------------------------------------------------------------------------------------------------------------------------------------------------------------------------------------------------------------------------------------------------------------------------------------------------------
RUN-1001 : Clock Region s_0_r [24,0][47,39]; Utilization: 6 out of 12
RUN-1001 : --------------------------------------------------------------------------------------------------------------------------------------------------------------------------------------------------------------------------------------------------------------------------------
RUN-1001 :   Bank  |                                               Leading Clock                                                |       Type        |                                                  Buffer                                                   |  Regional Clock Fanouts  
RUN-1001 : --------------------------------------------------------------------------------------------------------------------------------------------------------------------------------------------------------------------------------------------------------------------------------
RUN-1001 :    1    |  u_isp_top/u_demosaic/raw_matrix_3x3_buffer_d/zhenghe_d/blk_mem_gen_zhenghe_d1/ram_d32970204f32_Inst/clkb  |  (infered sclk)   |   u_mipi_dphy_rx_ph1p_mipiio_wrapper/u_ph1p_mipiio_rx_wrapper/bufg_feedback_auto_created_sclk_s_0_r_bk1   |           1693           
RUN-1001 :    2    |                                        u_experiment_osd/clk_syn_652                                        |  (infered sclk)   |                     u_experiment_osd/clk_created_gclkinst_auto_created_sclk_s_0_r_bk2                     |           860            
RUN-1001 :    3    |                                              O_cam_24m_syn_3                                               |  (infered sclk)   |                       O_cam_24m_dup_1_created_gclkinst_auto_created_sclk_s_0_r_bk3                        |           197            
RUN-1001 :    4    |                                              I_sys_clk_syn_8                                               |  (infered sclk)   |                       I_sys_clk_dup_6_created_gclkinst_auto_created_sclk_s_0_r_bk4                        |            59            
RUN-1001 :    5    |                      u_hdmi_tx/u_hdmi2phy_wrapper/u0_lane_lvds_8_1/I_serial_clk_syn_1                      |  (infered sclk)   |  u_hdmi_tx/u_hdmi2phy_wrapper/u0_lane_lvds_8_1/I_serial_clk_created_gclkinst_auto_created_sclk_s_0_r_bk5  |            14            
RUN-1001 :    6    |            u_mipi_dphy_rx_ph1p_mipiio_wrapper/u_ph1p_mipiio_rx_wrapper/u_lane0_hs_detect/I_clk             |  (infered sclk)   |                              u_PLL/bufg_feedback_auto_created_sclk_s_0_r_bk6                              |            7             
RUN-1001 : --------------------------------------------------------------------------------------------------------------------------------------------------------------------------------------------------------------------------------------------------------------------------------
RUN-1001 : Clock Region s_1_l [0,40][23,79]; Utilization: 5 out of 12
RUN-1001 : ----------------------------------------------------------------------------------------------------------------------------------------------------------------------------------------------------------------------------------------------------------------------------------------------------------------------------------------
RUN-1001 :   Bank  |                                                   Leading Clock                                                    |       Type        |                                                                          Buffer                                                                           |  Regional Clock Fanouts  
RUN-1001 : ----------------------------------------------------------------------------------------------------------------------------------------------------------------------------------------------------------------------------------------------------------------------------------------------------------------------------------------
RUN-1001 :    1    |                 u_ph1p35_324_ddr_wrapper/u_ddr2/ph1p_ddrmc_wrapper/ph1p_ddrmc_top/u_alc_mc_top/clk                 |  (infered sclk)   |   u_ph1p35_324_ddr_wrapper/u_ddr2/ph1p_ddrmc_wrapper/ph1p_ddrmc_top/u_ddr_phy/u_ddrphy_top/u_ddrphy_clk/u_pll1/u_bufg_fbclk_auto_created_sclk_s_1_l_bk1   |           1031           
RUN-1001 :    2    |      u_isp_top/u_demosaic/raw_matrix_3x3_buffer_d/zhenghe_d/blk_mem_gen_zhenghe_d1/ram_d32970204f32_Inst/clkb      |  (infered sclk)   |                           u_mipi_dphy_rx_ph1p_mipiio_wrapper/u_ph1p_mipiio_rx_wrapper/bufg_feedback_auto_created_sclk_s_1_l_bk2                           |           1869           
RUN-1001 :    3    |                                                  I_sys_clk_syn_8                                                   |  (infered sclk)   |                                               I_sys_clk_dup_6_created_gclkinst_auto_created_sclk_s_1_l_bk3                                                |            20            
RUN-1001 :    4    |                                            u_experiment_osd/clk_syn_652                                            |  (infered sclk)   |                                             u_experiment_osd/clk_created_gclkinst_auto_created_sclk_s_1_l_bk4                                             |            18            
RUN-1001 :    5    |  u_ph1p35_324_ddr_wrapper/u_ddr2/ph1p_ddrmc_wrapper/ph1p_ddrmc_top/u_ddr_phy/u_ddrphy_top/u_ddrphy/apb_pclk_syn_1  |  (infered sclk)   |  u_ph1p35_324_ddr_wrapper/u_ddr2/ph1p_ddrmc_wrapper/ph1p_ddrmc_top/u_ddr_phy/u_ddrphy_top/u_ddrphy/apb_pclk_created_gclkinst_auto_created_sclk_s_1_l_bk5  |            10            
RUN-1001 : ----------------------------------------------------------------------------------------------------------------------------------------------------------------------------------------------------------------------------------------------------------------------------------------------------------------------------------------
RUN-1001 : Clock Region s_1_r [24,40][43,79]; Utilization: 5 out of 12
RUN-1001 : ------------------------------------------------------------------------------------------------------------------------------------------------------------------------------------------------------------------------------------------------------------------------------------------------------------------------------
RUN-1001 :   Bank  |                                               Leading Clock                                                |       Type        |                                                                         Buffer                                                                          |  Regional Clock Fanouts  
RUN-1001 : ------------------------------------------------------------------------------------------------------------------------------------------------------------------------------------------------------------------------------------------------------------------------------------------------------------------------------
RUN-1001 :    1    |            u_mipi_dphy_rx_ph1p_mipiio_wrapper/u_ph1p_mipiio_rx_wrapper/u_lane0_hs_detect/I_clk             |  (infered sclk)   |                                                     u_PLL/bufg_feedback_auto_created_sclk_s_1_r_bk1                                                     |            1             
RUN-1001 :    2    |  u_isp_top/u_demosaic/raw_matrix_3x3_buffer_d/zhenghe_d/blk_mem_gen_zhenghe_d1/ram_d32970204f32_Inst/clkb  |  (infered sclk)   |                          u_mipi_dphy_rx_ph1p_mipiio_wrapper/u_ph1p_mipiio_rx_wrapper/bufg_feedback_auto_created_sclk_s_1_r_bk2                          |           1568           
RUN-1001 :    3    |                                        u_experiment_osd/clk_syn_652                                        |  (infered sclk)   |                                            u_experiment_osd/clk_created_gclkinst_auto_created_sclk_s_1_r_bk3                                            |            66            
RUN-1001 :    4    |             u_ph1p35_324_ddr_wrapper/u_ddr2/ph1p_ddrmc_wrapper/ph1p_ddrmc_top/u_alc_mc_top/clk             |  (infered sclk)   |  u_ph1p35_324_ddr_wrapper/u_ddr2/ph1p_ddrmc_wrapper/ph1p_ddrmc_top/u_ddr_phy/u_ddrphy_top/u_ddrphy_clk/u_pll1/u_bufg_fbclk_auto_created_sclk_s_1_r_bk4  |            52            
RUN-1001 :    5    |                      u_hdmi_tx/u_hdmi2phy_wrapper/u0_lane_lvds_8_1/I_serial_clk_syn_1                      |  (infered sclk)   |                         u_hdmi_tx/u_hdmi2phy_wrapper/u0_lane_lvds_8_1/I_serial_clk_created_gclkinst_auto_created_sclk_s_1_r_bk5                         |            29            
RUN-1001 : ------------------------------------------------------------------------------------------------------------------------------------------------------------------------------------------------------------------------------------------------------------------------------------------------------------------------------
PHY-1001 : Populate physical database on model design_top_wrapper.
PHY-1001 : Route runs in 16 thread(s)
RUN-1001 : There are total 16985 instances
RUN-1001 : 408 mslices, 15989 lslices, 53 pads, 48 brams, 8 dsps
RUN-1001 : There are total 39763 nets
RUN-1001 : 25065 nets have 2 pins
RUN-1001 : 11708 nets have [3 - 5] pins
RUN-1001 : 2094 nets have [6 - 10] pins
RUN-1001 : 614 nets have [11 - 20] pins
RUN-1001 : 235 nets have [21 - 99] pins
RUN-1001 : 47 nets have 100+ pins
RUN-1002 : start command "start_timer"
RUN-1003 : finish command "start_timer" in  3.881869s wall, 3.734375s user + 0.062500s system = 3.796875s CPU (97.8%)

RUN-1004 : used memory is 1370 MB, reserved memory is 1474 MB, peak memory is 1370 MB
PHY-1001 : 408 mslices, 15989 lslices, 53 pads, 48 brams, 8 dsps

PHY-1001 : Stage 1 | Global Routing
PHY-1001 : Start global routing, caller is route ...
RUN-1001 : Generating global routing grids ...
PHY-1001 : Generate routing nets ...
RUN-1001 : Generate nets statistics:
RUN-1001 : ----------------------------
RUN-1001 :        Type       |  Nets   
RUN-1001 : ----------------------------
RUN-1001 :   TotalRouteNets  |  28659  
RUN-1001 :   DontRouteNets   |  5977   
RUN-1001 :     RouteNets     |  22682  
RUN-1001 :     RouteSinks    |  43676  
RUN-1001 : ----------------------------
PHY-1001 : Global iterations in 16 thread ...
PHY-1002 : len = 1.97746e+06, over cnt = 2525(3%), over = 5262, worst = 9
PHY-1002 : len = 2.05158e+06, over cnt = 1474(2%), over = 2502, worst = 9
PHY-1002 : len = 2.09618e+06, over cnt = 593(0%), over = 952, worst = 9
PHY-1002 : len = 2.13125e+06, over cnt = 0(0%), over = 0, worst = 0
PHY-1001 : End global iterations;  2.487903s wall, 3.281250s user + 0.031250s system = 3.312500s CPU (133.1%)

PHY-1001 : Congestion index:
PHY-1001 : top1  = 81.05(S 63.33, N 58.57, E 75.48, W 76.73, I 70.04, O 81.50)
PHY-1001 : top5  = 69.75(S 51.15, N 49.56, E 62.44, W 62.81, I 54.90, O 65.40)
PHY-1001 : top10 = 63.88(S 45.70, N 44.66, E 55.86, W 55.27, I 49.69, O 58.53)
PHY-1001 : top15 = 60.15(S 42.09, N 41.29, E 51.40, W 50.30, I 46.40, O 54.87)
PHY-1001 : End global routing;  3.039635s wall, 3.828125s user + 0.031250s system = 3.859375s CPU (127.0%)

PHY-1001 : End Stage 1 | Global Routing; Time: 3.039706s wall, 3.828125s user + 0.031250s system = 3.859375s CPU (127.0%); Memory(MB): used = 1402, reserved = 1474, peak = 1402;

PHY-1001 : Stage 2 | Detail Routing
PHY-1001 : Stage 2.1 | Build Routing Design
PHY-1001 : Routing in high effort: false
PHY-1001 : Routing Mode: normal
PHY-1001 : Generate detailed routing grids ...
RUN-1001 : Constructing routing connections ...
PHY-1001 : End build routing graph; 3.513265s wall, 20.906250s user + 0.109375s system = 21.015625s CPU (598.2%)

PHY-1001 : Generate nets ...
RUN-1001 : Generate nets statistics:
RUN-1001 : ------------------------------
RUN-1001 :         Type        |  Nets   
RUN-1001 : ------------------------------
RUN-1001 :        Route        |  29032  
RUN-1001 :      DontRoute      |  10731  
RUN-1001 :      RouteSinks     |  91641  
RUN-1001 :   RouteEntitySinks  |    0    
RUN-1001 :       Lut2Dff       |    0    
RUN-1001 :       Ram2Dff       |    0    
RUN-1001 :      Carry2Dff      |    0    
RUN-1001 : ------------------------------
RUN-1001 : DR clock net summary:
RUN-1001 : ---------------------------------------------------------------------------------------------------------------------------------------------------
RUN-1001 :   Net Idx  |                                                        Net Name                                                        |  Clock Type  
RUN-1001 : ---------------------------------------------------------------------------------------------------------------------------------------------------
RUN-1001 :      1     |                                                    I_sys_clk_dup_6                                                     |    Normal    
RUN-1001 :      2     |                                                    I_sys_clk_syn_8                                                     |    Normal    
RUN-1001 :      3     |                                                    O_cam_24m_dup_1                                                     |    Normal    
RUN-1001 :      4     |                                                    O_cam_24m_syn_3                                                     |    Normal    
RUN-1001 :      5     |                                                     u_PLL/clk0_buf                                                     |    Normal    
RUN-1001 :      6     |                                                  u_experiment_osd/clk                                                  |    Normal    
RUN-1001 :      7     |                                              u_experiment_osd/clk_syn_652                                              |    Normal    
RUN-1001 :      8     |                               u_hdmi_tx/u_hdmi2phy_wrapper/u0_lane_lvds_8_1/I_serial_clk                               |    Normal    
RUN-1001 :      9     |                            u_hdmi_tx/u_hdmi2phy_wrapper/u0_lane_lvds_8_1/I_serial_clk_syn_1                            |    Normal    
RUN-1001 :     10     |        u_isp_top/u_demosaic/raw_matrix_3x3_buffer_d/zhenghe_d/blk_mem_gen_zhenghe_d1/ram_d32970204f32_Inst/clkb        |    Normal    
RUN-1001 :     11     |                     u_mipi_dphy_rx_ph1p_mipiio_wrapper/u_ph1p_mipiio_rx_wrapper/S_mipiio_hs_rx_clk                     |    Normal    
RUN-1001 :     12     |                  u_mipi_dphy_rx_ph1p_mipiio_wrapper/u_ph1p_mipiio_rx_wrapper/u_lane0_hs_detect/I_clk                   |    Normal    
RUN-1001 :     13     |                   u_ph1p35_324_ddr_wrapper/u_ddr2/ph1p_ddrmc_wrapper/ph1p_ddrmc_top/u_alc_mc_top/clk                   |    Normal    
RUN-1001 :     14     |       u_ph1p35_324_ddr_wrapper/u_ddr2/ph1p_ddrmc_wrapper/ph1p_ddrmc_top/u_ddr_phy/u_ddrphy_top/u_ddrphy/apb_pclk       |    Normal    
RUN-1001 :     15     |    u_ph1p35_324_ddr_wrapper/u_ddr2/ph1p_ddrmc_wrapper/ph1p_ddrmc_top/u_ddr_phy/u_ddrphy_top/u_ddrphy/apb_pclk_syn_1    |    Normal    
RUN-1001 :     16     |      u_ph1p35_324_ddr_wrapper/u_ddr2/ph1p_ddrmc_wrapper/ph1p_ddrmc_top/u_ddr_phy/u_ddrphy_top/u_ddrphy/ctl_clk[0]      |    Normal    
RUN-1001 :     17     |      u_ph1p35_324_ddr_wrapper/u_ddr2/ph1p_ddrmc_wrapper/ph1p_ddrmc_top/u_ddr_phy/u_ddrphy_top/u_ddrphy/ctl_clk[1]      |    Normal    
RUN-1001 :     18     |      u_ph1p35_324_ddr_wrapper/u_ddr2/ph1p_ddrmc_wrapper/ph1p_ddrmc_top/u_ddr_phy/u_ddrphy_top/u_ddrphy/ddr_clk[0]      |    Normal    
RUN-1001 :     19     |      u_ph1p35_324_ddr_wrapper/u_ddr2/ph1p_ddrmc_wrapper/ph1p_ddrmc_top/u_ddr_phy/u_ddrphy_top/u_ddrphy/ddr_clk[1]      |    Normal    
RUN-1001 :     20     |    u_ph1p35_324_ddr_wrapper/u_ddr2/ph1p_ddrmc_wrapper/ph1p_ddrmc_top/u_ddr_phy/u_ddrphy_top/u_ddrphy_clk/pll0_clk_1    |    Normal    
RUN-1001 :     21     |    u_ph1p35_324_ddr_wrapper/u_ddr2/ph1p_ddrmc_wrapper/ph1p_ddrmc_top/u_ddr_phy/u_ddrphy_top/u_ddrphy_clk/pll0_clk_2    |    Normal    
RUN-1001 :     22     |   u_ph1p35_324_ddr_wrapper/u_ddr2/ph1p_ddrmc_wrapper/ph1p_ddrmc_top/u_ddr_phy/u_ddrphy_top/u_ddrphy_clk/pll0_mlclk_1   |    Normal    
RUN-1001 :     23     |   u_ph1p35_324_ddr_wrapper/u_ddr2/ph1p_ddrmc_wrapper/ph1p_ddrmc_top/u_ddr_phy/u_ddrphy_top/u_ddrphy_clk/pll0_mlclk_2   |    Normal    
RUN-1001 :     24     |  u_ph1p35_324_ddr_wrapper/u_ddr2/ph1p_ddrmc_wrapper/ph1p_ddrmc_top/u_ddr_phy/u_ddrphy_top/u_ddrphy_clk/u_pll1/clkc[0]  |    Normal    
RUN-1001 :     25     |  u_ph1p35_324_ddr_wrapper/u_ddr2/ph1p_ddrmc_wrapper/ph1p_ddrmc_top/u_ddr_phy/u_ddrphy_top/u_ddrphy_clk/u_pll1/refclk   |    Normal    
RUN-1001 : ---------------------------------------------------------------------------------------------------------------------------------------------------
RUN-1001 : DR clock buffer summary:
RUN-1001 : -------------------------------------------------------------------------------------------------------------------------------------------------------------------
RUN-1001 :   Idx  |                                                                           Name                                                                            
RUN-1001 : -------------------------------------------------------------------------------------------------------------------------------------------------------------------
RUN-1001 :    1   |   u_ph1p35_324_ddr_wrapper/u_ddr2/ph1p_ddrmc_wrapper/ph1p_ddrmc_top/u_ddr_phy/u_ddrphy_top/u_ddrphy_clk/u_pll1/u_bufg_fbclk_auto_created_sclk_s_0_l_bk1   
RUN-1001 :    2   |                           u_mipi_dphy_rx_ph1p_mipiio_wrapper/u_ph1p_mipiio_rx_wrapper/bufg_feedback_auto_created_sclk_s_0_l_bk2                           
RUN-1001 :    3   |                                             u_experiment_osd/clk_created_gclkinst_auto_created_sclk_s_0_l_bk3                                             
RUN-1001 :    4   |                                               I_sys_clk_dup_6_created_gclkinst_auto_created_sclk_s_0_l_bk4                                                
RUN-1001 :    5   |  u_ph1p35_324_ddr_wrapper/u_ddr2/ph1p_ddrmc_wrapper/ph1p_ddrmc_top/u_ddr_phy/u_ddrphy_top/u_ddrphy/apb_pclk_created_gclkinst_auto_created_sclk_s_0_l_bk5  
RUN-1001 :    6   |                                               O_cam_24m_dup_1_created_gclkinst_auto_created_sclk_s_0_l_bk6                                                
RUN-1001 :    7   |                           u_mipi_dphy_rx_ph1p_mipiio_wrapper/u_ph1p_mipiio_rx_wrapper/bufg_feedback_auto_created_sclk_s_0_r_bk1                           
RUN-1001 :    8   |                                             u_experiment_osd/clk_created_gclkinst_auto_created_sclk_s_0_r_bk2                                             
RUN-1001 :    9   |                                               O_cam_24m_dup_1_created_gclkinst_auto_created_sclk_s_0_r_bk3                                                
RUN-1001 :   10   |                                               I_sys_clk_dup_6_created_gclkinst_auto_created_sclk_s_0_r_bk4                                                
RUN-1001 :   11   |                          u_hdmi_tx/u_hdmi2phy_wrapper/u0_lane_lvds_8_1/I_serial_clk_created_gclkinst_auto_created_sclk_s_0_r_bk5                          
RUN-1001 :   12   |                                                      u_PLL/bufg_feedback_auto_created_sclk_s_0_r_bk6                                                      
RUN-1001 :   13   |   u_ph1p35_324_ddr_wrapper/u_ddr2/ph1p_ddrmc_wrapper/ph1p_ddrmc_top/u_ddr_phy/u_ddrphy_top/u_ddrphy_clk/u_pll1/u_bufg_fbclk_auto_created_sclk_s_1_l_bk1   
RUN-1001 :   14   |                           u_mipi_dphy_rx_ph1p_mipiio_wrapper/u_ph1p_mipiio_rx_wrapper/bufg_feedback_auto_created_sclk_s_1_l_bk2                           
RUN-1001 :   15   |                                               I_sys_clk_dup_6_created_gclkinst_auto_created_sclk_s_1_l_bk3                                                
RUN-1001 :   16   |                                             u_experiment_osd/clk_created_gclkinst_auto_created_sclk_s_1_l_bk4                                             
RUN-1001 :   17   |  u_ph1p35_324_ddr_wrapper/u_ddr2/ph1p_ddrmc_wrapper/ph1p_ddrmc_top/u_ddr_phy/u_ddrphy_top/u_ddrphy/apb_pclk_created_gclkinst_auto_created_sclk_s_1_l_bk5  
RUN-1001 :   18   |                                                      u_PLL/bufg_feedback_auto_created_sclk_s_1_r_bk1                                                      
RUN-1001 :   19   |                           u_mipi_dphy_rx_ph1p_mipiio_wrapper/u_ph1p_mipiio_rx_wrapper/bufg_feedback_auto_created_sclk_s_1_r_bk2                           
RUN-1001 :   20   |                                             u_experiment_osd/clk_created_gclkinst_auto_created_sclk_s_1_r_bk3                                             
RUN-1001 :   21   |   u_ph1p35_324_ddr_wrapper/u_ddr2/ph1p_ddrmc_wrapper/ph1p_ddrmc_top/u_ddr_phy/u_ddrphy_top/u_ddrphy_clk/u_pll1/u_bufg_fbclk_auto_created_sclk_s_1_r_bk4   
RUN-1001 :   22   |                          u_hdmi_tx/u_hdmi2phy_wrapper/u0_lane_lvds_8_1/I_serial_clk_created_gclkinst_auto_created_sclk_s_1_r_bk5                          
RUN-1001 : -------------------------------------------------------------------------------------------------------------------------------------------------------------------
PHY-1001 : End Stage 2.1 | Build Routing Design; Time: 4.111871s wall, 21.453125s user + 0.125000s system = 21.578125s CPU (524.8%); Memory(MB): used = 1734, reserved = 1725, peak = 1734;

RUN-1001 : Top Percentage Crit. Net Stat.
RUN-1001 : -------------------------------------------------------
RUN-1001 :   Top %  |  Net Count  |  Avg. Fanout  |  Avg. Slack   
RUN-1001 : -------------------------------------------------------
RUN-1001 :     1    |     397     |   3.745592    |  3475.750630  
RUN-1001 :     2    |     795     |   3.704403    |  3841.031447  
RUN-1001 :     3    |    1192     |   3.727349    |  4103.342282  
RUN-1001 :     4    |    1590     |   3.699371    |  4287.852201  
RUN-1001 :     5    |    1988     |   3.499497    |  4424.280181  
RUN-1001 :     6    |    2385     |   3.500210    |  4530.035639  
RUN-1001 :     7    |    2783     |   3.429393    |  4619.144089  
RUN-1001 :     8    |    3181     |   3.367494    |  4697.528765  
RUN-1001 :     9    |    3578     |   3.371157    |  4769.916993  
RUN-1001 :    10    |    3976     |   3.377767    |  4839.360664  
RUN-1001 : -------------------------------------------------------
PHY-1001 : Stage 2.2 | Tile Base Routing
PHY-1001 : 231 nets need to preroute.
PHY-1001 : len = 0, over cnt = 0(0%), over = 0, worst = 0, crit = 0
PHY-1001 : End Stage 2.2 | Tile Base Routing; Time: 0.694437s wall, 7.750000s user + 0.000000s system = 7.750000s CPU (1116.0%); Memory(MB): used = 1738, reserved = 1729, peak = 1738;

PHY-1001 : Stage 2.3 | Clock Nets Routing
PHY-1001 : Routed 0% nets.
PHY-1001 : len = 470000, over cnt = 0(0%), over = 0, worst = 0, crit = 0
PHY-1001 : End Stage 2.3 | Clock Nets Routing; Time: 0.418381s wall, 0.390625s user + 0.000000s system = 0.390625s CPU (93.4%); Memory(MB): used = 1754, reserved = 1744, peak = 1754;

PHY-1001 : Stage 2.4 | Routing Initialization
PHY-1001 : Mark 1% net(place mode slack < 3911ps) as critical nets.
PHY-1001 : Stage 2.4.1 | Normal Nets Routing
PHY-1001 : Routed 73% nets.
PHY-1001 : len = 3.48422e+06, over cnt = 18752(1%), over = 20107, worst = 4, crit = 0
PHY-1001 : End Stage 2.4.1 | Normal Nets Routing; Time: 12.460679s wall, 26.781250s user + 0.281250s system = 27.062500s CPU (217.2%); Memory(MB): used = 1829, reserved = 1820, peak = 1829;

PHY-1001 : Stage 2.4.2 | Update Timing
RUN-1002 : start command "start_timer"
USR-1002 : Derived clock:  create_generated_clock -name {u_PLL/ph1p_phy_pll_wrapper_25a56e5ce2f9_Inst/u_PH1P_PHY_PLL.clkc[0]} -source [get_ports {I_sys_clk}] -master_clock {sys_clk_50m} -multiply_by 2.0000 -duty_cycle 50.0000 [get_pins {u_PLL/ph1p_phy_pll_wrapper_25a56e5ce2f9_Inst/u_PH1P_PHY_PLL.clkc[0]}]
USR-1002 : Derived clock:  create_generated_clock -name {u_PLL/ph1p_phy_pll_wrapper_25a56e5ce2f9_Inst/u_PH1P_PHY_PLL.clkc[1]} -source [get_ports {I_sys_clk}] -master_clock {sys_clk_50m} -divide_by 2.0769 -duty_cycle 50.0000 [get_pins {u_PLL/ph1p_phy_pll_wrapper_25a56e5ce2f9_Inst/u_PH1P_PHY_PLL.clkc[1]}]
USR-1002 : Derived clock:  create_generated_clock -name {u_PLL/ph1p_phy_pll_wrapper_25a56e5ce2f9_Inst/u_PH1P_PHY_PLL.clkc[4]} -source [get_ports {I_sys_clk}] -master_clock {sys_clk_50m} -multiply_by 1.0400 -duty_cycle 50.0000 [get_pins {u_PLL/ph1p_phy_pll_wrapper_25a56e5ce2f9_Inst/u_PH1P_PHY_PLL.clkc[4]}]
USR-1002 : Derived clock:  create_generated_clock -name {u_PLL/ph1p_phy_pll_wrapper_25a56e5ce2f9_Inst/u_PH1P_PHY_PLL.clkc[5]} -source [get_ports {I_sys_clk}] -master_clock {sys_clk_50m} -multiply_by 5.2000 -duty_cycle 50.0000 [get_pins {u_PLL/ph1p_phy_pll_wrapper_25a56e5ce2f9_Inst/u_PH1P_PHY_PLL.clkc[5]}]
USR-1002 : Derived clock:  create_generated_clock -name {u_ph1p35_324_ddr_wrapper/u_ddr2/ph1p_ddrmc_wrapper/ph1p_ddrmc_top/u_ddr_phy/u_ddrphy_top/u_ddrphy_clk/u_pll0/u_pll_inst.clkc[0]} -source [get_ports {I_sys_clk}] -master_clock {sys_clk_50m} -multiply_by 1.3333 -duty_cycle 50.0000 [get_pins {u_ph1p35_324_ddr_wrapper/u_ddr2/ph1p_ddrmc_wrapper/ph1p_ddrmc_top/u_ddr_phy/u_ddrphy_top/u_ddrphy_clk/u_pll0/u_pll_inst.clkc[0]}]
USR-1002 : Derived clock:  create_generated_clock -name {u_ph1p35_324_ddr_wrapper/u_ddr2/ph1p_ddrmc_wrapper/ph1p_ddrmc_top/u_ddr_phy/u_ddrphy_top/u_ddrphy_clk/u_pll0/u_pll_inst.clkc[1]} -source [get_ports {I_sys_clk}] -master_clock {sys_clk_50m} -multiply_by 1.3333 -duty_cycle 50.0000 [get_pins {u_ph1p35_324_ddr_wrapper/u_ddr2/ph1p_ddrmc_wrapper/ph1p_ddrmc_top/u_ddr_phy/u_ddrphy_top/u_ddrphy_clk/u_pll0/u_pll_inst.clkc[1]}]
USR-1002 : Derived clock:  create_generated_clock -name {u_ph1p35_324_ddr_wrapper/u_ddr2/ph1p_ddrmc_wrapper/ph1p_ddrmc_top/u_ddr_phy/u_ddrphy_top/u_ddrphy_clk/u_pll0/u_pll_inst.clkc[2]} -source [get_ports {I_sys_clk}] -master_clock {sys_clk_50m} -multiply_by 5.3333 -duty_cycle 50.0000 [get_pins {u_ph1p35_324_ddr_wrapper/u_ddr2/ph1p_ddrmc_wrapper/ph1p_ddrmc_top/u_ddr_phy/u_ddrphy_top/u_ddrphy_clk/u_pll0/u_pll_inst.clkc[2]}]
USR-1002 : Derived clock:  create_generated_clock -name {u_ph1p35_324_ddr_wrapper/u_ddr2/ph1p_ddrmc_wrapper/ph1p_ddrmc_top/u_ddr_phy/u_ddrphy_top/u_ddrphy_clk/u_pll0/u_pll_inst.clkc[3]} -source [get_ports {I_sys_clk}] -master_clock {sys_clk_50m} -divide_by 1.9687 -duty_cycle 50.0000 [get_pins {u_ph1p35_324_ddr_wrapper/u_ddr2/ph1p_ddrmc_wrapper/ph1p_ddrmc_top/u_ddr_phy/u_ddrphy_top/u_ddrphy_clk/u_pll0/u_pll_inst.clkc[3]}]
USR-1002 : Derived clock:  create_generated_clock -name {u_ph1p35_324_ddr_wrapper/u_ddr2/ph1p_ddrmc_wrapper/ph1p_ddrmc_top/u_ddr_phy/u_ddrphy_top/u_ddrphy_clk/u_pll1/u_pll_inst.clkc[0]} -source [get_pins {u_ph1p35_324_ddr_wrapper/u_ddr2/ph1p_ddrmc_wrapper/ph1p_ddrmc_top/u_ddr_phy/u_ddrphy_top/u_ddrphy_clk/u_pll0/u_pll_inst.clkc[0]}] -master_clock {u_ph1p35_324_ddr_wrapper/u_ddr2/ph1p_ddrmc_wrapper/ph1p_ddrmc_top/u_ddr_phy/u_ddrphy_top/u_ddrphy_clk/u_pll0/u_pll_inst.clkc[0]} -multiply_by 1.0000 -duty_cycle 50.0000 [get_pins {u_ph1p35_324_ddr_wrapper/u_ddr2/ph1p_ddrmc_wrapper/ph1p_ddrmc_top/u_ddr_phy/u_ddrphy_top/u_ddrphy_clk/u_pll1/u_pll_inst.clkc[0]}]
8.888000
15.000000
15.000000
19.230000
RUN-1003 : finish command "start_timer" in  2.993686s wall, 2.953125s user + 0.000000s system = 2.953125s CPU (98.6%)

RUN-1004 : used memory is 1829 MB, reserved memory is 1820 MB, peak memory is 1829 MB
TMR-2502 : Net delay update with mode: Routed
PHY-1001 : 0/28659(0%) critical/total net(s).
PHY-1001 : Setup: WNS(ns) = 2.167, TNS(ns) = 0.000, FEP = 0 | Hold: WNS(ns) = -0.190, TNS(ns) = -10.607, FEP = 245.
PHY-1001 : End Stage 2.4.2 | Update Timing; Time: 8.906809s wall, 8.593750s user + 0.093750s system = 8.687500s CPU (97.5%); Memory(MB): used = 1964, reserved = 1964, peak = 1964;

PHY-1001 : Stage 2.4.3 | Deskew Clock Tree
RUN-1001 : Deskew Summary
RUN-1001 : ---------------------------------------------------------------------------------------------------------------------------------
RUN-1001 :                                                 Clock                                                 |  Pre-Skew  |  Post-Skew  
RUN-1001 : ---------------------------------------------------------------------------------------------------------------------------------
RUN-1001 :                                             mipi_rx_ck_pad                                            |     32     |     32      
RUN-1001 :   u_mipi_dphy_rx_ph1p_mipiio_wrapper/u_ph1p_mipiio_rx_wrapper/u_PH1P_LOGIC_DPHY_MIPI_RX.io_clk_pad_p  |     32     |     32      
RUN-1001 :                                            HDMI_SERIAL_CLK                                            |     14     |     14      
RUN-1001 :                                            MIPI_RX_BYTE_CLK                                           |     32     |     32      
RUN-1001 :                                              pll_clk_100m                                             |     20     |     20      
RUN-1001 :                                u_ph1p35_324_ddr_wrapper/u_ddr2/usr_clk                                |     12     |     12      
RUN-1001 :                                             HDMI_PIXEL_CLK                                            |     16     |     16      
RUN-1001 :                                              sys_clk_50m                                              |     11     |     11      
RUN-1001 :                                u_ph1p35_324_ddr_wrapper/u_ddr2/mcu_clk                                |     13     |     13      
RUN-1001 :                                              pll_clk_24m                                              |     4      |      4      
RUN-1001 : ---------------------------------------------------------------------------------------------------------------------------------
PHY-1001 : 0/28659(0%) critical/total net(s).
PHY-1001 : Setup: WNS(ns) = 2.167, TNS(ns) = 0.000, FEP = 0 | Hold: WNS(ns) = -0.190, TNS(ns) = -10.607, FEP = 245.
PHY-1001 : End Stage 2.4.3 | Deskew Clock Tree; Time: 6.428523s wall, 6.265625s user + 0.015625s system = 6.281250s CPU (97.7%); Memory(MB): used = 2009, reserved = 2007, peak = 2009;

PHY-1001 : End Stage 2.4 | Routing Initialization; Time: 27.945781s wall, 41.828125s user + 0.421875s system = 42.250000s CPU (151.2%); Memory(MB): used = 2009, reserved = 2007, peak = 2009;

PHY-1001 : Stage 2.5 | Routing Optimization
PHY-1001 : Build lut bridge;  0.197556s wall, 0.203125s user + 0.000000s system = 0.203125s CPU (102.8%)

PHY-1001 : Stage 2.5.1 | Phase 1
PHY-1001 : Stage 2.5.1.1 | Hold TimeOptimization
PHY-1001 : Iter 0; Processed 331 pins with HWNS -0.190ns HTNS -6.348ns FEP 138 took 0.761114 seconds.
PHY-1001 : Iter 1; Processed 495 pins with HWNS -0.027ns HTNS -0.027ns FEP 1 took 1.95101 seconds.
PHY-1001 : len = 3.52006e+06, over cnt = 18664(1%), over = 20022, worst = 4, crit = 0
PHY-1001 : End Stage 2.5.1.1 | Hold TimeOptimization; Time: 2.832028s wall, 2.875000s user + 0.031250s system = 2.906250s CPU (102.6%); Memory(MB): used = 2012, reserved = 2010, peak = 2012;

PHY-1001 : Stage 2.5.1.2 | High Fanout Nets Optimization
PHY-1001 : High fanout net optimize summary:
PHY-1001 : Process 0 nets and 0 pins with SWNS 2.167ns STNS 0.000ns FEP 0.
PHY-1001 : len = 3.52006e+06, over cnt = 18664(1%), over = 20022, worst = 4, crit = 0
PHY-1001 : End Stage 2.5.1.2 | High Fanout Nets Optimization; Time: 0.367675s wall, 0.562500s user + 0.000000s system = 0.562500s CPU (153.0%); Memory(MB): used = 2012, reserved = 2010, peak = 2012;

PHY-1001 : Stage 2.5.1.3 | Setup TimeOptimization
PHY-1001 : Mark 0 critical net(s) and 0 critical pin(s).
PHY-1001 : len = 3.52006e+06, over cnt = 18664(1%), over = 20022, worst = 4, crit = 0
PHY-1001 : End Stage 2.5.1.3 | Setup TimeOptimization; Time: 0.554469s wall, 0.578125s user + 0.000000s system = 0.578125s CPU (104.3%); Memory(MB): used = 2012, reserved = 2010, peak = 2012;

PHY-1001 : Stage 2.5.1.4 | Rip-up And ReRoute
PHY-0007 : Congestion: {84.40, 73.97, 68.85, 65.57}; Timing: {2.167ns, 0.000ns, 0}
PHY-1001 : Iter 1: len = 3.6441e+06, over cnt = 10173(0%), over = 10563, worst = 3, crit = 0, time(s) = 6.13
PHY-1001 : Iter 2: len = 3.69067e+06, over cnt = 6382(0%), over = 6498, worst = 3, crit = 0, time(s) = 3.88
PHY-1001 : Iter 3: len = 3.70757e+06, over cnt = 4844(0%), over = 4874, worst = 2, crit = 0, time(s) = 2.92
PHY-1001 : Iter 4: len = 3.77818e+06, over cnt = 2515(0%), over = 2521, worst = 2, crit = 0, time(s) = 5.49
PHY-1001 : Iter 5: len = 3.79565e+06, over cnt = 1913(0%), over = 1917, worst = 2, crit = 0, time(s) = 2.53
PHY-1001 : Iter 6: len = 3.80496e+06, over cnt = 1632(0%), over = 1635, worst = 2, crit = 0, time(s) = 1.98
PHY-1001 : Iter 7: len = 3.8081e+06, over cnt = 1529(0%), over = 1531, worst = 2, crit = 0, time(s) = 1.62
PHY-1001 : Marking 39 (1.02%) hot zones with cutoff utilization 81.08.
PHY-1001 : Iter 8: len = 3.87483e+06, over cnt = 449(0%), over = 449, worst = 1, crit = 0, time(s) = 1.61
PHY-1001 : Iter 9: len = 3.88421e+06, over cnt = 298(0%), over = 298, worst = 1, crit = 0, time(s) = 0.65
PHY-1001 : Iter 10: len = 3.90386e+06, over cnt = 142(0%), over = 142, worst = 1, crit = 0, time(s) = 0.54
PHY-1001 : Iter 11: len = 3.91208e+06, over cnt = 59(0%), over = 59, worst = 1, crit = 0, time(s) = 0.39
PHY-1001 : Iter 12: len = 3.91736e+06, over cnt = 9(0%), over = 9, worst = 1, crit = 0, time(s) = 0.43
PHY-1001 : Marking 39 (1.02%) hot zones with cutoff utilization 81.08.
PHY-1001 : Iter 13: len = 3.91795e+06, over cnt = 4(0%), over = 4, worst = 1, crit = 0, time(s) = 0.15
PHY-1001 : Iter 14: len = 3.91818e+06, over cnt = 3(0%), over = 3, worst = 1, crit = 0, time(s) = 0.10
PHY-1001 : Iter 15: len = 3.91834e+06, over cnt = 1(0%), over = 1, worst = 1, crit = 0, time(s) = 0.07
PHY-1001 : Iter 16: len = 3.9183e+06, over cnt = 0(0%), over = 0, worst = 0, crit = 0, time(s) = 0.06
PHY-1001 : Marking 39 (1.02%) hot zones with cutoff utilization 81.08.
PHY-1001 : Update congestion ...
PHY-1001 : Marking 39 (1.02%) hot zones with cutoff utilization 81.08.
PHY-1001 : Congestion index:
PHY-1001 : top1  = 86.28(S 71.12, N 66.18, E 81.96, W 84.67, I 70.04, O 81.50)
PHY-1001 : top5  = 79.15(S 62.28, N 60.21, E 73.09, W 75.43, I 54.90, O 65.40)
PHY-1001 : top10 = 74.55(S 57.93, N 56.90, E 67.66, W 70.27, I 49.69, O 58.53)
PHY-1001 : top15 = 71.50(S 55.13, N 54.31, E 63.86, W 66.49, I 46.40, O 54.87)
PHY-1001 : End update congestion; 0.021607s wall, 0.125000s user + 0.000000s system = 0.125000s CPU (578.5%)

PHY-1001 : End Stage 2.5.1.4 | Rip-up And ReRoute; Time: 28.814249s wall, 59.953125s user + 0.546875s system = 60.500000s CPU (210.0%); Memory(MB): used = 2012, reserved = 2010, peak = 2012;

PHY-1001 : Stage 2.5.1.5 | Update Timing
PHY-1001 : 0/28659(0%) critical/total net(s).
PHY-1001 : Setup: WNS(ns) = 0.858, TNS(ns) = 0.000, FEP = 0 | Hold: WNS(ns) = -0.142, TNS(ns) = -1.435, FEP = 34.
PHY-1001 : End Stage 2.5.1.5 | Update Timing; Time: 3.836095s wall, 3.671875s user + 0.062500s system = 3.734375s CPU (97.3%); Memory(MB): used = 2022, reserved = 2020, peak = 2022;

PHY-1001 : Stage 2.5.1.6 | Commit Data
PHY-1001 : Commit better result to database ...
PHY-1001 : End Stage 2.5.1.6 | Commit Data; Time: 0.192454s wall, 0.187500s user + 0.000000s system = 0.187500s CPU (97.4%); Memory(MB): used = 2043, reserved = 2044, peak = 2043;

PHY-1001 : End Stage 2.5.1 | Phase 1; Time: 37.361023s wall, 68.765625s user + 0.734375s system = 69.500000s CPU (186.0%); Memory(MB): used = 2043, reserved = 2044, peak = 2043;

PHY-1001 : End Stage 2.5 | Routing Optimization; Time: 44.362363s wall, 75.671875s user + 0.781250s system = 76.453125s CPU (172.3%); Memory(MB): used = 2043, reserved = 2044, peak = 2043;

PHY-1001 : Stage 2.6 | Multi-try route Optimization
PHY-1001 : End Stage 2.6 | Multi-try route Optimization; Time: 0.106111s wall, 0.109375s user + 0.000000s system = 0.109375s CPU (103.1%); Memory(MB): used = 2046, reserved = 2044, peak = 2046;

PHY-1003 : Routed, final wirelength = 3.9183e+06
RUN-1001 : Clock region assignment statistics:
RUN-1001 : Clock Region s_0_l [0,0][23,39]; Utilization: 6 out of 12
RUN-1001 : -----------------------------------------------------------------------------------------------------------------------------------------------------------------------------------------------------------------------------------------------------------------------------------------------------------------------------------------------------------------------------------------------------------------------------------------------------
RUN-1001 :   Bank  |                                                   Assigned Clock                                                   |                                                    Route Clock                                                     |  Marking  |                                                                          Buffer                                                                           |  Regional Clock Fanouts  
RUN-1001 : -----------------------------------------------------------------------------------------------------------------------------------------------------------------------------------------------------------------------------------------------------------------------------------------------------------------------------------------------------------------------------------------------------------------------------------------------------
RUN-1001 :    1    |                 u_ph1p35_324_ddr_wrapper/u_ddr2/ph1p_ddrmc_wrapper/ph1p_ddrmc_top/u_alc_mc_top/clk                 |                 u_ph1p35_324_ddr_wrapper/u_ddr2/ph1p_ddrmc_wrapper/ph1p_ddrmc_top/u_alc_mc_top/clk                 |           |   u_ph1p35_324_ddr_wrapper/u_ddr2/ph1p_ddrmc_wrapper/ph1p_ddrmc_top/u_ddr_phy/u_ddrphy_top/u_ddrphy_clk/u_pll1/u_bufg_fbclk_auto_created_sclk_s_0_l_bk1   |           1128           
RUN-1001 :    2    |      u_isp_top/u_demosaic/raw_matrix_3x3_buffer_d/zhenghe_d/blk_mem_gen_zhenghe_d1/ram_d32970204f32_Inst/clkb      |      u_isp_top/u_demosaic/raw_matrix_3x3_buffer_d/zhenghe_d/blk_mem_gen_zhenghe_d1/ram_d32970204f32_Inst/clkb      |           |                           u_mipi_dphy_rx_ph1p_mipiio_wrapper/u_ph1p_mipiio_rx_wrapper/bufg_feedback_auto_created_sclk_s_0_l_bk2                           |           992            
RUN-1001 :    3    |                                            u_experiment_osd/clk_syn_652                                            |                                            u_experiment_osd/clk_syn_652                                            |           |                                             u_experiment_osd/clk_created_gclkinst_auto_created_sclk_s_0_l_bk3                                             |           726            
RUN-1001 :    4    |                                                  I_sys_clk_syn_8                                                   |                                                  I_sys_clk_syn_8                                                   |           |                                               I_sys_clk_dup_6_created_gclkinst_auto_created_sclk_s_0_l_bk4                                                |           295            
RUN-1001 :    5    |  u_ph1p35_324_ddr_wrapper/u_ddr2/ph1p_ddrmc_wrapper/ph1p_ddrmc_top/u_ddr_phy/u_ddrphy_top/u_ddrphy/apb_pclk_syn_1  |  u_ph1p35_324_ddr_wrapper/u_ddr2/ph1p_ddrmc_wrapper/ph1p_ddrmc_top/u_ddr_phy/u_ddrphy_top/u_ddrphy/apb_pclk_syn_1  |           |  u_ph1p35_324_ddr_wrapper/u_ddr2/ph1p_ddrmc_wrapper/ph1p_ddrmc_top/u_ddr_phy/u_ddrphy_top/u_ddrphy/apb_pclk_created_gclkinst_auto_created_sclk_s_0_l_bk5  |            18            
RUN-1001 :    6    |                                                  O_cam_24m_syn_3                                                   |                                                  O_cam_24m_syn_3                                                   |           |                                               O_cam_24m_dup_1_created_gclkinst_auto_created_sclk_s_0_l_bk6                                                |            17            
RUN-1001 : -----------------------------------------------------------------------------------------------------------------------------------------------------------------------------------------------------------------------------------------------------------------------------------------------------------------------------------------------------------------------------------------------------------------------------------------------------
RUN-1001 : Clock Region s_0_r [24,0][47,39]; Utilization: 6 out of 12
RUN-1001 : -------------------------------------------------------------------------------------------------------------------------------------------------------------------------------------------------------------------------------------------------------------------------------------------------------------------------------------------------------------------------------------
RUN-1001 :   Bank  |                                               Assigned Clock                                               |                                                Route Clock                                                 |  Marking  |                                                  Buffer                                                   |  Regional Clock Fanouts  
RUN-1001 : -------------------------------------------------------------------------------------------------------------------------------------------------------------------------------------------------------------------------------------------------------------------------------------------------------------------------------------------------------------------------------------
RUN-1001 :    1    |  u_isp_top/u_demosaic/raw_matrix_3x3_buffer_d/zhenghe_d/blk_mem_gen_zhenghe_d1/ram_d32970204f32_Inst/clkb  |  u_isp_top/u_demosaic/raw_matrix_3x3_buffer_d/zhenghe_d/blk_mem_gen_zhenghe_d1/ram_d32970204f32_Inst/clkb  |           |   u_mipi_dphy_rx_ph1p_mipiio_wrapper/u_ph1p_mipiio_rx_wrapper/bufg_feedback_auto_created_sclk_s_0_r_bk1   |           1693           
RUN-1001 :    2    |                                        u_experiment_osd/clk_syn_652                                        |                                        u_experiment_osd/clk_syn_652                                        |           |                     u_experiment_osd/clk_created_gclkinst_auto_created_sclk_s_0_r_bk2                     |           860            
RUN-1001 :    3    |                                              O_cam_24m_syn_3                                               |                                              O_cam_24m_syn_3                                               |           |                       O_cam_24m_dup_1_created_gclkinst_auto_created_sclk_s_0_r_bk3                        |           197            
RUN-1001 :    4    |                                              I_sys_clk_syn_8                                               |                                              I_sys_clk_syn_8                                               |           |                       I_sys_clk_dup_6_created_gclkinst_auto_created_sclk_s_0_r_bk4                        |            59            
RUN-1001 :    5    |                      u_hdmi_tx/u_hdmi2phy_wrapper/u0_lane_lvds_8_1/I_serial_clk_syn_1                      |                      u_hdmi_tx/u_hdmi2phy_wrapper/u0_lane_lvds_8_1/I_serial_clk_syn_1                      |           |  u_hdmi_tx/u_hdmi2phy_wrapper/u0_lane_lvds_8_1/I_serial_clk_created_gclkinst_auto_created_sclk_s_0_r_bk5  |            14            
RUN-1001 :    6    |            u_mipi_dphy_rx_ph1p_mipiio_wrapper/u_ph1p_mipiio_rx_wrapper/u_lane0_hs_detect/I_clk             |            u_mipi_dphy_rx_ph1p_mipiio_wrapper/u_ph1p_mipiio_rx_wrapper/u_lane0_hs_detect/I_clk             |           |                              u_PLL/bufg_feedback_auto_created_sclk_s_0_r_bk6                              |            7             
RUN-1001 : -------------------------------------------------------------------------------------------------------------------------------------------------------------------------------------------------------------------------------------------------------------------------------------------------------------------------------------------------------------------------------------
RUN-1001 : Clock Region s_1_l [0,40][23,79]; Utilization: 5 out of 12
RUN-1001 : -----------------------------------------------------------------------------------------------------------------------------------------------------------------------------------------------------------------------------------------------------------------------------------------------------------------------------------------------------------------------------------------------------------------------------------------------------
RUN-1001 :   Bank  |                                                   Assigned Clock                                                   |                                                    Route Clock                                                     |  Marking  |                                                                          Buffer                                                                           |  Regional Clock Fanouts  
RUN-1001 : -----------------------------------------------------------------------------------------------------------------------------------------------------------------------------------------------------------------------------------------------------------------------------------------------------------------------------------------------------------------------------------------------------------------------------------------------------
RUN-1001 :    1    |                 u_ph1p35_324_ddr_wrapper/u_ddr2/ph1p_ddrmc_wrapper/ph1p_ddrmc_top/u_alc_mc_top/clk                 |                 u_ph1p35_324_ddr_wrapper/u_ddr2/ph1p_ddrmc_wrapper/ph1p_ddrmc_top/u_alc_mc_top/clk                 |           |   u_ph1p35_324_ddr_wrapper/u_ddr2/ph1p_ddrmc_wrapper/ph1p_ddrmc_top/u_ddr_phy/u_ddrphy_top/u_ddrphy_clk/u_pll1/u_bufg_fbclk_auto_created_sclk_s_1_l_bk1   |           1031           
RUN-1001 :    2    |      u_isp_top/u_demosaic/raw_matrix_3x3_buffer_d/zhenghe_d/blk_mem_gen_zhenghe_d1/ram_d32970204f32_Inst/clkb      |      u_isp_top/u_demosaic/raw_matrix_3x3_buffer_d/zhenghe_d/blk_mem_gen_zhenghe_d1/ram_d32970204f32_Inst/clkb      |           |                           u_mipi_dphy_rx_ph1p_mipiio_wrapper/u_ph1p_mipiio_rx_wrapper/bufg_feedback_auto_created_sclk_s_1_l_bk2                           |           1869           
RUN-1001 :    3    |                                                  I_sys_clk_syn_8                                                   |                                                  I_sys_clk_syn_8                                                   |           |                                               I_sys_clk_dup_6_created_gclkinst_auto_created_sclk_s_1_l_bk3                                                |            20            
RUN-1001 :    4    |                                            u_experiment_osd/clk_syn_652                                            |                                            u_experiment_osd/clk_syn_652                                            |           |                                             u_experiment_osd/clk_created_gclkinst_auto_created_sclk_s_1_l_bk4                                             |            18            
RUN-1001 :    5    |  u_ph1p35_324_ddr_wrapper/u_ddr2/ph1p_ddrmc_wrapper/ph1p_ddrmc_top/u_ddr_phy/u_ddrphy_top/u_ddrphy/apb_pclk_syn_1  |  u_ph1p35_324_ddr_wrapper/u_ddr2/ph1p_ddrmc_wrapper/ph1p_ddrmc_top/u_ddr_phy/u_ddrphy_top/u_ddrphy/apb_pclk_syn_1  |           |  u_ph1p35_324_ddr_wrapper/u_ddr2/ph1p_ddrmc_wrapper/ph1p_ddrmc_top/u_ddr_phy/u_ddrphy_top/u_ddrphy/apb_pclk_created_gclkinst_auto_created_sclk_s_1_l_bk5  |            10            
RUN-1001 : -----------------------------------------------------------------------------------------------------------------------------------------------------------------------------------------------------------------------------------------------------------------------------------------------------------------------------------------------------------------------------------------------------------------------------------------------------
RUN-1001 : Clock Region s_1_r [24,40][43,79]; Utilization: 5 out of 12
RUN-1001 : -----------------------------------------------------------------------------------------------------------------------------------------------------------------------------------------------------------------------------------------------------------------------------------------------------------------------------------------------------------------------------------------------------------------------------------
RUN-1001 :   Bank  |                                               Assigned Clock                                               |                                                Route Clock                                                 |  Marking  |                                                                         Buffer                                                                          |  Regional Clock Fanouts  
RUN-1001 : -----------------------------------------------------------------------------------------------------------------------------------------------------------------------------------------------------------------------------------------------------------------------------------------------------------------------------------------------------------------------------------------------------------------------------------
RUN-1001 :    1    |            u_mipi_dphy_rx_ph1p_mipiio_wrapper/u_ph1p_mipiio_rx_wrapper/u_lane0_hs_detect/I_clk             |            u_mipi_dphy_rx_ph1p_mipiio_wrapper/u_ph1p_mipiio_rx_wrapper/u_lane0_hs_detect/I_clk             |           |                                                     u_PLL/bufg_feedback_auto_created_sclk_s_1_r_bk1                                                     |            1             
RUN-1001 :    2    |  u_isp_top/u_demosaic/raw_matrix_3x3_buffer_d/zhenghe_d/blk_mem_gen_zhenghe_d1/ram_d32970204f32_Inst/clkb  |  u_isp_top/u_demosaic/raw_matrix_3x3_buffer_d/zhenghe_d/blk_mem_gen_zhenghe_d1/ram_d32970204f32_Inst/clkb  |           |                          u_mipi_dphy_rx_ph1p_mipiio_wrapper/u_ph1p_mipiio_rx_wrapper/bufg_feedback_auto_created_sclk_s_1_r_bk2                          |           1568           
RUN-1001 :    3    |                                        u_experiment_osd/clk_syn_652                                        |                                        u_experiment_osd/clk_syn_652                                        |           |                                            u_experiment_osd/clk_created_gclkinst_auto_created_sclk_s_1_r_bk3                                            |            66            
RUN-1001 :    4    |             u_ph1p35_324_ddr_wrapper/u_ddr2/ph1p_ddrmc_wrapper/ph1p_ddrmc_top/u_alc_mc_top/clk             |             u_ph1p35_324_ddr_wrapper/u_ddr2/ph1p_ddrmc_wrapper/ph1p_ddrmc_top/u_alc_mc_top/clk             |           |  u_ph1p35_324_ddr_wrapper/u_ddr2/ph1p_ddrmc_wrapper/ph1p_ddrmc_top/u_ddr_phy/u_ddrphy_top/u_ddrphy_clk/u_pll1/u_bufg_fbclk_auto_created_sclk_s_1_r_bk4  |            52            
RUN-1001 :    5    |                      u_hdmi_tx/u_hdmi2phy_wrapper/u0_lane_lvds_8_1/I_serial_clk_syn_1                      |                      u_hdmi_tx/u_hdmi2phy_wrapper/u0_lane_lvds_8_1/I_serial_clk_syn_1                      |           |                         u_hdmi_tx/u_hdmi2phy_wrapper/u0_lane_lvds_8_1/I_serial_clk_created_gclkinst_auto_created_sclk_s_1_r_bk5                         |            29            
RUN-1001 : -----------------------------------------------------------------------------------------------------------------------------------------------------------------------------------------------------------------------------------------------------------------------------------------------------------------------------------------------------------------------------------------------------------------------------------
RUN-1002 : start command "export_db camera_to_dsi_display_pr.db"
RUN-1001 : Exported flow parameters
RUN-1001 : Exported /
RUN-1001 : Exported libs
RUN-1001 : Exported entities
RUN-1001 : Exported ports
RUN-1001 : Exported pins
RUN-1001 : Exported instances
RUN-1001 : Exported nets
RUN-1001 : Exported buses
RUN-1001 : Exported models
RUN-1001 : Exported phy database
RUN-1001 : Exported packer
RUN-1001 : Exported congestions
RUN-1001 : Exported violations
RUN-1001 : Exported ATMR Setting
RUN-1001 : Exported timing constraints
RUN-1001 : Exported IO constraints
RUN-1001 : Exported Inst constraints
RUN-1001 : Exported ChipWatcher
RUN-1003 : finish command "export_db camera_to_dsi_display_pr.db" in  1.680521s wall, 2.203125s user + 0.062500s system = 2.265625s CPU (134.8%)

RUN-1004 : used memory is 2131 MB, reserved memory is 2243 MB, peak memory is 2131 MB
PHY-1001 : Current memory(MB): used = 2131, reserved = 2243, peak = 2131.
PHY-1001 : End export database. 1.743781s wall, 2.265625s user + 0.062500s system = 2.328125s CPU (133.5%)

PHY-1001 : End detail routing;  81.628792s wall, 151.625000s user + 1.406250s system = 153.031250s CPU (187.5%)

PHY-1001 : End Stage 2 | Detail Routing; Time: 81.629196s wall, 151.625000s user + 1.406250s system = 153.031250s CPU (187.5%); Memory(MB): used = 2131, reserved = 2243, peak = 2131;

RUN-1002 : start command "fix_hold"

PHY-1001 : Stage 3 | Hold Fix
PHY-1001 : Stage 3.1 | Load Design Data
PHY-1034 : Refresh detailed routing grids ...
PHY-1001 : Generate nets ...
PHY-1001 : eco open net = 0
PHY-1001 : End Stage 3.1 | Load Design Data; Time: 0.667006s wall, 0.625000s user + 0.015625s system = 0.640625s CPU (96.0%); Memory(MB): used = 2131, reserved = 2243, peak = 2131;

PHY-1001 : Stage 3.2 | Hold Fix Optimization
RUN-1002 : start command "start_timer"
RUN-1003 : finish command "start_timer" in  2.757281s wall, 2.671875s user + 0.000000s system = 2.671875s CPU (96.9%)

RUN-1004 : used memory is 2131 MB, reserved memory is 2243 MB, peak memory is 2131 MB
PHY-1001 : Timing info: SWNS 0.858ns | STNS 0.000ns | HWNS -0.142ns | HTNS -1.435ns.
PHY-1001 : Processing hold violation on 62 end-point, worst slack = -142ps, best slack = 19ps.
PHY-1001 : End timing refresh.  8.812938s wall, 8.546875s user + 0.000000s system = 8.546875s CPU (97.0%)

PHY-1001 : Stage 3.2.1 | Phase 1
PHY-1001 : Stage 3.2.1.1 | Hold Fix By LutBridge
PHY-1001 : len = 3.92165e+06, over cnt = 0(0%), over = 0, worst = 0, crit = 0
PHY-1001 : Bridge count = 29; unresolved count = 0.
PHY-1001 : 1 out of 62 ((1.61)%) EP fixed by LB.
PHY-1001 : End Stage 3.2.1.1 | Hold Fix By LutBridge; Time: 2.173608s wall, 2.359375s user + 0.031250s system = 2.390625s CPU (110.0%); Memory(MB): used = 2131, reserved = 2243, peak = 2131;

PHY-1001 : Timing info: SWNS 0.858ns | STNS 0.000ns | HWNS -0.142ns | HTNS -0.522ns.
PHY-1001 : Processing hold violation on 29 end-point, worst slack = -142ps, best slack = 19ps.
PHY-1001 : End timing refresh.  0.144842s wall, 0.140625s user + 0.000000s system = 0.140625s CPU (97.1%)

PHY-1001 : Stage 3.2.1.2 | Hold Fix By Pin
PHY-1001 : len = 3.9241e+06, over cnt = 0(0%), over = 0, worst = 0, crit = 0
PHY-1001 : 23 out of 29 ((79.31)%) EP fixed by pin delay.
PHY-1001 : End Stage 3.2.1.2 | Hold Fix By Pin; Time: 2.594578s wall, 2.734375s user + 0.000000s system = 2.734375s CPU (105.4%); Memory(MB): used = 2131, reserved = 2243, peak = 2131;

PHY-1001 : Timing info: SWNS 0.858ns | STNS 0.000ns | HWNS -0.142ns | HTNS -0.142ns.
PHY-1001 : Processing hold violation on 6 end-point, worst slack = -142ps, best slack = 19ps.
PHY-1001 : End timing refresh.  0.156697s wall, 0.156250s user + 0.000000s system = 0.156250s CPU (99.7%)

PHY-1001 : Stage 3.2.1.3 | Hold Fix By Net
PHY-1001 : len = 3.92571e+06, over cnt = 0(0%), over = 0, worst = 0, crit = 0
PHY-1001 : 6 out of 6 ((100.00)%) EP fixed by net delay.
PHY-1001 : End Stage 3.2.1.3 | Hold Fix By Net; Time: 0.581284s wall, 0.578125s user + 0.000000s system = 0.578125s CPU (99.5%); Memory(MB): used = 2131, reserved = 2243, peak = 2131;

PHY-1001 : Timing info: SWNS 0.858ns | STNS 0.000ns | HWNS 0.020ns | HTNS 0.000ns.
PHY-1001 : End timing refresh.  0.145213s wall, 0.156250s user + 0.000000s system = 0.156250s CPU (107.6%)

PHY-1001 : End Stage 3.2.1 | Phase 1; Time: 5.860793s wall, 6.187500s user + 0.031250s system = 6.218750s CPU (106.1%); Memory(MB): used = 2131, reserved = 2243, peak = 2131;

PHY-1001 : End Stage 3.2 | Hold Fix Optimization; Time: 14.677707s wall, 14.750000s user + 0.031250s system = 14.781250s CPU (100.7%); Memory(MB): used = 2131, reserved = 2243, peak = 2131;

PHY-1001 : End Stage 3 | Hold Fix; Time: 15.572155s wall, 15.593750s user + 0.046875s system = 15.640625s CPU (100.4%); Memory(MB): used = 2131, reserved = 2243, peak = 2131;

RUN-1003 : finish command "fix_hold" in  15.601366s wall, 15.625000s user + 0.046875s system = 15.671875s CPU (100.5%)

RUN-1004 : used memory is 2131 MB, reserved memory is 2243 MB, peak memory is 2131 MB
PHY-1001 : Stage 4 | Report Route Qor
RUN-1002 : start command "report_qor -step route -file route.qor"
RUN-1002 : start command "start_timer"
RUN-1003 : finish command "start_timer" in  2.546751s wall, 2.437500s user + 0.031250s system = 2.468750s CPU (96.9%)

RUN-1004 : used memory is 2131 MB, reserved memory is 2243 MB, peak memory is 2131 MB
-----------------------------------------------------------
| QoR metrics               |         value               |
-----------------------------------------------------------
| Timing                    |                             |
|     Setup WNS             |          858                |
|     Setup TNS             |            0                |
|     Num of violated S-EP  |            0                |
|     Hold WNS              |           20                |
|     Hold TNS              |            0                |
|     Num of violated H-EP  |            0                |
-----------------------------------------------------------
| Routing Resource          |                             |
|     Wire length           |      3925712                |
-----------------------------------------------------------
| Utilization               |                             |
|     #slices               |        16397                |
|     slices percentage     |       77.29%                |
|     #RAMs                 |           48                |
|     #DSPs                 |            8                |
|     #DRAMHARDCON          |           37                |
-----------------------------------------------------------
Report route stage QoR done.

RUN-1003 : finish command "report_qor -step route -file route.qor" in  8.604785s wall, 8.296875s user + 0.046875s system = 8.343750s CPU (97.0%)

RUN-1004 : used memory is 2131 MB, reserved memory is 2243 MB, peak memory is 2131 MB
RUN-1002 : start command "update_timing -mode final"
RUN-1002 : start command "start_timer"
RUN-1003 : finish command "start_timer" in  2.672049s wall, 2.640625s user + 0.000000s system = 2.640625s CPU (98.8%)

RUN-1004 : used memory is 2132 MB, reserved memory is 2243 MB, peak memory is 2132 MB
RUN-1003 : finish command "update_timing -mode final" in  7.977325s wall, 7.875000s user + 0.000000s system = 7.875000s CPU (98.7%)

RUN-1004 : used memory is 2132 MB, reserved memory is 2243 MB, peak memory is 2132 MB
RUN-1002 : start command "report_timing_summary -file final_timing.rpt"
OPT-1001 : QoR tracer report on route step:
    SWNS [   incr ]    STNS [   incr ]  S-FEPS [   incr ]    HWNS [   incr ]      HTNS [     incr ]    H-FEPS [     incr ]    CELL [   incr ]       WL [    incr ]   RT(s) [   incr ]   MEM(mb) [     incr ]
    2167 [      0 ]       0 [      0 ]       0 [      0 ]    -190 [      0 ]    -10607 [        0 ]       245 [        0 ]   16985 [      0 ]  3484224 [       0 ]      44 [      0 ]      2009 [        0 ] : dr_initialization
    2167 [      0 ]       0 [      0 ]       0 [      0 ]     -27 [    163 ]       -27 [    10580 ]         1 [     -244 ]   16985 [      0 ]  3520064 [   35840 ]      55 [     11 ]      2012 [        3 ] : dr_timing_opt_phase1
     858 [  -1309 ]       0 [      0 ]       0 [      0 ]    -142 [   -115 ]     -1435 [    -1408 ]        34 [       33 ]   16985 [      0 ]  3918304 [  398240 ]      88 [     33 ]      2043 [       31 ] : dr_opt_phase1
     858 [      0 ]       0 [      0 ]       0 [      0 ]    -142 [      0 ]     -1435 [        0 ]        34 [        0 ]   16985 [      0 ]  3918304 [       0 ]      89 [      1 ]      2046 [        3 ] : multi_try_opt
     858 [      0 ]       0 [      0 ]       0 [      0 ]      20 [    162 ]         0 [     1435 ]         0 [      -34 ]   16985 [      0 ]  3925712 [    7408 ]     106 [     17 ]      2131 [       85 ] : fix_hold_opt

PHY-1001 : End Stage 4 | Report Route Qor; Time: 16.802689s wall, 16.390625s user + 0.046875s system = 16.437500s CPU (97.8%); Memory(MB): used = 2132, reserved = 2243, peak = 2132;

PHY-1001 : Stage 5 | Routing DRC
PHY-1001 : Stage 5.1 | Check And Add Lut-bridge
PHY-1001 : End Stage 5.1 | Check And Add Lut-bridge; Time: 0.134131s wall, 0.109375s user + 0.000000s system = 0.109375s CPU (81.5%); Memory(MB): used = 2132, reserved = 2243, peak = 2132;

PHY-1001 : Stage 5.2 | Lut Bridge Check
PHY-1001 : End Stage 5.2 | Lut Bridge Check; Time: 0.287738s wall, 0.281250s user + 0.000000s system = 0.281250s CPU (97.7%); Memory(MB): used = 2132, reserved = 2243, peak = 2132;

PHY-1001 : Stage 5.3 | Physical Net Status Check
PHY-1001 : End Stage 5.3 | Physical Net Status Check; Time: 0.119556s wall, 0.125000s user + 0.000000s system = 0.125000s CPU (104.6%); Memory(MB): used = 2132, reserved = 2243, peak = 2132;

PHY-1001 : Start multi-drive drc check......
PHY-1001 : No multi-drive.
PHY-1001 : Stage 5.4 | Clock Net Status Check
PHY-1001 : 1 clock net(s) utilize local routing resource.
PHY-5079 CRITICAL-WARNING: Marked 1 clock net(s) utilize the local routing resources. Please check log message and the sinks of clock nets.
RUN-1001 : CTS Local Wire Summary
RUN-1001 : ----------------------------------------------------------------------------------------------------------------------------------------------------------
RUN-1001 :    ClockName    |  DriverType   |  Clock/Fanout  |  LocalWireNum  |                                  NetName                                   |  Marked  
RUN-1001 : ----------------------------------------------------------------------------------------------------------------------------------------------------------
RUN-1001 :   pll_clk_24m   |  AL_PHY_SCLK  |     16/17      |       3        |  O_cam_24m_dup_1_created_gclkinst_auto_created_sclk_s_0_l_bk6_sclk_outnet  |   true   
RUN-1001 : ----------------------------------------------------------------------------------------------------------------------------------------------------------
PHY-5088 WARNING: Clock_Analyzer: Detected 1 buffer(s) clkout net because they drive non-clock sinks. Run "analyze_clock -detail" for more infomation.
PHY-5088 WARNING: Clock_Analyzer: 1 clock-net(s) because they drive other clock net, may cause clock skew. Run "analyze_clock -detail" for more infomation.
PHY-1001 : End Stage 5.4 | Clock Net Status Check; Time: 0.115498s wall, 0.125000s user + 0.000000s system = 0.125000s CPU (108.2%); Memory(MB): used = 2132, reserved = 2243, peak = 2132;

PHY-1001 : Stage 5.5 | Abnormal Timing Path check
PHY-1001 : No abnormal timing path.
PHY-1001 : End Stage 5.5 | Abnormal Timing Path check; Time: 0.397691s wall, 0.390625s user + 0.000000s system = 0.390625s CPU (98.2%); Memory(MB): used = 2132, reserved = 2243, peak = 2132;

PHY-1001 : Stage 5.6 | Bound Check
PHY-1001 : Check Pass.
PHY-1001 : End Stage 5.6 | Bound Check; Time: 0.003972s wall, 0.000000s user + 0.000000s system = 0.000000s CPU (n/a%); Memory(MB): used = 2132, reserved = 2243, peak = 2132;

PHY-1001 : End Stage 5 | Routing DRC; Time: 1.145763s wall, 1.125000s user + 0.000000s system = 1.125000s CPU (98.2%); Memory(MB): used = 2132, reserved = 2243, peak = 2132;

RUN-1003 : finish command "route" in  124.910634s wall, 195.109375s user + 1.593750s system = 196.703125s CPU (157.5%)

RUN-1004 : used memory is 2132 MB, reserved memory is 2243 MB, peak memory is 2132 MB
RUN-1002 : start command "report_area -io_info -file camera_to_dsi_display_phy.area"
SYN-4034 : The count of slices with lut is 9821.
SYN-4035 : The count of slices with lut+ripple is 3651.
RUN-1001 : standard
***Report Model: design_top_wrapper Device: PH1P35MDG324***

Design Statistics
#IO                        62   out of    160   38.75%
  #input                    8
  #output                  31
  #inout                   23
#lut6                   13880   out of  21216   65.42%
#reg                    17491
  #slice reg            17491   out of  42432   41.22%
  #pad reg                  0

Utilization Statistics
#slice                  16397   out of  21216   77.29%
  #used ram               408
    #dram lut             296
    #shifter lut          112
  #used logic           15989
    #with luts           9821
    #with adder          3651
    #reg only            2517
#feedthrough             2738
#f7mux                      1   out of  10608    0.01%
#f8mux                      0   out of   5304    0.00%
#eram                      48   out of    108   44.44%
  #eram20k                 48
  #fifo20k                  0
#dsp                        8   out of     40   20.00%
#ddr_byte                   6   out of     12   50.00%
#mipi_tx                    0   out of      2    0.00%
#mipi_rx                    1   out of      2   50.00%
#pad                       21   out of    160   13.12%
#pll                        3   out of      6   50.00%
#gclk                       8   out of     32   25.00%
#lclk                       0   out of     12    0.00%
#sclk                      22   out of     48   45.83%
#mlclk                      2   out of      6   33.33%
#ioclk                      4   out of     18   22.22%


DataNet Average Fanout:

   Index     Fanout     Nets   
    #1          1       24862  
    #2          2       8403   
    #3          3       2216   
    #4          4        957   
    #5        5-10      2054   
    #6        11-50      504   
    #7       51-100      50    
    #8       101-500     14    
  Average     2.06             

RUN-1002 : start command "update_timing -mode final"
RUN-1002 : start command "start_timer"
RUN-1003 : finish command "start_timer" in  2.659728s wall, 2.640625s user + 0.000000s system = 2.640625s CPU (99.3%)

RUN-1004 : used memory is 2132 MB, reserved memory is 2243 MB, peak memory is 2132 MB
RUN-1003 : finish command "update_timing -mode final" in  8.590133s wall, 8.406250s user + 0.031250s system = 8.437500s CPU (98.2%)

RUN-1004 : used memory is 2132 MB, reserved memory is 2243 MB, peak memory is 2132 MB
RUN-1002 : start command "report_timing_status -file camera_to_dsi_display_phy.ts"
RUN-1002 : start command "report_timing_summary -file camera_to_dsi_display_pr.timing"
RUN-1002 : start command "report_timing_exception -file camera_to_dsi_display_exception.timing"
RUN-1002 : start command "flow_status -file route_flow.status"
Location         : D:\BaiduNetdiskDownload\HX1P35A_Contest_202606\FPGA_Component_Inspector\tmp\edge_diagnostic_td_20261007\td_project\camera_to_dsi_display_Runs\phy_1
Running with     : Tang Dynasty v6.2.168116
                   Copyright (c) 2012-2025 Anlogic Inc.
Top Model        : design_top_wrapper
Device           : PH1P35MDG324
Speed            : 3

Timing Mode      : final
Setup            : WNS   858ps  TNS        0ps  NUM_FEPS     0
Hold             : WNS    20ps  TNS        0ps  NUM_FEPS     0

Flow Statistics  :
RUN-1001 : Flow Statistics:
RUN-1001 : ---------------------------------------------------------------------------------------------------
RUN-1001 :      command     |  #calls  |  wall time   |  cpu time(s)  |  used memory(mb)  |  peak memory(mb)  
RUN-1001 : ---------------------------------------------------------------------------------------------------
RUN-1001 :       place      |    1     |  2m52s(57%)  |   455(69%)    |       1349        |       1349        
RUN-1001 :       route      |    1     |  1m49s(36%)  |   181(27%)    |       2132        |       2132        
RUN-1001 :     fix_hold     |    1     |   15s(5%)    |    15(2%)     |       2131        |       2131        
RUN-1001 :   import_device  |    1     |    2s(0%)    |     2(0%)     |        323        |        323        
RUN-1001 :     import_db    |    1     |    1s(0%)    |     0(0%)     |        562        |        562        
RUN-1001 : ---------------------------------------------------------------------------------------------------
RUN-1001 :       total      |    5     |    4m59s     |      653      |       2132        |       2132        
RUN-1001 : ---------------------------------------------------------------------------------------------------
RUN-1002 : start command "report_clock_utilization -file route_clock_utilization.txt"
RUN-1002 : start command "export_db camera_to_dsi_display_pr.db"
RUN-1001 : Exported flow parameters
RUN-1001 : Exported /
RUN-1001 : Exported libs
RUN-1001 : Exported entities
RUN-1001 : Exported ports
RUN-1001 : Exported pins
RUN-1001 : Exported instances
RUN-1001 : Exported nets
RUN-1001 : Exported buses
RUN-1001 : Exported models
RUN-1001 : Exported phy database
RUN-1001 : Exported packer
RUN-1001 : Exported congestions
RUN-1001 : Exported violations
RUN-1001 : Exported ATMR Setting
RUN-1001 : Exported timing constraints
RUN-1001 : Exported IO constraints
RUN-1001 : Exported Inst constraints
RUN-1001 : Exported ChipWatcher
RUN-1003 : finish command "export_db camera_to_dsi_display_pr.db" in  1.593120s wall, 2.078125s user + 0.031250s system = 2.109375s CPU (132.4%)

RUN-1004 : used memory is 2138 MB, reserved memory is 2243 MB, peak memory is 2138 MB
RUN-1002 : start command "commit_param -step bitgen"
RUN-1001 : Print Global Property
RUN-1001 : -------------------------------------------------------------
RUN-1001 :     Parameters    |   Settings   |  Default Values  |  Note  
RUN-1001 : -------------------------------------------------------------
RUN-1001 :    enable_seed    |     off      |       off        |        
RUN-1001 :    hfn_to_clock   |  1000000000  |    1000000000    |        
RUN-1001 :      message      |   standard   |     standard     |        
RUN-1001 :    qor_monitor    |      on      |        on        |        
RUN-1001 :   speedup_effort  |      0       |        0         |        
RUN-1001 :    syn_ip_flow    |     off      |       off        |        
RUN-1001 :       thread      |     auto     |       auto       |        
RUN-1001 : -------------------------------------------------------------
RUN-1001 : Print Bitgen Property
RUN-1001 : -------------------------------------------------------------
RUN-1001 :      Parameters     |  Settings  |  Default Values  |  Note  
RUN-1001 : -------------------------------------------------------------
RUN-1001 :         bin         |    off     |       off        |        
RUN-1001 :       compress      |    off     |       off        |        
RUN-1001 :       gen_mask      |    off     |       off        |        
RUN-1001 :      max_stream     |     on     |        on        |        
RUN-1001 :      time_info      |     on     |        on        |        
RUN-1001 :   unused_io_status  |   pullup   |      pullup      |        
RUN-1001 :       version       |    0x00    |       0x00       |        
RUN-1001 : -------------------------------------------------------------
RUN-1002 : start command "bitgen -bit camera_to_dsi_display.bit"
RUN-1002 : start command "export_bid camera_to_dsi_display_inst.bid"
BIT-1003 : Start to generate bitstream. 
BIT-1002 : Bitgen processed 3 pll_pd instances.
BIT-1002 : Init instances with 16 threads.
BIT-1002 : Init instances completely, inst num: 16986
BIT-1002 : Init pips with 16 threads.
BIT-1002 : Init pips completely, net num: 29032, pip num: 278460
BIT-1002 : Init feedthrough with 16 threads.
BIT-1002 : Init feedthrough completely, num: 2738
BIT-1003 : Multithreading accelaration with 16 threads.
BIT-1003 : Generate bitstream completely, there are 915017 bits set as '1'.
BIT-1004 : Generate file camera_to_dsi_display.bit.
RUN-1003 : finish command "bitgen -bit camera_to_dsi_display.bit" in  6.980298s wall, 51.546875s user + 0.812500s system = 52.359375s CPU (750.1%)

RUN-1004 : used memory is 2139 MB, reserved memory is 2244 MB, peak memory is 2139 MB
RUN-1002 : start command "setup_debugger"
RUN-1002 : start command "export_bitgen_param -file .bitgen_param.f"
RUN-1002 : start command "export_flow_status -s opt_place -e bitgen"
RUN-1002 : start command "flow_status"

Location         : D:\BaiduNetdiskDownload\HX1P35A_Contest_202606\FPGA_Component_Inspector\tmp\edge_diagnostic_td_20261007\td_project\camera_to_dsi_display_Runs\phy_1
Running with     : Tang Dynasty v6.2.168116
                   Copyright (c) 2012-2025 Anlogic Inc.
Top Model        : design_top_wrapper
Device           : PH1P35MDG324
Speed            : 3

Timing Mode      : final
Setup            : WNS   858ps  TNS        0ps  NUM_FEPS     0
Hold             : WNS    20ps  TNS        0ps  NUM_FEPS     0

RUN-1001 : Flow Statistics:
RUN-1001 : ---------------------------------------------------------------------------------------------------
RUN-1001 :      command     |  #calls  |  wall time   |  cpu time(s)  |  used memory(mb)  |  peak memory(mb)  
RUN-1001 : ---------------------------------------------------------------------------------------------------
RUN-1001 :       place      |    1     |  2m52s(56%)  |   455(64%)    |       1349        |       1349        
RUN-1001 :       route      |    1     |  1m49s(35%)  |   181(25%)    |       2132        |       2132        
RUN-1001 :     fix_hold     |    1     |   15s(4%)    |    15(2%)     |       2131        |       2131        
RUN-1001 :      bitgen      |    1     |    6s(1%)    |    51(7%)     |       2139        |       2139        
RUN-1001 :   import_device  |    1     |    2s(0%)    |     2(0%)     |        323        |        323        
RUN-1001 :     import_db    |    1     |    1s(0%)    |     0(0%)     |        562        |        562        
RUN-1001 : ---------------------------------------------------------------------------------------------------
RUN-1001 :       total      |    6     |     5m5s     |      704      |       2139        |       2139        
RUN-1001 : ---------------------------------------------------------------------------------------------------
RUN-1002 : start command "check_timing -file constraint_coverage.txt -verbose"
