============================================================
   Tang Dynasty, V6.2.178840
   Copyright (c) 2012-2025 Anlogic Inc.
   Executable = D:/td6.2.1/bin/td_commands_prompt.exe
   Built at =   14:07:58 Sep  4 2025
   Run by =     Li47
   Run Date =   Thu Oct  8 00:01:11 2026

   Run on =     LI474747
============================================================
RUN-1002 : start command "import_device ph1_35p.db -package PH1P35MDG324 -speed 3"
ARC-1001 : Device Initialization.
ARC-1001 : ----------------------------------------------------------------
ARC-1001 :           OPTION          |          IO           |   SETTING   
ARC-1001 : ----------------------------------------------------------------
ARC-1001 :   non_jtag_persist(none)  |        35 IOs         |    gpio    
ARC-1001 :            jtag           |  P13/P15/L14/R13/T13  |  dedicate  
ARC-1001 : ----------------------------------------------------------------
RUN-1003 : finish command "import_device ph1_35p.db -package PH1P35MDG324 -speed 3" in  1.664161s wall, 1.125000s user + 0.062500s system = 1.187500s CPU (71.4%)

RUN-1004 : used memory is 332 MB, reserved memory is 330 MB, peak memory is 332 MB
RUN-1002 : start command "open_project camera_to_dsi_display.prj -noanalyze"
RUN-1002 : start command "import_db ../syn_1/camera_to_dsi_display_gate.db"
RUN-1001 : Importing database generated by Tang Dynasty, V6.2.178840.
RUN-1001 : Database version number 46207
RUN-1001 : Import flow parameters
RUN-1001 : Import netlist
RUN-1001 : Import timing constraints
RUN-1001 : Import IO constraints
RUN-1001 : Import Inst constraints
RUN-1001 : Import ChipWatcher
RUN-1001 : Import design success TD_VERSION=6.2.178840 , DB_VERSION=46207
RUN-1003 : finish command "import_db ../syn_1/camera_to_dsi_display_gate.db" in  1.096394s wall, 0.343750s user + 0.062500s system = 0.406250s CPU (37.1%)

RUN-1004 : used memory is 558 MB, reserved memory is 555 MB, peak memory is 558 MB
RUN-1002 : start command "commit_param -step place"
RUN-1001 : Print Global Property
RUN-1001 : -------------------------------------------------------------
RUN-1001 :     Parameters    |   Settings   |  Default Values  |  Note  
RUN-1001 : -------------------------------------------------------------
RUN-1001 :    enable_seed    |     off      |       off        |        
RUN-1001 :    hfn_to_clock   |  1000000000  |    1000000000    |        
RUN-1001 :      message      |   standard   |     standard     |        
RUN-1001 :    qor_monitor    |      on      |        on        |        
RUN-1001 :   speedup_effort  |      0       |        0         |        
RUN-1001 :    syn_ip_flow    |     off      |       off        |        
RUN-1001 :       thread      |     auto     |       auto       |        
RUN-1001 : -------------------------------------------------------------
RUN-1001 : Print Place Property
RUN-1001 : --------------------------------------------------------------
RUN-1001 :      Parameters      |  Settings  |  Default Values  |  Note  
RUN-1001 : --------------------------------------------------------------
RUN-1001 :        effort        |   medium   |      medium      |        
RUN-1001 :       floorplan      |    off     |       off        |        
RUN-1001 :    hfn_opt_effort    |   medium   |      medium      |        
RUN-1001 :    logic_level_opt   |    off     |       off        |        
RUN-1001 :   macro_performance  |    auto    |       auto       |        
RUN-1001 :      max_fanout      |   999999   |      999999      |        
RUN-1001 :      opt_timing      |   medium   |      medium      |        
RUN-1001 :    post_place_opt    |    auto    |       auto       |        
RUN-1001 :      pr_strategy     |     1      |        1         |        
RUN-1001 : --------------------------------------------------------------
RUN-1002 : start command "insert_debugger"
RUN-1002 : start command "place"
RUN-1001 : Open license file D:/td6.2.1/license/Anlogic.lic
PHY-3001 : Placer runs in 20 thread(s).
PHY-1001 : Stage 1 | Initialize Design
PHY-1001 : Stage 1.1 | Build Design
PHY-1001 : 12081 luts, 16432 seqs, 408 mslices, 3559 lslices, 53 pads, 45 brams, 8 dsps
RUN-1002 : start command "legalize_phy_inst"
SYN-1011 : Flatten model design_top_wrapper
SYN-1001 : ADC: Instance "u_ph1p35_324_ddr_wrapper/u_ddr2/ph1p_ddrmc_wrapper/ph1p_ddrmc_top/u_ddr_phy/u_ddrphy_top/u_ddrphy/ac_byte[0]$ac_byte_used$u_ddrphy_ac_byte_wrapper/u_ddrphy_byte" LOCATION="X0Y70Z0"
SYN-1001 : ADC: Instance "u_ph1p35_324_ddr_wrapper/u_ddr2/ph1p_ddrmc_wrapper/ph1p_ddrmc_top/u_ddr_phy/u_ddrphy_top/u_ddrphy/ac_byte[1]$ac_byte_used$u_ddrphy_ac_byte_wrapper/u_ddrphy_byte" LOCATION="X0Y60Z0"
SYN-1001 : ADC: Instance "u_ph1p35_324_ddr_wrapper/u_ddr2/ph1p_ddrmc_wrapper/ph1p_ddrmc_top/u_ddr_phy/u_ddrphy_top/u_ddrphy/ac_byte[2]$ac_byte_used$u_ddrphy_ac_byte_wrapper/u_ddrphy_byte" LOCATION="X0Y50Z0"
SYN-1001 : ADC: Instance "u_ph1p35_324_ddr_wrapper/u_ddr2/ph1p_ddrmc_wrapper/ph1p_ddrmc_top/u_ddr_phy/u_ddrphy_top/u_ddrphy/ac_byte[3]$ac_byte_used$u_ddrphy_ac_byte_wrapper/u_ddrphy_byte" LOCATION="X0Y40Z0"
SYN-1001 : ADC: Instance "u_ph1p35_324_ddr_wrapper/u_ddr2/ph1p_ddrmc_wrapper/ph1p_ddrmc_top/u_ddr_phy/u_ddrphy_top/u_ddrphy/bkref[0]$u_ddrphy_bankref" LOCATION="X0Y19Z0"
SYN-1001 : ADC: Instance "u_ph1p35_324_ddr_wrapper/u_ddr2/ph1p_ddrmc_wrapper/ph1p_ddrmc_top/u_ddr_phy/u_ddrphy_top/u_ddrphy/bkref[1]$u_ddrphy_bankref" LOCATION="X0Y59Z0"
SYN-1001 : ADC: Instance "u_ph1p35_324_ddr_wrapper/u_ddr2/ph1p_ddrmc_wrapper/ph1p_ddrmc_top/u_ddr_phy/u_ddrphy_top/u_ddrphy/dx_byte[0]$dx_byte_used$u_ddrphy_dx_byte_wrapper/u_ddrphy_byte" LOCATION="X0Y30Z0"
SYN-1001 : ADC: Instance "u_ph1p35_324_ddr_wrapper/u_ddr2/ph1p_ddrmc_wrapper/ph1p_ddrmc_top/u_ddr_phy/u_ddrphy_top/u_ddrphy/dx_byte[1]$dx_byte_used$u_ddrphy_dx_byte_wrapper/u_ddrphy_byte" LOCATION="X0Y10Z0"
SYN-1001 : ADC: Instance "u_ph1p35_324_ddr_wrapper/u_ddr2/ph1p_ddrmc_wrapper/ph1p_ddrmc_top/u_ddr_phy/u_ddrphy_top/u_ddrphy_clk/ioclk[0]$u_ioclk_0" LOCATION="X0Y59Z0"
SYN-1001 : ADC: Instance "u_ph1p35_324_ddr_wrapper/u_ddr2/ph1p_ddrmc_wrapper/ph1p_ddrmc_top/u_ddr_phy/u_ddrphy_top/u_ddrphy_clk/ioclk[0]$u_ioclk_1" LOCATION="X0Y59Z1"
SYN-1001 : ADC: Instance "u_ph1p35_324_ddr_wrapper/u_ddr2/ph1p_ddrmc_wrapper/ph1p_ddrmc_top/u_ddr_phy/u_ddrphy_top/u_ddrphy_clk/ioclk[1]$u_ioclk_0" LOCATION="X0Y19Z0"
SYN-1001 : ADC: Instance "u_ph1p35_324_ddr_wrapper/u_ddr2/ph1p_ddrmc_wrapper/ph1p_ddrmc_top/u_ddr_phy/u_ddrphy_top/u_ddrphy_clk/ioclk[1]$u_ioclk_1" LOCATION="X0Y19Z1"
SYN-1001 : ADC: Instance "u_ph1p35_324_ddr_wrapper/u_ddr2/ph1p_ddrmc_wrapper/ph1p_ddrmc_top/u_ddr_phy/u_ddrphy_top/u_ddrphy_clk/u_mlclk_1" LOCATION="X0Y59Z0"
SYN-1001 : ADC: Instance "u_ph1p35_324_ddr_wrapper/u_ddr2/ph1p_ddrmc_wrapper/ph1p_ddrmc_top/u_ddr_phy/u_ddrphy_top/u_ddrphy_clk/u_mlclk_2" LOCATION="X0Y59Z1"
SYN-1001 : ADC: Instance "u_ph1p35_324_ddr_wrapper/u_ddr2/ph1p_ddrmc_wrapper/ph1p_ddrmc_top/u_ddr_phy/u_ddrphy_top/u_ddrphy_clk/u_pll0/u_pll_inst" LOCATION="X0Y40Z0"
SYN-1001 : ADC: Instance "u_ph1p35_324_ddr_wrapper/u_ddr2/ph1p_ddrmc_wrapper/ph1p_ddrmc_top/u_ddr_phy/u_ddrphy_top/u_ddrphy_clk/u_pll1/u_pll_inst" LOCATION="X0Y79Z0"
PHY-1001 : Remove keep and sweep redundant instances ...
PHY-1001 : 11802 luts, 16105 seqs, 408 mslices, 3542 lslices, 53 pads, 45 brams, 8 dsps
PHY-1001 : End Stage 1.1 | Build Design; Time: 0.293129s wall, 0.281250s user + 0.000000s system = 0.281250s CPU (95.9%); Memory(MB): used = 559, reserved = 555, peak = 559;

PHY-1001 : Stage 1.2 | Optimize Design
OPT-1001 : Stage 1.2.1 | Simplify Lut
OPT-1001 : End Stage 1.2.1 | Simplify Lut; Time: 0.053104s wall, 0.046875s user + 0.000000s system = 0.046875s CPU (88.3%); Memory(MB): used = 560, reserved = 555, peak = 560;

OPT-1001 : Stage 1.2.2 | Sweep
OPT-1001 : End Stage 1.2.2 | Sweep; Time: 0.017821s wall, 0.015625s user + 0.000000s system = 0.015625s CPU (87.7%); Memory(MB): used = 560, reserved = 555, peak = 560;

OPT-1001 : Stage 1.2.3 | Merge Lut
OPT-1001 : Start remap optimization ...
RUN-1001 :   Added 0 lut1 for undup drivers
OPT-1001 : skip lut merge since lut number 11800 is similar to or less than reg number 16105
OPT-1001 : End Stage 1.2.3 | Merge Lut; Time: 0.030759s wall, 0.031250s user + 0.000000s system = 0.031250s CPU (101.6%); Memory(MB): used = 560, reserved = 555, peak = 560;

OPT-1001 : Stage 1.2.4 | Synthesize High-fanout Net
OPT-1001 : Start high-fanout net optimization in pre-place flow with medium effort ...
RUN-1001 : HFN opt statistic
RUN-1001 : ------------------------------------------------------
RUN-1001 :   DriverCell type  |  HFN count  |  Duplicated count  
RUN-1001 : ------------------------------------------------------
RUN-1001 :       LSLICE       |      0      |         0          
RUN-1001 :       MSLICE       |      0      |         0          
RUN-1001 :        TOTAL       |      0      |         0          
RUN-1001 : ------------------------------------------------------
OPT-1001 : End high-fanout net optimization;  0.000912s wall, 0.000000s user + 0.000000s system = 0.000000s CPU (n/a%)

OPT-1001 : Current memory(MB): used = 560, reserved = 555, peak = 560.
OPT-1001 : End Stage 1.2.4 | Synthesize High-fanout Net; Time: 0.002250s wall, 0.000000s user + 0.000000s system = 0.000000s CPU (n/a%); Memory(MB): used = 560, reserved = 555, peak = 560;

OPT-1001 : End physical optimization;  0.106532s wall, 0.093750s user + 0.000000s system = 0.093750s CPU (88.0%)

PHY-1001 : End Stage 1.2 | Optimize Design; Time: 0.109849s wall, 0.093750s user + 0.000000s system = 0.093750s CPU (85.3%); Memory(MB): used = 560, reserved = 555, peak = 560;

PHY-1001 : Stage 1.3 | Initialize Clock
PHY-1001 : Start to synthesize physical clock networks.
RUN-1002 : start command "start_timer"
USR-1002 : Derived clock:  create_generated_clock -name {u_PLL/ph1p_phy_pll_wrapper_25a56e5ce2f9_Inst/u_PH1P_PHY_PLL.clkc[0]} -source [get_ports {I_sys_clk}] -master_clock {sys_clk_50m} -multiply_by 2.0000 -duty_cycle 50.0000 [get_pins {u_PLL/ph1p_phy_pll_wrapper_25a56e5ce2f9_Inst/u_PH1P_PHY_PLL.clkc[0]}]
USR-1002 : Derived clock:  create_generated_clock -name {u_PLL/ph1p_phy_pll_wrapper_25a56e5ce2f9_Inst/u_PH1P_PHY_PLL.clkc[1]} -source [get_ports {I_sys_clk}] -master_clock {sys_clk_50m} -divide_by 2.0769 -duty_cycle 50.0000 [get_pins {u_PLL/ph1p_phy_pll_wrapper_25a56e5ce2f9_Inst/u_PH1P_PHY_PLL.clkc[1]}]
USR-1002 : Derived clock:  create_generated_clock -name {u_hdmi_pll/u_ref/ph1p_phy_pll_wrapper_25a56e5ce2f9_Inst/u_PH1P_PHY_PLL.clkc[0]} -source [get_ports {I_sys_clk}] -master_clock {sys_clk_50m} -divide_by 1.4815 -duty_cycle 50.0000 [get_pins {u_hdmi_pll/u_ref/ph1p_phy_pll_wrapper_25a56e5ce2f9_Inst/u_PH1P_PHY_PLL.clkc[0]}]
USR-1002 : Derived clock:  create_generated_clock -name {u_ph1p35_324_ddr_wrapper/u_ddr2/ph1p_ddrmc_wrapper/ph1p_ddrmc_top/u_ddr_phy/u_ddrphy_top/u_ddrphy_clk/u_pll0/u_pll_inst.clkc[0]} -source [get_ports {I_sys_clk}] -master_clock {sys_clk_50m} -multiply_by 1.3333 -duty_cycle 50.0000 [get_pins {u_ph1p35_324_ddr_wrapper/u_ddr2/ph1p_ddrmc_wrapper/ph1p_ddrmc_top/u_ddr_phy/u_ddrphy_top/u_ddrphy_clk/u_pll0/u_pll_inst.clkc[0]}]
USR-1002 : Derived clock:  create_generated_clock -name {u_ph1p35_324_ddr_wrapper/u_ddr2/ph1p_ddrmc_wrapper/ph1p_ddrmc_top/u_ddr_phy/u_ddrphy_top/u_ddrphy_clk/u_pll0/u_pll_inst.clkc[1]} -source [get_ports {I_sys_clk}] -master_clock {sys_clk_50m} -multiply_by 1.3333 -duty_cycle 50.0000 [get_pins {u_ph1p35_324_ddr_wrapper/u_ddr2/ph1p_ddrmc_wrapper/ph1p_ddrmc_top/u_ddr_phy/u_ddrphy_top/u_ddrphy_clk/u_pll0/u_pll_inst.clkc[1]}]
USR-1002 : Derived clock:  create_generated_clock -name {u_ph1p35_324_ddr_wrapper/u_ddr2/ph1p_ddrmc_wrapper/ph1p_ddrmc_top/u_ddr_phy/u_ddrphy_top/u_ddrphy_clk/u_pll0/u_pll_inst.clkc[2]} -source [get_ports {I_sys_clk}] -master_clock {sys_clk_50m} -multiply_by 5.3333 -duty_cycle 50.0000 [get_pins {u_ph1p35_324_ddr_wrapper/u_ddr2/ph1p_ddrmc_wrapper/ph1p_ddrmc_top/u_ddr_phy/u_ddrphy_top/u_ddrphy_clk/u_pll0/u_pll_inst.clkc[2]}]
USR-1002 : Derived clock:  create_generated_clock -name {u_ph1p35_324_ddr_wrapper/u_ddr2/ph1p_ddrmc_wrapper/ph1p_ddrmc_top/u_ddr_phy/u_ddrphy_top/u_ddrphy_clk/u_pll0/u_pll_inst.clkc[3]} -source [get_ports {I_sys_clk}] -master_clock {sys_clk_50m} -multiply_by 1.0000 -duty_cycle 50.0000 [get_pins {u_ph1p35_324_ddr_wrapper/u_ddr2/ph1p_ddrmc_wrapper/ph1p_ddrmc_top/u_ddr_phy/u_ddrphy_top/u_ddrphy_clk/u_pll0/u_pll_inst.clkc[3]}]
USR-1002 : Derived clock:  create_generated_clock -name {u_hdmi_pll/u_output/ph1p_phy_pll_wrapper_25a56e5ce2f9_Inst/u_PH1P_PHY_PLL.clkc[0]} -source [get_pins {u_hdmi_pll/u_ref/ph1p_phy_pll_wrapper_25a56e5ce2f9_Inst/u_PH1P_PHY_PLL.clkc[0]}] -master_clock {u_hdmi_pll/u_ref/ph1p_phy_pll_wrapper_25a56e5ce2f9_Inst/u_PH1P_PHY_PLL.clkc[0]} -multiply_by 2.2000 -duty_cycle 50.0000 [get_pins {u_hdmi_pll/u_output/ph1p_phy_pll_wrapper_25a56e5ce2f9_Inst/u_PH1P_PHY_PLL.clkc[0]}]
USR-1002 : Derived clock:  create_generated_clock -name {u_hdmi_pll/u_output/ph1p_phy_pll_wrapper_25a56e5ce2f9_Inst/u_PH1P_PHY_PLL.clkc[1]} -source [get_pins {u_hdmi_pll/u_ref/ph1p_phy_pll_wrapper_25a56e5ce2f9_Inst/u_PH1P_PHY_PLL.clkc[0]}] -master_clock {u_hdmi_pll/u_ref/ph1p_phy_pll_wrapper_25a56e5ce2f9_Inst/u_PH1P_PHY_PLL.clkc[0]} -multiply_by 11.0000 -duty_cycle 50.0000 [get_pins {u_hdmi_pll/u_output/ph1p_phy_pll_wrapper_25a56e5ce2f9_Inst/u_PH1P_PHY_PLL.clkc[1]}]
USR-1002 : Derived clock:  create_generated_clock -name {u_ph1p35_324_ddr_wrapper/u_ddr2/ph1p_ddrmc_wrapper/ph1p_ddrmc_top/u_ddr_phy/u_ddrphy_top/u_ddrphy_clk/u_pll1/u_pll_inst.clkc[0]} -source [get_pins {u_ph1p35_324_ddr_wrapper/u_ddr2/ph1p_ddrmc_wrapper/ph1p_ddrmc_top/u_ddr_phy/u_ddrphy_top/u_ddrphy_clk/u_pll0/u_pll_inst.clkc[0]}] -master_clock {u_ph1p35_324_ddr_wrapper/u_ddr2/ph1p_ddrmc_wrapper/ph1p_ddrmc_top/u_ddr_phy/u_ddrphy_top/u_ddrphy_clk/u_pll0/u_pll_inst.clkc[0]} -multiply_by 1.0000 -duty_cycle 50.0000 [get_pins {u_ph1p35_324_ddr_wrapper/u_ddr2/ph1p_ddrmc_wrapper/ph1p_ddrmc_top/u_ddr_phy/u_ddrphy_top/u_ddrphy_clk/u_pll1/u_pll_inst.clkc[0]}]
USR-6001 WARNING: No clocks matched 'get_clocks u_mipi_dphy_rx_ph1p_mipiio_wrapper/u_ph1p_mipiio_rx_wrapper/u_PH1P_LOGIC_DPHY_MIPI_RX.o_fabric_div4_8_clk'
USR-6001 WARNING: No clocks matched 'get_clocks mipi_rx_ck_pad MIPI_RX_BYTE_CLK sys_clk_50m pll_clk_100m pll_clk_24m HDMI_PIXEL_CLK HDMI_SERIAL_CLK'
USR-6001 WARNING: No clocks matched 'get_clocks u_ph1p35_324_ddr_wrapper/u_ddr2/ddr_clk u_ph1p35_324_ddr_wrapper/u_ddr2/usr_clk'
USR-6001 WARNING: No clocks matched 'get_clocks u_ph1p35_324_ddr_wrapper/u_ddr2/ddr_clk u_ph1p35_324_ddr_wrapper/u_ddr2/usr_clk'
USR-6001 WARNING: No clocks matched 'get_clocks u_ph1p35_324_ddr_wrapper/u_ddr2/ddr_clk u_ph1p35_324_ddr_wrapper/u_ddr2/usr_clk'
USR-6001 WARNING: No clocks matched 'get_clocks MIPI_RX_BYTE_CLK'
USR-6001 WARNING: No clocks matched 'get_clocks MIPI_RX_BYTE_CLK'
USR-6001 WARNING: No clocks matched 'get_clocks MIPI_RX_BYTE_CLK'
8.888000
15.000000
15.000000
13.468000
RUN-1003 : finish command "start_timer" in  2.455039s wall, 2.421875s user + 0.000000s system = 2.421875s CPU (98.6%)

RUN-1004 : used memory is 777 MB, reserved memory is 770 MB, peak memory is 777 MB
TMR-2502 : Net delay update with mode: Synthesized
PHY-5060 CRITICAL-WARNING: Clock net candidate O_cam_24m_syn_3 has mixed fanouts of 307 clock pins; 1 data/ctrl pins. Please check connection of the net in design.
PHY-1001 : Populate physical database on model design_top_wrapper.
RUN-1001 : There are total 32066 instances
RUN-0007 : 11800 luts, 16105 seqs, 408 mslices, 3542 lslices, 53 pads, 45 brams, 8 dsps
RUN-1001 : There are total 42902 nets
RUN-1001 : 29031 nets have 2 pins
RUN-1001 : 11046 nets have [3 - 5] pins
RUN-1001 : 2003 nets have [6 - 10] pins
RUN-1001 : 490 nets have [11 - 20] pins
RUN-1001 : 285 nets have [21 - 99] pins
RUN-1001 : 47 nets have 100+ pins
PHY-1001 : Start to check user instance location assignments; please refer to ADC constraint.
PHY-1001 : End Stage 1.3 | Initialize Clock; Time: 4.091633s wall, 4.046875s user + 0.000000s system = 4.046875s CPU (98.9%); Memory(MB): used = 897, reserved = 890, peak = 897;

PHY-1001 : End Stage 1 | Initialize Design; Time: 4.536290s wall, 4.468750s user + 0.000000s system = 4.468750s CPU (98.5%); Memory(MB): used = 897, reserved = 890, peak = 897;

PHY-1001 : Stage 2 | Global Placement
RUN-1001 : Report Control nets information:
RUN-1001 : DFF Distribution
RUN-1001 : -------------------------------------
RUN-1001 :   CE   |  SSR  |  ASR  |  DFF Count  
RUN-1001 : -------------------------------------
RUN-1001 :   No   |  No   |  No   |    6637     
RUN-1001 :   No   |  No   |  Yes  |    4167     
RUN-1001 :   No   |  Yes  |  No   |     184     
RUN-1001 :   Yes  |  No   |  No   |     420     
RUN-1001 :   Yes  |  No   |  Yes  |    4795     
RUN-1001 :   Yes  |  Yes  |  No   |     126     
RUN-1001 : -------------------------------------
RUN-1001 : Control Group Statistic
RUN-1001 : -----------------------------
RUN-1001 :   #CLK  |  #CE  |  #SSR/ASR  
RUN-1001 : -----------------------------
RUN-1001 :    8    |  180  |     26     
RUN-1001 : -----------------------------
RUN-0007 : Control Set = 220
PHY-1001 : Stage 2.1 | Place Fixed Instances
PHY-1001 : Processing 2 clock pins of DDR instance u_ph1p35_324_ddr_wrapper/u_ddr2/ph1p_ddrmc_wrapper/ph1p_ddrmc_top/u_ddr_phy/u_ddrphy_top/u_ddrphy/ac_byte[0]$ac_byte_used$u_ddrphy_ac_byte_wrapper/u_ddrphy_byte, location = x0y70z0.
PHY-1001 :   User location X0Y59Z1 of ioclk instance u_ph1p35_324_ddr_wrapper/u_ddr2/ph1p_ddrmc_wrapper/ph1p_ddrmc_top/u_ddr_phy/u_ddrphy_top/u_ddrphy_clk/ioclk[0]$u_ioclk_1.
PHY-1001 :   Placement of ioclk instance u_ph1p35_324_ddr_wrapper/u_ddr2/ph1p_ddrmc_wrapper/ph1p_ddrmc_top/u_ddr_phy/u_ddrphy_top/u_ddrphy_clk/ioclk[0]$u_ioclk_1; location = x0y59z1.
PHY-1001 :   User location X0Y59Z0 of ioclk instance u_ph1p35_324_ddr_wrapper/u_ddr2/ph1p_ddrmc_wrapper/ph1p_ddrmc_top/u_ddr_phy/u_ddrphy_top/u_ddrphy_clk/ioclk[0]$u_ioclk_0.
PHY-1001 :   Placement of ioclk instance u_ph1p35_324_ddr_wrapper/u_ddr2/ph1p_ddrmc_wrapper/ph1p_ddrmc_top/u_ddr_phy/u_ddrphy_top/u_ddrphy_clk/ioclk[0]$u_ioclk_0; location = x0y59z0.
PHY-1001 : Processing 2 clock pins of DDR instance u_ph1p35_324_ddr_wrapper/u_ddr2/ph1p_ddrmc_wrapper/ph1p_ddrmc_top/u_ddr_phy/u_ddrphy_top/u_ddrphy/ac_byte[1]$ac_byte_used$u_ddrphy_ac_byte_wrapper/u_ddrphy_byte, location = x0y60z0.
PHY-1001 :   Placed ioclk instance u_ph1p35_324_ddr_wrapper/u_ddr2/ph1p_ddrmc_wrapper/ph1p_ddrmc_top/u_ddr_phy/u_ddrphy_top/u_ddrphy_clk/ioclk[0]$u_ioclk_1, location = x0y59z1.
PHY-1001 :   Placed ioclk instance u_ph1p35_324_ddr_wrapper/u_ddr2/ph1p_ddrmc_wrapper/ph1p_ddrmc_top/u_ddr_phy/u_ddrphy_top/u_ddrphy_clk/ioclk[0]$u_ioclk_0, location = x0y59z0.
PHY-1001 : Processing 2 clock pins of DDR instance u_ph1p35_324_ddr_wrapper/u_ddr2/ph1p_ddrmc_wrapper/ph1p_ddrmc_top/u_ddr_phy/u_ddrphy_top/u_ddrphy/ac_byte[2]$ac_byte_used$u_ddrphy_ac_byte_wrapper/u_ddrphy_byte, location = x0y50z0.
PHY-1001 :   Placed ioclk instance u_ph1p35_324_ddr_wrapper/u_ddr2/ph1p_ddrmc_wrapper/ph1p_ddrmc_top/u_ddr_phy/u_ddrphy_top/u_ddrphy_clk/ioclk[0]$u_ioclk_1, location = x0y59z1.
PHY-1001 :   Placed ioclk instance u_ph1p35_324_ddr_wrapper/u_ddr2/ph1p_ddrmc_wrapper/ph1p_ddrmc_top/u_ddr_phy/u_ddrphy_top/u_ddrphy_clk/ioclk[0]$u_ioclk_0, location = x0y59z0.
PHY-1001 : Processing 2 clock pins of DDR instance u_ph1p35_324_ddr_wrapper/u_ddr2/ph1p_ddrmc_wrapper/ph1p_ddrmc_top/u_ddr_phy/u_ddrphy_top/u_ddrphy/ac_byte[3]$ac_byte_used$u_ddrphy_ac_byte_wrapper/u_ddrphy_byte, location = x0y40z0.
PHY-1001 :   Placed ioclk instance u_ph1p35_324_ddr_wrapper/u_ddr2/ph1p_ddrmc_wrapper/ph1p_ddrmc_top/u_ddr_phy/u_ddrphy_top/u_ddrphy_clk/ioclk[0]$u_ioclk_1, location = x0y59z1.
PHY-1001 :   Placed ioclk instance u_ph1p35_324_ddr_wrapper/u_ddr2/ph1p_ddrmc_wrapper/ph1p_ddrmc_top/u_ddr_phy/u_ddrphy_top/u_ddrphy_clk/ioclk[0]$u_ioclk_0, location = x0y59z0.
PHY-1001 : Processing 2 clock pins of DDR instance u_ph1p35_324_ddr_wrapper/u_ddr2/ph1p_ddrmc_wrapper/ph1p_ddrmc_top/u_ddr_phy/u_ddrphy_top/u_ddrphy/dx_byte[0]$dx_byte_used$u_ddrphy_dx_byte_wrapper/u_ddrphy_byte, location = x0y30z0.
PHY-1001 :   User location X0Y19Z1 of ioclk instance u_ph1p35_324_ddr_wrapper/u_ddr2/ph1p_ddrmc_wrapper/ph1p_ddrmc_top/u_ddr_phy/u_ddrphy_top/u_ddrphy_clk/ioclk[1]$u_ioclk_1.
PHY-1001 :   Placement of ioclk instance u_ph1p35_324_ddr_wrapper/u_ddr2/ph1p_ddrmc_wrapper/ph1p_ddrmc_top/u_ddr_phy/u_ddrphy_top/u_ddrphy_clk/ioclk[1]$u_ioclk_1; location = x0y19z1.
PHY-1001 :   User location X0Y19Z0 of ioclk instance u_ph1p35_324_ddr_wrapper/u_ddr2/ph1p_ddrmc_wrapper/ph1p_ddrmc_top/u_ddr_phy/u_ddrphy_top/u_ddrphy_clk/ioclk[1]$u_ioclk_0.
PHY-1001 :   Placement of ioclk instance u_ph1p35_324_ddr_wrapper/u_ddr2/ph1p_ddrmc_wrapper/ph1p_ddrmc_top/u_ddr_phy/u_ddrphy_top/u_ddrphy_clk/ioclk[1]$u_ioclk_0; location = x0y19z0.
PHY-1001 : Processing 2 clock pins of DDR instance u_ph1p35_324_ddr_wrapper/u_ddr2/ph1p_ddrmc_wrapper/ph1p_ddrmc_top/u_ddr_phy/u_ddrphy_top/u_ddrphy/dx_byte[1]$dx_byte_used$u_ddrphy_dx_byte_wrapper/u_ddrphy_byte, location = x0y10z0.
PHY-1001 :   Placed ioclk instance u_ph1p35_324_ddr_wrapper/u_ddr2/ph1p_ddrmc_wrapper/ph1p_ddrmc_top/u_ddr_phy/u_ddrphy_top/u_ddrphy_clk/ioclk[1]$u_ioclk_1, location = x0y19z1.
PHY-1001 :   Placed ioclk instance u_ph1p35_324_ddr_wrapper/u_ddr2/ph1p_ddrmc_wrapper/ph1p_ddrmc_top/u_ddr_phy/u_ddrphy_top/u_ddrphy_clk/ioclk[1]$u_ioclk_0, location = x0y19z0.
PHY-1001 : DDR MLCLK topology u_ph1p35_324_ddr_wrapper/u_ddr2/ph1p_ddrmc_wrapper/ph1p_ddrmc_top/u_ddr_phy/u_ddrphy_top/u_ddrphy_clk/u_mlclk_1.
PHY-1001 :   Driver: PH1P_PHY_PLL_V2 u_ph1p35_324_ddr_wrapper/u_ddr2/ph1p_ddrmc_wrapper/ph1p_ddrmc_top/u_ddr_phy/u_ddrphy_top/u_ddrphy_clk/u_pll0/u_pll_inst.clkc[1], user location :X0Y40Z0.
PHY-1001 :   Sink: PH1P_PHY_IOCLK u_ph1p35_324_ddr_wrapper/u_ddr2/ph1p_ddrmc_wrapper/ph1p_ddrmc_top/u_ddr_phy/u_ddrphy_top/u_ddrphy_clk/ioclk[0]$u_ioclk_0, location = x0y59z0, sectorID = 1.
PHY-1001 :   Sink: PH1P_PHY_IOCLK u_ph1p35_324_ddr_wrapper/u_ddr2/ph1p_ddrmc_wrapper/ph1p_ddrmc_top/u_ddr_phy/u_ddrphy_top/u_ddrphy_clk/ioclk[1]$u_ioclk_0, location = x0y19z0, sectorID = 0.
PHY-1001 : Placement of MLCLK instance u_ph1p35_324_ddr_wrapper/u_ddr2/ph1p_ddrmc_wrapper/ph1p_ddrmc_top/u_ddr_phy/u_ddrphy_top/u_ddrphy_clk/u_mlclk_1; location = x0y59z0,  sectorID = 1.
PHY-1001 : DDR MLCLK topology u_ph1p35_324_ddr_wrapper/u_ddr2/ph1p_ddrmc_wrapper/ph1p_ddrmc_top/u_ddr_phy/u_ddrphy_top/u_ddrphy_clk/u_mlclk_2.
PHY-1001 :   Driver: PH1P_PHY_PLL_V2 u_ph1p35_324_ddr_wrapper/u_ddr2/ph1p_ddrmc_wrapper/ph1p_ddrmc_top/u_ddr_phy/u_ddrphy_top/u_ddrphy_clk/u_pll0/u_pll_inst.clkc[2], user location :X0Y40Z0.
PHY-1001 :   Sink: PH1P_PHY_IOCLK u_ph1p35_324_ddr_wrapper/u_ddr2/ph1p_ddrmc_wrapper/ph1p_ddrmc_top/u_ddr_phy/u_ddrphy_top/u_ddrphy_clk/ioclk[0]$u_ioclk_1, location = x0y59z1, sectorID = 1.
PHY-1001 :   Sink: PH1P_PHY_IOCLK u_ph1p35_324_ddr_wrapper/u_ddr2/ph1p_ddrmc_wrapper/ph1p_ddrmc_top/u_ddr_phy/u_ddrphy_top/u_ddrphy_clk/ioclk[1]$u_ioclk_1, location = x0y19z1, sectorID = 0.
PHY-1001 : Placement of MLCLK instance u_ph1p35_324_ddr_wrapper/u_ddr2/ph1p_ddrmc_wrapper/ph1p_ddrmc_top/u_ddr_phy/u_ddrphy_top/u_ddrphy_clk/u_mlclk_2; location = x0y59z1,  sectorID = 1.
PHY-5016 WARNING: PLL clkc is driving an IO without location.
PHY-5016 WARNING: PLL clkc is not driving a clock-capable IO.
PHY-5016 WARNING: PLL clkc is driving an IO without location.
PHY-5016 WARNING: PLL clkc is not driving a clock-capable IO.
PHY-5016 WARNING: PLL clkc is driving an IO without location.
PHY-1001 : End Stage 2.1 | Place Fixed Instances; Time: 0.065948s wall, 0.062500s user + 0.000000s system = 0.062500s CPU (94.8%); Memory(MB): used = 914, reserved = 906, peak = 914;

PHY-1001 : Stage 2.2 | Pre-Place DRC Check
PHY-1001 : Stage 2.2.1 | Force Route Constraint Check
PHY-1001 : Check Pass.
PHY-1001 : End Stage 2.2.1 | Force Route Constraint Check; Time: 0.003297s wall, 0.000000s user + 0.000000s system = 0.000000s CPU (n/a%); Memory(MB): used = 914, reserved = 906, peak = 914;

PHY-1001 : Stage 2.2.2 | Sigmap Check
PHY-1001 : Check pass.
PHY-1001 : End Stage 2.2.2 | Sigmap Check; Time: 0.007048s wall, 0.015625s user + 0.000000s system = 0.015625s CPU (221.7%); Memory(MB): used = 914, reserved = 906, peak = 914;

PHY-1001 : End Stage 2.2 | Pre-Place DRC Check; Time: 0.010763s wall, 0.015625s user + 0.000000s system = 0.015625s CPU (145.2%); Memory(MB): used = 914, reserved = 906, peak = 914;

PHY-1001 : Clock GCLK Statistics:
RUN-1001 : GCLK Index: 
RUN-1001 : -------------------------------------------------------------------------------------------------------------------------------------------------------
RUN-1001 :   Index  |                                                          Clock GCLK                                                           |  Location   
RUN-1001 : -------------------------------------------------------------------------------------------------------------------------------------------------------
RUN-1001 :     1    |                           u_mipi_dphy_rx_ph1p_mipiio_wrapper/u_ph1p_mipiio_rx_wrapper/bufg_feedback                           |  x23y39z2   
RUN-1001 :     2    |   u_ph1p35_324_ddr_wrapper/u_ddr2/ph1p_ddrmc_wrapper/ph1p_ddrmc_top/u_ddr_phy/u_ddrphy_top/u_ddrphy_clk/u_pll1/u_bufg_fbclk   |  x23y39z16  
RUN-1001 :     3    |                                               u_hdmi_pll/u_output/bufg_feedback                                               |  x23y39z0   
RUN-1001 :     4    |                                               I_sys_clk_dup_6_created_gclkinst                                                |  x23y39z21  
RUN-1001 :     5    |                                               O_cam_24m_dup_1_created_gclkinst                                                |  x23y39z17  
RUN-1001 :     6    |                          u_hdmi_tx/u_hdmi2phy_wrapper/u0_lane_lvds_8_1/I_serial_clk_created_gclkinst                          |  x23y39z1   
RUN-1001 :     7    |  u_ph1p35_324_ddr_wrapper/u_ddr2/ph1p_ddrmc_wrapper/ph1p_ddrmc_top/u_ddr_phy/u_ddrphy_top/u_ddrphy/apb_pclk_created_gclkinst  |  x23y39z18  
RUN-1001 :     8    |                                                      u_PLL/bufg_feedback                                                      |  x23y39z19  
RUN-1001 :     9    |                                                u_hdmi_pll/u_ref/bufg_feedback                                                 |  x23y39z20  
RUN-1001 : -------------------------------------------------------------------------------------------------------------------------------------------------------
RUN-1001 : Clock Nets Connect To GCLK Statistics: 
RUN-1001 : -----------------------------------------------------------------------------------------------------------------------------------------------------------------------------------------
RUN-1001 :   Index  |                        Leading Net                        |  CLK/DATA/IO/PLL Sink(s)  |                       Following Net                       |  CLK/DATA/IO/PLL Sink(s)  
RUN-1001 : -----------------------------------------------------------------------------------------------------------------------------------------------------------------------------------------
RUN-1001 :     1    | u_mipi_dphy_rx_ph1p_mipiio_wrapper/u_ph1p_mipiio_rx_w...  |          1/0/0/0          | u_isp_top/u_demosaic/raw_matrix_3x3_buffer_d/zhenghe_...  |        9288/0/0/0         
RUN-1001 :     2    | u_ph1p35_324_ddr_wrapper/u_ddr2/ph1p_ddrmc_wrapper/ph...  |          1/0/0/0          | u_ph1p35_324_ddr_wrapper/u_ddr2/ph1p_ddrmc_wrapper/ph...  |        3431/0/0/0         
RUN-1001 :     3    |               u_hdmi_pll/u_output/clk0_buf                |          1/0/0/0          |                   u_experiment_osd/clk                    |        2662/0/0/0         
RUN-1001 :     4    |                      I_sys_clk_dup_6                      |          4/0/0/0          |                      I_sys_clk_syn_8                      |         578/0/0/0         
RUN-1001 :     5    |                      O_cam_24m_dup_1                      |          1/0/0/0          |                      O_cam_24m_syn_3                      |         307/1/0/0         
RUN-1001 :     6    | u_hdmi_tx/u_hdmi2phy_wrapper/u0_lane_lvds_8_1/I_seria...  |          1/0/0/0          | u_hdmi_tx/u_hdmi2phy_wrapper/u0_lane_lvds_8_1/I_seria...  |         61/0/0/0          
RUN-1001 :     7    | u_ph1p35_324_ddr_wrapper/u_ddr2/ph1p_ddrmc_wrapper/ph...  |          1/0/0/0          | u_ph1p35_324_ddr_wrapper/u_ddr2/ph1p_ddrmc_wrapper/ph...  |         43/0/0/0          
RUN-1001 :     8    |                      u_PLL/clk0_buf                       |          1/0/0/0          | u_mipi_dphy_rx_ph1p_mipiio_wrapper/u_ph1p_mipiio_rx_w...  |         13/0/0/0          
RUN-1001 :     9    |                 u_hdmi_pll/u_ref/clk0_buf                 |          1/0/0/0          | u_hdmi_pll/u_output/ph1p_phy_pll_wrapper_25a56e5ce2f9...  |          1/0/0/0          
RUN-1001 : -----------------------------------------------------------------------------------------------------------------------------------------------------------------------------------------
PHY-1001 : Stage 2.3 | Global Placement Step 1
PHY-3001 : Target density is 60%
PHY-1001 : Stage 2.3.1 | Update Timing
RUN-1002 : start command "start_timer"
PHY-1001 : SWNS: 13, STNS: 0, FEP: 0
PHY-1001 : End Stage 2.3.1 | Update Timing; Time: 2.273453s wall, 2.250000s user + 0.000000s system = 2.250000s CPU (99.0%); Memory(MB): used = 972, reserved = 964, peak = 972;

PHY-0007 : Cell area utilization is 56%
RUN-1001 : Huge Net Statistic
RUN-1001 : ----------------------------------------------------------------------------------------------------------------------------------------------------------------------------------------
RUN-1001 :   Fanout  |  Slack  |                                                                                Net                                                                                
RUN-1001 : ----------------------------------------------------------------------------------------------------------------------------------------------------------------------------------------
RUN-1001 :    4032   |   Inf   |                                u_ph1p35_324_ddr_wrapper/u_ddr2/ph1p_ddrmc_wrapper/ph1p_ddrmc_top/u_ddr_phy/u_ddrphy_top/sys_rst_n                                 
RUN-1001 :    1289   |  11999  |                                u_ph1p35_324_ddr_wrapper/u_ddr2/ph1p_ddrmc_wrapper/ph1p_ddrmc_top/u_alc_mc_top/u_rbuf_addr_fifo/rst                                
RUN-1001 :    1090   |   Inf   |  u_ph1p35_324_ddr_wrapper/u_ddr2/ph1p_ddrmc_wrapper/ph1p_ddrmc_top/u_ddr_phy/u_ddrphy_top/u_ddrphy/dx_byte[1]$dx_byte_used$u_ddrphy_dx_byte_wrapper/dx_phy_rst_n  
RUN-1001 :    1045   |   13    |                                                                      u_experiment_osd/rst_n                                                                       
RUN-1001 : ----------------------------------------------------------------------------------------------------------------------------------------------------------------------------------------
PHY-3001 : Clustering ...
PHY-3001 : End clustering;  0.116032s wall, 0.296875s user + 0.031250s system = 0.328125s CPU (282.8%)

PHY-3001 : Target density is 60%
PHY-1001 : Stage 2.3.2 | GP Iteration
PHY-1001 : End Stage 2.3.2 | GP Iteration; Time: 1.847418s wall, 9.968750s user + 3.390625s system = 13.359375s CPU (723.1%); Memory(MB): used = 980, reserved = 971, peak = 980;

PHY-3001 : Multithread accelerating rate: 6.80
RUN-1002 : start command "start_timer"
8.888000
15.000000
15.000000
13.468000
RUN-1003 : finish command "start_timer" in  2.037326s wall, 1.984375s user + 0.000000s system = 1.984375s CPU (97.4%)

RUN-1004 : used memory is 980 MB, reserved memory is 971 MB, peak memory is 980 MB
PHY-3001 : No need to merge 9x9 Dsps.
PHY-1001 : Populate physical database on model design_top_wrapper.
PHY-1001 : End Stage 2.3 | Global Placement Step 1; Time: 8.711106s wall, 16.796875s user + 3.531250s system = 20.328125s CPU (233.4%); Memory(MB): used = 1080, reserved = 1078, peak = 1080;

PHY-1001 : Stage 2.4 | RAM/DSP Legalization and Detailed Placement
PHY-1001 : Stage 2.4.1 | Legalization
PHY-3001 : Before Legalized: Len = 2.0978e+06
PHY-3001 : After Legalized: Len = 2.1008e+06, Over = 108.375 with grid_size = 640
PHY-1001 : End Stage 2.4.1 | Legalization; Time: 1.832195s wall, 1.750000s user + 0.031250s system = 1.781250s CPU (97.2%); Memory(MB): used = 1083, reserved = 1080, peak = 1083;

PHY-1001 : Stage 2.4.2 | Detailed Placement
PHY-1001 : Stage 2.4.2.1 | Simulated Annealing Based DP
PHY-0007 : Initial: WL Cost = 180380, TD Cost = 276558, SWNS = 252, STNS = 0, Nums per T = 530, Range Limit = 2x32
PHY-0007 : Finally: WL Cost = 176326, TD Cost = 274692, WL Ratio = 0.977526, TD Ratio = 0.993254, SWNS = 252, STNS = 0
RUN-1001 : Print Detailed placement's Summary information
RUN-1001 : -------------------------------------------------------------------------------------------------------------------------------
RUN-1001 :             |  Total  |  Accept  |  Reject by overFlow  |  Reject by worseCost  |  Failed by noTarget  |  Failed by gridCheck  
RUN-1001 : -------------------------------------------------------------------------------------------------------------------------------
RUN-1001 :   RAM/DSPs  |  2650   |    62    |          0           |         2588          |          0           |           0           
RUN-1001 :    Macros   |   359   |    9     |          0           |          350          |          0           |           0           
RUN-1001 : -------------------------------------------------------------------------------------------------------------------------------
PHY-1001 : End Stage 2.4.2.1 | Simulated Annealing Based DP; Time: 2.051213s wall, 2.390625s user + 0.015625s system = 2.406250s CPU (117.3%); Memory(MB): used = 1087, reserved = 1083, peak = 1087;

PHY-3001 : End Detailed Place; 
PHY-1001 : End Stage 2.4.2 | Detailed Placement; Time: 2.228417s wall, 2.562500s user + 0.015625s system = 2.578125s CPU (115.7%); Memory(MB): used = 1087, reserved = 1083, peak = 1087;

PHY-1001 : End Stage 2.4 | RAM/DSP Legalization and Detailed Placement; Time: 4.062127s wall, 4.312500s user + 0.046875s system = 4.359375s CPU (107.3%); Memory(MB): used = 1087, reserved = 1083, peak = 1087;

PHY-1001 : Stage 2.5 | Global Placement Step 2
PHY-3001 : Target density is 60%
PHY-1001 : Stage 2.5.1 | Update Timing
PHY-1001 : SWNS: 252, STNS: 0, FEP: 0
PHY-1001 : End Stage 2.5.1 | Update Timing; Time: 0.158519s wall, 0.156250s user + 0.000000s system = 0.156250s CPU (98.6%); Memory(MB): used = 1087, reserved = 1083, peak = 1087;

PHY-1001 : Stage 2.5.2 | Refresh Congestion
RUN-1001 : Generating global routing grids ...
RUN-1001 : Building simple global routing graph ...
PHY-1001 : Generate routing nets ...
PHY-1001 : Reuse net number 0/15073.
PHY-1001 : Global iterations in 20 thread ...
PHY-1002 : len = 2.12683e+06, over cnt = 2713(3%), over = 14359, worst = 41
PHY-1001 : End global iterations;  0.489282s wall, 0.937500s user + 0.015625s system = 0.953125s CPU (194.8%)

PHY-1001 : Congestion index:
PHY-1001 : top1  = 174.20(S 135.21, N 119.33, E 146.98, W 143.70, I 289.34, O 394.82)
PHY-1001 : top5  = 127.41(S 87.43, N 79.65, E 97.71, W 90.54, I 171.05, O 227.75)
PHY-1001 : top10 = 105.31(S 67.81, N 61.90, E 76.09, W 69.92, I 127.22, O 170.34)
PHY-1001 : top15 = 92.11(S 56.94, N 52.03, E 63.28, W 57.92, I 102.07, O 138.26)
PHY-1001 : End Stage 2.5.2 | Refresh Congestion; Time: 0.910456s wall, 1.312500s user + 0.015625s system = 1.328125s CPU (145.9%); Memory(MB): used = 1156, reserved = 1152, peak = 1156;

PHY-1001 : Stage 2.5.3 | GP Iteration
PHY-1001 : End Stage 2.5.3 | GP Iteration; Time: 2.502496s wall, 16.671875s user + 0.468750s system = 17.140625s CPU (684.9%); Memory(MB): used = 1160, reserved = 1156, peak = 1160;

PHY-3001 : Multithread accelerating rate: 6.78
PHY-1001 : End Stage 2.5 | Global Placement Step 2; Time: 5.396609s wall, 19.906250s user + 0.500000s system = 20.406250s CPU (378.1%); Memory(MB): used = 1176, reserved = 1172, peak = 1176;

PHY-1001 : Stage 2.6 | RAM/DSP Detailed Placement
PHY-1001 : Stage 2.6.1 | Detailed Placement
PHY-1001 : Stage 2.6.1.1 | Simulated Annealing Based DP
PHY-0007 : Initial: WL Cost = 139649, TD Cost = 277890, SWNS = 196, STNS = 0, Nums per T = 530, Range Limit = 2x32
PHY-0007 : Finally: WL Cost = 139489, TD Cost = 277143, WL Ratio = 0.998854, TD Ratio = 0.997314, SWNS = 196, STNS = 0
RUN-1001 : Print Detailed placement's Summary information
RUN-1001 : -------------------------------------------------------------------------------------------------------------------------------
RUN-1001 :             |  Total  |  Accept  |  Reject by overFlow  |  Reject by worseCost  |  Failed by noTarget  |  Failed by gridCheck  
RUN-1001 : -------------------------------------------------------------------------------------------------------------------------------
RUN-1001 :   RAM/DSPs  |  1590   |    12    |          0           |         1578          |          0           |           0           
RUN-1001 :    Macros   |   237   |    5     |          0           |          232          |          0           |           0           
RUN-1001 : -------------------------------------------------------------------------------------------------------------------------------
PHY-1001 : End Stage 2.6.1.1 | Simulated Annealing Based DP; Time: 1.503355s wall, 1.515625s user + 0.062500s system = 1.578125s CPU (105.0%); Memory(MB): used = 1181, reserved = 1177, peak = 1181;

PHY-3001 : End Detailed Place; 
PHY-1001 : End Stage 2.6.1 | Detailed Placement; Time: 1.726189s wall, 1.718750s user + 0.062500s system = 1.781250s CPU (103.2%); Memory(MB): used = 1181, reserved = 1177, peak = 1181;

PHY-1001 : Stage 2.6.2 | Spreading
OPT-1001 : Total overflow 632.75 peak overflow 4.22
PHY-3001 : Spreading for sector grids.
PHY-3001 : Iter 1, total overflow: 0
PHY-3001 : tot_capacity: 48, usage_cnt: 19, movable_cnt: 42
PHY-3001 : End spreading;  0.081845s wall, 0.328125s user + 0.000000s system = 0.328125s CPU (400.9%)

PHY-1001 : End Stage 2.6.2 | Spreading; Time: 0.082026s wall, 0.328125s user + 0.000000s system = 0.328125s CPU (400.0%); Memory(MB): used = 1182, reserved = 1177, peak = 1182;

PHY-1001 : End Stage 2.6 | RAM/DSP Detailed Placement; Time: 2.066308s wall, 2.296875s user + 0.062500s system = 2.359375s CPU (114.2%); Memory(MB): used = 1182, reserved = 1177, peak = 1182;

PHY-1001 : Stage 2.7 | Optimize Design
OPT-1001 : Start physical optimization ...
OPT-1001 : Total overflow 632.75 peak overflow 4.22
OPT-1001 : Stage 2.7.1 | Synthesize High-fanout Net
OPT-1001 : Start high-fanout net optimization in pre-pack flow with medium effort ...
OPT-1001 : Update timing in Manhattan mode
OPT-1001 : End timing update;  1.752617s wall, 1.703125s user + 0.000000s system = 1.703125s CPU (97.2%)

OPT-1001 : Start: SWNS 196 STNS 0 NUM_FEPS 0
OPT-1001 : Total overflow 632.75 peak overflow 4.22
DBG-001 :  select 19 high fanout candidates
DBG-001 :  crit level 1 net count 0 (fanout thres 50)
DBG-001 :  crit level 2 net count 0 (fanout thres 50)
DBG-001 :  crit level 3 net count 0 (fanout thres 40)
DBG-001 :  crit level 4 net count 3 (fanout thres 30)
DBG-001 :  crit level 5 net count 13 (fanout thres 30)
DBG-001 :  crit level 6 net count 3 (fanout thres 30)
PHY-1001 : Populate physical database on model design_top_wrapper.
OPT-1001 : 12 high-fanout net processed.
PHY-3001 : Start incremental placement ...
PHY-1001 : Populate physical database on model design_top_wrapper.
PHY-1001 : Processing 2 clock pins of DDR instance u_ph1p35_324_ddr_wrapper/u_ddr2/ph1p_ddrmc_wrapper/ph1p_ddrmc_top/u_ddr_phy/u_ddrphy_top/u_ddrphy/ac_byte[0]$ac_byte_used$u_ddrphy_ac_byte_wrapper/u_ddrphy_byte, location = x0y70z0.
PHY-1001 :   Placed ioclk instance u_ph1p35_324_ddr_wrapper/u_ddr2/ph1p_ddrmc_wrapper/ph1p_ddrmc_top/u_ddr_phy/u_ddrphy_top/u_ddrphy_clk/ioclk[0]$u_ioclk_1, location = x0y59z1.
PHY-1001 :   Placed ioclk instance u_ph1p35_324_ddr_wrapper/u_ddr2/ph1p_ddrmc_wrapper/ph1p_ddrmc_top/u_ddr_phy/u_ddrphy_top/u_ddrphy_clk/ioclk[0]$u_ioclk_0, location = x0y59z0.
PHY-1001 : Processing 2 clock pins of DDR instance u_ph1p35_324_ddr_wrapper/u_ddr2/ph1p_ddrmc_wrapper/ph1p_ddrmc_top/u_ddr_phy/u_ddrphy_top/u_ddrphy/ac_byte[1]$ac_byte_used$u_ddrphy_ac_byte_wrapper/u_ddrphy_byte, location = x0y60z0.
PHY-1001 :   Placed ioclk instance u_ph1p35_324_ddr_wrapper/u_ddr2/ph1p_ddrmc_wrapper/ph1p_ddrmc_top/u_ddr_phy/u_ddrphy_top/u_ddrphy_clk/ioclk[0]$u_ioclk_1, location = x0y59z1.
PHY-1001 :   Placed ioclk instance u_ph1p35_324_ddr_wrapper/u_ddr2/ph1p_ddrmc_wrapper/ph1p_ddrmc_top/u_ddr_phy/u_ddrphy_top/u_ddrphy_clk/ioclk[0]$u_ioclk_0, location = x0y59z0.
PHY-1001 : Processing 2 clock pins of DDR instance u_ph1p35_324_ddr_wrapper/u_ddr2/ph1p_ddrmc_wrapper/ph1p_ddrmc_top/u_ddr_phy/u_ddrphy_top/u_ddrphy/ac_byte[2]$ac_byte_used$u_ddrphy_ac_byte_wrapper/u_ddrphy_byte, location = x0y50z0.
PHY-1001 :   Placed ioclk instance u_ph1p35_324_ddr_wrapper/u_ddr2/ph1p_ddrmc_wrapper/ph1p_ddrmc_top/u_ddr_phy/u_ddrphy_top/u_ddrphy_clk/ioclk[0]$u_ioclk_1, location = x0y59z1.
PHY-1001 :   Placed ioclk instance u_ph1p35_324_ddr_wrapper/u_ddr2/ph1p_ddrmc_wrapper/ph1p_ddrmc_top/u_ddr_phy/u_ddrphy_top/u_ddrphy_clk/ioclk[0]$u_ioclk_0, location = x0y59z0.
PHY-1001 : Processing 2 clock pins of DDR instance u_ph1p35_324_ddr_wrapper/u_ddr2/ph1p_ddrmc_wrapper/ph1p_ddrmc_top/u_ddr_phy/u_ddrphy_top/u_ddrphy/ac_byte[3]$ac_byte_used$u_ddrphy_ac_byte_wrapper/u_ddrphy_byte, location = x0y40z0.
PHY-1001 :   Placed ioclk instance u_ph1p35_324_ddr_wrapper/u_ddr2/ph1p_ddrmc_wrapper/ph1p_ddrmc_top/u_ddr_phy/u_ddrphy_top/u_ddrphy_clk/ioclk[0]$u_ioclk_1, location = x0y59z1.
PHY-1001 :   Placed ioclk instance u_ph1p35_324_ddr_wrapper/u_ddr2/ph1p_ddrmc_wrapper/ph1p_ddrmc_top/u_ddr_phy/u_ddrphy_top/u_ddrphy_clk/ioclk[0]$u_ioclk_0, location = x0y59z0.
PHY-1001 : Processing 2 clock pins of DDR instance u_ph1p35_324_ddr_wrapper/u_ddr2/ph1p_ddrmc_wrapper/ph1p_ddrmc_top/u_ddr_phy/u_ddrphy_top/u_ddrphy/dx_byte[0]$dx_byte_used$u_ddrphy_dx_byte_wrapper/u_ddrphy_byte, location = x0y30z0.
PHY-1001 :   Placed ioclk instance u_ph1p35_324_ddr_wrapper/u_ddr2/ph1p_ddrmc_wrapper/ph1p_ddrmc_top/u_ddr_phy/u_ddrphy_top/u_ddrphy_clk/ioclk[1]$u_ioclk_1, location = x0y19z1.
PHY-1001 :   Placed ioclk instance u_ph1p35_324_ddr_wrapper/u_ddr2/ph1p_ddrmc_wrapper/ph1p_ddrmc_top/u_ddr_phy/u_ddrphy_top/u_ddrphy_clk/ioclk[1]$u_ioclk_0, location = x0y19z0.
PHY-1001 : Processing 2 clock pins of DDR instance u_ph1p35_324_ddr_wrapper/u_ddr2/ph1p_ddrmc_wrapper/ph1p_ddrmc_top/u_ddr_phy/u_ddrphy_top/u_ddrphy/dx_byte[1]$dx_byte_used$u_ddrphy_dx_byte_wrapper/u_ddrphy_byte, location = x0y10z0.
PHY-1001 :   Placed ioclk instance u_ph1p35_324_ddr_wrapper/u_ddr2/ph1p_ddrmc_wrapper/ph1p_ddrmc_top/u_ddr_phy/u_ddrphy_top/u_ddrphy_clk/ioclk[1]$u_ioclk_1, location = x0y19z1.
PHY-1001 :   Placed ioclk instance u_ph1p35_324_ddr_wrapper/u_ddr2/ph1p_ddrmc_wrapper/ph1p_ddrmc_top/u_ddr_phy/u_ddrphy_top/u_ddrphy_clk/ioclk[1]$u_ioclk_0, location = x0y19z0.
PHY-3001 : Target density is 60%
PHY-3001 : Target density is 60%
PHY-1001 : Stage 2.7.1.1 | Update Timing
PHY-1001 : SWNS: 196, STNS: 0, FEP: 0
PHY-1001 : End Stage 2.7.1.1 | Update Timing; Time: 0.173744s wall, 0.171875s user + 0.000000s system = 0.171875s CPU (98.9%); Memory(MB): used = 1182, reserved = 1177, peak = 1182;

PHY-1001 : Stage 2.7.1.2 | Refresh Congestion
RUN-1001 : Generating global routing grids ...
PHY-1001 : Generate routing nets ...
PHY-1001 : Reuse net number 208/26962.
PHY-1001 : Global iterations in 20 thread ...
PHY-1002 : len = 1.64322e+06, over cnt = 3398(4%), over = 17975, worst = 60
PHY-1001 : End global iterations;  0.811500s wall, 1.828125s user + 0.000000s system = 1.828125s CPU (225.3%)

PHY-1001 : Congestion index:
PHY-1001 : top1  = 184.58(S 141.34, N 131.91, E 139.75, W 131.17, I 181.91, O 213.32)
PHY-1001 : top5  = 128.60(S 95.08, N 87.55, E 88.49, W 91.28, I 112.90, O 140.61)
PHY-1001 : top10 = 108.45(S 75.31, N 69.79, E 69.62, W 74.10, I 86.43, O 111.24)
PHY-1001 : top15 = 96.82(S 63.91, N 59.20, E 59.47, W 63.56, I 72.51, O 94.35)
PHY-1001 : End Stage 2.7.1.2 | Refresh Congestion; Time: 1.030954s wall, 2.000000s user + 0.015625s system = 2.015625s CPU (195.5%); Memory(MB): used = 1182, reserved = 1177, peak = 1182;

PHY-1001 : Stage 2.7.1.3 | GP Iteration
PHY-1001 : End Stage 2.7.1.3 | GP Iteration; Time: 2.353075s wall, 14.750000s user + 0.593750s system = 15.343750s CPU (652.1%); Memory(MB): used = 1183, reserved = 1178, peak = 1183;

PHY-3001 : Multithread accelerating rate: 6.45
OPT-1001 : Total overflow 611.81 peak overflow 5.25
PHY-3001 : Spreading for sector grids.
PHY-3001 : Iter 1, total overflow: 0
PHY-3001 : tot_capacity: 48, usage_cnt: 19, movable_cnt: 42
PHY-3001 : End spreading;  0.081861s wall, 0.328125s user + 0.015625s system = 0.343750s CPU (419.9%)

PHY-3001 : Final: Len = 1.47267e+06, Over = 112.031
PHY-3001 : End incremental placement;  3.925562s wall, 17.531250s user + 0.625000s system = 18.156250s CPU (462.5%)

OPT-1001 : Total overflow 611.81 peak overflow 5.25
RUN-1001 : HFN opt statistic
RUN-1001 : ------------------------------------------------------
RUN-1001 :   DriverCell type  |  HFN count  |  Duplicated count  
RUN-1001 : ------------------------------------------------------
RUN-1001 :         REG        |      6      |         12         
RUN-1001 :        LUT6        |      1      |         2          
RUN-1001 :        LUT5        |      0      |         0          
RUN-1001 :        LUT4        |      2      |         4          
RUN-1001 :        LUT3        |      0      |         0          
RUN-1001 :        LUT2        |      3      |         7          
RUN-1001 :        TOTAL       |     12      |         25         
RUN-1001 : ------------------------------------------------------
OPT-1001 : End high-fanout net optimization;  6.349620s wall, 20.093750s user + 0.640625s system = 20.734375s CPU (326.5%)

OPT-1001 : Update timing in Manhattan mode
OPT-1001 : End timing update;  1.805126s wall, 1.812500s user + 0.000000s system = 1.812500s CPU (100.4%)

OPT-1001 : Current memory(MB): used = 1183, reserved = 1178, peak = 1183.
OPT-1001 : End Stage 2.7.1 | Synthesize High-fanout Net; Time: 8.303340s wall, 22.046875s user + 0.640625s system = 22.687500s CPU (273.2%); Memory(MB): used = 1183, reserved = 1178, peak = 1183;

OPT-1001 : Stage 2.7.2 | Global Optimization
OPT-1001 : Start global optimization ...
OPT-0007 : Start: SWNS 327 STNS 0 NUM_FEPS 0
OPT-1001 : Start congestion update ...
RUN-1001 : Generating global routing grids ...
PHY-1001 : Generate routing nets ...
PHY-1001 : Reuse net number 2911/26792.
PHY-1001 : Global iterations in 20 thread ...
PHY-1002 : len = 1.70656e+06, over cnt = 3453(4%), over = 10894, worst = 15
PHY-1002 : len = 1.85322e+06, over cnt = 2765(3%), over = 6191, worst = 11
PHY-1002 : len = 1.98584e+06, over cnt = 1256(1%), over = 2650, worst = 10
PHY-1002 : len = 2.04387e+06, over cnt = 608(0%), over = 1149, worst = 9
PHY-1002 : len = 2.08256e+06, over cnt = 13(0%), over = 13, worst = 1
PHY-1001 : End global iterations;  2.707950s wall, 3.718750s user + 0.031250s system = 3.750000s CPU (138.5%)

PHY-1001 : Congestion index:
PHY-1001 : top1  = 90.26(S 81.17, N 73.02, E 82.01, W 81.66, I 163.65, O 203.37)
PHY-1001 : top5  = 77.18(S 67.79, N 61.03, E 64.95, W 66.48, I 107.94, O 135.79)
PHY-1001 : top10 = 70.85(S 60.13, N 54.24, E 55.85, W 57.99, I 83.84, O 107.74)
PHY-1001 : top15 = 66.53(S 54.60, N 49.57, E 49.87, W 52.41, I 70.87, O 91.85)
OPT-1001 : End congestion update;  3.016175s wall, 4.031250s user + 0.046875s system = 4.078125s CPU (135.2%)

OPT-0007 : Iter 1: improved SWNS 372 STNS 0 NUM_FEPS 0 with 36 cells processed and 4608 slack improved
OPT-0007 : Iter 2: improved SWNS 372 STNS 0 NUM_FEPS 0 with 10 cells processed and 282 slack improved
OPT-1001 : Overall commit ratio 0.50
OPT-1001 : End global optimization;  3.141840s wall, 4.156250s user + 0.046875s system = 4.203125s CPU (133.8%)

OPT-1001 : Current memory(MB): used = 1183, reserved = 1178, peak = 1183.
OPT-1001 : End Stage 2.7.2 | Global Optimization; Time: 3.669556s wall, 4.671875s user + 0.046875s system = 4.718750s CPU (128.6%); Memory(MB): used = 1183, reserved = 1178, peak = 1183;

OPT-0007 : End flow prepack: SWNS 372 STNS 0 NUM_FEPS 0
OPT-1001 : End physical optimization;  12.010793s wall, 26.750000s user + 0.687500s system = 27.437500s CPU (228.4%)

PHY-1001 : End Stage 2.7 | Optimize Design; Time: 12.014711s wall, 26.750000s user + 0.687500s system = 27.437500s CPU (228.4%); Memory(MB): used = 1183, reserved = 1178, peak = 1183;

PHY-1001 : Stage 2.8 | Pack and Legalization
PHY-1001 : Stage 2.8.1 | Direct Legalization
PHY-3001 : Start Direct Legalization ...
PHY-3001 : Get top1 grid util = 0.712788, top1_avg = 0.712788.
PHY-1001 : Populate physical database on model design_top_wrapper.
PHY-3001 : Target density is 60%
PHY-3001 : Before Legalization for Slice Macros, Len = 1.47403e+06.
RUN-1001 : Legalization top10 inst displacement:
RUN-1001 : ---------------------------------------------------------------------------------------------------------------------------------------------------------------------------------------------------------------------------------
RUN-1001 :   Index  |  Bounded  |  Height  |       Location       |  Disp. (slots)  |  Disp. (grids)  |                                                                Name                                                                 
RUN-1001 : ---------------------------------------------------------------------------------------------------------------------------------------------------------------------------------------------------------------------------------
RUN-1001 :     1    |     N     |    8     |  x2y68z3 to x5y69z0  |       29        |        4        |       u_ph1p35_324_ddr_wrapper/u_ddr2/ph1p_ddrmc_wrapper/ph1p_ddrmc_top/u_ddr_phy/u_ddrphy_top/u_ddrphy_init/ramread0_syn_111       
RUN-1001 :     2    |     N     |    8     |  x3y20z3 to x5y19z0  |       27        |        3        |      u_ph1p35_324_ddr_wrapper/u_ddr2/ph1p_ddrmc_wrapper/ph1p_ddrmc_top/u_phy2mc_fifo/byteIdx_1[0]$u_wfifo_sync/ramread0_syn_68      
RUN-1001 :     3    |     N     |    8     |  x2y55z5 to x5y56z0  |       27        |        4        |         u_ph1p35_324_ddr_wrapper/u_ddr2/ph1p_ddrmc_wrapper/ph1p_ddrmc_top/u_alc_mc_top/u_wr_data/u_ptr_ram0/ramread0_syn_25         
RUN-1001 :     4    |     N     |    8     |  x3y48z2 to x5y47z0  |       26        |        3        |  u_ph1p35_324_ddr_wrapper/u_ddr2/ph1p_ddrmc_wrapper/ph1p_ddrmc_top/u_alc_mc_top/u_wr_data/wr_buffer[0]$u_wdata_ram/ramread0_syn_72  
RUN-1001 :     5    |     N     |    8     |  x2y63z6 to x5y64z0  |       26        |        4        |       u_ph1p35_324_ddr_wrapper/u_ddr2/ph1p_ddrmc_wrapper/ph1p_ddrmc_top/u_ddr_phy/u_ddrphy_top/u_ddrphy_init/ramread0_syn_151       
RUN-1001 :     6    |     N     |    8     |  x3y67z2 to x5y66z0  |       26        |        3        |       u_ph1p35_324_ddr_wrapper/u_ddr2/ph1p_ddrmc_wrapper/ph1p_ddrmc_top/u_ddr_phy/u_ddrphy_top/u_ddrphy_init/ramread0_syn_71        
RUN-1001 :     7    |     N     |    8     |  x3y21z6 to x5y23z0  |       26        |        4        |      u_ph1p35_324_ddr_wrapper/u_ddr2/ph1p_ddrmc_wrapper/ph1p_ddrmc_top/u_phy2mc_fifo/byteIdx_1[0]$u_wfifo_sync/ramread0_syn_28      
RUN-1001 :     8    |     N     |    8     |  x2y63z0 to x5y63z0  |       24        |        3        |       u_ph1p35_324_ddr_wrapper/u_ddr2/ph1p_ddrmc_wrapper/ph1p_ddrmc_top/u_ddr_phy/u_ddrphy_top/u_ddrphy_init/ramread0_syn_131       
RUN-1001 :     9    |     N     |    8     |  x3y66z0 to x5y65z0  |       24        |        3        |       u_ph1p35_324_ddr_wrapper/u_ddr2/ph1p_ddrmc_wrapper/ph1p_ddrmc_top/u_ddr_phy/u_ddrphy_top/u_ddrphy_init/ramread0_syn_91        
RUN-1001 :    10    |     N     |    8     |  x3y21z2 to x5y22z0  |       22        |        3        |      u_ph1p35_324_ddr_wrapper/u_ddr2/ph1p_ddrmc_wrapper/ph1p_ddrmc_top/u_phy2mc_fifo/byteIdx_1[0]$u_wfifo_sync/ramread0_syn_48      
RUN-1001 : ---------------------------------------------------------------------------------------------------------------------------------------------------------------------------------------------------------------------------------
PHY-3001 : After Legalization for Slice Macros, Len = 1.51335e+06.
RUN-1001 : Generating global routing grids ...
PHY-1001 : Generate routing nets ...
PHY-1001 : Reuse net number 24277/26781.
RUN-1002 : start command "update_timing -mode MANHATTAN"
RUN-1002 : start command "start_timer"
RUN-1003 : finish command "start_timer" in  1.386882s wall, 1.343750s user + 0.015625s system = 1.359375s CPU (98.0%)

RUN-1004 : used memory is 1204 MB, reserved memory is 1201 MB, peak memory is 1204 MB
RUN-1003 : finish command "update_timing -mode MANHATTAN" in  3.342968s wall, 3.265625s user + 0.031250s system = 3.296875s CPU (98.6%)

RUN-1004 : used memory is 1219 MB, reserved memory is 1215 MB, peak memory is 1219 MB
PHY-1001 : Global iterations in 20 thread ...
PHY-1002 : len = 2.07144e+06, over cnt = 854(1%), over = 1817, worst = 11
PHY-1002 : len = 2.08915e+06, over cnt = 632(0%), over = 948, worst = 8
PHY-1002 : len = 2.10381e+06, over cnt = 342(0%), over = 481, worst = 7
PHY-1002 : len = 2.11288e+06, over cnt = 184(0%), over = 209, worst = 3
PHY-1002 : len = 2.12098e+06, over cnt = 3(0%), over = 3, worst = 1
PHY-1001 : End global iterations;  0.857062s wall, 1.046875s user + 0.015625s system = 1.062500s CPU (124.0%)

PHY-1001 : Congestion index:
PHY-1001 : top1  = 89.06(S 79.53, N 73.42, E 82.32, W 81.66, I 160.14, O 197.12)
PHY-1001 : top5  = 76.82(S 67.28, N 61.01, E 64.20, W 66.34, I 104.09, O 132.16)
PHY-1001 : top10 = 70.66(S 59.78, N 53.96, E 55.46, W 58.28, I 81.97, O 105.82)
PHY-1001 : top15 = 66.41(S 54.32, N 49.30, E 49.92, W 52.78, I 69.82, O 90.94)
PHY-3001 : Total Iter 123, legal = 27342 / 27342 (100.00%), avg_move = 30.07, max_move = 332.
PHY-3001 : There are no illegal insts.
PHY-1001 : Populate physical database on model design_top_wrapper.
PHY-3001 : End Direct Legalization;  22.886756s wall, 177.656250s user + 0.843750s system = 178.500000s CPU (779.9%)

RUN-1001 : Summary of LUT-FF Pairs
RUN-1001 : ---------------------------------------------------------------
RUN-1001 :   Num of Fanout Seqs  |   1x   |  2x  |  3~5  |  6~10  |  >10  
RUN-1001 : ---------------------------------------------------------------
RUN-1001 :         Total         |  7645  |  9   |  45   |   0    |  23   
RUN-1001 :          Grid         |  7641  |  9   |  32   |   0    |  23   
RUN-1001 :          Bank         |  7465  |  9   |  30   |   0    |  23   
RUN-1001 :         Paired        |  7420  |  9   |  30   |   0    |  23   
RUN-1001 : ---------------------------------------------------------------
RUN-1001 : Summary of LUT Pairs
RUN-1001 : ---------------------------------------------------------------------------------------------------------------------
RUN-1001 :            |           |           |           |           |           |  O5 + O6  |  Only O5  |  Only O6  |  Total  
RUN-1001 : ---------------------------------------------------------------------------------------------------------------------
RUN-1001 :   5 Share  |  4 Share  |  3 Share  |  2 Share  |  1 Share  |  0 Share  |           |           |           |         
RUN-1001 :     59     |    233    |    293    |    467    |   2003    |   3805    |   6860    |   2994    |   2181    |  12035  
RUN-1001 : ---------------------------------------------------------------------------------------------------------------------
PHY-1001 : End Stage 2.8.1 | Direct Legalization; Time: 22.957448s wall, 177.718750s user + 0.859375s system = 178.578125s CPU (777.9%); Memory(MB): used = 1309, reserved = 1304, peak = 1310;

PHY-3001 : Target density is 60%
PHY-3001 : After Direct Legalization, Len = 1.79475e+06.
PHY-1001 : End Stage 2.8 | Pack and Legalization; Time: 23.143227s wall, 177.890625s user + 0.875000s system = 178.765625s CPU (772.4%); Memory(MB): used = 1309, reserved = 1304, peak = 1310;

RUN-1002 : start command "start_timer"
RUN-1003 : finish command "start_timer" in  3.026480s wall, 2.953125s user + 0.015625s system = 2.968750s CPU (98.1%)

RUN-1004 : used memory is 1310 MB, reserved memory is 1304 MB, peak memory is 1310 MB
PHY-1001 : End Stage 2 | Global Placement; Time: 60.753465s wall, 253.171875s user + 5.734375s system = 258.906250s CPU (426.2%); Memory(MB): used = 1315, reserved = 1309, peak = 1315;

PHY-1001 : Stage 3 | Detailed Placement
PHY-1001 : Stage 3.1 | SLICE Detailed Placement
PHY-1001 : Stage 3.1.1 | Spreading
PHY-3001 : Design contains 181 ce signals.
PHY-3001 : Spreading for sector grids.
PHY-3001 : Iter 1, total overflow: 0
PHY-3001 : tot_capacity: 48, usage_cnt: 19, movable_cnt: 36
PHY-3001 : Spreading for clock grids.
PHY-3001 : clock grid count for 24 x 4 grids
PHY-3001 : Spreading for plb grids.
PHY-3001 : total displace: 0, max displace: 0.
PHY-3001 : End spreading;  0.275324s wall, 0.265625s user + 0.000000s system = 0.265625s CPU (96.5%)

PHY-1001 : End Stage 3.1.1 | Spreading; Time: 0.275479s wall, 0.265625s user + 0.000000s system = 0.265625s CPU (96.4%); Memory(MB): used = 1315, reserved = 1309, peak = 1315;

PHY-1001 : Stage 3.1.2 | Simulated Annealing Based DP
RUN-1001 : Generating global routing grids ...
PHY-1001 : Generate routing nets ...
PHY-1001 : Reuse net number 2448/20742.
PHY-1001 : Global iterations in 20 thread ...
PHY-1002 : len = 1.96643e+06, over cnt = 1705(2%), over = 3551, worst = 10
PHY-1002 : len = 2.00546e+06, over cnt = 1068(1%), over = 1817, worst = 10
PHY-1002 : len = 2.03658e+06, over cnt = 356(0%), over = 599, worst = 9
PHY-1002 : len = 2.04629e+06, over cnt = 154(0%), over = 212, worst = 8
PHY-1002 : len = 2.05414e+06, over cnt = 5(0%), over = 7, worst = 2
PHY-1001 : End global iterations;  2.290018s wall, 2.656250s user + 0.000000s system = 2.656250s CPU (116.0%)

PHY-1001 : Congestion index:
PHY-1001 : top1  = 78.70(S 69.15, N 59.58, E 73.67, W 69.74, I 63.76, O 76.48)
PHY-1001 : top5  = 67.26(S 56.97, N 50.10, E 57.67, W 57.03, I 53.32, O 64.76)
PHY-1001 : top10 = 61.55(S 49.78, N 44.70, E 50.27, W 50.19, I 47.75, O 58.06)
PHY-1001 : top15 = 57.94(S 45.04, N 40.82, E 45.45, W 45.89, I 43.83, O 54.11)
PHY-0007 : Initial: WL Cost = 144010, TD Cost = 218098, SWNS = 151, STNS = 0, Nums per T = 111720, Range Limit = 4x8
PHY-0007 : Finally: WL Cost = 128573, TD Cost = 174983, WL Ratio = 0.892805, TD Ratio = 0.802314, SWNS = 467, STNS = 0
RUN-1001 : Print Detailed placement's Summary information
RUN-1001 : -------------------------------------------------------------------------------------------------------------------------------
RUN-1001 :           |   Total   |  Accept  |  Reject by overFlow  |  Reject by worseCost  |  Failed by noTarget  |  Failed by gridCheck  
RUN-1001 : -------------------------------------------------------------------------------------------------------------------------------
RUN-1001 :   Slices  |  1005480  |  26893   |         1188         |        958214         |         382          |         18803         
RUN-1001 :   Macros  |   20939   |   192    |         129          |         20514         |          62          |          42           
RUN-1001 : -------------------------------------------------------------------------------------------------------------------------------
PHY-1001 : End Stage 3.1.2 | Simulated Annealing Based DP; Time: 24.693310s wall, 25.609375s user + 0.046875s system = 25.656250s CPU (103.9%); Memory(MB): used = 1335, reserved = 1329, peak = 1335;

PHY-3001 : End Detailed Place; 
PHY-3001 : Final: Len = 1.57472e+06, Over = 0
PHY-1001 : End Stage 3.1 | SLICE Detailed Placement; Time: 25.364661s wall, 26.281250s user + 0.046875s system = 26.328125s CPU (103.8%); Memory(MB): used = 1335, reserved = 1329, peak = 1335;

PHY-3001 : End Detailed Place; 
PHY-1001 : Stage 3.2 | Optimize Design
OPT-1001 : Start physical optimization ...
OPT-1001 : Total overflow 0.00 peak overflow 0.00
OPT-1001 : Stage 3.2.1 | Physical Optimization
OPT-1001 : Start high-fanout net optimization in optimize equivalent flow with medium effort ...
OPT-1001 : Clean unloaded insts before merging registers
PHY-1001 : Populate physical database on model design_top_wrapper.
PHY-1001 : Populate physical database on model design_top_wrapper.
OPT-1001 : Total overflow 0.00 peak overflow 0.00
OPT-1001 : End optimize duplicated nets. Total 11 instances are merged and 79 sinks are reconnected,  2.294219s wall, 2.265625s user + 0.015625s system = 2.281250s CPU (99.4%)

OPT-1001 : End high-fanout net optimization;  2.295948s wall, 2.265625s user + 0.015625s system = 2.281250s CPU (99.4%)

OPT-1001 : Update timing in Manhattan mode
RUN-1002 : start command "start_timer"
RUN-1003 : finish command "start_timer" in  2.433653s wall, 2.390625s user + 0.015625s system = 2.406250s CPU (98.9%)

RUN-1004 : used memory is 1335 MB, reserved memory is 1329 MB, peak memory is 1335 MB
OPT-1001 : End timing update;  4.605705s wall, 4.500000s user + 0.015625s system = 4.515625s CPU (98.0%)

OPT-1001 : Current memory(MB): used = 1335, reserved = 1329, peak = 1335.
OPT-1001 : End Stage 3.2.1 | Physical Optimization; Time: 7.069548s wall, 6.937500s user + 0.031250s system = 6.968750s CPU (98.6%); Memory(MB): used = 1335, reserved = 1329, peak = 1335;

OPT-1001 : Stage 3.2.2 | Synthesize High-fanout Net
OPT-1001 : Start high-fanout net optimization in post-pack flow with medium effort ...
OPT-1001 : Start: SWNS 467 STNS 0 NUM_FEPS 0
OPT-1001 : Total overflow 0.00 peak overflow 0.00
DBG-001 :  select 25 high fanout candidates
DBG-001 :  crit level 1 net count 0 (fanout thres 50)
DBG-001 :  crit level 2 net count 0 (fanout thres 50)
DBG-001 :  crit level 3 net count 0 (fanout thres 40)
DBG-001 :  crit level 4 net count 10 (fanout thres 30)
DBG-001 :  crit level 5 net count 13 (fanout thres 30)
DBG-001 :  crit level 6 net count 2 (fanout thres 30)
PHY-1001 : Populate physical database on model design_top_wrapper.
OPT-1001 : 18 high-fanout net processed.
OPT-1001 : Total overflow 0.00 peak overflow 0.00
RUN-1001 : HFN opt statistic
RUN-1001 : ------------------------------------------------------
RUN-1001 :   DriverCell type  |  HFN count  |  Duplicated count  
RUN-1001 : ------------------------------------------------------
RUN-1001 :       LSLICE       |      0      |         0          
RUN-1001 :       MSLICE       |      0      |         0          
RUN-1001 :        OTHER       |     18      |         24         
RUN-1001 :        TOTAL       |     18      |         24         
RUN-1001 : ------------------------------------------------------
OPT-1001 : End high-fanout net optimization;  1.307715s wall, 1.281250s user + 0.015625s system = 1.296875s CPU (99.2%)

OPT-1001 : Current memory(MB): used = 1335, reserved = 1329, peak = 1335.
OPT-1001 : End Stage 3.2.2 | Synthesize High-fanout Net; Time: 1.496335s wall, 1.468750s user + 0.015625s system = 1.484375s CPU (99.2%); Memory(MB): used = 1335, reserved = 1329, peak = 1335;

OPT-1001 : Stage 3.2.3 | Optimize Path
OPT-1001 : Start unpack path based optimization ...
OPT-0007 : Start: SWNS 350 STNS 0 NUM_FEPS 0 with mode 2
OPT-1001 : Start congestion update ...
RUN-1001 : Generating global routing grids ...
PHY-1001 : Generate routing nets ...
PHY-1001 : Reuse net number 6629/21573.
PHY-1001 : Global iterations in 20 thread ...
PHY-1002 : len = 1.8219e+06, over cnt = 2108(2%), over = 4263, worst = 9
PHY-1002 : len = 1.87368e+06, over cnt = 1323(1%), over = 2279, worst = 9
PHY-1002 : len = 1.90651e+06, over cnt = 717(1%), over = 1228, worst = 9
PHY-1002 : len = 1.93589e+06, over cnt = 206(0%), over = 277, worst = 5
PHY-1002 : len = 1.95109e+06, over cnt = 0(0%), over = 0, worst = 0
PHY-1001 : End global iterations;  1.695095s wall, 2.546875s user + 0.000000s system = 2.546875s CPU (150.2%)

PHY-1001 : Congestion index:
PHY-1001 : top1  = 78.58(S 66.49, N 64.56, E 72.32, W 74.42, I 62.75, O 72.37)
PHY-1001 : top5  = 68.17(S 55.99, N 53.25, E 57.22, W 59.64, I 52.39, O 62.57)
PHY-1001 : top10 = 62.65(S 49.80, N 46.83, E 49.01, W 51.98, I 47.04, O 56.40)
PHY-1001 : top15 = 58.93(S 45.29, N 42.59, E 44.27, W 47.20, I 43.43, O 52.58)
OPT-1001 : End congestion update;  2.190100s wall, 3.031250s user + 0.015625s system = 3.046875s CPU (139.1%)

OPT-0007 : Iter 1: improved SWNS 854 STNS 0 NUM_FEPS 0 with 77(5911) cells and 3471(8270) paths processed with 14068 slack improved, crit_thod: 3000 ratio: 0.93(82/88) rt: 1.6s
OPT-0007 : Iter 2: improved SWNS 854 STNS 0 NUM_FEPS 0 with 10(1574) cells and 787(787) paths processed with 1640 slack improved, crit_thod: 3000 ratio: 0.79(11/14) rt: 0.4s
OPT-0007 : Iter 3: improved SWNS 854 STNS 0 NUM_FEPS 0 with 4(1354) cells and 677(677) paths processed with 283 slack improved, crit_thod: 3000 ratio: 0.57(4/7) rt: 0.4s
OPT-1001 : End path based optimization;  4.582085s wall, 5.406250s user + 0.015625s system = 5.421875s CPU (118.3%)

OPT-1001 : Current memory(MB): used = 1335, reserved = 1329, peak = 1335.
OPT-1001 : End Stage 3.2.3 | Optimize Path; Time: 4.777777s wall, 5.546875s user + 0.046875s system = 5.593750s CPU (117.1%); Memory(MB): used = 1335, reserved = 1329, peak = 1335;

OPT-1001 : Stage 3.2.4 | Optimize Duplicated Nets
OPT-1001 : Start: WNS 854 TNS 0 NUM_FEPS 0
OPT-1001 : Clean unloaded insts before merging registers
PHY-1001 : Populate physical database on model design_top_wrapper.
PHY-1001 : Populate physical database on model design_top_wrapper.
OPT-1001 : Total overflow 0.00 peak overflow 0.00
OPT-1001 : End optimize duplicated nets. Total 2 instances are merged and 382 sinks are reconnected,  2.256885s wall, 2.218750s user + 0.000000s system = 2.218750s CPU (98.3%)

OPT-1001 : Update timing in Manhattan mode
RUN-1002 : start command "start_timer"
RUN-1003 : finish command "start_timer" in  2.541240s wall, 2.484375s user + 0.015625s system = 2.500000s CPU (98.4%)

RUN-1004 : used memory is 1335 MB, reserved memory is 1329 MB, peak memory is 1335 MB
OPT-1001 : End timing update;  4.686178s wall, 4.625000s user + 0.015625s system = 4.640625s CPU (99.0%)

OPT-1001 : Current memory(MB): used = 1335, reserved = 1329, peak = 1335.
OPT-1001 : End Stage 3.2.4 | Optimize Duplicated Nets; Time: 7.130942s wall, 7.015625s user + 0.015625s system = 7.031250s CPU (98.6%); Memory(MB): used = 1335, reserved = 1329, peak = 1335;

OPT-1001 : Stage 3.2.5 | Swap Pins
OPT-1001 : Start pin optimization...
OPT-1001 : Start: SWNS 854 STNS 0 NUM_FEPS 0
OPT-1001 : Successfully optimized 874 instances
OPT-1001 : Successfully optimized 206 instances
OPT-1001 : End pin optimization;  1.569352s wall, 1.546875s user + 0.000000s system = 1.546875s CPU (98.6%)

OPT-1001 : Current memory(MB): used = 1336, reserved = 1329, peak = 1336.
OPT-1001 : End Stage 3.2.5 | Swap Pins; Time: 1.753603s wall, 1.734375s user + 0.000000s system = 1.734375s CPU (98.9%); Memory(MB): used = 1336, reserved = 1329, peak = 1336;

OPT-1001 : Stage 3.2.6 | Optimize Beeline
OPT-1001 : Start beeline optimization...
OPT-1001 : Start: SWNS 854 STNS 0 NUM_FEPS 0
PHY-1001 : Beeline DP, 855 out of 5729 (14.92)%; hop = 1153.
PHY-1001 : Beeline DP, 299 out of 4944 (6.05)%; hop = 405.
PHY-1001 : Beeline DP, 169 out of 4793 (3.53)%; hop = 245.
PHY-1001 : Beeline DP, 126 out of 4739 (2.66)%; hop = 176.
PHY-1001 : Beeline DP, 111 out of 4722 (2.35)%; hop = 158.
PHY-1001 : Beeline optimization intraPLB, 2621 1-hop(40.63%), 2592 2-hop(40.18%), 526 3-hop( 8.15%), 712 others (11.04%)
PHY-1001 :  10.657093s wall, 10.453125s user + 0.046875s system = 10.500000s CPU (98.5%)

RUN-1001 : Beeline optimization outerPLB: 1-hop 2177, 2-hop 3917, 3-hop 2277, 4-hop 787, other 1924 
OPT-1001 : End beeline optimization;  11.410794s wall, 11.171875s user + 0.046875s system = 11.218750s CPU (98.3%)

OPT-1001 : Update timing in Manhattan mode
OPT-1001 : End timing update;  1.897560s wall, 1.890625s user + 0.000000s system = 1.890625s CPU (99.6%)

OPT-1001 : End Stage 3.2.6 | Optimize Beeline; Time: 13.604211s wall, 13.609375s user + 0.046875s system = 13.656250s CPU (100.4%); Memory(MB): used = 1336, reserved = 1329, peak = 1336;

OPT-0007 : End flow postpack: SWNS 854 STNS 0 NUM_FEPS 0
RUN-1001 : Generating global routing grids ...
PHY-1001 : Generate routing nets ...
PHY-1001 : Reuse net number 18631/20778.
PHY-1001 : Global iterations in 20 thread ...
PHY-1002 : len = 1.98136e+06, over cnt = 526(0%), over = 789, worst = 5
PHY-1002 : len = 1.99205e+06, over cnt = 259(0%), over = 324, worst = 5
PHY-1002 : len = 1.99933e+06, over cnt = 56(0%), over = 63, worst = 3
PHY-1002 : len = 2.00021e+06, over cnt = 25(0%), over = 26, worst = 2
PHY-1002 : len = 2.00098e+06, over cnt = 0(0%), over = 0, worst = 0
PHY-1001 : End global iterations;  0.688836s wall, 0.812500s user + 0.000000s system = 0.812500s CPU (118.0%)

PHY-1001 : Congestion index:
PHY-1001 : top1  = 79.36(S 66.49, N 66.41, E 73.16, W 75.00, I 62.80, O 72.45)
PHY-1001 : top5  = 68.99(S 55.64, N 53.87, E 57.45, W 59.98, I 51.80, O 62.13)
PHY-1001 : top10 = 63.02(S 49.58, N 47.21, E 49.20, W 52.30, I 46.50, O 55.97)
PHY-1001 : top15 = 59.12(S 45.32, N 43.00, E 44.33, W 47.39, I 42.96, O 52.26)
RUN-1001 : QoR Analysis:
OPT-0007 :   SWNS 854 STNS 0 NUM_FEPS 0
RUN-1001 :   No local congestion issue, and most congested 1% tile average routing util is 79.157895
RUN-1001 :   Top critical paths
RUN-1001 :       #1 path slack 854ps with logic level 2 
RUN-1001 :       #2 path slack 912ps with logic level 2 
RUN-1001 :       #3 path slack 912ps with logic level 2 
RUN-1001 :       #4 path slack 924ps with logic level 2 
OPT-1001 : End physical optimization;  37.197099s wall, 37.781250s user + 0.156250s system = 37.937500s CPU (102.0%)

PHY-1001 : End Stage 3.2 | Optimize Design; Time: 37.197311s wall, 37.781250s user + 0.156250s system = 37.937500s CPU (102.0%); Memory(MB): used = 1336, reserved = 1329, peak = 1336;

RUN-1001 : Report Control nets information:
RUN-1001 : DFF Distribution
RUN-1001 : -------------------------------------
RUN-1001 :   CE   |  SSR  |  ASR  |  DFF Count  
RUN-1001 : -------------------------------------
RUN-1001 :   No   |  No   |  No   |     224     
RUN-1001 :   No   |  No   |  Yes  |      0      
RUN-1001 :   No   |  Yes  |  No   |      0      
RUN-1001 :   Yes  |  No   |  No   |    6833     
RUN-1001 :   Yes  |  No   |  Yes  |    8985     
RUN-1001 :   Yes  |  Yes  |  No   |     310     
RUN-1001 : -------------------------------------
RUN-1001 : Control Group Statistic
RUN-1001 : -----------------------------
RUN-1001 :   #CLK  |  #CE  |  #SSR/ASR  
RUN-1001 : -----------------------------
RUN-1001 :    8    |  491  |     31     
RUN-1001 : -----------------------------
RUN-0007 : Control Set = 592
PHY-1001 : End Stage 3 | Detailed Placement; Time: 62.742704s wall, 64.234375s user + 0.203125s system = 64.437500s CPU (102.7%); Memory(MB): used = 1336, reserved = 1329, peak = 1336;

PHY-1001 : Populate physical database on model design_top_wrapper.
PHY-1001 : Stage 4 | Optimize Design
PHY-3001 : Start incremental legalization ...
PHY-1001 : Populate physical database on model design_top_wrapper.
PHY-1001 : Processing 2 clock pins of DDR instance u_ph1p35_324_ddr_wrapper/u_ddr2/ph1p_ddrmc_wrapper/ph1p_ddrmc_top/u_ddr_phy/u_ddrphy_top/u_ddrphy/ac_byte[0]$ac_byte_used$u_ddrphy_ac_byte_wrapper/u_ddrphy_byte, location = x0y70z0.
PHY-1001 :   Placed ioclk instance u_ph1p35_324_ddr_wrapper/u_ddr2/ph1p_ddrmc_wrapper/ph1p_ddrmc_top/u_ddr_phy/u_ddrphy_top/u_ddrphy_clk/ioclk[0]$u_ioclk_1, location = x0y59z1.
PHY-1001 :   Placed ioclk instance u_ph1p35_324_ddr_wrapper/u_ddr2/ph1p_ddrmc_wrapper/ph1p_ddrmc_top/u_ddr_phy/u_ddrphy_top/u_ddrphy_clk/ioclk[0]$u_ioclk_0, location = x0y59z0.
PHY-1001 : Processing 2 clock pins of DDR instance u_ph1p35_324_ddr_wrapper/u_ddr2/ph1p_ddrmc_wrapper/ph1p_ddrmc_top/u_ddr_phy/u_ddrphy_top/u_ddrphy/ac_byte[1]$ac_byte_used$u_ddrphy_ac_byte_wrapper/u_ddrphy_byte, location = x0y60z0.
PHY-1001 :   Placed ioclk instance u_ph1p35_324_ddr_wrapper/u_ddr2/ph1p_ddrmc_wrapper/ph1p_ddrmc_top/u_ddr_phy/u_ddrphy_top/u_ddrphy_clk/ioclk[0]$u_ioclk_1, location = x0y59z1.
PHY-1001 :   Placed ioclk instance u_ph1p35_324_ddr_wrapper/u_ddr2/ph1p_ddrmc_wrapper/ph1p_ddrmc_top/u_ddr_phy/u_ddrphy_top/u_ddrphy_clk/ioclk[0]$u_ioclk_0, location = x0y59z0.
PHY-1001 : Processing 2 clock pins of DDR instance u_ph1p35_324_ddr_wrapper/u_ddr2/ph1p_ddrmc_wrapper/ph1p_ddrmc_top/u_ddr_phy/u_ddrphy_top/u_ddrphy/ac_byte[2]$ac_byte_used$u_ddrphy_ac_byte_wrapper/u_ddrphy_byte, location = x0y50z0.
PHY-1001 :   Placed ioclk instance u_ph1p35_324_ddr_wrapper/u_ddr2/ph1p_ddrmc_wrapper/ph1p_ddrmc_top/u_ddr_phy/u_ddrphy_top/u_ddrphy_clk/ioclk[0]$u_ioclk_1, location = x0y59z1.
PHY-1001 :   Placed ioclk instance u_ph1p35_324_ddr_wrapper/u_ddr2/ph1p_ddrmc_wrapper/ph1p_ddrmc_top/u_ddr_phy/u_ddrphy_top/u_ddrphy_clk/ioclk[0]$u_ioclk_0, location = x0y59z0.
PHY-1001 : Processing 2 clock pins of DDR instance u_ph1p35_324_ddr_wrapper/u_ddr2/ph1p_ddrmc_wrapper/ph1p_ddrmc_top/u_ddr_phy/u_ddrphy_top/u_ddrphy/ac_byte[3]$ac_byte_used$u_ddrphy_ac_byte_wrapper/u_ddrphy_byte, location = x0y40z0.
PHY-1001 :   Placed ioclk instance u_ph1p35_324_ddr_wrapper/u_ddr2/ph1p_ddrmc_wrapper/ph1p_ddrmc_top/u_ddr_phy/u_ddrphy_top/u_ddrphy_clk/ioclk[0]$u_ioclk_1, location = x0y59z1.
PHY-1001 :   Placed ioclk instance u_ph1p35_324_ddr_wrapper/u_ddr2/ph1p_ddrmc_wrapper/ph1p_ddrmc_top/u_ddr_phy/u_ddrphy_top/u_ddrphy_clk/ioclk[0]$u_ioclk_0, location = x0y59z0.
PHY-1001 : Processing 2 clock pins of DDR instance u_ph1p35_324_ddr_wrapper/u_ddr2/ph1p_ddrmc_wrapper/ph1p_ddrmc_top/u_ddr_phy/u_ddrphy_top/u_ddrphy/dx_byte[0]$dx_byte_used$u_ddrphy_dx_byte_wrapper/u_ddrphy_byte, location = x0y30z0.
PHY-1001 :   Placed ioclk instance u_ph1p35_324_ddr_wrapper/u_ddr2/ph1p_ddrmc_wrapper/ph1p_ddrmc_top/u_ddr_phy/u_ddrphy_top/u_ddrphy_clk/ioclk[1]$u_ioclk_1, location = x0y19z1.
PHY-1001 :   Placed ioclk instance u_ph1p35_324_ddr_wrapper/u_ddr2/ph1p_ddrmc_wrapper/ph1p_ddrmc_top/u_ddr_phy/u_ddrphy_top/u_ddrphy_clk/ioclk[1]$u_ioclk_0, location = x0y19z0.
PHY-1001 : Processing 2 clock pins of DDR instance u_ph1p35_324_ddr_wrapper/u_ddr2/ph1p_ddrmc_wrapper/ph1p_ddrmc_top/u_ddr_phy/u_ddrphy_top/u_ddrphy/dx_byte[1]$dx_byte_used$u_ddrphy_dx_byte_wrapper/u_ddrphy_byte, location = x0y10z0.
PHY-1001 :   Placed ioclk instance u_ph1p35_324_ddr_wrapper/u_ddr2/ph1p_ddrmc_wrapper/ph1p_ddrmc_top/u_ddr_phy/u_ddrphy_top/u_ddrphy_clk/ioclk[1]$u_ioclk_1, location = x0y19z1.
PHY-1001 :   Placed ioclk instance u_ph1p35_324_ddr_wrapper/u_ddr2/ph1p_ddrmc_wrapper/ph1p_ddrmc_top/u_ddr_phy/u_ddrphy_top/u_ddrphy_clk/ioclk[1]$u_ioclk_0, location = x0y19z0.
PHY-3001 : Target density is 60%
PHY-3001 : Target density is 60%
PHY-3001 : Initial: Len = 1.65601e+06, Over = 0
PHY-1001 : Stage 4.1 | Spreading
PHY-3001 : Design contains 183 ce signals.
PHY-3001 : Spreading for sector grids.
PHY-3001 : Iter 1, total overflow: 0
PHY-3001 : tot_capacity: 48, usage_cnt: 20, movable_cnt: 48
PHY-3001 : Spreading for clock grids.
PHY-3001 : clock grid count for 24 x 4 grids
PHY-3001 : Spreading for plb grids.
PHY-3001 : total displace: 0, max displace: 0.
PHY-3001 : End spreading;  0.271372s wall, 0.234375s user + 0.031250s system = 0.265625s CPU (97.9%)

PHY-1001 : End Stage 4.1 | Spreading; Time: 0.271596s wall, 0.234375s user + 0.031250s system = 0.265625s CPU (97.8%); Memory(MB): used = 1336, reserved = 1329, peak = 1336;

PHY-3001 : Final: Len = 1.65601e+06, Over = 0
PHY-3001 : End incremental legalization;  0.556155s wall, 0.687500s user + 0.046875s system = 0.734375s CPU (132.0%)

RUN-1002 : start command "report_qor -step place -file place.qor"
RUN-1002 : start command "start_timer"
RUN-1003 : finish command "start_timer" in  1.696082s wall, 1.671875s user + 0.000000s system = 1.671875s CPU (98.6%)

RUN-1004 : used memory is 1336 MB, reserved memory is 1329 MB, peak memory is 1336 MB
TMR-2502 : Net delay update with mode: Placed
RUN-1001 : Generating global routing grids ...
-----------------------------------------------------------
| QoR metrics               |         value               |
-----------------------------------------------------------
| Timing                    |                             |
|     Setup WNS             |          854                |
|     Setup TNS             |            0                |
|     Num of violated S-EP  |            0                |
|     FMAX                  |   543.774MHz                |
|     SWNS path clock period |       2693ps                |
|     Hold WNS              |         -264                |
|     Hold TNS              |       -79184                |
|     Num of violated H-EP  |          695                |
-----------------------------------------------------------
| Routing Resource          |                             |
|     Wire length           |      1650813                |
|     Route Net Num         |        25989                |
|     DontRoute Net Num     |         9838                |
|     RouteSinks Num        |        79322                |
-----------------------------------------------------------
| Utilization               |                             |
|     #slices               |        14911                |
|     slices percentage     |       70.28%                |
|     #RAMs                 |           45                |
|     #DSPs                 |            8                |
|     #DRAMHARDCON          |           37                |
-----------------------------------------------------------
| Congestion                |                             |
|     Top 1% tile util      |           73                |
|     Top 1% tile avg util  |       79.16%                |
|     Over 100% util #tile  |            0                |
-----------------------------------------------------------
Report place stage QoR done.

RUN-1003 : finish command "report_qor -step place -file place.qor" in  4.696455s wall, 4.609375s user + 0.031250s system = 4.640625s CPU (98.8%)

RUN-1004 : used memory is 1336 MB, reserved memory is 1329 MB, peak memory is 1336 MB
PHY-1001 : End Stage 4 | Optimize Design; Time: 5.270071s wall, 5.312500s user + 0.078125s system = 5.390625s CPU (102.3%); Memory(MB): used = 1336, reserved = 1329, peak = 1336;

PHY-1001 : Stage 5 | DRC Check
PHY-1001 : Stage 5.1 | Slice Attributes Check
PHY-1035 : Redundant attributes/nets in slice detected. You can use tcl "check_slice_attr -verbose" to get full message.
PHY-1039 : Found 112 mslices getting no used reg attributes, eg: u_hdmi_tx/u_hdmi_1_4b_transmitter_core_wrapper/u_hdmi_tx_controller_wrapper/u_hdmi_video_data_assemble/S_island_guard_band_1d_syn_10.
PHY-1039 : Found 112 mslices getting no used ce attributes, eg: u_hdmi_tx/u_hdmi_1_4b_transmitter_core_wrapper/u_hdmi_tx_controller_wrapper/u_hdmi_video_data_assemble/S_island_guard_band_1d_syn_10.
PHY-1001 : End Stage 5.1 | Slice Attributes Check; Time: 0.063642s wall, 0.062500s user + 0.000000s system = 0.062500s CPU (98.2%); Memory(MB): used = 1336, reserved = 1329, peak = 1336;

PHY-1001 : Stage 5.2 | Clock Bound Check
PHY-1001 : Check pass.
PHY-1001 : End Stage 5.2 | Clock Bound Check; Time: 0.001935s wall, 0.000000s user + 0.000000s system = 0.000000s CPU (n/a%); Memory(MB): used = 1336, reserved = 1329, peak = 1336;

PHY-1001 : Stage 5.3 | Force Route Constraint Check
PHY-1001 : Check Pass.
PHY-1001 : End Stage 5.3 | Force Route Constraint Check; Time: 0.001492s wall, 0.000000s user + 0.000000s system = 0.000000s CPU (n/a%); Memory(MB): used = 1336, reserved = 1329, peak = 1336;

PHY-1001 : Stage 5.4 | Sigmap Check
PHY-1001 : Check pass.
PHY-1001 : End Stage 5.4 | Sigmap Check; Time: 0.105899s wall, 0.109375s user + 0.000000s system = 0.109375s CPU (103.3%); Memory(MB): used = 1336, reserved = 1329, peak = 1336;

PHY-1001 : Stage 5.5 | Duplicated SelfDriven Check
PHY-1001 : Check pass.
PHY-1001 : End Stage 5.5 | Duplicated SelfDriven Check; Time: 0.418992s wall, 0.421875s user + 0.000000s system = 0.421875s CPU (100.7%); Memory(MB): used = 1336, reserved = 1329, peak = 1336;

PHY-1001 : Stage 5.6 | Clock Rule Check
PHY-5088 WARNING: Clock_Analyzer: Detected 1 buffer(s) clkout net because they drive non-clock sinks. Run "analyze_clock -detail" for more infomation.
PHY-5088 WARNING: Clock_Analyzer: 2 clock-net(s) because they drive other clock net, may cause clock skew. Run "analyze_clock -detail" for more infomation.
PHY-1001 : End Stage 5.6 | Clock Rule Check; Time: 0.085535s wall, 0.093750s user + 0.000000s system = 0.093750s CPU (109.6%); Memory(MB): used = 1336, reserved = 1329, peak = 1336;

PHY-1001 : End Stage 5 | DRC Check; Time: 0.746786s wall, 0.750000s user + 0.000000s system = 0.750000s CPU (100.4%); Memory(MB): used = 1336, reserved = 1329, peak = 1336;

OPT-1001 : QoR tracer report on placement steps:
    SWNS [   incr ]    STNS [   incr ]    FEPS [   incr ]    CRIT [   incr ]      CELL [     incr ]        WL [     incr ]    CONG [   incr ]    PDES [   incr ]   RT(s) [   incr ]   MEM(mb) [     incr ]
       0 [      0 ]       0 [      0 ]       0 [      0 ]       0 [      0 ]     32062 [        0 ]         0 [        0 ]    0.00 [   0.00 ]       0 [      0 ]       0 [      0 ]       560 [        0 ] : preplace:simplify_lut
       0 [      0 ]       0 [      0 ]       0 [      0 ]       0 [      0 ]     32062 [        0 ]         0 [        0 ]    0.00 [   0.00 ]       0 [      0 ]       0 [      0 ]       560 [        0 ] : preplace:sweep
       0 [      0 ]       0 [      0 ]       0 [      0 ]       0 [      0 ]     32062 [        0 ]         0 [        0 ]    0.00 [   0.00 ]       0 [      0 ]       0 [      0 ]       560 [        0 ] : preplace:lut_merge
       0 [      0 ]       0 [      0 ]       0 [      0 ]       0 [      0 ]     32062 [        0 ]         0 [        0 ]    0.00 [   0.00 ]       0 [      0 ]       0 [      0 ]       560 [        0 ] : preplace:hfn_opt
     252 [    252 ]       0 [      0 ]       0 [      0 ]    4373 [   4373 ]     33846 [     1784 ]   2090864 [  2090864 ]    0.00 [   0.00 ]       0 [      0 ]      13 [     13 ]      1080 [      520 ] : step1_gp
     252 [      0 ]       0 [      0 ]       0 [      0 ]    4391 [     18 ]     33846 [        0 ]   2093680 [     2816 ]    0.00 [   0.00 ]       0 [      0 ]      15 [      2 ]      1083 [        3 ] : step1_legal
     252 [      0 ]       0 [      0 ]       0 [      0 ]    4392 [      1 ]     33846 [        0 ]   2037665 [   -56015 ]    0.00 [   0.00 ]       0 [      0 ]      17 [      2 ]      1087 [        4 ] : step1_dp
     196 [    -56 ]       0 [      0 ]       0 [      0 ]    4589 [    197 ]     33846 [        0 ]   1517998 [  -519667 ]  173.82 [ 173.82 ]       0 [      0 ]      22 [      5 ]      1176 [       89 ] : step2_gp
     196 [      0 ]       0 [      0 ]       0 [      0 ]    4592 [      3 ]     33846 [        0 ]   1516028 [    -1970 ]  173.82 [   0.00 ]       0 [      0 ]      24 [      2 ]      1181 [        5 ] : step2_dp
     196 [      0 ]       0 [      0 ]       0 [      0 ]    4592 [      0 ]     33846 [        0 ]   1516028 [        0 ]  173.82 [   0.00 ]       0 [      0 ]      24 [      0 ]      1182 [        1 ] : prepack_spreading
     327 [    131 ]       0 [      0 ]       0 [      0 ]    4645 [     53 ]     33871 [       25 ]   1465274 [   -50754 ]  184.11 [  10.29 ]       0 [      0 ]      33 [      9 ]      1183 [        1 ] : prepack:hfn_opt
     372 [     45 ]       0 [      0 ]       0 [      0 ]    4660 [     15 ]     33871 [        0 ]   1468140 [     2866 ]   89.79 [ -94.32 ]       0 [      0 ]      36 [      3 ]      1183 [        0 ] : prepack:global_opt
     151 [   -221 ]       0 [      0 ]       0 [      0 ]    4874 [    214 ]     16879 [   -16992 ]   1789561 [   321421 ]   88.58 [  -1.21 ]       0 [      0 ]      65 [     29 ]      1315 [      132 ] : direct_legalization
     151 [      0 ]       0 [      0 ]       0 [      0 ]    4874 [      0 ]     16879 [        0 ]   1789561 [        0 ]   88.58 [   0.00 ]       0 [      0 ]      65 [      0 ]      1316 [        1 ] : post_pack_spreading
     467 [    316 ]       0 [      0 ]       0 [      0 ]    5008 [    134 ]     16879 [        0 ]   1569526 [  -220035 ]   78.53 [ -10.05 ]       0 [      0 ]      90 [     25 ]      1335 [       19 ] : post_pack_dp
     467 [      0 ]       0 [      0 ]       0 [      0 ]    5010 [      2 ]     16875 [       -4 ]   1567468 [    -2058 ]   78.53 [   0.00 ]       0 [      0 ]      97 [      7 ]      1335 [        0 ] : postpack:optimize_equivalent_quick
     350 [   -117 ]       0 [      0 ]       0 [      0 ]    5009 [     -1 ]     16899 [       24 ]   1575167 [     7699 ]   78.53 [   0.00 ]       0 [      0 ]      99 [      2 ]      1335 [        0 ] : postpack:hfn_opt
     854 [    504 ]       0 [      0 ]       0 [      0 ]    5010 [      1 ]     16905 [        6 ]   1587231 [    12064 ]   78.24 [  -0.29 ]       0 [      0 ]     104 [      5 ]      1335 [        0 ] : postpack:path_opt
     854 [      0 ]       0 [      0 ]       0 [      0 ]    5010 [      0 ]     16902 [       -3 ]   1586171 [    -1060 ]   78.24 [   0.00 ]       0 [      0 ]     111 [      7 ]      1335 [        0 ] : postpack:optimize_equivalent
     854 [      0 ]       0 [      0 ]       0 [      0 ]    5267 [    257 ]     16902 [        0 ]   1586171 [        0 ]   78.24 [   0.00 ]       0 [      0 ]     113 [      2 ]      1336 [        1 ] : postpack:pin_opt
     854 [      0 ]       0 [      0 ]       0 [      0 ]    5230 [    -37 ]     16902 [        0 ]   1630304 [    44133 ]   78.24 [   0.00 ]       0 [      0 ]     126 [     13 ]      1336 [        0 ] : postpack:beeline_opt

RUN-1003 : finish command "place" in  134.245650s wall, 328.140625s user + 6.015625s system = 334.156250s CPU (248.9%)

RUN-1004 : used memory is 1336 MB, reserved memory is 1329 MB, peak memory is 1336 MB
RUN-1002 : start command "update_timing -mode manhattan"
RUN-1002 : start command "start_timer"
RUN-1003 : finish command "start_timer" in  1.904036s wall, 1.875000s user + 0.000000s system = 1.875000s CPU (98.5%)

RUN-1004 : used memory is 1336 MB, reserved memory is 1329 MB, peak memory is 1336 MB
RUN-1003 : finish command "update_timing -mode manhattan" in  4.052346s wall, 3.953125s user + 0.015625s system = 3.968750s CPU (97.9%)

RUN-1004 : used memory is 1336 MB, reserved memory is 1329 MB, peak memory is 1336 MB
RUN-1002 : start command "report_timing_status -file camera_to_dsi_display_place.ts"
RUN-1002 : start command "report_timing_summary -file camera_to_dsi_display_place.timing"
RUN-1002 : start command "report_area -io_info -file camera_to_dsi_display_phy.area"
SYN-4034 : The count of slices with lut is 8574.
SYN-4035 : The count of slices with lut+ripple is 3475.
RUN-1001 : standard
***Report Model: design_top_wrapper Device: PH1P35MDG324***

Design Statistics
#IO                        62   out of    160   38.75%
  #input                    8
  #output                  31
  #inout                   23
#lut6                   12457   out of  21216   58.72%
#reg                    16128
  #slice reg            16128   out of  42432   38.01%
  #pad reg                  0

Utilization Statistics
#slice                  14911   out of  21216   70.28%
  #used ram               408
    #dram lut             296
    #shifter lut          112
  #used logic           14503
    #with luts           8574
    #with adder          3475
    #reg only            2454
#f7mux                      1   out of  10608    0.01%
#f8mux                      0   out of   5304    0.00%
#eram                      45   out of    108   41.67%
  #eram20k                 45
  #fifo20k                  0
#dsp                        8   out of     40   20.00%
#ddr_byte                   6   out of     12   50.00%
#mipi_tx                    0   out of      2    0.00%
#mipi_rx                    1   out of      2   50.00%
#pad                       21   out of    160   13.12%
#pll                        5   out of      6   83.33%
#gclk                       9   out of     32   28.12%
#lclk                       0   out of     12    0.00%
#sclk                       0   out of     48    0.00%
#mlclk                      2   out of      6   33.33%
#ioclk                      4   out of     18   22.22%

RUN-1002 : start command "flow_status -file place_flow.status"
Location         : C:\Users\Li47\Desktop\aa\native_1080p30_r4_20261007\td_project\camera_to_dsi_display_Runs\phy_1
Running with     : Tang Dynasty v6.2.178840
                   Copyright (c) 2012-2025 Anlogic Inc.
Top Model        : design_top_wrapper
Device           : PH1P35MDG324
Speed            : 3

Timing Mode      : manhattan
Setup            : WNS   854ps  TNS        0ps  NUM_FEPS     0
Hold             : WNS  -264ps  TNS   -79184ps  NUM_FEPS   695

Flow Statistics  :
RUN-1001 : Flow Statistics:
RUN-1001 : ---------------------------------------------------------------------------------------------------
RUN-1001 :      command     |  #calls  |  wall time   |  cpu time(s)  |  used memory(mb)  |  peak memory(mb)  
RUN-1001 : ---------------------------------------------------------------------------------------------------
RUN-1001 :       place      |    1     |  2m14s(98%)  |   334(99%)    |       1336        |       1336        
RUN-1001 :     import_db    |    1     |    1s(0%)    |     0(0%)     |        558        |        558        
RUN-1001 :   import_device  |    1     |    1s(0%)    |     1(0%)     |        332        |        332        
RUN-1001 : ---------------------------------------------------------------------------------------------------
RUN-1001 :       total      |    3     |    2m16s     |      335      |       1336        |       1336        
RUN-1001 : ---------------------------------------------------------------------------------------------------
RUN-1002 : start command "report_clock_utilization -file place_clock_utilization.txt"
RUN-1002 : start command "export_db camera_to_dsi_display_place.db"
RUN-1001 : Exported flow parameters
RUN-1001 : Exported /
RUN-1001 : Exported libs
RUN-1001 : Exported entities
RUN-1001 : Exported ports
RUN-1001 : Exported pins
RUN-1001 : Exported instances
RUN-1001 : Exported nets
RUN-1001 : Exported buses
RUN-1001 : Exported models
RUN-1001 : Exported phy database
RUN-1001 : Exported packer
RUN-1001 : Exported congestions
RUN-1001 : Exported violations
RUN-1001 : Exported ATMR Setting
RUN-1001 : Exported timing constraints
RUN-1001 : Exported IO constraints
RUN-1001 : Exported Inst constraints
RUN-1001 : Exported ChipWatcher
RUN-1002 : start command "commit_param -step route"
RUN-1001 : Print Global Property
RUN-1001 : -------------------------------------------------------------
RUN-1001 :     Parameters    |   Settings   |  Default Values  |  Note  
RUN-1001 : -------------------------------------------------------------
RUN-1001 :    enable_seed    |     off      |       off        |        
RUN-1001 :    hfn_to_clock   |  1000000000  |    1000000000    |        
RUN-1001 :      message      |   standard   |     standard     |        
RUN-1001 :    qor_monitor    |      on      |        on        |        
RUN-1001 :   speedup_effort  |      0       |        0         |        
RUN-1001 :    syn_ip_flow    |     off      |       off        |        
RUN-1001 :       thread      |     auto     |       auto       |        
RUN-1001 : -------------------------------------------------------------
RUN-1001 : Print Route Property
RUN-1001 : ---------------------------------------------------------------
RUN-1001 :       Parameters      |  Settings  |  Default Values  |  Note  
RUN-1001 : ---------------------------------------------------------------
RUN-1001 :         effort        |   normal   |      normal      |        
RUN-1001 :        fix_hold       |     on     |        on        |        
RUN-1001 :   hold_fix_iteration  |     5      |        5         |        
RUN-1001 :     post_route_opt    |    auto    |       auto       |        
RUN-1001 :         timing        |     on     |        on        |        
RUN-1001 : ---------------------------------------------------------------
RUN-1002 : start command "route"
RUN-1001 : Open license file D:/td6.2.1/license/Anlogic.lic
PHY-1001 : Reconnected 31 VDD pins with routing demanding
PHY-1001 : Populate physical database on model design_top_wrapper.
RUN-1001 : Dedicate pll clock connection statistics:
RUN-1001 : Clock Region s_0_l [0,0][23,39]; Utilization: 1 out of 12
RUN-1001 : --------------------------------------------------------------------------------------------------------------------------------------------------------------------
RUN-1001 :   Index  |                            Leading Clock                            |                                    Special Sink                                    
RUN-1001 : --------------------------------------------------------------------------------------------------------------------------------------------------------------------
RUN-1001 :     1    |  u_hdmi_pll/u_output/ph1p_phy_pll_wrapper_25a56e5ce2f9_Inst/refclk  |  u_hdmi_pll/u_output/ph1p_phy_pll_wrapper_25a56e5ce2f9_Inst/u_PH1P_PHY_PLL.refclk  
RUN-1001 : --------------------------------------------------------------------------------------------------------------------------------------------------------------------
RUN-1001 : Clock Region s_1_l [0,40][23,79]; Utilization: 1 out of 12
RUN-1001 : ----------------------------------------------------------------------------------------------------------------------------------------------------------------------------------------------------------------------------------
RUN-1001 :   Index  |                                    Leading Clock                                     |                                                          Special Sink                                                           
RUN-1001 : ----------------------------------------------------------------------------------------------------------------------------------------------------------------------------------------------------------------------------------
RUN-1001 :     1    |  u_ph1p35_324_ddr_wrapper/u_ddr2/ph1p_ddrmc_wrapper/ph1p_ddrmc_top/u_alc_mc_top/clk  |  u_ph1p35_324_ddr_wrapper/u_ddr2/ph1p_ddrmc_wrapper/ph1p_ddrmc_top/u_ddr_phy/u_ddrphy_top/u_ddrphy_clk/u_pll1/u_pll_inst.fbclk  
RUN-1001 : ----------------------------------------------------------------------------------------------------------------------------------------------------------------------------------------------------------------------------------
RUN-1001 : Clock Region s_1_r [24,40][43,79]; Utilization: 1 out of 12
RUN-1001 : -----------------------------------------------------------------------------------------------------------------------------------------------------------------------
RUN-1001 :   Index  |                                     Leading Clock                                     |                            Special Sink                             
RUN-1001 : -----------------------------------------------------------------------------------------------------------------------------------------------------------------------
RUN-1001 :     1    |  u_mipi_dphy_rx_ph1p_mipiio_wrapper/u_ph1p_mipiio_rx_wrapper/u_lane0_hs_detect/I_clk  |  u_PLL/ph1p_phy_pll_wrapper_25a56e5ce2f9_Inst/u_PH1P_PHY_PLL.fbclk  
RUN-1001 : -----------------------------------------------------------------------------------------------------------------------------------------------------------------------
PHY-1001 : Working orders of clock nets being processed in bank assignment:
PHY-1001 : u_ph1p35_324_ddr_wrapper/u_ddr2/ph1p_ddrmc_wrapper/ph1p_ddrmc_top/u_alc_mc_top/clk;
PHY-1001 : u_mipi_dphy_rx_ph1p_mipiio_wrapper/u_ph1p_mipiio_rx_wrapper/u_lane0_hs_detect/I_clk;
PHY-1001 : u_hdmi_pll/u_output/ph1p_phy_pll_wrapper_25a56e5ce2f9_Inst/refclk;
PHY-1001 : u_isp_top/u_demosaic/raw_matrix_3x3_buffer_d/zhenghe_d/blk_mem_gen_zhenghe_d1/ram_d32970204f32_Inst/clkb;
PHY-1001 : u_experiment_osd/clk;
PHY-1001 : I_sys_clk_syn_8;
PHY-1001 : O_cam_24m_syn_3;
PHY-1001 : u_hdmi_tx/u_hdmi2phy_wrapper/u0_lane_lvds_8_1/I_serial_clk_syn_1;
PHY-1001 : u_ph1p35_324_ddr_wrapper/u_ddr2/ph1p_ddrmc_wrapper/ph1p_ddrmc_top/u_ddr_phy/u_ddrphy_top/u_ddrphy/apb_pclk_syn_1;
PHY-1001 : Internal bound Intnl_0_0_25_40 is being created by clock MIPI_RX_BYTE_CLK through SCLK.
PHY-1001 : Internal bound Intnl_25_0_23_40 is being created by clock MIPI_RX_BYTE_CLK through SCLK.
PHY-1001 : Internal bound Intnl_0_40_25_40 is being created by clock u_ph1p35_324_ddr_wrapper/u_ddr2/usr_clk through SCLK.
PHY-1001 : Internal bound Intnl_25_40_19_40 is being created by clock MIPI_RX_BYTE_CLK through SCLK.
RUN-1001 : Clock region assignment statistics:
RUN-1001 : Clock Region s_0_l [0,0][23,39]; Utilization: 7 out of 12
RUN-1001 : ----------------------------------------------------------------------------------------------------------------------------------------------------------------------------------------------------------------------------------------------------------------------------------------------------------------------------------------
RUN-1001 :   Bank  |                                                   Leading Clock                                                    |       Type        |                                                                          Buffer                                                                           |  Regional Clock Fanouts  
RUN-1001 : ----------------------------------------------------------------------------------------------------------------------------------------------------------------------------------------------------------------------------------------------------------------------------------------------------------------------------------------
RUN-1001 :    1    |                         u_hdmi_pll/u_output/ph1p_phy_pll_wrapper_25a56e5ce2f9_Inst/refclk                          |  (infered sclk)   |                                                u_hdmi_pll/u_ref/bufg_feedback_auto_created_sclk_s_0_l_bk1                                                 |            1             
RUN-1001 :    2    |      u_isp_top/u_demosaic/raw_matrix_3x3_buffer_d/zhenghe_d/blk_mem_gen_zhenghe_d1/ram_d32970204f32_Inst/clkb      |  (infered sclk)   |                           u_mipi_dphy_rx_ph1p_mipiio_wrapper/u_ph1p_mipiio_rx_wrapper/bufg_feedback_auto_created_sclk_s_0_l_bk2                           |           1483           
RUN-1001 :    3    |                 u_ph1p35_324_ddr_wrapper/u_ddr2/ph1p_ddrmc_wrapper/ph1p_ddrmc_top/u_alc_mc_top/clk                 |  (infered sclk)   |   u_ph1p35_324_ddr_wrapper/u_ddr2/ph1p_ddrmc_wrapper/ph1p_ddrmc_top/u_ddr_phy/u_ddrphy_top/u_ddrphy_clk/u_pll1/u_bufg_fbclk_auto_created_sclk_s_0_l_bk3   |           769            
RUN-1001 :    4    |                                                  I_sys_clk_syn_8                                                   |  (infered sclk)   |                                               I_sys_clk_dup_6_created_gclkinst_auto_created_sclk_s_0_l_bk4                                                |            77            
RUN-1001 :    5    |                                                u_experiment_osd/clk                                                |  (infered sclk)   |                                               u_hdmi_pll/u_output/bufg_feedback_auto_created_sclk_s_0_l_bk5                                               |            68            
RUN-1001 :    6    |  u_ph1p35_324_ddr_wrapper/u_ddr2/ph1p_ddrmc_wrapper/ph1p_ddrmc_top/u_ddr_phy/u_ddrphy_top/u_ddrphy/apb_pclk_syn_1  |  (infered sclk)   |  u_ph1p35_324_ddr_wrapper/u_ddr2/ph1p_ddrmc_wrapper/ph1p_ddrmc_top/u_ddr_phy/u_ddrphy_top/u_ddrphy/apb_pclk_created_gclkinst_auto_created_sclk_s_0_l_bk6  |            3             
RUN-1001 :    7    |                                                  O_cam_24m_syn_3                                                   |  (infered sclk)   |                                               O_cam_24m_dup_1_created_gclkinst_auto_created_sclk_s_0_l_bk7                                                |            2             
RUN-1001 : ----------------------------------------------------------------------------------------------------------------------------------------------------------------------------------------------------------------------------------------------------------------------------------------------------------------------------------------
RUN-1001 : Clock Region s_0_r [24,0][47,39]; Utilization: 6 out of 12
RUN-1001 : ------------------------------------------------------------------------------------------------------------------------------------------------------------------------------------------------------------------------------------------------------------------------------------------------------------------------------
RUN-1001 :   Bank  |                                               Leading Clock                                                |       Type        |                                                                         Buffer                                                                          |  Regional Clock Fanouts  
RUN-1001 : ------------------------------------------------------------------------------------------------------------------------------------------------------------------------------------------------------------------------------------------------------------------------------------------------------------------------------
RUN-1001 :    1    |  u_isp_top/u_demosaic/raw_matrix_3x3_buffer_d/zhenghe_d/blk_mem_gen_zhenghe_d1/ram_d32970204f32_Inst/clkb  |  (infered sclk)   |                          u_mipi_dphy_rx_ph1p_mipiio_wrapper/u_ph1p_mipiio_rx_wrapper/bufg_feedback_auto_created_sclk_s_0_r_bk1                          |           1247           
RUN-1001 :    2    |                                            u_experiment_osd/clk                                            |  (infered sclk)   |                                              u_hdmi_pll/u_output/bufg_feedback_auto_created_sclk_s_0_r_bk2                                              |           1015           
RUN-1001 :    3    |                                              I_sys_clk_syn_8                                               |  (infered sclk)   |                                              I_sys_clk_dup_6_created_gclkinst_auto_created_sclk_s_0_r_bk3                                               |           236            
RUN-1001 :    4    |                                              O_cam_24m_syn_3                                               |  (infered sclk)   |                                              O_cam_24m_dup_1_created_gclkinst_auto_created_sclk_s_0_r_bk4                                               |           189            
RUN-1001 :    5    |             u_ph1p35_324_ddr_wrapper/u_ddr2/ph1p_ddrmc_wrapper/ph1p_ddrmc_top/u_alc_mc_top/clk             |  (infered sclk)   |  u_ph1p35_324_ddr_wrapper/u_ddr2/ph1p_ddrmc_wrapper/ph1p_ddrmc_top/u_ddr_phy/u_ddrphy_top/u_ddrphy_clk/u_pll1/u_bufg_fbclk_auto_created_sclk_s_0_r_bk5  |            27            
RUN-1001 :    6    |            u_mipi_dphy_rx_ph1p_mipiio_wrapper/u_ph1p_mipiio_rx_wrapper/u_lane0_hs_detect/I_clk             |  (infered sclk)   |                                                     u_PLL/bufg_feedback_auto_created_sclk_s_0_r_bk6                                                     |            7             
RUN-1001 : ------------------------------------------------------------------------------------------------------------------------------------------------------------------------------------------------------------------------------------------------------------------------------------------------------------------------------
RUN-1001 : Clock Region s_1_l [0,40][23,79]; Utilization: 3 out of 12
RUN-1001 : ----------------------------------------------------------------------------------------------------------------------------------------------------------------------------------------------------------------------------------------------------------------------------------------------------------------------------------------
RUN-1001 :   Bank  |                                                   Leading Clock                                                    |       Type        |                                                                          Buffer                                                                           |  Regional Clock Fanouts  
RUN-1001 : ----------------------------------------------------------------------------------------------------------------------------------------------------------------------------------------------------------------------------------------------------------------------------------------------------------------------------------------
RUN-1001 :    1    |                 u_ph1p35_324_ddr_wrapper/u_ddr2/ph1p_ddrmc_wrapper/ph1p_ddrmc_top/u_alc_mc_top/clk                 |  (infered sclk)   |   u_ph1p35_324_ddr_wrapper/u_ddr2/ph1p_ddrmc_wrapper/ph1p_ddrmc_top/u_ddr_phy/u_ddrphy_top/u_ddrphy_clk/u_pll1/u_bufg_fbclk_auto_created_sclk_s_1_l_bk1   |           1303           
RUN-1001 :    2    |      u_isp_top/u_demosaic/raw_matrix_3x3_buffer_d/zhenghe_d/blk_mem_gen_zhenghe_d1/ram_d32970204f32_Inst/clkb      |  (infered sclk)   |                           u_mipi_dphy_rx_ph1p_mipiio_wrapper/u_ph1p_mipiio_rx_wrapper/bufg_feedback_auto_created_sclk_s_1_l_bk2                           |           1294           
RUN-1001 :    3    |  u_ph1p35_324_ddr_wrapper/u_ddr2/ph1p_ddrmc_wrapper/ph1p_ddrmc_top/u_ddr_phy/u_ddrphy_top/u_ddrphy/apb_pclk_syn_1  |  (infered sclk)   |  u_ph1p35_324_ddr_wrapper/u_ddr2/ph1p_ddrmc_wrapper/ph1p_ddrmc_top/u_ddr_phy/u_ddrphy_top/u_ddrphy/apb_pclk_created_gclkinst_auto_created_sclk_s_1_l_bk3  |            24            
RUN-1001 : ----------------------------------------------------------------------------------------------------------------------------------------------------------------------------------------------------------------------------------------------------------------------------------------------------------------------------------------
RUN-1001 : Clock Region s_1_r [24,40][43,79]; Utilization: 7 out of 12
RUN-1001 : ------------------------------------------------------------------------------------------------------------------------------------------------------------------------------------------------------------------------------------------------------------------------------------------------------------------------------
RUN-1001 :   Bank  |                                               Leading Clock                                                |       Type        |                                                                         Buffer                                                                          |  Regional Clock Fanouts  
RUN-1001 : ------------------------------------------------------------------------------------------------------------------------------------------------------------------------------------------------------------------------------------------------------------------------------------------------------------------------------
RUN-1001 :    1    |            u_mipi_dphy_rx_ph1p_mipiio_wrapper/u_ph1p_mipiio_rx_wrapper/u_lane0_hs_detect/I_clk             |  (infered sclk)   |                                                     u_PLL/bufg_feedback_auto_created_sclk_s_1_r_bk1                                                     |            1             
RUN-1001 :    2    |  u_isp_top/u_demosaic/raw_matrix_3x3_buffer_d/zhenghe_d/blk_mem_gen_zhenghe_d1/ram_d32970204f32_Inst/clkb  |  (infered sclk)   |                          u_mipi_dphy_rx_ph1p_mipiio_wrapper/u_ph1p_mipiio_rx_wrapper/bufg_feedback_auto_created_sclk_s_1_r_bk2                          |           1313           
RUN-1001 :    3    |                                            u_experiment_osd/clk                                            |  (infered sclk)   |                                              u_hdmi_pll/u_output/bufg_feedback_auto_created_sclk_s_1_r_bk3                                              |           537            
RUN-1001 :    4    |                                              I_sys_clk_syn_8                                               |  (infered sclk)   |                                              I_sys_clk_dup_6_created_gclkinst_auto_created_sclk_s_1_r_bk4                                               |            52            
RUN-1001 :    5    |                      u_hdmi_tx/u_hdmi2phy_wrapper/u0_lane_lvds_8_1/I_serial_clk_syn_1                      |  (infered sclk)   |                         u_hdmi_tx/u_hdmi2phy_wrapper/u0_lane_lvds_8_1/I_serial_clk_created_gclkinst_auto_created_sclk_s_1_r_bk5                         |            37            
RUN-1001 :    6    |             u_ph1p35_324_ddr_wrapper/u_ddr2/ph1p_ddrmc_wrapper/ph1p_ddrmc_top/u_alc_mc_top/clk             |  (infered sclk)   |  u_ph1p35_324_ddr_wrapper/u_ddr2/ph1p_ddrmc_wrapper/ph1p_ddrmc_top/u_ddr_phy/u_ddrphy_top/u_ddrphy_clk/u_pll1/u_bufg_fbclk_auto_created_sclk_s_1_r_bk6  |            19            
RUN-1001 :    7    |                                              O_cam_24m_syn_3                                               |  (infered sclk)   |                                              O_cam_24m_dup_1_created_gclkinst_auto_created_sclk_s_1_r_bk7                                               |            15            
RUN-1001 : ------------------------------------------------------------------------------------------------------------------------------------------------------------------------------------------------------------------------------------------------------------------------------------------------------------------------------
PHY-1001 : Populate physical database on model design_top_wrapper.
PHY-1001 : Route runs in 20 thread(s)
RUN-1001 : There are total 15423 instances
RUN-1001 : 408 mslices, 14503 lslices, 53 pads, 45 brams, 8 dsps
RUN-1001 : There are total 36147 nets
RUN-1001 : 22928 nets have 2 pins
RUN-1001 : 10503 nets have [3 - 5] pins
RUN-1001 : 1914 nets have [6 - 10] pins
RUN-1001 : 539 nets have [11 - 20] pins
RUN-1001 : 222 nets have [21 - 99] pins
RUN-1001 : 41 nets have 100+ pins
RUN-1002 : start command "start_timer"
RUN-1003 : finish command "start_timer" in  3.074516s wall, 3.031250s user + 0.015625s system = 3.046875s CPU (99.1%)

RUN-1004 : used memory is 1358 MB, reserved memory is 1441 MB, peak memory is 1358 MB
PHY-1001 : 408 mslices, 14503 lslices, 53 pads, 45 brams, 8 dsps

PHY-1001 : Stage 1 | Global Routing
PHY-1001 : Start global routing, caller is route ...
RUN-1001 : Generating global routing grids ...
PHY-1001 : Generate routing nets ...
RUN-1001 : Generate nets statistics:
RUN-1001 : ----------------------------
RUN-1001 :        Type       |  Nets   
RUN-1001 : ----------------------------
RUN-1001 :   TotalRouteNets  |  26012  
RUN-1001 :   DontRouteNets   |  5234   
RUN-1001 :     RouteNets     |  20778  
RUN-1001 :     RouteSinks    |  39297  
RUN-1001 : ----------------------------
PHY-1001 : Global iterations in 20 thread ...
PHY-1002 : len = 1.80805e+06, over cnt = 2252(3%), over = 4992, worst = 9
PHY-1002 : len = 1.87342e+06, over cnt = 1449(2%), over = 2622, worst = 9
PHY-1002 : len = 1.93938e+06, over cnt = 309(0%), over = 555, worst = 7
PHY-1002 : len = 1.95512e+06, over cnt = 33(0%), over = 54, worst = 4
PHY-1002 : len = 1.95731e+06, over cnt = 0(0%), over = 0, worst = 0
PHY-1001 : End global iterations;  2.163467s wall, 3.062500s user + 0.031250s system = 3.093750s CPU (143.0%)

PHY-1001 : Congestion index:
PHY-1001 : top1  = 79.23(S 65.73, N 64.60, E 72.40, W 75.41, I 69.54, O 80.02)
PHY-1001 : top5  = 68.52(S 55.59, N 53.37, E 57.00, W 60.27, I 53.47, O 63.59)
PHY-1001 : top10 = 62.76(S 49.35, N 46.87, E 48.93, W 52.29, I 47.43, O 56.67)
PHY-1001 : top15 = 58.96(S 45.04, N 42.59, E 44.05, W 47.28, I 43.63, O 52.71)
PHY-1001 : End global routing;  2.638351s wall, 3.515625s user + 0.046875s system = 3.562500s CPU (135.0%)

PHY-1001 : End Stage 1 | Global Routing; Time: 2.638450s wall, 3.515625s user + 0.046875s system = 3.562500s CPU (135.0%); Memory(MB): used = 1376, reserved = 1441, peak = 1376;

PHY-1001 : Stage 2 | Detail Routing
PHY-1001 : Stage 2.1 | Build Routing Design
PHY-1001 : Routing in high effort: false
PHY-1001 : Routing Mode: normal
PHY-1001 : Generate detailed routing grids ...
RUN-1001 : Constructing routing connections ...
PHY-1001 : End build routing graph; 2.801668s wall, 15.421875s user + 0.234375s system = 15.656250s CPU (558.8%)

PHY-1001 : Generate nets ...
RUN-1001 : Generate nets statistics:
RUN-1001 : ------------------------------
RUN-1001 :         Type        |  Nets   
RUN-1001 : ------------------------------
RUN-1001 :        Route        |  26310  
RUN-1001 :      DontRoute      |  9837   
RUN-1001 :      RouteSinks     |  81060  
RUN-1001 :   RouteEntitySinks  |    0    
RUN-1001 :       Lut2Dff       |    0    
RUN-1001 :       Ram2Dff       |    0    
RUN-1001 :      Carry2Dff      |    0    
RUN-1001 : ------------------------------
RUN-1001 : DR clock net summary:
RUN-1001 : ---------------------------------------------------------------------------------------------------------------------------------------------------
RUN-1001 :   Net Idx  |                                                        Net Name                                                        |  Clock Type  
RUN-1001 : ---------------------------------------------------------------------------------------------------------------------------------------------------
RUN-1001 :      1     |                                                    I_sys_clk_dup_6                                                     |    Normal    
RUN-1001 :      2     |                                                    I_sys_clk_syn_8                                                     |    Normal    
RUN-1001 :      3     |                                                    O_cam_24m_dup_1                                                     |    Normal    
RUN-1001 :      4     |                                                    O_cam_24m_syn_3                                                     |    Normal    
RUN-1001 :      5     |                                                     u_PLL/clk0_buf                                                     |    Normal    
RUN-1001 :      6     |                                                  u_experiment_osd/clk                                                  |    Normal    
RUN-1001 :      7     |                                              u_hdmi_pll/u_output/clk0_buf                                              |    Normal    
RUN-1001 :      8     |                           u_hdmi_pll/u_output/ph1p_phy_pll_wrapper_25a56e5ce2f9_Inst/refclk                            |    Normal    
RUN-1001 :      9     |                                               u_hdmi_pll/u_ref/clk0_buf                                                |    Normal    
RUN-1001 :     10     |                               u_hdmi_tx/u_hdmi2phy_wrapper/u0_lane_lvds_8_1/I_serial_clk                               |    Normal    
RUN-1001 :     11     |                            u_hdmi_tx/u_hdmi2phy_wrapper/u0_lane_lvds_8_1/I_serial_clk_syn_1                            |    Normal    
RUN-1001 :     12     |        u_isp_top/u_demosaic/raw_matrix_3x3_buffer_d/zhenghe_d/blk_mem_gen_zhenghe_d1/ram_d32970204f32_Inst/clkb        |    Normal    
RUN-1001 :     13     |                     u_mipi_dphy_rx_ph1p_mipiio_wrapper/u_ph1p_mipiio_rx_wrapper/S_mipiio_hs_rx_clk                     |    Normal    
RUN-1001 :     14     |                  u_mipi_dphy_rx_ph1p_mipiio_wrapper/u_ph1p_mipiio_rx_wrapper/u_lane0_hs_detect/I_clk                   |    Normal    
RUN-1001 :     15     |                   u_ph1p35_324_ddr_wrapper/u_ddr2/ph1p_ddrmc_wrapper/ph1p_ddrmc_top/u_alc_mc_top/clk                   |    Normal    
RUN-1001 :     16     |       u_ph1p35_324_ddr_wrapper/u_ddr2/ph1p_ddrmc_wrapper/ph1p_ddrmc_top/u_ddr_phy/u_ddrphy_top/u_ddrphy/apb_pclk       |    Normal    
RUN-1001 :     17     |    u_ph1p35_324_ddr_wrapper/u_ddr2/ph1p_ddrmc_wrapper/ph1p_ddrmc_top/u_ddr_phy/u_ddrphy_top/u_ddrphy/apb_pclk_syn_1    |    Normal    
RUN-1001 :     18     |      u_ph1p35_324_ddr_wrapper/u_ddr2/ph1p_ddrmc_wrapper/ph1p_ddrmc_top/u_ddr_phy/u_ddrphy_top/u_ddrphy/ctl_clk[0]      |    Normal    
RUN-1001 :     19     |      u_ph1p35_324_ddr_wrapper/u_ddr2/ph1p_ddrmc_wrapper/ph1p_ddrmc_top/u_ddr_phy/u_ddrphy_top/u_ddrphy/ctl_clk[1]      |    Normal    
RUN-1001 :     20     |      u_ph1p35_324_ddr_wrapper/u_ddr2/ph1p_ddrmc_wrapper/ph1p_ddrmc_top/u_ddr_phy/u_ddrphy_top/u_ddrphy/ddr_clk[0]      |    Normal    
RUN-1001 :     21     |      u_ph1p35_324_ddr_wrapper/u_ddr2/ph1p_ddrmc_wrapper/ph1p_ddrmc_top/u_ddr_phy/u_ddrphy_top/u_ddrphy/ddr_clk[1]      |    Normal    
RUN-1001 :     22     |    u_ph1p35_324_ddr_wrapper/u_ddr2/ph1p_ddrmc_wrapper/ph1p_ddrmc_top/u_ddr_phy/u_ddrphy_top/u_ddrphy_clk/pll0_clk_1    |    Normal    
RUN-1001 :     23     |    u_ph1p35_324_ddr_wrapper/u_ddr2/ph1p_ddrmc_wrapper/ph1p_ddrmc_top/u_ddr_phy/u_ddrphy_top/u_ddrphy_clk/pll0_clk_2    |    Normal    
RUN-1001 :     24     |   u_ph1p35_324_ddr_wrapper/u_ddr2/ph1p_ddrmc_wrapper/ph1p_ddrmc_top/u_ddr_phy/u_ddrphy_top/u_ddrphy_clk/pll0_mlclk_1   |    Normal    
RUN-1001 :     25     |   u_ph1p35_324_ddr_wrapper/u_ddr2/ph1p_ddrmc_wrapper/ph1p_ddrmc_top/u_ddr_phy/u_ddrphy_top/u_ddrphy_clk/pll0_mlclk_2   |    Normal    
RUN-1001 :     26     |  u_ph1p35_324_ddr_wrapper/u_ddr2/ph1p_ddrmc_wrapper/ph1p_ddrmc_top/u_ddr_phy/u_ddrphy_top/u_ddrphy_clk/u_pll1/clkc[0]  |    Normal    
RUN-1001 :     27     |  u_ph1p35_324_ddr_wrapper/u_ddr2/ph1p_ddrmc_wrapper/ph1p_ddrmc_top/u_ddr_phy/u_ddrphy_top/u_ddrphy_clk/u_pll1/refclk   |    Normal    
RUN-1001 : ---------------------------------------------------------------------------------------------------------------------------------------------------
RUN-1001 : DR clock buffer summary:
RUN-1001 : -------------------------------------------------------------------------------------------------------------------------------------------------------------------
RUN-1001 :   Idx  |                                                                           Name                                                                            
RUN-1001 : -------------------------------------------------------------------------------------------------------------------------------------------------------------------
RUN-1001 :    1   |                                                u_hdmi_pll/u_ref/bufg_feedback_auto_created_sclk_s_0_l_bk1                                                 
RUN-1001 :    2   |                           u_mipi_dphy_rx_ph1p_mipiio_wrapper/u_ph1p_mipiio_rx_wrapper/bufg_feedback_auto_created_sclk_s_0_l_bk2                           
RUN-1001 :    3   |   u_ph1p35_324_ddr_wrapper/u_ddr2/ph1p_ddrmc_wrapper/ph1p_ddrmc_top/u_ddr_phy/u_ddrphy_top/u_ddrphy_clk/u_pll1/u_bufg_fbclk_auto_created_sclk_s_0_l_bk3   
RUN-1001 :    4   |                                               I_sys_clk_dup_6_created_gclkinst_auto_created_sclk_s_0_l_bk4                                                
RUN-1001 :    5   |                                               u_hdmi_pll/u_output/bufg_feedback_auto_created_sclk_s_0_l_bk5                                               
RUN-1001 :    6   |  u_ph1p35_324_ddr_wrapper/u_ddr2/ph1p_ddrmc_wrapper/ph1p_ddrmc_top/u_ddr_phy/u_ddrphy_top/u_ddrphy/apb_pclk_created_gclkinst_auto_created_sclk_s_0_l_bk6  
RUN-1001 :    7   |                                               O_cam_24m_dup_1_created_gclkinst_auto_created_sclk_s_0_l_bk7                                                
RUN-1001 :    8   |                           u_mipi_dphy_rx_ph1p_mipiio_wrapper/u_ph1p_mipiio_rx_wrapper/bufg_feedback_auto_created_sclk_s_0_r_bk1                           
RUN-1001 :    9   |                                               u_hdmi_pll/u_output/bufg_feedback_auto_created_sclk_s_0_r_bk2                                               
RUN-1001 :   10   |                                               I_sys_clk_dup_6_created_gclkinst_auto_created_sclk_s_0_r_bk3                                                
RUN-1001 :   11   |                                               O_cam_24m_dup_1_created_gclkinst_auto_created_sclk_s_0_r_bk4                                                
RUN-1001 :   12   |   u_ph1p35_324_ddr_wrapper/u_ddr2/ph1p_ddrmc_wrapper/ph1p_ddrmc_top/u_ddr_phy/u_ddrphy_top/u_ddrphy_clk/u_pll1/u_bufg_fbclk_auto_created_sclk_s_0_r_bk5   
RUN-1001 :   13   |                                                      u_PLL/bufg_feedback_auto_created_sclk_s_0_r_bk6                                                      
RUN-1001 :   14   |   u_ph1p35_324_ddr_wrapper/u_ddr2/ph1p_ddrmc_wrapper/ph1p_ddrmc_top/u_ddr_phy/u_ddrphy_top/u_ddrphy_clk/u_pll1/u_bufg_fbclk_auto_created_sclk_s_1_l_bk1   
RUN-1001 :   15   |                           u_mipi_dphy_rx_ph1p_mipiio_wrapper/u_ph1p_mipiio_rx_wrapper/bufg_feedback_auto_created_sclk_s_1_l_bk2                           
RUN-1001 :   16   |  u_ph1p35_324_ddr_wrapper/u_ddr2/ph1p_ddrmc_wrapper/ph1p_ddrmc_top/u_ddr_phy/u_ddrphy_top/u_ddrphy/apb_pclk_created_gclkinst_auto_created_sclk_s_1_l_bk3  
RUN-1001 :   17   |                                                      u_PLL/bufg_feedback_auto_created_sclk_s_1_r_bk1                                                      
RUN-1001 :   18   |                           u_mipi_dphy_rx_ph1p_mipiio_wrapper/u_ph1p_mipiio_rx_wrapper/bufg_feedback_auto_created_sclk_s_1_r_bk2                           
RUN-1001 :   19   |                                               u_hdmi_pll/u_output/bufg_feedback_auto_created_sclk_s_1_r_bk3                                               
RUN-1001 :   20   |                                               I_sys_clk_dup_6_created_gclkinst_auto_created_sclk_s_1_r_bk4                                                
RUN-1001 :   21   |                          u_hdmi_tx/u_hdmi2phy_wrapper/u0_lane_lvds_8_1/I_serial_clk_created_gclkinst_auto_created_sclk_s_1_r_bk5                          
RUN-1001 :   22   |   u_ph1p35_324_ddr_wrapper/u_ddr2/ph1p_ddrmc_wrapper/ph1p_ddrmc_top/u_ddr_phy/u_ddrphy_top/u_ddrphy_clk/u_pll1/u_bufg_fbclk_auto_created_sclk_s_1_r_bk6   
RUN-1001 :   23   |                                               O_cam_24m_dup_1_created_gclkinst_auto_created_sclk_s_1_r_bk7                                                
RUN-1001 : -------------------------------------------------------------------------------------------------------------------------------------------------------------------
PHY-1001 : End Stage 2.1 | Build Routing Design; Time: 3.324381s wall, 15.937500s user + 0.234375s system = 16.171875s CPU (486.5%); Memory(MB): used = 1696, reserved = 1688, peak = 1696;

RUN-1001 : Top Percentage Crit. Net Stat.
RUN-1001 : -------------------------------------------------------
RUN-1001 :   Top %  |  Net Count  |  Avg. Fanout  |  Avg. Slack   
RUN-1001 : -------------------------------------------------------
RUN-1001 :     1    |     361     |   4.318560    |  3092.204986  
RUN-1001 :     2    |     722     |   3.958449    |  3628.040166  
RUN-1001 :     3    |    1084     |   3.760148    |  4015.077491  
RUN-1001 :     4    |    1445     |   3.553633    |  4261.146713  
RUN-1001 :     5    |    1807     |   3.518539    |  4436.937465  
RUN-1001 :     6    |    2168     |   3.450646    |  4573.979244  
RUN-1001 :     7    |    2530     |   3.268775    |  4688.186957  
RUN-1001 :     8    |    2891     |   3.246627    |  4788.054998  
RUN-1001 :     9    |    3253     |   3.213342    |  4877.868737  
RUN-1001 :    10    |    3614     |   3.257886    |  4958.720531  
RUN-1001 : -------------------------------------------------------
PHY-1001 : Stage 2.2 | Tile Base Routing
PHY-1001 : 226 nets need to preroute.
PHY-1001 : len = 0, over cnt = 0(0%), over = 0, worst = 0, crit = 0
PHY-1001 : End Stage 2.2 | Tile Base Routing; Time: 0.353705s wall, 4.421875s user + 0.015625s system = 4.437500s CPU (1254.6%); Memory(MB): used = 1710, reserved = 1702, peak = 1710;

PHY-1001 : Stage 2.3 | Clock Nets Routing
PHY-1001 : Routed 0% nets.
PHY-1001 : len = 459568, over cnt = 0(0%), over = 0, worst = 0, crit = 0
PHY-1001 : End Stage 2.3 | Clock Nets Routing; Time: 0.490974s wall, 0.500000s user + 0.000000s system = 0.500000s CPU (101.8%); Memory(MB): used = 1725, reserved = 1716, peak = 1725;

PHY-1001 : Stage 2.4 | Routing Initialization
PHY-1001 : Mark 1% net(place mode slack < 3780ps) as critical nets.
PHY-1001 : Stage 2.4.1 | Normal Nets Routing

PHY-1001 : Routed 72% nets.
PHY-1001 : len = 3.03966e+06, over cnt = 12563(0%), over = 13044, worst = 3, crit = 0
PHY-1001 : End Stage 2.4.1 | Normal Nets Routing; Time: 13.790541s wall, 22.625000s user + 0.250000s system = 22.875000s CPU (165.9%); Memory(MB): used = 1822, reserved = 1814, peak = 1822;

PHY-1001 : Stage 2.4.2 | Update Timing
RUN-1002 : start command "start_timer"
8.888000
15.000000
15.000000
13.468000
RUN-1003 : finish command "start_timer" in  2.350071s wall, 2.312500s user + 0.015625s system = 2.328125s CPU (99.1%)

RUN-1004 : used memory is 1824 MB, reserved memory is 1815 MB, peak memory is 1824 MB
PHY-1001 : 0/26012(0%) critical/total net(s).
PHY-1001 : Setup: WNS(ns) = 0.143, TNS(ns) = 0.000, FEP = 0 | Hold: WNS(ns) = -0.198, TNS(ns) = -10.240, FEP = 250.
PHY-1001 : End Stage 2.4.2 | Update Timing; Time: 7.002121s wall, 6.890625s user + 0.046875s system = 6.937500s CPU (99.1%); Memory(MB): used = 1976, reserved = 1969, peak = 1976;

PHY-1001 : Stage 2.4.3 | Deskew Clock Tree
RUN-1001 : Deskew Summary
RUN-1001 : ---------------------------------------------------------------------------------------------------------------------------------
RUN-1001 :                                                 Clock                                                 |  Pre-Skew  |  Post-Skew  
RUN-1001 : ---------------------------------------------------------------------------------------------------------------------------------
RUN-1001 :                                             mipi_rx_ck_pad                                            |     32     |     32      
RUN-1001 :   u_mipi_dphy_rx_ph1p_mipiio_wrapper/u_ph1p_mipiio_rx_wrapper/u_PH1P_LOGIC_DPHY_MIPI_RX.io_clk_pad_p  |     32     |     32      
RUN-1001 :                                            MIPI_RX_BYTE_CLK                                           |     32     |     32      
RUN-1001 :                                              pll_clk_100m                                             |     14     |     14      
RUN-1001 :                                             HDMI_PIXEL_CLK                                            |     27     |     27      
RUN-1001 :                                u_ph1p35_324_ddr_wrapper/u_ddr2/usr_clk                                |     16     |     16      
RUN-1001 :                                              sys_clk_50m                                              |     20     |     20      
RUN-1001 :                                u_ph1p35_324_ddr_wrapper/u_ddr2/mcu_clk                                |     12     |     12      
RUN-1001 :                                              pll_clk_24m                                              |     13     |     13      
RUN-1001 : ---------------------------------------------------------------------------------------------------------------------------------
PHY-1001 : 0/26012(0%) critical/total net(s).
PHY-1001 : Setup: WNS(ns) = 0.143, TNS(ns) = 0.000, FEP = 0 | Hold: WNS(ns) = -0.198, TNS(ns) = -10.240, FEP = 250.
PHY-1001 : End Stage 2.4.3 | Deskew Clock Tree; Time: 4.949397s wall, 4.796875s user + 0.031250s system = 4.828125s CPU (97.5%); Memory(MB): used = 2012, reserved = 2004, peak = 2012;

PHY-1001 : End Stage 2.4 | Routing Initialization; Time: 25.852788s wall, 34.437500s user + 0.343750s system = 34.781250s CPU (134.5%); Memory(MB): used = 2012, reserved = 2004, peak = 2012;

PHY-1001 : Stage 2.5 | Routing Optimization
PHY-1001 : Build lut bridge;  0.129473s wall, 0.125000s user + 0.000000s system = 0.125000s CPU (96.5%)

PHY-1001 : Stage 2.5.1 | Phase 1
PHY-1001 : Stage 2.5.1.1 | Hold TimeOptimization
PHY-1001 : Iter 0; Processed 349 pins with HWNS -0.198ns HTNS -7.419ns FEP 182 took 0.670392 seconds.
PHY-1001 : Iter 1; Processed 560 pins with HWNS 0.020ns HTNS 0.000ns FEP 0 took 2.86234 seconds.
PHY-1001 : len = 3.07923e+06, over cnt = 12469(0%), over = 12947, worst = 3, crit = 0
PHY-1001 : End Stage 2.5.1.1 | Hold TimeOptimization; Time: 3.619501s wall, 3.781250s user + 0.015625s system = 3.796875s CPU (104.9%); Memory(MB): used = 2015, reserved = 2007, peak = 2015;

PHY-1001 : Stage 2.5.1.2 | High Fanout Nets Optimization
PHY-1001 : High fanout net optimize summary:
PHY-1001 : Process 0 nets and 0 pins with SWNS 0.008ns STNS 0.000ns FEP 0.
PHY-1001 : len = 3.07923e+06, over cnt = 12469(0%), over = 12947, worst = 3, crit = 0
PHY-1001 : End Stage 2.5.1.2 | High Fanout Nets Optimization; Time: 0.280492s wall, 0.343750s user + 0.000000s system = 0.343750s CPU (122.6%); Memory(MB): used = 2015, reserved = 2007, peak = 2015;

PHY-1001 : Stage 2.5.1.3 | Setup TimeOptimization
PHY-1001 : Start to optimize setup violation with net base ...
PHY-1001 : Iter 1; Processed 2 pins with SWNS 0.143ns STNS 0.000ns FEP 0 took 0.170554 seconds.
PHY-1001 : len = 3.07859e+06, over cnt = 12469(0%), over = 12948, worst = 3, crit = 0
PHY-1001 : End Stage 2.5.1.3 | Setup TimeOptimization; Time: 0.436116s wall, 0.718750s user + 0.000000s system = 0.718750s CPU (164.8%); Memory(MB): used = 2015, reserved = 2007, peak = 2015;

PHY-1001 : Stage 2.5.1.4 | Rip-up And ReRoute
PHY-0007 : Congestion: {77.57, 69.35, 64.68, 61.51}; Timing: {0.143ns, 0.000ns, 0}
PHY-1001 : Iter 1: len = 3.14869e+06, over cnt = 6664(0%), over = 6799, worst = 3, crit = 0, time(s) = 4.14
PHY-1001 : Iter 2: len = 3.17323e+06, over cnt = 3969(0%), over = 3998, worst = 2, crit = 0, time(s) = 2.96
PHY-1001 : Iter 3: len = 3.17622e+06, over cnt = 3191(0%), over = 3206, worst = 2, crit = 0, time(s) = 1.82
PHY-1001 : Iter 4: len = 3.2155e+06, over cnt = 1624(0%), over = 1625, worst = 2, crit = 0, time(s) = 1.30
PHY-1001 : Iter 5: len = 3.23181e+06, over cnt = 983(0%), over = 983, worst = 1, crit = 0, time(s) = 1.19
PHY-1001 : Iter 6: len = 3.23435e+06, over cnt = 890(0%), over = 890, worst = 1, crit = 0, time(s) = 0.61
PHY-1001 : Iter 7: len = 3.23469e+06, over cnt = 872(0%), over = 872, worst = 1, crit = 0, time(s) = 0.49
PHY-1001 : Marking 8 (0.21%) hot zones with cutoff utilization 81.08.
PHY-1001 : Iter 8: len = 3.2667e+06, over cnt = 238(0%), over = 238, worst = 1, crit = 0, time(s) = 0.61
PHY-1001 : Iter 9: len = 3.27237e+06, over cnt = 135(0%), over = 135, worst = 1, crit = 0, time(s) = 0.33
PHY-1001 : Iter 10: len = 3.2799e+06, over cnt = 51(0%), over = 51, worst = 1, crit = 0, time(s) = 0.19
PHY-1001 : Iter 11: len = 3.28189e+06, over cnt = 22(0%), over = 22, worst = 1, crit = 0, time(s) = 0.10
PHY-1001 : Iter 12: len = 3.28309e+06, over cnt = 3(0%), over = 3, worst = 1, crit = 0, time(s) = 0.08
PHY-1001 : Marking 8 (0.21%) hot zones with cutoff utilization 81.08.
PHY-1001 : Iter 13: len = 3.28325e+06, over cnt = 0(0%), over = 0, worst = 0, crit = 0, time(s) = 0.04
PHY-1001 : Marking 8 (0.21%) hot zones with cutoff utilization 81.08.
PHY-1001 : Commit 20311 pin swap with 0 error; 3.637997s wall, 3.609375s user + 0.015625s system = 3.625000s CPU (99.6%)

PHY-1001 : Update congestion ...
PHY-1001 : Marking 8 (0.21%) hot zones with cutoff utilization 81.08.
PHY-1001 : Congestion index:
PHY-1001 : top1  = 81.93(S 69.56, N 70.08, E 78.03, W 78.79, I 69.54, O 80.02)
PHY-1001 : top5  = 74.09(S 61.75, N 59.75, E 65.51, W 69.35, I 53.47, O 63.59)
PHY-1001 : top10 = 69.46(S 56.96, N 54.11, E 58.95, W 63.26, I 47.43, O 56.67)
PHY-1001 : top15 = 66.35(S 53.46, N 50.48, E 54.69, W 59.07, I 43.63, O 52.71)
PHY-1001 : End update congestion; 0.020082s wall, 0.140625s user + 0.000000s system = 0.140625s CPU (700.3%)

PHY-1001 : End Stage 2.5.1.4 | Rip-up And ReRoute; Time: 17.691322s wall, 34.718750s user + 0.203125s system = 34.921875s CPU (197.4%); Memory(MB): used = 2015, reserved = 2007, peak = 2015;

PHY-1001 : Stage 2.5.1.5 | Update Timing
RUN-1002 : start command "start_timer"
RUN-1003 : finish command "start_timer" in  1.985113s wall, 1.921875s user + 0.046875s system = 1.968750s CPU (99.2%)

RUN-1004 : used memory is 2015 MB, reserved memory is 2007 MB, peak memory is 2015 MB
PHY-1001 : 0/26012(0%) critical/total net(s).
PHY-1001 : Setup: WNS(ns) = 0.143, TNS(ns) = 0.000, FEP = 0 | Hold: WNS(ns) = -0.047, TNS(ns) = -0.382, FEP = 17.
PHY-1001 : End Stage 2.5.1.5 | Update Timing; Time: 6.607666s wall, 6.375000s user + 0.093750s system = 6.468750s CPU (97.9%); Memory(MB): used = 2015, reserved = 2007, peak = 2015;

PHY-1001 : Stage 2.5.1.6 | Commit Data
PHY-1001 : Commit better result to database ...
PHY-1001 : End Stage 2.5.1.6 | Commit Data; Time: 0.117635s wall, 0.109375s user + 0.015625s system = 0.125000s CPU (106.3%); Memory(MB): used = 2029, reserved = 2021, peak = 2029;

PHY-1001 : End Stage 2.5.1 | Phase 1; Time: 29.224535s wall, 46.796875s user + 0.359375s system = 47.156250s CPU (161.4%); Memory(MB): used = 2029, reserved = 2021, peak = 2029;

PHY-1001 : End Stage 2.5 | Routing Optimization; Time: 34.238953s wall, 51.687500s user + 0.390625s system = 52.078125s CPU (152.1%); Memory(MB): used = 2029, reserved = 2021, peak = 2029;

PHY-1001 : Stage 2.6 | Multi-try route Optimization
PHY-1001 : End Stage 2.6 | Multi-try route Optimization; Time: 0.057990s wall, 0.062500s user + 0.000000s system = 0.062500s CPU (107.8%); Memory(MB): used = 2029, reserved = 2021, peak = 2029;

PHY-1003 : Routed, final wirelength = 3.28325e+06
RUN-1001 : Clock region assignment statistics:
RUN-1001 : Clock Region s_0_l [0,0][23,39]; Utilization: 7 out of 12
RUN-1001 : -----------------------------------------------------------------------------------------------------------------------------------------------------------------------------------------------------------------------------------------------------------------------------------------------------------------------------------------------------------------------------------------------------------------------------------------------------
RUN-1001 :   Bank  |                                                   Assigned Clock                                                   |                                                    Route Clock                                                     |  Marking  |                                                                          Buffer                                                                           |  Regional Clock Fanouts  
RUN-1001 : -----------------------------------------------------------------------------------------------------------------------------------------------------------------------------------------------------------------------------------------------------------------------------------------------------------------------------------------------------------------------------------------------------------------------------------------------------
RUN-1001 :    1    |                         u_hdmi_pll/u_output/ph1p_phy_pll_wrapper_25a56e5ce2f9_Inst/refclk                          |                         u_hdmi_pll/u_output/ph1p_phy_pll_wrapper_25a56e5ce2f9_Inst/refclk                          |           |                                                u_hdmi_pll/u_ref/bufg_feedback_auto_created_sclk_s_0_l_bk1                                                 |            1             
RUN-1001 :    2    |      u_isp_top/u_demosaic/raw_matrix_3x3_buffer_d/zhenghe_d/blk_mem_gen_zhenghe_d1/ram_d32970204f32_Inst/clkb      |      u_isp_top/u_demosaic/raw_matrix_3x3_buffer_d/zhenghe_d/blk_mem_gen_zhenghe_d1/ram_d32970204f32_Inst/clkb      |           |                           u_mipi_dphy_rx_ph1p_mipiio_wrapper/u_ph1p_mipiio_rx_wrapper/bufg_feedback_auto_created_sclk_s_0_l_bk2                           |           1483           
RUN-1001 :    3    |                 u_ph1p35_324_ddr_wrapper/u_ddr2/ph1p_ddrmc_wrapper/ph1p_ddrmc_top/u_alc_mc_top/clk                 |                 u_ph1p35_324_ddr_wrapper/u_ddr2/ph1p_ddrmc_wrapper/ph1p_ddrmc_top/u_alc_mc_top/clk                 |           |   u_ph1p35_324_ddr_wrapper/u_ddr2/ph1p_ddrmc_wrapper/ph1p_ddrmc_top/u_ddr_phy/u_ddrphy_top/u_ddrphy_clk/u_pll1/u_bufg_fbclk_auto_created_sclk_s_0_l_bk3   |           769            
RUN-1001 :    4    |                                                  I_sys_clk_syn_8                                                   |                                                  I_sys_clk_syn_8                                                   |           |                                               I_sys_clk_dup_6_created_gclkinst_auto_created_sclk_s_0_l_bk4                                                |            77            
RUN-1001 :    5    |                                                u_experiment_osd/clk                                                |                                                u_experiment_osd/clk                                                |           |                                               u_hdmi_pll/u_output/bufg_feedback_auto_created_sclk_s_0_l_bk5                                               |            68            
RUN-1001 :    6    |  u_ph1p35_324_ddr_wrapper/u_ddr2/ph1p_ddrmc_wrapper/ph1p_ddrmc_top/u_ddr_phy/u_ddrphy_top/u_ddrphy/apb_pclk_syn_1  |  u_ph1p35_324_ddr_wrapper/u_ddr2/ph1p_ddrmc_wrapper/ph1p_ddrmc_top/u_ddr_phy/u_ddrphy_top/u_ddrphy/apb_pclk_syn_1  |           |  u_ph1p35_324_ddr_wrapper/u_ddr2/ph1p_ddrmc_wrapper/ph1p_ddrmc_top/u_ddr_phy/u_ddrphy_top/u_ddrphy/apb_pclk_created_gclkinst_auto_created_sclk_s_0_l_bk6  |            3             
RUN-1001 :    7    |                                                  O_cam_24m_syn_3                                                   |                                                  O_cam_24m_syn_3                                                   |           |                                               O_cam_24m_dup_1_created_gclkinst_auto_created_sclk_s_0_l_bk7                                                |            2             
RUN-1001 : -----------------------------------------------------------------------------------------------------------------------------------------------------------------------------------------------------------------------------------------------------------------------------------------------------------------------------------------------------------------------------------------------------------------------------------------------------
RUN-1001 : Clock Region s_0_r [24,0][47,39]; Utilization: 6 out of 12
RUN-1001 : -----------------------------------------------------------------------------------------------------------------------------------------------------------------------------------------------------------------------------------------------------------------------------------------------------------------------------------------------------------------------------------------------------------------------------------
RUN-1001 :   Bank  |                                               Assigned Clock                                               |                                                Route Clock                                                 |  Marking  |                                                                         Buffer                                                                          |  Regional Clock Fanouts  
RUN-1001 : -----------------------------------------------------------------------------------------------------------------------------------------------------------------------------------------------------------------------------------------------------------------------------------------------------------------------------------------------------------------------------------------------------------------------------------
RUN-1001 :    1    |  u_isp_top/u_demosaic/raw_matrix_3x3_buffer_d/zhenghe_d/blk_mem_gen_zhenghe_d1/ram_d32970204f32_Inst/clkb  |  u_isp_top/u_demosaic/raw_matrix_3x3_buffer_d/zhenghe_d/blk_mem_gen_zhenghe_d1/ram_d32970204f32_Inst/clkb  |           |                          u_mipi_dphy_rx_ph1p_mipiio_wrapper/u_ph1p_mipiio_rx_wrapper/bufg_feedback_auto_created_sclk_s_0_r_bk1                          |           1247           
RUN-1001 :    2    |                                            u_experiment_osd/clk                                            |                                            u_experiment_osd/clk                                            |           |                                              u_hdmi_pll/u_output/bufg_feedback_auto_created_sclk_s_0_r_bk2                                              |           1015           
RUN-1001 :    3    |                                              I_sys_clk_syn_8                                               |                                              I_sys_clk_syn_8                                               |           |                                              I_sys_clk_dup_6_created_gclkinst_auto_created_sclk_s_0_r_bk3                                               |           236            
RUN-1001 :    4    |                                              O_cam_24m_syn_3                                               |                                              O_cam_24m_syn_3                                               |           |                                              O_cam_24m_dup_1_created_gclkinst_auto_created_sclk_s_0_r_bk4                                               |           189            
RUN-1001 :    5    |             u_ph1p35_324_ddr_wrapper/u_ddr2/ph1p_ddrmc_wrapper/ph1p_ddrmc_top/u_alc_mc_top/clk             |             u_ph1p35_324_ddr_wrapper/u_ddr2/ph1p_ddrmc_wrapper/ph1p_ddrmc_top/u_alc_mc_top/clk             |           |  u_ph1p35_324_ddr_wrapper/u_ddr2/ph1p_ddrmc_wrapper/ph1p_ddrmc_top/u_ddr_phy/u_ddrphy_top/u_ddrphy_clk/u_pll1/u_bufg_fbclk_auto_created_sclk_s_0_r_bk5  |            27            
RUN-1001 :    6    |            u_mipi_dphy_rx_ph1p_mipiio_wrapper/u_ph1p_mipiio_rx_wrapper/u_lane0_hs_detect/I_clk             |            u_mipi_dphy_rx_ph1p_mipiio_wrapper/u_ph1p_mipiio_rx_wrapper/u_lane0_hs_detect/I_clk             |           |                                                     u_PLL/bufg_feedback_auto_created_sclk_s_0_r_bk6                                                     |            7             
RUN-1001 : -----------------------------------------------------------------------------------------------------------------------------------------------------------------------------------------------------------------------------------------------------------------------------------------------------------------------------------------------------------------------------------------------------------------------------------
RUN-1001 : Clock Region s_1_l [0,40][23,79]; Utilization: 3 out of 12
RUN-1001 : -----------------------------------------------------------------------------------------------------------------------------------------------------------------------------------------------------------------------------------------------------------------------------------------------------------------------------------------------------------------------------------------------------------------------------------------------------
RUN-1001 :   Bank  |                                                   Assigned Clock                                                   |                                                    Route Clock                                                     |  Marking  |                                                                          Buffer                                                                           |  Regional Clock Fanouts  
RUN-1001 : -----------------------------------------------------------------------------------------------------------------------------------------------------------------------------------------------------------------------------------------------------------------------------------------------------------------------------------------------------------------------------------------------------------------------------------------------------
RUN-1001 :    1    |                 u_ph1p35_324_ddr_wrapper/u_ddr2/ph1p_ddrmc_wrapper/ph1p_ddrmc_top/u_alc_mc_top/clk                 |                 u_ph1p35_324_ddr_wrapper/u_ddr2/ph1p_ddrmc_wrapper/ph1p_ddrmc_top/u_alc_mc_top/clk                 |           |   u_ph1p35_324_ddr_wrapper/u_ddr2/ph1p_ddrmc_wrapper/ph1p_ddrmc_top/u_ddr_phy/u_ddrphy_top/u_ddrphy_clk/u_pll1/u_bufg_fbclk_auto_created_sclk_s_1_l_bk1   |           1303           
RUN-1001 :    2    |      u_isp_top/u_demosaic/raw_matrix_3x3_buffer_d/zhenghe_d/blk_mem_gen_zhenghe_d1/ram_d32970204f32_Inst/clkb      |      u_isp_top/u_demosaic/raw_matrix_3x3_buffer_d/zhenghe_d/blk_mem_gen_zhenghe_d1/ram_d32970204f32_Inst/clkb      |           |                           u_mipi_dphy_rx_ph1p_mipiio_wrapper/u_ph1p_mipiio_rx_wrapper/bufg_feedback_auto_created_sclk_s_1_l_bk2                           |           1294           
RUN-1001 :    3    |  u_ph1p35_324_ddr_wrapper/u_ddr2/ph1p_ddrmc_wrapper/ph1p_ddrmc_top/u_ddr_phy/u_ddrphy_top/u_ddrphy/apb_pclk_syn_1  |  u_ph1p35_324_ddr_wrapper/u_ddr2/ph1p_ddrmc_wrapper/ph1p_ddrmc_top/u_ddr_phy/u_ddrphy_top/u_ddrphy/apb_pclk_syn_1  |           |  u_ph1p35_324_ddr_wrapper/u_ddr2/ph1p_ddrmc_wrapper/ph1p_ddrmc_top/u_ddr_phy/u_ddrphy_top/u_ddrphy/apb_pclk_created_gclkinst_auto_created_sclk_s_1_l_bk3  |            24            
RUN-1001 : -----------------------------------------------------------------------------------------------------------------------------------------------------------------------------------------------------------------------------------------------------------------------------------------------------------------------------------------------------------------------------------------------------------------------------------------------------
PHY-1001 : Sector 3, clock routing of x43y59_clk_auto_gnd.fbclk[43,79] is not in assigned region.
RUN-1001 : Clock Region s_1_r [24,40][43,79]; Utilization: 8 out of 12
RUN-1001 : -----------------------------------------------------------------------------------------------------------------------------------------------------------------------------------------------------------------------------------------------------------------------------------------------------------------------------------------------------------------------------------------------------------------------------------
RUN-1001 :   Bank  |                                               Assigned Clock                                               |                                                Route Clock                                                 |  Marking  |                                                                         Buffer                                                                          |  Regional Clock Fanouts  
RUN-1001 : -----------------------------------------------------------------------------------------------------------------------------------------------------------------------------------------------------------------------------------------------------------------------------------------------------------------------------------------------------------------------------------------------------------------------------------
RUN-1001 :    1    |            u_mipi_dphy_rx_ph1p_mipiio_wrapper/u_ph1p_mipiio_rx_wrapper/u_lane0_hs_detect/I_clk             |            u_mipi_dphy_rx_ph1p_mipiio_wrapper/u_ph1p_mipiio_rx_wrapper/u_lane0_hs_detect/I_clk             |           |                                                     u_PLL/bufg_feedback_auto_created_sclk_s_1_r_bk1                                                     |            1             
RUN-1001 :    2    |  u_isp_top/u_demosaic/raw_matrix_3x3_buffer_d/zhenghe_d/blk_mem_gen_zhenghe_d1/ram_d32970204f32_Inst/clkb  |  u_isp_top/u_demosaic/raw_matrix_3x3_buffer_d/zhenghe_d/blk_mem_gen_zhenghe_d1/ram_d32970204f32_Inst/clkb  |           |                          u_mipi_dphy_rx_ph1p_mipiio_wrapper/u_ph1p_mipiio_rx_wrapper/bufg_feedback_auto_created_sclk_s_1_r_bk2                          |           1313           
RUN-1001 :    3    |                                            u_experiment_osd/clk                                            |                                            u_experiment_osd/clk                                            |           |                                              u_hdmi_pll/u_output/bufg_feedback_auto_created_sclk_s_1_r_bk3                                              |           537            
RUN-1001 :    4    |                                              I_sys_clk_syn_8                                               |                                              I_sys_clk_syn_8                                               |           |                                              I_sys_clk_dup_6_created_gclkinst_auto_created_sclk_s_1_r_bk4                                               |            52            
RUN-1001 :    5    |                      u_hdmi_tx/u_hdmi2phy_wrapper/u0_lane_lvds_8_1/I_serial_clk_syn_1                      |                      u_hdmi_tx/u_hdmi2phy_wrapper/u0_lane_lvds_8_1/I_serial_clk_syn_1                      |           |                         u_hdmi_tx/u_hdmi2phy_wrapper/u0_lane_lvds_8_1/I_serial_clk_created_gclkinst_auto_created_sclk_s_1_r_bk5                         |            37            
RUN-1001 :    6    |             u_ph1p35_324_ddr_wrapper/u_ddr2/ph1p_ddrmc_wrapper/ph1p_ddrmc_top/u_alc_mc_top/clk             |             u_ph1p35_324_ddr_wrapper/u_ddr2/ph1p_ddrmc_wrapper/ph1p_ddrmc_top/u_alc_mc_top/clk             |           |  u_ph1p35_324_ddr_wrapper/u_ddr2/ph1p_ddrmc_wrapper/ph1p_ddrmc_top/u_ddr_phy/u_ddrphy_top/u_ddrphy_clk/u_pll1/u_bufg_fbclk_auto_created_sclk_s_1_r_bk6  |            19            
RUN-1001 :    7    |                                              O_cam_24m_syn_3                                               |                                              O_cam_24m_syn_3                                               |           |                                              O_cam_24m_dup_1_created_gclkinst_auto_created_sclk_s_1_r_bk7                                               |            15            
RUN-1001 :    12   |                                                     -                                                      |                                            x43y59_clk_auto_gnd                                             |     +     |                                                                            -                                                                            |            0             
RUN-1001 : -----------------------------------------------------------------------------------------------------------------------------------------------------------------------------------------------------------------------------------------------------------------------------------------------------------------------------------------------------------------------------------------------------------------------------------
RUN-1002 : start command "export_db camera_to_dsi_display_pr.db"
RUN-1001 : Exported flow parameters
RUN-1001 : Exported /
RUN-1001 : Exported libs
RUN-1001 : Exported entities
RUN-1001 : Exported ports
RUN-1001 : Exported pins
RUN-1001 : Exported instances
RUN-1001 : Exported nets
RUN-1001 : Exported buses
RUN-1001 : Exported models
RUN-1001 : Exported phy database
RUN-1001 : Exported packer
RUN-1001 : Exported congestions
RUN-1001 : Exported violations
RUN-1001 : Exported ATMR Setting
RUN-1001 : Exported timing constraints
RUN-1001 : Exported IO constraints
RUN-1001 : Exported Inst constraints
RUN-1001 : Exported ChipWatcher
RUN-1003 : finish command "export_db camera_to_dsi_display_pr.db" in  1.146844s wall, 1.515625s user + 0.062500s system = 1.578125s CPU (137.6%)

RUN-1004 : used memory is 2109 MB, reserved memory is 2220 MB, peak memory is 2109 MB
PHY-1001 : Current memory(MB): used = 2109, reserved = 2220, peak = 2109.
PHY-1001 : End export database. 1.209826s wall, 1.578125s user + 0.062500s system = 1.640625s CPU (135.6%)

PHY-1001 : End detail routing;  67.666753s wall, 110.703125s user + 1.046875s system = 111.750000s CPU (165.1%)

PHY-1001 : End Stage 2 | Detail Routing; Time: 67.668615s wall, 110.703125s user + 1.046875s system = 111.750000s CPU (165.1%); Memory(MB): used = 2109, reserved = 2220, peak = 2109;

RUN-1002 : start command "fix_hold"

PHY-1001 : Stage 3 | Hold Fix
PHY-1001 : Stage 3.1 | Load Design Data
PHY-1034 : Refresh detailed routing grids ...
PHY-1001 : Generate nets ...
PHY-1001 : eco open net = 0
PHY-1001 : End Stage 3.1 | Load Design Data; Time: 0.442386s wall, 0.437500s user + 0.000000s system = 0.437500s CPU (98.9%); Memory(MB): used = 2109, reserved = 2220, peak = 2109;

PHY-1001 : Stage 3.2 | Hold Fix Optimization
RUN-1002 : start command "start_timer"
RUN-1003 : finish command "start_timer" in  1.770274s wall, 1.718750s user + 0.015625s system = 1.734375s CPU (98.0%)

RUN-1004 : used memory is 2109 MB, reserved memory is 2220 MB, peak memory is 2109 MB
PHY-1001 : Timing info: SWNS 0.143ns | STNS 0.000ns | HWNS -0.047ns | HTNS -0.382ns.
PHY-1001 : Processing hold violation on 40 end-point, worst slack = -47ps, best slack = 417ps.
PHY-1001 : End timing refresh.  6.231676s wall, 6.125000s user + 0.015625s system = 6.140625s CPU (98.5%)

PHY-1001 : Stage 3.2.1 | Phase 1
PHY-1001 : Stage 3.2.1.1 | Hold Fix By LutBridge
PHY-1001 : len = 3.28606e+06, over cnt = 0(0%), over = 0, worst = 0, crit = 0
PHY-1001 : Bridge count = 5; unresolved count = 0.
PHY-1001 : 6 out of 40 ((15.00)%) EP fixed by LB.
PHY-1001 : End Stage 3.2.1.1 | Hold Fix By LutBridge; Time: 1.144109s wall, 1.140625s user + 0.000000s system = 1.140625s CPU (99.7%); Memory(MB): used = 2109, reserved = 2220, peak = 2109;

PHY-1001 : Timing info: SWNS 0.143ns | STNS 0.000ns | HWNS -0.018ns | HTNS -0.018ns.
PHY-1001 : Processing hold violation on 8 end-point, worst slack = -18ps, best slack = 417ps.
PHY-1001 : End timing refresh.  0.095395s wall, 0.093750s user + 0.000000s system = 0.093750s CPU (98.3%)

PHY-1001 : Stage 3.2.1.2 | Hold Fix By Pin
PHY-1001 : len = 3.28626e+06, over cnt = 0(0%), over = 0, worst = 0, crit = 0
PHY-1001 : 8 out of 8 ((100.00)%) EP fixed by pin delay.
PHY-1001 : End Stage 3.2.1.2 | Hold Fix By Pin; Time: 0.230970s wall, 0.312500s user + 0.031250s system = 0.343750s CPU (148.8%); Memory(MB): used = 2109, reserved = 2220, peak = 2109;

PHY-1001 : Timing info: SWNS 0.143ns | STNS 0.000ns | HWNS 0.020ns | HTNS 0.000ns.
PHY-1001 : End timing refresh.  0.097731s wall, 0.093750s user + 0.000000s system = 0.093750s CPU (95.9%)

PHY-1001 : End Stage 3.2.1 | Phase 1; Time: 1.609029s wall, 1.687500s user + 0.031250s system = 1.718750s CPU (106.8%); Memory(MB): used = 2109, reserved = 2220, peak = 2109;

PHY-1001 : End Stage 3.2 | Hold Fix Optimization; Time: 7.842070s wall, 7.812500s user + 0.046875s system = 7.859375s CPU (100.2%); Memory(MB): used = 2109, reserved = 2220, peak = 2109;

PHY-1001 : End Stage 3 | Hold Fix; Time: 8.439701s wall, 8.406250s user + 0.046875s system = 8.453125s CPU (100.2%); Memory(MB): used = 2109, reserved = 2220, peak = 2109;

RUN-1003 : finish command "fix_hold" in  8.468256s wall, 8.437500s user + 0.046875s system = 8.484375s CPU (100.2%)

RUN-1004 : used memory is 2109 MB, reserved memory is 2220 MB, peak memory is 2109 MB
PHY-1001 : Stage 4 | Report Route Qor
RUN-1002 : start command "report_qor -step route -file route.qor"
RUN-1002 : start command "start_timer"
RUN-1003 : finish command "start_timer" in  1.845634s wall, 1.765625s user + 0.015625s system = 1.781250s CPU (96.5%)

RUN-1004 : used memory is 2109 MB, reserved memory is 2220 MB, peak memory is 2109 MB
TMR-2502 : Net delay update with mode: Routed
-----------------------------------------------------------
| QoR metrics               |         value               |
-----------------------------------------------------------
| Timing                    |                             |
|     Setup WNS             |          143                |
|     Setup TNS             |            0                |
|     Num of violated S-EP  |            0                |
|     Hold WNS              |           20                |
|     Hold TNS              |            0                |
|     Num of violated H-EP  |            0                |
-----------------------------------------------------------
| Routing Resource          |                             |
|     Wire length           |      3286256                |
-----------------------------------------------------------
| Utilization               |                             |
|     #slices               |        14911                |
|     slices percentage     |       70.28%                |
|     #RAMs                 |           45                |
|     #DSPs                 |            8                |
|     #DRAMHARDCON          |           37                |
-----------------------------------------------------------
Report route stage QoR done.

RUN-1003 : finish command "report_qor -step route -file route.qor" in  6.448518s wall, 6.281250s user + 0.062500s system = 6.343750s CPU (98.4%)

RUN-1004 : used memory is 2109 MB, reserved memory is 2220 MB, peak memory is 2109 MB
RUN-1002 : start command "update_timing -mode final"
RUN-1002 : start command "start_timer"
RUN-1003 : finish command "start_timer" in  1.825275s wall, 1.812500s user + 0.000000s system = 1.812500s CPU (99.3%)

RUN-1004 : used memory is 2109 MB, reserved memory is 2220 MB, peak memory is 2109 MB
RUN-1003 : finish command "update_timing -mode final" in  6.274322s wall, 6.078125s user + 0.031250s system = 6.109375s CPU (97.4%)

RUN-1004 : used memory is 2109 MB, reserved memory is 2220 MB, peak memory is 2109 MB
RUN-1002 : start command "report_timing_summary -file final_timing.rpt"
OPT-1001 : QoR tracer report on route step:
    SWNS [   incr ]    STNS [   incr ]  S-FEPS [   incr ]    HWNS [   incr ]      HTNS [     incr ]    H-FEPS [     incr ]    CELL [   incr ]       WL [    incr ]   RT(s) [   incr ]   MEM(mb) [     incr ]
     143 [      0 ]       0 [      0 ]       0 [      0 ]    -198 [      0 ]    -10240 [        0 ]       250 [        0 ]   15423 [      0 ]  3039664 [       0 ]      40 [      0 ]      2012 [        0 ] : dr_initialization
     143 [      0 ]       0 [      0 ]       0 [      0 ]     -20 [    178 ]       -20 [    10220 ]         1 [     -249 ]   15423 [      0 ]  3078592 [   38928 ]      49 [      9 ]      2015 [        3 ] : dr_timing_opt_phase1
     143 [      0 ]       0 [      0 ]       0 [      0 ]     -47 [    -27 ]      -382 [     -362 ]        17 [       16 ]   15423 [      0 ]  3283248 [  204656 ]      74 [     25 ]      2029 [       14 ] : dr_opt_phase1
     143 [      0 ]       0 [      0 ]       0 [      0 ]     -47 [      0 ]      -382 [        0 ]        17 [        0 ]   15423 [      0 ]  3283248 [       0 ]      74 [      0 ]      2029 [        0 ] : multi_try_opt
     143 [      0 ]       0 [      0 ]       0 [      0 ]      20 [     67 ]         0 [      382 ]         0 [      -17 ]   15423 [      0 ]  3286256 [    3008 ]      84 [     10 ]      2109 [       80 ] : fix_hold_opt

PHY-1001 : End Stage 4 | Report Route Qor; Time: 12.910151s wall, 12.515625s user + 0.125000s system = 12.640625s CPU (97.9%); Memory(MB): used = 2109, reserved = 2220, peak = 2109;

PHY-1001 : Stage 5 | Design Rule Check
PHY-1001 : Stage 5.1 | Check And Add Lut-bridge
PHY-1001 : End Stage 5.1 | Check And Add Lut-bridge; Time: 0.084409s wall, 0.062500s user + 0.031250s system = 0.093750s CPU (111.1%); Memory(MB): used = 2109, reserved = 2220, peak = 2109;

PHY-1001 : Stage 5.2 | Lut Bridge Check
PHY-1001 : End Stage 5.2 | Lut Bridge Check; Time: 0.192230s wall, 0.187500s user + 0.000000s system = 0.187500s CPU (97.5%); Memory(MB): used = 2109, reserved = 2220, peak = 2109;

PHY-1001 : Stage 5.3 | Pin swap Check
PHY-1001 : End Stage 5.3 | Pin swap Check; Time: 0.034667s wall, 0.031250s user + 0.000000s system = 0.031250s CPU (90.1%); Memory(MB): used = 2109, reserved = 2220, peak = 2109;

PHY-1001 : Stage 5.4 | Physical Net Status Check
PHY-1001 : End Stage 5.4 | Physical Net Status Check; Time: 0.076310s wall, 0.078125s user + 0.000000s system = 0.078125s CPU (102.4%); Memory(MB): used = 2109, reserved = 2220, peak = 2109;

PHY-1001 : Start multi-drive drc check......
PHY-1001 : No multi-drive.
PHY-1001 : Stage 5.5 | Clock Net Status Check
PHY-1001 : All clock nets do not utilize local routing resource.
PHY-1001 : End Stage 5.5 | Clock Net Status Check; Time: 0.021495s wall, 0.015625s user + 0.000000s system = 0.015625s CPU (72.7%); Memory(MB): used = 2109, reserved = 2220, peak = 2109;

PHY-1001 : Stage 5.6 | Abnormal Timing Path check
PHY-1001 : No abnormal timing path.
PHY-1001 : End Stage 5.6 | Abnormal Timing Path check; Time: 0.204737s wall, 0.203125s user + 0.000000s system = 0.203125s CPU (99.2%); Memory(MB): used = 2109, reserved = 2220, peak = 2109;

PHY-1001 : Stage 5.7 | Bound Check
PHY-1001 : Check Pass.
PHY-1001 : End Stage 5.7 | Bound Check; Time: 0.002514s wall, 0.000000s user + 0.000000s system = 0.000000s CPU (n/a%); Memory(MB): used = 2109, reserved = 2220, peak = 2109;

PHY-1001 : End Stage 5 | Design Rule Check; Time: 0.691640s wall, 0.656250s user + 0.031250s system = 0.687500s CPU (99.4%); Memory(MB): used = 2109, reserved = 2220, peak = 2109;

RUN-1003 : finish command "route" in  98.072070s wall, 141.421875s user + 1.328125s system = 142.750000s CPU (145.6%)

RUN-1004 : used memory is 2109 MB, reserved memory is 2220 MB, peak memory is 2109 MB
RUN-1002 : start command "report_area -io_info -file camera_to_dsi_display_phy.area"
SYN-4034 : The count of slices with lut is 8574.
SYN-4035 : The count of slices with lut+ripple is 3475.
RUN-1001 : standard
***Report Model: design_top_wrapper Device: PH1P35MDG324***

Design Statistics
#IO                        62   out of    160   38.75%
  #input                    8
  #output                  31
  #inout                   23
#lut6                   12457   out of  21216   58.72%
#reg                    16128
  #slice reg            16128   out of  42432   38.01%
  #pad reg                  0

Utilization Statistics
#slice                  14911   out of  21216   70.28%
  #used ram               408
    #dram lut             296
    #shifter lut          112
  #used logic           14503
    #with luts           8574
    #with adder          3475
    #reg only            2454
#feedthrough             1873
#f7mux                      1   out of  10608    0.01%
#f8mux                      0   out of   5304    0.00%
#eram                      45   out of    108   41.67%
  #eram20k                 45
  #fifo20k                  0
#dsp                        8   out of     40   20.00%
#ddr_byte                   6   out of     12   50.00%
#mipi_tx                    0   out of      2    0.00%
#mipi_rx                    1   out of      2   50.00%
#pad                       21   out of    160   13.12%
#pll                        5   out of      6   83.33%
#gclk                       9   out of     32   28.12%
#lclk                       0   out of     12    0.00%
#sclk                      23   out of     48   47.92%
#mlclk                      2   out of      6   33.33%
#ioclk                      4   out of     18   22.22%


DataNet Average Fanout:

   Index     Fanout     Nets   
    #1          1       22754  
    #2          2       7951   
    #3          3       1632   
    #4          4        807   
    #5        5-10      1907   
    #6        11-50      414   
    #7       51-100      44    
    #8       101-500     11    
  Average     2.03             

RUN-1002 : start command "update_timing -mode final"
RUN-1002 : start command "start_timer"
RUN-1003 : finish command "start_timer" in  1.806854s wall, 1.781250s user + 0.000000s system = 1.781250s CPU (98.6%)

RUN-1004 : used memory is 2109 MB, reserved memory is 2220 MB, peak memory is 2109 MB
RUN-1003 : finish command "update_timing -mode final" in  6.266472s wall, 6.109375s user + 0.015625s system = 6.125000s CPU (97.7%)

RUN-1004 : used memory is 2109 MB, reserved memory is 2220 MB, peak memory is 2109 MB
RUN-1002 : start command "report_timing_status -file camera_to_dsi_display_phy.ts"
RUN-1002 : start command "report_timing_summary -file camera_to_dsi_display_pr.timing"
RUN-1002 : start command "report_timing_exception -file camera_to_dsi_display_exception.timing"
RUN-1002 : start command "check_timing -verbose -file camera_to_dsi_display_chk.timing"
RUN-1002 : start command "flow_status -file route_flow.status"
Location         : C:\Users\Li47\Desktop\aa\native_1080p30_r4_20261007\td_project\camera_to_dsi_display_Runs\phy_1
Running with     : Tang Dynasty v6.2.178840
                   Copyright (c) 2012-2025 Anlogic Inc.
Top Model        : design_top_wrapper
Device           : PH1P35MDG324
Speed            : 3

Timing Mode      : final
Setup            : WNS   143ps  TNS        0ps  NUM_FEPS     0
Hold             : WNS    20ps  TNS        0ps  NUM_FEPS     0

Flow Statistics  :
RUN-1001 : Flow Statistics:
RUN-1001 : ---------------------------------------------------------------------------------------------------
RUN-1001 :      command     |  #calls  |  wall time   |  cpu time(s)  |  used memory(mb)  |  peak memory(mb)  
RUN-1001 : ---------------------------------------------------------------------------------------------------
RUN-1001 :       place      |    1     |  2m14s(57%)  |   334(70%)    |       1336        |       1336        
RUN-1001 :       route      |    1     |  1m30s(38%)  |   134(28%)    |       2109        |       2109        
RUN-1001 :     fix_hold     |    1     |    8s(3%)    |     8(1%)     |       2109        |       2109        
RUN-1001 :     import_db    |    1     |    1s(0%)    |     0(0%)     |        558        |        558        
RUN-1001 :   import_device  |    1     |    1s(0%)    |     1(0%)     |        332        |        332        
RUN-1001 : ---------------------------------------------------------------------------------------------------
RUN-1001 :       total      |    5     |    3m54s     |      477      |       2109        |       2109        
RUN-1001 : ---------------------------------------------------------------------------------------------------
RUN-1002 : start command "report_clock_utilization -file route_clock_utilization.txt"
RUN-1002 : start command "export_db camera_to_dsi_display_pr.db"
RUN-1001 : Exported flow parameters
RUN-1001 : Exported /
RUN-1001 : Exported libs
RUN-1001 : Exported entities
RUN-1001 : Exported ports
RUN-1001 : Exported pins
RUN-1001 : Exported instances
RUN-1001 : Exported nets
RUN-1001 : Exported buses
RUN-1001 : Exported models
RUN-1001 : Exported phy database
RUN-1001 : Exported packer
RUN-1001 : Exported congestions
RUN-1001 : Exported violations
RUN-1001 : Exported ATMR Setting
RUN-1001 : Exported timing constraints
RUN-1001 : Exported IO constraints
RUN-1001 : Exported Inst constraints
RUN-1001 : Exported ChipWatcher
RUN-1003 : finish command "export_db camera_to_dsi_display_pr.db" in  1.105045s wall, 1.468750s user + 0.078125s system = 1.546875s CPU (140.0%)

RUN-1004 : used memory is 2115 MB, reserved memory is 2220 MB, peak memory is 2115 MB
RUN-1002 : start command "commit_param -step bitgen"
RUN-1001 : Print Global Property
RUN-1001 : -------------------------------------------------------------
RUN-1001 :     Parameters    |   Settings   |  Default Values  |  Note  
RUN-1001 : -------------------------------------------------------------
RUN-1001 :    enable_seed    |     off      |       off        |        
RUN-1001 :    hfn_to_clock   |  1000000000  |    1000000000    |        
RUN-1001 :      message      |   standard   |     standard     |        
RUN-1001 :    qor_monitor    |      on      |        on        |        
RUN-1001 :   speedup_effort  |      0       |        0         |        
RUN-1001 :    syn_ip_flow    |     off      |       off        |        
RUN-1001 :       thread      |     auto     |       auto       |        
RUN-1001 : -------------------------------------------------------------
RUN-1001 : Print Bitgen Property
RUN-1001 : -------------------------------------------------------------
RUN-1001 :      Parameters     |  Settings  |  Default Values  |  Note  
RUN-1001 : -------------------------------------------------------------
RUN-1001 :         bin         |    off     |       off        |        
RUN-1001 :       compress      |    off     |       off        |        
RUN-1001 :       gen_mask      |    off     |       off        |        
RUN-1001 :      max_stream     |     on     |        on        |        
RUN-1001 :      time_info      |     on     |        on        |        
RUN-1001 :   unused_io_status  |   pullup   |      pullup      |        
RUN-1001 :       version       |    0x00    |       0x00       |        
RUN-1001 : -------------------------------------------------------------
RUN-1002 : start command "bitgen -bit camera_to_dsi_display.bit"
RUN-1002 : start command "export_bid camera_to_dsi_display_inst.bid"
BIT-1003 : Start to generate bitstream. 
BIT-1002 : Bitgen processed 1 pll_pd instance.
BIT-1002 : Init instances with 20 threads.
BIT-1002 : Init instances completely, inst num: 15422
BIT-1002 : Init pips with 20 threads.
BIT-1002 : Init pips completely, net num: 26310, pip num: 230561
BIT-1002 : Init feedthrough with 20 threads.
BIT-1002 : Init feedthrough completely, num: 1873
BIT-1003 : Multithreading accelaration with 20 threads.
BIT-1003 : Generate bitstream completely, there are 774193 bits set as '1'.
BIT-1004 : Generate file camera_to_dsi_display.bit.
RUN-1003 : finish command "bitgen -bit camera_to_dsi_display.bit" in  4.158603s wall, 36.296875s user + 0.812500s system = 37.109375s CPU (892.4%)

RUN-1004 : used memory is 2116 MB, reserved memory is 2220 MB, peak memory is 2116 MB
RUN-1002 : start command "setup_debugger"
RUN-1002 : start command "export_bitgen_param -file .bitgen_param.f"
RUN-1002 : start command "export_flow_status -s opt_place -e bitgen"
RUN-1002 : start command "flow_status"

Location         : C:\Users\Li47\Desktop\aa\native_1080p30_r4_20261007\td_project\camera_to_dsi_display_Runs\phy_1
Running with     : Tang Dynasty v6.2.178840
                   Copyright (c) 2012-2025 Anlogic Inc.
Top Model        : design_top_wrapper
Device           : PH1P35MDG324
Speed            : 3

Timing Mode      : final
Setup            : WNS   143ps  TNS        0ps  NUM_FEPS     0
Hold             : WNS    20ps  TNS        0ps  NUM_FEPS     0

RUN-1001 : Flow Statistics:
RUN-1001 : ---------------------------------------------------------------------------------------------------
RUN-1001 :      command     |  #calls  |  wall time   |  cpu time(s)  |  used memory(mb)  |  peak memory(mb)  
RUN-1001 : ---------------------------------------------------------------------------------------------------
RUN-1001 :       place      |    1     |  2m14s(56%)  |   334(65%)    |       1336        |       1336        
RUN-1001 :       route      |    1     |  1m30s(37%)  |   134(26%)    |       2109        |       2109        
RUN-1001 :     fix_hold     |    1     |    8s(3%)    |     8(1%)     |       2109        |       2109        
RUN-1001 :      bitgen      |    1     |    4s(1%)    |    36(7%)     |       2116        |       2116        
RUN-1001 :     import_db    |    1     |    1s(0%)    |     0(0%)     |        558        |        558        
RUN-1001 :   import_device  |    1     |    1s(0%)    |     1(0%)     |        332        |        332        
RUN-1001 : ---------------------------------------------------------------------------------------------------
RUN-1001 :       total      |    6     |    3m58s     |      513      |       2116        |       2116        
RUN-1001 : ---------------------------------------------------------------------------------------------------
RUN-1002 : start command "check_timing -file constraint_coverage.txt -verbose"
