============================================================
   Tang Dynasty, V6.2.168116
   Copyright (c) 2012-2025 Anlogic Inc.
   Executable = D:/AAA/FPGA.....YZW/bin/td_commands_prompt.exe
   Built at =   16:32:07 Jun 12 2025
   Run by =     yiziw
   Run Date =   Tue Oct  6 23:38:40 2026

   Run on =     XIAOYI
============================================================
RUN-1002 : start command "import_device ph1_35p.db -package PH1P35MDG324 -speed 3"
ARC-1001 : Device Initialization.
ARC-1001 : ----------------------------------------------------------------
ARC-1001 :           OPTION          |          IO           |   SETTING   
ARC-1001 : ----------------------------------------------------------------
ARC-1001 :   non_jtag_persist(none)  |        35 IOs         |    gpio    
ARC-1001 :            jtag           |  P13/P15/L14/R13/T13  |  dedicate  
ARC-1001 : ----------------------------------------------------------------
RUN-1003 : finish command "import_device ph1_35p.db -package PH1P35MDG324 -speed 3" in  3.045902s wall, 2.578125s user + 0.109375s system = 2.687500s CPU (88.2%)

RUN-1004 : used memory is 323 MB, reserved memory is 321 MB, peak memory is 323 MB
RUN-1002 : start command "open_project camera_to_dsi_display.prj -noanalyze"
RUN-1002 : start command "import_db ../syn_1/camera_to_dsi_display_gate.db"
RUN-1001 : Importing database generated by Tang Dynasty, V6.2.168116.
RUN-1001 : Database version number 46207
RUN-1001 : Import flow parameters
RUN-1001 : Import netlist
RUN-1001 : Import timing constraints
RUN-1001 : Import IO constraints
RUN-1001 : Import Inst constraints
RUN-1001 : Import ChipWatcher
RUN-1001 : Import design success TD_VERSION=6.2.168116 , DB_VERSION=46207
RUN-1003 : finish command "import_db ../syn_1/camera_to_dsi_display_gate.db" in  1.271024s wall, 0.843750s user + 0.109375s system = 0.953125s CPU (75.0%)

RUN-1004 : used memory is 560 MB, reserved memory is 558 MB, peak memory is 560 MB
RUN-1002 : start command "commit_param -step place"
RUN-1001 : Print Global Property
RUN-1001 : -------------------------------------------------------------
RUN-1001 :     Parameters    |   Settings   |  Default Values  |  Note  
RUN-1001 : -------------------------------------------------------------
RUN-1001 :    enable_seed    |     off      |       off        |        
RUN-1001 :    hfn_to_clock   |  1000000000  |    1000000000    |        
RUN-1001 :      message      |   standard   |     standard     |        
RUN-1001 :    qor_monitor    |      on      |        on        |        
RUN-1001 :   speedup_effort  |      0       |        0         |        
RUN-1001 :    syn_ip_flow    |     off      |       off        |        
RUN-1001 :       thread      |     auto     |       auto       |        
RUN-1001 : -------------------------------------------------------------
RUN-1001 : Print Place Property
RUN-1001 : ---------------------------------------------------------------
RUN-1001 :       Parameters      |  Settings  |  Default Values  |  Note  
RUN-1001 : ---------------------------------------------------------------
RUN-1001 :         effort        |   medium   |      medium      |        
RUN-1001 :     hfn_opt_effort    |   medium   |      medium      |        
RUN-1001 :    logic_level_opt    |    off     |       off        |        
RUN-1001 :   macro_performance   |    auto    |       auto       |        
RUN-1001 :       max_fanout      |   999999   |      999999      |        
RUN-1001 :       opt_timing      |   medium   |      medium      |        
RUN-1001 :     post_place_opt    |    auto    |       auto       |        
RUN-1001 :      pr_strategy      |     1      |        1         |        
RUN-1001 :   preplace_floorplan  |    off     |       off        |        
RUN-1001 : ---------------------------------------------------------------
RUN-1002 : start command "insert_debugger"
RUN-1002 : start command "place"
RUN-1001 : Open license file D:/AAA/FPGA.....YZW/license/Anlogic.lic
PHY-3001 : Placer runs in 16 thread(s).
PHY-1001 : Stage 1 | Initialize Design
PHY-1001 : Stage 1.1 | Build Design
PHY-1001 : 12752 luts, 17591 seqs, 408 mslices, 4027 lslices, 53 pads, 48 brams, 8 dsps
RUN-1002 : start command "legalize_phy_inst"
SYN-1011 : Flatten model design_top_wrapper
SYN-1001 : ADC: Instance "u_ph1p35_324_ddr_wrapper/u_ddr2/ph1p_ddrmc_wrapper/ph1p_ddrmc_top/u_ddr_phy/u_ddrphy_top/u_ddrphy/ac_byte[0]$ac_byte_used$u_ddrphy_ac_byte_wrapper/u_ddrphy_byte" LOCATION="X0Y70Z0"
SYN-1001 : ADC: Instance "u_ph1p35_324_ddr_wrapper/u_ddr2/ph1p_ddrmc_wrapper/ph1p_ddrmc_top/u_ddr_phy/u_ddrphy_top/u_ddrphy/ac_byte[1]$ac_byte_used$u_ddrphy_ac_byte_wrapper/u_ddrphy_byte" LOCATION="X0Y60Z0"
SYN-1001 : ADC: Instance "u_ph1p35_324_ddr_wrapper/u_ddr2/ph1p_ddrmc_wrapper/ph1p_ddrmc_top/u_ddr_phy/u_ddrphy_top/u_ddrphy/ac_byte[2]$ac_byte_used$u_ddrphy_ac_byte_wrapper/u_ddrphy_byte" LOCATION="X0Y50Z0"
SYN-1001 : ADC: Instance "u_ph1p35_324_ddr_wrapper/u_ddr2/ph1p_ddrmc_wrapper/ph1p_ddrmc_top/u_ddr_phy/u_ddrphy_top/u_ddrphy/ac_byte[3]$ac_byte_used$u_ddrphy_ac_byte_wrapper/u_ddrphy_byte" LOCATION="X0Y40Z0"
SYN-1001 : ADC: Instance "u_ph1p35_324_ddr_wrapper/u_ddr2/ph1p_ddrmc_wrapper/ph1p_ddrmc_top/u_ddr_phy/u_ddrphy_top/u_ddrphy/bkref[0]$u_ddrphy_bankref" LOCATION="X0Y19Z0"
SYN-1001 : ADC: Instance "u_ph1p35_324_ddr_wrapper/u_ddr2/ph1p_ddrmc_wrapper/ph1p_ddrmc_top/u_ddr_phy/u_ddrphy_top/u_ddrphy/bkref[1]$u_ddrphy_bankref" LOCATION="X0Y59Z0"
SYN-1001 : ADC: Instance "u_ph1p35_324_ddr_wrapper/u_ddr2/ph1p_ddrmc_wrapper/ph1p_ddrmc_top/u_ddr_phy/u_ddrphy_top/u_ddrphy/dx_byte[0]$dx_byte_used$u_ddrphy_dx_byte_wrapper/u_ddrphy_byte" LOCATION="X0Y30Z0"
SYN-1001 : ADC: Instance "u_ph1p35_324_ddr_wrapper/u_ddr2/ph1p_ddrmc_wrapper/ph1p_ddrmc_top/u_ddr_phy/u_ddrphy_top/u_ddrphy/dx_byte[1]$dx_byte_used$u_ddrphy_dx_byte_wrapper/u_ddrphy_byte" LOCATION="X0Y10Z0"
SYN-1001 : ADC: Instance "u_ph1p35_324_ddr_wrapper/u_ddr2/ph1p_ddrmc_wrapper/ph1p_ddrmc_top/u_ddr_phy/u_ddrphy_top/u_ddrphy_clk/ioclk[0]$u_ioclk_0" LOCATION="X0Y59Z0"
SYN-1001 : ADC: Instance "u_ph1p35_324_ddr_wrapper/u_ddr2/ph1p_ddrmc_wrapper/ph1p_ddrmc_top/u_ddr_phy/u_ddrphy_top/u_ddrphy_clk/ioclk[0]$u_ioclk_1" LOCATION="X0Y59Z1"
SYN-1001 : ADC: Instance "u_ph1p35_324_ddr_wrapper/u_ddr2/ph1p_ddrmc_wrapper/ph1p_ddrmc_top/u_ddr_phy/u_ddrphy_top/u_ddrphy_clk/ioclk[1]$u_ioclk_0" LOCATION="X0Y19Z0"
SYN-1001 : ADC: Instance "u_ph1p35_324_ddr_wrapper/u_ddr2/ph1p_ddrmc_wrapper/ph1p_ddrmc_top/u_ddr_phy/u_ddrphy_top/u_ddrphy_clk/ioclk[1]$u_ioclk_1" LOCATION="X0Y19Z1"
SYN-1001 : ADC: Instance "u_ph1p35_324_ddr_wrapper/u_ddr2/ph1p_ddrmc_wrapper/ph1p_ddrmc_top/u_ddr_phy/u_ddrphy_top/u_ddrphy_clk/u_mlclk_1" LOCATION="X0Y59Z0"
SYN-1001 : ADC: Instance "u_ph1p35_324_ddr_wrapper/u_ddr2/ph1p_ddrmc_wrapper/ph1p_ddrmc_top/u_ddr_phy/u_ddrphy_top/u_ddrphy_clk/u_mlclk_2" LOCATION="X0Y59Z1"
SYN-1001 : ADC: Instance "u_ph1p35_324_ddr_wrapper/u_ddr2/ph1p_ddrmc_wrapper/ph1p_ddrmc_top/u_ddr_phy/u_ddrphy_top/u_ddrphy_clk/u_pll0/u_pll_inst" LOCATION="X0Y40Z0"
SYN-1001 : ADC: Instance "u_ph1p35_324_ddr_wrapper/u_ddr2/ph1p_ddrmc_wrapper/ph1p_ddrmc_top/u_ddr_phy/u_ddrphy_top/u_ddrphy_clk/u_pll1/u_pll_inst" LOCATION="X0Y79Z0"
PHY-1001 : Remove keep and sweep redundant instances ...
PHY-1001 : 12471 luts, 17264 seqs, 408 mslices, 4010 lslices, 53 pads, 48 brams, 8 dsps
PHY-1001 : End Stage 1.1 | Build Design; Time: 0.580893s wall, 0.562500s user + 0.015625s system = 0.578125s CPU (99.5%); Memory(MB): used = 562, reserved = 558, peak = 562;

PHY-1001 : Stage 1.2 | Optimize Design
OPT-1001 : Stage 1.2.1 | Simplify Lut
OPT-1001 : End Stage 1.2.1 | Simplify Lut; Time: 0.086083s wall, 0.078125s user + 0.000000s system = 0.078125s CPU (90.8%); Memory(MB): used = 562, reserved = 558, peak = 562;

OPT-1001 : Stage 1.2.2 | Sweep
OPT-1001 : End Stage 1.2.2 | Sweep; Time: 0.025316s wall, 0.031250s user + 0.000000s system = 0.031250s CPU (123.4%); Memory(MB): used = 562, reserved = 558, peak = 562;

OPT-1001 : Stage 1.2.3 | Merge Lut
OPT-1001 : Start remap optimization ...
RUN-1001 :   Added 0 lut1 for undup drivers
OPT-1001 : skip lut merge since lut number 12469 is similar to or less than reg number 17264
OPT-1001 : End Stage 1.2.3 | Merge Lut; Time: 0.045326s wall, 0.046875s user + 0.000000s system = 0.046875s CPU (103.4%); Memory(MB): used = 562, reserved = 558, peak = 562;

OPT-1001 : Stage 1.2.4 | Synthesize High-fanout Net
OPT-1001 : Start high-fanout net optimization in pre-place flow with medium effort ...
RUN-1001 : HFN opt statistic
RUN-1001 : ------------------------------------------------------
RUN-1001 :   DriverCell type  |  HFN count  |  Duplicated count  
RUN-1001 : ------------------------------------------------------
RUN-1001 :       LSLICE       |      0      |         0          
RUN-1001 :       MSLICE       |      0      |         0          
RUN-1001 :        TOTAL       |      0      |         0          
RUN-1001 : ------------------------------------------------------
OPT-1001 : End high-fanout net optimization;  0.000657s wall, 0.000000s user + 0.000000s system = 0.000000s CPU (n/a%)

OPT-1001 : Current memory(MB): used = 562, reserved = 558, peak = 562.
OPT-1001 : End Stage 1.2.4 | Synthesize High-fanout Net; Time: 0.008285s wall, 0.000000s user + 0.000000s system = 0.000000s CPU (n/a%); Memory(MB): used = 562, reserved = 558, peak = 562;

OPT-1001 : End physical optimization;  0.166888s wall, 0.171875s user + 0.000000s system = 0.171875s CPU (103.0%)

PHY-1001 : End Stage 1.2 | Optimize Design; Time: 0.174714s wall, 0.171875s user + 0.000000s system = 0.171875s CPU (98.4%); Memory(MB): used = 562, reserved = 558, peak = 562;

PHY-1001 : Stage 1.3 | Initialize Clock
PHY-1001 : Start to synthesize physical clock networks.
RUN-1002 : start command "start_timer"
USR-1002 : Derived clock:  create_generated_clock -name {u_PLL/ph1p_phy_pll_wrapper_25a56e5ce2f9_Inst/u_PH1P_PHY_PLL.clkc[0]} -source [get_ports {I_sys_clk}] -master_clock {sys_clk_50m} -multiply_by 2.0000 -duty_cycle 50.0000 [get_pins {u_PLL/ph1p_phy_pll_wrapper_25a56e5ce2f9_Inst/u_PH1P_PHY_PLL.clkc[0]}]
USR-1002 : Derived clock:  create_generated_clock -name {u_PLL/ph1p_phy_pll_wrapper_25a56e5ce2f9_Inst/u_PH1P_PHY_PLL.clkc[1]} -source [get_ports {I_sys_clk}] -master_clock {sys_clk_50m} -divide_by 2.0769 -duty_cycle 50.0000 [get_pins {u_PLL/ph1p_phy_pll_wrapper_25a56e5ce2f9_Inst/u_PH1P_PHY_PLL.clkc[1]}]
USR-1002 : Derived clock:  create_generated_clock -name {u_PLL/ph1p_phy_pll_wrapper_25a56e5ce2f9_Inst/u_PH1P_PHY_PLL.clkc[4]} -source [get_ports {I_sys_clk}] -master_clock {sys_clk_50m} -multiply_by 1.0400 -duty_cycle 50.0000 [get_pins {u_PLL/ph1p_phy_pll_wrapper_25a56e5ce2f9_Inst/u_PH1P_PHY_PLL.clkc[4]}]
USR-1002 : Derived clock:  create_generated_clock -name {u_PLL/ph1p_phy_pll_wrapper_25a56e5ce2f9_Inst/u_PH1P_PHY_PLL.clkc[5]} -source [get_ports {I_sys_clk}] -master_clock {sys_clk_50m} -multiply_by 5.2000 -duty_cycle 50.0000 [get_pins {u_PLL/ph1p_phy_pll_wrapper_25a56e5ce2f9_Inst/u_PH1P_PHY_PLL.clkc[5]}]
USR-1002 : Derived clock:  create_generated_clock -name {u_ph1p35_324_ddr_wrapper/u_ddr2/ph1p_ddrmc_wrapper/ph1p_ddrmc_top/u_ddr_phy/u_ddrphy_top/u_ddrphy_clk/u_pll0/u_pll_inst.clkc[0]} -source [get_ports {I_sys_clk}] -master_clock {sys_clk_50m} -multiply_by 1.3333 -duty_cycle 50.0000 [get_pins {u_ph1p35_324_ddr_wrapper/u_ddr2/ph1p_ddrmc_wrapper/ph1p_ddrmc_top/u_ddr_phy/u_ddrphy_top/u_ddrphy_clk/u_pll0/u_pll_inst.clkc[0]}]
USR-1002 : Derived clock:  create_generated_clock -name {u_ph1p35_324_ddr_wrapper/u_ddr2/ph1p_ddrmc_wrapper/ph1p_ddrmc_top/u_ddr_phy/u_ddrphy_top/u_ddrphy_clk/u_pll0/u_pll_inst.clkc[1]} -source [get_ports {I_sys_clk}] -master_clock {sys_clk_50m} -multiply_by 1.3333 -duty_cycle 50.0000 [get_pins {u_ph1p35_324_ddr_wrapper/u_ddr2/ph1p_ddrmc_wrapper/ph1p_ddrmc_top/u_ddr_phy/u_ddrphy_top/u_ddrphy_clk/u_pll0/u_pll_inst.clkc[1]}]
USR-1002 : Derived clock:  create_generated_clock -name {u_ph1p35_324_ddr_wrapper/u_ddr2/ph1p_ddrmc_wrapper/ph1p_ddrmc_top/u_ddr_phy/u_ddrphy_top/u_ddrphy_clk/u_pll0/u_pll_inst.clkc[2]} -source [get_ports {I_sys_clk}] -master_clock {sys_clk_50m} -multiply_by 5.3333 -duty_cycle 50.0000 [get_pins {u_ph1p35_324_ddr_wrapper/u_ddr2/ph1p_ddrmc_wrapper/ph1p_ddrmc_top/u_ddr_phy/u_ddrphy_top/u_ddrphy_clk/u_pll0/u_pll_inst.clkc[2]}]
USR-1002 : Derived clock:  create_generated_clock -name {u_ph1p35_324_ddr_wrapper/u_ddr2/ph1p_ddrmc_wrapper/ph1p_ddrmc_top/u_ddr_phy/u_ddrphy_top/u_ddrphy_clk/u_pll0/u_pll_inst.clkc[3]} -source [get_ports {I_sys_clk}] -master_clock {sys_clk_50m} -divide_by 1.9687 -duty_cycle 50.0000 [get_pins {u_ph1p35_324_ddr_wrapper/u_ddr2/ph1p_ddrmc_wrapper/ph1p_ddrmc_top/u_ddr_phy/u_ddrphy_top/u_ddrphy_clk/u_pll0/u_pll_inst.clkc[3]}]
USR-1002 : Derived clock:  create_generated_clock -name {u_ph1p35_324_ddr_wrapper/u_ddr2/ph1p_ddrmc_wrapper/ph1p_ddrmc_top/u_ddr_phy/u_ddrphy_top/u_ddrphy_clk/u_pll1/u_pll_inst.clkc[0]} -source [get_pins {u_ph1p35_324_ddr_wrapper/u_ddr2/ph1p_ddrmc_wrapper/ph1p_ddrmc_top/u_ddr_phy/u_ddrphy_top/u_ddrphy_clk/u_pll0/u_pll_inst.clkc[0]}] -master_clock {u_ph1p35_324_ddr_wrapper/u_ddr2/ph1p_ddrmc_wrapper/ph1p_ddrmc_top/u_ddr_phy/u_ddrphy_top/u_ddrphy_clk/u_pll0/u_pll_inst.clkc[0]} -multiply_by 1.0000 -duty_cycle 50.0000 [get_pins {u_ph1p35_324_ddr_wrapper/u_ddr2/ph1p_ddrmc_wrapper/ph1p_ddrmc_top/u_ddr_phy/u_ddrphy_top/u_ddrphy_clk/u_pll1/u_pll_inst.clkc[0]}]
8.888000
15.000000
15.000000
19.230000
RUN-1003 : finish command "start_timer" in  4.357756s wall, 4.156250s user + 0.078125s system = 4.234375s CPU (97.2%)

RUN-1004 : used memory is 799 MB, reserved memory is 793 MB, peak memory is 799 MB
TMR-2502 : Net delay update with mode: Synthesized
PHY-5060 CRITICAL-WARNING: Clock net candidate O_cam_24m_syn_3 has mixed fanouts of 307 clock pins; 1 data/ctrl pins. Please check connection of the net in design.
PHY-1001 : Populate physical database on model design_top_wrapper.
RUN-1001 : There are total 34362 instances
RUN-0007 : 12469 luts, 17264 seqs, 408 mslices, 4010 lslices, 53 pads, 48 brams, 8 dsps
RUN-1001 : There are total 46392 nets
RUN-1001 : 31269 nets have 2 pins
RUN-1001 : 12043 nets have [3 - 5] pins
RUN-1001 : 2216 nets have [6 - 10] pins
RUN-1001 : 502 nets have [11 - 20] pins
RUN-1001 : 313 nets have [21 - 99] pins
RUN-1001 : 49 nets have 100+ pins
PHY-1001 : Start to check user instance location assignments; please refer to ADC constraint.
PHY-1001 : End Stage 1.3 | Initialize Clock; Time: 6.711943s wall, 6.343750s user + 0.156250s system = 6.500000s CPU (96.8%); Memory(MB): used = 909, reserved = 902, peak = 909;

PHY-1001 : End Stage 1 | Initialize Design; Time: 7.536637s wall, 7.140625s user + 0.171875s system = 7.312500s CPU (97.0%); Memory(MB): used = 909, reserved = 902, peak = 909;

PHY-1001 : Stage 2 | Global Placement
RUN-1001 : Report Control nets information:
RUN-1001 : DFF Distribution
RUN-1001 : -------------------------------------
RUN-1001 :   CE   |  SSR  |  ASR  |  DFF Count  
RUN-1001 : -------------------------------------
RUN-1001 :   No   |  No   |  No   |    6638     
RUN-1001 :   No   |  No   |  Yes  |    4856     
RUN-1001 :   No   |  Yes  |  No   |     185     
RUN-1001 :   Yes  |  No   |  No   |     424     
RUN-1001 :   Yes  |  No   |  Yes  |    5259     
RUN-1001 :   Yes  |  Yes  |  No   |     126     
RUN-1001 : -------------------------------------
RUN-1001 : Control Group Statistic
RUN-1001 : -----------------------------
RUN-1001 :   #CLK  |  #CE  |  #SSR/ASR  
RUN-1001 : -----------------------------
RUN-1001 :    8    |  183  |     23     
RUN-1001 : -----------------------------
RUN-0007 : Control Set = 217
PHY-1001 : Stage 2.1 | Place Fixed Instances
PHY-1001 : Processing 2 clock pins of DDR instance u_ph1p35_324_ddr_wrapper/u_ddr2/ph1p_ddrmc_wrapper/ph1p_ddrmc_top/u_ddr_phy/u_ddrphy_top/u_ddrphy/ac_byte[0]$ac_byte_used$u_ddrphy_ac_byte_wrapper/u_ddrphy_byte, location = x0y70z0.
PHY-1001 :   User location X0Y59Z1 of ioclk instance u_ph1p35_324_ddr_wrapper/u_ddr2/ph1p_ddrmc_wrapper/ph1p_ddrmc_top/u_ddr_phy/u_ddrphy_top/u_ddrphy_clk/ioclk[0]$u_ioclk_1.
PHY-1001 :   Placement of ioclk instance u_ph1p35_324_ddr_wrapper/u_ddr2/ph1p_ddrmc_wrapper/ph1p_ddrmc_top/u_ddr_phy/u_ddrphy_top/u_ddrphy_clk/ioclk[0]$u_ioclk_1; location = x0y59z1.
PHY-1001 :   User location X0Y59Z0 of ioclk instance u_ph1p35_324_ddr_wrapper/u_ddr2/ph1p_ddrmc_wrapper/ph1p_ddrmc_top/u_ddr_phy/u_ddrphy_top/u_ddrphy_clk/ioclk[0]$u_ioclk_0.
PHY-1001 :   Placement of ioclk instance u_ph1p35_324_ddr_wrapper/u_ddr2/ph1p_ddrmc_wrapper/ph1p_ddrmc_top/u_ddr_phy/u_ddrphy_top/u_ddrphy_clk/ioclk[0]$u_ioclk_0; location = x0y59z0.
PHY-1001 : Processing 2 clock pins of DDR instance u_ph1p35_324_ddr_wrapper/u_ddr2/ph1p_ddrmc_wrapper/ph1p_ddrmc_top/u_ddr_phy/u_ddrphy_top/u_ddrphy/ac_byte[1]$ac_byte_used$u_ddrphy_ac_byte_wrapper/u_ddrphy_byte, location = x0y60z0.
PHY-1001 :   Placed ioclk instance u_ph1p35_324_ddr_wrapper/u_ddr2/ph1p_ddrmc_wrapper/ph1p_ddrmc_top/u_ddr_phy/u_ddrphy_top/u_ddrphy_clk/ioclk[0]$u_ioclk_1, location = x0y59z1.
PHY-1001 :   Placed ioclk instance u_ph1p35_324_ddr_wrapper/u_ddr2/ph1p_ddrmc_wrapper/ph1p_ddrmc_top/u_ddr_phy/u_ddrphy_top/u_ddrphy_clk/ioclk[0]$u_ioclk_0, location = x0y59z0.
PHY-1001 : Processing 2 clock pins of DDR instance u_ph1p35_324_ddr_wrapper/u_ddr2/ph1p_ddrmc_wrapper/ph1p_ddrmc_top/u_ddr_phy/u_ddrphy_top/u_ddrphy/ac_byte[2]$ac_byte_used$u_ddrphy_ac_byte_wrapper/u_ddrphy_byte, location = x0y50z0.
PHY-1001 :   Placed ioclk instance u_ph1p35_324_ddr_wrapper/u_ddr2/ph1p_ddrmc_wrapper/ph1p_ddrmc_top/u_ddr_phy/u_ddrphy_top/u_ddrphy_clk/ioclk[0]$u_ioclk_1, location = x0y59z1.
PHY-1001 :   Placed ioclk instance u_ph1p35_324_ddr_wrapper/u_ddr2/ph1p_ddrmc_wrapper/ph1p_ddrmc_top/u_ddr_phy/u_ddrphy_top/u_ddrphy_clk/ioclk[0]$u_ioclk_0, location = x0y59z0.
PHY-1001 : Processing 2 clock pins of DDR instance u_ph1p35_324_ddr_wrapper/u_ddr2/ph1p_ddrmc_wrapper/ph1p_ddrmc_top/u_ddr_phy/u_ddrphy_top/u_ddrphy/ac_byte[3]$ac_byte_used$u_ddrphy_ac_byte_wrapper/u_ddrphy_byte, location = x0y40z0.
PHY-1001 :   Placed ioclk instance u_ph1p35_324_ddr_wrapper/u_ddr2/ph1p_ddrmc_wrapper/ph1p_ddrmc_top/u_ddr_phy/u_ddrphy_top/u_ddrphy_clk/ioclk[0]$u_ioclk_1, location = x0y59z1.
PHY-1001 :   Placed ioclk instance u_ph1p35_324_ddr_wrapper/u_ddr2/ph1p_ddrmc_wrapper/ph1p_ddrmc_top/u_ddr_phy/u_ddrphy_top/u_ddrphy_clk/ioclk[0]$u_ioclk_0, location = x0y59z0.
PHY-1001 : Processing 2 clock pins of DDR instance u_ph1p35_324_ddr_wrapper/u_ddr2/ph1p_ddrmc_wrapper/ph1p_ddrmc_top/u_ddr_phy/u_ddrphy_top/u_ddrphy/dx_byte[0]$dx_byte_used$u_ddrphy_dx_byte_wrapper/u_ddrphy_byte, location = x0y30z0.
PHY-1001 :   User location X0Y19Z1 of ioclk instance u_ph1p35_324_ddr_wrapper/u_ddr2/ph1p_ddrmc_wrapper/ph1p_ddrmc_top/u_ddr_phy/u_ddrphy_top/u_ddrphy_clk/ioclk[1]$u_ioclk_1.
PHY-1001 :   Placement of ioclk instance u_ph1p35_324_ddr_wrapper/u_ddr2/ph1p_ddrmc_wrapper/ph1p_ddrmc_top/u_ddr_phy/u_ddrphy_top/u_ddrphy_clk/ioclk[1]$u_ioclk_1; location = x0y19z1.
PHY-1001 :   User location X0Y19Z0 of ioclk instance u_ph1p35_324_ddr_wrapper/u_ddr2/ph1p_ddrmc_wrapper/ph1p_ddrmc_top/u_ddr_phy/u_ddrphy_top/u_ddrphy_clk/ioclk[1]$u_ioclk_0.
PHY-1001 :   Placement of ioclk instance u_ph1p35_324_ddr_wrapper/u_ddr2/ph1p_ddrmc_wrapper/ph1p_ddrmc_top/u_ddr_phy/u_ddrphy_top/u_ddrphy_clk/ioclk[1]$u_ioclk_0; location = x0y19z0.
PHY-1001 : Processing 2 clock pins of DDR instance u_ph1p35_324_ddr_wrapper/u_ddr2/ph1p_ddrmc_wrapper/ph1p_ddrmc_top/u_ddr_phy/u_ddrphy_top/u_ddrphy/dx_byte[1]$dx_byte_used$u_ddrphy_dx_byte_wrapper/u_ddrphy_byte, location = x0y10z0.
PHY-1001 :   Placed ioclk instance u_ph1p35_324_ddr_wrapper/u_ddr2/ph1p_ddrmc_wrapper/ph1p_ddrmc_top/u_ddr_phy/u_ddrphy_top/u_ddrphy_clk/ioclk[1]$u_ioclk_1, location = x0y19z1.
PHY-1001 :   Placed ioclk instance u_ph1p35_324_ddr_wrapper/u_ddr2/ph1p_ddrmc_wrapper/ph1p_ddrmc_top/u_ddr_phy/u_ddrphy_top/u_ddrphy_clk/ioclk[1]$u_ioclk_0, location = x0y19z0.
PHY-1001 : DDR MLCLK topology u_ph1p35_324_ddr_wrapper/u_ddr2/ph1p_ddrmc_wrapper/ph1p_ddrmc_top/u_ddr_phy/u_ddrphy_top/u_ddrphy_clk/u_mlclk_1.
PHY-1001 :   Driver: PH1P_PHY_PLL_V2 u_ph1p35_324_ddr_wrapper/u_ddr2/ph1p_ddrmc_wrapper/ph1p_ddrmc_top/u_ddr_phy/u_ddrphy_top/u_ddrphy_clk/u_pll0/u_pll_inst.clkc[1], user location :X0Y40Z0.
PHY-1001 :   Sink: PH1P_PHY_IOCLK u_ph1p35_324_ddr_wrapper/u_ddr2/ph1p_ddrmc_wrapper/ph1p_ddrmc_top/u_ddr_phy/u_ddrphy_top/u_ddrphy_clk/ioclk[0]$u_ioclk_0, location = x0y59z0, sectorID = 1.
PHY-1001 :   Sink: PH1P_PHY_IOCLK u_ph1p35_324_ddr_wrapper/u_ddr2/ph1p_ddrmc_wrapper/ph1p_ddrmc_top/u_ddr_phy/u_ddrphy_top/u_ddrphy_clk/ioclk[1]$u_ioclk_0, location = x0y19z0, sectorID = 0.
PHY-1001 : Placement of MLCLK instance u_ph1p35_324_ddr_wrapper/u_ddr2/ph1p_ddrmc_wrapper/ph1p_ddrmc_top/u_ddr_phy/u_ddrphy_top/u_ddrphy_clk/u_mlclk_1; location = x0y59z0,  sectorID = 1.
PHY-1001 : DDR MLCLK topology u_ph1p35_324_ddr_wrapper/u_ddr2/ph1p_ddrmc_wrapper/ph1p_ddrmc_top/u_ddr_phy/u_ddrphy_top/u_ddrphy_clk/u_mlclk_2.
PHY-1001 :   Driver: PH1P_PHY_PLL_V2 u_ph1p35_324_ddr_wrapper/u_ddr2/ph1p_ddrmc_wrapper/ph1p_ddrmc_top/u_ddr_phy/u_ddrphy_top/u_ddrphy_clk/u_pll0/u_pll_inst.clkc[2], user location :X0Y40Z0.
PHY-1001 :   Sink: PH1P_PHY_IOCLK u_ph1p35_324_ddr_wrapper/u_ddr2/ph1p_ddrmc_wrapper/ph1p_ddrmc_top/u_ddr_phy/u_ddrphy_top/u_ddrphy_clk/ioclk[0]$u_ioclk_1, location = x0y59z1, sectorID = 1.
PHY-1001 :   Sink: PH1P_PHY_IOCLK u_ph1p35_324_ddr_wrapper/u_ddr2/ph1p_ddrmc_wrapper/ph1p_ddrmc_top/u_ddr_phy/u_ddrphy_top/u_ddrphy_clk/ioclk[1]$u_ioclk_1, location = x0y19z1, sectorID = 0.
PHY-1001 : Placement of MLCLK instance u_ph1p35_324_ddr_wrapper/u_ddr2/ph1p_ddrmc_wrapper/ph1p_ddrmc_top/u_ddr_phy/u_ddrphy_top/u_ddrphy_clk/u_mlclk_2; location = x0y59z1,  sectorID = 1.
PHY-5016 WARNING: PLL clkc is driving an IO without location.
PHY-5016 WARNING: PLL clkc is not driving a clock-capable IO.
PHY-5016 WARNING: PLL clkc is driving an IO without location.
PHY-5016 WARNING: PLL clkc is not driving a clock-capable IO.
PHY-1001 : End Stage 2.1 | Place Fixed Instances; Time: 0.110824s wall, 0.109375s user + 0.000000s system = 0.109375s CPU (98.7%); Memory(MB): used = 926, reserved = 918, peak = 926;

PHY-1001 : Stage 2.2 | Pre-Place DRC Check
PHY-1001 : Stage 2.2.1 | Force Route Constraint Check
PHY-1001 : Check Pass.
PHY-1001 : End Stage 2.2.1 | Force Route Constraint Check; Time: 0.004232s wall, 0.015625s user + 0.000000s system = 0.015625s CPU (369.2%); Memory(MB): used = 926, reserved = 918, peak = 926;

PHY-1001 : End Stage 2.2 | Pre-Place DRC Check; Time: 0.005301s wall, 0.015625s user + 0.000000s system = 0.015625s CPU (294.8%); Memory(MB): used = 926, reserved = 918, peak = 926;

PHY-1001 : Clock GCLK Statistics:
RUN-1001 : GCLK Index: 
RUN-1001 : -------------------------------------------------------------------------------------------------------------------------------------------------------
RUN-1001 :   Index  |                                                          Clock GCLK                                                           |  Location   
RUN-1001 : -------------------------------------------------------------------------------------------------------------------------------------------------------
RUN-1001 :     1    |                           u_mipi_dphy_rx_ph1p_mipiio_wrapper/u_ph1p_mipiio_rx_wrapper/bufg_feedback                           |  x23y39z0   
RUN-1001 :     2    |   u_ph1p35_324_ddr_wrapper/u_ddr2/ph1p_ddrmc_wrapper/ph1p_ddrmc_top/u_ddr_phy/u_ddrphy_top/u_ddrphy_clk/u_pll1/u_bufg_fbclk   |  x23y39z16  
RUN-1001 :     3    |                                             u_experiment_osd/clk_created_gclkinst                                             |  x23y39z17  
RUN-1001 :     4    |                                               I_sys_clk_dup_6_created_gclkinst                                                |  x23y39z22  
RUN-1001 :     5    |                                               O_cam_24m_dup_1_created_gclkinst                                                |  x23y39z18  
RUN-1001 :     6    |                          u_hdmi_tx/u_hdmi2phy_wrapper/u0_lane_lvds_8_1/I_serial_clk_created_gclkinst                          |  x23y39z19  
RUN-1001 :     7    |  u_ph1p35_324_ddr_wrapper/u_ddr2/ph1p_ddrmc_wrapper/ph1p_ddrmc_top/u_ddr_phy/u_ddrphy_top/u_ddrphy/apb_pclk_created_gclkinst  |  x23y39z20  
RUN-1001 :     8    |                                                      u_PLL/bufg_feedback                                                      |  x23y39z21  
RUN-1001 : -------------------------------------------------------------------------------------------------------------------------------------------------------
RUN-1001 : Clock Nets Connect To GCLK Statistics: 
RUN-1001 : -----------------------------------------------------------------------------------------------------------------------------------------------------------------------------------------
RUN-1001 :   Index  |                        Leading Net                        |  CLK/DATA/IO/PLL Sink(s)  |                       Following Net                       |  CLK/DATA/IO/PLL Sink(s)  
RUN-1001 : -----------------------------------------------------------------------------------------------------------------------------------------------------------------------------------------
RUN-1001 :     1    | u_mipi_dphy_rx_ph1p_mipiio_wrapper/u_ph1p_mipiio_rx_w...  |          1/0/0/0          | u_isp_top/u_demosaic/raw_matrix_3x3_buffer_d/zhenghe_...  |        10228/0/0/0        
RUN-1001 :     2    | u_ph1p35_324_ddr_wrapper/u_ddr2/ph1p_ddrmc_wrapper/ph...  |          1/0/0/0          | u_ph1p35_324_ddr_wrapper/u_ddr2/ph1p_ddrmc_wrapper/ph...  |        3612/0/0/0         
RUN-1001 :     3    |                   u_experiment_osd/clk                    |          1/0/0/0          |               u_experiment_osd/clk_syn_652                |        2697/0/0/0         
RUN-1001 :     4    |                      I_sys_clk_dup_6                      |          3/0/0/0          |                      I_sys_clk_syn_8                      |         587/0/0/0         
RUN-1001 :     5    |                      O_cam_24m_dup_1                      |          1/0/0/0          |                      O_cam_24m_syn_3                      |         307/1/0/0         
RUN-1001 :     6    | u_hdmi_tx/u_hdmi2phy_wrapper/u0_lane_lvds_8_1/I_seria...  |          1/0/0/0          | u_hdmi_tx/u_hdmi2phy_wrapper/u0_lane_lvds_8_1/I_seria...  |         61/0/0/0          
RUN-1001 :     7    | u_ph1p35_324_ddr_wrapper/u_ddr2/ph1p_ddrmc_wrapper/ph...  |          1/0/0/0          | u_ph1p35_324_ddr_wrapper/u_ddr2/ph1p_ddrmc_wrapper/ph...  |         43/0/0/0          
RUN-1001 :     8    |                      u_PLL/clk0_buf                       |          1/0/0/0          | u_mipi_dphy_rx_ph1p_mipiio_wrapper/u_ph1p_mipiio_rx_w...  |         13/0/0/0          
RUN-1001 : -----------------------------------------------------------------------------------------------------------------------------------------------------------------------------------------
PHY-1001 : Stage 2.3 | Global Placement Step 1
PHY-3001 : Target density is 60%
PHY-1001 : Stage 2.3.1 | Update Timing
RUN-1002 : start command "start_timer"
RUN-1003 : finish command "start_timer" in  2.138149s wall, 2.109375s user + 0.000000s system = 2.109375s CPU (98.7%)

RUN-1004 : used memory is 969 MB, reserved memory is 962 MB, peak memory is 969 MB
PHY-1001 : SWNS: 1187, STNS: 0, FEP: 0
PHY-3001 : tot_pins 354089 tot_hfn_pins 30749 perc. 8 tot_hhfn_pins 9299 perc. 2
PHY-1001 : End Stage 2.3.1 | Update Timing; Time: 4.426559s wall, 4.359375s user + 0.015625s system = 4.375000s CPU (98.8%); Memory(MB): used = 981, reserved = 974, peak = 981;

PHY-0007 : Cell area utilization is 61%
RUN-1001 : Huge Net Statistic
RUN-1001 : ----------------------------------------------------------------------------------------------------------------------------------------------------------------------------------------
RUN-1001 :   Fanout  |  Slack  |                                                                                Net                                                                                
RUN-1001 : ----------------------------------------------------------------------------------------------------------------------------------------------------------------------------------------
RUN-1001 :    6738   |   Inf   |                                u_ph1p35_324_ddr_wrapper/u_ddr2/ph1p_ddrmc_wrapper/ph1p_ddrmc_top/u_ddr_phy/u_ddrphy_top/sys_rst_n                                 
RUN-1001 :    1472   |  11982  |                                u_ph1p35_324_ddr_wrapper/u_ddr2/ph1p_ddrmc_wrapper/ph1p_ddrmc_top/u_alc_mc_top/u_rbuf_addr_fifo/rst                                
RUN-1001 :    1089   |   Inf   |  u_ph1p35_324_ddr_wrapper/u_ddr2/ph1p_ddrmc_wrapper/ph1p_ddrmc_top/u_ddr_phy/u_ddrphy_top/u_ddrphy/dx_byte[1]$dx_byte_used$u_ddrphy_dx_byte_wrapper/dx_phy_rst_n  
RUN-1001 : ----------------------------------------------------------------------------------------------------------------------------------------------------------------------------------------
PHY-3001 : Clustering ...
PHY-3001 : End clustering;  0.183854s wall, 0.203125s user + 0.062500s system = 0.265625s CPU (144.5%)

PHY-3001 : Target density is 60%
PHY-1001 : Stage 2.3.2 | GP Iteration
PHY-1001 : End Stage 2.3.2 | GP Iteration; Time: 3.578906s wall, 17.609375s user + 0.953125s system = 18.562500s CPU (518.7%); Memory(MB): used = 992, reserved = 990, peak = 992;

PHY-3001 : Multithread accelerating rate: 4.95
RUN-1002 : start command "start_timer"
USR-1002 : Derived clock:  create_generated_clock -name {u_PLL/ph1p_phy_pll_wrapper_25a56e5ce2f9_Inst/u_PH1P_PHY_PLL.clkc[0]} -source [get_ports {I_sys_clk}] -master_clock {sys_clk_50m} -multiply_by 2.0000 -duty_cycle 50.0000 [get_pins {u_PLL/ph1p_phy_pll_wrapper_25a56e5ce2f9_Inst/u_PH1P_PHY_PLL.clkc[0]}]
USR-1002 : Derived clock:  create_generated_clock -name {u_PLL/ph1p_phy_pll_wrapper_25a56e5ce2f9_Inst/u_PH1P_PHY_PLL.clkc[1]} -source [get_ports {I_sys_clk}] -master_clock {sys_clk_50m} -divide_by 2.0769 -duty_cycle 50.0000 [get_pins {u_PLL/ph1p_phy_pll_wrapper_25a56e5ce2f9_Inst/u_PH1P_PHY_PLL.clkc[1]}]
USR-1002 : Derived clock:  create_generated_clock -name {u_PLL/ph1p_phy_pll_wrapper_25a56e5ce2f9_Inst/u_PH1P_PHY_PLL.clkc[4]} -source [get_ports {I_sys_clk}] -master_clock {sys_clk_50m} -multiply_by 1.0400 -duty_cycle 50.0000 [get_pins {u_PLL/ph1p_phy_pll_wrapper_25a56e5ce2f9_Inst/u_PH1P_PHY_PLL.clkc[4]}]
USR-1002 : Derived clock:  create_generated_clock -name {u_PLL/ph1p_phy_pll_wrapper_25a56e5ce2f9_Inst/u_PH1P_PHY_PLL.clkc[5]} -source [get_ports {I_sys_clk}] -master_clock {sys_clk_50m} -multiply_by 5.2000 -duty_cycle 50.0000 [get_pins {u_PLL/ph1p_phy_pll_wrapper_25a56e5ce2f9_Inst/u_PH1P_PHY_PLL.clkc[5]}]
USR-1002 : Derived clock:  create_generated_clock -name {u_ph1p35_324_ddr_wrapper/u_ddr2/ph1p_ddrmc_wrapper/ph1p_ddrmc_top/u_ddr_phy/u_ddrphy_top/u_ddrphy_clk/u_pll0/u_pll_inst.clkc[0]} -source [get_ports {I_sys_clk}] -master_clock {sys_clk_50m} -multiply_by 1.3333 -duty_cycle 50.0000 [get_pins {u_ph1p35_324_ddr_wrapper/u_ddr2/ph1p_ddrmc_wrapper/ph1p_ddrmc_top/u_ddr_phy/u_ddrphy_top/u_ddrphy_clk/u_pll0/u_pll_inst.clkc[0]}]
USR-1002 : Derived clock:  create_generated_clock -name {u_ph1p35_324_ddr_wrapper/u_ddr2/ph1p_ddrmc_wrapper/ph1p_ddrmc_top/u_ddr_phy/u_ddrphy_top/u_ddrphy_clk/u_pll0/u_pll_inst.clkc[1]} -source [get_ports {I_sys_clk}] -master_clock {sys_clk_50m} -multiply_by 1.3333 -duty_cycle 50.0000 [get_pins {u_ph1p35_324_ddr_wrapper/u_ddr2/ph1p_ddrmc_wrapper/ph1p_ddrmc_top/u_ddr_phy/u_ddrphy_top/u_ddrphy_clk/u_pll0/u_pll_inst.clkc[1]}]
USR-1002 : Derived clock:  create_generated_clock -name {u_ph1p35_324_ddr_wrapper/u_ddr2/ph1p_ddrmc_wrapper/ph1p_ddrmc_top/u_ddr_phy/u_ddrphy_top/u_ddrphy_clk/u_pll0/u_pll_inst.clkc[2]} -source [get_ports {I_sys_clk}] -master_clock {sys_clk_50m} -multiply_by 5.3333 -duty_cycle 50.0000 [get_pins {u_ph1p35_324_ddr_wrapper/u_ddr2/ph1p_ddrmc_wrapper/ph1p_ddrmc_top/u_ddr_phy/u_ddrphy_top/u_ddrphy_clk/u_pll0/u_pll_inst.clkc[2]}]
USR-1002 : Derived clock:  create_generated_clock -name {u_ph1p35_324_ddr_wrapper/u_ddr2/ph1p_ddrmc_wrapper/ph1p_ddrmc_top/u_ddr_phy/u_ddrphy_top/u_ddrphy_clk/u_pll0/u_pll_inst.clkc[3]} -source [get_ports {I_sys_clk}] -master_clock {sys_clk_50m} -divide_by 1.9687 -duty_cycle 50.0000 [get_pins {u_ph1p35_324_ddr_wrapper/u_ddr2/ph1p_ddrmc_wrapper/ph1p_ddrmc_top/u_ddr_phy/u_ddrphy_top/u_ddrphy_clk/u_pll0/u_pll_inst.clkc[3]}]
USR-1002 : Derived clock:  create_generated_clock -name {u_ph1p35_324_ddr_wrapper/u_ddr2/ph1p_ddrmc_wrapper/ph1p_ddrmc_top/u_ddr_phy/u_ddrphy_top/u_ddrphy_clk/u_pll1/u_pll_inst.clkc[0]} -source [get_pins {u_ph1p35_324_ddr_wrapper/u_ddr2/ph1p_ddrmc_wrapper/ph1p_ddrmc_top/u_ddr_phy/u_ddrphy_top/u_ddrphy_clk/u_pll0/u_pll_inst.clkc[0]}] -master_clock {u_ph1p35_324_ddr_wrapper/u_ddr2/ph1p_ddrmc_wrapper/ph1p_ddrmc_top/u_ddr_phy/u_ddrphy_top/u_ddrphy_clk/u_pll0/u_pll_inst.clkc[0]} -multiply_by 1.0000 -duty_cycle 50.0000 [get_pins {u_ph1p35_324_ddr_wrapper/u_ddr2/ph1p_ddrmc_wrapper/ph1p_ddrmc_top/u_ddr_phy/u_ddrphy_top/u_ddrphy_clk/u_pll1/u_pll_inst.clkc[0]}]
8.888000
15.000000
15.000000
19.230000
RUN-1003 : finish command "start_timer" in  3.672569s wall, 3.421875s user + 0.015625s system = 3.437500s CPU (93.6%)

RUN-1004 : used memory is 995 MB, reserved memory is 991 MB, peak memory is 995 MB
TMR-2502 : Net delay update with mode: Placed
PHY-3001 : No need to merge 9x9 Dsps.
PHY-1001 : Populate physical database on model design_top_wrapper.
PHY-1001 : End Stage 2.3 | Global Placement Step 1; Time: 15.253989s wall, 28.750000s user + 1.156250s system = 29.906250s CPU (196.1%); Memory(MB): used = 1066, reserved = 1061, peak = 1066;

PHY-1001 : Stage 2.4 | RAM/DSP Legalization and Detailed Placement
PHY-1001 : Stage 2.4.1 | Legalization
PHY-3001 : Before Legalized: Len = 2.21991e+06
PHY-3001 : After Legalized: Len = 2.24837e+06, Over = 96.4062
PHY-1001 : End Stage 2.4.1 | Legalization; Time: 2.753030s wall, 2.625000s user + 0.000000s system = 2.625000s CPU (95.3%); Memory(MB): used = 1067, reserved = 1062, peak = 1067;

PHY-1001 : Stage 2.4.2 | Detailed Placement
PHY-1001 : Stage 2.4.2.1 | Simulated Annealing Based DP
PHY-0007 : Initial: WL Cost = 197188, TD Cost = 315766, SWNS = 2460, STNS = 0, Nums per T = 560, Range Limit = 2x32
PHY-0007 : Finally: WL Cost = 194365, TD Cost = 313397, WL Ratio = 0.985684, TD Ratio = 0.992496, SWNS = 2460, STNS = 0
RUN-1001 : Print Detailed placement's Summary information
RUN-1001 : -------------------------------------------------------------------------------------------------------------------------------
RUN-1001 :             |  Total  |  Accept  |  Reject by overFlow  |  Reject by worseCost  |  Failed by noTarget  |  Failed by gridCheck  
RUN-1001 : -------------------------------------------------------------------------------------------------------------------------------
RUN-1001 :   RAM/DSPs  |  2240   |    64    |          0           |         2176          |          0           |           0           
RUN-1001 :    Macros   |   319   |    6     |          0           |          313          |          0           |           0           
RUN-1001 : -------------------------------------------------------------------------------------------------------------------------------
PHY-1001 : End Stage 2.4.2.1 | Simulated Annealing Based DP; Time: 3.393503s wall, 4.046875s user + 0.109375s system = 4.156250s CPU (122.5%); Memory(MB): used = 1072, reserved = 1067, peak = 1072;

PHY-3001 : End Detailed Place; 
PHY-1001 : End Stage 2.4.2 | Detailed Placement; Time: 3.717899s wall, 4.375000s user + 0.109375s system = 4.484375s CPU (120.6%); Memory(MB): used = 1072, reserved = 1067, peak = 1072;

PHY-1001 : End Stage 2.4 | RAM/DSP Legalization and Detailed Placement; Time: 6.472186s wall, 7.000000s user + 0.109375s system = 7.109375s CPU (109.8%); Memory(MB): used = 1072, reserved = 1067, peak = 1072;

PHY-1001 : Stage 2.5 | Global Placement Step 2
PHY-3001 : Target density is 60%
PHY-1001 : Stage 2.5.1 | Update Timing
PHY-1001 : SWNS: 2460, STNS: 0, FEP: 0
PHY-1001 : End Stage 2.5.1 | Update Timing; Time: 0.282800s wall, 0.281250s user + 0.000000s system = 0.281250s CPU (99.5%); Memory(MB): used = 1072, reserved = 1067, peak = 1072;

PHY-1001 : Stage 2.5.2 | Refresh Congestion
RUN-1001 : Generating global routing grids ...
RUN-1001 : Building simple global routing graph ...
PHY-1001 : Generate routing nets ...
PHY-1001 : Reuse net number 0/16576.
PHY-1001 : Global iterations in 16 thread ...
PHY-1002 : len = 2.30107e+06, over cnt = 3131(4%), over = 16093, worst = 71
PHY-1001 : End global iterations;  1.020558s wall, 1.734375s user + 0.015625s system = 1.750000s CPU (171.5%)

PHY-1001 : Congestion index:
PHY-1001 : top1  = 193.71(S 128.69, N 123.89, E 153.45, W 170.64, I 300.85, O 384.13)
PHY-1001 : top5  = 132.86(S 82.30, N 84.08, E 102.73, W 98.40, I 173.19, O 225.26)
PHY-1001 : top10 = 108.61(S 64.20, N 67.07, E 82.15, W 75.94, I 130.05, O 171.14)
PHY-1001 : top15 = 95.32(S 53.77, N 56.67, E 70.08, W 63.61, I 105.91, O 140.68)
PHY-1001 : End Stage 2.5.2 | Refresh Congestion; Time: 1.797189s wall, 2.421875s user + 0.062500s system = 2.484375s CPU (138.2%); Memory(MB): used = 1157, reserved = 1152, peak = 1157;

PHY-1001 : Stage 2.5.3 | GP Iteration
PHY-1001 : End Stage 2.5.3 | GP Iteration; Time: 4.855378s wall, 24.281250s user + 0.531250s system = 24.812500s CPU (511.0%); Memory(MB): used = 1162, reserved = 1157, peak = 1162;

PHY-3001 : Multithread accelerating rate: 5.07
PHY-1001 : End Stage 2.5 | Global Placement Step 2; Time: 9.538706s wall, 29.468750s user + 0.625000s system = 30.093750s CPU (315.5%); Memory(MB): used = 1165, reserved = 1159, peak = 1165;

PHY-1001 : Stage 2.6 | RAM/DSP Detailed Placement
PHY-1001 : Stage 2.6.1 | Detailed Placement
PHY-1001 : Stage 2.6.1.1 | Simulated Annealing Based DP
PHY-0007 : Initial: WL Cost = 160894, TD Cost = 263760, SWNS = 2245, STNS = 0, Nums per T = 560, Range Limit = 2x32
PHY-0007 : Finally: WL Cost = 160471, TD Cost = 261273, WL Ratio = 0.997367, TD Ratio = 0.990572, SWNS = 2245, STNS = 0
RUN-1001 : Print Detailed placement's Summary information
RUN-1001 : -------------------------------------------------------------------------------------------------------------------------------
RUN-1001 :             |  Total  |  Accept  |  Reject by overFlow  |  Reject by worseCost  |  Failed by noTarget  |  Failed by gridCheck  
RUN-1001 : -------------------------------------------------------------------------------------------------------------------------------
RUN-1001 :   RAM/DSPs  |  2800   |    28    |          0           |         2772          |          0           |           0           
RUN-1001 :    Macros   |   397   |    1     |          0           |          396          |          0           |           0           
RUN-1001 : -------------------------------------------------------------------------------------------------------------------------------
PHY-1001 : End Stage 2.6.1.1 | Simulated Annealing Based DP; Time: 0.671087s wall, 1.078125s user + 0.015625s system = 1.093750s CPU (163.0%); Memory(MB): used = 1165, reserved = 1160, peak = 1165;

PHY-3001 : End Detailed Place; 
PHY-1001 : End Stage 2.6.1 | Detailed Placement; Time: 0.971937s wall, 1.375000s user + 0.015625s system = 1.390625s CPU (143.1%); Memory(MB): used = 1165, reserved = 1160, peak = 1165;

PHY-1001 : Stage 2.6.2 | Spreading
OPT-1001 : Total overflow 741.56 peak overflow 6.06
PHY-3001 : Spreading for sector grids.
PHY-3001 : Iter 1, total overflow: 0
PHY-3001 : tot_capacity: 36, usage_cnt: 17, movable_cnt: 25
PHY-3001 : End spreading;  0.143390s wall, 0.281250s user + 0.000000s system = 0.281250s CPU (196.1%)

PHY-1001 : End Stage 2.6.2 | Spreading; Time: 0.143532s wall, 0.281250s user + 0.000000s system = 0.281250s CPU (195.9%); Memory(MB): used = 1165, reserved = 1160, peak = 1165;

PHY-1001 : End Stage 2.6 | RAM/DSP Detailed Placement; Time: 1.438599s wall, 1.984375s user + 0.015625s system = 2.000000s CPU (139.0%); Memory(MB): used = 1166, reserved = 1160, peak = 1166;

PHY-1001 : Stage 2.7 | Optimize Design
OPT-1001 : Start physical optimization ...
OPT-1001 : Total overflow 741.56 peak overflow 6.06
OPT-1001 : Stage 2.7.1 | Synthesize High-fanout Net
OPT-1001 : Start high-fanout net optimization in pre-pack flow with medium effort ...
OPT-1001 : Update timing in Manhattan mode
OPT-1001 : End timing update;  2.304318s wall, 2.296875s user + 0.000000s system = 2.296875s CPU (99.7%)

OPT-1001 : Start: SWNS 2245 STNS 0 NUM_FEPS 0
OPT-1001 : Total overflow 741.56 peak overflow 6.06
PHY-1001 : Populate physical database on model design_top_wrapper.
OPT-1001 : 96 high-fanout net processed.
PHY-3001 : Start incremental placement ...
PHY-1001 : Populate physical database on model design_top_wrapper.
PHY-1001 : Processing 2 clock pins of DDR instance u_ph1p35_324_ddr_wrapper/u_ddr2/ph1p_ddrmc_wrapper/ph1p_ddrmc_top/u_ddr_phy/u_ddrphy_top/u_ddrphy/ac_byte[0]$ac_byte_used$u_ddrphy_ac_byte_wrapper/u_ddrphy_byte, location = x0y70z0.
PHY-1001 :   Placed ioclk instance u_ph1p35_324_ddr_wrapper/u_ddr2/ph1p_ddrmc_wrapper/ph1p_ddrmc_top/u_ddr_phy/u_ddrphy_top/u_ddrphy_clk/ioclk[0]$u_ioclk_1, location = x0y59z1.
PHY-1001 :   Placed ioclk instance u_ph1p35_324_ddr_wrapper/u_ddr2/ph1p_ddrmc_wrapper/ph1p_ddrmc_top/u_ddr_phy/u_ddrphy_top/u_ddrphy_clk/ioclk[0]$u_ioclk_0, location = x0y59z0.
PHY-1001 : Processing 2 clock pins of DDR instance u_ph1p35_324_ddr_wrapper/u_ddr2/ph1p_ddrmc_wrapper/ph1p_ddrmc_top/u_ddr_phy/u_ddrphy_top/u_ddrphy/ac_byte[1]$ac_byte_used$u_ddrphy_ac_byte_wrapper/u_ddrphy_byte, location = x0y60z0.
PHY-1001 :   Placed ioclk instance u_ph1p35_324_ddr_wrapper/u_ddr2/ph1p_ddrmc_wrapper/ph1p_ddrmc_top/u_ddr_phy/u_ddrphy_top/u_ddrphy_clk/ioclk[0]$u_ioclk_1, location = x0y59z1.
PHY-1001 :   Placed ioclk instance u_ph1p35_324_ddr_wrapper/u_ddr2/ph1p_ddrmc_wrapper/ph1p_ddrmc_top/u_ddr_phy/u_ddrphy_top/u_ddrphy_clk/ioclk[0]$u_ioclk_0, location = x0y59z0.
PHY-1001 : Processing 2 clock pins of DDR instance u_ph1p35_324_ddr_wrapper/u_ddr2/ph1p_ddrmc_wrapper/ph1p_ddrmc_top/u_ddr_phy/u_ddrphy_top/u_ddrphy/ac_byte[2]$ac_byte_used$u_ddrphy_ac_byte_wrapper/u_ddrphy_byte, location = x0y50z0.
PHY-1001 :   Placed ioclk instance u_ph1p35_324_ddr_wrapper/u_ddr2/ph1p_ddrmc_wrapper/ph1p_ddrmc_top/u_ddr_phy/u_ddrphy_top/u_ddrphy_clk/ioclk[0]$u_ioclk_1, location = x0y59z1.
PHY-1001 :   Placed ioclk instance u_ph1p35_324_ddr_wrapper/u_ddr2/ph1p_ddrmc_wrapper/ph1p_ddrmc_top/u_ddr_phy/u_ddrphy_top/u_ddrphy_clk/ioclk[0]$u_ioclk_0, location = x0y59z0.
PHY-1001 : Processing 2 clock pins of DDR instance u_ph1p35_324_ddr_wrapper/u_ddr2/ph1p_ddrmc_wrapper/ph1p_ddrmc_top/u_ddr_phy/u_ddrphy_top/u_ddrphy/ac_byte[3]$ac_byte_used$u_ddrphy_ac_byte_wrapper/u_ddrphy_byte, location = x0y40z0.
PHY-1001 :   Placed ioclk instance u_ph1p35_324_ddr_wrapper/u_ddr2/ph1p_ddrmc_wrapper/ph1p_ddrmc_top/u_ddr_phy/u_ddrphy_top/u_ddrphy_clk/ioclk[0]$u_ioclk_1, location = x0y59z1.
PHY-1001 :   Placed ioclk instance u_ph1p35_324_ddr_wrapper/u_ddr2/ph1p_ddrmc_wrapper/ph1p_ddrmc_top/u_ddr_phy/u_ddrphy_top/u_ddrphy_clk/ioclk[0]$u_ioclk_0, location = x0y59z0.
PHY-1001 : Processing 2 clock pins of DDR instance u_ph1p35_324_ddr_wrapper/u_ddr2/ph1p_ddrmc_wrapper/ph1p_ddrmc_top/u_ddr_phy/u_ddrphy_top/u_ddrphy/dx_byte[0]$dx_byte_used$u_ddrphy_dx_byte_wrapper/u_ddrphy_byte, location = x0y30z0.
PHY-1001 :   Placed ioclk instance u_ph1p35_324_ddr_wrapper/u_ddr2/ph1p_ddrmc_wrapper/ph1p_ddrmc_top/u_ddr_phy/u_ddrphy_top/u_ddrphy_clk/ioclk[1]$u_ioclk_1, location = x0y19z1.
PHY-1001 :   Placed ioclk instance u_ph1p35_324_ddr_wrapper/u_ddr2/ph1p_ddrmc_wrapper/ph1p_ddrmc_top/u_ddr_phy/u_ddrphy_top/u_ddrphy_clk/ioclk[1]$u_ioclk_0, location = x0y19z0.
PHY-1001 : Processing 2 clock pins of DDR instance u_ph1p35_324_ddr_wrapper/u_ddr2/ph1p_ddrmc_wrapper/ph1p_ddrmc_top/u_ddr_phy/u_ddrphy_top/u_ddrphy/dx_byte[1]$dx_byte_used$u_ddrphy_dx_byte_wrapper/u_ddrphy_byte, location = x0y10z0.
PHY-1001 :   Placed ioclk instance u_ph1p35_324_ddr_wrapper/u_ddr2/ph1p_ddrmc_wrapper/ph1p_ddrmc_top/u_ddr_phy/u_ddrphy_top/u_ddrphy_clk/ioclk[1]$u_ioclk_1, location = x0y19z1.
PHY-1001 :   Placed ioclk instance u_ph1p35_324_ddr_wrapper/u_ddr2/ph1p_ddrmc_wrapper/ph1p_ddrmc_top/u_ddr_phy/u_ddrphy_top/u_ddrphy_clk/ioclk[1]$u_ioclk_0, location = x0y19z0.
PHY-3001 : Target density is 60%
PHY-3001 : Target density is 60%
PHY-1001 : Stage 2.7.1.1 | Update Timing
PHY-1001 : SWNS: 2245, STNS: 0, FEP: 0
PHY-1001 : End Stage 2.7.1.1 | Update Timing; Time: 0.352476s wall, 0.250000s user + 0.000000s system = 0.250000s CPU (70.9%); Memory(MB): used = 1166, reserved = 1160, peak = 1166;

PHY-1001 : Stage 2.7.1.2 | Refresh Congestion
RUN-1001 : Generating global routing grids ...
PHY-1001 : Generate routing nets ...
PHY-1001 : Reuse net number 195/29618.
PHY-1001 : Global iterations in 16 thread ...
PHY-1002 : len = 1.87186e+06, over cnt = 3806(5%), over = 21084, worst = 77
PHY-1001 : End global iterations;  1.502695s wall, 3.500000s user + 0.046875s system = 3.546875s CPU (236.0%)

PHY-1001 : Congestion index:
PHY-1001 : top1  = 190.15(S 133.17, N 145.50, E 163.05, W 151.32, I 205.67, O 251.81)
PHY-1001 : top5  = 139.69(S 90.25, N 99.67, E 102.87, W 102.06, I 126.14, O 153.96)
PHY-1001 : top10 = 117.25(S 70.72, N 80.49, E 82.58, W 82.23, I 95.39, O 120.08)
PHY-1001 : top15 = 104.54(S 59.72, N 69.01, E 71.28, W 69.64, I 79.42, O 102.22)
PHY-1001 : End Stage 2.7.1.2 | Refresh Congestion; Time: 1.840047s wall, 3.843750s user + 0.062500s system = 3.906250s CPU (212.3%); Memory(MB): used = 1178, reserved = 1172, peak = 1178;

PHY-1001 : Stage 2.7.1.3 | GP Iteration
PHY-1001 : End Stage 2.7.1.3 | GP Iteration; Time: 1.926537s wall, 9.234375s user + 0.140625s system = 9.375000s CPU (486.6%); Memory(MB): used = 1181, reserved = 1175, peak = 1181;

PHY-3001 : Multithread accelerating rate: 4.84
OPT-1001 : Total overflow 735.66 peak overflow 4.88
PHY-3001 : Spreading for sector grids.
PHY-3001 : Iter 1, total overflow: 0
PHY-3001 : tot_capacity: 36, usage_cnt: 18, movable_cnt: 29
PHY-3001 : End spreading;  0.103020s wall, 0.203125s user + 0.000000s system = 0.203125s CPU (197.2%)

PHY-3001 : Final: Len = 1.43827e+06, Over = 188.344
PHY-3001 : End incremental placement;  4.702648s wall, 14.171875s user + 0.203125s system = 14.375000s CPU (305.7%)

OPT-1001 : Total overflow 735.66 peak overflow 4.88
RUN-1001 : HFN opt statistic
RUN-1001 : ------------------------------------------------------
RUN-1001 :   DriverCell type  |  HFN count  |  Duplicated count  
RUN-1001 : ------------------------------------------------------
RUN-1001 :         REG        |     12      |         22         
RUN-1001 :        LUT6        |     61      |         48         
RUN-1001 :        LUT5        |      2      |         6          
RUN-1001 :        LUT4        |      2      |         5          
RUN-1001 :        LUT3        |      5      |         11         
RUN-1001 :        LUT2        |     14      |         24         
RUN-1001 :        TOTAL       |     96      |        116         
RUN-1001 : ------------------------------------------------------
OPT-1001 : End high-fanout net optimization;  10.543836s wall, 20.203125s user + 0.250000s system = 20.453125s CPU (194.0%)

OPT-1001 : Update timing in Manhattan mode
OPT-1001 : End timing update;  2.326929s wall, 2.250000s user + 0.000000s system = 2.250000s CPU (96.7%)

OPT-1001 : Current memory(MB): used = 1181, reserved = 1175, peak = 1181.
OPT-1001 : End Stage 2.7.1 | Synthesize High-fanout Net; Time: 13.134274s wall, 22.703125s user + 0.250000s system = 22.953125s CPU (174.8%); Memory(MB): used = 1181, reserved = 1175, peak = 1181;

OPT-1001 : Stage 2.7.2 | Global Optimization
OPT-1001 : Start global optimization ...
OPT-0007 : Start: SWNS 1844 STNS 0 NUM_FEPS 0
OPT-1001 : Start congestion update ...
RUN-1001 : Generating global routing grids ...
PHY-1001 : Generate routing nets ...
PHY-1001 : Reuse net number 2119/27167.
PHY-1001 : Global iterations in 16 thread ...
PHY-1002 : len = 1.65669e+06, over cnt = 3474(4%), over = 11994, worst = 21
PHY-1002 : len = 1.80742e+06, over cnt = 2848(3%), over = 7133, worst = 16
PHY-1002 : len = 1.938e+06, over cnt = 1455(2%), over = 3685, worst = 16
PHY-1002 : len = 2.01766e+06, over cnt = 627(0%), over = 1531, worst = 16
PHY-1002 : len = 2.06874e+06, over cnt = 27(0%), over = 30, worst = 4
PHY-1001 : End global iterations;  4.288700s wall, 6.015625s user + 0.078125s system = 6.093750s CPU (142.1%)

PHY-1001 : Congestion index:
PHY-1001 : top1  = 90.16(S 79.05, N 75.60, E 84.25, W 84.62, I 212.12, O 226.15)
PHY-1001 : top5  = 78.28(S 64.79, N 63.88, E 66.34, W 70.55, I 124.46, O 143.82)
PHY-1001 : top10 = 71.96(S 55.68, N 57.35, E 57.88, W 61.75, I 94.78, O 116.05)
PHY-1001 : top15 = 67.63(S 49.74, N 52.68, E 52.35, W 55.98, I 79.37, O 100.19)
OPT-1001 : End congestion update;  4.774387s wall, 6.515625s user + 0.078125s system = 6.593750s CPU (138.1%)

OPT-0007 : Iter 1: improved SWNS 1860 STNS 0 NUM_FEPS 0 with 51 cells processed and 2187 slack improved
OPT-0007 : Iter 2: improved SWNS 1860 STNS 0 NUM_FEPS 0 with 20 cells processed and 987 slack improved
OPT-0007 : Iter 3: improved SWNS 1860 STNS 0 NUM_FEPS 0 with 4 cells processed and 188 slack improved
OPT-1001 : Overall commit ratio 0.28
OPT-1001 : End global optimization;  4.983136s wall, 6.718750s user + 0.078125s system = 6.796875s CPU (136.4%)

OPT-1001 : Current memory(MB): used = 1181, reserved = 1175, peak = 1181.
OPT-1001 : End Stage 2.7.2 | Global Optimization; Time: 6.372619s wall, 8.078125s user + 0.078125s system = 8.156250s CPU (128.0%); Memory(MB): used = 1181, reserved = 1175, peak = 1181;

OPT-0007 : End flow prepack: SWNS 1860 STNS 0 NUM_FEPS 0
OPT-1001 : End physical optimization;  19.596491s wall, 31.000000s user + 0.328125s system = 31.328125s CPU (159.9%)

PHY-1001 : End Stage 2.7 | Optimize Design; Time: 19.600489s wall, 31.000000s user + 0.328125s system = 31.328125s CPU (159.8%); Memory(MB): used = 1181, reserved = 1175, peak = 1181;

PHY-1001 : Stage 2.8 | Pack and Legalization
PHY-1001 : Stage 2.8.1 | Direct Legalization
PHY-3001 : Start Direct Legalization ...
PHY-3001 : Get top1 grid util = 0.764795, top1_avg = 0.764795.
PHY-1001 : Populate physical database on model design_top_wrapper.
PHY-3001 : Target density is 60%
PHY-3001 : Before Legalization for Slice Macros, Len = 1.44296e+06.
RUN-1001 : Legalization top10 inst displacement:
RUN-1001 : ----------------------------------------------------------------------------------------------------------------------------------------------------------------------------------------------------------------------------------
RUN-1001 :   Index  |  Bounded  |  Height  |       Location       |  Disp. (slots)  |  Disp. (grids)  |                                                                 Name                                                                 
RUN-1001 : ----------------------------------------------------------------------------------------------------------------------------------------------------------------------------------------------------------------------------------
RUN-1001 :     1    |     N     |    8     |  x1y68z4 to x5y67z0  |       44        |        5        |        u_ph1p35_324_ddr_wrapper/u_ddr2/ph1p_ddrmc_wrapper/ph1p_ddrmc_top/u_ddr_phy/u_ddrphy_top/u_ddrphy_init/ramread0_syn_71        
RUN-1001 :     2    |     N     |    8     |  x3y23z6 to x5y21z0  |       38        |        4        |      u_ph1p35_324_ddr_wrapper/u_ddr2/ph1p_ddrmc_wrapper/ph1p_ddrmc_top/u_phy2mc_fifo/byteIdx_1[0]$u_wfifo_sync/ramread0_syn_48       
RUN-1001 :     3    |     N     |    8     |  x1y70z2 to x5y71z0  |       38        |        5        |       u_ph1p35_324_ddr_wrapper/u_ddr2/ph1p_ddrmc_wrapper/ph1p_ddrmc_top/u_ddr_phy/u_ddrphy_top/u_ddrphy_init/ramread0_syn_111        
RUN-1001 :     4    |     N     |    8     |  x1y69z3 to x5y70z0  |       37        |        5        |        u_ph1p35_324_ddr_wrapper/u_ddr2/ph1p_ddrmc_wrapper/ph1p_ddrmc_top/u_ddr_phy/u_ddrphy_top/u_ddrphy_init/ramread0_syn_31        
RUN-1001 :     5    |     N     |    8     |  x1y68z3 to x5y68z0  |       35        |        4        |        u_ph1p35_324_ddr_wrapper/u_ddr2/ph1p_ddrmc_wrapper/ph1p_ddrmc_top/u_ddr_phy/u_ddrphy_top/u_ddrphy_init/ramread0_syn_91        
RUN-1001 :     6    |     N     |    8     |  x1y65z5 to x5y66z0  |       35        |        5        |       u_ph1p35_324_ddr_wrapper/u_ddr2/ph1p_ddrmc_wrapper/ph1p_ddrmc_top/u_ddr_phy/u_ddrphy_top/u_ddrphy_init/ramread0_syn_131        
RUN-1001 :     7    |     N     |    8     |  x1y68z6 to x5y69z0  |       34        |        5        |        u_ph1p35_324_ddr_wrapper/u_ddr2/ph1p_ddrmc_wrapper/ph1p_ddrmc_top/u_ddr_phy/u_ddrphy_top/u_ddrphy_init/ramread0_syn_51        
RUN-1001 :     8    |     N     |    8     |  x1y75z1 to x5y75z0  |       33        |        4        |       u_ph1p35_324_ddr_wrapper/u_ddr2/ph1p_ddrmc_wrapper/ph1p_ddrmc_top/u_ddr_phy/u_ddrphy_top/u_ddrphy_init/ramread0_syn_151        
RUN-1001 :     9    |     N     |    8     |  x3y23z6 to x5y22z0  |       30        |        3        |      u_ph1p35_324_ddr_wrapper/u_ddr2/ph1p_ddrmc_wrapper/ph1p_ddrmc_top/u_phy2mc_fifo/byteIdx_1[0]$u_wfifo_sync/ramread0_syn_88       
RUN-1001 :    10    |     N     |    8     |  x3y26z7 to x5y28z0  |       25        |        4        |  u_ph1p35_324_ddr_wrapper/u_ddr2/ph1p_ddrmc_wrapper/ph1p_ddrmc_top/u_alc_mc_top/u_wr_data/wr_buffer[0]$u_wdata_ram/ramread0_syn_172  
RUN-1001 : ----------------------------------------------------------------------------------------------------------------------------------------------------------------------------------------------------------------------------------
PHY-3001 : After Legalization for Slice Macros, Len = 1.50769e+06.
RUN-1001 : Generating global routing grids ...
PHY-1001 : Generate routing nets ...
PHY-1001 : Reuse net number 23877/27112.
RUN-1002 : start command "update_timing -mode MANHATTAN"
RUN-1002 : start command "start_timer"
RUN-1003 : finish command "start_timer" in  2.238386s wall, 2.203125s user + 0.000000s system = 2.203125s CPU (98.4%)

RUN-1004 : used memory is 1206 MB, reserved memory is 1200 MB, peak memory is 1206 MB
RUN-1003 : finish command "update_timing -mode MANHATTAN" in  4.719477s wall, 4.500000s user + 0.015625s system = 4.515625s CPU (95.7%)

RUN-1004 : used memory is 1207 MB, reserved memory is 1200 MB, peak memory is 1207 MB
PHY-1001 : Global iterations in 16 thread ...
PHY-1002 : len = 2.06531e+06, over cnt = 1071(1%), over = 2425, worst = 10
PHY-1002 : len = 2.08426e+06, over cnt = 868(1%), over = 1553, worst = 9
PHY-1002 : len = 2.1143e+06, over cnt = 363(0%), over = 571, worst = 9
PHY-1002 : len = 2.12635e+06, over cnt = 186(0%), over = 252, worst = 7
PHY-1002 : len = 2.13469e+06, over cnt = 25(0%), over = 25, worst = 1
PHY-1001 : End global iterations;  1.352251s wall, 1.843750s user + 0.015625s system = 1.859375s CPU (137.5%)

PHY-1001 : Congestion index:
PHY-1001 : top1  = 89.98(S 78.00, N 73.95, E 82.18, W 85.20, I 208.17, O 224.84)
PHY-1001 : top5  = 77.65(S 63.89, N 63.18, E 66.48, W 71.12, I 120.21, O 142.20)
PHY-1001 : top10 = 71.54(S 55.16, N 56.85, E 58.20, W 62.36, I 91.62, O 114.73)
PHY-1001 : top15 = 67.48(S 49.52, N 52.16, E 52.91, W 56.45, I 77.41, O 98.81)
PHY-3001 : Total Iter 137, legal = 28876 / 28876 (100.00%), avg_move = 31.31, max_move = 318.
PHY-3001 : There are no illegal insts.
PHY-1001 : Populate physical database on model design_top_wrapper.
PHY-3001 : End Direct Legalization;  49.677346s wall, 331.437500s user + 1.375000s system = 332.812500s CPU (669.9%)

RUN-1001 : Summary of LUT-FF Pairs
RUN-1001 : ---------------------------------------------------------------
RUN-1001 :   Num of Fanout Seqs  |   1x   |  2x  |  3~5  |  6~10  |  >10  
RUN-1001 : ---------------------------------------------------------------
RUN-1001 :         Total         |  7853  |  15  |  46   |   0    |  23   
RUN-1001 :          Grid         |  7844  |  14  |  35   |   0    |  23   
RUN-1001 :          Bank         |  7645  |  14  |  30   |   0    |  21   
RUN-1001 :         Paired        |  7605  |  14  |  28   |   0    |  21   
RUN-1001 : ---------------------------------------------------------------
RUN-1001 : Summary of LUT Pairs
RUN-1001 : ---------------------------------------------------------------------------------------------------------------------
RUN-1001 :            |           |           |           |           |           |  O5 + O6  |  Only O5  |  Only O6  |  Total  
RUN-1001 : ---------------------------------------------------------------------------------------------------------------------
RUN-1001 :   5 Share  |  4 Share  |  3 Share  |  2 Share  |  1 Share  |  0 Share  |           |           |           |         
RUN-1001 :     62     |    229    |    298    |    456    |   2013    |   4274    |   7332    |   3408    |   2509    |  13249  
RUN-1001 : ---------------------------------------------------------------------------------------------------------------------
PHY-1001 : End Stage 2.8.1 | Direct Legalization; Time: 49.772810s wall, 331.515625s user + 1.375000s system = 332.890625s CPU (668.8%); Memory(MB): used = 1318, reserved = 1311, peak = 1318;

PHY-3001 : Target density is 60%
PHY-3001 : After Direct Legalization, Len = 1.97555e+06.
PHY-1001 : End Stage 2.8 | Pack and Legalization; Time: 50.054292s wall, 331.796875s user + 1.375000s system = 333.171875s CPU (665.6%); Memory(MB): used = 1318, reserved = 1311, peak = 1318;

RUN-1002 : start command "start_timer"
RUN-1003 : finish command "start_timer" in  5.123671s wall, 4.921875s user + 0.015625s system = 4.937500s CPU (96.4%)

RUN-1004 : used memory is 1318 MB, reserved memory is 1311 MB, peak memory is 1318 MB
PHY-1001 : End Stage 2 | Global Placement; Time: 110.335768s wall, 437.656250s user + 3.640625s system = 441.296875s CPU (400.0%); Memory(MB): used = 1319, reserved = 1311, peak = 1319;

PHY-1001 : Stage 3 | Detailed Placement
PHY-1001 : Stage 3.1 | SLICE Detailed Placement
PHY-1001 : Stage 3.1.1 | Spreading
PHY-3001 : Design contains 187 ce signals.
PHY-3001 : Spreading for sector grids.
PHY-3001 : Iter 1, total overflow: 0
PHY-3001 : tot_capacity: 24, usage_cnt: 12, movable_cnt: 14
PHY-3001 : Spreading for clock grids.
PHY-3001 : clock grid count for 24 x 4 grids
PHY-3001 : Spreading for plb grids.
PHY-3001 : total displace: 0, max displace: 0.
PHY-3001 : End spreading;  0.374473s wall, 0.359375s user + 0.015625s system = 0.375000s CPU (100.1%)

PHY-1001 : End Stage 3.1.1 | Spreading; Time: 0.374644s wall, 0.359375s user + 0.015625s system = 0.375000s CPU (100.1%); Memory(MB): used = 1328, reserved = 1321, peak = 1328;

PHY-1001 : Stage 3.1.2 | Simulated Annealing Based DP
RUN-1001 : Generating global routing grids ...
PHY-1001 : Generate routing nets ...
PHY-1001 : Reuse net number 2783/22274.
PHY-1001 : Global iterations in 16 thread ...
PHY-1002 : len = 2.15718e+06, over cnt = 1815(2%), over = 3594, worst = 9
PHY-1002 : len = 2.19566e+06, over cnt = 1094(1%), over = 1919, worst = 9
PHY-1002 : len = 2.23573e+06, over cnt = 374(0%), over = 670, worst = 9
PHY-1002 : len = 2.25082e+06, over cnt = 83(0%), over = 157, worst = 8
PHY-1002 : len = 2.25552e+06, over cnt = 0(0%), over = 0, worst = 0
PHY-1001 : End global iterations;  2.931885s wall, 4.140625s user + 0.000000s system = 4.140625s CPU (141.2%)

PHY-1001 : Congestion index:
PHY-1001 : top1  = 81.12(S 64.67, N 62.83, E 75.61, W 75.49, I 63.73, O 75.49)
PHY-1001 : top5  = 69.54(S 52.19, N 53.66, E 62.26, W 61.73, I 54.06, O 65.61)
PHY-1001 : top10 = 63.82(S 45.72, N 48.47, E 55.62, W 54.74, I 49.29, O 59.11)
PHY-1001 : top15 = 60.43(S 41.42, N 44.83, E 51.14, W 50.02, I 45.99, O 55.33)
PHY-0007 : Initial: WL Cost = 162912, TD Cost = 205386, SWNS = 615, STNS = 0, Nums per T = 120740, Range Limit = 4x8
PHY-0007 : Finally: WL Cost = 146434, TD Cost = 163088, WL Ratio = 0.898856, TD Ratio = 0.794054, SWNS = 1231, STNS = 0
RUN-1001 : Print Detailed placement's Summary information
RUN-1001 : -------------------------------------------------------------------------------------------------------------------------------
RUN-1001 :           |   Total   |  Accept  |  Reject by overFlow  |  Reject by worseCost  |  Failed by noTarget  |  Failed by gridCheck  
RUN-1001 : -------------------------------------------------------------------------------------------------------------------------------
RUN-1001 :   Slices  |  1086660  |  26679   |         2165         |        1037609        |         619          |         19588         
RUN-1001 :   Macros  |   25770   |   189    |         239          |         25006         |         265          |          71           
RUN-1001 : -------------------------------------------------------------------------------------------------------------------------------
PHY-1001 : End Stage 3.1.2 | Simulated Annealing Based DP; Time: 31.957285s wall, 33.843750s user + 0.078125s system = 33.921875s CPU (106.1%); Memory(MB): used = 1340, reserved = 1332, peak = 1340;

PHY-3001 : End Detailed Place; 
PHY-3001 : Final: Len = 1.74199e+06, Over = 0
PHY-1001 : End Stage 3.1 | SLICE Detailed Placement; Time: 32.869880s wall, 34.703125s user + 0.093750s system = 34.796875s CPU (105.9%); Memory(MB): used = 1340, reserved = 1332, peak = 1340;

PHY-3001 : End Detailed Place; 
PHY-1001 : Stage 3.2 | Optimize Design
OPT-1001 : Start physical optimization ...
OPT-1001 : Total overflow 0.00 peak overflow 0.00
OPT-1001 : Stage 3.2.1 | Physical Optimization
OPT-1001 : Start high-fanout net optimization in optimize equivalent flow with medium effort ...
OPT-1001 : Clean unloaded insts before merging registers
PHY-1001 : Populate physical database on model design_top_wrapper.
PHY-1001 : Populate physical database on model design_top_wrapper.
OPT-1001 : Total overflow 0.00 peak overflow 0.00
OPT-1001 : End optimize duplicated nets. Total 45 instances are merged and 209 sinks are reconnected,  3.622810s wall, 3.531250s user + 0.000000s system = 3.531250s CPU (97.5%)

OPT-1001 : End high-fanout net optimization;  3.624761s wall, 3.546875s user + 0.000000s system = 3.546875s CPU (97.9%)

OPT-1001 : Update timing in Manhattan mode
RUN-1002 : start command "start_timer"
RUN-1003 : finish command "start_timer" in  3.661281s wall, 3.593750s user + 0.031250s system = 3.625000s CPU (99.0%)

RUN-1004 : used memory is 1340 MB, reserved memory is 1332 MB, peak memory is 1340 MB
OPT-1001 : End timing update;  6.371299s wall, 6.187500s user + 0.078125s system = 6.265625s CPU (98.3%)

OPT-1001 : Current memory(MB): used = 1340, reserved = 1332, peak = 1340.
OPT-1001 : End Stage 3.2.1 | Physical Optimization; Time: 10.238939s wall, 9.968750s user + 0.109375s system = 10.078125s CPU (98.4%); Memory(MB): used = 1340, reserved = 1332, peak = 1340;

OPT-1001 : Stage 3.2.2 | Synthesize High-fanout Net
OPT-1001 : Start high-fanout net optimization in post-pack flow with medium effort ...
OPT-1001 : Start: SWNS 1231 STNS 0 NUM_FEPS 0
OPT-1001 : Total overflow 0.00 peak overflow 0.00
PHY-1001 : Populate physical database on model design_top_wrapper.
OPT-1001 : 69 high-fanout net processed.
OPT-1001 : Total overflow 0.00 peak overflow 0.00
RUN-1001 : HFN opt statistic
RUN-1001 : ------------------------------------------------------
RUN-1001 :   DriverCell type  |  HFN count  |  Duplicated count  
RUN-1001 : ------------------------------------------------------
RUN-1001 :       LSLICE       |      0      |         0          
RUN-1001 :       MSLICE       |      0      |         0          
RUN-1001 :        OTHER       |     69      |         59         
RUN-1001 :        TOTAL       |     69      |         59         
RUN-1001 : ------------------------------------------------------
OPT-1001 : End high-fanout net optimization;  3.563929s wall, 3.546875s user + 0.031250s system = 3.578125s CPU (100.4%)

OPT-1001 : Current memory(MB): used = 1340, reserved = 1332, peak = 1340.
OPT-1001 : End Stage 3.2.2 | Synthesize High-fanout Net; Time: 3.839125s wall, 3.812500s user + 0.031250s system = 3.843750s CPU (100.1%); Memory(MB): used = 1340, reserved = 1332, peak = 1340;

OPT-1001 : Stage 3.2.3 | Optimize Path
OPT-1001 : Start unpack path based optimization ...
OPT-0007 : Start: SWNS 1231 STNS 0 NUM_FEPS 0 with mode 2
OPT-1001 : Start congestion update ...
RUN-1001 : Generating global routing grids ...
PHY-1001 : Generate routing nets ...
PHY-1001 : Reuse net number 8182/23155.
PHY-1001 : Global iterations in 16 thread ...
PHY-1002 : len = 2.02234e+06, over cnt = 2211(3%), over = 4337, worst = 9
PHY-1002 : len = 2.07536e+06, over cnt = 1358(1%), over = 2306, worst = 9
PHY-1002 : len = 2.11483e+06, over cnt = 506(0%), over = 853, worst = 8
PHY-1002 : len = 2.1335e+06, over cnt = 147(0%), over = 220, worst = 5
PHY-1002 : len = 2.13997e+06, over cnt = 1(0%), over = 2, worst = 2
PHY-1001 : End global iterations;  2.743694s wall, 3.875000s user + 0.031250s system = 3.906250s CPU (142.4%)

PHY-1001 : Congestion index:
PHY-1001 : top1  = 79.49(S 65.28, N 62.78, E 72.51, W 75.74, I 63.71, O 73.44)
PHY-1001 : top5  = 68.63(S 52.69, N 53.91, E 61.00, W 61.88, I 53.48, O 63.40)
PHY-1001 : top10 = 63.49(S 46.06, N 49.01, E 54.14, W 54.79, I 48.80, O 57.46)
PHY-1001 : top15 = 60.07(S 41.83, N 45.56, E 49.85, W 50.25, I 45.71, O 53.80)
OPT-1001 : End congestion update;  3.394292s wall, 4.546875s user + 0.046875s system = 4.593750s CPU (135.3%)

OPT-0007 : Iter 1: improved SWNS 2568 STNS 0 NUM_FEPS 0 with 40(1036) cells and 518(518) paths processed with 6778 slack improved, crit_thod: 3000 ratio: 0.95(42/44) rt: 1.0s
OPT-0007 : Iter 2: improved SWNS 2681 STNS 0 NUM_FEPS 0 with 16(414) cells and 207(207) paths processed with 1475 slack improved, crit_thod: 3000 ratio: 0.81(22/27) rt: 0.7s
OPT-0007 : Iter 3: improved SWNS 2681 STNS 0 NUM_FEPS 0 with 5(244) cells and 122(122) paths processed with 88 slack improved, crit_thod: 3000 ratio: 0.60(6/10) rt: 0.5s
OPT-1001 : End path based optimization;  5.567527s wall, 6.625000s user + 0.062500s system = 6.687500s CPU (120.1%)

OPT-1001 : Current memory(MB): used = 1341, reserved = 1332, peak = 1341.
OPT-1001 : End Stage 3.2.3 | Optimize Path; Time: 5.842682s wall, 6.875000s user + 0.062500s system = 6.937500s CPU (118.7%); Memory(MB): used = 1341, reserved = 1332, peak = 1341;

OPT-1001 : Stage 3.2.4 | Optimize Duplicated Nets
OPT-1001 : Start: WNS 2681 TNS 0 NUM_FEPS 0
OPT-1001 : Clean unloaded insts before merging registers
PHY-1001 : Populate physical database on model design_top_wrapper.
PHY-1001 : Populate physical database on model design_top_wrapper.
OPT-1001 : Total overflow 0.00 peak overflow 0.00
OPT-1001 : End optimize duplicated nets. Total 4 instances are merged and 207 sinks are reconnected,  3.952288s wall, 4.000000s user + 0.015625s system = 4.015625s CPU (101.6%)

OPT-1001 : Update timing in Manhattan mode
RUN-1002 : start command "start_timer"
RUN-1003 : finish command "start_timer" in  4.677492s wall, 4.453125s user + 0.000000s system = 4.453125s CPU (95.2%)

RUN-1004 : used memory is 1341 MB, reserved memory is 1332 MB, peak memory is 1341 MB
OPT-1001 : End timing update;  7.795920s wall, 7.546875s user + 0.000000s system = 7.546875s CPU (96.8%)

OPT-1001 : Current memory(MB): used = 1341, reserved = 1332, peak = 1341.
OPT-1001 : End Stage 3.2.4 | Optimize Duplicated Nets; Time: 12.039781s wall, 11.859375s user + 0.015625s system = 11.875000s CPU (98.6%); Memory(MB): used = 1341, reserved = 1332, peak = 1341;

OPT-1001 : Stage 3.2.5 | Swap Pins
OPT-1001 : Start pin optimization...
OPT-1001 : Start: SWNS 2681 STNS 0 NUM_FEPS 0
OPT-1001 : Successfully optimized 1364 instances
OPT-1001 : Successfully optimized 468 instances
OPT-1001 : End pin optimization;  3.259813s wall, 3.171875s user + 0.015625s system = 3.187500s CPU (97.8%)

OPT-1001 : Current memory(MB): used = 1341, reserved = 1332, peak = 1341.
OPT-1001 : End Stage 3.2.5 | Swap Pins; Time: 3.524053s wall, 3.421875s user + 0.015625s system = 3.437500s CPU (97.5%); Memory(MB): used = 1341, reserved = 1332, peak = 1341;

OPT-1001 : Stage 3.2.6 | Optimize Beeline
OPT-1001 : Start beeline optimization...
OPT-1001 : Start: SWNS 2681 STNS 0 NUM_FEPS 0
PHY-1001 : Beeline DP, 804 out of 5909 (13.61)%; hop = 1097.
PHY-1001 : Beeline DP, 305 out of 5149 (5.92)%; hop = 414.
PHY-1001 : Beeline DP, 175 out of 5025 (3.48)%; hop = 243.
PHY-1001 : Beeline DP, 138 out of 4979 (2.77)%; hop = 196.
PHY-1001 : Beeline DP, 110 out of 4936 (2.23)%; hop = 153.
PHY-1001 : Beeline optimization intraPLB, 2778 1-hop(38.40%), 2891 2-hop(39.96%), 588 3-hop( 8.13%), 978 others (13.52%)
PHY-1001 :  23.537269s wall, 22.671875s user + 0.062500s system = 22.734375s CPU (96.6%)

RUN-1001 : Beeline optimization outerPLB: 1-hop 2248, 2-hop 4213, 3-hop 2402, 4-hop 792, other 1993 
OPT-1001 : End beeline optimization;  24.602515s wall, 23.671875s user + 0.093750s system = 23.765625s CPU (96.6%)

OPT-1001 : Update timing in Manhattan mode
OPT-1001 : End timing update;  2.735126s wall, 2.609375s user + 0.015625s system = 2.625000s CPU (96.0%)

OPT-1001 : End Stage 3.2.6 | Optimize Beeline; Time: 27.852289s wall, 26.875000s user + 0.109375s system = 26.984375s CPU (96.9%); Memory(MB): used = 1341, reserved = 1332, peak = 1341;

OPT-0007 : End flow postpack: SWNS 2665 STNS 0 NUM_FEPS 0
RUN-1001 : Generating global routing grids ...
PHY-1001 : Generate routing nets ...
PHY-1001 : Reuse net number 20462/22423.
PHY-1001 : Global iterations in 16 thread ...
PHY-1002 : len = 2.15205e+06, over cnt = 542(0%), over = 783, worst = 6
PHY-1002 : len = 2.16048e+06, over cnt = 260(0%), over = 326, worst = 5
PHY-1002 : len = 2.16547e+06, over cnt = 84(0%), over = 99, worst = 3
PHY-1002 : len = 2.16811e+06, over cnt = 4(0%), over = 5, worst = 2
PHY-1002 : len = 2.16813e+06, over cnt = 0(0%), over = 0, worst = 0
PHY-1001 : End global iterations;  1.120362s wall, 1.421875s user + 0.000000s system = 1.421875s CPU (126.9%)

PHY-1001 : Congestion index:
PHY-1001 : top1  = 78.47(S 65.15, N 62.85, E 72.18, W 74.80, I 63.68, O 73.19)
PHY-1001 : top5  = 68.39(S 52.78, N 54.06, E 60.75, W 61.38, I 53.18, O 63.41)
PHY-1001 : top10 = 63.14(S 46.31, N 49.26, E 54.36, W 54.60, I 48.51, O 57.50)
PHY-1001 : top15 = 59.87(S 41.96, N 45.78, E 50.08, W 50.31, I 45.40, O 53.93)
RUN-1001 : QoR Analysis:
OPT-0007 :   SWNS 2665 STNS 0 NUM_FEPS 0
RUN-1001 :   No local congestion issue, and most congested 1% tile average routing util is 78.157895
RUN-1001 :   Top critical paths
RUN-1001 :       #1 path slack 2665ps with logic level 1 
RUN-1001 :       #2 path slack 2665ps with logic level 1 
RUN-1001 :       #3 path slack 2681ps with logic level 1 
RUN-1001 :       #4 path slack 2681ps with logic level 1 
RUN-1001 :       #5 path slack 2681ps with logic level 1 
RUN-1001 :       #6 path slack 2707ps with logic level 1 
RUN-1001 :       #7 path slack 2707ps with logic level 1 
RUN-1001 :       #8 path slack 2707ps with logic level 1 
RUN-1001 :       #9 path slack 2707ps with logic level 1 
RUN-1001 :       #10 path slack 2718ps with logic level 1 
OPT-1001 : End physical optimization;  65.467754s wall, 65.296875s user + 0.359375s system = 65.656250s CPU (100.3%)

PHY-1001 : End Stage 3.2 | Optimize Design; Time: 65.475102s wall, 65.296875s user + 0.359375s system = 65.656250s CPU (100.3%); Memory(MB): used = 1341, reserved = 1332, peak = 1341;

RUN-1001 : Report Control nets information:
RUN-1001 : DFF Distribution
RUN-1001 : -------------------------------------
RUN-1001 :   CE   |  SSR  |  ASR  |  DFF Count  
RUN-1001 : -------------------------------------
RUN-1001 :   No   |  No   |  No   |     224     
RUN-1001 :   No   |  No   |  Yes  |      0      
RUN-1001 :   No   |  Yes  |  No   |      0      
RUN-1001 :   Yes  |  No   |  No   |    6838     
RUN-1001 :   Yes  |  No   |  Yes  |    10132    
RUN-1001 :   Yes  |  Yes  |  No   |     311     
RUN-1001 : -------------------------------------
RUN-1001 : Control Group Statistic
RUN-1001 : -----------------------------
RUN-1001 :   #CLK  |  #CE  |  #SSR/ASR  
RUN-1001 : -----------------------------
RUN-1001 :    8    |  603  |     27     
RUN-1001 : -----------------------------
RUN-0007 : Control Set = 676
PHY-1001 : End Stage 3 | Detailed Placement; Time: 98.684467s wall, 100.328125s user + 0.453125s system = 100.781250s CPU (102.1%); Memory(MB): used = 1341, reserved = 1332, peak = 1341;

PHY-1001 : Populate physical database on model design_top_wrapper.
PHY-1001 : Stage 4 | Optimize Design
PHY-3001 : Start incremental legalization ...
PHY-1001 : Populate physical database on model design_top_wrapper.
PHY-1001 : Processing 2 clock pins of DDR instance u_ph1p35_324_ddr_wrapper/u_ddr2/ph1p_ddrmc_wrapper/ph1p_ddrmc_top/u_ddr_phy/u_ddrphy_top/u_ddrphy/ac_byte[0]$ac_byte_used$u_ddrphy_ac_byte_wrapper/u_ddrphy_byte, location = x0y70z0.
PHY-1001 :   Placed ioclk instance u_ph1p35_324_ddr_wrapper/u_ddr2/ph1p_ddrmc_wrapper/ph1p_ddrmc_top/u_ddr_phy/u_ddrphy_top/u_ddrphy_clk/ioclk[0]$u_ioclk_1, location = x0y59z1.
PHY-1001 :   Placed ioclk instance u_ph1p35_324_ddr_wrapper/u_ddr2/ph1p_ddrmc_wrapper/ph1p_ddrmc_top/u_ddr_phy/u_ddrphy_top/u_ddrphy_clk/ioclk[0]$u_ioclk_0, location = x0y59z0.
PHY-1001 : Processing 2 clock pins of DDR instance u_ph1p35_324_ddr_wrapper/u_ddr2/ph1p_ddrmc_wrapper/ph1p_ddrmc_top/u_ddr_phy/u_ddrphy_top/u_ddrphy/ac_byte[1]$ac_byte_used$u_ddrphy_ac_byte_wrapper/u_ddrphy_byte, location = x0y60z0.
PHY-1001 :   Placed ioclk instance u_ph1p35_324_ddr_wrapper/u_ddr2/ph1p_ddrmc_wrapper/ph1p_ddrmc_top/u_ddr_phy/u_ddrphy_top/u_ddrphy_clk/ioclk[0]$u_ioclk_1, location = x0y59z1.
PHY-1001 :   Placed ioclk instance u_ph1p35_324_ddr_wrapper/u_ddr2/ph1p_ddrmc_wrapper/ph1p_ddrmc_top/u_ddr_phy/u_ddrphy_top/u_ddrphy_clk/ioclk[0]$u_ioclk_0, location = x0y59z0.
PHY-1001 : Processing 2 clock pins of DDR instance u_ph1p35_324_ddr_wrapper/u_ddr2/ph1p_ddrmc_wrapper/ph1p_ddrmc_top/u_ddr_phy/u_ddrphy_top/u_ddrphy/ac_byte[2]$ac_byte_used$u_ddrphy_ac_byte_wrapper/u_ddrphy_byte, location = x0y50z0.
PHY-1001 :   Placed ioclk instance u_ph1p35_324_ddr_wrapper/u_ddr2/ph1p_ddrmc_wrapper/ph1p_ddrmc_top/u_ddr_phy/u_ddrphy_top/u_ddrphy_clk/ioclk[0]$u_ioclk_1, location = x0y59z1.
PHY-1001 :   Placed ioclk instance u_ph1p35_324_ddr_wrapper/u_ddr2/ph1p_ddrmc_wrapper/ph1p_ddrmc_top/u_ddr_phy/u_ddrphy_top/u_ddrphy_clk/ioclk[0]$u_ioclk_0, location = x0y59z0.
PHY-1001 : Processing 2 clock pins of DDR instance u_ph1p35_324_ddr_wrapper/u_ddr2/ph1p_ddrmc_wrapper/ph1p_ddrmc_top/u_ddr_phy/u_ddrphy_top/u_ddrphy/ac_byte[3]$ac_byte_used$u_ddrphy_ac_byte_wrapper/u_ddrphy_byte, location = x0y40z0.
PHY-1001 :   Placed ioclk instance u_ph1p35_324_ddr_wrapper/u_ddr2/ph1p_ddrmc_wrapper/ph1p_ddrmc_top/u_ddr_phy/u_ddrphy_top/u_ddrphy_clk/ioclk[0]$u_ioclk_1, location = x0y59z1.
PHY-1001 :   Placed ioclk instance u_ph1p35_324_ddr_wrapper/u_ddr2/ph1p_ddrmc_wrapper/ph1p_ddrmc_top/u_ddr_phy/u_ddrphy_top/u_ddrphy_clk/ioclk[0]$u_ioclk_0, location = x0y59z0.
PHY-1001 : Processing 2 clock pins of DDR instance u_ph1p35_324_ddr_wrapper/u_ddr2/ph1p_ddrmc_wrapper/ph1p_ddrmc_top/u_ddr_phy/u_ddrphy_top/u_ddrphy/dx_byte[0]$dx_byte_used$u_ddrphy_dx_byte_wrapper/u_ddrphy_byte, location = x0y30z0.
PHY-1001 :   Placed ioclk instance u_ph1p35_324_ddr_wrapper/u_ddr2/ph1p_ddrmc_wrapper/ph1p_ddrmc_top/u_ddr_phy/u_ddrphy_top/u_ddrphy_clk/ioclk[1]$u_ioclk_1, location = x0y19z1.
PHY-1001 :   Placed ioclk instance u_ph1p35_324_ddr_wrapper/u_ddr2/ph1p_ddrmc_wrapper/ph1p_ddrmc_top/u_ddr_phy/u_ddrphy_top/u_ddrphy_clk/ioclk[1]$u_ioclk_0, location = x0y19z0.
PHY-1001 : Processing 2 clock pins of DDR instance u_ph1p35_324_ddr_wrapper/u_ddr2/ph1p_ddrmc_wrapper/ph1p_ddrmc_top/u_ddr_phy/u_ddrphy_top/u_ddrphy/dx_byte[1]$dx_byte_used$u_ddrphy_dx_byte_wrapper/u_ddrphy_byte, location = x0y10z0.
PHY-1001 :   Placed ioclk instance u_ph1p35_324_ddr_wrapper/u_ddr2/ph1p_ddrmc_wrapper/ph1p_ddrmc_top/u_ddr_phy/u_ddrphy_top/u_ddrphy_clk/ioclk[1]$u_ioclk_1, location = x0y19z1.
PHY-1001 :   Placed ioclk instance u_ph1p35_324_ddr_wrapper/u_ddr2/ph1p_ddrmc_wrapper/ph1p_ddrmc_top/u_ddr_phy/u_ddrphy_top/u_ddrphy_clk/ioclk[1]$u_ioclk_0, location = x0y19z0.
PHY-3001 : Target density is 60%
PHY-3001 : Target density is 60%
PHY-3001 : Initial: Len = 1.80592e+06, Over = 0
PHY-1001 : Stage 4.1 | Spreading
PHY-3001 : Design contains 187 ce signals.
PHY-3001 : Spreading for sector grids.
PHY-3001 : Iter 1, total overflow: 0
PHY-3001 : tot_capacity: 36, usage_cnt: 16, movable_cnt: 24
PHY-3001 : Spreading for clock grids.
PHY-3001 : clock grid count for 24 x 4 grids
PHY-3001 : Spreading for plb grids.
PHY-3001 : total displace: 0, max displace: 0.
PHY-3001 : End spreading;  0.461149s wall, 0.468750s user + 0.000000s system = 0.468750s CPU (101.6%)

PHY-1001 : End Stage 4.1 | Spreading; Time: 0.461351s wall, 0.468750s user + 0.000000s system = 0.468750s CPU (101.6%); Memory(MB): used = 1341, reserved = 1332, peak = 1341;

PHY-3001 : Final: Len = 1.80592e+06, Over = 0
PHY-3001 : End incremental legalization;  1.010605s wall, 1.000000s user + 0.000000s system = 1.000000s CPU (99.0%)

RUN-1002 : start command "report_qor -step place -file place.qor"
RUN-1002 : start command "start_timer"
RUN-1003 : finish command "start_timer" in  3.412860s wall, 3.234375s user + 0.015625s system = 3.250000s CPU (95.2%)

RUN-1004 : used memory is 1341 MB, reserved memory is 1332 MB, peak memory is 1341 MB
RUN-1001 : Generating global routing grids ...
-----------------------------------------------------------
| QoR metrics               |         value               |
-----------------------------------------------------------
| Timing                    |                             |
|     Setup WNS             |         2665                |
|     Setup TNS             |            0                |
|     Num of violated S-EP  |            0                |
|     FMAX                  |   846.740MHz                |
|     SWNS path clock period |       3846ps                |
|     Hold WNS              |         -284                |
|     Hold TNS              |       -79985                |
|     Num of violated H-EP  |          597                |
-----------------------------------------------------------
| Routing Resource          |                             |
|     Wire length           |      1800273                |
|     Route Net Num         |        28271                |
|     DontRoute Net Num     |        10672                |
|     RouteSinks Num        |        88411                |
-----------------------------------------------------------
| Utilization               |                             |
|     #slices               |        16251                |
|     slices percentage     |       76.60%                |
|     #RAMs                 |           48                |
|     #DSPs                 |            8                |
|     #DRAMHARDCON          |           37                |
-----------------------------------------------------------
| Congestion                |                             |
|     Top 1% tile util      |           71                |
|     Top 1% tile avg util  |       78.16%                |
|     Over 100% util #tile  |            0                |
-----------------------------------------------------------
Report place stage QoR done.

RUN-1003 : finish command "report_qor -step place -file place.qor" in  7.252657s wall, 7.203125s user + 0.015625s system = 7.218750s CPU (99.5%)

RUN-1004 : used memory is 1341 MB, reserved memory is 1332 MB, peak memory is 1341 MB
PHY-1001 : End Stage 4 | Optimize Design; Time: 8.292362s wall, 8.234375s user + 0.015625s system = 8.250000s CPU (99.5%); Memory(MB): used = 1341, reserved = 1332, peak = 1341;

PHY-1001 : Stage 5 | DRC Check
PHY-1001 : Stage 5.1 | Slice Attributes Check
PHY-1035 : Redundant attributes/nets in slice detected. You can use tcl "check_slice_attr -verbose" to get full message.
PHY-1039 : Found 112 mslices getting no used reg attributes, eg: u_hdmi_tx/u_hdmi_1_4b_transmitter_core_wrapper/u_hdmi_tx_controller_wrapper/u_hdmi_video_data_assemble/S_island_guard_band_1d_syn_10.
PHY-1039 : Found 112 mslices getting no used ce attributes, eg: u_hdmi_tx/u_hdmi_1_4b_transmitter_core_wrapper/u_hdmi_tx_controller_wrapper/u_hdmi_video_data_assemble/S_island_guard_band_1d_syn_10.
PHY-1001 : End Stage 5.1 | Slice Attributes Check; Time: 0.067666s wall, 0.078125s user + 0.000000s system = 0.078125s CPU (115.5%); Memory(MB): used = 1341, reserved = 1332, peak = 1341;

PHY-1001 : Stage 5.2 | Clock Bound Check
PHY-1001 : Check pass.
PHY-1001 : End Stage 5.2 | Clock Bound Check; Time: 0.003284s wall, 0.000000s user + 0.000000s system = 0.000000s CPU (n/a%); Memory(MB): used = 1341, reserved = 1332, peak = 1341;

PHY-1001 : Stage 5.3 | Force Route Constraint Check
PHY-1001 : Check Pass.
PHY-1001 : End Stage 5.3 | Force Route Constraint Check; Time: 0.003930s wall, 0.000000s user + 0.000000s system = 0.000000s CPU (n/a%); Memory(MB): used = 1341, reserved = 1332, peak = 1341;

PHY-1001 : Stage 5.4 | Sigmap Check
PHY-1001 : Check pass.
PHY-1001 : End Stage 5.4 | Sigmap Check; Time: 0.114183s wall, 0.093750s user + 0.000000s system = 0.093750s CPU (82.1%); Memory(MB): used = 1341, reserved = 1332, peak = 1341;

PHY-1001 : Stage 5.5 | Duplicated SelfDriven Check
PHY-1001 : Check pass.
PHY-1001 : End Stage 5.5 | Duplicated SelfDriven Check; Time: 0.681223s wall, 0.625000s user + 0.000000s system = 0.625000s CPU (91.7%); Memory(MB): used = 1341, reserved = 1332, peak = 1341;

PHY-1001 : Stage 5.6 | Clock Rule Check
PHY-5088 WARNING: Clock_Analyzer: Detected 1 buffer(s) clkout net because they drive non-clock sinks. Run "analyze_clock -detail" for more infomation.
PHY-5088 WARNING: Clock_Analyzer: 2 clock-net(s) because they drive other clock net, may cause clock skew. Run "analyze_clock -detail" for more infomation.
PHY-1001 : End Stage 5.6 | Clock Rule Check; Time: 0.133804s wall, 0.140625s user + 0.000000s system = 0.140625s CPU (105.1%); Memory(MB): used = 1341, reserved = 1332, peak = 1341;

PHY-1001 : End Stage 5 | DRC Check; Time: 1.100364s wall, 1.031250s user + 0.000000s system = 1.031250s CPU (93.7%); Memory(MB): used = 1341, reserved = 1332, peak = 1341;

OPT-1001 : QoR tracer report on placement steps:
    SWNS [   incr ]    STNS [   incr ]    FEPS [   incr ]    CRIT [   incr ]      CELL [     incr ]        WL [     incr ]    CONG [   incr ]    PDES [   incr ]   RT(s) [   incr ]   MEM(mb) [     incr ]
       0 [      0 ]       0 [      0 ]       0 [      0 ]       0 [      0 ]     34357 [        0 ]         0 [        0 ]    0.00 [   0.00 ]       0 [      0 ]       0 [      0 ]       562 [        0 ] : preplace:simplify_lut
       0 [      0 ]       0 [      0 ]       0 [      0 ]       0 [      0 ]     34357 [        0 ]         0 [        0 ]    0.00 [   0.00 ]       0 [      0 ]       0 [      0 ]       562 [        0 ] : preplace:sweep
       0 [      0 ]       0 [      0 ]       0 [      0 ]       0 [      0 ]     34357 [        0 ]         0 [        0 ]    0.00 [   0.00 ]       0 [      0 ]       0 [      0 ]       562 [        0 ] : preplace:lut_merge
       0 [      0 ]       0 [      0 ]       0 [      0 ]       0 [      0 ]     34357 [        0 ]         0 [        0 ]    0.00 [   0.00 ]       0 [      0 ]       0 [      0 ]       562 [        0 ] : preplace:hfn_opt
    2460 [   2460 ]       0 [      0 ]       0 [      0 ]    4288 [   4288 ]     36142 [     1785 ]   2212351 [  2212351 ]    0.00 [   0.00 ]       0 [      0 ]      23 [     23 ]      1062 [      500 ] : step1_gp
    2460 [      0 ]       0 [      0 ]       0 [      0 ]    4279 [     -9 ]     36142 [        0 ]   2240624 [    28273 ]    0.00 [   0.00 ]       0 [      0 ]      25 [      2 ]      1067 [        5 ] : step1_legal
    2460 [      0 ]       0 [      0 ]       0 [      0 ]    4279 [      0 ]     36142 [        0 ]   2197411 [   -43213 ]    0.00 [   0.00 ]       0 [      0 ]      29 [      4 ]      1072 [        5 ] : step1_dp
    2245 [   -215 ]       0 [      0 ]       0 [      0 ]    4325 [     46 ]     36142 [        0 ]   1726290 [  -471121 ]  193.29 [ 193.29 ]       0 [      0 ]      39 [     10 ]      1165 [       93 ] : step2_gp
    2245 [      0 ]       0 [      0 ]       0 [      0 ]    4325 [      0 ]     36142 [        0 ]   1721669 [    -4621 ]  193.29 [   0.00 ]       0 [      0 ]      40 [      1 ]      1165 [        0 ] : step2_dp
    2245 [      0 ]       0 [      0 ]       0 [      0 ]    4325 [      0 ]     36142 [        0 ]   1721669 [        0 ]  193.29 [   0.00 ]       0 [      0 ]      40 [      0 ]      1166 [        1 ] : prepack_spreading
    1844 [   -401 ]       0 [      0 ]       0 [      0 ]    4462 [    137 ]     36258 [      116 ]   1430725 [  -290944 ]  189.76 [  -3.53 ]       0 [      0 ]      53 [     13 ]      1181 [       15 ] : prepack:hfn_opt
    1860 [     16 ]       0 [      0 ]       0 [      0 ]    4475 [     13 ]     36258 [        0 ]   1435681 [     4956 ]   89.68 [-100.08 ]       0 [      0 ]      60 [      7 ]      1181 [        0 ] : prepack:global_opt
     615 [  -1245 ]       0 [      0 ]       0 [      0 ]    4702 [    227 ]     18198 [   -18060 ]   1969898 [   534217 ]   89.53 [  -0.16 ]       0 [      0 ]     117 [     57 ]      1319 [      138 ] : direct_legalization
     615 [      0 ]       0 [      0 ]       0 [      0 ]    4702 [      0 ]     18198 [        0 ]   1969898 [        0 ]   89.53 [   0.00 ]       0 [      0 ]     118 [      1 ]      1328 [        9 ] : post_pack_spreading
    1231 [    616 ]       0 [      0 ]       0 [      0 ]    4791 [     89 ]     18198 [        0 ]   1736336 [  -233562 ]   80.87 [  -8.66 ]       0 [      0 ]     150 [     32 ]      1340 [       12 ] : post_pack_dp
    1231 [      0 ]       0 [      0 ]       0 [      0 ]    4795 [      4 ]     18184 [      -14 ]   1731438 [    -4898 ]   80.87 [   0.00 ]       0 [      0 ]     161 [     11 ]      1340 [        0 ] : postpack:optimize_equivalent_quick
    1231 [      0 ]       0 [      0 ]       0 [      0 ]    4795 [      0 ]     18243 [       59 ]   1739128 [     7690 ]   80.87 [   0.00 ]       0 [      0 ]     165 [      4 ]      1340 [        0 ] : postpack:hfn_opt
    2681 [   1450 ]       0 [      0 ]       0 [      0 ]    4796 [      1 ]     18250 [        7 ]   1742386 [     3258 ]   79.29 [  -1.58 ]       0 [      0 ]     170 [      5 ]      1341 [        1 ] : postpack:path_opt
    2681 [      0 ]       0 [      0 ]       0 [      0 ]    4799 [      3 ]     18242 [       -8 ]   1739663 [    -2723 ]   79.29 [   0.00 ]       0 [      0 ]     182 [     12 ]      1341 [        0 ] : postpack:optimize_equivalent
    2681 [      0 ]       0 [      0 ]       0 [      0 ]    5052 [    253 ]     18242 [        0 ]   1739663 [        0 ]   79.29 [   0.00 ]       0 [      0 ]     186 [      4 ]      1341 [        0 ] : postpack:pin_opt
    2665 [    -16 ]       0 [      0 ]       0 [      0 ]    5028 [    -24 ]     18242 [        0 ]   1783785 [    44122 ]   79.29 [   0.00 ]       0 [      0 ]     214 [     28 ]      1341 [        0 ] : postpack:beeline_opt

RUN-1003 : finish command "place" in  226.266256s wall, 554.703125s user + 4.296875s system = 559.000000s CPU (247.1%)

RUN-1004 : used memory is 1341 MB, reserved memory is 1332 MB, peak memory is 1341 MB
RUN-1002 : start command "update_timing -mode manhattan"
RUN-1002 : start command "start_timer"
RUN-1003 : finish command "start_timer" in  2.802208s wall, 2.656250s user + 0.031250s system = 2.687500s CPU (95.9%)

RUN-1004 : used memory is 1341 MB, reserved memory is 1332 MB, peak memory is 1341 MB
RUN-1003 : finish command "update_timing -mode manhattan" in  5.434086s wall, 5.187500s user + 0.046875s system = 5.234375s CPU (96.3%)

RUN-1004 : used memory is 1341 MB, reserved memory is 1332 MB, peak memory is 1341 MB
RUN-1002 : start command "report_timing_summary -file camera_to_dsi_display_place.timing"
RUN-1002 : start command "report_area -io_info -file camera_to_dsi_display_phy.area"
SYN-4034 : The count of slices with lut is 9671.
SYN-4035 : The count of slices with lut+ripple is 3619.
RUN-1001 : standard
***Report Model: design_top_wrapper Device: PH1P35MDG324***

Design Statistics
#IO                        62   out of    160   38.75%
  #input                    8
  #output                  31
  #inout                   23
#lut6                   13698   out of  21216   64.56%
#reg                    17281
  #slice reg            17281   out of  42432   40.73%
  #pad reg                  0

Utilization Statistics
#slice                  16251   out of  21216   76.60%
  #used ram               408
    #dram lut             296
    #shifter lut          112
  #used logic           15843
    #with luts           9671
    #with adder          3619
    #reg only            2553
#f7mux                      1   out of  10608    0.01%
#f8mux                      0   out of   5304    0.00%
#eram                      48   out of    108   44.44%
  #eram20k                 48
  #fifo20k                  0
#dsp                        8   out of     40   20.00%
#ddr_byte                   6   out of     12   50.00%
#mipi_tx                    0   out of      2    0.00%
#mipi_rx                    1   out of      2   50.00%
#pad                       21   out of    160   13.12%
#pll                        3   out of      6   50.00%
#gclk                       8   out of     32   25.00%
#lclk                       0   out of     12    0.00%
#sclk                       0   out of     48    0.00%
#mlclk                      2   out of      6   33.33%
#ioclk                      4   out of     18   22.22%

RUN-1002 : start command "flow_status -file place_flow.status"
Location         : D:\BaiduNetdiskDownload\HX1P35A_Contest_202606\FPGA_Component_Inspector\tmp\video_fix_td_after_sof_20261006\td_project\camera_to_dsi_display_Runs\phy_1
Running with     : Tang Dynasty v6.2.168116
                   Copyright (c) 2012-2025 Anlogic Inc.
Top Model        : design_top_wrapper
Device           : PH1P35MDG324
Speed            : 3

Timing Mode      : manhattan
Setup            : WNS  2665ps  TNS        0ps  NUM_FEPS     0
Hold             : WNS  -284ps  TNS   -79985ps  NUM_FEPS   597

Flow Statistics  :
RUN-1001 : Flow Statistics:
RUN-1001 : ---------------------------------------------------------------------------------------------------
RUN-1001 :      command     |  #calls  |  wall time   |  cpu time(s)  |  used memory(mb)  |  peak memory(mb)  
RUN-1001 : ---------------------------------------------------------------------------------------------------
RUN-1001 :       place      |    1     |  3m46s(98%)  |   558(99%)    |       1341        |       1341        
RUN-1001 :   import_device  |    1     |    3s(1%)    |     2(0%)     |        323        |        323        
RUN-1001 :     import_db    |    1     |    1s(0%)    |     0(0%)     |        560        |        560        
RUN-1001 : ---------------------------------------------------------------------------------------------------
RUN-1001 :       total      |    3     |    3m50s     |      560      |       1341        |       1341        
RUN-1001 : ---------------------------------------------------------------------------------------------------
RUN-1002 : start command "report_clock_utilization -file place_clock_utilization.txt"
RUN-1002 : start command "export_db camera_to_dsi_display_place.db"
RUN-1001 : Exported flow parameters
RUN-1001 : Exported /
RUN-1001 : Exported libs
RUN-1001 : Exported entities
RUN-1001 : Exported ports
RUN-1001 : Exported pins
RUN-1001 : Exported instances
RUN-1001 : Exported nets
RUN-1001 : Exported buses
RUN-1001 : Exported models
RUN-1001 : Exported phy database
RUN-1001 : Exported packer
RUN-1001 : Exported congestions
RUN-1001 : Exported violations
RUN-1001 : Exported ATMR Setting
RUN-1001 : Exported timing constraints
RUN-1001 : Exported IO constraints
RUN-1001 : Exported Inst constraints
RUN-1001 : Exported ChipWatcher
RUN-1003 : finish command "export_db camera_to_dsi_display_place.db" in  1.421972s wall, 1.859375s user + 0.078125s system = 1.937500s CPU (136.3%)

RUN-1004 : used memory is 1363 MB, reserved memory is 1452 MB, peak memory is 1363 MB
RUN-1002 : start command "commit_param -step route"
RUN-1001 : Print Global Property
RUN-1001 : -------------------------------------------------------------
RUN-1001 :     Parameters    |   Settings   |  Default Values  |  Note  
RUN-1001 : -------------------------------------------------------------
RUN-1001 :    enable_seed    |     off      |       off        |        
RUN-1001 :    hfn_to_clock   |  1000000000  |    1000000000    |        
RUN-1001 :      message      |   standard   |     standard     |        
RUN-1001 :    qor_monitor    |      on      |        on        |        
RUN-1001 :   speedup_effort  |      0       |        0         |        
RUN-1001 :    syn_ip_flow    |     off      |       off        |        
RUN-1001 :       thread      |     auto     |       auto       |        
RUN-1001 : -------------------------------------------------------------
RUN-1001 : Print Route Property
RUN-1001 : ---------------------------------------------------------------
RUN-1001 :       Parameters      |  Settings  |  Default Values  |  Note  
RUN-1001 : ---------------------------------------------------------------
RUN-1001 :         effort        |   normal   |      normal      |        
RUN-1001 :        fix_hold       |     on     |        on        |        
RUN-1001 :   hold_fix_iteration  |     5      |        5         |        
RUN-1001 :     post_route_opt    |    auto    |       auto       |        
RUN-1001 :         timing        |     on     |        on        |        
RUN-1001 : ---------------------------------------------------------------
RUN-1002 : start command "route"
RUN-1001 : Open license file D:/AAA/FPGA.....YZW/license/Anlogic.lic
PHY-1001 : Reconnected 29 VDD pins with routing demanding
PHY-1001 : Populate physical database on model design_top_wrapper.
RUN-1001 : Dedicate pll clock connection statistics:
RUN-1001 : Clock Region s_1_l [0,40][23,79]; Utilization: 1 out of 12
RUN-1001 : ----------------------------------------------------------------------------------------------------------------------------------------------------------------------------------------------------------------------------------
RUN-1001 :   Index  |                                    Leading Clock                                     |                                                          Special Sink                                                           
RUN-1001 : ----------------------------------------------------------------------------------------------------------------------------------------------------------------------------------------------------------------------------------
RUN-1001 :     1    |  u_ph1p35_324_ddr_wrapper/u_ddr2/ph1p_ddrmc_wrapper/ph1p_ddrmc_top/u_alc_mc_top/clk  |  u_ph1p35_324_ddr_wrapper/u_ddr2/ph1p_ddrmc_wrapper/ph1p_ddrmc_top/u_ddr_phy/u_ddrphy_top/u_ddrphy_clk/u_pll1/u_pll_inst.fbclk  
RUN-1001 : ----------------------------------------------------------------------------------------------------------------------------------------------------------------------------------------------------------------------------------
RUN-1001 : Clock Region s_1_r [24,40][43,79]; Utilization: 1 out of 12
RUN-1001 : -----------------------------------------------------------------------------------------------------------------------------------------------------------------------
RUN-1001 :   Index  |                                     Leading Clock                                     |                            Special Sink                             
RUN-1001 : -----------------------------------------------------------------------------------------------------------------------------------------------------------------------
RUN-1001 :     1    |  u_mipi_dphy_rx_ph1p_mipiio_wrapper/u_ph1p_mipiio_rx_wrapper/u_lane0_hs_detect/I_clk  |  u_PLL/ph1p_phy_pll_wrapper_25a56e5ce2f9_Inst/u_PH1P_PHY_PLL.fbclk  
RUN-1001 : -----------------------------------------------------------------------------------------------------------------------------------------------------------------------
PHY-1001 : Working orders of clock nets being processed in bank assignment:
PHY-1001 : u_ph1p35_324_ddr_wrapper/u_ddr2/ph1p_ddrmc_wrapper/ph1p_ddrmc_top/u_alc_mc_top/clk;
PHY-1001 : u_mipi_dphy_rx_ph1p_mipiio_wrapper/u_ph1p_mipiio_rx_wrapper/u_lane0_hs_detect/I_clk;
PHY-1001 : u_isp_top/u_demosaic/raw_matrix_3x3_buffer_d/zhenghe_d/blk_mem_gen_zhenghe_d1/ram_d32970204f32_Inst/clkb;
PHY-1001 : u_experiment_osd/clk_syn_652;
PHY-1001 : I_sys_clk_syn_8;
PHY-1001 : O_cam_24m_syn_3;
PHY-1001 : u_hdmi_tx/u_hdmi2phy_wrapper/u0_lane_lvds_8_1/I_serial_clk_syn_1;
PHY-1001 : u_ph1p35_324_ddr_wrapper/u_ddr2/ph1p_ddrmc_wrapper/ph1p_ddrmc_top/u_ddr_phy/u_ddrphy_top/u_ddrphy/apb_pclk_syn_1;
PHY-1001 : Internal bound Intnl_0_0_25_40 is being created by clock MIPI_RX_BYTE_CLK through SCLK.
PHY-1001 : Internal bound Intnl_25_0_23_40 is being created by clock MIPI_RX_BYTE_CLK through SCLK.
PHY-1001 : Internal bound Intnl_0_40_25_40 is being created by clock u_ph1p35_324_ddr_wrapper/u_ddr2/usr_clk through SCLK.
PHY-1001 : Internal bound Intnl_25_40_19_40 is being created by clock MIPI_RX_BYTE_CLK through SCLK.
RUN-1001 : Clock region assignment statistics:
RUN-1001 : Clock Region s_0_l [0,0][23,39]; Utilization: 6 out of 12
RUN-1001 : ----------------------------------------------------------------------------------------------------------------------------------------------------------------------------------------------------------------------------------------------------------------------------------------------------------------------------------------
RUN-1001 :   Bank  |                                                   Leading Clock                                                    |       Type        |                                                                          Buffer                                                                           |  Regional Clock Fanouts  
RUN-1001 : ----------------------------------------------------------------------------------------------------------------------------------------------------------------------------------------------------------------------------------------------------------------------------------------------------------------------------------------
RUN-1001 :    1    |      u_isp_top/u_demosaic/raw_matrix_3x3_buffer_d/zhenghe_d/blk_mem_gen_zhenghe_d1/ram_d32970204f32_Inst/clkb      |  (infered sclk)   |                           u_mipi_dphy_rx_ph1p_mipiio_wrapper/u_ph1p_mipiio_rx_wrapper/bufg_feedback_auto_created_sclk_s_0_l_bk1                           |           1773           
RUN-1001 :    2    |                 u_ph1p35_324_ddr_wrapper/u_ddr2/ph1p_ddrmc_wrapper/ph1p_ddrmc_top/u_alc_mc_top/clk                 |  (infered sclk)   |   u_ph1p35_324_ddr_wrapper/u_ddr2/ph1p_ddrmc_wrapper/ph1p_ddrmc_top/u_ddr_phy/u_ddrphy_top/u_ddrphy_clk/u_pll1/u_bufg_fbclk_auto_created_sclk_s_0_l_bk2   |           1062           
RUN-1001 :    3    |                                                  I_sys_clk_syn_8                                                   |  (infered sclk)   |                                               I_sys_clk_dup_6_created_gclkinst_auto_created_sclk_s_0_l_bk3                                                |            84            
RUN-1001 :    4    |                                            u_experiment_osd/clk_syn_652                                            |  (infered sclk)   |                                             u_experiment_osd/clk_created_gclkinst_auto_created_sclk_s_0_l_bk4                                             |            64            
RUN-1001 :    5    |                                                  O_cam_24m_syn_3                                                   |  (infered sclk)   |                                               O_cam_24m_dup_1_created_gclkinst_auto_created_sclk_s_0_l_bk5                                                |            29            
RUN-1001 :    6    |  u_ph1p35_324_ddr_wrapper/u_ddr2/ph1p_ddrmc_wrapper/ph1p_ddrmc_top/u_ddr_phy/u_ddrphy_top/u_ddrphy/apb_pclk_syn_1  |  (infered sclk)   |  u_ph1p35_324_ddr_wrapper/u_ddr2/ph1p_ddrmc_wrapper/ph1p_ddrmc_top/u_ddr_phy/u_ddrphy_top/u_ddrphy/apb_pclk_created_gclkinst_auto_created_sclk_s_0_l_bk6  |            3             
RUN-1001 : ----------------------------------------------------------------------------------------------------------------------------------------------------------------------------------------------------------------------------------------------------------------------------------------------------------------------------------------
RUN-1001 : Clock Region s_0_r [24,0][47,39]; Utilization: 6 out of 12
RUN-1001 : ------------------------------------------------------------------------------------------------------------------------------------------------------------------------------------------------------------------------------------------------------------------------------------------------------------------------------
RUN-1001 :   Bank  |                                               Leading Clock                                                |       Type        |                                                                         Buffer                                                                          |  Regional Clock Fanouts  
RUN-1001 : ------------------------------------------------------------------------------------------------------------------------------------------------------------------------------------------------------------------------------------------------------------------------------------------------------------------------------
RUN-1001 :    1    |  u_isp_top/u_demosaic/raw_matrix_3x3_buffer_d/zhenghe_d/blk_mem_gen_zhenghe_d1/ram_d32970204f32_Inst/clkb  |  (infered sclk)   |                          u_mipi_dphy_rx_ph1p_mipiio_wrapper/u_ph1p_mipiio_rx_wrapper/bufg_feedback_auto_created_sclk_s_0_r_bk1                          |           1702           
RUN-1001 :    2    |                                        u_experiment_osd/clk_syn_652                                        |  (infered sclk)   |                                            u_experiment_osd/clk_created_gclkinst_auto_created_sclk_s_0_r_bk2                                            |           860            
RUN-1001 :    3    |                                              I_sys_clk_syn_8                                               |  (infered sclk)   |                                              I_sys_clk_dup_6_created_gclkinst_auto_created_sclk_s_0_r_bk3                                               |           297            
RUN-1001 :    4    |                                              O_cam_24m_syn_3                                               |  (infered sclk)   |                                              O_cam_24m_dup_1_created_gclkinst_auto_created_sclk_s_0_r_bk4                                               |           191            
RUN-1001 :    5    |             u_ph1p35_324_ddr_wrapper/u_ddr2/ph1p_ddrmc_wrapper/ph1p_ddrmc_top/u_alc_mc_top/clk             |  (infered sclk)   |  u_ph1p35_324_ddr_wrapper/u_ddr2/ph1p_ddrmc_wrapper/ph1p_ddrmc_top/u_ddr_phy/u_ddrphy_top/u_ddrphy_clk/u_pll1/u_bufg_fbclk_auto_created_sclk_s_0_r_bk5  |            32            
RUN-1001 :    6    |            u_mipi_dphy_rx_ph1p_mipiio_wrapper/u_ph1p_mipiio_rx_wrapper/u_lane0_hs_detect/I_clk             |  (infered sclk)   |                                                     u_PLL/bufg_feedback_auto_created_sclk_s_0_r_bk6                                                     |            7             
RUN-1001 : ------------------------------------------------------------------------------------------------------------------------------------------------------------------------------------------------------------------------------------------------------------------------------------------------------------------------------
RUN-1001 : Clock Region s_1_l [0,40][23,79]; Utilization: 4 out of 12
RUN-1001 : ----------------------------------------------------------------------------------------------------------------------------------------------------------------------------------------------------------------------------------------------------------------------------------------------------------------------------------------
RUN-1001 :   Bank  |                                                   Leading Clock                                                    |       Type        |                                                                          Buffer                                                                           |  Regional Clock Fanouts  
RUN-1001 : ----------------------------------------------------------------------------------------------------------------------------------------------------------------------------------------------------------------------------------------------------------------------------------------------------------------------------------------
RUN-1001 :    1    |                 u_ph1p35_324_ddr_wrapper/u_ddr2/ph1p_ddrmc_wrapper/ph1p_ddrmc_top/u_alc_mc_top/clk                 |  (infered sclk)   |   u_ph1p35_324_ddr_wrapper/u_ddr2/ph1p_ddrmc_wrapper/ph1p_ddrmc_top/u_ddr_phy/u_ddrphy_top/u_ddrphy_clk/u_pll1/u_bufg_fbclk_auto_created_sclk_s_1_l_bk1   |           1047           
RUN-1001 :    2    |      u_isp_top/u_demosaic/raw_matrix_3x3_buffer_d/zhenghe_d/blk_mem_gen_zhenghe_d1/ram_d32970204f32_Inst/clkb      |  (infered sclk)   |                           u_mipi_dphy_rx_ph1p_mipiio_wrapper/u_ph1p_mipiio_rx_wrapper/bufg_feedback_auto_created_sclk_s_1_l_bk2                           |           1574           
RUN-1001 :    3    |  u_ph1p35_324_ddr_wrapper/u_ddr2/ph1p_ddrmc_wrapper/ph1p_ddrmc_top/u_ddr_phy/u_ddrphy_top/u_ddrphy/apb_pclk_syn_1  |  (infered sclk)   |  u_ph1p35_324_ddr_wrapper/u_ddr2/ph1p_ddrmc_wrapper/ph1p_ddrmc_top/u_ddr_phy/u_ddrphy_top/u_ddrphy/apb_pclk_created_gclkinst_auto_created_sclk_s_1_l_bk3  |            25            
RUN-1001 :    4    |                                            u_experiment_osd/clk_syn_652                                            |  (infered sclk)   |                                             u_experiment_osd/clk_created_gclkinst_auto_created_sclk_s_1_l_bk4                                             |            1             
RUN-1001 : ----------------------------------------------------------------------------------------------------------------------------------------------------------------------------------------------------------------------------------------------------------------------------------------------------------------------------------------
RUN-1001 : Clock Region s_1_r [24,40][43,79]; Utilization: 5 out of 12
RUN-1001 : ------------------------------------------------------------------------------------------------------------------------------------------------------------------------------------------------------------------------------------------------------------------------------------------------------------------------------
RUN-1001 :   Bank  |                                               Leading Clock                                                |       Type        |                                                                         Buffer                                                                          |  Regional Clock Fanouts  
RUN-1001 : ------------------------------------------------------------------------------------------------------------------------------------------------------------------------------------------------------------------------------------------------------------------------------------------------------------------------------
RUN-1001 :    1    |            u_mipi_dphy_rx_ph1p_mipiio_wrapper/u_ph1p_mipiio_rx_wrapper/u_lane0_hs_detect/I_clk             |  (infered sclk)   |                                                     u_PLL/bufg_feedback_auto_created_sclk_s_1_r_bk1                                                     |            1             
RUN-1001 :    2    |  u_isp_top/u_demosaic/raw_matrix_3x3_buffer_d/zhenghe_d/blk_mem_gen_zhenghe_d1/ram_d32970204f32_Inst/clkb  |  (infered sclk)   |                          u_mipi_dphy_rx_ph1p_mipiio_wrapper/u_ph1p_mipiio_rx_wrapper/bufg_feedback_auto_created_sclk_s_1_r_bk2                          |           963            
RUN-1001 :    3    |                                        u_experiment_osd/clk_syn_652                                        |  (infered sclk)   |                                            u_experiment_osd/clk_created_gclkinst_auto_created_sclk_s_1_r_bk3                                            |           741            
RUN-1001 :    4    |             u_ph1p35_324_ddr_wrapper/u_ddr2/ph1p_ddrmc_wrapper/ph1p_ddrmc_top/u_alc_mc_top/clk             |  (infered sclk)   |  u_ph1p35_324_ddr_wrapper/u_ddr2/ph1p_ddrmc_wrapper/ph1p_ddrmc_top/u_ddr_phy/u_ddrphy_top/u_ddrphy_clk/u_pll1/u_bufg_fbclk_auto_created_sclk_s_1_r_bk4  |            71            
RUN-1001 :    5    |                      u_hdmi_tx/u_hdmi2phy_wrapper/u0_lane_lvds_8_1/I_serial_clk_syn_1                      |  (infered sclk)   |                         u_hdmi_tx/u_hdmi2phy_wrapper/u0_lane_lvds_8_1/I_serial_clk_created_gclkinst_auto_created_sclk_s_1_r_bk5                         |            38            
RUN-1001 : ------------------------------------------------------------------------------------------------------------------------------------------------------------------------------------------------------------------------------------------------------------------------------------------------------------------------------
PHY-1001 : Populate physical database on model design_top_wrapper.
PHY-1001 : Route runs in 16 thread(s)
RUN-1001 : There are total 16846 instances
RUN-1001 : 408 mslices, 15843 lslices, 53 pads, 48 brams, 8 dsps
RUN-1001 : There are total 39344 nets
RUN-1001 : 24789 nets have 2 pins
RUN-1001 : 11584 nets have [3 - 5] pins
RUN-1001 : 2097 nets have [6 - 10] pins
RUN-1001 : 594 nets have [11 - 20] pins
RUN-1001 : 234 nets have [21 - 99] pins
RUN-1001 : 46 nets have 100+ pins
RUN-1002 : start command "start_timer"
RUN-1003 : finish command "start_timer" in  4.973313s wall, 4.937500s user + 0.000000s system = 4.937500s CPU (99.3%)

RUN-1004 : used memory is 1364 MB, reserved memory is 1453 MB, peak memory is 1364 MB
PHY-1001 : 408 mslices, 15843 lslices, 53 pads, 48 brams, 8 dsps

PHY-1001 : Stage 1 | Global Routing
PHY-1001 : Start global routing, caller is route ...
RUN-1001 : Generating global routing grids ...
PHY-1001 : Generate routing nets ...
RUN-1001 : Generate nets statistics:
RUN-1001 : ----------------------------
RUN-1001 :        Type       |  Nets   
RUN-1001 : ----------------------------
RUN-1001 :   TotalRouteNets  |  28292  
RUN-1001 :   DontRouteNets   |  5869   
RUN-1001 :     RouteNets     |  22423  
RUN-1001 :     RouteSinks    |  42978  
RUN-1001 : ----------------------------
PHY-1001 : Global iterations in 16 thread ...
PHY-1002 : len = 1.96291e+06, over cnt = 2474(3%), over = 5286, worst = 9
PHY-1002 : len = 2.03598e+06, over cnt = 1538(2%), over = 2807, worst = 9
PHY-1002 : len = 2.08382e+06, over cnt = 701(0%), over = 1165, worst = 9
PHY-1002 : len = 2.11578e+06, over cnt = 50(0%), over = 88, worst = 5
PHY-1002 : len = 2.11912e+06, over cnt = 0(0%), over = 0, worst = 0
PHY-1001 : End global iterations;  3.279697s wall, 4.953125s user + 0.031250s system = 4.984375s CPU (152.0%)

PHY-1001 : Congestion index:
PHY-1001 : top1  = 79.96(S 66.50, N 63.06, E 73.68, W 75.03, I 70.20, O 80.76)
PHY-1001 : top5  = 69.21(S 52.80, N 53.65, E 60.02, W 62.45, I 54.79, O 64.91)
PHY-1001 : top10 = 63.73(S 45.89, N 48.85, E 53.47, W 54.79, I 49.40, O 58.21)
PHY-1001 : top15 = 60.03(S 41.48, N 45.37, E 49.11, W 50.03, I 46.04, O 54.38)
PHY-1001 : End global routing;  3.828550s wall, 5.578125s user + 0.031250s system = 5.609375s CPU (146.5%)

PHY-1001 : End Stage 1 | Global Routing; Time: 3.828628s wall, 5.578125s user + 0.031250s system = 5.609375s CPU (146.5%); Memory(MB): used = 1393, reserved = 1453, peak = 1393;

PHY-1001 : Stage 2 | Detail Routing
PHY-1001 : Stage 2.1 | Build Routing Design
PHY-1001 : Routing in high effort: false
PHY-1001 : Routing Mode: normal
PHY-1001 : Generate detailed routing grids ...
RUN-1001 : Constructing routing connections ...
PHY-1001 : End build routing graph; 5.100024s wall, 27.562500s user + 0.109375s system = 27.671875s CPU (542.6%)

PHY-1001 : Generate nets ...
RUN-1001 : Generate nets statistics:
RUN-1001 : ------------------------------
RUN-1001 :         Type        |  Nets   
RUN-1001 : ------------------------------
RUN-1001 :        Route        |  28673  
RUN-1001 :      DontRoute      |  10671  
RUN-1001 :      RouteSinks     |  90319  
RUN-1001 :   RouteEntitySinks  |    0    
RUN-1001 :       Lut2Dff       |    0    
RUN-1001 :       Ram2Dff       |    0    
RUN-1001 :      Carry2Dff      |    0    
RUN-1001 : ------------------------------
RUN-1001 : DR clock net summary:
RUN-1001 : ---------------------------------------------------------------------------------------------------------------------------------------------------
RUN-1001 :   Net Idx  |                                                        Net Name                                                        |  Clock Type  
RUN-1001 : ---------------------------------------------------------------------------------------------------------------------------------------------------
RUN-1001 :      1     |                                                    I_sys_clk_dup_6                                                     |    Normal    
RUN-1001 :      2     |                                                    I_sys_clk_syn_8                                                     |    Normal    
RUN-1001 :      3     |                                                    O_cam_24m_dup_1                                                     |    Normal    
RUN-1001 :      4     |                                                    O_cam_24m_syn_3                                                     |    Normal    
RUN-1001 :      5     |                                                     u_PLL/clk0_buf                                                     |    Normal    
RUN-1001 :      6     |                                                  u_experiment_osd/clk                                                  |    Normal    
RUN-1001 :      7     |                                              u_experiment_osd/clk_syn_652                                              |    Normal    
RUN-1001 :      8     |                               u_hdmi_tx/u_hdmi2phy_wrapper/u0_lane_lvds_8_1/I_serial_clk                               |    Normal    
RUN-1001 :      9     |                            u_hdmi_tx/u_hdmi2phy_wrapper/u0_lane_lvds_8_1/I_serial_clk_syn_1                            |    Normal    
RUN-1001 :     10     |        u_isp_top/u_demosaic/raw_matrix_3x3_buffer_d/zhenghe_d/blk_mem_gen_zhenghe_d1/ram_d32970204f32_Inst/clkb        |    Normal    
RUN-1001 :     11     |                     u_mipi_dphy_rx_ph1p_mipiio_wrapper/u_ph1p_mipiio_rx_wrapper/S_mipiio_hs_rx_clk                     |    Normal    
RUN-1001 :     12     |                  u_mipi_dphy_rx_ph1p_mipiio_wrapper/u_ph1p_mipiio_rx_wrapper/u_lane0_hs_detect/I_clk                   |    Normal    
RUN-1001 :     13     |                   u_ph1p35_324_ddr_wrapper/u_ddr2/ph1p_ddrmc_wrapper/ph1p_ddrmc_top/u_alc_mc_top/clk                   |    Normal    
RUN-1001 :     14     |       u_ph1p35_324_ddr_wrapper/u_ddr2/ph1p_ddrmc_wrapper/ph1p_ddrmc_top/u_ddr_phy/u_ddrphy_top/u_ddrphy/apb_pclk       |    Normal    
RUN-1001 :     15     |    u_ph1p35_324_ddr_wrapper/u_ddr2/ph1p_ddrmc_wrapper/ph1p_ddrmc_top/u_ddr_phy/u_ddrphy_top/u_ddrphy/apb_pclk_syn_1    |    Normal    
RUN-1001 :     16     |      u_ph1p35_324_ddr_wrapper/u_ddr2/ph1p_ddrmc_wrapper/ph1p_ddrmc_top/u_ddr_phy/u_ddrphy_top/u_ddrphy/ctl_clk[0]      |    Normal    
RUN-1001 :     17     |      u_ph1p35_324_ddr_wrapper/u_ddr2/ph1p_ddrmc_wrapper/ph1p_ddrmc_top/u_ddr_phy/u_ddrphy_top/u_ddrphy/ctl_clk[1]      |    Normal    
RUN-1001 :     18     |      u_ph1p35_324_ddr_wrapper/u_ddr2/ph1p_ddrmc_wrapper/ph1p_ddrmc_top/u_ddr_phy/u_ddrphy_top/u_ddrphy/ddr_clk[0]      |    Normal    
RUN-1001 :     19     |      u_ph1p35_324_ddr_wrapper/u_ddr2/ph1p_ddrmc_wrapper/ph1p_ddrmc_top/u_ddr_phy/u_ddrphy_top/u_ddrphy/ddr_clk[1]      |    Normal    
RUN-1001 :     20     |    u_ph1p35_324_ddr_wrapper/u_ddr2/ph1p_ddrmc_wrapper/ph1p_ddrmc_top/u_ddr_phy/u_ddrphy_top/u_ddrphy_clk/pll0_clk_1    |    Normal    
RUN-1001 :     21     |    u_ph1p35_324_ddr_wrapper/u_ddr2/ph1p_ddrmc_wrapper/ph1p_ddrmc_top/u_ddr_phy/u_ddrphy_top/u_ddrphy_clk/pll0_clk_2    |    Normal    
RUN-1001 :     22     |   u_ph1p35_324_ddr_wrapper/u_ddr2/ph1p_ddrmc_wrapper/ph1p_ddrmc_top/u_ddr_phy/u_ddrphy_top/u_ddrphy_clk/pll0_mlclk_1   |    Normal    
RUN-1001 :     23     |   u_ph1p35_324_ddr_wrapper/u_ddr2/ph1p_ddrmc_wrapper/ph1p_ddrmc_top/u_ddr_phy/u_ddrphy_top/u_ddrphy_clk/pll0_mlclk_2   |    Normal    
RUN-1001 :     24     |  u_ph1p35_324_ddr_wrapper/u_ddr2/ph1p_ddrmc_wrapper/ph1p_ddrmc_top/u_ddr_phy/u_ddrphy_top/u_ddrphy_clk/u_pll1/clkc[0]  |    Normal    
RUN-1001 :     25     |  u_ph1p35_324_ddr_wrapper/u_ddr2/ph1p_ddrmc_wrapper/ph1p_ddrmc_top/u_ddr_phy/u_ddrphy_top/u_ddrphy_clk/u_pll1/refclk   |    Normal    
RUN-1001 : ---------------------------------------------------------------------------------------------------------------------------------------------------
RUN-1001 : DR clock buffer summary:
RUN-1001 : -------------------------------------------------------------------------------------------------------------------------------------------------------------------
RUN-1001 :   Idx  |                                                                           Name                                                                            
RUN-1001 : -------------------------------------------------------------------------------------------------------------------------------------------------------------------
RUN-1001 :    1   |                           u_mipi_dphy_rx_ph1p_mipiio_wrapper/u_ph1p_mipiio_rx_wrapper/bufg_feedback_auto_created_sclk_s_0_l_bk1                           
RUN-1001 :    2   |   u_ph1p35_324_ddr_wrapper/u_ddr2/ph1p_ddrmc_wrapper/ph1p_ddrmc_top/u_ddr_phy/u_ddrphy_top/u_ddrphy_clk/u_pll1/u_bufg_fbclk_auto_created_sclk_s_0_l_bk2   
RUN-1001 :    3   |                                               I_sys_clk_dup_6_created_gclkinst_auto_created_sclk_s_0_l_bk3                                                
RUN-1001 :    4   |                                             u_experiment_osd/clk_created_gclkinst_auto_created_sclk_s_0_l_bk4                                             
RUN-1001 :    5   |                                               O_cam_24m_dup_1_created_gclkinst_auto_created_sclk_s_0_l_bk5                                                
RUN-1001 :    6   |  u_ph1p35_324_ddr_wrapper/u_ddr2/ph1p_ddrmc_wrapper/ph1p_ddrmc_top/u_ddr_phy/u_ddrphy_top/u_ddrphy/apb_pclk_created_gclkinst_auto_created_sclk_s_0_l_bk6  
RUN-1001 :    7   |                           u_mipi_dphy_rx_ph1p_mipiio_wrapper/u_ph1p_mipiio_rx_wrapper/bufg_feedback_auto_created_sclk_s_0_r_bk1                           
RUN-1001 :    8   |                                             u_experiment_osd/clk_created_gclkinst_auto_created_sclk_s_0_r_bk2                                             
RUN-1001 :    9   |                                               I_sys_clk_dup_6_created_gclkinst_auto_created_sclk_s_0_r_bk3                                                
RUN-1001 :   10   |                                               O_cam_24m_dup_1_created_gclkinst_auto_created_sclk_s_0_r_bk4                                                
RUN-1001 :   11   |   u_ph1p35_324_ddr_wrapper/u_ddr2/ph1p_ddrmc_wrapper/ph1p_ddrmc_top/u_ddr_phy/u_ddrphy_top/u_ddrphy_clk/u_pll1/u_bufg_fbclk_auto_created_sclk_s_0_r_bk5   
RUN-1001 :   12   |                                                      u_PLL/bufg_feedback_auto_created_sclk_s_0_r_bk6                                                      
RUN-1001 :   13   |   u_ph1p35_324_ddr_wrapper/u_ddr2/ph1p_ddrmc_wrapper/ph1p_ddrmc_top/u_ddr_phy/u_ddrphy_top/u_ddrphy_clk/u_pll1/u_bufg_fbclk_auto_created_sclk_s_1_l_bk1   
RUN-1001 :   14   |                           u_mipi_dphy_rx_ph1p_mipiio_wrapper/u_ph1p_mipiio_rx_wrapper/bufg_feedback_auto_created_sclk_s_1_l_bk2                           
RUN-1001 :   15   |  u_ph1p35_324_ddr_wrapper/u_ddr2/ph1p_ddrmc_wrapper/ph1p_ddrmc_top/u_ddr_phy/u_ddrphy_top/u_ddrphy/apb_pclk_created_gclkinst_auto_created_sclk_s_1_l_bk3  
RUN-1001 :   16   |                                             u_experiment_osd/clk_created_gclkinst_auto_created_sclk_s_1_l_bk4                                             
RUN-1001 :   17   |                                                      u_PLL/bufg_feedback_auto_created_sclk_s_1_r_bk1                                                      
RUN-1001 :   18   |                           u_mipi_dphy_rx_ph1p_mipiio_wrapper/u_ph1p_mipiio_rx_wrapper/bufg_feedback_auto_created_sclk_s_1_r_bk2                           
RUN-1001 :   19   |                                             u_experiment_osd/clk_created_gclkinst_auto_created_sclk_s_1_r_bk3                                             
RUN-1001 :   20   |   u_ph1p35_324_ddr_wrapper/u_ddr2/ph1p_ddrmc_wrapper/ph1p_ddrmc_top/u_ddr_phy/u_ddrphy_top/u_ddrphy_clk/u_pll1/u_bufg_fbclk_auto_created_sclk_s_1_r_bk4   
RUN-1001 :   21   |                          u_hdmi_tx/u_hdmi2phy_wrapper/u0_lane_lvds_8_1/I_serial_clk_created_gclkinst_auto_created_sclk_s_1_r_bk5                          
RUN-1001 : -------------------------------------------------------------------------------------------------------------------------------------------------------------------
PHY-1001 : End Stage 2.1 | Build Routing Design; Time: 5.902207s wall, 28.312500s user + 0.140625s system = 28.453125s CPU (482.1%); Memory(MB): used = 1722, reserved = 1712, peak = 1722;

RUN-1001 : Top Percentage Crit. Net Stat.
RUN-1001 : -------------------------------------------------------
RUN-1001 :   Top %  |  Net Count  |  Avg. Fanout  |  Avg. Slack   
RUN-1001 : -------------------------------------------------------
RUN-1001 :     1    |     393     |   2.872774    |  3602.061069  
RUN-1001 :     2    |     786     |   3.608142    |  3976.773537  
RUN-1001 :     3    |    1180     |   3.550847    |  4205.774576  
RUN-1001 :     4    |    1573     |   3.606484    |  4362.947870  
RUN-1001 :     5    |    1967     |   3.580580    |  4483.637519  
RUN-1001 :     6    |    2360     |   3.472458    |  4579.141949  
RUN-1001 :     7    |    2754     |   3.450980    |  4661.672840  
RUN-1001 :     8    |    3147     |   3.435971    |  4735.998093  
RUN-1001 :     9    |    3540     |   3.374294    |  4805.180791  
RUN-1001 :    10    |    3934     |   3.312405    |  4871.147433  
RUN-1001 : -------------------------------------------------------
PHY-1001 : Stage 2.2 | Tile Base Routing
PHY-1001 : 225 nets need to preroute.
PHY-1001 : len = 0, over cnt = 0(0%), over = 0, worst = 0, crit = 0
PHY-1001 : End Stage 2.2 | Tile Base Routing; Time: 0.885754s wall, 9.453125s user + 0.015625s system = 9.468750s CPU (1069.0%); Memory(MB): used = 1727, reserved = 1717, peak = 1727;

PHY-1001 : Stage 2.3 | Clock Nets Routing
PHY-1001 : Routed 0% nets.
PHY-1001 : len = 447568, over cnt = 0(0%), over = 0, worst = 0, crit = 0
PHY-1001 : End Stage 2.3 | Clock Nets Routing; Time: 0.601693s wall, 0.625000s user + 0.000000s system = 0.625000s CPU (103.9%); Memory(MB): used = 1742, reserved = 1732, peak = 1742;

PHY-1001 : Stage 2.4 | Routing Initialization
PHY-1001 : Mark 1% net(place mode slack < 4095ps) as critical nets.
PHY-1001 : Stage 2.4.1 | Normal Nets Routing
PHY-1001 : Routed 68% nets.
PHY-1001 : len = 3.42214e+06, over cnt = 18973(1%), over = 20351, worst = 4, crit = 0
PHY-1001 : End Stage 2.4.1 | Normal Nets Routing; Time: 18.832757s wall, 33.046875s user + 0.312500s system = 33.359375s CPU (177.1%); Memory(MB): used = 1814, reserved = 1804, peak = 1814;

PHY-1001 : Stage 2.4.2 | Update Timing
RUN-1002 : start command "start_timer"
USR-1002 : Derived clock:  create_generated_clock -name {u_PLL/ph1p_phy_pll_wrapper_25a56e5ce2f9_Inst/u_PH1P_PHY_PLL.clkc[0]} -source [get_ports {I_sys_clk}] -master_clock {sys_clk_50m} -multiply_by 2.0000 -duty_cycle 50.0000 [get_pins {u_PLL/ph1p_phy_pll_wrapper_25a56e5ce2f9_Inst/u_PH1P_PHY_PLL.clkc[0]}]
USR-1002 : Derived clock:  create_generated_clock -name {u_PLL/ph1p_phy_pll_wrapper_25a56e5ce2f9_Inst/u_PH1P_PHY_PLL.clkc[1]} -source [get_ports {I_sys_clk}] -master_clock {sys_clk_50m} -divide_by 2.0769 -duty_cycle 50.0000 [get_pins {u_PLL/ph1p_phy_pll_wrapper_25a56e5ce2f9_Inst/u_PH1P_PHY_PLL.clkc[1]}]
USR-1002 : Derived clock:  create_generated_clock -name {u_PLL/ph1p_phy_pll_wrapper_25a56e5ce2f9_Inst/u_PH1P_PHY_PLL.clkc[4]} -source [get_ports {I_sys_clk}] -master_clock {sys_clk_50m} -multiply_by 1.0400 -duty_cycle 50.0000 [get_pins {u_PLL/ph1p_phy_pll_wrapper_25a56e5ce2f9_Inst/u_PH1P_PHY_PLL.clkc[4]}]
USR-1002 : Derived clock:  create_generated_clock -name {u_PLL/ph1p_phy_pll_wrapper_25a56e5ce2f9_Inst/u_PH1P_PHY_PLL.clkc[5]} -source [get_ports {I_sys_clk}] -master_clock {sys_clk_50m} -multiply_by 5.2000 -duty_cycle 50.0000 [get_pins {u_PLL/ph1p_phy_pll_wrapper_25a56e5ce2f9_Inst/u_PH1P_PHY_PLL.clkc[5]}]
USR-1002 : Derived clock:  create_generated_clock -name {u_ph1p35_324_ddr_wrapper/u_ddr2/ph1p_ddrmc_wrapper/ph1p_ddrmc_top/u_ddr_phy/u_ddrphy_top/u_ddrphy_clk/u_pll0/u_pll_inst.clkc[0]} -source [get_ports {I_sys_clk}] -master_clock {sys_clk_50m} -multiply_by 1.3333 -duty_cycle 50.0000 [get_pins {u_ph1p35_324_ddr_wrapper/u_ddr2/ph1p_ddrmc_wrapper/ph1p_ddrmc_top/u_ddr_phy/u_ddrphy_top/u_ddrphy_clk/u_pll0/u_pll_inst.clkc[0]}]
USR-1002 : Derived clock:  create_generated_clock -name {u_ph1p35_324_ddr_wrapper/u_ddr2/ph1p_ddrmc_wrapper/ph1p_ddrmc_top/u_ddr_phy/u_ddrphy_top/u_ddrphy_clk/u_pll0/u_pll_inst.clkc[1]} -source [get_ports {I_sys_clk}] -master_clock {sys_clk_50m} -multiply_by 1.3333 -duty_cycle 50.0000 [get_pins {u_ph1p35_324_ddr_wrapper/u_ddr2/ph1p_ddrmc_wrapper/ph1p_ddrmc_top/u_ddr_phy/u_ddrphy_top/u_ddrphy_clk/u_pll0/u_pll_inst.clkc[1]}]
USR-1002 : Derived clock:  create_generated_clock -name {u_ph1p35_324_ddr_wrapper/u_ddr2/ph1p_ddrmc_wrapper/ph1p_ddrmc_top/u_ddr_phy/u_ddrphy_top/u_ddrphy_clk/u_pll0/u_pll_inst.clkc[2]} -source [get_ports {I_sys_clk}] -master_clock {sys_clk_50m} -multiply_by 5.3333 -duty_cycle 50.0000 [get_pins {u_ph1p35_324_ddr_wrapper/u_ddr2/ph1p_ddrmc_wrapper/ph1p_ddrmc_top/u_ddr_phy/u_ddrphy_top/u_ddrphy_clk/u_pll0/u_pll_inst.clkc[2]}]
USR-1002 : Derived clock:  create_generated_clock -name {u_ph1p35_324_ddr_wrapper/u_ddr2/ph1p_ddrmc_wrapper/ph1p_ddrmc_top/u_ddr_phy/u_ddrphy_top/u_ddrphy_clk/u_pll0/u_pll_inst.clkc[3]} -source [get_ports {I_sys_clk}] -master_clock {sys_clk_50m} -divide_by 1.9687 -duty_cycle 50.0000 [get_pins {u_ph1p35_324_ddr_wrapper/u_ddr2/ph1p_ddrmc_wrapper/ph1p_ddrmc_top/u_ddr_phy/u_ddrphy_top/u_ddrphy_clk/u_pll0/u_pll_inst.clkc[3]}]
USR-1002 : Derived clock:  create_generated_clock -name {u_ph1p35_324_ddr_wrapper/u_ddr2/ph1p_ddrmc_wrapper/ph1p_ddrmc_top/u_ddr_phy/u_ddrphy_top/u_ddrphy_clk/u_pll1/u_pll_inst.clkc[0]} -source [get_pins {u_ph1p35_324_ddr_wrapper/u_ddr2/ph1p_ddrmc_wrapper/ph1p_ddrmc_top/u_ddr_phy/u_ddrphy_top/u_ddrphy_clk/u_pll0/u_pll_inst.clkc[0]}] -master_clock {u_ph1p35_324_ddr_wrapper/u_ddr2/ph1p_ddrmc_wrapper/ph1p_ddrmc_top/u_ddr_phy/u_ddrphy_top/u_ddrphy_clk/u_pll0/u_pll_inst.clkc[0]} -multiply_by 1.0000 -duty_cycle 50.0000 [get_pins {u_ph1p35_324_ddr_wrapper/u_ddr2/ph1p_ddrmc_wrapper/ph1p_ddrmc_top/u_ddr_phy/u_ddrphy_top/u_ddrphy_clk/u_pll1/u_pll_inst.clkc[0]}]
8.888000
15.000000
15.000000
19.230000
RUN-1003 : finish command "start_timer" in  4.228352s wall, 4.000000s user + 0.062500s system = 4.062500s CPU (96.1%)

RUN-1004 : used memory is 1815 MB, reserved memory is 1805 MB, peak memory is 1815 MB
TMR-2502 : Net delay update with mode: Routed
PHY-1001 : 0/28292(0%) critical/total net(s).
PHY-1001 : Setup: WNS(ns) = 1.851, TNS(ns) = 0.000, FEP = 0 | Hold: WNS(ns) = -0.219, TNS(ns) = -13.805, FEP = 286.
PHY-1001 : End Stage 2.4.2 | Update Timing; Time: 11.551380s wall, 10.796875s user + 0.109375s system = 10.906250s CPU (94.4%); Memory(MB): used = 1955, reserved = 1953, peak = 1955;

PHY-1001 : Stage 2.4.3 | Deskew Clock Tree
RUN-1001 : Deskew Summary
RUN-1001 : ---------------------------------------------------------------------------------------------------------------------------------
RUN-1001 :                                                 Clock                                                 |  Pre-Skew  |  Post-Skew  
RUN-1001 : ---------------------------------------------------------------------------------------------------------------------------------
RUN-1001 :                                             mipi_rx_ck_pad                                            |     32     |     32      
RUN-1001 :   u_mipi_dphy_rx_ph1p_mipiio_wrapper/u_ph1p_mipiio_rx_wrapper/u_PH1P_LOGIC_DPHY_MIPI_RX.io_clk_pad_p  |     32     |     32      
RUN-1001 :                                            MIPI_RX_BYTE_CLK                                           |     32     |     32      
RUN-1001 :                                              pll_clk_100m                                             |     20     |     20      
RUN-1001 :                                u_ph1p35_324_ddr_wrapper/u_ddr2/usr_clk                                |     16     |     16      
RUN-1001 :                                             HDMI_PIXEL_CLK                                            |     16     |     16      
RUN-1001 :                                              sys_clk_50m                                              |     2      |      2      
RUN-1001 :                                u_ph1p35_324_ddr_wrapper/u_ddr2/mcu_clk                                |     13     |     13      
RUN-1001 :                                              pll_clk_24m                                              |     4      |      4      
RUN-1001 : ---------------------------------------------------------------------------------------------------------------------------------
PHY-1001 : 0/28292(0%) critical/total net(s).
PHY-1001 : Setup: WNS(ns) = 1.851, TNS(ns) = 0.000, FEP = 0 | Hold: WNS(ns) = -0.219, TNS(ns) = -13.805, FEP = 286.
PHY-1001 : End Stage 2.4.3 | Deskew Clock Tree; Time: 6.456979s wall, 6.281250s user + 0.046875s system = 6.328125s CPU (98.0%); Memory(MB): used = 1999, reserved = 1996, peak = 1999;

PHY-1001 : End Stage 2.4 | Routing Initialization; Time: 37.013180s wall, 50.265625s user + 0.468750s system = 50.734375s CPU (137.1%); Memory(MB): used = 1999, reserved = 1996, peak = 1999;

PHY-1001 : Stage 2.5 | Routing Optimization
PHY-1001 : Build lut bridge;  0.194136s wall, 0.187500s user + 0.000000s system = 0.187500s CPU (96.6%)

PHY-1001 : Stage 2.5.1 | Phase 1
PHY-1001 : Stage 2.5.1.1 | Hold TimeOptimization
PHY-1001 : Iter 0; Processed 378 pins with HWNS -0.219ns HTNS -8.451ns FEP 164 took 0.728284 seconds.
PHY-1001 : Iter 1; Processed 566 pins with HWNS -0.021ns HTNS -0.028ns FEP 3 took 2.28749 seconds.
PHY-1001 : len = 3.45917e+06, over cnt = 18893(1%), over = 20270, worst = 4, crit = 0
PHY-1001 : End Stage 2.5.1.1 | Hold TimeOptimization; Time: 3.166905s wall, 3.296875s user + 0.015625s system = 3.312500s CPU (104.6%); Memory(MB): used = 2001, reserved = 1998, peak = 2001;

PHY-1001 : Stage 2.5.1.2 | High Fanout Nets Optimization
PHY-1001 : High fanout net optimize summary:
PHY-1001 : Process 0 nets and 0 pins with SWNS 1.851ns STNS 0.000ns FEP 0.
PHY-1001 : len = 3.45917e+06, over cnt = 18893(1%), over = 20270, worst = 4, crit = 0
PHY-1001 : End Stage 2.5.1.2 | High Fanout Nets Optimization; Time: 0.415352s wall, 0.453125s user + 0.000000s system = 0.453125s CPU (109.1%); Memory(MB): used = 2001, reserved = 1998, peak = 2001;

PHY-1001 : Stage 2.5.1.3 | Setup TimeOptimization
PHY-1001 : len = 3.45917e+06, over cnt = 18893(1%), over = 20270, worst = 4, crit = 0
PHY-1001 : End Stage 2.5.1.3 | Setup TimeOptimization; Time: 0.442492s wall, 0.468750s user + 0.000000s system = 0.468750s CPU (105.9%); Memory(MB): used = 2001, reserved = 1998, peak = 2001;

PHY-1001 : Stage 2.5.1.4 | Rip-up And ReRoute
PHY-0007 : Congestion: {81.18, 72.88, 68.35, 65.29}; Timing: {1.851ns, 0.000ns, 0}
PHY-1001 : Iter 1: len = 3.59408e+06, over cnt = 9975(0%), over = 10336, worst = 3, crit = 0, time(s) = 11.91
PHY-1001 : Iter 2: len = 3.6365e+06, over cnt = 6314(0%), over = 6406, worst = 3, crit = 0, time(s) = 6.18
PHY-1001 : Iter 3: len = 3.64701e+06, over cnt = 4912(0%), over = 4948, worst = 2, crit = 0, time(s) = 4.10
PHY-1001 : Iter 4: len = 3.71154e+06, over cnt = 2690(0%), over = 2691, worst = 2, crit = 0, time(s) = 5.41
PHY-1001 : Iter 5: len = 3.73862e+06, over cnt = 1815(0%), over = 1815, worst = 1, crit = 0, time(s) = 2.47
PHY-1001 : Iter 6: len = 3.74312e+06, over cnt = 1617(0%), over = 1617, worst = 1, crit = 0, time(s) = 2.24
PHY-1001 : Iter 7: len = 3.74654e+06, over cnt = 1518(0%), over = 1518, worst = 1, crit = 0, time(s) = 1.62
PHY-1001 : Marking 24 (0.62%) hot zones with cutoff utilization 81.08.
PHY-1001 : Iter 8: len = 3.81976e+06, over cnt = 389(0%), over = 389, worst = 1, crit = 0, time(s) = 1.91
PHY-1001 : Iter 9: len = 3.82573e+06, over cnt = 291(0%), over = 291, worst = 1, crit = 0, time(s) = 0.64
PHY-1001 : Iter 10: len = 3.84318e+06, over cnt = 159(0%), over = 159, worst = 1, crit = 0, time(s) = 0.55
PHY-1001 : Iter 11: len = 3.85296e+06, over cnt = 70(0%), over = 70, worst = 1, crit = 0, time(s) = 0.51
PHY-1001 : Iter 12: len = 3.85861e+06, over cnt = 15(0%), over = 15, worst = 1, crit = 0, time(s) = 0.35
PHY-1001 : Marking 24 (0.62%) hot zones with cutoff utilization 81.08.
PHY-1001 : Iter 13: len = 3.85939e+06, over cnt = 5(0%), over = 5, worst = 1, crit = 0, time(s) = 0.13
PHY-1001 : Iter 14: len = 3.85974e+06, over cnt = 2(0%), over = 2, worst = 1, crit = 0, time(s) = 0.24
PHY-1001 : Iter 15: len = 3.85979e+06, over cnt = 1(0%), over = 1, worst = 1, crit = 0, time(s) = 0.22
PHY-1001 : Iter 16: len = 3.85981e+06, over cnt = 1(0%), over = 1, worst = 1, crit = 0, time(s) = 0.25
PHY-1001 : Iter 17: len = 3.8599e+06, over cnt = 0(0%), over = 0, worst = 0, crit = 0, time(s) = 0.09
PHY-1001 : Marking 24 (0.62%) hot zones with cutoff utilization 81.08.
PHY-1001 : Update congestion ...
PHY-1001 : Marking 24 (0.62%) hot zones with cutoff utilization 81.08.
PHY-1001 : Congestion index:
PHY-1001 : top1  = 84.94(S 74.05, N 70.08, E 81.09, W 81.42, I 70.20, O 80.76)
PHY-1001 : top5  = 77.86(S 64.08, N 63.03, E 71.75, W 74.09, I 54.79, O 64.91)
PHY-1001 : top10 = 73.81(S 59.10, N 59.15, E 66.22, W 69.38, I 49.40, O 58.21)
PHY-1001 : top15 = 70.91(S 55.70, N 56.35, E 62.74, W 65.86, I 46.04, O 54.38)
PHY-1001 : End update congestion; 0.028869s wall, 0.015625s user + 0.000000s system = 0.015625s CPU (54.1%)

PHY-1001 : End Stage 2.5.1.4 | Rip-up And ReRoute; Time: 39.172117s wall, 92.187500s user + 0.734375s system = 92.921875s CPU (237.2%); Memory(MB): used = 2001, reserved = 1999, peak = 2001;

PHY-1001 : Stage 2.5.1.5 | Update Timing
PHY-1001 : 0/28292(0%) critical/total net(s).
PHY-1001 : Setup: WNS(ns) = 0.310, TNS(ns) = 0.000, FEP = 0 | Hold: WNS(ns) = -0.160, TNS(ns) = -2.837, FEP = 60.
PHY-1001 : End Stage 2.5.1.5 | Update Timing; Time: 4.161286s wall, 4.093750s user + 0.015625s system = 4.109375s CPU (98.8%); Memory(MB): used = 2013, reserved = 2011, peak = 2013;

PHY-1001 : Stage 2.5.1.6 | Commit Data
PHY-1001 : Commit better result to database ...
PHY-1001 : End Stage 2.5.1.6 | Commit Data; Time: 0.185561s wall, 0.187500s user + 0.000000s system = 0.187500s CPU (101.0%); Memory(MB): used = 2034, reserved = 2031, peak = 2034;

PHY-1001 : End Stage 2.5.1 | Phase 1; Time: 48.401895s wall, 101.578125s user + 0.781250s system = 102.359375s CPU (211.5%); Memory(MB): used = 2034, reserved = 2031, peak = 2034;

PHY-1001 : End Stage 2.5 | Routing Optimization; Time: 55.624251s wall, 108.484375s user + 0.828125s system = 109.312500s CPU (196.5%); Memory(MB): used = 2034, reserved = 2031, peak = 2034;

PHY-1001 : Stage 2.6 | Multi-try route Optimization
PHY-1001 : End Stage 2.6 | Multi-try route Optimization; Time: 0.101623s wall, 0.109375s user + 0.000000s system = 0.109375s CPU (107.6%); Memory(MB): used = 2037, reserved = 2035, peak = 2037;

PHY-1003 : Routed, final wirelength = 3.8599e+06
RUN-1001 : Clock region assignment statistics:
RUN-1001 : Clock Region s_0_l [0,0][23,39]; Utilization: 6 out of 12
RUN-1001 : -----------------------------------------------------------------------------------------------------------------------------------------------------------------------------------------------------------------------------------------------------------------------------------------------------------------------------------------------------------------------------------------------------------------------------------------------------
RUN-1001 :   Bank  |                                                   Assigned Clock                                                   |                                                    Route Clock                                                     |  Marking  |                                                                          Buffer                                                                           |  Regional Clock Fanouts  
RUN-1001 : -----------------------------------------------------------------------------------------------------------------------------------------------------------------------------------------------------------------------------------------------------------------------------------------------------------------------------------------------------------------------------------------------------------------------------------------------------
RUN-1001 :    1    |      u_isp_top/u_demosaic/raw_matrix_3x3_buffer_d/zhenghe_d/blk_mem_gen_zhenghe_d1/ram_d32970204f32_Inst/clkb      |      u_isp_top/u_demosaic/raw_matrix_3x3_buffer_d/zhenghe_d/blk_mem_gen_zhenghe_d1/ram_d32970204f32_Inst/clkb      |           |                           u_mipi_dphy_rx_ph1p_mipiio_wrapper/u_ph1p_mipiio_rx_wrapper/bufg_feedback_auto_created_sclk_s_0_l_bk1                           |           1773           
RUN-1001 :    2    |                 u_ph1p35_324_ddr_wrapper/u_ddr2/ph1p_ddrmc_wrapper/ph1p_ddrmc_top/u_alc_mc_top/clk                 |                 u_ph1p35_324_ddr_wrapper/u_ddr2/ph1p_ddrmc_wrapper/ph1p_ddrmc_top/u_alc_mc_top/clk                 |           |   u_ph1p35_324_ddr_wrapper/u_ddr2/ph1p_ddrmc_wrapper/ph1p_ddrmc_top/u_ddr_phy/u_ddrphy_top/u_ddrphy_clk/u_pll1/u_bufg_fbclk_auto_created_sclk_s_0_l_bk2   |           1062           
RUN-1001 :    3    |                                                  I_sys_clk_syn_8                                                   |                                                  I_sys_clk_syn_8                                                   |           |                                               I_sys_clk_dup_6_created_gclkinst_auto_created_sclk_s_0_l_bk3                                                |            84            
RUN-1001 :    4    |                                            u_experiment_osd/clk_syn_652                                            |                                            u_experiment_osd/clk_syn_652                                            |           |                                             u_experiment_osd/clk_created_gclkinst_auto_created_sclk_s_0_l_bk4                                             |            64            
RUN-1001 :    5    |                                                  O_cam_24m_syn_3                                                   |                                                  O_cam_24m_syn_3                                                   |           |                                               O_cam_24m_dup_1_created_gclkinst_auto_created_sclk_s_0_l_bk5                                                |            29            
RUN-1001 :    6    |  u_ph1p35_324_ddr_wrapper/u_ddr2/ph1p_ddrmc_wrapper/ph1p_ddrmc_top/u_ddr_phy/u_ddrphy_top/u_ddrphy/apb_pclk_syn_1  |  u_ph1p35_324_ddr_wrapper/u_ddr2/ph1p_ddrmc_wrapper/ph1p_ddrmc_top/u_ddr_phy/u_ddrphy_top/u_ddrphy/apb_pclk_syn_1  |           |  u_ph1p35_324_ddr_wrapper/u_ddr2/ph1p_ddrmc_wrapper/ph1p_ddrmc_top/u_ddr_phy/u_ddrphy_top/u_ddrphy/apb_pclk_created_gclkinst_auto_created_sclk_s_0_l_bk6  |            3             
RUN-1001 : -----------------------------------------------------------------------------------------------------------------------------------------------------------------------------------------------------------------------------------------------------------------------------------------------------------------------------------------------------------------------------------------------------------------------------------------------------
RUN-1001 : Clock Region s_0_r [24,0][47,39]; Utilization: 6 out of 12
RUN-1001 : -----------------------------------------------------------------------------------------------------------------------------------------------------------------------------------------------------------------------------------------------------------------------------------------------------------------------------------------------------------------------------------------------------------------------------------
RUN-1001 :   Bank  |                                               Assigned Clock                                               |                                                Route Clock                                                 |  Marking  |                                                                         Buffer                                                                          |  Regional Clock Fanouts  
RUN-1001 : -----------------------------------------------------------------------------------------------------------------------------------------------------------------------------------------------------------------------------------------------------------------------------------------------------------------------------------------------------------------------------------------------------------------------------------
RUN-1001 :    1    |  u_isp_top/u_demosaic/raw_matrix_3x3_buffer_d/zhenghe_d/blk_mem_gen_zhenghe_d1/ram_d32970204f32_Inst/clkb  |  u_isp_top/u_demosaic/raw_matrix_3x3_buffer_d/zhenghe_d/blk_mem_gen_zhenghe_d1/ram_d32970204f32_Inst/clkb  |           |                          u_mipi_dphy_rx_ph1p_mipiio_wrapper/u_ph1p_mipiio_rx_wrapper/bufg_feedback_auto_created_sclk_s_0_r_bk1                          |           1702           
RUN-1001 :    2    |                                        u_experiment_osd/clk_syn_652                                        |                                        u_experiment_osd/clk_syn_652                                        |           |                                            u_experiment_osd/clk_created_gclkinst_auto_created_sclk_s_0_r_bk2                                            |           860            
RUN-1001 :    3    |                                              I_sys_clk_syn_8                                               |                                              I_sys_clk_syn_8                                               |           |                                              I_sys_clk_dup_6_created_gclkinst_auto_created_sclk_s_0_r_bk3                                               |           297            
RUN-1001 :    4    |                                              O_cam_24m_syn_3                                               |                                              O_cam_24m_syn_3                                               |           |                                              O_cam_24m_dup_1_created_gclkinst_auto_created_sclk_s_0_r_bk4                                               |           191            
RUN-1001 :    5    |             u_ph1p35_324_ddr_wrapper/u_ddr2/ph1p_ddrmc_wrapper/ph1p_ddrmc_top/u_alc_mc_top/clk             |             u_ph1p35_324_ddr_wrapper/u_ddr2/ph1p_ddrmc_wrapper/ph1p_ddrmc_top/u_alc_mc_top/clk             |           |  u_ph1p35_324_ddr_wrapper/u_ddr2/ph1p_ddrmc_wrapper/ph1p_ddrmc_top/u_ddr_phy/u_ddrphy_top/u_ddrphy_clk/u_pll1/u_bufg_fbclk_auto_created_sclk_s_0_r_bk5  |            32            
RUN-1001 :    6    |            u_mipi_dphy_rx_ph1p_mipiio_wrapper/u_ph1p_mipiio_rx_wrapper/u_lane0_hs_detect/I_clk             |            u_mipi_dphy_rx_ph1p_mipiio_wrapper/u_ph1p_mipiio_rx_wrapper/u_lane0_hs_detect/I_clk             |           |                                                     u_PLL/bufg_feedback_auto_created_sclk_s_0_r_bk6                                                     |            7             
RUN-1001 : -----------------------------------------------------------------------------------------------------------------------------------------------------------------------------------------------------------------------------------------------------------------------------------------------------------------------------------------------------------------------------------------------------------------------------------
RUN-1001 : Clock Region s_1_l [0,40][23,79]; Utilization: 4 out of 12
RUN-1001 : -----------------------------------------------------------------------------------------------------------------------------------------------------------------------------------------------------------------------------------------------------------------------------------------------------------------------------------------------------------------------------------------------------------------------------------------------------
RUN-1001 :   Bank  |                                                   Assigned Clock                                                   |                                                    Route Clock                                                     |  Marking  |                                                                          Buffer                                                                           |  Regional Clock Fanouts  
RUN-1001 : -----------------------------------------------------------------------------------------------------------------------------------------------------------------------------------------------------------------------------------------------------------------------------------------------------------------------------------------------------------------------------------------------------------------------------------------------------
RUN-1001 :    1    |                 u_ph1p35_324_ddr_wrapper/u_ddr2/ph1p_ddrmc_wrapper/ph1p_ddrmc_top/u_alc_mc_top/clk                 |                 u_ph1p35_324_ddr_wrapper/u_ddr2/ph1p_ddrmc_wrapper/ph1p_ddrmc_top/u_alc_mc_top/clk                 |           |   u_ph1p35_324_ddr_wrapper/u_ddr2/ph1p_ddrmc_wrapper/ph1p_ddrmc_top/u_ddr_phy/u_ddrphy_top/u_ddrphy_clk/u_pll1/u_bufg_fbclk_auto_created_sclk_s_1_l_bk1   |           1047           
RUN-1001 :    2    |      u_isp_top/u_demosaic/raw_matrix_3x3_buffer_d/zhenghe_d/blk_mem_gen_zhenghe_d1/ram_d32970204f32_Inst/clkb      |      u_isp_top/u_demosaic/raw_matrix_3x3_buffer_d/zhenghe_d/blk_mem_gen_zhenghe_d1/ram_d32970204f32_Inst/clkb      |           |                           u_mipi_dphy_rx_ph1p_mipiio_wrapper/u_ph1p_mipiio_rx_wrapper/bufg_feedback_auto_created_sclk_s_1_l_bk2                           |           1574           
RUN-1001 :    3    |  u_ph1p35_324_ddr_wrapper/u_ddr2/ph1p_ddrmc_wrapper/ph1p_ddrmc_top/u_ddr_phy/u_ddrphy_top/u_ddrphy/apb_pclk_syn_1  |  u_ph1p35_324_ddr_wrapper/u_ddr2/ph1p_ddrmc_wrapper/ph1p_ddrmc_top/u_ddr_phy/u_ddrphy_top/u_ddrphy/apb_pclk_syn_1  |           |  u_ph1p35_324_ddr_wrapper/u_ddr2/ph1p_ddrmc_wrapper/ph1p_ddrmc_top/u_ddr_phy/u_ddrphy_top/u_ddrphy/apb_pclk_created_gclkinst_auto_created_sclk_s_1_l_bk3  |            25            
RUN-1001 :    4    |                                            u_experiment_osd/clk_syn_652                                            |                                            u_experiment_osd/clk_syn_652                                            |           |                                             u_experiment_osd/clk_created_gclkinst_auto_created_sclk_s_1_l_bk4                                             |            1             
RUN-1001 : -----------------------------------------------------------------------------------------------------------------------------------------------------------------------------------------------------------------------------------------------------------------------------------------------------------------------------------------------------------------------------------------------------------------------------------------------------
RUN-1001 : Clock Region s_1_r [24,40][43,79]; Utilization: 5 out of 12
RUN-1001 : -----------------------------------------------------------------------------------------------------------------------------------------------------------------------------------------------------------------------------------------------------------------------------------------------------------------------------------------------------------------------------------------------------------------------------------
RUN-1001 :   Bank  |                                               Assigned Clock                                               |                                                Route Clock                                                 |  Marking  |                                                                         Buffer                                                                          |  Regional Clock Fanouts  
RUN-1001 : -----------------------------------------------------------------------------------------------------------------------------------------------------------------------------------------------------------------------------------------------------------------------------------------------------------------------------------------------------------------------------------------------------------------------------------
RUN-1001 :    1    |            u_mipi_dphy_rx_ph1p_mipiio_wrapper/u_ph1p_mipiio_rx_wrapper/u_lane0_hs_detect/I_clk             |            u_mipi_dphy_rx_ph1p_mipiio_wrapper/u_ph1p_mipiio_rx_wrapper/u_lane0_hs_detect/I_clk             |           |                                                     u_PLL/bufg_feedback_auto_created_sclk_s_1_r_bk1                                                     |            1             
RUN-1001 :    2    |  u_isp_top/u_demosaic/raw_matrix_3x3_buffer_d/zhenghe_d/blk_mem_gen_zhenghe_d1/ram_d32970204f32_Inst/clkb  |  u_isp_top/u_demosaic/raw_matrix_3x3_buffer_d/zhenghe_d/blk_mem_gen_zhenghe_d1/ram_d32970204f32_Inst/clkb  |           |                          u_mipi_dphy_rx_ph1p_mipiio_wrapper/u_ph1p_mipiio_rx_wrapper/bufg_feedback_auto_created_sclk_s_1_r_bk2                          |           963            
RUN-1001 :    3    |                                        u_experiment_osd/clk_syn_652                                        |                                        u_experiment_osd/clk_syn_652                                        |           |                                            u_experiment_osd/clk_created_gclkinst_auto_created_sclk_s_1_r_bk3                                            |           741            
RUN-1001 :    4    |             u_ph1p35_324_ddr_wrapper/u_ddr2/ph1p_ddrmc_wrapper/ph1p_ddrmc_top/u_alc_mc_top/clk             |             u_ph1p35_324_ddr_wrapper/u_ddr2/ph1p_ddrmc_wrapper/ph1p_ddrmc_top/u_alc_mc_top/clk             |           |  u_ph1p35_324_ddr_wrapper/u_ddr2/ph1p_ddrmc_wrapper/ph1p_ddrmc_top/u_ddr_phy/u_ddrphy_top/u_ddrphy_clk/u_pll1/u_bufg_fbclk_auto_created_sclk_s_1_r_bk4  |            71            
RUN-1001 :    5    |                      u_hdmi_tx/u_hdmi2phy_wrapper/u0_lane_lvds_8_1/I_serial_clk_syn_1                      |                      u_hdmi_tx/u_hdmi2phy_wrapper/u0_lane_lvds_8_1/I_serial_clk_syn_1                      |           |                         u_hdmi_tx/u_hdmi2phy_wrapper/u0_lane_lvds_8_1/I_serial_clk_created_gclkinst_auto_created_sclk_s_1_r_bk5                         |            38            
RUN-1001 : -----------------------------------------------------------------------------------------------------------------------------------------------------------------------------------------------------------------------------------------------------------------------------------------------------------------------------------------------------------------------------------------------------------------------------------
RUN-1002 : start command "export_db camera_to_dsi_display_pr.db"
RUN-1001 : Exported flow parameters
RUN-1001 : Exported /
RUN-1001 : Exported libs
RUN-1001 : Exported entities
RUN-1001 : Exported ports
RUN-1001 : Exported pins
RUN-1001 : Exported instances
RUN-1001 : Exported nets
RUN-1001 : Exported buses
RUN-1001 : Exported models
RUN-1001 : Exported phy database
RUN-1001 : Exported packer
RUN-1001 : Exported congestions
RUN-1001 : Exported violations
RUN-1001 : Exported ATMR Setting
RUN-1001 : Exported timing constraints
RUN-1001 : Exported IO constraints
RUN-1001 : Exported Inst constraints
RUN-1001 : Exported ChipWatcher
RUN-1003 : finish command "export_db camera_to_dsi_display_pr.db" in  1.889143s wall, 2.734375s user + 0.046875s system = 2.781250s CPU (147.2%)

RUN-1004 : used memory is 2120 MB, reserved memory is 2231 MB, peak memory is 2120 MB
PHY-1001 : Current memory(MB): used = 2120, reserved = 2231, peak = 2120.
PHY-1001 : End export database. 1.990093s wall, 2.828125s user + 0.046875s system = 2.875000s CPU (144.5%)

PHY-1001 : End detail routing;  104.962238s wall, 202.828125s user + 1.531250s system = 204.359375s CPU (194.7%)

PHY-1001 : End Stage 2 | Detail Routing; Time: 104.968721s wall, 202.828125s user + 1.531250s system = 204.359375s CPU (194.7%); Memory(MB): used = 2120, reserved = 2231, peak = 2120;

RUN-1002 : start command "fix_hold"

PHY-1001 : Stage 3 | Hold Fix
PHY-1001 : Stage 3.1 | Load Design Data
PHY-1034 : Refresh detailed routing grids ...
PHY-1001 : Generate nets ...
PHY-1001 : eco open net = 0
PHY-1001 : End Stage 3.1 | Load Design Data; Time: 0.610978s wall, 0.656250s user + 0.000000s system = 0.656250s CPU (107.4%); Memory(MB): used = 2120, reserved = 2231, peak = 2120;

PHY-1001 : Stage 3.2 | Hold Fix Optimization
RUN-1002 : start command "start_timer"
RUN-1003 : finish command "start_timer" in  2.680081s wall, 2.609375s user + 0.015625s system = 2.625000s CPU (97.9%)

RUN-1004 : used memory is 2120 MB, reserved memory is 2231 MB, peak memory is 2120 MB
PHY-1001 : Timing info: SWNS 0.310ns | STNS 0.000ns | HWNS -0.160ns | HTNS -2.837ns.
PHY-1001 : Processing hold violation on 90 end-point, worst slack = -160ps, best slack = 19ps.
PHY-1001 : End timing refresh.  8.643295s wall, 8.328125s user + 0.078125s system = 8.406250s CPU (97.3%)

PHY-1001 : Stage 3.2.1 | Phase 1
PHY-1001 : Stage 3.2.1.1 | Hold Fix By LutBridge
PHY-1001 : len = 3.86379e+06, over cnt = 0(0%), over = 0, worst = 0, crit = 0
PHY-1001 : Bridge count = 48; unresolved count = 0.
PHY-1001 : 0 out of 90 ((0.00)%) EP fixed by LB.
PHY-1001 : End Stage 3.2.1.1 | Hold Fix By LutBridge; Time: 2.526762s wall, 2.484375s user + 0.000000s system = 2.484375s CPU (98.3%); Memory(MB): used = 2120, reserved = 2231, peak = 2120;

PHY-1001 : Timing info: SWNS 0.310ns | STNS 0.000ns | HWNS -0.160ns | HTNS -1.954ns.
PHY-1001 : Processing hold violation on 48 end-point, worst slack = -160ps, best slack = 19ps.
PHY-1001 : End timing refresh.  0.173912s wall, 0.171875s user + 0.000000s system = 0.171875s CPU (98.8%)

PHY-1001 : Stage 3.2.1.2 | Hold Fix By Pin
PHY-1001 : len = 3.86731e+06, over cnt = 0(0%), over = 0, worst = 0, crit = 0
PHY-1001 : 34 out of 48 ((70.83)%) EP fixed by pin delay.
PHY-1001 : End Stage 3.2.1.2 | Hold Fix By Pin; Time: 4.501535s wall, 4.390625s user + 0.046875s system = 4.437500s CPU (98.6%); Memory(MB): used = 2120, reserved = 2231, peak = 2120;

PHY-1001 : Timing info: SWNS 0.310ns | STNS 0.000ns | HWNS -0.113ns | HTNS -0.504ns.
PHY-1001 : Processing hold violation on 14 end-point, worst slack = -113ps, best slack = 18ps.
PHY-1001 : End timing refresh.  0.171717s wall, 0.171875s user + 0.000000s system = 0.171875s CPU (100.1%)

PHY-1001 : Stage 3.2.1.3 | Hold Fix By Net
PHY-1001 : len = 3.87026e+06, over cnt = 0(0%), over = 0, worst = 0, crit = 0
PHY-1001 : 14 out of 14 ((100.00)%) EP fixed by net delay.
PHY-1001 : End Stage 3.2.1.3 | Hold Fix By Net; Time: 1.095354s wall, 1.156250s user + 0.000000s system = 1.156250s CPU (105.6%); Memory(MB): used = 2120, reserved = 2231, peak = 2120;

PHY-1001 : Timing info: SWNS 0.310ns | STNS 0.000ns | HWNS 0.020ns | HTNS 0.000ns.
PHY-1001 : End timing refresh.  0.157464s wall, 0.156250s user + 0.000000s system = 0.156250s CPU (99.2%)

PHY-1001 : End Stage 3.2.1 | Phase 1; Time: 8.681001s wall, 8.578125s user + 0.046875s system = 8.625000s CPU (99.4%); Memory(MB): used = 2120, reserved = 2231, peak = 2120;

PHY-1001 : End Stage 3.2 | Hold Fix Optimization; Time: 17.326992s wall, 16.906250s user + 0.125000s system = 17.031250s CPU (98.3%); Memory(MB): used = 2120, reserved = 2231, peak = 2120;

PHY-1001 : End Stage 3 | Hold Fix; Time: 18.133237s wall, 17.765625s user + 0.125000s system = 17.890625s CPU (98.7%); Memory(MB): used = 2120, reserved = 2231, peak = 2120;

RUN-1003 : finish command "fix_hold" in  18.154882s wall, 17.781250s user + 0.125000s system = 17.906250s CPU (98.6%)

RUN-1004 : used memory is 2120 MB, reserved memory is 2231 MB, peak memory is 2120 MB
PHY-1001 : Stage 4 | Report Route Qor
RUN-1002 : start command "report_qor -step route -file route.qor"
RUN-1002 : start command "start_timer"
RUN-1003 : finish command "start_timer" in  2.769536s wall, 2.609375s user + 0.015625s system = 2.625000s CPU (94.8%)

RUN-1004 : used memory is 2119 MB, reserved memory is 2230 MB, peak memory is 2120 MB
-----------------------------------------------------------
| QoR metrics               |         value               |
-----------------------------------------------------------
| Timing                    |                             |
|     Setup WNS             |          310                |
|     Setup TNS             |            0                |
|     Num of violated S-EP  |            0                |
|     Hold WNS              |           20                |
|     Hold TNS              |            0                |
|     Num of violated H-EP  |            0                |
-----------------------------------------------------------
| Routing Resource          |                             |
|     Wire length           |      3870256                |
-----------------------------------------------------------
| Utilization               |                             |
|     #slices               |        16251                |
|     slices percentage     |       76.60%                |
|     #RAMs                 |           48                |
|     #DSPs                 |            8                |
|     #DRAMHARDCON          |           37                |
-----------------------------------------------------------
Report route stage QoR done.

RUN-1003 : finish command "report_qor -step route -file route.qor" in  8.753464s wall, 8.281250s user + 0.093750s system = 8.375000s CPU (95.7%)

RUN-1004 : used memory is 2120 MB, reserved memory is 2231 MB, peak memory is 2120 MB
RUN-1002 : start command "update_timing -mode final"
RUN-1002 : start command "start_timer"
RUN-1003 : finish command "start_timer" in  2.901433s wall, 2.687500s user + 0.000000s system = 2.687500s CPU (92.6%)

RUN-1004 : used memory is 2120 MB, reserved memory is 2231 MB, peak memory is 2120 MB
RUN-1003 : finish command "update_timing -mode final" in  9.057286s wall, 8.546875s user + 0.031250s system = 8.578125s CPU (94.7%)

RUN-1004 : used memory is 2120 MB, reserved memory is 2231 MB, peak memory is 2120 MB
RUN-1002 : start command "report_timing_summary -file final_timing.rpt"
OPT-1001 : QoR tracer report on route step:
    SWNS [   incr ]    STNS [   incr ]  S-FEPS [   incr ]    HWNS [   incr ]      HTNS [     incr ]    H-FEPS [     incr ]    CELL [   incr ]       WL [    incr ]   RT(s) [   incr ]   MEM(mb) [     incr ]
    1851 [      0 ]       0 [      0 ]       0 [      0 ]    -219 [      0 ]    -13805 [        0 ]       286 [        0 ]   16846 [      0 ]  3422144 [       0 ]      58 [      0 ]      1999 [        0 ] : dr_initialization
    1851 [      0 ]       0 [      0 ]       0 [      0 ]     -21 [    198 ]       -28 [    13777 ]         3 [     -283 ]   16846 [      0 ]  3459168 [   37024 ]      70 [     12 ]      2001 [        2 ] : dr_timing_opt_phase1
     310 [  -1541 ]       0 [      0 ]       0 [      0 ]    -160 [   -139 ]     -2837 [    -2809 ]        60 [       57 ]   16846 [      0 ]  3859904 [  400736 ]     114 [     44 ]      2034 [       33 ] : dr_opt_phase1
     310 [      0 ]       0 [      0 ]       0 [      0 ]    -160 [      0 ]     -2837 [        0 ]        60 [        0 ]   16846 [      0 ]  3859904 [       0 ]     114 [      0 ]      2037 [        3 ] : multi_try_opt
     310 [      0 ]       0 [      0 ]       0 [      0 ]      20 [    180 ]         0 [     2837 ]         0 [      -60 ]   16846 [      0 ]  3870256 [   10352 ]     135 [     21 ]      2120 [       83 ] : fix_hold_opt

PHY-1001 : End Stage 4 | Report Route Qor; Time: 18.064603s wall, 17.046875s user + 0.156250s system = 17.203125s CPU (95.2%); Memory(MB): used = 2120, reserved = 2231, peak = 2120;

PHY-1001 : Stage 5 | Routing DRC
PHY-1001 : Stage 5.1 | Check And Add Lut-bridge
PHY-1001 : End Stage 5.1 | Check And Add Lut-bridge; Time: 0.138374s wall, 0.125000s user + 0.015625s system = 0.140625s CPU (101.6%); Memory(MB): used = 2120, reserved = 2231, peak = 2120;

PHY-1001 : Stage 5.2 | Lut Bridge Check
PHY-1001 : End Stage 5.2 | Lut Bridge Check; Time: 0.351380s wall, 0.328125s user + 0.031250s system = 0.359375s CPU (102.3%); Memory(MB): used = 2120, reserved = 2231, peak = 2120;

PHY-1001 : Stage 5.3 | Physical Net Status Check
PHY-1001 : End Stage 5.3 | Physical Net Status Check; Time: 0.095838s wall, 0.078125s user + 0.000000s system = 0.078125s CPU (81.5%); Memory(MB): used = 2120, reserved = 2231, peak = 2120;

PHY-1001 : Start multi-drive drc check......
PHY-1001 : No multi-drive.
PHY-1001 : Stage 5.4 | Clock Net Status Check
PHY-1001 : 1 clock net(s) utilize local routing resource.
PHY-5079 CRITICAL-WARNING: Marked 1 clock net(s) utilize the local routing resources. Please check log message and the sinks of clock nets.
RUN-1001 : CTS Local Wire Summary
RUN-1001 : ----------------------------------------------------------------------------------------------------------------------------------------------------------
RUN-1001 :    ClockName    |  DriverType   |  Clock/Fanout  |  LocalWireNum  |                                  NetName                                   |  Marked  
RUN-1001 : ----------------------------------------------------------------------------------------------------------------------------------------------------------
RUN-1001 :   pll_clk_24m   |  AL_PHY_SCLK  |     28/29      |       3        |  O_cam_24m_dup_1_created_gclkinst_auto_created_sclk_s_0_l_bk5_sclk_outnet  |   true   
RUN-1001 : ----------------------------------------------------------------------------------------------------------------------------------------------------------
PHY-5088 WARNING: Clock_Analyzer: Detected 1 buffer(s) clkout net because they drive non-clock sinks. Run "analyze_clock -detail" for more infomation.
PHY-5088 WARNING: Clock_Analyzer: 1 clock-net(s) because they drive other clock net, may cause clock skew. Run "analyze_clock -detail" for more infomation.
PHY-1001 : End Stage 5.4 | Clock Net Status Check; Time: 0.118050s wall, 0.093750s user + 0.000000s system = 0.093750s CPU (79.4%); Memory(MB): used = 2120, reserved = 2231, peak = 2120;

PHY-1001 : Stage 5.5 | Abnormal Timing Path check
PHY-1001 : No abnormal timing path.
PHY-1001 : End Stage 5.5 | Abnormal Timing Path check; Time: 0.421532s wall, 0.421875s user + 0.000000s system = 0.421875s CPU (100.1%); Memory(MB): used = 2120, reserved = 2231, peak = 2120;

PHY-1001 : Stage 5.6 | Bound Check
PHY-1001 : Check Pass.
PHY-1001 : End Stage 5.6 | Bound Check; Time: 0.004423s wall, 0.015625s user + 0.000000s system = 0.015625s CPU (353.3%); Memory(MB): used = 2120, reserved = 2231, peak = 2120;

PHY-1001 : End Stage 5 | Routing DRC; Time: 1.224803s wall, 1.156250s user + 0.046875s system = 1.203125s CPU (98.2%); Memory(MB): used = 2120, reserved = 2231, peak = 2120;

RUN-1003 : finish command "route" in  154.559337s wall, 252.468750s user + 1.906250s system = 254.375000s CPU (164.6%)

RUN-1004 : used memory is 2120 MB, reserved memory is 2231 MB, peak memory is 2120 MB
RUN-1002 : start command "report_area -io_info -file camera_to_dsi_display_phy.area"
SYN-4034 : The count of slices with lut is 9671.
SYN-4035 : The count of slices with lut+ripple is 3619.
RUN-1001 : standard
***Report Model: design_top_wrapper Device: PH1P35MDG324***

Design Statistics
#IO                        62   out of    160   38.75%
  #input                    8
  #output                  31
  #inout                   23
#lut6                   13698   out of  21216   64.56%
#reg                    17281
  #slice reg            17281   out of  42432   40.73%
  #pad reg                  0

Utilization Statistics
#slice                  16251   out of  21216   76.60%
  #used ram               408
    #dram lut             296
    #shifter lut          112
  #used logic           15843
    #with luts           9671
    #with adder          3619
    #reg only            2553
#feedthrough             2668
#f7mux                      1   out of  10608    0.01%
#f8mux                      0   out of   5304    0.00%
#eram                      48   out of    108   44.44%
  #eram20k                 48
  #fifo20k                  0
#dsp                        8   out of     40   20.00%
#ddr_byte                   6   out of     12   50.00%
#mipi_tx                    0   out of      2    0.00%
#mipi_rx                    1   out of      2   50.00%
#pad                       21   out of    160   13.12%
#pll                        3   out of      6   50.00%
#gclk                       8   out of     32   25.00%
#lclk                       0   out of     12    0.00%
#sclk                      21   out of     48   43.75%
#mlclk                      2   out of      6   33.33%
#ioclk                      4   out of     18   22.22%


DataNet Average Fanout:

   Index     Fanout     Nets   
    #1          1       24579  
    #2          2       8301   
    #3          3       2167   
    #4          4        977   
    #5        5-10      2069   
    #6        11-50      485   
    #7       51-100      44    
    #8       101-500     16    
  Average     2.06             

RUN-1002 : start command "update_timing -mode final"
RUN-1002 : start command "start_timer"
RUN-1003 : finish command "start_timer" in  2.792219s wall, 2.750000s user + 0.000000s system = 2.750000s CPU (98.5%)

RUN-1004 : used memory is 2120 MB, reserved memory is 2231 MB, peak memory is 2120 MB
RUN-1003 : finish command "update_timing -mode final" in  8.673929s wall, 8.500000s user + 0.031250s system = 8.531250s CPU (98.4%)

RUN-1004 : used memory is 2120 MB, reserved memory is 2231 MB, peak memory is 2120 MB
RUN-1002 : start command "report_timing_status -file camera_to_dsi_display_phy.ts"
RUN-1002 : start command "report_timing_summary -file camera_to_dsi_display_pr.timing"
RUN-1002 : start command "report_timing_exception -file camera_to_dsi_display_exception.timing"
RUN-1002 : start command "flow_status -file route_flow.status"
Location         : D:\BaiduNetdiskDownload\HX1P35A_Contest_202606\FPGA_Component_Inspector\tmp\video_fix_td_after_sof_20261006\td_project\camera_to_dsi_display_Runs\phy_1
Running with     : Tang Dynasty v6.2.168116
                   Copyright (c) 2012-2025 Anlogic Inc.
Top Model        : design_top_wrapper
Device           : PH1P35MDG324
Speed            : 3

Timing Mode      : final
Setup            : WNS   310ps  TNS        0ps  NUM_FEPS     0
Hold             : WNS    20ps  TNS        0ps  NUM_FEPS     0

Flow Statistics  :
RUN-1001 : Flow Statistics:
RUN-1001 : ---------------------------------------------------------------------------------------------------
RUN-1001 :      command     |  #calls  |  wall time   |  cpu time(s)  |  used memory(mb)  |  peak memory(mb)  
RUN-1001 : ---------------------------------------------------------------------------------------------------
RUN-1001 :       place      |    1     |  3m46s(58%)  |   558(68%)    |       1341        |       1341        
RUN-1001 :       route      |    1     |  2m16s(35%)  |   236(29%)    |       2120        |       2120        
RUN-1001 :     fix_hold     |    1     |   18s(4%)    |    17(2%)     |       2120        |       2120        
RUN-1001 :   import_device  |    1     |    3s(0%)    |     2(0%)     |        323        |        323        
RUN-1001 :     import_db    |    1     |    1s(0%)    |     0(0%)     |        560        |        560        
RUN-1001 : ---------------------------------------------------------------------------------------------------
RUN-1001 :       total      |    5     |    6m24s     |      813      |       2120        |       2120        
RUN-1001 : ---------------------------------------------------------------------------------------------------
RUN-1002 : start command "report_clock_utilization -file route_clock_utilization.txt"
RUN-1002 : start command "export_db camera_to_dsi_display_pr.db"
RUN-1001 : Exported flow parameters
RUN-1001 : Exported /
RUN-1001 : Exported libs
RUN-1001 : Exported entities
RUN-1001 : Exported ports
RUN-1001 : Exported pins
RUN-1001 : Exported instances
RUN-1001 : Exported nets
RUN-1001 : Exported buses
RUN-1001 : Exported models
RUN-1001 : Exported phy database
RUN-1001 : Exported packer
RUN-1001 : Exported congestions
RUN-1001 : Exported violations
RUN-1001 : Exported ATMR Setting
RUN-1001 : Exported timing constraints
RUN-1001 : Exported IO constraints
RUN-1001 : Exported Inst constraints
RUN-1001 : Exported ChipWatcher
RUN-1003 : finish command "export_db camera_to_dsi_display_pr.db" in  1.832724s wall, 2.468750s user + 0.046875s system = 2.515625s CPU (137.3%)

RUN-1004 : used memory is 2126 MB, reserved memory is 2231 MB, peak memory is 2126 MB
RUN-1002 : start command "commit_param -step bitgen"
RUN-1001 : Print Global Property
RUN-1001 : -------------------------------------------------------------
RUN-1001 :     Parameters    |   Settings   |  Default Values  |  Note  
RUN-1001 : -------------------------------------------------------------
RUN-1001 :    enable_seed    |     off      |       off        |        
RUN-1001 :    hfn_to_clock   |  1000000000  |    1000000000    |        
RUN-1001 :      message      |   standard   |     standard     |        
RUN-1001 :    qor_monitor    |      on      |        on        |        
RUN-1001 :   speedup_effort  |      0       |        0         |        
RUN-1001 :    syn_ip_flow    |     off      |       off        |        
RUN-1001 :       thread      |     auto     |       auto       |        
RUN-1001 : -------------------------------------------------------------
RUN-1001 : Print Bitgen Property
RUN-1001 : -------------------------------------------------------------
RUN-1001 :      Parameters     |  Settings  |  Default Values  |  Note  
RUN-1001 : -------------------------------------------------------------
RUN-1001 :         bin         |    off     |       off        |        
RUN-1001 :       compress      |    off     |       off        |        
RUN-1001 :       gen_mask      |    off     |       off        |        
RUN-1001 :      max_stream     |     on     |        on        |        
RUN-1001 :      time_info      |     on     |        on        |        
RUN-1001 :   unused_io_status  |   pullup   |      pullup      |        
RUN-1001 :       version       |    0x00    |       0x00       |        
RUN-1001 : -------------------------------------------------------------
RUN-1002 : start command "bitgen -bit camera_to_dsi_display.bit"
RUN-1002 : start command "export_bid camera_to_dsi_display_inst.bid"
BIT-1003 : Start to generate bitstream. 
BIT-1002 : Bitgen processed 3 pll_pd instances.
BIT-1002 : Init instances with 16 threads.
BIT-1002 : Init instances completely, inst num: 16847
BIT-1002 : Init pips with 16 threads.
BIT-1002 : Init pips completely, net num: 28673, pip num: 275372
BIT-1002 : Init feedthrough with 16 threads.
BIT-1002 : Init feedthrough completely, num: 2668
BIT-1003 : Multithreading accelaration with 16 threads.
BIT-1003 : Generate bitstream completely, there are 903917 bits set as '1'.
BIT-1004 : Generate file camera_to_dsi_display.bit.
RUN-1003 : finish command "bitgen -bit camera_to_dsi_display.bit" in  9.702374s wall, 69.703125s user + 0.968750s system = 70.671875s CPU (728.4%)

RUN-1004 : used memory is 2127 MB, reserved memory is 2231 MB, peak memory is 2127 MB
RUN-1002 : start command "setup_debugger"
RUN-1002 : start command "export_bitgen_param -file .bitgen_param.f"
RUN-1002 : start command "export_flow_status -s opt_place -e bitgen"
RUN-1002 : start command "flow_status"

Location         : D:\BaiduNetdiskDownload\HX1P35A_Contest_202606\FPGA_Component_Inspector\tmp\video_fix_td_after_sof_20261006\td_project\camera_to_dsi_display_Runs\phy_1
Running with     : Tang Dynasty v6.2.168116
                   Copyright (c) 2012-2025 Anlogic Inc.
Top Model        : design_top_wrapper
Device           : PH1P35MDG324
Speed            : 3

Timing Mode      : final
Setup            : WNS   310ps  TNS        0ps  NUM_FEPS     0
Hold             : WNS    20ps  TNS        0ps  NUM_FEPS     0

RUN-1001 : Flow Statistics:
RUN-1001 : ---------------------------------------------------------------------------------------------------
RUN-1001 :      command     |  #calls  |  wall time   |  cpu time(s)  |  used memory(mb)  |  peak memory(mb)  
RUN-1001 : ---------------------------------------------------------------------------------------------------
RUN-1001 :       place      |    1     |  3m46s(57%)  |   558(63%)    |       1341        |       1341        
RUN-1001 :       route      |    1     |  2m16s(34%)  |   236(26%)    |       2120        |       2120        
RUN-1001 :     fix_hold     |    1     |   18s(4%)    |    17(1%)     |       2120        |       2120        
RUN-1001 :      bitgen      |    1     |    9s(2%)    |    69(7%)     |       2127        |       2127        
RUN-1001 :   import_device  |    1     |    3s(0%)    |     2(0%)     |        323        |        323        
RUN-1001 :     import_db    |    1     |    1s(0%)    |     0(0%)     |        560        |        560        
RUN-1001 : ---------------------------------------------------------------------------------------------------
RUN-1001 :       total      |    6     |    6m33s     |      882      |       2127        |       2127        
RUN-1001 : ---------------------------------------------------------------------------------------------------
RUN-1002 : start command "check_timing -file constraint_coverage.txt -verbose"
