; generated by PrusaSlicer 2.9.6 on 2026-09-10 at 15:29:07 UTC

; 

; external perimeters extrusion width = 0.45mm
; perimeters extrusion width = 0.45mm
; infill extrusion width = 0.45mm
; solid infill extrusion width = 0.45mm
; top infill extrusion width = 0.45mm
; first layer extrusion width = 0.45mm

M190 S80 ; set bed temperature and wait for it to be reached
M104 S240 ; set temperature
;TYPE:Custom
; OFFLINE ESTIMATE ONLY - NOT FOR PRINTING
M109 S240 ; set temperature and wait for it to be reached
G21 ; set units to millimeters
G90 ; use absolute coordinates
M82 ; use absolute distances for extrusion
G92 E0
; Filament gcode
M107
;LAYER_CHANGE
;Z:0.2
;HEIGHT:0.2
G1 E-2 F2400
G92 E0
G1 Z.2 F7200
G1 X76.864 Y82.778
G1 E2 F2400
M204 P500
;TYPE:Skirt/Brim
;WIDTH:0.45
G1 F1200
G1 X77.388 Y82.479 E2.02042
G1 X78.21 Y82.254 E2.04927
G1 X121.793 Y82.258 E3.5245
G1 X122.359 Y82.378 E3.54408
G1 X122.929 Y82.637 E3.56527
G1 X123.58 Y83.194 E3.59427
G1 X124.017 Y83.876 E3.62169
G1 X124.246 Y84.71 E3.65096
G1 X124.246 Y115.298 E4.68633
G1 X123.864 Y116.433 E4.72687
G1 X123.136 Y117.222 E4.76321
G1 X122.612 Y117.521 E4.78363
G1 X121.79 Y117.746 E4.81248
G1 X78.202 Y117.746 E6.28788
G1 X77.067 Y117.364 E6.32842
G1 X76.278 Y116.636 E6.36476
G1 X75.979 Y116.112 E6.38518
G1 X75.754 Y115.29 E6.41403
G1 X75.754 Y84.702 E7.4494
G1 X76.136 Y83.567 E7.48994
G1 X76.823 Y82.822 E7.52424
G1 X77.099 Y83.115 F7200
G1 F1200
G1 X77.125 Y83.09 E7.52546
G1 X77.523 Y82.863 E7.54097
G1 X78.239 Y82.661 E7.56615
G1 X121.77 Y82.665 E9.03962
G1 X122.249 Y82.77 E9.05622
G1 X122.73 Y82.993 E9.07417
G1 X123.29 Y83.482 E9.09933
G1 X123.634 Y84.017 E9.12086
G1 X123.839 Y84.739 E9.14626
G1 X123.839 Y115.265 E10.17953
G1 X123.519 Y116.215 E10.21346
G1 X122.875 Y116.91 E10.24553
G1 X122.477 Y117.137 E10.26104
G1 X121.761 Y117.339 E10.28622
G1 X78.235 Y117.339 E11.75952
G1 X77.285 Y117.019 E11.79345
G1 X76.59 Y116.375 E11.82552
G1 X76.363 Y115.977 E11.84103
G1 X76.161 Y115.261 E11.86621
G1 X76.161 Y84.735 E12.89948
G1 X76.481 Y83.785 E12.93341
G1 X76.703 Y83.489 E12.94593
G1 X77.056 Y83.156 E12.96236
G1 X77.355 Y83.437 F7200
G1 F1200
G1 X77.387 Y83.403 E12.96394
G1 X78.269 Y83.068 E12.99588
G1 X121.746 Y83.072 E14.46752
G1 X122.528 Y83.348 E14.49559
G1 X122.998 Y83.766 E14.51688
G1 X123.253 Y84.161 E14.53279
G1 X123.432 Y84.769 E14.55424
G1 X123.432 Y115.231 E15.58534
G1 X123.173 Y116 E15.61281
G1 X122.613 Y116.597 E15.64052
G1 X121.731 Y116.932 E15.67246
G1 X78.269 Y116.932 E17.1436
G1 X77.5 Y116.673 E17.17107
G1 X76.903 Y116.113 E17.19878
G1 X76.568 Y115.231 E17.23072
G1 X76.568 Y84.769 E18.26182
G1 X76.827 Y84 E18.28929
G1 X77.314 Y83.481 E18.31338
G1 X77.586 Y83.81 F7200
G1 F1200
G1 X77.807 Y83.628 E18.32307
G1 X78.301 Y83.475 E18.34057
G1 X121.723 Y83.479 E19.81035
G1 X122.326 Y83.702 E19.83211
G1 X122.873 Y84.309 E19.85977
G1 X123.025 Y84.801 E19.8772
G1 X123.025 Y115.198 E20.9061
G1 X122.707 Y115.949 E20.93371
G1 X122.193 Y116.372 E20.95624
G1 X121.699 Y116.525 E20.97374
G1 X78.302 Y116.525 E22.44268
G1 X77.551 Y116.207 E22.47029
G1 X77.128 Y115.693 E22.49282
G1 X76.975 Y115.199 E22.51032
G1 X76.975 Y84.802 E23.53922
G1 X77.293 Y84.051 E23.56683
G1 X77.539 Y83.848 E23.57763
G1 X77.818 Y84.109 F7200
G1 F1200
G1 X77.852 Y84.072 E23.57933
G1 X78.335 Y83.882 E23.5969
G1 X121.699 Y83.886 E25.06472
G1 X122.121 Y84.056 E25.08012
G1 X122.406 Y84.326 E25.09341
G1 X122.618 Y84.835 E25.11207
G1 X122.618 Y115.163 E26.13864
G1 X122.475 Y115.577 E26.15347
G1 X122.148 Y115.928 E26.16971
G1 X121.665 Y116.118 E26.18728
G1 X78.337 Y116.118 E27.65388
G1 X77.923 Y115.975 E27.66871
G1 X77.572 Y115.648 E27.68495
G1 X77.382 Y115.165 E27.70252
G1 X77.382 Y84.837 E28.72909
G1 X77.525 Y84.423 E28.74392
G1 X77.777 Y84.152 E28.75645
G1 X78.067 Y84.43 F7200
G1 F1200
G1 X78.098 Y84.397 E28.75798
G1 X78.373 Y84.289 E28.76798
G1 X121.642 Y84.289 E30.23258
G1 X121.913 Y84.408 E30.2426
G1 X122.103 Y84.598 E30.2517
G1 X122.211 Y84.873 E30.2617
G1 X122.211 Y115.127 E31.28576
G1 X122.123 Y115.373 E31.2946
G1 X121.902 Y115.603 E31.3054
G1 X121.627 Y115.711 E31.3154
G1 X78.373 Y115.711 E32.7795
G1 X78.127 Y115.623 E32.78834
G1 X77.897 Y115.402 E32.79914
G1 X77.789 Y115.127 E32.80914
G1 X77.789 Y84.873 E33.8332
G1 X77.877 Y84.627 E33.84204
G1 X78.025 Y84.473 E33.84927
G1 X78.343 Y84.727 F7200
G1 F1200
G1 X121.657 Y84.727 E35.3154
G1 X121.804 Y84.918 E35.32356
G1 X121.804 Y115.082 E36.34458
G1 X121.657 Y115.273 E36.35274
G1 X78.418 Y115.304 E37.81633
G1 X78.227 Y115.157 E37.82449
G1 X78.196 Y84.918 E38.84804
G1 X78.307 Y84.775 E38.85417
G1 E36.85417 F2400
G92 E0
G92 E0
G1 X116.846 Y97.57 F7200
G1 E2 F2400
;TYPE:Perimeter
;WIDTH:0.449999
G1 F1200
G1 X117.205 Y97.727 E2.01326
G1 X117.891 Y98.189 E2.04126
G1 X118.457 Y98.791 E2.06923
G1 X118.78 Y99.302 E2.08969
G1 X118.998 Y99.814 E2.10853
G1 X119.165 Y100.566 E2.1346
G1 X119.17 Y101.392 E2.16256
G1 X119.122 Y101.707 E2.17335
G1 X118.991 Y102.198 E2.19055
G1 X118.751 Y102.754 E2.21105
G1 X118.453 Y103.219 E2.22974
G1 X117.921 Y103.786 E2.25606
G1 X117.438 Y104.144 E2.27641
G1 X116.736 Y104.478 E2.30272
G1 X115.933 Y104.665 E2.33063
G1 X115.108 Y104.67 E2.35856
G1 X114.793 Y104.622 E2.36935
G1 X114.301 Y104.491 E2.38658
G1 X113.746 Y104.251 E2.40705
G1 X113.109 Y103.812 E2.43324
G1 X112.68 Y103.386 E2.4537
G1 X112.247 Y102.744 E2.47991
G1 X112.003 Y102.19 E2.5004
G1 X111.835 Y101.434 E2.52661
G1 X111.811 Y101.116 E2.5374
G1 X111.831 Y100.599 E2.55491
G1 X112.008 Y99.805 E2.58245
G1 X112.249 Y99.247 E2.60302
G1 X112.544 Y98.786 E2.62155
G1 X113.079 Y98.214 E2.64806
G1 X113.329 Y98.016 E2.65885
G1 X113.757 Y97.747 E2.67596
G1 X114.07 Y97.599 E2.68768
G1 X114.595 Y97.418 E2.70648
G1 X115.122 Y97.326 E2.72459
G1 X115.67 Y97.31 E2.74315
G1 X116.244 Y97.393 E2.76278
G1 X116.739 Y97.523 E2.7801
G1 X116.791 Y97.546 E2.78202
G1 X116.692 Y97.962 F7200
G1 F1200
G1 X117.043 Y98.1 E2.79479
G1 X117.649 Y98.516 E2.81967
G1 X118.148 Y99.057 E2.84458
G1 X118.428 Y99.506 E2.86249
G1 X118.672 Y100.145 E2.88564
G1 X118.765 Y100.641 E2.90272
G1 X118.763 Y101.377 E2.92763
G1 X118.598 Y102.093 E2.9525
G1 X118.384 Y102.577 E2.97041
G1 X117.995 Y103.136 E2.99346
G1 X117.633 Y103.498 E3.01079
G1 X117.209 Y103.808 E3.02857
G1 X116.573 Y104.104 E3.05232
G1 X115.858 Y104.265 E3.07713
G1 X115.123 Y104.263 E3.10201
G1 X114.407 Y104.098 E3.12688
G1 X113.923 Y103.884 E3.14479
G1 X113.351 Y103.484 E3.16842
G1 X112.978 Y103.109 E3.18632
G1 X112.592 Y102.527 E3.20996
G1 X112.382 Y102.041 E3.22788
G1 X112.235 Y101.358 E3.25153
G1 X112.237 Y100.623 E3.27641
G1 X112.401 Y99.91 E3.30117
G1 X112.615 Y99.424 E3.31914
G1 X112.923 Y98.956 E3.3381
G1 X113.367 Y98.502 E3.35959
G1 X113.973 Y98.091 E3.38437
G1 X114.658 Y97.825 E3.40924
G1 X115.182 Y97.728 E3.42728
G1 X115.754 Y97.721 E3.44664
G1 X116.358 Y97.829 E3.46741
G1 X116.637 Y97.939 E3.47756
G1 X116.545 Y98.337 F7200
G1 F1200
G1 X116.88 Y98.473 E3.4898
G1 X117.408 Y98.844 E3.51164
G1 X117.84 Y99.322 E3.53345
G1 X118.115 Y99.792 E3.55188
G1 X118.271 Y100.22 E3.5673
G1 X118.365 Y100.717 E3.58442
G1 X118.356 Y101.361 E3.60622
G1 X118.204 Y101.988 E3.62806
G1 X117.972 Y102.48 E3.64647
G1 X117.708 Y102.848 E3.6618
G1 X117.345 Y103.21 E3.67915
G1 X116.88 Y103.527 E3.6982
G1 X116.411 Y103.731 E3.71551
G1 X115.783 Y103.865 E3.73725
G1 X115.139 Y103.856 E3.75905
G1 X114.512 Y103.704 E3.78089
G1 X114.049 Y103.49 E3.79816
G1 X113.592 Y103.156 E3.81732
G1 X113.239 Y102.787 E3.83461
G1 X112.936 Y102.311 E3.85371
G1 X112.742 Y101.837 E3.87105
G1 X112.635 Y101.283 E3.89015
G1 X112.644 Y100.639 E3.91195
G1 X112.795 Y100.015 E3.93368
G1 X113.012 Y99.545 E3.9512
G1 X113.351 Y99.094 E3.9703
G1 X113.709 Y98.742 E3.98729
G1 X114.19 Y98.436 E4.00659
G1 X114.793 Y98.209 E4.0284
G1 X115.288 Y98.126 E4.04539
G1 X115.783 Y98.135 E4.06215
G1 X116.283 Y98.229 E4.07937
G1 X116.49 Y98.314 E4.08694
G1 X116.4 Y98.708 F7200
;TYPE:External perimeter
G1 F1200
G1 X116.717 Y98.846 E4.09864
G1 X117.166 Y99.171 E4.1174
G1 X117.531 Y99.588 E4.13616
G1 X117.736 Y99.94 E4.14995
G1 X117.871 Y100.296 E4.16284
G1 X117.965 Y100.792 E4.17993
G1 X117.95 Y101.346 E4.19869
G1 X117.811 Y101.883 E4.21747
G1 X117.635 Y102.25 E4.23125
G1 X117.42 Y102.56 E4.24402
G1 X117.058 Y102.922 E4.26135
G1 X116.717 Y103.154 E4.27531
G1 X116.248 Y103.358 E4.29262
G1 X115.707 Y103.465 E4.31129
G1 X115.154 Y103.449 E4.33002
G1 X114.617 Y103.311 E4.34879
G1 X114.244 Y103.131 E4.36281
G1 X113.834 Y102.829 E4.38005
G1 X113.552 Y102.525 E4.39409
G1 X113.281 Y102.094 E4.41132
G1 X113.129 Y101.707 E4.42539
G1 X113.035 Y101.207 E4.44261
G1 X113.051 Y100.654 E4.46134
G1 X113.188 Y100.12 E4.48
G1 X113.365 Y99.75 E4.49388
G1 X113.638 Y99.382 E4.50939
G1 X113.978 Y99.05 E4.52548
G1 X114.406 Y98.781 E4.54259
G1 X114.927 Y98.593 E4.56134
G1 X115.47 Y98.531 E4.57984
G1 X116.017 Y98.593 E4.59847
G1 X116.251 Y98.643 E4.60657
G1 X116.345 Y98.684 E4.61004
G1 X116.707 Y98.853 F7200
G1 E2.61004 F2400
G92 E0
G1 X112.71 Y88.363 F7200
G1 E2 F2400
;TYPE:Perimeter
G1 F1200
G1 X112.795 Y88.015 E2.01213
G1 X113.042 Y87.502 E2.0314
G1 X113.344 Y87.092 E2.04864
G1 X113.822 Y86.66 E2.07045
G1 X114.291 Y86.385 E2.08885
G1 X114.717 Y86.229 E2.10421
;WIDTH:0.497622
G1 X115.216 Y86.111 E2.1236
;WIDTH:0.502395
G1 X115.863 Y86.118 E2.14832
;WIDTH:0.517112
G1 X116.006 Y86.132 E2.15399
G1 X116.247 Y86.214 E2.16403
;WIDTH:0.483556
G1 X116.488 Y86.296 E2.17336
;WIDTH:0.449999
G1 X117.065 Y86.583 E2.19517
G1 X117.493 Y86.92 E2.21361
G1 X117.782 Y87.242 E2.22826
G1 X118.056 Y87.686 E2.24592
G1 X118.27 Y88.216 E2.26527
G1 X118.365 Y88.717 E2.28253
G1 X118.369 Y89.261 E2.30094
G1 X118.291 Y89.707 E2.31627
G1 X118.123 Y90.187 E2.33348
G1 X117.793 Y90.741 E2.35531
G1 X117.348 Y91.208 E2.37714
G1 X116.81 Y91.564 E2.39898
G1 X116.332 Y91.759 E2.41645
G1 X115.862 Y91.856 E2.43269
G1 X115.354 Y91.875 E2.4499
G1 X114.717 Y91.771 E2.47175
G1 X114.121 Y91.527 E2.49355
G1 X113.592 Y91.156 E2.51542
G1 X113.242 Y90.791 E2.53254
G1 X112.973 Y90.38 E2.54917
G1 X112.769 Y89.911 E2.56648
G1 X112.635 Y89.283 E2.58822
G1 X112.644 Y88.639 E2.61002
G1 X112.696 Y88.422 E2.61757
G1 X113.102 Y88.453 F7200
;TYPE:External perimeter
G1 F1200
G1 X113.188 Y88.12 E2.62921
G1 X113.369 Y87.743 E2.64337
G1 X113.671 Y87.334 E2.66058
G1 X114.088 Y86.969 E2.67934
G1 X114.44 Y86.764 E2.69313
G1 X114.792 Y86.63 E2.70588
G1 X115.298 Y86.534 E2.72331
G1 X115.847 Y86.551 E2.7419
G1 X116.383 Y86.689 E2.76063
G1 X116.875 Y86.943 E2.77937
G1 X117.194 Y87.197 E2.79317
G1 X117.446 Y87.471 E2.80577
G1 X117.683 Y87.849 E2.82087
G1 X117.87 Y88.292 E2.83715
G1 X117.965 Y88.792 E2.85438
G1 X117.966 Y89.2 E2.86819
G1 X117.907 Y89.572 E2.88094
G1 X117.739 Y90.052 E2.89815
G1 X117.448 Y90.525 E2.91695
G1 X117.06 Y90.92 E2.93569
G1 X116.594 Y91.219 E2.95443
G1 X116.072 Y91.402 E2.97315
G1 X115.538 Y91.461 E2.99134
G1 X115.101 Y91.429 E3.00617
G1 X114.724 Y91.346 E3.01924
G1 X114.273 Y91.149 E3.0359
G1 X113.834 Y90.829 E3.05429
G1 X113.554 Y90.529 E3.06818
G1 X113.346 Y90.217 E3.08087
G1 X113.142 Y89.748 E3.09818
G1 X113.035 Y89.208 E3.11681
G1 X113.05 Y88.654 E3.13557
G1 X113.087 Y88.511 E3.14057
G1 X113.196 Y88.126 F7200
G1 E1.14057 F2400
G92 E0
G1 X120.054 Y113.554 F7200
G1 E2 F2400
;TYPE:Perimeter
G1 F1200
G1 X79.946 Y113.554 E3.35761
G1 X79.946 Y86.446 E4.27518
G1 X112.839 Y86.446 E5.38857
G1 X112.689 Y86.609 E5.39607
G1 X112.249 Y87.247 E5.4223
G1 X112.008 Y87.805 E5.44287
G1 X111.83 Y88.609 E5.47074
G1 X111.835 Y89.434 E5.49867
G1 X111.929 Y89.931 E5.51579
G1 X112.022 Y90.236 E5.52658
G1 X112.357 Y90.94 E5.55297
G1 X112.677 Y91.382 E5.57144
G1 X113.109 Y91.812 E5.59207
G1 X113.721 Y92.238 E5.61731
G1 X114.236 Y92.465 E5.63636
G1 X114.566 Y92.571 E5.64809
G1 X115.066 Y92.665 E5.66531
G1 X115.584 Y92.681 E5.68285
G1 X116.156 Y92.635 E5.70227
G1 X116.686 Y92.498 E5.7208
G1 X117.244 Y92.253 E5.74143
G1 X117.924 Y91.783 E5.76941
G1 X118.482 Y91.174 E5.79737
G1 X118.892 Y90.456 E5.82536
G1 X119.123 Y89.717 E5.85157
G1 X119.19 Y89.17 E5.87022
G1 X119.165 Y88.565 E5.89072
G1 X118.976 Y87.76 E5.91871
G1 X118.773 Y87.294 E5.93592
G1 X118.455 Y86.784 E5.95626
G1 X118.164 Y86.446 E5.97136
G1 X120.054 Y86.446 E6.03533
G1 X120.054 Y113.494 E6.95087
G1 X120.461 Y113.961 F7200
G1 F1200
G1 X79.539 Y113.961 E8.33603
G1 X79.539 Y86.039 E9.28116
G1 X114.074 Y86.039 E10.45013
G1 X113.557 Y86.352 E10.47059
G1 X113.016 Y86.851 E10.4955
G1 X112.615 Y87.424 E10.51917
G1 X112.401 Y87.91 E10.53714
G1 X112.237 Y88.624 E10.56194
G1 X112.235 Y89.358 E10.58679
G1 X112.396 Y90.073 E10.6116
G1 X112.666 Y90.668 E10.63372
G1 X112.976 Y91.106 E10.65188
G1 X113.351 Y91.484 E10.6699
G1 X113.958 Y91.9 E10.69481
G1 X114.642 Y92.171 E10.71971
G1 X115.369 Y92.282 E10.7446
G1 X115.983 Y92.254 E10.7654
G1 X116.538 Y92.119 E10.78473
G1 X117.027 Y91.908 E10.80276
G1 X117.636 Y91.496 E10.82765
G1 X118.138 Y90.958 E10.85256
G1 X118.507 Y90.321 E10.87748
G1 X118.717 Y89.681 E10.90028
G1 X118.783 Y89.17 E10.91772
G1 X118.765 Y88.641 E10.93564
G1 X118.603 Y87.923 E10.96055
G1 X118.4 Y87.457 E10.97776
G1 X118.119 Y87.013 E10.99555
G1 X117.792 Y86.643 E11.01226
G1 X117.414 Y86.328 E11.02892
G1 X116.906 Y86.039 E11.0487
G1 X120.461 Y86.039 E11.16903
G1 X120.461 Y113.901 E12.11212
G1 X120.868 Y114.368 F7200
G1 F1200
G1 X79.132 Y114.368 E13.52483
G1 X79.132 Y85.632 E14.49751
G1 X114.661 Y85.632 E15.70012
;WIDTH:0.492785
G1 X115.366 Y85.653 E15.7265
;WIDTH:0.517112
G1 X116.067 Y85.666 E15.75414
G1 X116.321 Y85.649 E15.76418
;WIDTH:0.483556
G1 X116.575 Y85.632 E15.77351
;WIDTH:0.449999
G1 X120.868 Y85.632 E15.91882
G1 X120.868 Y114.308 E16.88947
G1 X121.275 Y114.775 F7200
;TYPE:External perimeter
G1 F1200
G1 X78.725 Y114.775 E18.32973
G1 X78.725 Y85.225 E19.32996
G1 X121.275 Y85.225 E20.77022
G1 X121.275 Y114.715 E21.76842
G1 X120.879 Y114.774 F7200
G1 E19.76842 F2400
G92 E0
G1 X119.108 Y86.568 F7200
G1 E2 F2400
;TYPE:Solid infill
;WIDTH:0.450164
G1 F1200
G1 X119.748 Y87.208 E2.03065
G1 X119.748 Y87.784 E2.05015
G1 X118.951 Y86.987 E2.08832
G1 X119.051 Y87.167 E2.09529
G1 X119.258 Y87.643 E2.11287
G1 X119.36 Y87.972 E2.12453
G1 X119.748 Y88.36 E2.14311
G1 X119.748 Y88.936 E2.16261
G1 X119.481 Y88.668 E2.17542
G1 X119.495 Y88.827 E2.18082
G1 X119.482 Y89.246 E2.19502
G1 X119.748 Y89.512 E2.20776
G1 X119.748 Y90.088 E2.22726
G1 X119.425 Y89.764 E2.24275
G1 X119.299 Y90.215 E2.25861
G1 X119.748 Y90.664 E2.28011
G1 X119.748 Y91.24 E2.29961
G1 X119.143 Y90.634 E2.32861
G1 X118.945 Y91.012 E2.34306
G1 X119.748 Y91.816 E2.38154
G1 X119.748 Y92.392 E2.40104
G1 X118.72 Y91.364 E2.45027
G1 X118.46 Y91.679 E2.4641
G1 X119.748 Y92.968 E2.5258
G1 X119.748 Y93.544 E2.5453
G1 X118.172 Y91.967 E2.6208
G1 X117.856 Y92.227 E2.63466
G1 X119.748 Y94.12 E2.72529
G1 X119.748 Y94.696 E2.74479
G1 X117.503 Y92.45 E2.85232
G1 X117.129 Y92.652 E2.86671
G1 X119.748 Y95.271 E2.99213
G1 X119.748 Y95.847 E3.01163
G1 X116.714 Y92.813 E3.15692
G1 X116.251 Y92.926 E3.17306
G1 X119.748 Y96.423 E3.34053
G1 X119.748 Y96.999 E3.36003
G1 X115.73 Y92.981 E3.55245
G1 X115.33 Y92.995 E3.566
G1 X115.156 Y92.983 E3.57191
G1 X119.748 Y97.575 E3.79182
G1 X119.748 Y98.151 E3.81132
G1 X114.144 Y92.547 E4.07969
G1 E2.07969 F2400
G92 E0
G1 X112.18 Y87.127 F7200
G1 E2 F2400
G1 F1200
G1 X111.804 Y86.752 E2.01798
G1 X111.229 Y86.752 E2.03745
G1 X111.85 Y87.373 E2.06719
G1 X111.695 Y87.794 E2.08238
G1 X110.653 Y86.752 E2.13228
G1 X110.077 Y86.752 E2.15178
G1 X111.576 Y88.251 E2.22357
G1 X111.525 Y88.592 E2.23525
G1 X111.519 Y88.769 E2.24125
G1 X109.501 Y86.752 E2.33787
G1 X108.925 Y86.752 E2.35737
G1 X111.524 Y89.35 E2.48181
G1 X111.534 Y89.485 E2.48639
G1 X111.647 Y90.05 E2.5059
G1 X108.349 Y86.752 E2.66384
G1 X107.773 Y86.752 E2.68334
G1 X119.748 Y98.727 E3.25681
G1 X119.748 Y99.303 E3.27631
G1 X107.197 Y86.752 E3.87736
G1 X106.621 Y86.752 E3.89686
G1 X117.309 Y97.439 E4.40867
G1 X117.659 Y97.637 E4.42229
G1 X118.077 Y97.946 E4.43989
G1 X118.353 Y98.202 E4.45264
G1 X118.691 Y98.595 E4.47019
G1 X118.873 Y98.851 E4.48083
G1 X119.066 Y99.196 E4.49422
G1 X119.932 Y100.062 E4.53569
G1 X119.131 Y99.837 F7200
G1 F1200
G1 X119.748 Y100.455 E4.56526
G1 X119.748 Y101.031 E4.58476
G1 X119.49 Y100.773 E4.59712
G1 X119.468 Y101.326 E4.61586
G1 X119.748 Y101.607 E4.62929
G1 X119.748 Y102.183 E4.64879
G1 X119.4 Y101.834 E4.66548
G1 X119.281 Y102.291 E4.68147
G1 X119.748 Y102.759 E4.70386
G1 X119.748 Y103.334 E4.72333
G1 X119.112 Y102.698 E4.75379
G1 X118.915 Y103.077 E4.76825
G1 X119.748 Y103.91 E4.80814
G1 X119.748 Y104.486 E4.82764
G1 X118.682 Y103.42 E4.87869
G1 X118.412 Y103.726 E4.89251
G1 X119.748 Y105.062 E4.95649
G1 X119.748 Y105.638 E4.97599
G1 X118.123 Y104.013 E5.05381
G1 X117.801 Y104.267 E5.0677
G1 X119.748 Y106.214 E5.16094
G1 X119.748 Y106.79 E5.18044
G1 X117.446 Y104.488 E5.29068
G1 X117.054 Y104.672 E5.30534
G1 X119.748 Y107.366 E5.43435
G1 X119.748 Y107.942 E5.45385
G1 X116.634 Y104.827 E5.603
G1 X116.163 Y104.933 E5.61935
G1 X119.748 Y108.518 E5.79103
G1 X119.748 Y109.094 E5.81053
G1 X115.65 Y104.995 E6.0068
G1 X115.043 Y104.964 E6.02738
G1 X119.748 Y109.67 E6.25272
G1 X119.748 Y110.246 E6.27222
G1 X114.018 Y104.515 E6.54665
G1 E4.54665 F2400
G92 E0
G1 X116.655 Y97.362 F7200
G1 E2 F2400
G1 F1200
G1 X106.045 Y86.752 E2.5081
G1 X105.469 Y86.752 E2.5276
G1 X115.731 Y97.014 E3.01903
G1 X115.158 Y97.017 E3.03843
G1 X104.893 Y86.752 E3.53001
G1 X104.317 Y86.752 E3.54951
G1 X114.664 Y97.098 E4.04499
G1 X114.512 Y97.123 E4.05021
G1 X114.219 Y97.229 E4.06076
G1 X103.741 Y86.752 E4.56251
G1 X103.166 Y86.752 E4.58198
G1 X113.796 Y97.382 E5.09104
G1 X113.437 Y97.599 E5.10524
G1 X102.59 Y86.752 E5.62469
G1 X102.014 Y86.752 E5.64419
G1 X113.083 Y97.82 E6.17425
G1 X113.016 Y97.862 E6.17693
G1 X112.779 Y98.093 E6.18814
G1 X101.438 Y86.752 E6.73125
G1 X100.862 Y86.752 E6.75075
G1 X112.487 Y98.377 E7.30746
G1 X112.234 Y98.7 E7.32135
G1 X100.286 Y86.752 E7.89353
G1 X99.71 Y86.752 E7.91303
G1 X112.008 Y99.05 E8.50197
G1 X111.827 Y99.444 E8.51665
G1 X99.134 Y86.752 E9.12448
G1 X98.558 Y86.752 E9.14398
G1 X111.679 Y99.873 E9.77233
G1 X111.562 Y100.331 E9.78834
G1 X97.982 Y86.752 E10.43865
G1 X97.406 Y86.752 E10.45815
G1 X111.524 Y100.87 E11.13424
G1 X111.508 Y101.289 E11.14844
G1 X111.54 Y101.461 E11.15436
G1 X96.83 Y86.752 E11.85878
G1 X96.254 Y86.752 E11.87828
G1 X112 Y102.497 E12.63231
G1 E10.63231 F2400
G92 E0
G1 X119.932 Y111.005 F7200
G1 E2 F2400
G1 F1200
G1 X95.678 Y86.752 E3.16147
G1 X95.103 Y86.752 E3.18094
G1 X119.748 Y111.397 E4.36116
G1 X119.748 Y111.973 E4.38066
G1 X94.527 Y86.752 E5.58846
G1 X93.951 Y86.752 E5.60796
G1 X119.748 Y112.549 E6.84335
G1 X119.748 Y113.125 E6.86285
G1 X93.375 Y86.752 E8.12582
G1 X92.799 Y86.752 E8.14532
G1 X119.296 Y113.248 E9.4142
G1 X118.72 Y113.248 E9.4337
G1 X92.223 Y86.752 E10.70258
G1 X91.647 Y86.752 E10.72208
G1 X118.144 Y113.248 E11.99096
G1 X117.568 Y113.248 E12.01046
G1 X91.071 Y86.752 E13.27934
G1 X90.495 Y86.752 E13.29884
G1 X116.992 Y113.248 E14.56772
G1 X116.416 Y113.248 E14.58722
G1 X89.919 Y86.752 E15.8561
G1 X89.343 Y86.752 E15.8756
G1 X115.84 Y113.248 E17.14448
G1 X115.264 Y113.248 E17.16398
G1 X88.767 Y86.752 E18.43286
G1 X88.191 Y86.752 E18.45236
G1 X114.688 Y113.248 E19.72124
G1 X114.112 Y113.248 E19.74074
G1 X87.615 Y86.752 E21.00962
G1 X87.039 Y86.752 E21.02912
G1 X113.536 Y113.248 E22.298
G1 X112.96 Y113.248 E22.3175
G1 X86.464 Y86.752 E23.58636
G1 X85.888 Y86.752 E23.60586
G1 X112.385 Y113.248 E24.87474
G1 X111.809 Y113.248 E24.89424
G1 X85.312 Y86.752 E26.16312
G1 X84.736 Y86.752 E26.18262
G1 X111.233 Y113.248 E27.4515
G1 X110.657 Y113.248 E27.471
G1 X84.16 Y86.752 E28.73988
G1 X83.584 Y86.752 E28.75938
G1 X110.081 Y113.248 E30.02826
G1 X109.505 Y113.248 E30.04776
G1 X83.008 Y86.752 E31.31664
G1 X82.432 Y86.752 E31.33614
G1 X108.929 Y113.248 E32.60502
G1 X108.353 Y113.248 E32.62452
G1 X81.856 Y86.752 E33.8934
G1 X81.28 Y86.752 E33.9129
G1 X107.777 Y113.248 E35.18178
G1 X107.201 Y113.248 E35.20128
G1 X80.704 Y86.752 E36.47016
G1 X80.252 Y86.752 E36.48547
G1 X80.252 Y86.875 E36.48964
G1 X106.625 Y113.248 E37.75261
G1 X106.049 Y113.248 E37.77211
G1 X80.252 Y87.451 E39.0075
G1 X80.252 Y88.027 E39.027
G1 X105.473 Y113.248 E40.2348
G1 X104.897 Y113.248 E40.2543
G1 X80.252 Y88.603 E41.43452
G1 X80.252 Y89.178 E41.45399
G1 X104.322 Y113.248 E42.60667
G1 X103.746 Y113.248 E42.62617
G1 X80.252 Y89.754 E43.75127
G1 X80.252 Y90.33 E43.77077
G1 X103.17 Y113.248 E44.86828
G1 X102.594 Y113.248 E44.88778
G1 X80.252 Y90.906 E45.95771
G1 X80.252 Y91.482 E45.97721
G1 X102.018 Y113.248 E47.01956
G1 X101.442 Y113.248 E47.03906
G1 X80.252 Y92.058 E48.05382
G1 X80.252 Y92.634 E48.07332
G1 X100.866 Y113.248 E49.0605
G1 X100.29 Y113.248 E49.08
G1 X80.252 Y93.21 E50.0396
G1 X80.252 Y93.786 E50.0591
G1 X99.714 Y113.248 E50.99111
G1 X99.138 Y113.248 E51.01061
G1 X80.252 Y94.362 E51.91504
G1 X80.252 Y94.938 E51.93454
G1 X98.562 Y113.248 E52.81138
G1 X97.986 Y113.248 E52.83088
G1 X80.252 Y95.514 E53.68014
G1 X80.252 Y96.09 E53.69964
G1 X97.41 Y113.248 E54.52132
G1 X96.834 Y113.248 E54.54082
G1 X80.252 Y96.666 E55.33491
G1 X80.252 Y97.242 E55.35441
G1 X96.258 Y113.248 E56.12092
G1 X95.683 Y113.248 E56.14039
G1 X80.252 Y97.817 E56.87936
G1 X80.252 Y98.393 E56.89886
G1 X95.107 Y113.248 E57.61025
G1 X94.531 Y113.248 E57.62975
G1 X80.252 Y98.969 E58.31355
G1 X80.252 Y99.545 E58.33305
G1 X93.955 Y113.248 E58.98927
G1 X93.379 Y113.248 E59.00877
G1 X80.252 Y100.121 E59.63741
G1 X80.252 Y100.697 E59.65691
G1 X92.803 Y113.248 E60.25796
G1 X92.227 Y113.248 E60.27746
G1 X80.252 Y101.273 E60.85093
G1 X80.252 Y101.849 E60.87043
G1 X91.651 Y113.248 E61.41631
G1 X91.075 Y113.248 E61.43581
G1 X80.252 Y102.425 E61.95411
G1 X80.252 Y103.001 E61.97361
G1 X90.499 Y113.248 E62.46433
G1 X89.923 Y113.248 E62.48383
G1 X80.252 Y103.577 E62.94696
G1 X80.252 Y104.153 E62.96646
G1 X89.347 Y113.248 E63.40201
G1 X88.771 Y113.248 E63.42151
G1 X80.252 Y104.729 E63.82947
G1 X80.252 Y105.305 E63.84897
G1 X88.195 Y113.248 E64.22935
G1 X87.62 Y113.248 E64.24882
G1 X80.252 Y105.88 E64.60166
G1 X80.252 Y106.456 E64.62116
G1 X87.044 Y113.248 E64.94642
G1 X86.468 Y113.248 E64.96592
G1 X80.252 Y107.032 E65.2636
G1 X80.252 Y107.608 E65.2831
G1 X85.892 Y113.248 E65.55319
G1 X85.316 Y113.248 E65.57269
G1 X80.252 Y108.184 E65.8152
G1 X80.252 Y108.76 E65.8347
G1 X84.74 Y113.248 E66.04962
G1 X84.164 Y113.248 E66.06912
G1 X80.252 Y109.336 E66.25646
G1 X80.252 Y109.912 E66.27596
G1 X83.588 Y113.248 E66.43572
G1 X83.012 Y113.248 E66.45522
G1 X80.252 Y110.488 E66.58739
G1 X80.252 Y111.064 E66.60689
G1 X82.436 Y113.248 E66.71148
G1 X81.86 Y113.248 E66.73098
G1 X80.252 Y111.64 E66.80799
G1 X80.252 Y112.216 E66.82749
G1 X81.284 Y113.248 E66.87691
G1 X80.708 Y113.248 E66.89641
G1 X80.068 Y112.608 E66.92706
;LAYER_CHANGE
;Z:0.4
;HEIGHT:0.2
G1 E64.92706 F2400
G92 E0
G1 Z.4 F7200
G1 X116.841 Y97.583
G1 E2 F2400
;TYPE:Perimeter
;WIDTH:0.449999
G1 F1200
G1 X117.216 Y97.733 E2.01367
G1 X117.892 Y98.189 E2.04127
G1 X118.457 Y98.791 E2.06922
G1 X118.78 Y99.302 E2.08968
G1 X118.997 Y99.81 E2.10838
G1 X119.165 Y100.565 E2.13456
G1 X119.17 Y101.392 E2.16255
G1 X119.122 Y101.707 E2.17334
G1 X118.991 Y102.198 E2.19054
G1 X118.629 Y102.956 E2.21897
G1 X118.415 Y103.257 E2.23147
G1 X117.959 Y103.747 E2.25413
G1 X117.674 Y103.982 E2.26663
G1 X117.243 Y104.253 E2.28386
G1 X116.476 Y104.559 E2.31181
G1 X115.882 Y104.674 E2.33229
G1 X115.331 Y104.69 E2.35095
G1 X114.566 Y104.571 E2.37716
G1 X114.258 Y104.475 E2.38808
G1 X113.784 Y104.267 E2.4056
G1 X113.464 Y104.073 E2.41827
G1 X112.936 Y103.649 E2.44119
G1 X112.651 Y103.339 E2.45544
G1 X112.275 Y102.786 E2.47808
G1 X112.107 Y102.453 E2.4907
G1 X111.938 Y101.964 E2.50821
G1 X111.863 Y101.601 E2.52076
G1 X111.814 Y100.935 E2.54336
G1 X111.845 Y100.516 E2.55758
G1 X111.993 Y99.864 E2.58021
G1 X112.247 Y99.25 E2.6027
G1 X112.547 Y98.781 E2.62155
G1 X113.086 Y98.209 E2.64815
G1 X113.589 Y97.852 E2.66903
G1 X114.043 Y97.609 E2.68646
G1 X114.524 Y97.441 E2.70371
G1 X115.131 Y97.325 E2.72463
G1 X115.893 Y97.33 E2.75042
G1 X116.486 Y97.44 E2.77083
G1 X116.786 Y97.56 E2.78177
G1 X116.694 Y97.959 F7200
G1 F1200
G1 X117.052 Y98.106 E2.79487
G1 X117.65 Y98.516 E2.81941
G1 X118.148 Y99.056 E2.84427
G1 X118.428 Y99.506 E2.86221
G1 X118.67 Y100.141 E2.88521
G1 X118.765 Y100.641 E2.90244
G1 X118.763 Y101.377 E2.92735
G1 X118.598 Y102.093 E2.95222
G1 X118.27 Y102.765 E2.97753
G1 X117.661 Y103.469 E3.00904
G1 X117.027 Y103.908 E3.03514
G1 X116.342 Y104.175 E3.06003
G1 X115.821 Y104.272 E3.07797
G1 X115.142 Y104.265 E3.10095
G1 X114.642 Y104.171 E3.11817
G1 X113.948 Y103.894 E3.14346
G1 X113.719 Y103.756 E3.15251
G1 X113.191 Y103.331 E3.17545
G1 X112.987 Y103.11 E3.18563
G1 X112.612 Y102.558 E3.20822
G1 X112.492 Y102.319 E3.21727
G1 X112.322 Y101.83 E3.23479
G1 X112.269 Y101.571 E3.24374
G1 X112.22 Y100.905 E3.26634
G1 X112.242 Y100.606 E3.27649
G1 X112.39 Y99.954 E3.29912
G1 X112.615 Y99.425 E3.31858
G1 X112.923 Y98.956 E3.33757
G1 X113.373 Y98.497 E3.35933
G1 X113.805 Y98.197 E3.37713
G1 X114.177 Y97.993 E3.39149
G1 X114.658 Y97.825 E3.40874
G1 X115.19 Y97.728 E3.42704
G1 X115.878 Y97.737 E3.45033
G1 X116.396 Y97.837 E3.46819
G1 X116.638 Y97.936 E3.47704
G1 X116.548 Y98.331 F7200
G1 F1200
G1 X116.889 Y98.478 E3.48961
G1 X117.408 Y98.843 E3.51109
G1 X117.84 Y99.322 E3.53292
G1 X118.115 Y99.791 E3.55132
G1 X118.27 Y100.217 E3.56666
G1 X118.365 Y100.717 E3.58389
G1 X118.356 Y101.361 E3.60569
G1 X118.204 Y101.988 E3.62753
G1 X117.911 Y102.573 E3.64968
G1 X117.363 Y103.192 E3.67766
G1 X116.81 Y103.564 E3.70022
G1 X116.207 Y103.791 E3.72203
G1 X115.67 Y103.876 E3.74043
G1 X115.217 Y103.865 E3.75577
G1 X114.717 Y103.771 E3.77299
G1 X114.111 Y103.522 E3.79517
G1 X113.446 Y103.014 E3.8235
G1 X112.948 Y102.329 E3.85217
G1 X112.707 Y101.697 E3.87507
G1 X112.626 Y100.875 E3.90303
G1 X112.787 Y100.044 E3.93168
G1 X113 Y99.566 E3.94939
G1 X113.293 Y99.151 E3.96659
G1 X113.66 Y98.786 E3.98411
G1 X114.19 Y98.436 E4.00561
G1 X114.793 Y98.209 E4.02742
G1 X115.306 Y98.125 E4.04502
G1 X115.862 Y98.144 E4.06385
G1 X116.361 Y98.25 E4.08112
G1 X116.493 Y98.307 E4.08599
G1 X116.399 Y98.708 F7200
;TYPE:External perimeter
G1 F1200
G1 X116.725 Y98.851 E4.09804
G1 X117.166 Y99.171 E4.11648
G1 X117.531 Y99.588 E4.13524
G1 X117.736 Y99.94 E4.14903
G1 X117.87 Y100.292 E4.16178
G1 X117.965 Y100.792 E4.17901
G1 X117.949 Y101.346 E4.19777
G1 X117.811 Y101.883 E4.21654
G1 X117.551 Y102.382 E4.23559
G1 X117.065 Y102.915 E4.26001
G1 X116.594 Y103.219 E4.27899
G1 X116.073 Y103.407 E4.29774
G1 X115.622 Y103.469 E4.31315
G1 X115.293 Y103.465 E4.32429
G1 X114.793 Y103.371 E4.34151
G1 X114.275 Y103.149 E4.36059
G1 X113.702 Y102.697 E4.38529
G1 X113.285 Y102.1 E4.40994
G1 X113.092 Y101.563 E4.42926
G1 X113.032 Y100.846 E4.45361
G1 X113.184 Y100.134 E4.47825
G1 X113.368 Y99.745 E4.49282
G1 X113.58 Y99.44 E4.50539
G1 X113.947 Y99.075 E4.52291
G1 X114.406 Y98.781 E4.54136
G1 X114.927 Y98.593 E4.56011
G1 X115.468 Y98.536 E4.57852
G1 X115.883 Y98.555 E4.59258
G1 X116.251 Y98.643 E4.60539
G1 X116.345 Y98.684 E4.60886
G1 X116.707 Y98.852 F7200
G1 E2.60886 F2400
G92 E0
G1 X112.722 Y88.366 F7200
G1 E2 F2400
;TYPE:Perimeter
G1 F1200
G1 X112.787 Y88.044 E2.01112
G1 X113.042 Y87.502 E2.0314
G1 X113.344 Y87.092 E2.04864
G1 X113.822 Y86.66 E2.07045
G1 X114.556 Y86.283 E2.09838
;WIDTH:0.497405
G1 X115.221 Y86.111 E2.12434
;WIDTH:0.502316
G1 X115.863 Y86.117 E2.14886
G1 X116.128 Y86.189 E2.15935
;WIDTH:0.476158
G1 X116.394 Y86.262 E2.16929
;WIDTH:0.449999
G1 X116.838 Y86.454 E2.18566
G1 X117.39 Y86.831 E2.20829
G1 X117.78 Y87.24 E2.22742
G1 X118.056 Y87.686 E2.24517
G1 X118.27 Y88.217 E2.26455
G1 X118.365 Y88.717 E2.28178
G1 X118.366 Y89.284 E2.30097
G1 X118.271 Y89.783 E2.31816
G1 X118.027 Y90.38 E2.33999
G1 X117.656 Y90.908 E2.36183
G1 X117.178 Y91.34 E2.38364
G1 X116.686 Y91.623 E2.40285
G1 X116.197 Y91.793 E2.42037
G1 X115.375 Y91.874 E2.44833
G1 X114.717 Y91.771 E2.47087
G1 X114.229 Y91.586 E2.48854
G1 X113.61 Y91.169 E2.5138
G1 X113.239 Y90.786 E2.53185
G1 X112.936 Y90.31 E2.55095
G1 X112.734 Y89.805 E2.56936
G1 X112.644 Y89.362 E2.58466
G1 X112.625 Y88.854 E2.60187
G1 X112.711 Y88.425 E2.61668
G1 X113.114 Y88.455 F7200
;TYPE:External perimeter
G1 F1200
G1 X113.184 Y88.134 E2.6278
G1 X113.369 Y87.743 E2.64244
G1 X113.671 Y87.334 E2.65965
G1 X114.088 Y86.969 E2.67841
G1 X114.734 Y86.649 E2.70281
G1 X115.301 Y86.534 E2.72239
G1 X115.846 Y86.55 E2.74085
G1 X116.244 Y86.64 E2.75466
G1 X116.608 Y86.79 E2.76799
G1 X117.16 Y87.167 E2.79062
G1 X117.444 Y87.469 E2.80465
G1 X117.683 Y87.849 E2.81985
G1 X117.87 Y88.292 E2.83613
G1 X117.965 Y88.792 E2.85336
G1 X117.964 Y89.217 E2.86775
G1 X117.857 Y89.751 E2.88618
G1 X117.654 Y90.218 E2.90342
G1 X117.329 Y90.666 E2.92215
G1 X116.912 Y91.031 E2.94091
G1 X116.552 Y91.239 E2.95498
G1 X116.063 Y91.408 E2.97249
G1 X115.346 Y91.468 E2.99684
G1 X114.793 Y91.371 E3.01584
G1 X114.392 Y91.21 E3.03047
G1 X113.84 Y90.833 E3.0531
G1 X113.543 Y90.512 E3.0679
G1 X113.278 Y90.088 E3.08482
G1 X113.131 Y89.715 E3.09839
G1 X113.051 Y89.347 E3.11114
G1 X113.031 Y88.838 E3.12838
G1 X113.102 Y88.514 E3.13961
G1 X113.2 Y88.126 F7200
G1 E1.13961 F2400
G92 E0
G1 X120.054 Y113.554 F7200
G1 E2 F2400
;TYPE:Perimeter
G1 F2700
G1 X79.946 Y113.554 E3.35761
G1 X79.946 Y86.446 E4.27518
G1 X112.839 Y86.446 E5.38857
G1 X112.689 Y86.609 E5.39607
G1 X112.247 Y87.25 E5.42243
G1 X111.993 Y87.864 E5.44492
G1 X111.845 Y88.516 E5.46755
G1 X111.811 Y88.884 E5.48006
G1 X111.865 Y89.656 E5.50626
G1 X112.003 Y90.19 E5.52493
G1 X112.246 Y90.742 E5.54534
G1 X112.598 Y91.289 E5.56736
G1 X112.982 Y91.706 E5.58655
G1 X113.454 Y92.049 E5.6063
G1 X113.982 Y92.367 E5.62716
G1 X114.566 Y92.571 E5.6481
G1 X115.066 Y92.665 E5.66532
G1 X115.435 Y92.686 E5.67783
G1 X116.101 Y92.637 E5.70043
G1 X116.58 Y92.522 E5.7171
G1 X117.198 Y92.28 E5.73957
G1 X117.709 Y91.957 E5.76003
G1 X118.311 Y91.391 E5.788
G1 X118.773 Y90.706 E5.81597
G1 X119.07 Y89.936 E5.84391
G1 X119.189 Y89.182 E5.86975
G1 X119.165 Y88.565 E5.89065
G1 X118.976 Y87.76 E5.91864
G1 X118.773 Y87.294 E5.93585
G1 X118.453 Y86.781 E5.95632
G1 X118.164 Y86.446 E5.9713
G1 X120.054 Y86.446 E6.03527
G1 X120.054 Y113.494 E6.95081
G1 X120.461 Y113.961 F7200
G1 F2700
G1 X79.539 Y113.961 E8.33597
G1 X79.539 Y86.039 E9.2811
G1 X114.125 Y86.039 E10.45179
G1 X113.557 Y86.352 E10.47374
G1 X113.016 Y86.851 E10.49865
G1 X112.615 Y87.425 E10.52235
G1 X112.39 Y87.954 E10.54181
G1 X112.218 Y88.869 E10.57332
G1 X112.237 Y89.377 E10.59053
G1 X112.382 Y90.041 E10.61354
G1 X112.591 Y90.526 E10.63142
G1 X112.971 Y91.099 E10.65469
G1 X113.38 Y91.505 E10.6742
G1 X113.968 Y91.906 E10.69829
G1 X114.456 Y92.117 E10.71629
G1 X114.956 Y92.23 E10.73364
G1 X115.405 Y92.28 E10.74893
G1 X116.071 Y92.231 E10.77153
G1 X116.447 Y92.137 E10.78465
G1 X116.994 Y91.928 E10.80447
G1 X117.443 Y91.648 E10.82238
G1 X117.984 Y91.149 E10.84729
G1 X118.4 Y90.543 E10.87217
G1 X118.67 Y89.86 E10.89703
G1 X118.782 Y89.181 E10.92032
G1 X118.765 Y88.641 E10.93861
G1 X118.603 Y87.923 E10.96352
G1 X118.4 Y87.457 E10.98073
G1 X118.022 Y86.892 E11.00374
G1 X117.62 Y86.495 E11.02286
G1 X116.92 Y86.039 E11.05114
G1 X120.461 Y86.039 E11.171
G1 X120.461 Y113.901 E12.11409
G1 X120.868 Y114.368 F7200
G1 F2700
G1 X79.132 Y114.368 E13.5268
G1 X79.132 Y85.632 E14.49948
G1 X114.652 Y85.632 E15.70179
;WIDTH:0.49234
G1 X115.339 Y85.653 E15.72747
;WIDTH:0.502316
G1 X116.193 Y85.645 E15.76009
;WIDTH:0.476158
G1 X116.514 Y85.632 E15.77166
;WIDTH:0.449999
G1 X120.868 Y85.632 E15.91904
G1 X120.868 Y114.308 E16.88969
G1 X121.275 Y114.775 F7200
;TYPE:External perimeter
G1 F1800
G1 X78.725 Y114.775 E18.32995
G1 X78.725 Y85.225 E19.33018
G1 X121.275 Y85.225 E20.77044
G1 X121.275 Y114.715 E21.76864
G1 X120.879 Y114.774 F7200
G1 E19.76864 F2400
G92 E0
G1 X118.92 Y86.824 F7200
G1 E2 F2400
;TYPE:Solid infill
;WIDTH:0.595464
G1 X119.676 Y86.824 E2.03473
G1 X119.696 Y87.323 E2.05767
;WIDTH:0.555468
G1 X119.716 Y87.546 E2.06721
;WIDTH:0.515471
G1 X119.736 Y87.769 E2.07601
;WIDTH:0.475475
G1 X119.756 Y87.992 E2.08406
;WIDTH:0.435478
G1 X119.771 Y88.42 E2.09804
;WIDTH:0.404338
G1 X119.787 Y88.848 E2.11091
;WIDTH:0.388398
G1 X119.779 Y89.51 E2.12993
;WIDTH:0.436697
G1 X119.755 Y90.023 E2.14675
;WIDTH:0.458406
G1 X119.744 Y90.546 E2.16482
G1 X119.647 Y90.434 E2.16994
G1 X119.513 Y90.364 E2.17516
G1 X119.344 Y90.424 E2.18136
G1 X119.131 Y90.636 E2.19174
G1 X119.365 Y89.986 E2.21561
;WIDTH:0.436697
G1 X119.402 Y89.719 E2.22444
;WIDTH:0.411095
G1 X119.438 Y89.453 E2.23266
;WIDTH:0.385493
G1 X119.456 Y88.81 E2.25098
;WIDTH:0.410743
G1 X119.408 Y88.395 E2.26376
;WIDTH:0.446498
G1 X119.36 Y87.98 E2.27778
;WIDTH:0.496154
G1 X119.287 Y87.72 E2.28796
;WIDTH:0.545809
G1 X119.214 Y87.459 E2.29929
;WIDTH:0.595464
G1 X119.141 Y87.199 E2.3117
G1 X119.024 Y87 E2.32231
G1 E.32231
G92 E0
G1 X80.362 Y86.785 F7200
G1 E2 F2400
;WIDTH:0.548766
G1 X80.317 Y86.74 E2.00268
G1 X80.256 Y86.756 E2.00533
G1 X80.24 Y86.817 E2.00798
G1 X80.285 Y86.862 E2.01066
G1 X80.346 Y86.846 E2.01331
G1 X80.119 Y87.641 F7200
;WIDTH:0.38292
G1 F2400
G1 X80.048 Y87.622 E2.01539
G1 X80.067 Y87.693 E2.01747
G1 X80.108 Y87.682 E2.01867
;WIDTH:0.41646
G1 X80.18 Y87.589 E2.02232
;WIDTH:0.449999
G1 X80.252 Y87.496 E2.0263
G1 X80.996 Y86.752 E2.06191
G1 X81.089 Y86.68 E2.06589
;WIDTH:0.41646
G1 X81.182 Y86.608 E2.06954
;WIDTH:0.38292
G1 X81.141 Y86.619 E2.07074
G1 X81.122 Y86.548 E2.07282
G1 X81.193 Y86.567 E2.0749
;WIDTH:0.449999
G1 X81.572 Y86.752 E2.08918
G1 X80.252 Y88.072 E2.15237
G1 X80.252 Y88.647 E2.17183
G1 X82.147 Y86.752 E2.26254
G1 X82.723 Y86.752 E2.28204
G1 X80.252 Y89.223 E2.40033
G1 X80.252 Y89.799 E2.41983
G1 X83.299 Y86.752 E2.56569
G1 X83.874 Y86.752 E2.58515
G1 X80.252 Y90.374 E2.75853
G1 X80.252 Y90.95 E2.77803
G1 X84.45 Y86.752 E2.97899
G1 X85.026 Y86.752 E2.99849
G1 X80.252 Y91.526 E3.22702
G1 X80.252 Y92.101 E3.24648
G1 X85.601 Y86.752 E3.50253
G1 X86.177 Y86.752 E3.52203
G1 X80.252 Y92.677 E3.80566
G1 X80.252 Y93.253 E3.82516
G1 X86.753 Y86.752 E4.13636
G1 X87.329 Y86.752 E4.15586
G1 X80.252 Y93.829 E4.49463
G1 X80.252 Y94.404 E4.51409
G1 X87.904 Y86.752 E4.88039
G1 X88.48 Y86.752 E4.89989
G1 X80.252 Y94.98 E5.29376
G1 X80.252 Y95.556 E5.31326
G1 X89.056 Y86.752 E5.7347
G1 X89.631 Y86.752 E5.75416
G1 X80.252 Y96.131 E6.20313
G1 X80.252 Y96.707 E6.22263
G1 X90.207 Y86.752 E6.69917
G1 X90.783 Y86.752 E6.71867
G1 X80.252 Y97.283 E7.22278
G1 X80.252 Y97.858 E7.24224
G1 X91.358 Y86.752 E7.77388
G1 X91.934 Y86.752 E7.79338
G1 X80.252 Y98.434 E8.35259
G1 X80.252 Y99.01 E8.37209
G1 X92.51 Y86.752 E8.95887
G1 X93.085 Y86.752 E8.97833
G1 X80.252 Y99.585 E9.59264
G1 X80.252 Y100.161 E9.61214
G1 X93.661 Y86.752 E10.25402
G1 X94.237 Y86.752 E10.27352
G1 X80.252 Y100.737 E10.94297
G1 X80.252 Y101.313 E10.96247
G1 X94.813 Y86.752 E11.6595
G1 X95.388 Y86.752 E11.67896
G1 X80.252 Y101.888 E12.40351
G1 X80.252 Y102.464 E12.42301
G1 X95.964 Y86.752 E13.17513
G1 X96.54 Y86.752 E13.19463
G1 X80.252 Y103.04 E13.97433
G1 X80.252 Y103.615 E13.99379
G1 X97.115 Y86.752 E14.80101
G1 X97.691 Y86.752 E14.82051
G1 X80.252 Y104.191 E15.6553
G1 X80.252 Y104.767 E15.6748
G1 X98.267 Y86.752 E16.53717
G1 X98.842 Y86.752 E16.55663
G1 X80.252 Y105.342 E17.44652
G1 X80.252 Y105.918 E17.46602
G1 X99.418 Y86.752 E18.38348
G1 X99.994 Y86.752 E18.40298
G1 X80.252 Y106.494 E19.34802
G1 X80.252 Y107.07 E19.36752
G1 X100.57 Y86.752 E20.34013
G1 X101.145 Y86.752 E20.35959
G1 X80.252 Y107.645 E21.35972
G1 X80.252 Y108.221 E21.37922
G1 X101.721 Y86.752 E22.40693
G1 X102.297 Y86.752 E22.42643
G1 X80.252 Y108.797 E23.48171
G1 X80.252 Y109.372 E23.50117
G1 X102.872 Y86.752 E24.58398
G1 X103.448 Y86.752 E24.60348
G1 X80.252 Y109.948 E25.71386
G1 X80.252 Y110.524 E25.73336
G1 X104.024 Y86.752 E26.87131
G1 X104.599 Y86.752 E26.89077
G1 X80.252 Y111.099 E28.05625
G1 X80.252 Y111.675 E28.07575
G1 X105.175 Y86.752 E29.2688
G1 X105.751 Y86.752 E29.2883
G1 X80.252 Y112.251 E30.50892
G1 X80.252 Y112.827 E30.52842
G1 X106.327 Y86.752 E31.77661
G1 X106.902 Y86.752 E31.79607
G1 X80.405 Y113.248 E33.06444
G1 X80.296 Y113.296 E33.06847
;WIDTH:0.41646
G1 X80.186 Y113.344 E33.0722
;WIDTH:0.38292
G1 X80.115 Y113.325 E33.07428
G1 X80.134 Y113.396 E33.07636
G1 X80.175 Y113.385 E33.07756
G1 X80.981 Y113.248 F7200
;WIDTH:0.449999
G1 F2400
G1 X107.478 Y86.752 E34.34593
G1 X108.054 Y86.752 E34.36543
G1 X81.557 Y113.248 E35.6338
G1 X82.132 Y113.248 E35.65326
G1 X108.629 Y86.752 E36.92163
G1 X109.205 Y86.752 E36.94113
G1 X82.708 Y113.248 E38.2095
G1 X83.284 Y113.248 E38.229
G1 X109.781 Y86.752 E39.49737
G1 X110.356 Y86.752 E39.51683
G1 X83.859 Y113.248 E40.7852
G1 X84.435 Y113.248 E40.8047
G1 X110.932 Y86.752 E42.07307
G1 X111.508 Y86.752 E42.09257
G1 X85.011 Y113.248 E43.36094
G1 X85.587 Y113.248 E43.38044
G1 X112.083 Y86.752 E44.64879
G1 X112.263 Y86.715 E44.65501
;WIDTH:0.41646
G1 X112.442 Y86.679 E44.66068
;WIDTH:0.38292
G1 X112.401 Y86.69 E44.66188
G1 X112.382 Y86.619 E44.66396
G1 X112.453 Y86.638 E44.66604
G1 X111.932 Y87.386 F7200
G1 F2400
G1 X111.945 Y87.545 E44.67055
G1 X111.882 Y87.74 E44.67634
;WIDTH:0.41646
G1 X111.809 Y87.707 E44.67883
;WIDTH:0.449999
G1 X111.737 Y87.674 E44.68151
G1 X86.162 Y113.248 E45.90575
G1 X86.738 Y113.248 E45.92525
G1 X111.55 Y88.436 E47.11298
G1 X111.512 Y89.05 E47.1338
G1 X87.314 Y113.248 E48.29214
G1 X87.889 Y113.248 E48.3116
G1 X111.549 Y89.589 E49.44417
G1 X111.655 Y90.059 E49.46048
G1 X88.465 Y113.248 E50.57055
G1 X89.041 Y113.248 E50.59005
G1 X111.796 Y90.493 E51.67932
G1 X111.982 Y90.882 E51.69391
G1 X89.616 Y113.248 E52.76456
G1 X90.192 Y113.248 E52.78406
G1 X112.201 Y91.24 E53.83759
G1 X112.448 Y91.568 E53.85149
G1 X90.768 Y113.248 E54.8893
G1 X91.344 Y113.248 E54.9088
G1 X112.721 Y91.871 E55.9321
G1 X113.036 Y92.132 E55.94595
G1 X91.919 Y113.248 E56.95678
G1 X92.495 Y113.248 E56.97628
G1 X113.378 Y92.365 E57.97594
G1 X113.735 Y92.584 E57.99012
G1 X93.071 Y113.248 E58.97929
G1 X93.646 Y113.248 E58.99875
G1 X114.144 Y92.751 E59.97995
G1 X114.587 Y92.883 E59.9956
G1 X94.222 Y113.248 E60.97046
G1 X94.798 Y113.248 E60.98996
G1 X115.071 Y92.975 E61.96042
G1 X115.832 Y92.782 E61.98699
;WIDTH:0.38292
G1 X115.761 Y92.763 E61.98907
G1 X115.78 Y92.834 E61.99115
G1 X115.821 Y92.823 E61.99235
;WIDTH:0.41646
G1 X115.735 Y92.898 E61.99589
;WIDTH:0.449999
G1 X95.373 Y113.248 E62.97032
G1 X95.949 Y113.248 E62.98982
G1 X116.277 Y92.921 E63.96288
G1 E61.96288
G92 E0
G1 X118.461 Y91.49 F7200
G1 E2 F2400
;WIDTH:0.38292
G1 X117.826 Y92.108 E2.02505
G1 X117.412 Y92.434 E2.03995
;WIDTH:0.41646
G1 X117.268 Y92.541 E2.04552
;WIDTH:0.449999
G1 X117.125 Y92.649 E2.05159
G1 X96.525 Y113.248 E3.03768
G1 X96.974 Y113.452 E3.05437
;WIDTH:0.38292
G1 X96.933 Y113.463 E3.05557
G1 X96.914 Y113.392 E3.05765
G1 X96.985 Y113.411 E3.05973
;WIDTH:0.41646
G1 X97.043 Y113.33 E3.06282
;WIDTH:0.449999
G1 X97.101 Y113.248 E3.06622
G1 X119.49 Y90.859 E4.13797
G1 X119.748 Y91.176 E4.1518
G1 X113.157 Y97.767 E4.46731
G1 X112.87 Y98.031 E4.48051
;WIDTH:0.41586
G1 X112.552 Y98.343 E4.49432
;WIDTH:0.449999
G1 X112.294 Y98.631 E4.50741
G1 X97.676 Y113.248 E5.20714
G1 X97.553 Y113.303 E5.2117
;WIDTH:0.41646
G1 X97.429 Y113.357 E5.2159
;WIDTH:0.38292
G1 X97.358 Y113.338 E5.21798
G1 X97.377 Y113.409 E5.22006
G1 X97.418 Y113.398 E5.22126
G1 X98.252 Y113.248 F7200
;WIDTH:0.449999
G1 F2400
G1 X111.693 Y99.808 E5.86465
G1 X111.871 Y99.52 E5.87611
;WIDTH:0.38292
G1 X111.89 Y99.676 E5.88055
G1 X111.759 Y100.243 E5.897
;WIDTH:0.41646
G1 X111.643 Y100.396 E5.90296
;WIDTH:0.449999
G1 X111.528 Y100.548 E5.90941
G1 X98.828 Y113.248 E6.51735
G1 X99.403 Y113.248 E6.53681
G1 X111.524 Y101.127 E7.11703
G1 X111.571 Y101.657 E7.13504
G1 X99.979 Y113.248 E7.68992
G1 X100.555 Y113.248 E7.70942
G1 X111.68 Y102.123 E8.24197
G1 X111.821 Y102.558 E8.25745
G1 X101.13 Y113.248 E8.7692
G1 X101.706 Y113.248 E8.7887
G1 X112.013 Y102.942 E9.28207
G1 X112.245 Y103.285 E9.29609
G1 X102.282 Y113.248 E9.77301
G1 X102.857 Y113.248 E9.79247
G1 X112.487 Y103.619 E10.25343
G1 X112.777 Y103.904 E10.26719
G1 X103.433 Y113.248 E10.71448
G1 X104.009 Y113.248 E10.73398
G1 X113.094 Y104.164 E11.16885
G1 X113.419 Y104.414 E11.18273
G1 X104.585 Y113.248 E11.60561
G1 X105.16 Y113.248 E11.62507
G1 X113.806 Y104.602 E12.03895
G1 X114.207 Y104.778 E12.05377
G1 X105.736 Y113.248 E12.45925
G1 X106.312 Y113.248 E12.47875
G1 X114.661 Y104.899 E12.87841
G1 X115.156 Y104.979 E12.89538
G1 X106.887 Y113.248 E13.29121
G1 X107.463 Y113.248 E13.31071
G1 X115.722 Y104.99 E13.70604
G1 X116.437 Y104.713 E13.73199
;WIDTH:0.38292
G1 X116.593 Y104.694 E13.73643
G1 X116.679 Y104.715 E13.73893
;WIDTH:0.41646
G1 X116.536 Y104.804 E13.74416
;WIDTH:0.449999
G1 X116.394 Y104.893 E13.74983
G1 X108.039 Y113.248 E14.14978
G1 E12.14978
G92 E0
G1 X114.298 Y97.365 F7200
G1 E2 F2400
;WIDTH:0.38292
G1 X114.167 Y97.404 E2.00386
G1 X114.012 Y97.387 E2.00827
;WIDTH:0.41646
G1 X114.155 Y97.295 E2.01355
;WIDTH:0.449999
G1 X114.298 Y97.202 E2.01932
G1 X119.748 Y91.752 E2.28021
G1 X119.748 Y92.328 E2.29971
G1 X115.042 Y97.034 E2.52498
G1 X115.631 Y97.02 E2.54492
G1 X119.748 Y92.903 E2.742
G1 X119.748 Y93.479 E2.7615
G1 X116.164 Y97.063 E2.93306
G1 X116.634 Y97.169 E2.94937
G1 X119.748 Y94.055 E3.09844
G1 X119.748 Y94.63 E3.1179
G1 X117.049 Y97.33 E3.24712
G1 X117.442 Y97.512 E3.26178
G1 X119.748 Y95.206 E3.37217
G1 X119.756 Y99.991 E3.53414
;WIDTH:0.435573
G1 X119.771 Y100.421 E3.54819
;WIDTH:0.404507
G1 X119.787 Y100.85 E3.5611
;WIDTH:0.400127
G1 X119.773 Y101.693 E3.58614
;WIDTH:0.430769
G1 X119.758 Y102.09 E3.59895
;WIDTH:0.461411
G1 X119.743 Y102.486 E3.61274
G1 X119.545 Y102.386 E3.62046
G1 X119.44 Y102.421 E3.62431
G1 X119.076 Y102.779 E3.64208
G1 X119.154 Y102.628 E3.64799
G1 X119.331 Y102.125 E3.66655
G1 X119.378 Y101.869 E3.67561
;WIDTH:0.428081
G1 X119.425 Y101.614 E3.68391
;WIDTH:0.394751
G1 X119.456 Y100.807 E3.70754
;WIDTH:0.40699
G1 X119.406 Y100.394 E3.72013
;WIDTH:0.43886
G1 X119.356 Y99.981 E3.73383
;WIDTH:0.449999
G1 X119.037 Y99.136 E3.7644
G1 X118.679 Y98.581 E3.78676
G1 X118.096 Y97.964 E3.81549
G1 X117.789 Y97.741 E3.82833
G1 X119.605 Y95.926 E3.91524
G1 X119.341 Y96.765 F7200
G1 F2400
G1 X119.341 Y98.856 E3.98602
G1 X118.975 Y98.302 E4.00849
G1 X118.406 Y97.7 E4.03653
G1 X119.197 Y96.908 E4.07442
G1 E2.07442
G92 E0
G1 X118.847 Y103.087 F7200
G1 E2 F2400
;WIDTH:0.38292
G1 X118.571 Y103.412 E2.01205
G1 X118.106 Y103.893 E2.03096
G1 X117.587 Y104.342 E2.05036
;WIDTH:0.41646
G1 X117.443 Y104.453 E2.05601
;WIDTH:0.449999
G1 X117.299 Y104.564 E2.06216
G1 X108.614 Y113.248 E2.47788
G1 X109.19 Y113.248 E2.49738
G1 X119.556 Y102.883 E2.99357
G1 X119.748 Y103.266 E3.00807
G1 X109.766 Y113.248 E3.4859
G1 X110.342 Y113.248 E3.5054
G1 X119.748 Y103.842 E3.95566
G1 X119.748 Y104.417 E3.97512
G1 X110.917 Y113.248 E4.39785
G1 X111.493 Y113.248 E4.41735
G1 X119.748 Y104.993 E4.81251
G1 X119.748 Y105.569 E4.83201
G1 X112.069 Y113.248 E5.1996
G1 X112.644 Y113.248 E5.21906
G1 X119.748 Y106.144 E5.55912
G1 X119.748 Y106.72 E5.57862
G1 X113.22 Y113.248 E5.89111
G1 X113.796 Y113.248 E5.91061
G1 X119.748 Y107.296 E6.19553
G1 X119.748 Y107.871 E6.21499
G1 X114.371 Y113.248 E6.47238
G1 X114.947 Y113.248 E6.49188
G1 X119.748 Y108.447 E6.7217
G1 X119.748 Y109.023 E6.7412
G1 X115.523 Y113.248 E6.94345
G1 X116.098 Y113.248 E6.96291
G1 X119.748 Y109.598 E7.13763
G1 X119.748 Y110.174 E7.15713
G1 X116.674 Y113.248 E7.30428
G1 X117.25 Y113.248 E7.32378
G1 X119.748 Y110.75 E7.44336
G1 X119.748 Y111.326 E7.46286
G1 X117.826 Y113.248 E7.55486
G1 X117.768 Y113.33 E7.55826
;WIDTH:0.41646
G1 X117.71 Y113.411 E7.56135
;WIDTH:0.38292
G1 X117.639 Y113.392 E7.56343
G1 X117.658 Y113.463 E7.56551
G1 X117.699 Y113.452 E7.56671
G1 E5.56671
G92 E0
G1 X119.605 Y112.045 F7200
G1 E2 F2400
;WIDTH:0.449999
G1 X118.401 Y113.248 E2.05761
G1 X119.748 Y113.248 E2.1032
G1 X119.748 Y111.901 E2.14879
;LAYER_CHANGE
;Z:0.6
;HEIGHT:0.2
G1 E.14879 F2400
G92 E0
G1 Z.6 F7200
G1 X116.845 Y97.573
G1 E2 F2400
;TYPE:Perimeter
G1 F1200
G1 X117.272 Y97.76 E2.01578
G1 X117.893 Y98.19 E2.04135
G1 X118.457 Y98.791 E2.06925
G1 X118.78 Y99.302 E2.08971
G1 X118.997 Y99.81 E2.10841
G1 X119.165 Y100.565 E2.13459
G1 X119.19 Y101.169 E2.15505
G1 X119.071 Y101.934 E2.18126
G1 X118.763 Y102.723 E2.20993
G1 X118.31 Y103.393 E2.23731
G1 X117.709 Y103.957 E2.26521
G1 X117.198 Y104.28 E2.28567
G1 X116.476 Y104.559 E2.31187
G1 X115.882 Y104.674 E2.33235
G1 X115.331 Y104.69 E2.35101
G1 X114.566 Y104.571 E2.37722
G1 X114.256 Y104.474 E2.38821
G1 X113.777 Y104.263 E2.40593
G1 X113.107 Y103.81 E2.43331
G1 X112.68 Y103.385 E2.4537
G1 X112.356 Y102.939 E2.47236
G1 X112.024 Y102.239 E2.49858
G1 X111.865 Y101.656 E2.51903
G1 X111.811 Y100.884 E2.54523
G1 X111.835 Y100.566 E2.55602
G1 X111.929 Y100.066 E2.57324
G1 X112.026 Y99.756 E2.58423
G1 X112.237 Y99.277 E2.60195
G1 X112.396 Y99.003 E2.61267
G1 X112.725 Y98.561 E2.63132
G1 X113.291 Y98.043 E2.65729
G1 X113.802 Y97.72 E2.67775
G1 X114.31 Y97.503 E2.69645
G1 X115.085 Y97.333 E2.72331
G1 X115.438 Y97.312 E2.73528
G1 X116.037 Y97.343 E2.75558
G1 X116.698 Y97.509 E2.77865
G1 X116.79 Y97.549 E2.78205
G1 X116.697 Y97.949 F7200
G1 F1200
G1 X117.094 Y98.126 E2.79676
G1 X117.651 Y98.517 E2.8198
G1 X118.148 Y99.056 E2.84462
G1 X118.428 Y99.506 E2.86256
G1 X118.67 Y100.141 E2.88556
G1 X118.765 Y100.641 E2.90279
G1 X118.783 Y101.169 E2.92067
G1 X118.671 Y101.858 E2.9443
G1 X118.391 Y102.559 E2.96985
G1 X117.983 Y103.151 E2.99419
G1 X117.444 Y103.648 E3.01901
G1 X116.995 Y103.928 E3.03692
G1 X116.342 Y104.175 E3.06055
G1 X115.821 Y104.272 E3.07849
G1 X115.142 Y104.265 E3.10147
G1 X114.642 Y104.171 E3.11869
G1 X113.941 Y103.891 E3.14424
G1 X113.349 Y103.483 E3.16858
G1 X112.978 Y103.108 E3.18644
G1 X112.641 Y102.626 E3.20635
G1 X112.397 Y102.077 E3.22669
G1 X112.262 Y101.565 E3.24461
G1 X112.218 Y100.869 E3.26822
G1 X112.329 Y100.142 E3.29311
G1 X112.609 Y99.441 E3.31866
G1 X113.017 Y98.849 E3.343
G1 X113.556 Y98.352 E3.36782
G1 X114.006 Y98.072 E3.38576
G1 X114.526 Y97.858 E3.40479
G1 X115.159 Y97.734 E3.42662
G1 X115.878 Y97.737 E3.45096
G1 X116.593 Y97.902 E3.4758
G1 X116.643 Y97.925 E3.47766
G1 X116.55 Y98.326 F7200
G1 F1200
G1 X117.012 Y98.55 E3.49504
G1 X117.507 Y98.936 E3.51629
G1 X117.84 Y99.322 E3.53355
G1 X118.115 Y99.791 E3.55195
G1 X118.27 Y100.216 E3.56726
G1 X118.365 Y100.717 E3.58452
G1 X118.367 Y101.275 E3.60341
G1 X118.271 Y101.783 E3.62091
G1 X118.018 Y102.394 E3.64329
G1 X117.656 Y102.908 E3.66457
G1 X117.178 Y103.34 E3.68638
G1 X116.688 Y103.623 E3.70553
G1 X116.207 Y103.791 E3.72278
G1 X115.67 Y103.876 E3.74118
G1 X115.217 Y103.865 E3.75652
G1 X114.717 Y103.771 E3.77374
G1 X114.106 Y103.518 E3.79612
G1 X113.592 Y103.156 E3.8174
G1 X113.22 Y102.76 E3.83579
G1 X112.973 Y102.38 E3.85113
G1 X112.77 Y101.914 E3.86834
G1 X112.646 Y101.398 E3.8863
G1 X112.625 Y100.854 E3.90473
G1 X112.729 Y100.217 E3.92658
G1 X112.982 Y99.606 E3.94896
G1 X113.344 Y99.092 E3.97024
G1 X113.822 Y98.66 E3.99205
G1 X114.251 Y98.403 E4.00898
G1 X114.751 Y98.223 E4.02697
G1 X115.277 Y98.127 E4.04507
G1 X115.862 Y98.144 E4.06488
G1 X116.488 Y98.296 E4.08669
G1 X116.496 Y98.3 E4.08699
G1 X116.403 Y98.699 F7200
;TYPE:External perimeter
G1 F1200
G1 X116.769 Y98.877 E4.10077
G1 X117.199 Y99.202 E4.11901
G1 X117.531 Y99.588 E4.13624
G1 X117.736 Y99.94 E4.15003
G1 X117.87 Y100.292 E4.16278
G1 X117.965 Y100.792 E4.18001
G1 X117.965 Y101.207 E4.19406
G1 X117.871 Y101.707 E4.21128
G1 X117.646 Y102.23 E4.23055
G1 X117.329 Y102.666 E4.2488
G1 X116.912 Y103.031 E4.26756
G1 X116.553 Y103.238 E4.28159
G1 X116.073 Y103.407 E4.29882
G1 X115.622 Y103.469 E4.31423
G1 X115.293 Y103.465 E4.32537
G1 X114.793 Y103.371 E4.34259
G1 X114.27 Y103.146 E4.36186
G1 X113.834 Y102.829 E4.38011
G1 X113.556 Y102.531 E4.3939
G1 X113.346 Y102.218 E4.40666
G1 X113.143 Y101.751 E4.4239
G1 X113.051 Y101.347 E4.43792
G1 X113.031 Y100.838 E4.45516
G1 X113.129 Y100.293 E4.4739
G1 X113.354 Y99.77 E4.49317
G1 X113.671 Y99.334 E4.51142
G1 X114.088 Y98.969 E4.53018
G1 X114.44 Y98.764 E4.54397
G1 X114.825 Y98.623 E4.55785
G1 X115.322 Y98.532 E4.57495
G1 X115.846 Y98.55 E4.5927
G1 X116.347 Y98.68 E4.61022
G1 X116.709 Y98.849 F7200
G1 E2.61022 F2400
G92 E0
G1 X112.72 Y88.365 F7200
G1 E2 F2400
;TYPE:Perimeter
G1 F1200
G1 X112.785 Y88.049 E2.01092
G1 X113.042 Y87.502 E2.03138
G1 X113.344 Y87.092 E2.04862
G1 X113.822 Y86.66 E2.07043
G1 X114.551 Y86.285 E2.09818
;WIDTH:0.497303
G1 X115.227 Y86.111 E2.12455
;WIDTH:0.502333
G1 X115.863 Y86.117 E2.14885
;WIDTH:0.517013
G1 X116.005 Y86.132 E2.15448
G1 X116.246 Y86.214 E2.16452
;WIDTH:0.483506
G1 X116.488 Y86.296 E2.17388
;WIDTH:0.449999
G1 X117.065 Y86.583 E2.19569
G1 X117.495 Y86.922 E2.21422
G1 X117.802 Y87.272 E2.22998
G1 X118.094 Y87.743 E2.24874
G1 X118.275 Y88.232 E2.26639
G1 X118.376 Y88.83 E2.28692
G1 X118.369 Y89.261 E2.30151
G1 X118.291 Y89.707 E2.31684
G1 X118.123 Y90.187 E2.33405
G1 X117.782 Y90.754 E2.35645
G1 X117.348 Y91.208 E2.37771
G1 X116.811 Y91.564 E2.39952
G1 X116.34 Y91.756 E2.41674
G1 X115.782 Y91.865 E2.43598
G1 X115.138 Y91.856 E2.45778
G1 X114.512 Y91.704 E2.47959
G1 X113.935 Y91.417 E2.5014
G1 X113.525 Y91.098 E2.51898
G1 X113.22 Y90.76 E2.53439
G1 X112.973 Y90.38 E2.54973
G1 X112.77 Y89.914 E2.56694
G1 X112.635 Y89.283 E2.58878
G1 X112.624 Y88.831 E2.60408
G1 X112.708 Y88.424 E2.61815
G1 X113.113 Y88.455 F7200
;TYPE:External perimeter
G1 F1200
G1 X113.182 Y88.139 E2.6291
G1 X113.369 Y87.743 E2.64392
G1 X113.671 Y87.334 E2.66113
G1 X114.088 Y86.969 E2.67989
G1 X114.728 Y86.651 E2.70408
G1 X115.307 Y86.534 E2.72407
G1 X115.846 Y86.55 E2.74232
G1 X116.383 Y86.689 E2.7611
G1 X116.875 Y86.943 E2.77984
G1 X117.195 Y87.197 E2.79367
G1 X117.457 Y87.487 E2.8069
G1 X117.729 Y87.924 E2.82432
G1 X117.874 Y88.307 E2.83818
G1 X117.969 Y88.83 E2.85617
G1 X117.966 Y89.2 E2.86869
G1 X117.907 Y89.572 E2.88144
G1 X117.739 Y90.052 E2.89865
G1 X117.438 Y90.536 E2.91794
G1 X117.06 Y90.92 E2.93618
G1 X116.594 Y91.219 E2.95492
G1 X116.166 Y91.379 E2.97039
G1 X115.662 Y91.469 E2.98772
G1 X115.153 Y91.449 E3.00496
G1 X114.617 Y91.311 E3.02369
G1 X114.125 Y91.057 E3.04243
G1 X113.806 Y90.804 E3.05621
G1 X113.556 Y90.531 E3.06874
G1 X113.346 Y90.218 E3.0815
G1 X113.143 Y89.751 E3.09874
G1 X113.035 Y89.208 E3.11748
G1 X113.031 Y88.831 E3.13024
G1 X113.1 Y88.514 E3.14122
G1 X113.2 Y88.126 F7200
G1 E1.14122 F2400
G92 E0
G1 X120.054 Y113.554 F7200
G1 E2 F2400
;TYPE:Perimeter
G1 F2700
G1 X79.946 Y113.554 E3.35761
G1 X79.946 Y86.446 E4.27518
G1 X112.839 Y86.446 E5.38857
G1 X112.689 Y86.609 E5.39607
G1 X112.246 Y87.252 E5.4225
G1 X111.991 Y87.87 E5.44513
G1 X111.81 Y88.831 E5.47823
G1 X111.835 Y89.435 E5.49869
G1 X111.93 Y89.935 E5.51592
G1 X112.024 Y90.24 E5.52672
G1 X112.227 Y90.706 E5.54393
G1 X112.547 Y91.22 E5.56442
G1 X112.911 Y91.634 E5.58308
G1 X113.332 Y91.991 E5.60176
G1 X113.699 Y92.213 E5.61628
G1 X114.301 Y92.491 E5.63872
G1 X115.072 Y92.668 E5.6655
G1 X115.572 Y92.687 E5.68244
G1 X115.932 Y92.666 E5.69465
G1 X116.67 Y92.503 E5.72023
G1 X117.244 Y92.253 E5.74142
G1 X117.922 Y91.785 E5.76931
G1 X118.47 Y91.19 E5.79669
G1 X118.892 Y90.456 E5.82535
G1 X119.06 Y89.975 E5.8426
G1 X119.174 Y89.382 E5.86304
G1 X119.19 Y88.83 E5.88173
G1 X119.075 Y88.083 E5.90731
G1 X118.824 Y87.383 E5.93248
G1 X118.493 Y86.84 E5.95401
G1 X118.163 Y86.446 E5.97141
G1 X120.054 Y86.446 E6.03542
G1 X120.054 Y113.494 E6.95096
G1 X120.461 Y113.961 F7200
G1 F2700
G1 X79.539 Y113.961 E8.33612
G1 X79.539 Y86.039 E9.28125
G1 X114.124 Y86.039 E10.45191
G1 X113.557 Y86.352 E10.47383
G1 X113.016 Y86.851 E10.49874
G1 X112.614 Y87.427 E10.52252
G1 X112.388 Y87.96 E10.54212
G1 X112.217 Y88.831 E10.57217
G1 X112.235 Y89.359 E10.59005
G1 X112.397 Y90.077 E10.61496
G1 X112.666 Y90.669 E10.63697
G1 X112.978 Y91.108 E10.6552
G1 X113.429 Y91.547 E10.6765
G1 X113.889 Y91.853 E10.6952
G1 X114.407 Y92.097 E10.71458
G1 X115.123 Y92.263 E10.73946
G1 X115.857 Y92.266 E10.76431
G1 X116.523 Y92.123 E10.78737
G1 X117.027 Y91.908 E10.80592
G1 X117.635 Y91.497 E10.83076
G1 X118.126 Y90.972 E10.85509
G1 X118.507 Y90.321 E10.88062
G1 X118.675 Y89.841 E10.89783
G1 X118.772 Y89.321 E10.91573
G1 X118.783 Y88.83 E10.93235
G1 X118.675 Y88.157 E10.95542
G1 X118.459 Y87.563 E10.97681
G1 X118.147 Y87.056 E10.99696
G1 X117.794 Y86.646 E11.01527
G1 X117.414 Y86.328 E11.03204
G1 X116.906 Y86.039 E11.05182
G1 X120.461 Y86.039 E11.17215
G1 X120.461 Y113.901 E12.11524
G1 X120.868 Y114.368 F7200
G1 F2700
G1 X79.132 Y114.368 E13.52795
G1 X79.132 Y85.632 E14.50063
G1 X114.647 Y85.632 E15.70277
;WIDTH:0.49257
G1 X115.379 Y85.653 E15.73015
;WIDTH:0.517013
G1 X116.066 Y85.666 E15.75724
G1 X116.321 Y85.649 E15.76731
;WIDTH:0.483506
G1 X116.575 Y85.632 E15.77664
;WIDTH:0.449999
G1 X120.868 Y85.632 E15.92195
G1 X120.868 Y114.308 E16.8926
G1 X121.275 Y114.775 F7200
;TYPE:External perimeter
G1 F1800
G1 X78.725 Y114.775 E18.33286
G1 X78.725 Y85.225 E19.33309
G1 X121.275 Y85.225 E20.77335
G1 X121.275 Y114.715 E21.77155
G1 X120.879 Y114.774 F7200
G1 E19.77155 F2400
G92 E0
G1 X80.285 Y113.138 F7200
G1 E2 F2400
;TYPE:Solid infill
;WIDTH:0.548766
G1 X80.24 Y113.183 E2.00268
G1 X80.256 Y113.244 E2.00533
G1 X80.317 Y113.26 E2.00798
G1 X80.362 Y113.215 E2.01066
G1 X80.346 Y113.154 E2.01331
G1 X81.141 Y113.381 F7200
;WIDTH:0.38292
G1 F2400
G1 X81.122 Y113.452 E2.01539
G1 X81.193 Y113.433 E2.01747
G1 X81.182 Y113.392 E2.01867
;WIDTH:0.41646
G1 X81.089 Y113.32 E2.02232
;WIDTH:0.449999
G1 X80.996 Y113.248 E2.0263
G1 X80.252 Y112.504 E2.06191
G1 X80.18 Y112.411 E2.06589
;WIDTH:0.41646
G1 X80.108 Y112.318 E2.06954
;WIDTH:0.38292
G1 X80.119 Y112.359 E2.07074
G1 X80.048 Y112.378 E2.07282
G1 X80.067 Y112.307 E2.0749
;WIDTH:0.449999
G1 X80.252 Y111.928 E2.08918
G1 X81.572 Y113.248 E2.15237
G1 X82.147 Y113.248 E2.17183
G1 X80.252 Y111.353 E2.26254
G1 X80.252 Y110.777 E2.28204
G1 X82.723 Y113.248 E2.40033
G1 X83.299 Y113.248 E2.41983
G1 X80.252 Y110.201 E2.56569
G1 X80.252 Y109.626 E2.58515
G1 X83.874 Y113.248 E2.75853
G1 X84.45 Y113.248 E2.77803
G1 X80.252 Y109.05 E2.97899
G1 X80.252 Y108.474 E2.99849
G1 X85.026 Y113.248 E3.22702
G1 X85.601 Y113.248 E3.24648
G1 X80.252 Y107.899 E3.50253
G1 X80.252 Y107.323 E3.52203
G1 X86.177 Y113.248 E3.80566
G1 X86.753 Y113.248 E3.82516
G1 X80.252 Y106.747 E4.13636
G1 X80.252 Y106.171 E4.15586
G1 X87.329 Y113.248 E4.49463
G1 X87.904 Y113.248 E4.51409
G1 X80.252 Y105.596 E4.88039
G1 X80.252 Y105.02 E4.89989
G1 X88.48 Y113.248 E5.29376
G1 X89.056 Y113.248 E5.31326
G1 X80.252 Y104.444 E5.7347
G1 X80.252 Y103.869 E5.75416
G1 X89.631 Y113.248 E6.20313
G1 X90.207 Y113.248 E6.22263
G1 X80.252 Y103.293 E6.69917
G1 X80.252 Y102.717 E6.71867
G1 X90.783 Y113.248 E7.22278
G1 X91.358 Y113.248 E7.24224
G1 X80.252 Y102.142 E7.77388
G1 X80.252 Y101.566 E7.79338
G1 X91.934 Y113.248 E8.35259
G1 X92.51 Y113.248 E8.37209
G1 X80.252 Y100.99 E8.95887
G1 X80.252 Y100.415 E8.97833
G1 X93.085 Y113.248 E9.59264
G1 X93.661 Y113.248 E9.61214
G1 X80.252 Y99.839 E10.25402
G1 X80.252 Y99.263 E10.27352
G1 X94.237 Y113.248 E10.94297
G1 X94.813 Y113.248 E10.96247
G1 X80.252 Y98.687 E11.6595
G1 X80.252 Y98.112 E11.67896
G1 X95.388 Y113.248 E12.40351
G1 X95.964 Y113.248 E12.42301
G1 X80.252 Y97.536 E13.17513
G1 X80.252 Y96.96 E13.19463
G1 X96.54 Y113.248 E13.97433
G1 X97.115 Y113.248 E13.99379
G1 X80.252 Y96.385 E14.80101
G1 X80.252 Y95.809 E14.82051
G1 X97.691 Y113.248 E15.6553
G1 X98.267 Y113.248 E15.6748
G1 X80.252 Y95.233 E16.53717
G1 X80.252 Y94.658 E16.55663
G1 X98.842 Y113.248 E17.44652
G1 X99.418 Y113.248 E17.46602
G1 X80.252 Y94.082 E18.38348
G1 X80.252 Y93.506 E18.40298
G1 X99.994 Y113.248 E19.34802
G1 X100.57 Y113.248 E19.36752
G1 X80.252 Y92.93 E20.34013
G1 X80.252 Y92.355 E20.35959
G1 X101.145 Y113.248 E21.35972
G1 X101.721 Y113.248 E21.37922
G1 X80.252 Y91.779 E22.40693
G1 X80.252 Y91.203 E22.42643
G1 X102.297 Y113.248 E23.48171
G1 X102.872 Y113.248 E23.50117
G1 X80.252 Y90.628 E24.58398
G1 X80.252 Y90.052 E24.60348
G1 X103.448 Y113.248 E25.71386
G1 X104.024 Y113.248 E25.73336
G1 X80.252 Y89.476 E26.87131
G1 X80.252 Y88.901 E26.89077
G1 X104.599 Y113.248 E28.05625
G1 X105.175 Y113.248 E28.07575
G1 X80.252 Y88.325 E29.2688
G1 X80.252 Y87.749 E29.2883
G1 X105.751 Y113.248 E30.50892
G1 X106.327 Y113.248 E30.52842
G1 X80.252 Y87.173 E31.77661
G1 X80.134 Y86.604 E31.79628
;WIDTH:0.38292
G1 X80.115 Y86.675 E31.79836
G1 X80.186 Y86.656 E31.80044
G1 X80.175 Y86.615 E31.80164
;WIDTH:0.41646
G1 X80.29 Y86.683 E31.80579
;WIDTH:0.449999
G1 X80.405 Y86.752 E31.81033
G1 X106.902 Y113.248 E33.0787
G1 X107.478 Y113.248 E33.0982
G1 X80.981 Y86.752 E34.36657
G1 X81.557 Y86.752 E34.38607
G1 X108.054 Y113.248 E35.65444
G1 X108.629 Y113.248 E35.6739
G1 X82.132 Y86.752 E36.94227
G1 X82.708 Y86.752 E36.96177
G1 X109.205 Y113.248 E38.23014
G1 X109.781 Y113.248 E38.24964
G1 X83.284 Y86.752 E39.51801
G1 X83.859 Y86.752 E39.53747
G1 X110.356 Y113.248 E40.80584
G1 X110.932 Y113.248 E40.82534
G1 X84.435 Y86.752 E42.09371
G1 X85.011 Y86.752 E42.11321
G1 X111.508 Y113.248 E43.38158
G1 X112.083 Y113.248 E43.40104
G1 X85.587 Y86.752 E44.66939
G1 X86.162 Y86.752 E44.68885
G1 X112.659 Y113.248 E45.95722
G1 X113.235 Y113.248 E45.97672
G1 X86.738 Y86.752 E47.24509
G1 X87.314 Y86.752 E47.26459
G1 X113.811 Y113.248 E48.53296
G1 X114.386 Y113.248 E48.55242
G1 X87.889 Y86.752 E49.82079
G1 X88.465 Y86.752 E49.84029
G1 X114.962 Y113.248 E51.10866
G1 X115.538 Y113.248 E51.12816
G1 X89.041 Y86.752 E52.39653
G1 X89.616 Y86.752 E52.41599
G1 X116.113 Y113.248 E53.68436
G1 X116.689 Y113.248 E53.70386
G1 X90.192 Y86.752 E54.97223
G1 X90.768 Y86.752 E54.99173
G1 X117.265 Y113.248 E56.2601
G1 X117.84 Y113.248 E56.27956
G1 X91.344 Y86.752 E57.54791
G1 X91.919 Y86.752 E57.56737
G1 X118.416 Y113.248 E58.83574
G1 X118.992 Y113.248 E58.85524
G1 X92.495 Y86.752 E60.12361
G1 X93.071 Y86.752 E60.14311
G1 X119.568 Y113.248 E61.41148
G1 X119.702 Y113.277 E61.41612
;WIDTH:0.41646
G1 X119.836 Y113.306 E61.42038
;WIDTH:0.38292
G1 X119.817 Y113.377 E61.42246
G1 X119.888 Y113.358 E61.42454
G1 X119.877 Y113.317 E61.42574
;WIDTH:0.449999
G1 X119.748 Y112.854 E61.44201
G1 X93.646 Y86.752 E62.6915
G1 X94.222 Y86.752 E62.711
G1 X119.748 Y112.278 E63.93291
G1 X119.748 Y111.702 E63.95241
G1 X94.798 Y86.752 E65.14675
G1 X95.373 Y86.752 E65.16621
G1 X119.748 Y111.127 E66.33303
G1 X119.83 Y111.184 E66.33641
;WIDTH:0.41646
G1 X119.911 Y111.242 E66.3395
;WIDTH:0.38292
G1 X119.892 Y111.313 E66.34158
G1 X119.963 Y111.294 E66.34366
G1 X119.952 Y111.253 E66.34486
G1 E64.34486
G92 E0
G1 X113.5 Y104.391 F7200
G1 E2 F2400
G1 X112.774 Y103.752 E2.02734
G1 X112.113 Y102.991 E2.05584
;WIDTH:0.41646
G1 X112.007 Y102.847 E2.06139
;WIDTH:0.449999
G1 X111.9 Y102.703 E2.06746
G1 X95.949 Y86.752 E2.83102
G1 X96.525 Y86.752 E2.85052
G1 X111.602 Y101.828 E3.57222
G1 X111.675 Y101.952 E3.57709
;WIDTH:0.41646
G1 X111.748 Y102.075 E3.58153
;WIDTH:0.38292
G1 X111.729 Y102.146 E3.58361
G1 X111.8 Y102.127 E3.58569
G1 X111.789 Y102.086 E3.58689
G1 X111.521 Y101.172 F7200
;WIDTH:0.449999
G1 F2400
G1 X97.101 Y86.752 E4.27717
G1 X97.676 Y86.752 E4.29663
G1 X111.53 Y100.605 E4.95979
G1 X111.616 Y100.116 E4.9766
G1 X98.252 Y86.752 E5.61633
G1 X98.828 Y86.752 E5.63583
G1 X111.736 Y99.66 E6.25373
G1 X111.914 Y99.262 E6.26849
G1 X99.403 Y86.752 E6.86736
G1 X99.979 Y86.752 E6.88686
G1 X112.116 Y98.888 E7.46783
G1 X112.356 Y98.553 E7.48178
G1 X100.555 Y86.752 E8.04669
G1 X101.13 Y86.752 E8.06615
G1 X112.613 Y98.234 E8.61581
G1 X112.918 Y97.963 E8.62962
G1 X101.706 Y86.752 E9.16631
G1 X102.282 Y86.752 E9.18581
G1 X113.236 Y97.706 E9.71017
G1 X113.595 Y97.49 E9.72435
G1 X102.857 Y86.752 E10.23837
G1 X103.433 Y86.752 E10.25787
G1 X113.988 Y97.306 E10.76311
G1 X114.416 Y97.158 E10.77844
G1 X104.009 Y86.752 E11.27659
G1 X104.585 Y86.752 E11.29609
G1 X114.899 Y97.066 E11.78981
G1 X115.603 Y97.164 E11.81387
;WIDTH:0.38292
G1 X115.614 Y97.205 E11.81507
G1 X115.542 Y97.224 E11.81718
G1 X115.562 Y97.153 E11.81927
;WIDTH:0.41646
G1 X115.494 Y97.085 E11.82226
;WIDTH:0.449999
G1 X105.16 Y86.752 E12.31692
G1 X105.736 Y86.752 E12.33642
G1 X116.023 Y97.038 E12.82883
G1 X117.092 Y97.377 F7200
;WIDTH:0.38292
G1 F2400
G1 X117.103 Y97.418 E12.83003
G1 X117.032 Y97.437 E12.83211
G1 X117.051 Y97.366 E12.83419
;WIDTH:0.41646
G1 X116.913 Y97.29 E12.83908
;WIDTH:0.449999
G1 X116.774 Y97.214 E12.84444
G1 X106.312 Y86.752 E13.34525
G1 X106.887 Y86.752 E13.36471
G1 X118.141 Y98.006 E13.90343
G1 E11.90343
G92 E0
G1 X113.788 Y104.59 F7200
G1 E2 F2400
G1 X119.748 Y110.551 E2.28533
G1 X119.803 Y110.674 E2.28989
;WIDTH:0.41646
G1 X119.857 Y110.798 E2.29409
;WIDTH:0.38292
G1 X119.838 Y110.869 E2.29617
G1 X119.909 Y110.85 E2.29825
G1 X119.898 Y110.809 E2.29945
G1 X119.748 Y109.975 F7200
;WIDTH:0.449999
G1 F2400
G1 X114.669 Y104.895 E2.5426
G1 X114.54 Y104.803 E2.54796
;WIDTH:0.41646
G1 X114.411 Y104.71 E2.5529
;WIDTH:0.38292
G1 X114.422 Y104.751 E2.5541
G1 X114.351 Y104.77 E2.55618
G1 X114.37 Y104.699 E2.55826
G1 X115.344 Y104.995 F7200
;WIDTH:0.449999
G1 F2400
G1 X119.748 Y109.399 E2.76908
G1 X119.748 Y108.824 E2.78854
G1 X115.902 Y104.977 E2.97267
G1 X116.394 Y104.893 E2.98956
G1 X119.748 Y108.248 E3.15014
G1 X119.748 Y107.672 E3.16964
G1 X116.834 Y104.758 E3.30913
G1 X117.245 Y104.594 E3.32411
G1 X119.748 Y107.097 E3.44393
G1 X119.952 Y106.647 E3.46065
;WIDTH:0.38292
G1 X119.963 Y106.688 E3.46185
G1 X119.892 Y106.707 E3.46393
G1 X119.911 Y106.636 E3.46601
;WIDTH:0.41646
G1 X119.83 Y106.579 E3.46909
;WIDTH:0.449999
G1 X119.748 Y106.521 E3.47249
G1 X117.618 Y104.391 E3.57445
G1 X118.286 Y103.862 E3.60329
G1 X118.865 Y103.152 E3.6343
G1 X119.263 Y102.337 E3.665
G1 X119.351 Y101.891 E3.68039
;WIDTH:0.417512
G1 X119.439 Y101.444 E3.69458
;WIDTH:0.385025
G1 X119.457 Y100.842 E3.71171
;WIDTH:0.375144
G1 X119.387 Y100.36 E3.72516
G1 X119.684 Y100.629 E3.73623
G1 X119.786 Y100.609 E3.7391
G1 X119.787 Y100.848 E3.7457
;WIDTH:0.385025
G1 X119.781 Y101.45 E3.76283
;WIDTH:0.417512
G1 X119.765 Y101.922 E3.77754
;WIDTH:0.449999
G1 X119.748 Y102.394 E3.79353
G1 X119.748 Y105.945 E3.91373
G1 X118.089 Y104.286 E3.99315
G1 X118.642 Y104.171 E4.01227
;WIDTH:0.580209
G1 X119.276 Y103.38 E4.05756
G1 X119.276 Y104.805 E4.12122
G1 X118.786 Y104.315 E4.15218
G1 E2.15218
G92 E0
G1 X119.748 Y100.188 F7200
G1 E2 F2400
;WIDTH:0.449999
G1 X119.291 Y99.731 E2.02188
G1 X119.207 Y99.572 E2.02797
;WIDTH:0.41646
G1 X119.122 Y99.413 E2.03357
;WIDTH:0.38292
G1 X119.133 Y99.454 E2.03477
G1 X119.062 Y99.473 E2.03685
G1 X119.081 Y99.402 E2.03893
;WIDTH:0.449999
G1 X119.748 Y99.613 E2.06261
G1 X118.444 Y98.308 E2.12506
G1 X119.898 Y98.719 F7200
;WIDTH:0.38292
G1 F2400
G1 X119.909 Y98.76 E2.12626
G1 X119.838 Y98.779 E2.12834
G1 X119.857 Y98.708 E2.13042
;WIDTH:0.41646
G1 X119.803 Y98.873 E2.13581
;WIDTH:0.449999
G1 X119.748 Y99.037 E2.14167
G1 X107.463 Y86.752 E2.72975
G1 X108.039 Y86.752 E2.74925
G1 X111.822 Y90.534 E2.93032
G1 X111.921 Y90.678 E2.93624
;WIDTH:0.41646
G1 X112.02 Y90.822 E2.94167
;WIDTH:0.38292
G1 X112.477 Y91.394 E2.96237
G1 X113.221 Y92.122 F7200
G1 F2400
G1 X113.704 Y92.491 E2.97955
;WIDTH:0.41646
G1 X113.848 Y92.598 E2.98512
;WIDTH:0.449999
G1 X113.992 Y92.705 E2.99119
G1 X119.748 Y98.461 E3.26673
G1 X119.748 Y97.886 E3.28619
G1 X114.789 Y92.926 E3.5236
G1 X114.66 Y92.831 E3.52902
;WIDTH:0.41646
G1 X114.531 Y92.735 E3.53401
;WIDTH:0.38292
G1 X114.542 Y92.776 E3.53521
G1 X114.471 Y92.796 E3.5373
G1 X114.49 Y92.724 E3.53941
G1 X115.424 Y92.985 F7200
;WIDTH:0.449999
G1 F2400
G1 X119.748 Y97.31 E3.74642
G1 X119.748 Y96.734 E3.76592
G1 X115.981 Y92.967 E3.94624
G1 X116.459 Y92.869 E3.96276
G1 X119.748 Y96.158 E4.1202
G1 X119.748 Y95.583 E4.13966
G1 X116.904 Y92.738 E4.27582
G1 X117.304 Y92.563 E4.2906
G1 X119.748 Y95.007 E4.40759
G1 X119.952 Y94.558 E4.42428
;WIDTH:0.38292
G1 X119.963 Y94.599 E4.42548
G1 X119.892 Y94.618 E4.42756
G1 X119.911 Y94.547 E4.42964
;WIDTH:0.41646
G1 X119.83 Y94.489 E4.43273
;WIDTH:0.449999
G1 X119.748 Y94.431 E4.43613
G1 X117.665 Y92.348 E4.53584
G1 X118.148 Y91.991 E4.55617
G1 X118.731 Y91.349 E4.58552
G1 X119.022 Y90.884 E4.60409
G1 X119.354 Y90.052 E4.63441
G1 X119.399 Y89.73 E4.64542
;WIDTH:0.416058
G1 X119.443 Y89.408 E4.6555
;WIDTH:0.382117
G1 X119.456 Y88.808 E4.67243
;WIDTH:0.408841
G1 X119.41 Y88.405 E4.68477
;WIDTH:0.442676
G1 X119.364 Y88.001 E4.69829
;WIDTH:0.487445
G1 X119.298 Y87.75 E4.70788
;WIDTH:0.532214
G1 X119.232 Y87.5 E4.7184
;WIDTH:0.576983
G1 X119.166 Y87.249 E4.72993
;WIDTH:0.590021
G1 X118.913 Y86.822 E4.75251
G1 X119.678 Y86.822 E4.78731
G1 X119.685 Y87.159 E4.80264
;WIDTH:0.576983
G1 X119.709 Y87.443 E4.8153
;WIDTH:0.529061
G1 X119.733 Y87.726 E4.82678
;WIDTH:0.481139
G1 X119.757 Y88.01 E4.83717
;WIDTH:0.433217
G1 X119.772 Y88.427 E4.85071
;WIDTH:0.403215
G1 X119.787 Y88.843 E4.86318
;WIDTH:0.38523
G1 X119.781 Y89.469 E4.881
;WIDTH:0.417615
G1 X119.765 Y89.78 E4.8907
;WIDTH:0.449999
G1 X119.748 Y90.09 E4.90121
G1 X119.748 Y93.856 E5.02868
G1 X118.145 Y92.253 E5.10541
G1 X118.664 Y92.115 E5.12359
;WIDTH:0.563912
G1 X119.052 Y91.69 E5.14852
G1 X119.284 Y91.342 E5.16664
G1 X119.284 Y92.735 E5.22699
G1 X118.808 Y92.258 E5.25618
G1 E3.25618
G92 E0
G1 X111.761 Y89.972 F7200
G1 E2 F2400
;WIDTH:0.38292
G1 X111.772 Y90.013 E2.0012
G1 X111.701 Y90.032 E2.00328
G1 X111.72 Y89.961 E2.00536
;WIDTH:0.41646
G1 X111.648 Y89.838 E2.00979
;WIDTH:0.449999
G1 X111.577 Y89.714 E2.01463
G1 X108.614 Y86.752 E2.15644
G1 X109.19 Y86.752 E2.17594
G1 X111.505 Y89.066 E2.28673
G1 X111.538 Y88.524 E2.30511
G1 X109.766 Y86.752 E2.38993
G1 X109.703 Y86.65 E2.39399
;WIDTH:0.41646
G1 X109.64 Y86.548 E2.39771
;WIDTH:0.38292
G1 X109.651 Y86.589 E2.39891
G1 X109.58 Y86.608 E2.40099
G1 X109.599 Y86.537 E2.40307
;WIDTH:0.449999
G1 X110.342 Y86.752 E2.42925
G1 X112.219 Y86.752 E2.49278
G1 X111.964 Y87.135 E2.50835
G1 X111.702 Y87.777 E2.53182
G1 X111.638 Y88.048 E2.54125
G1 X110.485 Y86.895 E2.59644
G1 X111.426 Y87.146 F7200
;WIDTH:0.547548
G1 F2400
G1 X111.381 Y87.191 E2.59911
G1 X111.397 Y87.252 E2.60176
G1 X111.458 Y87.268 E2.60441
G1 X111.503 Y87.224 E2.60705
G1 X111.487 Y87.163 E2.6097
;LAYER_CHANGE
;Z:0.8
;HEIGHT:0.2
G1 E.6097 F2400
G92 E0
G1 Z.8 F7200
G1 X116.841 Y97.584
G1 E2 F2400
;TYPE:Perimeter
;WIDTH:0.449999
G1 F1200
G1 X117.23 Y97.741 E2.0142
G1 X117.894 Y98.191 E2.04135
G1 X118.32 Y98.615 E2.06169
G1 X118.644 Y99.061 E2.08035
G1 X118.976 Y99.761 E2.10657
G1 X119.165 Y100.566 E2.13456
G1 X119.17 Y101.392 E2.16252
G1 X119.122 Y101.707 E2.17331
G1 X118.991 Y102.198 E2.19051
G1 X118.751 Y102.754 E2.21101
G1 X118.453 Y103.219 E2.2297
G1 X117.924 Y103.783 E2.25587
G1 X117.244 Y104.253 E2.28385
G1 X116.69 Y104.497 E2.30434
G1 X115.935 Y104.665 E2.33052
G1 X115.108 Y104.67 E2.35851
G1 X114.793 Y104.622 E2.3693
G1 X114.301 Y104.491 E2.38653
G1 X113.721 Y104.236 E2.40798
G1 X113.106 Y103.809 E2.43332
G1 X112.68 Y103.386 E2.45364
G1 X112.247 Y102.744 E2.47985
G1 X112.003 Y102.19 E2.50034
G1 X111.865 Y101.656 E2.51901
G1 X111.813 Y100.856 E2.54615
G1 X111.851 Y100.481 E2.55891
G1 X112.007 Y99.822 E2.58183
G1 X112.162 Y99.435 E2.59594
G1 X112.492 Y98.868 E2.61815
G1 X112.722 Y98.571 E2.63087
G1 X113.098 Y98.199 E2.64877
G1 X113.566 Y97.866 E2.66821
G1 X114.043 Y97.609 E2.68655
G1 X114.524 Y97.441 E2.7038
G1 X115.147 Y97.324 E2.72526
G1 X115.896 Y97.33 E2.75061
G1 X116.486 Y97.44 E2.77092
G1 X116.785 Y97.561 E2.78184
G1 X116.693 Y97.96 F7200
G1 F1200
G1 X117.065 Y98.113 E2.79546
G1 X117.652 Y98.518 E2.8196
G1 X118.022 Y98.892 E2.83741
G1 X118.4 Y99.457 E2.86042
G1 X118.603 Y99.923 E2.87763
G1 X118.765 Y100.642 E2.90258
G1 X118.763 Y101.377 E2.92746
G1 X118.598 Y102.093 E2.95233
G1 X118.384 Y102.577 E2.97024
G1 X117.996 Y103.135 E2.99324
G1 X117.636 Y103.495 E3.01047
G1 X117.027 Y103.908 E3.03538
G1 X116.542 Y104.118 E3.05327
G1 X115.859 Y104.265 E3.07692
G1 X115.123 Y104.263 E3.10183
G1 X114.407 Y104.098 E3.1267
G1 X113.9 Y103.871 E3.1455
G1 X113.348 Y103.482 E3.16836
G1 X112.978 Y103.109 E3.18614
G1 X112.592 Y102.527 E3.20978
G1 X112.382 Y102.041 E3.2277
G1 X112.249 Y101.498 E3.24662
G1 X112.22 Y100.843 E3.26881
G1 X112.247 Y100.575 E3.27793
G1 X112.403 Y99.916 E3.30085
G1 X112.576 Y99.532 E3.31511
G1 X112.844 Y99.072 E3.33313
G1 X113.008 Y98.861 E3.34218
G1 X113.384 Y98.489 E3.36008
G1 X113.975 Y98.09 E3.38422
G1 X114.658 Y97.825 E3.40902
G1 X115.205 Y97.727 E3.42783
G1 X115.879 Y97.737 E3.45065
G1 X116.396 Y97.837 E3.46847
G1 X116.638 Y97.937 E3.47733
G1 X116.548 Y98.331 F7200
G1 F1200
G1 X116.9 Y98.485 E3.49034
G1 X117.409 Y98.844 E3.51142
G1 X117.78 Y99.24 E3.52979
G1 X118.027 Y99.62 E3.54513
G1 X118.23 Y100.086 E3.56234
G1 X118.365 Y100.717 E3.58418
G1 X118.356 Y101.361 E3.60598
G1 X118.204 Y101.988 E3.62782
G1 X117.972 Y102.48 E3.64623
G1 X117.708 Y102.848 E3.66156
G1 X117.348 Y103.207 E3.67877
G1 X116.811 Y103.564 E3.7006
G1 X116.284 Y103.77 E3.71975
G1 X115.783 Y103.865 E3.73701
G1 X115.138 Y103.856 E3.75884
G1 X114.512 Y103.704 E3.78065
G1 X113.983 Y103.447 E3.80056
G1 X113.547 Y103.119 E3.81903
G1 X113.207 Y102.742 E3.83621
G1 X112.936 Y102.311 E3.85344
G1 X112.746 Y101.848 E3.87038
G1 X112.644 Y101.358 E3.88732
G1 X112.627 Y100.83 E3.9052
G1 X112.8 Y100.01 E3.93357
G1 X113.078 Y99.48 E3.95383
G1 X113.294 Y99.15 E3.96718
G1 X113.67 Y98.778 E3.98508
G1 X114.19 Y98.436 E4.00615
G1 X114.793 Y98.209 E4.02796
G1 X115.296 Y98.126 E4.04522
G1 X115.863 Y98.144 E4.06442
G1 X116.362 Y98.25 E4.08169
G1 X116.493 Y98.307 E4.08653
G1 X116.399 Y98.709 F7200
;TYPE:External perimeter
G1 F1200
G1 X116.735 Y98.857 E4.09896
G1 X117.166 Y99.171 E4.11701
G1 X117.444 Y99.469 E4.1308
G1 X117.654 Y99.782 E4.14356
G1 X117.857 Y100.249 E4.1608
G1 X117.965 Y100.793 E4.17957
G1 X117.949 Y101.346 E4.1983
G1 X117.811 Y101.883 E4.21707
G1 X117.635 Y102.25 E4.23085
G1 X117.42 Y102.56 E4.24362
G1 X117.061 Y102.92 E4.26083
G1 X116.594 Y103.219 E4.2796
G1 X116.208 Y103.37 E4.29363
G1 X115.708 Y103.465 E4.31086
G1 X115.154 Y103.449 E4.32962
G1 X114.617 Y103.311 E4.34839
G1 X114.226 Y103.12 E4.36312
G1 X113.819 Y102.817 E4.38029
G1 X113.552 Y102.525 E4.39368
G1 X113.281 Y102.094 E4.41091
G1 X113.131 Y101.715 E4.42471
G1 X113.051 Y101.345 E4.43752
G1 X113.034 Y100.817 E4.4554
G1 X113.196 Y100.105 E4.48012
G1 X113.548 Y99.482 E4.50434
G1 X113.957 Y99.067 E4.52406
G1 X114.406 Y98.781 E4.54208
G1 X114.927 Y98.593 E4.56083
G1 X115.359 Y98.531 E4.5756
G1 X115.867 Y98.552 E4.59281
G1 X116.252 Y98.643 E4.6062
G1 X116.344 Y98.684 E4.60961
G1 X116.708 Y98.852 F7200
G1 E2.60961 F2400
G92 E0
G1 X112.709 Y88.363 F7200
G1 E2 F2400
;TYPE:Perimeter
G1 F1200
G1 X112.726 Y88.237 E2.0043
G1 X112.973 Y87.62 E2.0268
G1 X113.344 Y87.092 E2.04864
G1 X113.822 Y86.66 E2.07045
G1 X114.545 Y86.287 E2.09799
;WIDTH:0.497201
G1 X115.232 Y86.111 E2.12478
;WIDTH:0.502349
G1 X115.864 Y86.117 E2.14892
G1 X116.13 Y86.19 E2.15946
;WIDTH:0.476174
G1 X116.396 Y86.262 E2.16939
;WIDTH:0.449999
G1 X116.849 Y86.46 E2.18612
G1 X117.391 Y86.832 E2.20837
G1 X117.78 Y87.24 E2.22745
G1 X118.056 Y87.686 E2.2452
G1 X118.27 Y88.216 E2.26455
G1 X118.365 Y88.717 E2.28181
G1 X118.369 Y89.261 E2.30022
G1 X118.291 Y89.707 E2.31555
G1 X118.123 Y90.187 E2.33276
G1 X117.793 Y90.741 E2.35459
G1 X117.348 Y91.208 E2.37642
G1 X116.81 Y91.564 E2.39826
G1 X116.306 Y91.766 E2.41664
G1 X115.783 Y91.865 E2.43466
G1 X115.279 Y91.874 E2.45172
G1 X114.717 Y91.771 E2.47106
G1 X114.22 Y91.581 E2.48907
G1 X113.609 Y91.168 E2.51403
G1 X113.24 Y90.787 E2.53198
G1 X112.936 Y90.309 E2.55115
G1 X112.734 Y89.805 E2.56953
G1 X112.645 Y89.381 E2.58419
G1 X112.62 Y89.022 E2.59637
G1 X112.701 Y88.423 E2.61683
G1 X113.106 Y88.454 F7200
;TYPE:External perimeter
G1 F1200
G1 X113.128 Y88.299 E2.62213
G1 X113.346 Y87.782 E2.64112
G1 X113.671 Y87.334 E2.65985
G1 X114.088 Y86.969 E2.67861
G1 X114.723 Y86.653 E2.70262
G1 X115.313 Y86.534 E2.72299
G1 X115.846 Y86.55 E2.74104
G1 X116.245 Y86.64 E2.75488
G1 X116.619 Y86.795 E2.76858
G1 X117.16 Y87.167 E2.7908
G1 X117.444 Y87.469 E2.80483
G1 X117.683 Y87.849 E2.82003
G1 X117.87 Y88.292 E2.83631
G1 X117.965 Y88.792 E2.85354
G1 X117.966 Y89.2 E2.86735
G1 X117.907 Y89.572 E2.8801
G1 X117.739 Y90.052 E2.89731
G1 X117.448 Y90.525 E2.91611
G1 X117.06 Y90.92 E2.93485
G1 X116.594 Y91.219 E2.95359
G1 X116.208 Y91.37 E2.96762
G1 X115.708 Y91.465 E2.98485
G1 X115.293 Y91.465 E2.9989
G1 X114.793 Y91.371 E3.01612
G1 X114.381 Y91.205 E3.03116
G1 X113.84 Y90.833 E3.05338
G1 X113.539 Y90.508 E3.06837
G1 X113.271 Y90.075 E3.08561
G1 X113.131 Y89.715 E3.09868
G1 X113.051 Y89.353 E3.11123
G1 X113.026 Y88.994 E3.12341
G1 X113.097 Y88.513 E3.13987
G1 X113.208 Y88.129 F7200
G1 E1.13987 F2400
G92 E0
G1 X120.054 Y113.554 F7200
G1 E2 F2400
;TYPE:Perimeter
G1 F2700
G1 X79.946 Y113.554 E3.35761
G1 X79.946 Y86.446 E4.27518
G1 X112.839 Y86.446 E5.38857
G1 X112.689 Y86.609 E5.39607
G1 X112.227 Y87.294 E5.42404
G1 X112.024 Y87.761 E5.44128
G1 X111.921 Y88.113 E5.45369
G1 X111.821 Y88.763 E5.47595
G1 X111.833 Y89.437 E5.49877
G1 X111.94 Y89.987 E5.51774
G1 X112.127 Y90.506 E5.53641
G1 X112.369 Y90.94 E5.55323
G1 X112.662 Y91.363 E5.57065
G1 X113.061 Y91.775 E5.59006
G1 X113.476 Y92.064 E5.60718
G1 X113.968 Y92.36 E5.62662
G1 X114.566 Y92.571 E5.64808
G1 X115.35 Y92.69 E5.67492
G1 X115.935 Y92.665 E5.69474
G1 X116.69 Y92.497 E5.72092
G1 X117.244 Y92.253 E5.74141
G1 X117.924 Y91.783 E5.76939
G1 X118.482 Y91.174 E5.79735
G1 X118.892 Y90.456 E5.82534
G1 X119.123 Y89.717 E5.85155
G1 X119.19 Y89.17 E5.8702
G1 X119.165 Y88.565 E5.8907
G1 X118.976 Y87.76 E5.91869
G1 X118.773 Y87.294 E5.9359
G1 X118.453 Y86.781 E5.95637
G1 X118.164 Y86.446 E5.97135
G1 X120.054 Y86.446 E6.03532
G1 X120.054 Y113.494 E6.95086
G1 X120.461 Y113.961 F7200
G1 F2700
G1 X79.539 Y113.961 E8.33602
G1 X79.539 Y86.039 E9.28115
G1 X114.123 Y86.039 E10.45178
G1 X113.557 Y86.352 E10.47367
G1 X113.016 Y86.851 E10.49858
G1 X112.6 Y87.457 E10.52346
G1 X112.324 Y88.175 E10.5495
G1 X112.223 Y88.825 E10.57177
G1 X112.239 Y89.409 E10.59155
G1 X112.382 Y90.041 E10.61348
G1 X112.59 Y90.525 E10.63131
G1 X112.962 Y91.088 E10.65415
G1 X113.379 Y91.504 E10.67409
G1 X114.119 Y91.982 E10.70391
G1 X114.642 Y92.171 E10.72273
G1 X115.35 Y92.283 E10.74699
G1 X115.859 Y92.265 E10.76423
G1 X116.542 Y92.118 E10.78788
G1 X117.027 Y91.908 E10.80577
G1 X117.636 Y91.496 E10.83066
G1 X118.138 Y90.958 E10.85557
G1 X118.507 Y90.321 E10.88049
G1 X118.717 Y89.681 E10.90329
G1 X118.783 Y89.17 E10.92073
G1 X118.765 Y88.641 E10.93865
G1 X118.603 Y87.923 E10.96356
G1 X118.4 Y87.457 E10.98077
G1 X118.022 Y86.892 E11.00378
G1 X117.621 Y86.496 E11.02286
G1 X116.921 Y86.039 E11.05116
G1 X120.461 Y86.039 E11.17098
G1 X120.461 Y113.901 E12.11407
G1 X120.868 Y114.368 F7200
G1 F2700
G1 X79.132 Y114.368 E13.52678
G1 X79.132 Y85.632 E14.49946
G1 X114.641 Y85.632 E15.7014
;WIDTH:0.49213
G1 X115.35 Y85.653 E15.72789
;WIDTH:0.502349
G1 X116.195 Y85.645 E15.76017
;WIDTH:0.476174
G1 X116.517 Y85.632 E15.77178
;WIDTH:0.449999
G1 X120.868 Y85.632 E15.91906
G1 X120.868 Y114.308 E16.88971
G1 X121.275 Y114.775 F7200
;TYPE:External perimeter
G1 F1800
G1 X78.725 Y114.775 E18.32997
G1 X78.725 Y85.225 E19.3302
G1 X121.275 Y85.225 E20.77046
G1 X121.275 Y114.715 E21.76866
G1 X120.879 Y114.774 F7200
G1 E19.76866 F2400
G92 E0
G1 X118.92 Y86.824 F7200
G1 E2 F2400
;TYPE:Solid infill
;WIDTH:0.595463
G1 X119.676 Y86.824 E2.03473
G1 X119.696 Y87.323 E2.05767
;WIDTH:0.555471
G1 X119.716 Y87.546 E2.06721
;WIDTH:0.515478
G1 X119.736 Y87.769 E2.07601
;WIDTH:0.475485
G1 X119.756 Y87.992 E2.08406
;WIDTH:0.435492
G1 X119.771 Y88.418 E2.09797
;WIDTH:0.404354
G1 X119.787 Y88.844 E2.11078
;WIDTH:0.38523
G1 X119.781 Y89.469 E2.12857
;WIDTH:0.420767
G1 X119.763 Y90.012 E2.14564
;WIDTH:0.456303
G1 X119.745 Y90.556 E2.16435
G1 X119.641 Y90.438 E2.16976
G1 X119.512 Y90.37 E2.17477
G1 X119.34 Y90.429 E2.18102
G1 X119.122 Y90.647 E2.19162
G1 X119.352 Y90.052 E2.21355
;WIDTH:0.445562
G1 X119.398 Y89.73 E2.22444
;WIDTH:0.413839
G1 X119.443 Y89.408 E2.23447
;WIDTH:0.382115
G1 X119.456 Y88.808 E2.2514
;WIDTH:0.410785
G1 X119.408 Y88.394 E2.26415
;WIDTH:0.446508
G1 X119.36 Y87.98 E2.27814
;WIDTH:0.49616
G1 X119.287 Y87.719 E2.28835
;WIDTH:0.545812
G1 X119.214 Y87.459 E2.29964
;WIDTH:0.595463
G1 X119.141 Y87.199 E2.31205
G1 X119.024 Y87 E2.32266
G1 E.32266
G92 E0
G1 X80.362 Y86.785 F7200
G1 E2 F2400
;WIDTH:0.548766
G1 X80.317 Y86.74 E2.00268
G1 X80.256 Y86.756 E2.00533
G1 X80.24 Y86.817 E2.00798
G1 X80.285 Y86.862 E2.01066
G1 X80.346 Y86.846 E2.01331
G1 X80.119 Y87.641 F7200
;WIDTH:0.38292
G1 F2400
G1 X80.048 Y87.622 E2.01539
G1 X80.067 Y87.693 E2.01747
G1 X80.108 Y87.682 E2.01867
;WIDTH:0.41646
G1 X80.18 Y87.589 E2.02232
;WIDTH:0.449999
G1 X80.252 Y87.496 E2.0263
G1 X80.996 Y86.752 E2.06191
G1 X81.089 Y86.68 E2.06589
;WIDTH:0.41646
G1 X81.182 Y86.608 E2.06954
;WIDTH:0.38292
G1 X81.141 Y86.619 E2.07074
G1 X81.122 Y86.548 E2.07282
G1 X81.193 Y86.567 E2.0749
;WIDTH:0.449999
G1 X81.572 Y86.752 E2.08918
G1 X80.252 Y88.072 E2.15237
G1 X80.252 Y88.647 E2.17183
G1 X82.147 Y86.752 E2.26254
G1 X82.723 Y86.752 E2.28204
G1 X80.252 Y89.223 E2.40033
G1 X80.252 Y89.799 E2.41983
G1 X83.299 Y86.752 E2.56569
G1 X83.874 Y86.752 E2.58515
G1 X80.252 Y90.374 E2.75853
G1 X80.252 Y90.95 E2.77803
G1 X84.45 Y86.752 E2.97899
G1 X85.026 Y86.752 E2.99849
G1 X80.252 Y91.526 E3.22702
G1 X80.252 Y92.101 E3.24648
G1 X85.601 Y86.752 E3.50253
G1 X86.177 Y86.752 E3.52203
G1 X80.252 Y92.677 E3.80566
G1 X80.252 Y93.253 E3.82516
G1 X86.753 Y86.752 E4.13636
G1 X87.329 Y86.752 E4.15586
G1 X80.252 Y93.829 E4.49463
G1 X80.252 Y94.404 E4.51409
G1 X87.904 Y86.752 E4.88039
G1 X88.48 Y86.752 E4.89989
G1 X80.252 Y94.98 E5.29376
G1 X80.252 Y95.556 E5.31326
G1 X89.056 Y86.752 E5.7347
G1 X89.631 Y86.752 E5.75416
G1 X80.252 Y96.131 E6.20313
G1 X80.252 Y96.707 E6.22263
G1 X90.207 Y86.752 E6.69917
G1 X90.783 Y86.752 E6.71867
G1 X80.252 Y97.283 E7.22278
G1 X80.252 Y97.858 E7.24224
G1 X91.358 Y86.752 E7.77388
G1 X91.934 Y86.752 E7.79338
G1 X80.252 Y98.434 E8.35259
G1 X80.252 Y99.01 E8.37209
G1 X92.51 Y86.752 E8.95887
G1 X93.085 Y86.752 E8.97833
G1 X80.252 Y99.585 E9.59264
G1 X80.252 Y100.161 E9.61214
G1 X93.661 Y86.752 E10.25402
G1 X94.237 Y86.752 E10.27352
G1 X80.252 Y100.737 E10.94297
G1 X80.252 Y101.313 E10.96247
G1 X94.813 Y86.752 E11.6595
G1 X95.388 Y86.752 E11.67896
G1 X80.252 Y101.888 E12.40351
G1 X80.252 Y102.464 E12.42301
G1 X95.964 Y86.752 E13.17513
G1 X96.54 Y86.752 E13.19463
G1 X80.252 Y103.04 E13.97433
G1 X80.252 Y103.615 E13.99379
G1 X97.115 Y86.752 E14.80101
G1 X97.691 Y86.752 E14.82051
G1 X80.252 Y104.191 E15.6553
G1 X80.252 Y104.767 E15.6748
G1 X98.267 Y86.752 E16.53717
G1 X98.842 Y86.752 E16.55663
G1 X80.252 Y105.342 E17.44652
G1 X80.252 Y105.918 E17.46602
G1 X99.418 Y86.752 E18.38348
G1 X99.994 Y86.752 E18.40298
G1 X80.252 Y106.494 E19.34802
G1 X80.252 Y107.07 E19.36752
G1 X100.57 Y86.752 E20.34013
G1 X101.145 Y86.752 E20.35959
G1 X80.252 Y107.645 E21.35972
G1 X80.252 Y108.221 E21.37922
G1 X101.721 Y86.752 E22.40693
G1 X102.297 Y86.752 E22.42643
G1 X80.252 Y108.797 E23.48171
G1 X80.252 Y109.372 E23.50117
G1 X102.872 Y86.752 E24.58398
G1 X103.448 Y86.752 E24.60348
G1 X80.252 Y109.948 E25.71386
G1 X80.252 Y110.524 E25.73336
G1 X104.024 Y86.752 E26.87131
G1 X104.599 Y86.752 E26.89077
G1 X80.252 Y111.099 E28.05625
G1 X80.252 Y111.675 E28.07575
G1 X105.175 Y86.752 E29.2688
G1 X105.751 Y86.752 E29.2883
G1 X80.252 Y112.251 E30.50892
G1 X80.252 Y112.827 E30.52842
G1 X106.327 Y86.752 E31.77661
G1 X106.902 Y86.752 E31.79607
G1 X80.405 Y113.248 E33.06444
G1 X80.296 Y113.296 E33.06847
;WIDTH:0.41646
G1 X80.186 Y113.344 E33.0722
;WIDTH:0.38292
G1 X80.115 Y113.325 E33.07428
G1 X80.134 Y113.396 E33.07636
G1 X80.175 Y113.385 E33.07756
G1 X80.981 Y113.248 F7200
;WIDTH:0.449999
G1 F2400
G1 X107.478 Y86.752 E34.34593
G1 X108.054 Y86.752 E34.36543
G1 X81.557 Y113.248 E35.6338
G1 X82.132 Y113.248 E35.65326
G1 X108.629 Y86.752 E36.92163
G1 X109.205 Y86.752 E36.94113
G1 X82.708 Y113.248 E38.2095
G1 X83.284 Y113.248 E38.229
G1 X109.781 Y86.752 E39.49737
G1 X110.356 Y86.752 E39.51683
G1 X83.859 Y113.248 E40.7852
G1 X84.435 Y113.248 E40.8047
G1 X110.932 Y86.752 E42.07307
G1 X111.508 Y86.752 E42.09257
G1 X85.011 Y113.248 E43.36094
G1 X85.587 Y113.248 E43.38044
G1 X112.083 Y86.752 E44.64879
G1 X112.263 Y86.716 E44.655
;WIDTH:0.41646
G1 X112.443 Y86.679 E44.66071
;WIDTH:0.38292
G1 X112.402 Y86.69 E44.66191
G1 X112.383 Y86.619 E44.66399
G1 X112.454 Y86.638 E44.66607
G1 X111.965 Y87.381 F7200
G1 F2400
G1 X111.894 Y87.362 E44.66815
G1 X111.913 Y87.433 E44.67023
G1 X111.954 Y87.422 E44.67143
;WIDTH:0.41646
G1 X111.843 Y87.551 E44.67672
;WIDTH:0.449999
G1 X86.162 Y113.248 E45.90644
G1 X86.738 Y113.248 E45.92594
G1 X111.565 Y88.422 E47.11437
G1 X111.504 Y89.058 E47.136
G1 X87.314 Y113.248 E48.29396
G1 X87.889 Y113.248 E48.31342
G1 X111.552 Y89.585 E49.44615
G1 X111.655 Y90.059 E49.46257
G1 X88.465 Y113.248 E50.57264
G1 X89.041 Y113.248 E50.59214
G1 X111.796 Y90.493 E51.68141
G1 X111.983 Y90.882 E51.69602
G1 X89.616 Y113.248 E52.76669
G1 X90.192 Y113.248 E52.78619
G1 X112.203 Y91.238 E53.83982
G1 X112.446 Y91.571 E53.85377
G1 X90.768 Y113.248 E54.89146
G1 X91.344 Y113.248 E54.91096
G1 X112.72 Y91.872 E55.93422
G1 X113.038 Y92.13 E55.94808
G1 X91.919 Y113.248 E56.95901
G1 X92.495 Y113.248 E56.97851
G1 X113.377 Y92.366 E57.97812
G1 X113.737 Y92.582 E57.99233
G1 X93.071 Y113.248 E58.9816
G1 X93.646 Y113.248 E59.00106
G1 X114.141 Y92.754 E59.98212
G1 X114.59 Y92.88 E59.99791
G1 X94.222 Y113.248 E60.97291
G1 X94.798 Y113.248 E60.99241
G1 X115.074 Y92.972 E61.96301
G1 X115.63 Y92.992 E61.98184
G1 X95.373 Y113.248 E62.95151
G1 X95.949 Y113.248 E62.97101
G1 X116.29 Y92.908 E63.9447
G1 X116.447 Y92.844 E63.95044
;WIDTH:0.41646
G1 X116.605 Y92.781 E63.95572
;WIDTH:0.38292
G1 X116.564 Y92.792 E63.95692
G1 X116.545 Y92.721 E63.959
G1 X116.616 Y92.74 E63.96108
G1 E61.96108
G92 E0
G1 X118.413 Y91.543 F7200
G1 E2 F2400
G1 X117.787 Y92.141 E2.02448
G1 X117.403 Y92.441 E2.03826
;WIDTH:0.41646
G1 X117.259 Y92.55 E2.04387
;WIDTH:0.449999
G1 X117.115 Y92.658 E2.04996
G1 X96.525 Y113.248 E3.03559
G1 X96.974 Y113.452 E3.05228
;WIDTH:0.38292
G1 X96.933 Y113.463 E3.05348
G1 X96.914 Y113.392 E3.05556
G1 X96.985 Y113.411 E3.05764
;WIDTH:0.41646
G1 X97.043 Y113.33 E3.06073
;WIDTH:0.449999
G1 X97.101 Y113.248 E3.06413
G1 X119.486 Y90.863 E4.13569
G1 X119.748 Y91.176 E4.14951
G1 X113.159 Y97.766 E4.46495
G1 X112.871 Y98.03 E4.47817
;WIDTH:0.416356
G1 X112.513 Y98.382 E4.49376
;WIDTH:0.449999
G1 X112.255 Y98.67 E4.50685
G1 X97.676 Y113.248 E5.20471
G1 X97.553 Y113.303 E5.20927
;WIDTH:0.41646
G1 X97.429 Y113.357 E5.21347
;WIDTH:0.38292
G1 X97.358 Y113.338 E5.21555
G1 X97.377 Y113.409 E5.21763
G1 X97.418 Y113.398 E5.21883
G1 X98.252 Y113.248 F7200
;WIDTH:0.449999
G1 F2400
G1 X111.705 Y99.795 E5.86282
G1 X111.809 Y99.666 E5.86843
;WIDTH:0.41646
G1 X111.913 Y99.537 E5.87358
;WIDTH:0.38292
G1 X111.872 Y99.548 E5.87478
G1 X111.853 Y99.477 E5.87686
G1 X111.924 Y99.496 E5.87894
G1 X111.535 Y100.541 F7200
;WIDTH:0.449999
G1 F2400
G1 X98.828 Y113.248 E6.48722
G1 X99.403 Y113.248 E6.50668
G1 X111.522 Y101.13 E7.08679
G1 X111.56 Y101.668 E7.10505
G1 X99.979 Y113.248 E7.6594
G1 X100.555 Y113.248 E7.6789
G1 X111.666 Y102.137 E8.21078
G1 X111.825 Y102.554 E8.22589
G1 X101.13 Y113.248 E8.73783
G1 X101.706 Y113.248 E8.75733
G1 X112.017 Y102.938 E9.25089
G1 X112.239 Y103.291 E9.26501
G1 X102.282 Y113.248 E9.74165
G1 X102.857 Y113.248 E9.76111
G1 X112.488 Y103.618 E10.22212
G1 X112.765 Y103.917 E10.23592
G1 X103.433 Y113.248 E10.68261
G1 X104.009 Y113.248 E10.70211
G1 X113.086 Y104.171 E11.13662
G1 X113.422 Y104.411 E11.1506
G1 X104.585 Y113.248 E11.57362
G1 X105.16 Y113.248 E11.59308
G1 X113.796 Y104.613 E12.00646
G1 X114.205 Y104.78 E12.02141
G1 X105.736 Y113.248 E12.42679
G1 X106.312 Y113.248 E12.44629
G1 X114.663 Y104.897 E12.84605
G1 X115.165 Y104.971 E12.86323
G1 X106.887 Y113.248 E13.25947
G1 X107.463 Y113.248 E13.27897
G1 X115.722 Y104.99 E13.6743
G1 X116.399 Y104.888 E13.69747
G1 X108.039 Y113.248 E14.09766
G1 X108.614 Y113.248 E14.11712
G1 X117.295 Y104.568 E14.53265
G1 E12.53265
G92 E0
G1 X114.288 Y97.367 F7200
G1 E2 F2400
;WIDTH:0.38292
G1 X114.168 Y97.4 E2.00352
G1 X114.013 Y97.38 E2.00794
;WIDTH:0.41646
G1 X114.156 Y97.291 E2.01317
;WIDTH:0.449999
G1 X114.299 Y97.201 E2.01889
G1 X119.748 Y91.752 E2.27973
G1 X119.748 Y92.328 E2.29923
G1 X115.045 Y97.031 E2.52436
G1 X115.633 Y97.018 E2.54427
G1 X119.748 Y92.903 E2.74125
G1 X119.748 Y93.479 E2.76075
G1 X116.168 Y97.059 E2.93212
G1 X116.634 Y97.169 E2.94833
G1 X119.748 Y94.055 E3.0974
G1 X119.748 Y94.63 E3.11686
G1 X117.051 Y97.328 E3.24599
G1 X117.442 Y97.513 E3.26063
G1 X119.748 Y95.206 E3.37104
G1 X119.756 Y99.993 E3.53307
;WIDTH:0.43537
G1 X119.771 Y100.422 E3.54708
;WIDTH:0.404406
G1 X119.787 Y100.851 E3.55998
;WIDTH:0.391604
G1 X119.778 Y101.686 E3.58419
G1 X119.676 Y101.668 E3.58719
G1 X119.308 Y102.02 E3.60195
G1 X119.429 Y101.5 E3.61743
G1 X119.456 Y100.807 E3.63754
;WIDTH:0.406921
G1 X119.406 Y100.395 E3.6501
;WIDTH:0.438727
G1 X119.357 Y99.982 E3.66379
;WIDTH:0.449999
G1 X119.041 Y99.151 E3.69388
G1 X118.694 Y98.595 E3.71606
G1 X118.293 Y98.14 E3.73659
G1 X117.791 Y97.739 E3.75834
G1 X119.605 Y95.926 E3.84515
G1 X119.341 Y96.765 F7200
G1 F2400
G1 X119.341 Y98.862 E3.91613
G1 X119.001 Y98.328 E3.93756
G1 X118.667 Y97.945 E3.95476
G1 X118.401 Y97.705 E3.96689
G1 X119.197 Y96.908 E4.00502
G1 E2.00502
G92 E0
G1 X119.909 Y102.391 F7200
G1 E2 F2400
;WIDTH:0.38292
G1 X119.838 Y102.372 E2.00208
G1 X119.857 Y102.443 E2.00416
G1 X119.898 Y102.432 E2.00536
;WIDTH:0.41646
G1 X119.823 Y102.273 E2.01082
;WIDTH:0.449999
G1 X119.748 Y102.114 E2.01677
G1 X119.072 Y102.791 E2.04915
G1 X118.961 Y102.935 E2.0553
;WIDTH:0.41646
G1 X118.849 Y103.079 E2.06097
;WIDTH:0.38292
G1 X118.627 Y103.355 E2.07098
G1 X118.062 Y103.938 E2.09393
G1 X117.583 Y104.34 E2.11161
G1 E.11161
G92 E0
G1 X119.748 Y102.69 F7200
G1 E2 F2400
;WIDTH:0.449999
G1 X109.19 Y113.248 E2.5054
G1 X109.766 Y113.248 E2.5249
G1 X119.748 Y103.266 E3.00273
G1 X119.748 Y103.842 E3.02223
G1 X110.342 Y113.248 E3.47249
G1 X110.917 Y113.248 E3.49195
G1 X119.748 Y104.417 E3.91468
G1 X119.748 Y104.993 E3.93418
G1 X111.493 Y113.248 E4.32934
G1 X112.069 Y113.248 E4.34884
G1 X119.748 Y105.569 E4.71643
G1 X119.748 Y106.144 E4.73589
G1 X112.644 Y113.248 E5.07595
G1 X113.22 Y113.248 E5.09545
G1 X119.748 Y106.72 E5.40794
G1 X119.748 Y107.296 E5.42744
G1 X113.796 Y113.248 E5.71236
G1 X114.371 Y113.248 E5.73182
G1 X119.748 Y107.871 E5.98921
G1 X119.748 Y108.447 E6.00871
G1 X114.947 Y113.248 E6.23853
G1 X115.523 Y113.248 E6.25803
G1 X119.748 Y109.023 E6.46028
G1 X119.748 Y109.598 E6.47974
G1 X116.098 Y113.248 E6.65446
G1 X116.674 Y113.248 E6.67396
G1 X119.748 Y110.174 E6.82111
G1 X119.748 Y110.75 E6.84061
G1 X117.25 Y113.248 E6.96019
G1 X117.699 Y113.452 E6.97688
;WIDTH:0.38292
G1 X117.658 Y113.463 E6.97808
G1 X117.639 Y113.392 E6.98016
G1 X117.71 Y113.411 E6.98224
;WIDTH:0.41646
G1 X117.768 Y113.33 E6.98533
;WIDTH:0.449999
G1 X117.826 Y113.248 E6.98873
G1 X119.748 Y111.326 E7.08073
G1 X119.748 Y113.248 E7.14579
G1 X118.401 Y113.248 E7.19138
G1 X119.605 Y112.045 E7.24899
;LAYER_CHANGE
;Z:1
;HEIGHT:0.2
G1 E5.24899 F2400
G92 E0
G1 Z1 F7200
G1 X116.845 Y97.574
G1 E2 F2400
;TYPE:Perimeter
G1 F1200
G1 X117.286 Y97.768 E2.01631
G1 X117.895 Y98.191 E2.04141
G1 X118.457 Y98.791 E2.06924
G1 X118.78 Y99.302 E2.0897
G1 X118.997 Y99.81 E2.1084
G1 X119.165 Y100.565 E2.13458
G1 X119.19 Y101.169 E2.15504
G1 X119.071 Y101.934 E2.18125
G1 X118.773 Y102.705 E2.20923
G1 X118.453 Y103.219 E2.22972
G1 X117.924 Y103.783 E2.25589
G1 X117.439 Y104.144 E2.27636
G1 X116.914 Y104.411 E2.2963
G1 X115.981 Y104.656 E2.32895
G1 X115.331 Y104.69 E2.35098
G1 X114.566 Y104.571 E2.37719
G1 X114.252 Y104.473 E2.38832
G1 X113.764 Y104.255 E2.40641
G1 X113.105 Y103.808 E2.43336
G1 X112.657 Y103.356 E2.4549
G1 X112.244 Y102.739 E2.48003
G1 X112.003 Y102.19 E2.50032
G1 X111.865 Y101.656 E2.51899
G1 X111.811 Y100.884 E2.54519
G1 X111.835 Y100.566 E2.55598
G1 X111.929 Y100.066 E2.5732
G1 X112.027 Y99.752 E2.58433
G1 X112.245 Y99.264 E2.60242
G1 X112.403 Y98.992 E2.61307
G1 X112.692 Y98.605 E2.62942
G1 X113.114 Y98.18 E2.64969
G1 X113.756 Y97.747 E2.6759
G1 X114.043 Y97.609 E2.68668
G1 X114.524 Y97.441 E2.70393
G1 X115.155 Y97.323 E2.72566
G1 X115.897 Y97.33 E2.75078
G1 X116.698 Y97.509 E2.77856
G1 X116.79 Y97.549 E2.78196
G1 X116.697 Y97.949 F7200
G1 F1200
G1 X117.106 Y98.133 E2.79714
G1 X117.652 Y98.518 E2.81975
G1 X118.148 Y99.056 E2.84452
G1 X118.428 Y99.506 E2.86246
G1 X118.67 Y100.141 E2.88546
G1 X118.765 Y100.641 E2.90269
G1 X118.783 Y101.169 E2.92057
G1 X118.671 Y101.858 E2.9442
G1 X118.4 Y102.543 E2.96913
G1 X118.117 Y102.989 E2.98701
G1 X117.636 Y103.495 E3.01064
G1 X117.209 Y103.808 E3.02856
G1 X116.74 Y104.043 E3.04632
G1 X115.892 Y104.258 E3.07593
G1 X115.331 Y104.283 E3.09494
G1 X114.642 Y104.171 E3.11857
G1 X113.929 Y103.883 E3.1446
G1 X113.348 Y103.482 E3.1685
G1 X112.957 Y103.082 E3.18743
G1 X112.59 Y102.524 E3.21004
G1 X112.382 Y102.041 E3.22784
G1 X112.249 Y101.5 E3.2467
G1 X112.218 Y100.869 E3.26808
G1 X112.329 Y100.142 E3.29297
G1 X112.617 Y99.429 E3.319
G1 X113.018 Y98.848 E3.3429
G1 X113.391 Y98.478 E3.36068
G1 X113.972 Y98.092 E3.38429
G1 X114.623 Y97.837 E3.40796
G1 X115.212 Y97.726 E3.42825
G1 X115.88 Y97.737 E3.45086
G1 X116.593 Y97.902 E3.47563
G1 X116.643 Y97.925 E3.47749
G1 X116.55 Y98.326 F7200
G1 F1200
G1 X117.022 Y98.557 E3.49528
G1 X117.507 Y98.936 E3.51611
G1 X117.84 Y99.322 E3.53337
G1 X118.115 Y99.791 E3.55177
G1 X118.27 Y100.216 E3.56708
G1 X118.365 Y100.717 E3.58434
G1 X118.367 Y101.275 E3.60323
G1 X118.271 Y101.783 E3.62073
G1 X118.027 Y102.38 E3.64256
G1 X117.708 Y102.848 E3.66173
G1 X117.348 Y103.208 E3.67896
G1 X116.897 Y103.519 E3.6975
G1 X116.439 Y103.719 E3.71442
G1 X115.803 Y103.861 E3.73648
G1 X115.217 Y103.865 E3.75632
G1 X114.717 Y103.771 E3.77354
G1 X114.094 Y103.511 E3.79639
G1 X113.591 Y103.155 E3.81725
G1 X113.221 Y102.763 E3.8355
G1 X112.935 Y102.309 E3.85366
G1 X112.734 Y101.805 E3.87203
G1 X112.644 Y101.362 E3.88733
G1 X112.625 Y100.854 E3.90454
G1 X112.729 Y100.217 E3.92639
G1 X112.989 Y99.594 E3.94924
G1 X113.345 Y99.091 E3.9701
G1 X113.719 Y98.735 E3.98758
G1 X114.189 Y98.437 E4.00642
G1 X114.757 Y98.222 E4.02698
G1 X115.27 Y98.129 E4.04463
G1 X115.863 Y98.144 E4.06471
G1 X116.488 Y98.296 E4.08648
G1 X116.496 Y98.3 E4.08678
G1 X116.403 Y98.698 F7200
;TYPE:External perimeter
G1 F1200
G1 X116.779 Y98.883 E4.10096
G1 X117.199 Y99.202 E4.11881
G1 X117.531 Y99.588 E4.13604
G1 X117.736 Y99.94 E4.14983
G1 X117.87 Y100.292 E4.16258
G1 X117.965 Y100.792 E4.17981
G1 X117.965 Y101.207 E4.19386
G1 X117.871 Y101.707 E4.21108
G1 X117.654 Y102.217 E4.22984
G1 X117.42 Y102.56 E4.24389
G1 X117.06 Y102.92 E4.26112
G1 X116.723 Y103.151 E4.27495
G1 X116.35 Y103.322 E4.28884
G1 X115.714 Y103.464 E4.3109
G1 X115.293 Y103.465 E4.32515
G1 X114.793 Y103.371 E4.34237
G1 X114.26 Y103.14 E4.36203
G1 X113.834 Y102.829 E4.37988
G1 X113.536 Y102.503 E4.39483
G1 X113.271 Y102.077 E4.41181
G1 X113.131 Y101.715 E4.42495
G1 X113.051 Y101.347 E4.4377
G1 X113.031 Y100.838 E4.45494
G1 X113.129 Y100.293 E4.47368
G1 X113.36 Y99.76 E4.49334
G1 X113.671 Y99.334 E4.51119
G1 X113.975 Y99.052 E4.52523
G1 X114.406 Y98.781 E4.54246
G1 X114.892 Y98.606 E4.55994
G1 X115.383 Y98.531 E4.57675
G1 X115.89 Y98.557 E4.59393
G1 X116.347 Y98.679 E4.60994
G1 X116.709 Y98.85 F7200
G1 E2.60994 F2400
G92 E0
G1 X112.709 Y88.363 F7200
G1 E2 F2400
;TYPE:Perimeter
G1 F1200
G1 X112.77 Y88.087 E2.00957
G1 X112.973 Y87.62 E2.02681
G1 X113.344 Y87.092 E2.04865
G1 X113.822 Y86.66 E2.07046
G1 X114.539 Y86.289 E2.09779
;WIDTH:0.497097
G1 X115.238 Y86.111 E2.12503
;WIDTH:0.502366
G1 X115.865 Y86.118 E2.14898
;WIDTH:0.517016
G1 X116.005 Y86.132 E2.15453
G1 X116.246 Y86.214 E2.16457
;WIDTH:0.483508
G1 X116.488 Y86.296 E2.17393
;WIDTH:0.449999
G1 X117.065 Y86.583 E2.19574
G1 X117.496 Y86.923 E2.21432
G1 X117.81 Y87.282 E2.23046
G1 X118.094 Y87.743 E2.24879
G1 X118.27 Y88.216 E2.26587
G1 X118.365 Y88.717 E2.28313
G1 X118.369 Y89.261 E2.30154
G1 X118.291 Y89.707 E2.31687
G1 X118.123 Y90.187 E2.33408
G1 X117.793 Y90.741 E2.35591
G1 X117.348 Y91.208 E2.37774
G1 X116.81 Y91.564 E2.39958
G1 X116.283 Y91.77 E2.41873
G1 X115.783 Y91.865 E2.43596
G1 X115.138 Y91.856 E2.45779
G1 X114.549 Y91.714 E2.4783
G1 X113.935 Y91.417 E2.50139
G1 X113.527 Y91.101 E2.51886
G1 X113.19 Y90.718 E2.53613
G1 X112.926 Y90.293 E2.55307
G1 X112.73 Y89.783 E2.57156
G1 X112.635 Y89.283 E2.58879
G1 X112.638 Y88.689 E2.6089
G1 X112.696 Y88.422 E2.61815
G1 X113.101 Y88.453 F7200
;TYPE:External perimeter
G1 F1200
G1 X113.143 Y88.249 E2.6252
G1 X113.346 Y87.783 E2.64241
G1 X113.671 Y87.334 E2.66117
G1 X114.088 Y86.969 E2.67993
G1 X114.717 Y86.655 E2.70373
G1 X115.318 Y86.534 E2.72448
G1 X115.847 Y86.55 E2.74239
G1 X116.383 Y86.689 E2.76113
G1 X116.875 Y86.943 E2.77987
G1 X117.195 Y87.198 E2.79372
G1 X117.464 Y87.497 E2.80733
G1 X117.729 Y87.924 E2.82434
G1 X117.87 Y88.292 E2.83768
G1 X117.965 Y88.792 E2.85491
G1 X117.966 Y89.2 E2.86872
G1 X117.907 Y89.572 E2.88147
G1 X117.739 Y90.052 E2.89868
G1 X117.448 Y90.525 E2.91748
G1 X117.06 Y90.92 E2.93622
G1 X116.594 Y91.219 E2.95496
G1 X116.158 Y91.38 E2.97069
G1 X115.662 Y91.469 E2.98775
G1 X115.154 Y91.449 E3.00496
G1 X114.654 Y91.321 E3.02243
G1 X114.125 Y91.057 E3.04244
G1 X113.805 Y90.802 E3.05629
G1 X113.536 Y90.503 E3.0699
G1 X113.271 Y90.075 E3.08694
G1 X113.13 Y89.708 E3.10025
G1 X113.035 Y89.207 E3.11751
G1 X113.038 Y88.766 E3.13244
G1 X113.09 Y88.511 E3.14125
G1 X113.203 Y88.128 F7200
G1 E1.14125 F2400
G92 E0
G1 X120.054 Y113.554 F7200
G1 E2 F2400
;TYPE:Perimeter
G1 F2700
G1 X79.946 Y113.554 E3.35761
G1 X79.946 Y86.446 E4.27518
G1 X112.839 Y86.446 E5.38857
G1 X112.689 Y86.609 E5.39607
G1 X112.227 Y87.294 E5.42404
G1 X111.93 Y88.06 E5.45185
G1 X111.813 Y88.794 E5.47701
G1 X111.835 Y89.435 E5.49872
G1 X112.003 Y90.19 E5.5249
G1 X112.244 Y90.739 E5.54519
G1 X112.657 Y91.356 E5.57032
G1 X113.067 Y91.779 E5.59026
G1 X113.552 Y92.135 E5.61062
G1 X114.005 Y92.374 E5.62796
G1 X114.338 Y92.501 E5.64002
G1 X115.074 Y92.668 E5.66557
G1 X115.583 Y92.688 E5.68281
G1 X115.935 Y92.665 E5.69475
G1 X116.69 Y92.497 E5.72093
G1 X117.244 Y92.253 E5.74142
G1 X117.924 Y91.783 E5.7694
G1 X118.482 Y91.174 E5.79736
G1 X118.892 Y90.456 E5.82535
G1 X119.123 Y89.717 E5.85156
G1 X119.19 Y89.17 E5.87021
G1 X119.165 Y88.565 E5.89071
G1 X119.07 Y88.065 E5.90794
G1 X118.824 Y87.383 E5.93248
G1 X118.501 Y86.851 E5.95355
G1 X118.163 Y86.446 E5.97141
G1 X120.054 Y86.446 E6.03542
G1 X120.054 Y113.494 E6.95096
G1 X120.461 Y113.961 F7200
G1 F2700
G1 X79.539 Y113.961 E8.33612
G1 X79.539 Y86.039 E9.28125
G1 X114.122 Y86.039 E10.45184
G1 X113.556 Y86.352 E10.47373
G1 X113.016 Y86.851 E10.49862
G1 X112.6 Y87.457 E10.5235
G1 X112.33 Y88.138 E10.5483
G1 X112.22 Y88.797 E10.57091
G1 X112.235 Y89.359 E10.58994
G1 X112.382 Y90.042 E10.61359
G1 X112.59 Y90.524 E10.63136
G1 X112.957 Y91.082 E10.65397
G1 X113.32 Y91.461 E10.67173
G1 X113.743 Y91.775 E10.68956
G1 X114.195 Y92.014 E10.70687
G1 X114.444 Y92.107 E10.71587
G1 X115.123 Y92.263 E10.73945
G1 X115.859 Y92.265 E10.76436
G1 X116.542 Y92.118 E10.78801
G1 X117.027 Y91.908 E10.8059
G1 X117.636 Y91.496 E10.83079
G1 X118.138 Y90.958 E10.8557
G1 X118.507 Y90.321 E10.88062
G1 X118.717 Y89.681 E10.90342
G1 X118.783 Y89.17 E10.92086
G1 X118.765 Y88.641 E10.93878
G1 X118.67 Y88.141 E10.95601
G1 X118.459 Y87.563 E10.97684
G1 X118.155 Y87.066 E10.99656
G1 X117.797 Y86.649 E11.01516
G1 X117.414 Y86.328 E11.03208
G1 X116.906 Y86.039 E11.05186
G1 X120.461 Y86.039 E11.17219
G1 X120.461 Y113.901 E12.11528
G1 X120.868 Y114.368 F7200
G1 F2700
G1 X79.132 Y114.368 E13.52799
G1 X79.132 Y85.632 E14.50067
G1 X114.636 Y85.632 E15.70244
;WIDTH:0.492389
G1 X115.391 Y85.653 E15.73067
;WIDTH:0.517016
G1 X116.066 Y85.666 E15.75728
G1 X116.321 Y85.649 E15.76735
;WIDTH:0.483508
G1 X116.575 Y85.632 E15.77668
;WIDTH:0.449999
G1 X120.868 Y85.632 E15.92199
G1 X120.868 Y114.308 E16.89264
G1 X121.275 Y114.775 F7200
;TYPE:External perimeter
G1 F1800
G1 X78.725 Y114.775 E18.3329
G1 X78.725 Y85.225 E19.33313
G1 X121.275 Y85.225 E20.77339
G1 X121.275 Y114.715 E21.77159
G1 X120.879 Y114.774 F7200
G1 E19.77159 F2400
G92 E0
G1 X80.285 Y113.138 F7200
G1 E2 F2400
;TYPE:Solid infill
;WIDTH:0.548766
G1 X80.24 Y113.183 E2.00268
G1 X80.256 Y113.244 E2.00533
G1 X80.317 Y113.26 E2.00798
G1 X80.362 Y113.215 E2.01066
G1 X80.346 Y113.154 E2.01331
G1 X81.141 Y113.381 F7200
;WIDTH:0.38292
G1 F2400
G1 X81.122 Y113.452 E2.01539
G1 X81.193 Y113.433 E2.01747
G1 X81.182 Y113.392 E2.01867
;WIDTH:0.41646
G1 X81.089 Y113.32 E2.02232
;WIDTH:0.449999
G1 X80.996 Y113.248 E2.0263
G1 X80.252 Y112.504 E2.06191
G1 X80.18 Y112.411 E2.06589
;WIDTH:0.41646
G1 X80.108 Y112.318 E2.06954
;WIDTH:0.38292
G1 X80.119 Y112.359 E2.07074
G1 X80.048 Y112.378 E2.07282
G1 X80.067 Y112.307 E2.0749
;WIDTH:0.449999
G1 X80.252 Y111.928 E2.08918
G1 X81.572 Y113.248 E2.15237
G1 X82.147 Y113.248 E2.17183
G1 X80.252 Y111.353 E2.26254
G1 X80.252 Y110.777 E2.28204
G1 X82.723 Y113.248 E2.40033
G1 X83.299 Y113.248 E2.41983
G1 X80.252 Y110.201 E2.56569
G1 X80.252 Y109.626 E2.58515
G1 X83.874 Y113.248 E2.75853
G1 X84.45 Y113.248 E2.77803
G1 X80.252 Y109.05 E2.97899
G1 X80.252 Y108.474 E2.99849
G1 X85.026 Y113.248 E3.22702
G1 X85.601 Y113.248 E3.24648
G1 X80.252 Y107.899 E3.50253
G1 X80.252 Y107.323 E3.52203
G1 X86.177 Y113.248 E3.80566
G1 X86.753 Y113.248 E3.82516
G1 X80.252 Y106.747 E4.13636
G1 X80.252 Y106.171 E4.15586
G1 X87.329 Y113.248 E4.49463
G1 X87.904 Y113.248 E4.51409
G1 X80.252 Y105.596 E4.88039
G1 X80.252 Y105.02 E4.89989
G1 X88.48 Y113.248 E5.29376
G1 X89.056 Y113.248 E5.31326
G1 X80.252 Y104.444 E5.7347
G1 X80.252 Y103.869 E5.75416
G1 X89.631 Y113.248 E6.20313
G1 X90.207 Y113.248 E6.22263
G1 X80.252 Y103.293 E6.69917
G1 X80.252 Y102.717 E6.71867
G1 X90.783 Y113.248 E7.22278
G1 X91.358 Y113.248 E7.24224
G1 X80.252 Y102.142 E7.77388
G1 X80.252 Y101.566 E7.79338
G1 X91.934 Y113.248 E8.35259
G1 X92.51 Y113.248 E8.37209
G1 X80.252 Y100.99 E8.95887
G1 X80.252 Y100.415 E8.97833
G1 X93.085 Y113.248 E9.59264
G1 X93.661 Y113.248 E9.61214
G1 X80.252 Y99.839 E10.25402
G1 X80.252 Y99.263 E10.27352
G1 X94.237 Y113.248 E10.94297
G1 X94.813 Y113.248 E10.96247
G1 X80.252 Y98.687 E11.6595
G1 X80.252 Y98.112 E11.67896
G1 X95.388 Y113.248 E12.40351
G1 X95.964 Y113.248 E12.42301
G1 X80.252 Y97.536 E13.17513
G1 X80.252 Y96.96 E13.19463
G1 X96.54 Y113.248 E13.97433
G1 X97.115 Y113.248 E13.99379
G1 X80.252 Y96.385 E14.80101
G1 X80.252 Y95.809 E14.82051
G1 X97.691 Y113.248 E15.6553
G1 X98.267 Y113.248 E15.6748
G1 X80.252 Y95.233 E16.53717
G1 X80.252 Y94.658 E16.55663
G1 X98.842 Y113.248 E17.44652
G1 X99.418 Y113.248 E17.46602
G1 X80.252 Y94.082 E18.38348
G1 X80.252 Y93.506 E18.40298
G1 X99.994 Y113.248 E19.34802
G1 X100.57 Y113.248 E19.36752
G1 X80.252 Y92.93 E20.34013
G1 X80.252 Y92.355 E20.35959
G1 X101.145 Y113.248 E21.35972
G1 X101.721 Y113.248 E21.37922
G1 X80.252 Y91.779 E22.40693
G1 X80.252 Y91.203 E22.42643
G1 X102.297 Y113.248 E23.48171
G1 X102.872 Y113.248 E23.50117
G1 X80.252 Y90.628 E24.58398
G1 X80.252 Y90.052 E24.60348
G1 X103.448 Y113.248 E25.71386
G1 X104.024 Y113.248 E25.73336
G1 X80.252 Y89.476 E26.87131
G1 X80.252 Y88.901 E26.89077
G1 X104.599 Y113.248 E28.05625
G1 X105.175 Y113.248 E28.07575
G1 X80.252 Y88.325 E29.2688
G1 X80.252 Y87.749 E29.2883
G1 X105.751 Y113.248 E30.50892
G1 X106.327 Y113.248 E30.52842
G1 X80.252 Y87.173 E31.77661
G1 X80.134 Y86.604 E31.79628
;WIDTH:0.38292
G1 X80.115 Y86.675 E31.79836
G1 X80.186 Y86.656 E31.80044
G1 X80.175 Y86.615 E31.80164
;WIDTH:0.41646
G1 X80.29 Y86.683 E31.80579
;WIDTH:0.449999
G1 X80.405 Y86.752 E31.81033
G1 X106.902 Y113.248 E33.0787
G1 X107.478 Y113.248 E33.0982
G1 X80.981 Y86.752 E34.36657
G1 X81.557 Y86.752 E34.38607
G1 X108.054 Y113.248 E35.65444
G1 X108.629 Y113.248 E35.6739
G1 X82.132 Y86.752 E36.94227
G1 X82.708 Y86.752 E36.96177
G1 X109.205 Y113.248 E38.23014
G1 X109.781 Y113.248 E38.24964
G1 X83.284 Y86.752 E39.51801
G1 X83.859 Y86.752 E39.53747
G1 X110.356 Y113.248 E40.80584
G1 X110.932 Y113.248 E40.82534
G1 X84.435 Y86.752 E42.09371
G1 X85.011 Y86.752 E42.11321
G1 X111.508 Y113.248 E43.38158
G1 X112.083 Y113.248 E43.40104
G1 X85.587 Y86.752 E44.66939
G1 X86.162 Y86.752 E44.68885
G1 X112.659 Y113.248 E45.95722
G1 X113.235 Y113.248 E45.97672
G1 X86.738 Y86.752 E47.24509
G1 X87.314 Y86.752 E47.26459
G1 X113.811 Y113.248 E48.53296
G1 X114.386 Y113.248 E48.55242
G1 X87.889 Y86.752 E49.82079
G1 X88.465 Y86.752 E49.84029
G1 X114.962 Y113.248 E51.10866
G1 X115.538 Y113.248 E51.12816
G1 X89.041 Y86.752 E52.39653
G1 X89.616 Y86.752 E52.41599
G1 X116.113 Y113.248 E53.68436
G1 X116.689 Y113.248 E53.70386
G1 X90.192 Y86.752 E54.97223
G1 X90.768 Y86.752 E54.99173
G1 X117.265 Y113.248 E56.2601
G1 X117.84 Y113.248 E56.27956
G1 X91.344 Y86.752 E57.54791
G1 X91.919 Y86.752 E57.56737
G1 X118.416 Y113.248 E58.83574
G1 X118.992 Y113.248 E58.85524
G1 X92.495 Y86.752 E60.12361
G1 X93.071 Y86.752 E60.14311
G1 X119.568 Y113.248 E61.41148
G1 X119.702 Y113.277 E61.41612
;WIDTH:0.41646
G1 X119.836 Y113.306 E61.42038
;WIDTH:0.38292
G1 X119.817 Y113.377 E61.42246
G1 X119.888 Y113.358 E61.42454
G1 X119.877 Y113.317 E61.42574
;WIDTH:0.449999
G1 X119.748 Y112.854 E61.44201
G1 X93.646 Y86.752 E62.6915
G1 X94.222 Y86.752 E62.711
G1 X119.748 Y112.278 E63.93291
G1 X119.748 Y111.702 E63.95241
G1 X94.798 Y86.752 E65.14675
G1 X95.373 Y86.752 E65.16621
G1 X119.748 Y111.127 E66.33303
G1 X119.83 Y111.184 E66.33641
;WIDTH:0.41646
G1 X119.911 Y111.242 E66.3395
;WIDTH:0.38292
G1 X119.892 Y111.313 E66.34158
G1 X119.963 Y111.294 E66.34366
G1 X119.952 Y111.253 E66.34486
G1 E64.34486
G92 E0
G1 X113.498 Y104.39 F7200
G1 E2 F2400
G1 X112.871 Y103.849 E2.02341
G1 X112.41 Y103.365 E2.04231
G1 X112.09 Y102.962 E2.05686
;WIDTH:0.41646
G1 X111.981 Y102.818 E2.06247
;WIDTH:0.449999
G1 X111.872 Y102.674 E2.06858
G1 X95.949 Y86.752 E2.83078
G1 X96.525 Y86.752 E2.85028
G1 X111.589 Y101.816 E3.57138
G1 X111.67 Y101.96 E3.57697
;WIDTH:0.41646
G1 X111.751 Y102.104 E3.5821
;WIDTH:0.38292
G1 X111.778 Y101.908 E3.58769
;WIDTH:0.449999
G1 X111.517 Y101.168 E3.61425
G1 X97.101 Y86.752 E4.30433
G1 X97.676 Y86.752 E4.32379
G1 X111.522 Y100.597 E4.98657
G1 X111.611 Y100.111 E5.00329
G1 X98.252 Y86.752 E5.64278
G1 X98.828 Y86.752 E5.66228
G1 X111.739 Y99.663 E6.28032
G1 X111.918 Y99.266 E6.29506
G1 X99.403 Y86.752 E6.89412
G1 X99.979 Y86.752 E6.91362
G1 X112.114 Y98.887 E7.49451
G1 X112.357 Y98.554 E7.50846
G1 X100.555 Y86.752 E8.07341
G1 X101.13 Y86.752 E8.09287
G1 X112.617 Y98.238 E8.64272
G1 X112.915 Y97.961 E8.65649
G1 X101.706 Y86.752 E9.19306
G1 X102.282 Y86.752 E9.21256
G1 X113.246 Y97.715 E9.73738
G1 X113.601 Y97.495 E9.75152
G1 X102.857 Y86.752 E10.2658
G1 X103.433 Y86.752 E10.2853
G1 X113.995 Y97.313 E10.79087
G1 X114.422 Y97.165 E10.80617
G1 X104.009 Y86.752 E11.30463
G1 X104.585 Y86.752 E11.32413
G1 X114.889 Y97.056 E11.81738
G1 X115.414 Y97.005 E11.83523
G1 X105.16 Y86.752 E12.32606
G1 X105.736 Y86.752 E12.34556
G1 X116.022 Y97.037 E12.83792
G1 X117.051 Y97.366 F7200
;WIDTH:0.38292
G1 F2400
G1 X117.032 Y97.438 E12.84003
G1 X117.103 Y97.418 E12.84212
G1 X117.092 Y97.377 E12.84332
;WIDTH:0.41646
G1 X116.933 Y97.296 E12.84886
;WIDTH:0.449999
G1 X116.774 Y97.214 E12.85492
G1 X106.312 Y86.752 E13.35573
G1 X106.887 Y86.752 E13.37519
G1 X118.136 Y98.001 E13.91367
G1 E11.91367
G92 E0
G1 X113.785 Y104.588 F7200
G1 E2 F2400
G1 X119.748 Y110.551 E2.28545
G1 X119.803 Y110.674 E2.29001
;WIDTH:0.41646
G1 X119.857 Y110.798 E2.29421
;WIDTH:0.38292
G1 X119.838 Y110.869 E2.29629
G1 X119.909 Y110.85 E2.29837
G1 X119.898 Y110.809 E2.29957
G1 X119.748 Y109.975 F7200
;WIDTH:0.449999
G1 F2400
G1 X114.668 Y104.895 E2.54275
G1 X114.539 Y104.803 E2.54811
;WIDTH:0.41646
G1 X114.411 Y104.71 E2.55302
;WIDTH:0.38292
G1 X114.422 Y104.751 E2.55422
G1 X114.35 Y104.77 E2.55633
G1 X114.369 Y104.699 E2.55841
G1 X115.344 Y104.995 F7200
;WIDTH:0.449999
G1 F2400
G1 X119.748 Y109.399 E2.76923
G1 X119.748 Y108.824 E2.78869
G1 X115.896 Y104.971 E2.97311
G1 X116.38 Y104.879 E2.98979
G1 X119.748 Y108.248 E3.15104
G1 X119.748 Y107.672 E3.17054
G1 X116.836 Y104.76 E3.30994
G1 X117.245 Y104.593 E3.32489
G1 X119.748 Y107.097 E3.44473
G1 X119.952 Y106.647 E3.46145
;WIDTH:0.38292
G1 X119.963 Y106.688 E3.46265
G1 X119.892 Y106.707 E3.46473
G1 X119.911 Y106.636 E3.46681
;WIDTH:0.41646
G1 X119.83 Y106.579 E3.46989
;WIDTH:0.449999
G1 X119.748 Y106.521 E3.47329
G1 X117.61 Y104.383 E3.57563
G1 X118.148 Y103.991 E3.59816
G1 X118.713 Y103.379 E3.62635
G1 X119.059 Y102.814 E3.64878
G1 X119.372 Y101.985 E3.67877
G1 X119.405 Y101.714 E3.68801
;WIDTH:0.417513
G1 X119.439 Y101.444 E3.69649
;WIDTH:0.385026
G1 X119.457 Y100.841 E3.71365
;WIDTH:0.375144
G1 X119.387 Y100.36 E3.72708
G1 X119.684 Y100.629 E3.73815
G1 X119.786 Y100.609 E3.74102
G1 X119.787 Y100.848 E3.74762
;WIDTH:0.387886
G1 X119.78 Y101.501 E3.76635
;WIDTH:0.418943
G1 X119.764 Y101.76 E3.77446
;WIDTH:0.449999
G1 X119.748 Y102.02 E3.78328
G1 X119.748 Y105.945 E3.91614
G1 X118.092 Y104.289 E3.99541
G1 X118.634 Y104.163 E4.01425
;WIDTH:0.580515
G1 X119.034 Y103.733 E4.0405
G1 X119.276 Y103.367 E4.06011
G1 X119.276 Y104.805 E4.12439
G1 X118.778 Y104.306 E4.1559
G1 E2.1559
G92 E0
G1 X119.748 Y100.188 F7200
G1 E2 F2400
;WIDTH:0.449999
G1 X119.291 Y99.731 E2.02188
G1 X119.207 Y99.572 E2.02797
;WIDTH:0.41646
G1 X119.122 Y99.413 E2.03357
;WIDTH:0.38292
G1 X119.133 Y99.454 E2.03477
G1 X119.062 Y99.473 E2.03685
G1 X119.081 Y99.402 E2.03893
;WIDTH:0.449999
G1 X119.748 Y99.613 E2.06261
G1 X118.444 Y98.308 E2.12506
G1 X119.857 Y98.708 F7200
;WIDTH:0.38292
G1 F2400
G1 X119.838 Y98.779 E2.12714
G1 X119.909 Y98.76 E2.12922
G1 X119.898 Y98.719 E2.13042
;WIDTH:0.41646
G1 X119.823 Y98.878 E2.13588
;WIDTH:0.449999
G1 X119.748 Y99.037 E2.14183
G1 X107.463 Y86.752 E2.72991
G1 X108.039 Y86.752 E2.74941
G1 X111.813 Y90.526 E2.93007
G1 X111.916 Y90.67 E2.93606
;WIDTH:0.41646
G1 X112.02 Y90.814 E2.94158
;WIDTH:0.38292
G1 X112.355 Y91.25 E2.95712
G1 X113.316 Y92.204 F7200
G1 F2400
G1 X113.701 Y92.491 E2.9707
;WIDTH:0.41646
G1 X113.845 Y92.596 E2.97624
;WIDTH:0.449999
G1 X113.989 Y92.701 E2.98227
G1 X119.748 Y98.461 E3.25797
G1 X119.748 Y97.886 E3.27743
G1 X114.798 Y92.935 E3.51441
G1 X114.669 Y92.839 E3.51985
;WIDTH:0.41646
G1 X114.54 Y92.742 E3.52486
;WIDTH:0.38292
G1 X114.551 Y92.783 E3.52606
G1 X114.48 Y92.802 E3.52814
G1 X114.499 Y92.731 E3.53022
G1 X115.426 Y92.987 F7200
;WIDTH:0.449999
G1 F2400
G1 X119.748 Y97.31 E3.73714
G1 X119.748 Y96.734 E3.75664
G1 X115.981 Y92.967 E3.93696
G1 X116.459 Y92.869 E3.95348
G1 X119.748 Y96.158 E4.11092
G1 X119.748 Y95.583 E4.13038
G1 X116.904 Y92.739 E4.26652
G1 X117.305 Y92.563 E4.28134
G1 X119.748 Y95.007 E4.39831
G1 X119.952 Y94.558 E4.415
;WIDTH:0.38292
G1 X119.963 Y94.599 E4.4162
G1 X119.892 Y94.618 E4.41828
G1 X119.911 Y94.547 E4.42036
;WIDTH:0.41646
G1 X119.83 Y94.489 E4.42345
;WIDTH:0.449999
G1 X119.748 Y94.431 E4.42685
G1 X117.665 Y92.348 E4.52656
G1 X118.15 Y91.988 E4.547
G1 X118.749 Y91.324 E4.57727
G1 X119.183 Y90.546 E4.60742
G1 X119.397 Y89.823 E4.63294
;WIDTH:0.417355
G1 X119.443 Y89.408 E4.64594
;WIDTH:0.382115
G1 X119.456 Y88.808 E4.66287
;WIDTH:0.410122
G1 X119.408 Y88.395 E4.67556
;WIDTH:0.44518
G1 X119.36 Y87.983 E4.68943
;WIDTH:0.489164
G1 X119.296 Y87.738 E4.69883
;WIDTH:0.533148
G1 X119.231 Y87.493 E4.70916
;WIDTH:0.577132
G1 X119.166 Y87.248 E4.72042
;WIDTH:0.590017
G1 X118.913 Y86.822 E4.74296
G1 X119.678 Y86.822 E4.77776
G1 X119.685 Y87.158 E4.79305
;WIDTH:0.577132
G1 X119.708 Y87.436 E4.80544
;WIDTH:0.529949
G1 X119.732 Y87.713 E4.8167
;WIDTH:0.482766
G1 X119.756 Y87.991 E4.82691
;WIDTH:0.435582
G1 X119.771 Y88.417 E4.84083
;WIDTH:0.404399
G1 X119.787 Y88.844 E4.85367
;WIDTH:0.417355
G1 X119.765 Y89.88 E4.88593
;WIDTH:0.449999
G1 X119.748 Y90.634 E4.91146
G1 X119.748 Y93.856 E5.02052
G1 X118.145 Y92.252 E5.09728
G1 X118.663 Y92.114 E5.11543
;WIDTH:0.564194
G1 X119.065 Y91.673 E5.14129
G1 X119.284 Y91.32 E5.1593
G1 X119.284 Y92.735 E5.22063
G1 X118.807 Y92.258 E5.24987
G1 E3.24987
G92 E0
G1 X111.769 Y89.906 F7200
G1 E2 F2400
;WIDTH:0.38292
G1 X111.737 Y90.006 E2.00297
;WIDTH:0.41646
G1 X111.659 Y89.862 E2.00806
;WIDTH:0.449999
G1 X111.581 Y89.718 E2.0136
G1 X108.614 Y86.752 E2.1556
G1 X109.19 Y86.752 E2.1751
G1 X111.505 Y89.067 E2.28592
G1 X111.534 Y88.52 E2.30446
G1 X109.766 Y86.752 E2.38909
G1 X109.703 Y86.65 E2.39315
;WIDTH:0.41646
G1 X109.64 Y86.548 E2.39687
;WIDTH:0.38292
G1 X109.651 Y86.589 E2.39807
G1 X109.58 Y86.608 E2.40015
G1 X109.599 Y86.537 E2.40223
;WIDTH:0.449999
G1 X110.342 Y86.752 E2.42841
G1 X112.223 Y86.752 E2.49208
G1 X111.962 Y87.146 E2.50808
G1 X111.624 Y88.034 E2.54024
G1 X110.485 Y86.895 E2.59476
G1 X111.428 Y87.147 F7200
;WIDTH:0.549074
G1 F2400
G1 X111.383 Y87.192 E2.59744
G1 X111.399 Y87.253 E2.60009
G1 X111.46 Y87.269 E2.60274
G1 X111.505 Y87.225 E2.60539
G1 X111.489 Y87.163 E2.60808
M106 S112.2
;LAYER_CHANGE
;Z:1.2
;HEIGHT:0.2
G1 E.60808 F2400
G92 E0
G1 Z1.2 F7200
G1 X116.845 Y97.574
G1 E2 F2400
;TYPE:Perimeter
;WIDTH:0.449999
G1 F1200
G1 X117.293 Y97.772 E2.01658
G1 X117.566 Y97.948 E2.02757
G1 X118.089 Y98.377 E2.05047
G1 X118.367 Y98.683 E2.06446
G1 X118.728 Y99.218 E2.08631
G1 X118.895 Y99.556 E2.09907
G1 X119.069 Y100.067 E2.11734
G1 X119.142 Y100.427 E2.12977
G1 X119.187 Y101.071 E2.15162
G1 X119.165 Y101.434 E2.16393
G1 X119.071 Y101.934 E2.18115
G1 X118.773 Y102.705 E2.20913
G1 X118.453 Y103.219 E2.22962
G1 X117.924 Y103.783 E2.25579
G1 X117.243 Y104.253 E2.2838
G1 X116.476 Y104.559 E2.31175
G1 X115.882 Y104.674 E2.33223
G1 X115.331 Y104.69 E2.35089
G1 X114.524 Y104.558 E2.37857
G1 X113.789 Y104.271 E2.40528
G1 X113.109 Y103.812 E2.43305
G1 X112.68 Y103.386 E2.45351
G1 X112.247 Y102.744 E2.47972
G1 X111.99 Y102.147 E2.50172
G1 X111.834 Y101.428 E2.52662
G1 X111.81 Y100.831 E2.54684
G1 X111.929 Y100.066 E2.57305
G1 X112.028 Y99.75 E2.58426
G1 X112.248 Y99.257 E2.60253
G1 X112.407 Y98.986 E2.61317
G1 X112.721 Y98.566 E2.63092
G1 X113.181 Y98.124 E2.65251
G1 X113.751 Y97.75 E2.67559
G1 X114.043 Y97.609 E2.68657
G1 X114.524 Y97.441 E2.70382
G1 X115.163 Y97.323 E2.72582
G1 X115.898 Y97.33 E2.7507
G1 X116.698 Y97.509 E2.77845
G1 X116.79 Y97.55 E2.78186
G1 X116.697 Y97.949 F7200
G1 F1200
G1 X117.113 Y98.137 E2.79731
G1 X117.831 Y98.692 E2.82803
G1 X118.03 Y98.91 E2.83802
G1 X118.391 Y99.446 E2.85989
G1 X118.684 Y100.198 E2.88721
G1 X118.78 Y101.099 E2.91788
G1 X118.671 Y101.858 E2.94383
G1 X118.4 Y102.543 E2.96876
G1 X118.117 Y102.989 E2.98664
G1 X117.636 Y103.495 E3.01027
G1 X117.027 Y103.908 E3.03518
G1 X116.342 Y104.175 E3.06007
G1 X115.821 Y104.271 E3.078
G1 X115.133 Y104.263 E3.10129
G1 X114.603 Y104.159 E3.11957
G1 X113.953 Y103.898 E3.14328
G1 X113.351 Y103.484 E3.16801
G1 X112.978 Y103.109 E3.18591
G1 X112.592 Y102.527 E3.20955
G1 X112.37 Y102.002 E3.22884
G1 X112.234 Y101.354 E3.25125
G1 X112.217 Y100.831 E3.26896
G1 X112.329 Y100.142 E3.29259
G1 X112.62 Y99.423 E3.31884
G1 X113.019 Y98.847 E3.34256
G1 X113.496 Y98.393 E3.36485
G1 X113.966 Y98.096 E3.38367
G1 X114.622 Y97.838 E3.40753
G1 X115.219 Y97.726 E3.42809
G1 X115.881 Y97.737 E3.4505
G1 X116.593 Y97.902 E3.47524
G1 X116.643 Y97.925 E3.4771
G1 X116.549 Y98.327 F7200
G1 F1200
G1 X117.05 Y98.577 E3.49605
G1 X117.573 Y99.007 E3.51897
G1 X118.053 Y99.673 E3.54676
G1 X118.298 Y100.329 E3.57046
G1 X118.374 Y101.127 E3.59759
G1 X118.271 Y101.783 E3.62007
G1 X118.027 Y102.38 E3.6419
G1 X117.708 Y102.848 E3.66107
G1 X117.348 Y103.208 E3.6783
G1 X116.81 Y103.564 E3.70014
G1 X116.207 Y103.791 E3.72195
G1 X115.67 Y103.876 E3.74035
G1 X115.212 Y103.864 E3.75586
G1 X114.682 Y103.759 E3.77415
G1 X114.118 Y103.526 E3.79481
G1 X113.592 Y103.157 E3.81656
G1 X113.239 Y102.787 E3.83387
G1 X112.936 Y102.31 E3.853
G1 X112.733 Y101.802 E3.87152
G1 X112.634 Y101.281 E3.88947
G1 X112.629 Y100.758 E3.90717
G1 X112.729 Y100.217 E3.92579
G1 X112.992 Y99.589 E3.94884
G1 X113.345 Y99.09 E3.96953
G1 X113.787 Y98.687 E3.98978
G1 X114.25 Y98.403 E4.00817
G1 X114.756 Y98.222 E4.02636
G1 X115.276 Y98.129 E4.04424
G1 X115.864 Y98.144 E4.06415
G1 X116.488 Y98.296 E4.08589
G1 X116.496 Y98.3 E4.08619
G1 X116.403 Y98.699 F7200
;TYPE:External perimeter
G1 F1200
G1 X116.791 Y98.892 E4.10086
G1 X117.315 Y99.321 E4.12378
G1 X117.715 Y99.901 E4.14763
G1 X117.913 Y100.46 E4.1677
G1 X117.968 Y101.155 E4.1913
G1 X117.871 Y101.707 E4.21027
G1 X117.654 Y102.217 E4.22903
G1 X117.42 Y102.56 E4.24308
G1 X117.06 Y102.92 E4.26031
G1 X116.594 Y103.219 E4.27905
G1 X116.073 Y103.407 E4.2978
G1 X115.622 Y103.469 E4.31321
G1 X115.291 Y103.465 E4.32441
G1 X114.761 Y103.36 E4.3427
G1 X114.283 Y103.154 E4.36032
G1 X113.834 Y102.829 E4.37908
G1 X113.552 Y102.525 E4.39312
G1 X113.281 Y102.094 E4.41035
G1 X113.121 Y101.676 E4.4255
G1 X113.032 Y101.182 E4.44249
G1 X113.035 Y100.793 E4.45566
G1 X113.129 Y100.293 E4.47288
G1 X113.364 Y99.755 E4.49275
G1 X113.671 Y99.333 E4.51041
G1 X114.002 Y99.033 E4.52553
G1 X114.436 Y98.766 E4.54278
G1 X114.927 Y98.593 E4.5604
G1 X115.38 Y98.531 E4.57588
G1 X115.89 Y98.557 E4.59317
G1 X116.347 Y98.679 E4.60918
G1 X116.708 Y98.852 F7200
G1 E2.60918 F2400
G92 E0
G1 X112.719 Y88.365 F7200
G1 E2 F2400
;TYPE:Perimeter
G1 F1200
G1 X112.779 Y88.067 E2.01029
G1 X112.98 Y87.605 E2.02734
G1 X113.258 Y87.194 E2.04414
G1 X113.638 Y86.808 E2.06247
G1 X114.173 Y86.447 E2.08432
G1 X114.722 Y86.229 E2.10431
;WIDTH:0.497893
G1 X115.249 Y86.109 E2.12476
;WIDTH:0.502384
G1 X115.865 Y86.118 E2.1483
G1 X116.177 Y86.207 E2.1607
;WIDTH:0.476192
G1 X116.488 Y86.296 E2.17235
;WIDTH:0.449999
G1 X117.065 Y86.583 E2.19416
G1 X117.493 Y86.92 E2.2126
G1 X117.793 Y87.259 E2.22792
G1 X118.064 Y87.69 E2.24515
G1 X118.298 Y88.329 E2.26818
G1 X118.374 Y89.127 E2.29531
G1 X118.289 Y89.712 E2.31532
G1 X118.107 Y90.22 E2.33359
G1 X117.792 Y90.743 E2.35426
G1 X117.348 Y91.208 E2.37602
G1 X116.81 Y91.564 E2.39786
G1 X116.283 Y91.771 E2.41703
G1 X115.783 Y91.865 E2.43425
G1 X115.138 Y91.856 E2.45608
G1 X114.55 Y91.714 E2.47656
G1 X113.946 Y91.422 E2.49927
G1 X113.532 Y91.105 E2.51692
G1 X113.195 Y90.726 E2.53409
G1 X112.93 Y90.3 E2.55107
G1 X112.721 Y89.75 E2.57099
G1 X112.624 Y89.17 E2.59089
G1 X112.624 Y88.831 E2.60236
G1 X112.707 Y88.424 E2.61642
G1 X113.112 Y88.455 F7200
;TYPE:External perimeter
G1 F1200
G1 X113.176 Y88.156 E2.62677
G1 X113.364 Y87.75 E2.64191
G1 X113.556 Y87.471 E2.65337
G1 X113.865 Y87.146 E2.66855
G1 X114.401 Y86.785 E2.69042
G1 X114.794 Y86.629 E2.70473
G1 X115.326 Y86.533 E2.72303
G1 X115.847 Y86.55 E2.74067
G1 X116.383 Y86.689 E2.75941
G1 X116.875 Y86.943 E2.77815
G1 X117.194 Y87.196 E2.79193
G1 X117.448 Y87.475 E2.8047
G1 X117.719 Y87.907 E2.82196
G1 X117.913 Y88.46 E2.8418
G1 X117.968 Y89.156 E2.86543
G1 X117.906 Y89.574 E2.87973
G1 X117.723 Y90.082 E2.89801
G1 X117.448 Y90.525 E2.91566
G1 X117.06 Y90.92 E2.9344
G1 X116.594 Y91.219 E2.95314
G1 X116.159 Y91.38 E2.96884
G1 X115.662 Y91.469 E2.98593
G1 X115.153 Y91.449 E3.00317
G1 X114.655 Y91.321 E3.02057
G1 X114.136 Y91.062 E3.0402
G1 X113.804 Y90.802 E3.05447
G1 X113.533 Y90.498 E3.06826
G1 X113.263 Y90.058 E3.08573
G1 X113.121 Y89.676 E3.09952
G1 X113.031 Y89.17 E3.11692
G1 X113.031 Y88.831 E3.12839
G1 X113.099 Y88.514 E3.13936
G1 X113.201 Y88.127 F7200
G1 E1.13936 F2400
G92 E0
G1 X120.054 Y113.554 F7200
G1 E2 F2400
;TYPE:Perimeter
G1 F2700
G1 X79.946 Y113.554 E3.35761
G1 X79.946 Y86.446 E4.27518
G1 X112.841 Y86.446 E5.38863
G1 X112.525 Y86.811 E5.40497
G1 X112.243 Y87.258 E5.42286
G1 X111.984 Y87.891 E5.44601
G1 X111.81 Y88.831 E5.47837
G1 X111.834 Y89.428 E5.49859
G1 X111.99 Y90.147 E5.52349
G1 X112.243 Y90.738 E5.54525
G1 X112.652 Y91.35 E5.57017
G1 X113.067 Y91.779 E5.59037
G1 X113.555 Y92.137 E5.61086
G1 X114.004 Y92.374 E5.62805
G1 X114.339 Y92.501 E5.64018
G1 X115.075 Y92.668 E5.66573
G1 X115.589 Y92.688 E5.68314
G1 X115.934 Y92.665 E5.69484
G1 X116.69 Y92.497 E5.72105
G1 X117.244 Y92.253 E5.74154
G1 X117.924 Y91.783 E5.76952
G1 X118.479 Y91.18 E5.79726
G1 X118.873 Y90.495 E5.82401
G1 X119.123 Y89.717 E5.85167
G1 X119.187 Y89.071 E5.87364
G1 X119.142 Y88.427 E5.89549
G1 X119.069 Y88.067 E5.90792
G1 X118.896 Y87.556 E5.92618
G1 X118.753 Y87.257 E5.9374
G1 X118.482 Y86.826 E5.95463
G1 X118.164 Y86.446 E5.9714
G1 X120.054 Y86.446 E6.03537
G1 X120.054 Y113.494 E6.95091
G1 X120.461 Y113.961 F7200
G1 F2700
G1 X79.539 Y113.961 E8.33607
G1 X79.539 Y86.039 E9.2812
G1 X114.08 Y86.039 E10.45037
G1 X113.946 Y86.109 E10.45549
G1 X113.41 Y86.47 E10.47736
G1 X112.959 Y86.917 E10.49885
G1 X112.612 Y87.431 E10.51984
G1 X112.382 Y87.979 E10.53996
G1 X112.217 Y88.831 E10.56933
G1 X112.234 Y89.354 E10.58704
G1 X112.37 Y90.002 E10.60945
G1 X112.589 Y90.523 E10.62858
G1 X112.953 Y91.076 E10.65099
G1 X113.32 Y91.461 E10.66899
G1 X113.745 Y91.777 E10.68692
G1 X114.195 Y92.014 E10.70414
G1 X114.444 Y92.108 E10.71315
G1 X115.123 Y92.263 E10.73672
G1 X115.858 Y92.265 E10.7616
G1 X116.541 Y92.118 E10.78525
G1 X117.027 Y91.908 E10.80317
G1 X117.636 Y91.496 E10.82806
G1 X118.135 Y90.962 E10.8528
G1 X118.49 Y90.358 E10.87651
G1 X118.721 Y89.657 E10.90149
G1 X118.78 Y89.099 E10.92048
G1 X118.684 Y88.198 E10.95115
G1 X118.409 Y87.473 E10.9774
G1 X118.138 Y87.042 E10.99463
G1 X117.791 Y86.643 E11.01253
G1 X117.414 Y86.328 E11.02916
G1 X116.906 Y86.039 E11.04894
G1 X120.461 Y86.039 E11.16927
G1 X120.461 Y113.901 E12.11236
G1 X120.868 Y114.368 F7200
G1 F2700
G1 X79.132 Y114.368 E13.52507
G1 X79.132 Y85.632 E14.49775
G1 X114.668 Y85.632 E15.7006
;WIDTH:0.492301
G1 X115.398 Y85.653 E15.72789
;WIDTH:0.517017
G1 X116.066 Y85.666 E15.75423
G1 X116.321 Y85.649 E15.7643
;WIDTH:0.483508
G1 X116.575 Y85.632 E15.77363
;WIDTH:0.449999
G1 X120.868 Y85.632 E15.91894
G1 X120.868 Y114.308 E16.88959
G1 X121.275 Y114.775 F7200
;TYPE:External perimeter
G1 F1800
G1 X78.725 Y114.775 E18.32985
G1 X78.725 Y85.225 E19.33008
G1 X121.275 Y85.225 E20.77034
G1 X121.275 Y114.715 E21.76854
G1 X120.879 Y114.774 F7200
G1 E19.76854 F2400
G92 E0
G1 X119.748 Y111.465 F7200
G1 E2 F2400
;TYPE:Internal infill
;WIDTH:0.45
G1 F3300
G1 X119.748 Y113.248 E2.06035
G1 X119.361 Y113.248 E2.07345
G1 X118.869 Y113.095 E2.09089
G1 X118.345 Y113.12 E2.10865
G1 X117.858 Y113.248 E2.12569
G1 X115.168 Y113.248 E2.21674
G1 X114.676 Y113.095 E2.23418
G1 X114.152 Y113.12 E2.25194
G1 X113.665 Y113.248 E2.26898
G1 X110.975 Y113.248 E2.36003
G1 X110.483 Y113.095 E2.37747
G1 X109.958 Y113.12 E2.39526
G1 X109.472 Y113.248 E2.41227
G1 X106.782 Y113.248 E2.50332
G1 X106.29 Y113.095 E2.52076
G1 X105.765 Y113.12 E2.53855
G1 X105.279 Y113.248 E2.55556
G1 X102.589 Y113.248 E2.64661
G1 X102.097 Y113.095 E2.66405
G1 X101.572 Y113.12 E2.68184
G1 X101.086 Y113.248 E2.69885
G1 X98.396 Y113.248 E2.7899
G1 X97.903 Y113.095 E2.80737
G1 X97.379 Y113.12 E2.82513
G1 X96.893 Y113.248 E2.84214
G1 X94.203 Y113.248 E2.93319
G1 X93.71 Y113.095 E2.95066
G1 X93.186 Y113.12 E2.96842
G1 X92.699 Y113.248 E2.98546
G1 X90.01 Y113.248 E3.07648
G1 X89.517 Y113.095 E3.09395
G1 X88.993 Y113.12 E3.11171
G1 X88.506 Y113.248 E3.12875
G1 X85.817 Y113.248 E3.21977
G1 X85.324 Y113.095 E3.23724
G1 X84.8 Y113.12 E3.255
G1 X84.313 Y113.248 E3.27204
G1 X81.624 Y113.248 E3.36306
G1 X81.131 Y113.095 E3.38053
G1 X80.607 Y113.12 E3.39829
G1 X80.252 Y113.214 E3.41072
G1 X80.252 Y111.53 E3.46772
G1 X80.607 Y111.201 E3.4841
G1 X81.131 Y110.998 E3.50312
G1 X81.655 Y111.023 E3.52088
G1 X82.18 Y111.375 E3.54228
G1 X82.704 Y111.861 E3.56647
G1 X83.228 Y112.064 E3.58549
G1 X83.752 Y112.038 E3.60325
G1 X84.276 Y111.687 E3.6246
G1 X84.8 Y111.201 E3.64879
G1 X85.324 Y110.998 E3.66781
G1 X85.848 Y111.023 E3.68557
G1 X86.373 Y111.375 E3.70697
G1 X86.897 Y111.861 E3.73116
G1 X87.421 Y112.064 E3.75018
G1 X87.945 Y112.038 E3.76794
G1 X88.469 Y111.687 E3.78929
G1 X88.993 Y111.201 E3.81348
G1 X89.517 Y110.998 E3.8325
G1 X90.042 Y111.023 E3.85029
G1 X90.566 Y111.375 E3.87166
G1 X91.09 Y111.861 E3.89585
G1 X91.614 Y112.064 E3.91487
G1 X92.138 Y112.038 E3.93263
G1 X92.662 Y111.687 E3.95398
G1 X93.186 Y111.201 E3.97817
G1 X93.71 Y110.998 E3.99719
G1 X94.235 Y111.023 E4.01498
G1 X94.759 Y111.375 E4.03635
G1 X95.283 Y111.861 E4.06054
G1 X95.807 Y112.064 E4.07956
G1 X96.331 Y112.038 E4.09732
G1 X96.855 Y111.687 E4.11867
G1 X97.379 Y111.201 E4.14286
G1 X97.903 Y110.998 E4.16188
G1 X98.428 Y111.023 E4.17967
G1 X98.952 Y111.375 E4.20104
G1 X99.476 Y111.861 E4.22523
G1 X100 Y112.064 E4.24425
G1 X100.524 Y112.038 E4.26201
G1 X101.048 Y111.687 E4.28336
G1 X101.572 Y111.201 E4.30755
G1 X102.097 Y110.998 E4.3266
G1 X102.621 Y111.023 E4.34436
G1 X103.145 Y111.375 E4.36573
G1 X103.669 Y111.861 E4.38992
G1 X104.193 Y112.064 E4.40894
G1 X104.717 Y112.038 E4.4267
G1 X105.241 Y111.687 E4.44805
G1 X105.765 Y111.201 E4.47224
G1 X106.29 Y110.998 E4.49129
G1 X106.814 Y111.023 E4.50905
G1 X107.338 Y111.375 E4.53042
G1 X107.862 Y111.861 E4.55461
G1 X108.386 Y112.064 E4.57363
G1 X108.91 Y112.038 E4.59139
G1 X109.434 Y111.687 E4.61274
G1 X109.958 Y111.201 E4.63693
G1 X110.483 Y110.998 E4.65598
G1 X111.007 Y111.023 E4.67374
G1 X111.531 Y111.375 E4.69511
G1 X112.055 Y111.861 E4.7193
G1 X112.579 Y112.064 E4.73832
G1 X113.103 Y112.038 E4.75608
G1 X113.627 Y111.687 E4.77743
G1 X114.152 Y111.201 E4.80165
G1 X114.676 Y110.998 E4.82067
G1 X115.2 Y111.023 E4.83843
G1 X115.724 Y111.375 E4.8598
G1 X116.248 Y111.861 E4.88399
G1 X116.772 Y112.064 E4.90301
G1 X117.296 Y112.038 E4.92077
G1 X117.82 Y111.687 E4.94212
G1 X118.345 Y111.201 E4.96634
G1 X118.869 Y110.998 E4.98536
G1 X119.393 Y111.023 E5.00312
G1 X119.748 Y111.262 E5.01761
G1 X119.748 Y109.434 E5.07949
G1 X119.393 Y109.104 E5.0959
G1 X118.869 Y108.902 E5.11491
G1 X118.345 Y108.927 E5.13267
G1 X117.82 Y109.279 E5.15407
G1 X117.296 Y109.765 E5.17826
G1 X116.772 Y109.967 E5.19727
G1 X116.248 Y109.942 E5.21503
G1 X115.724 Y109.59 E5.2364
G1 X115.2 Y109.104 E5.26059
G1 X114.676 Y108.902 E5.2796
G1 X114.152 Y108.927 E5.29736
G1 X113.627 Y109.279 E5.31876
G1 X113.103 Y109.765 E5.34295
G1 X112.579 Y109.967 E5.36196
G1 X112.055 Y109.942 E5.37972
G1 X111.531 Y109.59 E5.40109
G1 X111.007 Y109.104 E5.42528
G1 X110.483 Y108.902 E5.44429
G1 X109.958 Y108.927 E5.46208
G1 X109.434 Y109.279 E5.48345
G1 X108.91 Y109.765 E5.50764
G1 X108.386 Y109.967 E5.52665
G1 X107.862 Y109.942 E5.54441
G1 X107.338 Y109.59 E5.56578
G1 X106.814 Y109.104 E5.58997
G1 X106.29 Y108.902 E5.60898
G1 X105.765 Y108.927 E5.62677
G1 X105.241 Y109.279 E5.64814
G1 X104.717 Y109.765 E5.67233
G1 X104.193 Y109.967 E5.69134
G1 X103.669 Y109.942 E5.7091
G1 X103.145 Y109.59 E5.73047
G1 X102.621 Y109.104 E5.75466
G1 X102.097 Y108.902 E5.77367
G1 X101.572 Y108.927 E5.79146
G1 X101.048 Y109.279 E5.81283
G1 X100.524 Y109.765 E5.83702
G1 X100 Y109.967 E5.85603
G1 X99.476 Y109.942 E5.87379
G1 X98.952 Y109.59 E5.89516
G1 X98.428 Y109.104 E5.91935
G1 X97.903 Y108.902 E5.93839
G1 X97.379 Y108.927 E5.95615
G1 X96.855 Y109.279 E5.97752
G1 X96.331 Y109.765 E6.00171
G1 X95.807 Y109.967 E6.02072
G1 X95.283 Y109.942 E6.03848
G1 X94.759 Y109.59 E6.05985
G1 X94.235 Y109.104 E6.08404
G1 X93.71 Y108.902 E6.10308
G1 X93.186 Y108.927 E6.12084
G1 X92.662 Y109.279 E6.14221
G1 X92.138 Y109.765 E6.1664
G1 X91.614 Y109.967 E6.18541
G1 X91.09 Y109.942 E6.20317
G1 X90.566 Y109.59 E6.22454
G1 X90.042 Y109.104 E6.24873
G1 X89.517 Y108.902 E6.26777
G1 X88.993 Y108.927 E6.28553
G1 X88.469 Y109.279 E6.3069
G1 X87.945 Y109.765 E6.33109
G1 X87.421 Y109.967 E6.3501
G1 X86.897 Y109.942 E6.36786
G1 X86.373 Y109.59 E6.38923
G1 X85.848 Y109.104 E6.41345
G1 X85.324 Y108.902 E6.43246
G1 X84.8 Y108.927 E6.45022
G1 X84.276 Y109.279 E6.47159
G1 X83.752 Y109.765 E6.49578
G1 X83.228 Y109.967 E6.51479
G1 X82.704 Y109.942 E6.53255
G1 X82.18 Y109.59 E6.55392
G1 X81.655 Y109.104 E6.57814
G1 X81.131 Y108.902 E6.59715
G1 X80.607 Y108.927 E6.61491
G1 X80.252 Y109.165 E6.62938
G1 X80.252 Y107.337 E6.69126
G1 X80.607 Y107.007 E6.70767
G1 X81.131 Y106.805 E6.72668
G1 X81.655 Y106.83 E6.74444
G1 X82.18 Y107.182 E6.76584
G1 X82.704 Y107.668 E6.79003
G1 X83.228 Y107.871 E6.80905
G1 X83.752 Y107.845 E6.82681
G1 X84.276 Y107.494 E6.84816
G1 X84.8 Y107.007 E6.87237
G1 X85.324 Y106.805 E6.89138
G1 X85.848 Y106.83 E6.90914
G1 X86.373 Y107.182 E6.93054
G1 X86.897 Y107.668 E6.95473
G1 X87.421 Y107.871 E6.97375
G1 X87.945 Y107.845 E6.99151
G1 X88.469 Y107.494 E7.01286
G1 X88.993 Y107.007 E7.03707
G1 X89.517 Y106.805 E7.05608
G1 X90.042 Y106.83 E7.07387
G1 X90.566 Y107.182 E7.09524
G1 X91.09 Y107.668 E7.11943
G1 X91.614 Y107.871 E7.13845
G1 X92.138 Y107.845 E7.15621
G1 X92.662 Y107.494 E7.17756
G1 X93.186 Y107.007 E7.20177
G1 X93.71 Y106.805 E7.22078
G1 X94.235 Y106.83 E7.23857
G1 X94.759 Y107.182 E7.25994
G1 X95.283 Y107.668 E7.28413
G1 X95.807 Y107.871 E7.30315
G1 X96.331 Y107.845 E7.32091
G1 X96.855 Y107.494 E7.34226
G1 X97.379 Y107.007 E7.36647
G1 X97.903 Y106.805 E7.38548
G1 X98.428 Y106.83 E7.40327
G1 X98.952 Y107.182 E7.42464
G1 X99.476 Y107.668 E7.44883
G1 X100 Y107.871 E7.46785
G1 X100.524 Y107.845 E7.48561
G1 X101.048 Y107.494 E7.50696
G1 X101.572 Y107.007 E7.53117
G1 X102.097 Y106.805 E7.55021
G1 X102.621 Y106.83 E7.56797
G1 X103.145 Y107.182 E7.58934
G1 X103.669 Y107.668 E7.61353
G1 X104.193 Y107.871 E7.63255
G1 X104.717 Y107.845 E7.65031
G1 X105.241 Y107.494 E7.67166
G1 X105.765 Y107.007 E7.69587
G1 X106.29 Y106.805 E7.71491
G1 X106.814 Y106.83 E7.73267
G1 X107.338 Y107.182 E7.75404
G1 X107.862 Y107.668 E7.77823
G1 X108.386 Y107.871 E7.79725
G1 X108.91 Y107.845 E7.81501
G1 X109.434 Y107.494 E7.83636
G1 X109.958 Y107.007 E7.86057
G1 X110.483 Y106.805 E7.87961
G1 X111.007 Y106.83 E7.89737
G1 X111.531 Y107.182 E7.91874
G1 X112.055 Y107.668 E7.94293
G1 X112.579 Y107.871 E7.96195
G1 X113.103 Y107.845 E7.97971
G1 X113.627 Y107.494 E8.00106
G1 X114.152 Y107.007 E8.0253
G1 X114.676 Y106.805 E8.04431
G1 X115.2 Y106.83 E8.06207
G1 X115.724 Y107.182 E8.08344
G1 X116.248 Y107.668 E8.10763
G1 X116.772 Y107.871 E8.12665
G1 X117.296 Y107.845 E8.14441
G1 X117.82 Y107.494 E8.16576
G1 X118.345 Y107.007 E8.19
G1 X118.869 Y106.805 E8.20901
G1 X119.393 Y106.83 E8.22677
G1 X119.748 Y107.069 E8.24126
G1 X119.748 Y105.241 E8.30314
G1 X119.393 Y104.911 E8.31955
G1 X118.869 Y104.708 E8.33857
G1 X118.345 Y104.734 E8.35633
G1 X117.82 Y105.085 E8.37771
G1 X117.296 Y105.572 E8.40192
G1 X116.772 Y105.774 E8.42093
G1 X116.248 Y105.749 E8.43869
G1 X115.724 Y105.397 E8.46006
G1 X115.287 Y104.991 E8.48025
G1 X114.133 Y104.746 E8.52018
G1 X113.627 Y105.085 E8.5408
G1 X113.103 Y105.572 E8.56501
G1 X112.579 Y105.774 E8.58402
G1 X112.055 Y105.749 E8.60178
G1 X111.531 Y105.397 E8.62315
G1 X111.007 Y104.911 E8.64734
G1 X110.483 Y104.708 E8.66636
G1 X109.958 Y104.734 E8.68415
G1 X109.434 Y105.085 E8.7055
G1 X108.91 Y105.572 E8.72971
G1 X108.386 Y105.774 E8.74872
G1 X107.862 Y105.749 E8.76648
G1 X107.338 Y105.397 E8.78785
G1 X106.814 Y104.911 E8.81204
G1 X106.29 Y104.708 E8.83106
G1 X105.765 Y104.734 E8.84885
G1 X105.241 Y105.085 E8.8702
G1 X104.717 Y105.572 E8.89441
G1 X104.193 Y105.774 E8.91342
G1 X103.669 Y105.749 E8.93118
G1 X103.145 Y105.397 E8.95255
G1 X102.621 Y104.911 E8.97674
G1 X102.097 Y104.708 E8.99576
G1 X101.572 Y104.734 E9.01355
G1 X101.048 Y105.085 E9.0349
G1 X100.524 Y105.572 E9.05911
G1 X100 Y105.774 E9.07812
G1 X99.476 Y105.749 E9.09588
G1 X98.952 Y105.397 E9.11725
G1 X98.428 Y104.911 E9.14144
G1 X97.903 Y104.708 E9.16049
G1 X97.379 Y104.734 E9.17825
G1 X96.855 Y105.085 E9.1996
G1 X96.331 Y105.572 E9.22381
G1 X95.807 Y105.774 E9.24282
G1 X95.283 Y105.749 E9.26058
G1 X94.759 Y105.397 E9.28195
G1 X94.235 Y104.911 E9.30614
G1 X93.71 Y104.708 E9.32519
G1 X93.186 Y104.734 E9.34295
G1 X92.662 Y105.085 E9.3643
G1 X92.138 Y105.572 E9.38851
G1 X91.614 Y105.774 E9.40752
G1 X91.09 Y105.749 E9.42528
G1 X90.566 Y105.397 E9.44665
G1 X90.042 Y104.911 E9.47084
G1 X89.517 Y104.708 E9.48989
G1 X88.993 Y104.734 E9.50765
G1 X88.469 Y105.085 E9.529
G1 X87.945 Y105.572 E9.55321
G1 X87.421 Y105.774 E9.57222
G1 X86.897 Y105.749 E9.58998
G1 X86.373 Y105.397 E9.61135
G1 X85.848 Y104.911 E9.63557
G1 X85.324 Y104.708 E9.65459
G1 X84.8 Y104.734 E9.67235
G1 X84.276 Y105.085 E9.6937
G1 X83.752 Y105.572 E9.71791
G1 X83.228 Y105.774 E9.73692
G1 X82.704 Y105.749 E9.75468
G1 X82.18 Y105.397 E9.77605
G1 X81.655 Y104.911 E9.80027
G1 X81.131 Y104.708 E9.81929
G1 X80.607 Y104.734 E9.83705
G1 X80.252 Y104.972 E9.85152
G1 X80.252 Y103.144 E9.9134
G1 X80.607 Y102.814 E9.92981
G1 X81.131 Y102.612 E9.94882
G1 X81.655 Y102.637 E9.96658
G1 X82.18 Y102.989 E9.98798
G1 X82.704 Y103.475 E10.01217
G1 X83.228 Y103.678 E10.03119
G1 X83.752 Y103.652 E10.04895
G1 X84.276 Y103.301 E10.0703
G1 X84.8 Y102.814 E10.09451
G1 X85.324 Y102.612 E10.11352
G1 X85.848 Y102.637 E10.13128
G1 X86.373 Y102.989 E10.15268
G1 X86.897 Y103.475 E10.17687
G1 X87.421 Y103.678 E10.19589
G1 X87.945 Y103.652 E10.21365
G1 X88.469 Y103.301 E10.235
G1 X88.993 Y102.814 E10.25921
G1 X89.517 Y102.612 E10.27822
G1 X90.042 Y102.637 E10.29601
G1 X90.566 Y102.989 E10.31738
G1 X91.09 Y103.475 E10.34157
G1 X91.614 Y103.678 E10.36059
G1 X92.138 Y103.652 E10.37835
G1 X92.662 Y103.301 E10.3997
G1 X93.186 Y102.814 E10.42391
G1 X93.71 Y102.612 E10.44292
G1 X94.235 Y102.637 E10.46071
G1 X94.759 Y102.989 E10.48208
G1 X95.283 Y103.475 E10.50627
G1 X95.807 Y103.678 E10.52529
G1 X96.331 Y103.652 E10.54305
G1 X96.855 Y103.301 E10.5644
G1 X97.379 Y102.814 E10.58861
G1 X97.903 Y102.612 E10.60762
G1 X98.428 Y102.637 E10.62541
G1 X98.952 Y102.989 E10.64678
G1 X99.476 Y103.475 E10.67097
G1 X100 Y103.678 E10.68999
G1 X100.524 Y103.652 E10.70775
G1 X101.048 Y103.301 E10.7291
G1 X101.572 Y102.814 E10.75331
G1 X102.097 Y102.612 E10.77235
G1 X102.621 Y102.637 E10.79011
G1 X103.145 Y102.989 E10.81148
G1 X103.669 Y103.475 E10.83567
G1 X104.193 Y103.678 E10.85469
G1 X104.717 Y103.652 E10.87245
G1 X105.241 Y103.301 E10.8938
G1 X105.765 Y102.814 E10.91801
G1 X106.29 Y102.612 E10.93705
G1 X106.814 Y102.637 E10.95481
G1 X107.338 Y102.989 E10.97618
G1 X107.862 Y103.475 E11.00037
G1 X108.386 Y103.678 E11.01939
G1 X108.91 Y103.652 E11.03715
G1 X109.434 Y103.301 E11.0585
G1 X109.958 Y102.814 E11.08271
G1 X110.483 Y102.612 E11.10175
G1 X111.007 Y102.637 E11.11951
G1 X111.531 Y102.989 E11.14088
G1 X112.055 Y103.475 E11.16507
G1 X112.525 Y103.657 E11.18213
G1 X112.8 Y103.954 E11.19583
G1 X113.494 Y104.463 E11.22496
G1 X113.947 Y104.664 E11.24174
G1 E9.24174 F2400
G92 E0
G1 X117.549 Y104.422 F7200
G1 E2 F2400
G1 F3300
G1 X118.136 Y104.003 E2.02441
G1 X118.503 Y103.636 E2.04198
G1 X118.899 Y103.106 E2.06437
G1 X119.141 Y102.625 E2.0826
G1 X119.393 Y102.637 E2.09114
G1 X119.748 Y102.876 E2.10563
G1 X119.748 Y101.048 E2.16751
G1 X119.473 Y100.792 E2.18023
G1 X119.36 Y99.974 E2.20818
G1 X119.182 Y99.451 E2.22688
G1 X118.622 Y98.514 E2.26383
G1 X118.869 Y98.419 E2.27279
G1 X119.393 Y98.444 E2.29055
G1 X119.748 Y98.683 E2.30504
G1 X119.748 Y96.855 E2.36692
G1 X119.393 Y96.525 E2.38333
G1 X118.869 Y96.322 E2.40235
G1 X118.345 Y96.348 E2.42011
G1 X117.82 Y96.699 E2.44149
G1 X117.296 Y97.186 E2.4657
G1 X117.004 Y97.298 E2.47629
G1 X116.083 Y97.041 E2.50866
G1 X115.74 Y97.022 E2.52029
G1 X115.2 Y96.525 E2.54513
G1 X114.676 Y96.322 E2.56415
G1 X114.152 Y96.348 E2.58191
G1 X113.627 Y96.699 E2.60329
G1 X113.103 Y97.186 E2.6275
G1 X112.579 Y97.388 E2.64651
G1 X112.055 Y97.363 E2.66427
G1 X111.531 Y97.011 E2.68564
G1 X111.007 Y96.525 E2.70983
G1 X110.483 Y96.322 E2.72885
G1 X109.958 Y96.348 E2.74664
G1 X109.434 Y96.699 E2.76799
G1 X108.91 Y97.186 E2.7922
G1 X108.386 Y97.388 E2.81121
G1 X107.862 Y97.363 E2.82897
G1 X107.338 Y97.011 E2.85034
G1 X106.814 Y96.525 E2.87453
G1 X106.29 Y96.322 E2.89355
G1 X105.765 Y96.348 E2.91134
G1 X105.241 Y96.699 E2.93269
G1 X104.717 Y97.186 E2.9569
G1 X104.193 Y97.388 E2.97591
G1 X103.669 Y97.363 E2.99367
G1 X103.145 Y97.011 E3.01504
G1 X102.621 Y96.525 E3.03923
G1 X102.097 Y96.322 E3.05825
G1 X101.572 Y96.348 E3.07604
G1 X101.048 Y96.699 E3.09739
G1 X100.524 Y97.186 E3.1216
G1 X100 Y97.388 E3.14061
G1 X99.476 Y97.363 E3.15837
G1 X98.952 Y97.011 E3.17974
G1 X98.428 Y96.525 E3.20393
G1 X97.903 Y96.322 E3.22298
G1 X97.379 Y96.348 E3.24074
G1 X96.855 Y96.699 E3.26209
G1 X96.331 Y97.186 E3.2863
G1 X95.807 Y97.388 E3.30531
G1 X95.283 Y97.363 E3.32307
G1 X94.759 Y97.011 E3.34444
G1 X94.235 Y96.525 E3.36863
G1 X93.71 Y96.322 E3.38768
G1 X93.186 Y96.348 E3.40544
G1 X92.662 Y96.699 E3.42679
G1 X92.138 Y97.186 E3.451
G1 X91.614 Y97.388 E3.47001
G1 X91.09 Y97.363 E3.48777
G1 X90.566 Y97.011 E3.50914
G1 X90.042 Y96.525 E3.53333
G1 X89.517 Y96.322 E3.55238
G1 X88.993 Y96.348 E3.57014
G1 X88.469 Y96.699 E3.59149
G1 X87.945 Y97.186 E3.6157
G1 X87.421 Y97.388 E3.63471
G1 X86.897 Y97.363 E3.65247
G1 X86.373 Y97.011 E3.67384
G1 X85.848 Y96.525 E3.69806
G1 X85.324 Y96.322 E3.71708
G1 X84.8 Y96.348 E3.73484
G1 X84.276 Y96.699 E3.75619
G1 X83.752 Y97.186 E3.7804
G1 X83.228 Y97.388 E3.79941
G1 X82.704 Y97.363 E3.81717
G1 X82.18 Y97.011 E3.83854
G1 X81.655 Y96.525 E3.86276
G1 X81.131 Y96.322 E3.88178
G1 X80.607 Y96.348 E3.89954
G1 X80.252 Y96.586 E3.91401
G1 X80.252 Y94.758 E3.97589
G1 X80.607 Y94.428 E3.9923
G1 X81.131 Y94.226 E4.01131
G1 X81.655 Y94.251 E4.02907
G1 X82.18 Y94.603 E4.05047
G1 X82.704 Y95.089 E4.07466
G1 X83.228 Y95.292 E4.09368
G1 X83.752 Y95.266 E4.11144
G1 X84.276 Y94.915 E4.13279
G1 X84.8 Y94.428 E4.157
G1 X85.324 Y94.226 E4.17601
G1 X85.848 Y94.251 E4.19377
G1 X86.373 Y94.603 E4.21517
G1 X86.897 Y95.089 E4.23936
G1 X87.421 Y95.292 E4.25838
G1 X87.945 Y95.266 E4.27614
G1 X88.469 Y94.915 E4.29749
G1 X88.993 Y94.428 E4.3217
G1 X89.517 Y94.226 E4.34071
G1 X90.042 Y94.251 E4.3585
G1 X90.566 Y94.603 E4.37987
G1 X91.09 Y95.089 E4.40406
G1 X91.614 Y95.292 E4.42308
G1 X92.138 Y95.266 E4.44084
G1 X92.662 Y94.915 E4.46219
G1 X93.186 Y94.428 E4.4864
G1 X93.71 Y94.226 E4.50541
G1 X94.235 Y94.251 E4.5232
G1 X94.759 Y94.603 E4.54457
G1 X95.283 Y95.089 E4.56876
G1 X95.807 Y95.292 E4.58778
G1 X96.331 Y95.266 E4.60554
G1 X96.855 Y94.915 E4.62689
G1 X97.379 Y94.428 E4.6511
G1 X97.903 Y94.226 E4.67011
G1 X98.428 Y94.251 E4.6879
G1 X98.952 Y94.603 E4.70927
G1 X99.476 Y95.089 E4.73346
G1 X100 Y95.292 E4.75248
G1 X100.524 Y95.266 E4.77024
G1 X101.048 Y94.915 E4.79159
G1 X101.572 Y94.428 E4.8158
G1 X102.097 Y94.226 E4.83484
G1 X102.621 Y94.251 E4.8526
G1 X103.145 Y94.603 E4.87397
G1 X103.669 Y95.089 E4.89816
G1 X104.193 Y95.292 E4.91718
G1 X104.717 Y95.266 E4.93494
G1 X105.241 Y94.915 E4.95629
G1 X105.765 Y94.428 E4.9805
G1 X106.29 Y94.226 E4.99954
G1 X106.814 Y94.251 E5.0173
G1 X107.338 Y94.603 E5.03867
G1 X107.862 Y95.089 E5.06286
G1 X108.386 Y95.292 E5.08188
G1 X108.91 Y95.266 E5.09964
G1 X109.434 Y94.915 E5.12099
G1 X109.958 Y94.428 E5.1452
G1 X110.483 Y94.226 E5.16424
G1 X111.007 Y94.251 E5.182
G1 X111.531 Y94.603 E5.20337
G1 X112.055 Y95.089 E5.22756
G1 X112.579 Y95.292 E5.24658
G1 X113.103 Y95.266 E5.26434
G1 X113.627 Y94.915 E5.28569
G1 X114.152 Y94.428 E5.30993
G1 X114.676 Y94.226 E5.32894
G1 X115.2 Y94.251 E5.3467
G1 X115.724 Y94.603 E5.36807
G1 X116.248 Y95.089 E5.39226
G1 X116.772 Y95.292 E5.41128
G1 X117.296 Y95.266 E5.42904
G1 X117.82 Y94.915 E5.45039
G1 X118.345 Y94.428 E5.47463
G1 X118.869 Y94.226 E5.49364
G1 X119.393 Y94.251 E5.5114
G1 X119.748 Y94.49 E5.52589
G1 X119.748 Y92.662 E5.58777
G1 X119.393 Y92.332 E5.60418
G1 X118.869 Y92.129 E5.6232
G1 X118.345 Y92.155 E5.64096
G1 X117.82 Y92.506 E5.66234
G1 X117.296 Y92.993 E5.68655
G1 X116.772 Y93.195 E5.70556
G1 X116.248 Y93.17 E5.72332
G1 X115.949 Y92.969 E5.73552
G1 X114.847 Y92.948 E5.77283
G1 X114.218 Y92.785 E5.79482
G1 X113.622 Y92.512 E5.81701
G1 X113.103 Y92.993 E5.84096
G1 X112.579 Y93.195 E5.85997
G1 X112.055 Y93.17 E5.87773
G1 X111.531 Y92.818 E5.8991
G1 X111.007 Y92.332 E5.92329
G1 X110.483 Y92.129 E5.94231
G1 X109.958 Y92.155 E5.9601
G1 X109.434 Y92.506 E5.98145
G1 X108.91 Y92.993 E6.00566
G1 X108.386 Y93.195 E6.02467
G1 X107.862 Y93.17 E6.04243
G1 X107.338 Y92.818 E6.0638
G1 X106.814 Y92.332 E6.08799
G1 X106.29 Y92.129 E6.10701
G1 X105.765 Y92.155 E6.1248
G1 X105.241 Y92.506 E6.14615
G1 X104.717 Y92.993 E6.17036
G1 X104.193 Y93.195 E6.18937
G1 X103.669 Y93.17 E6.20713
G1 X103.145 Y92.818 E6.2285
G1 X102.621 Y92.332 E6.25269
G1 X102.097 Y92.129 E6.27171
G1 X101.572 Y92.155 E6.2895
G1 X101.048 Y92.506 E6.31085
G1 X100.524 Y92.993 E6.33506
G1 X100 Y93.195 E6.35407
G1 X99.476 Y93.17 E6.37183
G1 X98.952 Y92.818 E6.3932
G1 X98.428 Y92.332 E6.41739
G1 X97.903 Y92.129 E6.43644
G1 X97.379 Y92.155 E6.4542
G1 X96.855 Y92.506 E6.47555
G1 X96.331 Y92.993 E6.49976
G1 X95.807 Y93.195 E6.51877
G1 X95.283 Y93.17 E6.53653
G1 X94.759 Y92.818 E6.5579
G1 X94.235 Y92.332 E6.58209
G1 X93.71 Y92.129 E6.60114
G1 X93.186 Y92.155 E6.6189
G1 X92.662 Y92.506 E6.64025
G1 X92.138 Y92.993 E6.66446
G1 X91.614 Y93.195 E6.68347
G1 X91.09 Y93.17 E6.70123
G1 X90.566 Y92.818 E6.7226
G1 X90.042 Y92.332 E6.74679
G1 X89.517 Y92.129 E6.76584
G1 X88.993 Y92.155 E6.7836
G1 X88.469 Y92.506 E6.80495
G1 X87.945 Y92.993 E6.82916
G1 X87.421 Y93.195 E6.84817
G1 X86.897 Y93.17 E6.86593
G1 X86.373 Y92.818 E6.8873
G1 X85.848 Y92.332 E6.91152
G1 X85.324 Y92.129 E6.93054
G1 X84.8 Y92.155 E6.9483
G1 X84.276 Y92.506 E6.96965
G1 X83.752 Y92.993 E6.99386
G1 X83.228 Y93.195 E7.01287
G1 X82.704 Y93.17 E7.03063
G1 X82.18 Y92.818 E7.052
G1 X81.655 Y92.332 E7.07622
G1 X81.131 Y92.129 E7.09524
G1 X80.607 Y92.155 E7.113
G1 X80.252 Y92.393 E7.12747
G1 X80.252 Y90.565 E7.18935
G1 X80.607 Y90.235 E7.20576
G1 X81.131 Y90.033 E7.22477
G1 X81.655 Y90.058 E7.24253
G1 X82.18 Y90.41 E7.26393
G1 X82.704 Y90.896 E7.28812
G1 X83.228 Y91.098 E7.30713
G1 X83.752 Y91.073 E7.32489
G1 X84.276 Y90.721 E7.34626
G1 X84.8 Y90.235 E7.37045
G1 X85.324 Y90.033 E7.38946
G1 X85.848 Y90.058 E7.40722
G1 X86.373 Y90.41 E7.42862
G1 X86.897 Y90.896 E7.45281
G1 X87.421 Y91.098 E7.47182
G1 X87.945 Y91.073 E7.48958
G1 X88.469 Y90.721 E7.51095
G1 X88.993 Y90.235 E7.53514
G1 X89.517 Y90.033 E7.55415
G1 X90.042 Y90.058 E7.57194
G1 X90.566 Y90.41 E7.59331
G1 X91.09 Y90.896 E7.6175
G1 X91.614 Y91.098 E7.63651
G1 X92.138 Y91.073 E7.65427
G1 X92.662 Y90.721 E7.67564
G1 X93.186 Y90.235 E7.69983
G1 X93.71 Y90.033 E7.71884
G1 X94.235 Y90.058 E7.73663
G1 X94.759 Y90.41 E7.758
G1 X95.283 Y90.896 E7.78219
G1 X95.807 Y91.098 E7.8012
G1 X96.331 Y91.073 E7.81896
G1 X96.855 Y90.721 E7.84033
G1 X97.379 Y90.235 E7.86452
G1 X97.903 Y90.033 E7.88353
G1 X98.428 Y90.058 E7.90132
G1 X98.952 Y90.41 E7.92269
G1 X99.476 Y90.896 E7.94688
G1 X100 Y91.098 E7.96589
G1 X100.524 Y91.073 E7.98365
G1 X101.048 Y90.721 E8.00502
G1 X101.572 Y90.235 E8.02921
G1 X102.097 Y90.033 E8.04825
G1 X102.621 Y90.058 E8.06601
G1 X103.145 Y90.41 E8.08738
G1 X103.669 Y90.896 E8.11157
G1 X104.193 Y91.098 E8.13058
G1 X104.717 Y91.073 E8.14834
G1 X105.241 Y90.721 E8.16971
G1 X105.765 Y90.235 E8.1939
G1 X106.29 Y90.033 E8.21294
G1 X106.814 Y90.058 E8.2307
G1 X107.338 Y90.41 E8.25207
G1 X107.862 Y90.896 E8.27626
G1 X108.386 Y91.098 E8.29527
G1 X108.91 Y91.073 E8.31303
G1 X109.434 Y90.721 E8.3344
G1 X109.958 Y90.235 E8.35859
G1 X110.483 Y90.033 E8.37763
G1 X111.007 Y90.058 E8.39539
G1 X111.531 Y90.41 E8.41676
G1 X111.908 Y90.759 E8.43415
G1 X112.384 Y91.508 E8.46419
G1 X112.756 Y91.913 E8.4828
G1 X113.442 Y92.415 E8.51157
G1 E6.51157 F2400
G92 E0
G1 X118.308 Y91.831 F7200
G1 E2 F2400
G1 F3300
G1 X118.734 Y91.348 E2.0218
G1 X118.995 Y90.936 E2.03831
G1 X119.352 Y90.056 E2.07045
G1 X119.748 Y90.297 E2.08614
G1 X119.748 Y88.469 E2.14802
G1 X119.394 Y88.14 E2.16438
G1 X119.098 Y87.248 E2.19619
G1 X118.787 Y86.752 E2.21601
G1 X119.702 Y86.752 E2.24698
G1 E.24698 F2400
G92 E0
G1 X111.765 Y86.752 F7200
G1 E2 F2400
G1 F3300
G1 X112.199 Y86.752 E2.01469
G1 X111.807 Y87.467 E2.04229
G1 X111.527 Y88.621 E2.08248
G1 X111.007 Y88.139 E2.10648
G1 X110.483 Y87.936 E2.1255
G1 X109.958 Y87.962 E2.14329
G1 X109.434 Y88.313 E2.16464
G1 X108.91 Y88.799 E2.18883
G1 X108.386 Y89.002 E2.20785
G1 X107.862 Y88.977 E2.22561
G1 X107.338 Y88.625 E2.24698
G1 X106.814 Y88.139 E2.27117
G1 X106.29 Y87.936 E2.29019
G1 X105.765 Y87.962 E2.30798
G1 X105.241 Y88.313 E2.32933
G1 X104.717 Y88.799 E2.35352
G1 X104.193 Y89.002 E2.37254
G1 X103.669 Y88.977 E2.3903
G1 X103.145 Y88.625 E2.41167
G1 X102.621 Y88.139 E2.43586
G1 X102.097 Y87.936 E2.45488
G1 X101.572 Y87.962 E2.47267
G1 X101.048 Y88.313 E2.49402
G1 X100.524 Y88.799 E2.51821
G1 X100 Y89.002 E2.53723
G1 X99.476 Y88.977 E2.55499
G1 X98.952 Y88.625 E2.57636
G1 X98.428 Y88.139 E2.60055
G1 X97.903 Y87.936 E2.6196
G1 X97.379 Y87.962 E2.63736
G1 X96.855 Y88.313 E2.65871
G1 X96.331 Y88.799 E2.6829
G1 X95.807 Y89.002 E2.70192
G1 X95.283 Y88.977 E2.71968
G1 X94.759 Y88.625 E2.74105
G1 X94.235 Y88.139 E2.76524
G1 X93.71 Y87.936 E2.78429
G1 X93.186 Y87.962 E2.80205
G1 X92.662 Y88.313 E2.8234
G1 X92.138 Y88.799 E2.84759
G1 X91.614 Y89.002 E2.86661
G1 X91.09 Y88.977 E2.88437
G1 X90.566 Y88.625 E2.90574
G1 X90.042 Y88.139 E2.92993
G1 X89.517 Y87.936 E2.94898
G1 X88.993 Y87.962 E2.96674
G1 X88.469 Y88.313 E2.98809
G1 X87.945 Y88.799 E3.01228
G1 X87.421 Y89.002 E3.0313
G1 X86.897 Y88.977 E3.04906
G1 X86.373 Y88.625 E3.07043
G1 X85.848 Y88.139 E3.09465
G1 X85.324 Y87.936 E3.11367
G1 X84.8 Y87.962 E3.13143
G1 X84.276 Y88.313 E3.15278
G1 X83.752 Y88.799 E3.17697
G1 X83.228 Y89.002 E3.19599
G1 X82.704 Y88.977 E3.21375
G1 X82.18 Y88.625 E3.23512
G1 X81.655 Y88.139 E3.25934
G1 X81.131 Y87.936 E3.27836
G1 X80.607 Y87.962 E3.29612
G1 X80.252 Y88.2 E3.31059
G1 X80.252 Y86.752 E3.3596
G1 X82.829 Y86.752 E3.44683
G1 X83.228 Y86.905 E3.46129
G1 X83.752 Y86.88 E3.47905
G1 X83.944 Y86.752 E3.48686
G1 X87.022 Y86.752 E3.59105
G1 X87.421 Y86.905 E3.60551
G1 X87.945 Y86.88 E3.62327
G1 X88.137 Y86.752 E3.63108
G1 X91.216 Y86.752 E3.7353
G1 X91.614 Y86.905 E3.74973
G1 X92.138 Y86.88 E3.76749
G1 X92.33 Y86.752 E3.7753
G1 X95.409 Y86.752 E3.87952
G1 X95.807 Y86.905 E3.89395
G1 X96.331 Y86.88 E3.91171
G1 X96.523 Y86.752 E3.91952
G1 X99.602 Y86.752 E4.02374
G1 X100 Y86.905 E4.03817
G1 X100.524 Y86.88 E4.05593
G1 X100.716 Y86.752 E4.06374
G1 X103.795 Y86.752 E4.16796
G1 X104.193 Y86.905 E4.18239
G1 X104.717 Y86.88 E4.20015
G1 X104.909 Y86.752 E4.20796
G1 X107.988 Y86.752 E4.31218
G1 X108.386 Y86.905 E4.32661
G1 X108.91 Y86.88 E4.34437
G1 X109.102 Y86.752 E4.35218
G1 X111.544 Y86.752 E4.43484
G1 E2.43484 F2400
G92 E0
G1 X113.633 Y97.475 F7200
G1 E2 F2400
G1 F3300
G1 X113.066 Y97.824 E2.02254
G1 X112.524 Y98.326 E2.04755
G1 X111.953 Y99.188 E2.08255
G1 X111.531 Y98.796 E2.10205
G1 X111.007 Y98.444 E2.12342
G1 X110.483 Y98.419 E2.14118
G1 X109.958 Y98.621 E2.16022
G1 X109.434 Y99.108 E2.18443
G1 X108.91 Y99.459 E2.20578
G1 X108.386 Y99.485 E2.22354
G1 X107.862 Y99.282 E2.24256
G1 X107.338 Y98.796 E2.26675
G1 X106.814 Y98.444 E2.28812
G1 X106.29 Y98.419 E2.30588
G1 X105.765 Y98.621 E2.32492
G1 X105.241 Y99.108 E2.34913
G1 X104.717 Y99.459 E2.37048
G1 X104.193 Y99.485 E2.38824
G1 X103.669 Y99.282 E2.40726
G1 X103.145 Y98.796 E2.43145
G1 X102.621 Y98.444 E2.45282
G1 X102.097 Y98.419 E2.47058
G1 X101.572 Y98.621 E2.48962
G1 X101.048 Y99.108 E2.51383
G1 X100.524 Y99.459 E2.53518
G1 X100 Y99.485 E2.55294
G1 X99.476 Y99.282 E2.57196
G1 X98.952 Y98.796 E2.59615
G1 X98.428 Y98.444 E2.61752
G1 X97.903 Y98.419 E2.63531
G1 X97.379 Y98.621 E2.65432
G1 X96.855 Y99.108 E2.67853
G1 X96.331 Y99.459 E2.69988
G1 X95.807 Y99.485 E2.71764
G1 X95.283 Y99.282 E2.73666
G1 X94.759 Y98.796 E2.76085
G1 X94.235 Y98.444 E2.78222
G1 X93.71 Y98.419 E2.80001
G1 X93.186 Y98.621 E2.81902
G1 X92.662 Y99.108 E2.84323
G1 X92.138 Y99.459 E2.86458
G1 X91.614 Y99.485 E2.88234
G1 X91.09 Y99.282 E2.90136
G1 X90.566 Y98.796 E2.92555
G1 X90.042 Y98.444 E2.94692
G1 X89.517 Y98.419 E2.96471
G1 X88.993 Y98.621 E2.98372
G1 X88.469 Y99.108 E3.00793
G1 X87.945 Y99.459 E3.02928
G1 X87.421 Y99.485 E3.04704
G1 X86.897 Y99.282 E3.06606
G1 X86.373 Y98.796 E3.09025
G1 X85.848 Y98.444 E3.11165
G1 X85.324 Y98.419 E3.12941
G1 X84.8 Y98.621 E3.14842
G1 X84.276 Y99.108 E3.17263
G1 X83.752 Y99.459 E3.19398
G1 X83.228 Y99.485 E3.21174
G1 X82.704 Y99.282 E3.23076
G1 X82.18 Y98.796 E3.25495
G1 X81.655 Y98.444 E3.27635
G1 X81.131 Y98.419 E3.29411
G1 X80.607 Y98.621 E3.31312
G1 X80.252 Y98.951 E3.32953
G1 X80.252 Y100.779 E3.39141
G1 X80.607 Y100.541 E3.40588
G1 X81.131 Y100.515 E3.42364
G1 X81.655 Y100.718 E3.44266
G1 X82.18 Y101.204 E3.46688
G1 X82.704 Y101.556 E3.48825
G1 X83.228 Y101.581 E3.50601
G1 X83.752 Y101.379 E3.52502
G1 X84.276 Y100.892 E3.54923
G1 X84.8 Y100.541 E3.57058
G1 X85.324 Y100.515 E3.58834
G1 X85.848 Y100.718 E3.60736
G1 X86.373 Y101.204 E3.63158
G1 X86.897 Y101.556 E3.65295
G1 X87.421 Y101.581 E3.67071
G1 X87.945 Y101.379 E3.68972
G1 X88.469 Y100.892 E3.71393
G1 X88.993 Y100.541 E3.73528
G1 X89.517 Y100.515 E3.75304
G1 X90.042 Y100.718 E3.77209
G1 X90.566 Y101.204 E3.79628
G1 X91.09 Y101.556 E3.81765
G1 X91.614 Y101.581 E3.83541
G1 X92.138 Y101.379 E3.85442
G1 X92.662 Y100.892 E3.87863
G1 X93.186 Y100.541 E3.89998
G1 X93.71 Y100.515 E3.91774
G1 X94.235 Y100.718 E3.93679
G1 X94.759 Y101.204 E3.96098
G1 X95.283 Y101.556 E3.98235
G1 X95.807 Y101.581 E4.00011
G1 X96.331 Y101.379 E4.01912
G1 X96.855 Y100.892 E4.04333
G1 X97.379 Y100.541 E4.06468
G1 X97.903 Y100.515 E4.08244
G1 X98.428 Y100.718 E4.10149
G1 X98.952 Y101.204 E4.12568
G1 X99.476 Y101.556 E4.14705
G1 X100 Y101.581 E4.16481
G1 X100.524 Y101.379 E4.18382
G1 X101.048 Y100.892 E4.20803
G1 X101.572 Y100.541 E4.22938
G1 X102.097 Y100.515 E4.24717
G1 X102.621 Y100.718 E4.26619
G1 X103.145 Y101.204 E4.29038
G1 X103.669 Y101.556 E4.31175
G1 X104.193 Y101.581 E4.32951
G1 X104.717 Y101.379 E4.34852
G1 X105.241 Y100.892 E4.37273
G1 X105.765 Y100.541 E4.39408
G1 X106.29 Y100.515 E4.41187
G1 X106.814 Y100.718 E4.43089
G1 X107.338 Y101.204 E4.45508
G1 X107.862 Y101.556 E4.47645
G1 X108.386 Y101.581 E4.49421
G1 X108.91 Y101.379 E4.51322
G1 X109.434 Y100.892 E4.53743
G1 X109.958 Y100.541 E4.55878
G1 X110.483 Y100.515 E4.57657
G1 X111.007 Y100.718 E4.59559
G1 X111.509 Y101.183 E4.61875
G1 X111.516 Y100.627 E4.63757
G1 X111.63 Y100.006 E4.65894
G1 X111.87 Y99.373 E4.68185
;LAYER_CHANGE
;Z:1.4
;HEIGHT:0.2
G1 E2.68185 F2400
G92 E0
G1 Z1.4 F7200
G1 X116.842 Y97.582
G1 E2 F2400
;TYPE:Perimeter
;WIDTH:0.449999
G1 F1200
G1 X117.205 Y97.727 E2.01323
G1 X117.891 Y98.189 E2.04123
G1 X118.457 Y98.791 E2.0692
G1 X118.78 Y99.302 E2.08966
G1 X119.071 Y100.074 E2.11759
G1 X119.143 Y100.434 E2.13002
G1 X119.187 Y101.072 E2.15167
G1 X119.165 Y101.434 E2.16395
G1 X119.071 Y101.934 E2.18117
G1 X118.773 Y102.705 E2.20915
G1 X118.453 Y103.219 E2.22964
G1 X117.884 Y103.815 E2.25753
G1 X117.237 Y104.257 E2.28405
G1 X116.476 Y104.559 E2.31176
G1 X115.882 Y104.674 E2.33224
G1 X115.108 Y104.67 E2.35844
G1 X114.793 Y104.622 E2.36923
G1 X114.301 Y104.491 E2.38646
G1 X113.701 Y104.224 E2.40869
G1 X112.995 Y103.718 E2.43809
G1 X112.647 Y103.344 E2.45538
G1 X112.243 Y102.737 E2.48006
G1 X111.988 Y102.14 E2.50203
G1 X111.833 Y101.427 E2.52673
G1 X111.81 Y100.831 E2.54692
G1 X111.929 Y100.066 E2.57313
G1 X112.029 Y99.748 E2.58441
G1 X112.252 Y99.25 E2.60288
G1 X112.453 Y98.926 E2.61579
G1 X112.884 Y98.404 E2.6387
G1 X113.188 Y98.128 E2.6526
G1 X113.719 Y97.771 E2.67426
G1 X114.174 Y97.563 E2.69119
G1 X114.67 Y97.398 E2.70888
G1 X115.17 Y97.322 E2.726
G1 X115.879 Y97.329 E2.75
G1 X116.486 Y97.44 E2.77089
G1 X116.786 Y97.56 E2.78183
G1 X116.696 Y97.952 F7200
G1 F1200
G1 X117.043 Y98.1 E2.7946
G1 X117.649 Y98.516 E2.81948
G1 X118.148 Y99.057 E2.84439
G1 X118.428 Y99.506 E2.8623
G1 X118.685 Y100.205 E2.88751
G1 X118.78 Y101.1 E2.91797
G1 X118.671 Y101.858 E2.94389
G1 X118.4 Y102.543 E2.96882
G1 X118.117 Y102.989 E2.9867
G1 X117.599 Y103.525 E3.01193
G1 X117.023 Y103.911 E3.0354
G1 X116.342 Y104.175 E3.06012
G1 X115.821 Y104.272 E3.07806
G1 X115.123 Y104.263 E3.10169
G1 X114.407 Y104.097 E3.12657
G1 X113.881 Y103.86 E3.1461
G1 X113.269 Y103.417 E3.17167
G1 X112.888 Y102.998 E3.19084
G1 X112.589 Y102.522 E3.20987
G1 X112.368 Y101.995 E3.22921
G1 X112.234 Y101.353 E3.25141
G1 X112.217 Y100.831 E3.26909
G1 X112.329 Y100.142 E3.29272
G1 X112.624 Y99.417 E3.31921
G1 X112.767 Y99.185 E3.32843
G1 X113.198 Y98.663 E3.35134
G1 X113.415 Y98.466 E3.36126
G1 X113.946 Y98.109 E3.38292
G1 X114.308 Y97.947 E3.39634
G1 X114.854 Y97.777 E3.4157
G1 X115.396 Y97.716 E3.43416
G1 X115.927 Y97.74 E3.45215
G1 X116.49 Y97.864 E3.47166
G1 X116.641 Y97.928 E3.47721
G1 X116.548 Y98.33 F7200
G1 F1200
G1 X116.88 Y98.473 E3.48945
G1 X117.408 Y98.844 E3.51129
G1 X117.84 Y99.322 E3.5331
G1 X118.125 Y99.819 E3.55249
G1 X118.3 Y100.335 E3.57093
G1 X118.374 Y101.128 E3.59789
G1 X118.271 Y101.783 E3.62033
G1 X118.027 Y102.38 E3.64216
G1 X117.704 Y102.852 E3.66152
G1 X117.314 Y103.234 E3.68
G1 X116.808 Y103.565 E3.70047
G1 X116.207 Y103.791 E3.7222
G1 X115.665 Y103.876 E3.74077
G1 X115.138 Y103.856 E3.75862
G1 X114.512 Y103.704 E3.78043
G1 X113.967 Y103.437 E3.80097
G1 X113.544 Y103.116 E3.81894
G1 X113.183 Y102.708 E3.83738
G1 X112.905 Y102.255 E3.85537
G1 X112.719 Y101.744 E3.87378
G1 X112.628 Y101.242 E3.89105
G1 X112.635 Y100.717 E3.90882
G1 X112.729 Y100.217 E3.92604
G1 X112.995 Y99.583 E3.94931
G1 X113.445 Y99.004 E3.97413
G1 X113.642 Y98.804 E3.98363
G1 X114.173 Y98.447 E4.00529
G1 X114.793 Y98.209 E4.02777
G1 X115.311 Y98.125 E4.04553
G1 X115.844 Y98.143 E4.06358
G1 X116.362 Y98.25 E4.08148
G1 X116.493 Y98.306 E4.0863
G1 X116.4 Y98.708 F7200
;TYPE:External perimeter
G1 F1200
G1 X116.717 Y98.846 E4.098
G1 X117.166 Y99.171 E4.11676
G1 X117.531 Y99.588 E4.13552
G1 X117.739 Y99.949 E4.14962
G1 X117.914 Y100.466 E4.1681
G1 X117.968 Y101.155 E4.19149
G1 X117.871 Y101.707 E4.21046
G1 X117.654 Y102.217 E4.22922
G1 X117.419 Y102.561 E4.24332
G1 X117.029 Y102.943 E4.2618
G1 X116.594 Y103.219 E4.27924
G1 X116.073 Y103.407 E4.29799
G1 X115.662 Y103.469 E4.31206
G1 X115.154 Y103.449 E4.32927
G1 X114.617 Y103.311 E4.34804
G1 X114.211 Y103.111 E4.36336
G1 X113.804 Y102.802 E4.38066
G1 X113.529 Y102.494 E4.39464
G1 X113.263 Y102.058 E4.41193
G1 X113.12 Y101.67 E4.42593
G1 X113.031 Y101.17 E4.44312
G1 X113.035 Y100.793 E4.45588
G1 X113.129 Y100.293 E4.4731
G1 X113.367 Y99.75 E4.49317
G1 X113.869 Y99.142 E4.51986
G1 X114.401 Y98.785 E4.54155
G1 X114.927 Y98.593 E4.5605
G1 X115.376 Y98.53 E4.57585
G1 X115.884 Y98.555 E4.59307
G1 X116.251 Y98.643 E4.60584
G1 X116.345 Y98.684 E4.60931
G1 X116.707 Y98.853 F7200
G1 E2.60931 F2400
G92 E0
G1 X112.709 Y88.363 F7200
G1 E2 F2400
;TYPE:Perimeter
G1 F1200
G1 X112.77 Y88.087 E2.00957
G1 X112.973 Y87.62 E2.02681
G1 X113.344 Y87.092 E2.04865
G1 X113.822 Y86.66 E2.07046
G1 X114.291 Y86.385 E2.08886
G1 X114.723 Y86.228 E2.10442
;WIDTH:0.497939
G1 X115.255 Y86.109 E2.12505
;WIDTH:0.502403
G1 X115.866 Y86.118 E2.1484
G1 X116.177 Y86.207 E2.16076
;WIDTH:0.476201
G1 X116.488 Y86.296 E2.17241
;WIDTH:0.449999
G1 X117.065 Y86.583 E2.19422
G1 X117.497 Y86.925 E2.21287
G1 X117.817 Y87.292 E2.22935
G1 X118.094 Y87.743 E2.24727
G1 X118.281 Y88.256 E2.26575
G1 X118.376 Y88.83 E2.28544
G1 X118.369 Y89.261 E2.30003
G1 X118.291 Y89.707 E2.31536
G1 X118.123 Y90.187 E2.33257
G1 X117.793 Y90.741 E2.3544
G1 X117.421 Y91.146 E2.37301
G1 X117.01 Y91.448 E2.39027
G1 X116.431 Y91.722 E2.41195
G1 X115.921 Y91.851 E2.42976
G1 X115.411 Y91.873 E2.44704
G1 X114.717 Y91.771 E2.47078
G1 X114.194 Y91.568 E2.48977
G1 X113.691 Y91.225 E2.51038
G1 X113.321 Y90.875 E2.52762
G1 X112.935 Y90.308 E2.55084
G1 X112.719 Y89.744 E2.57128
G1 X112.634 Y89.28 E2.58725
G1 X112.64 Y88.676 E2.6077
G1 X112.696 Y88.422 E2.6165
G1 X113.101 Y88.452 F7200
;TYPE:External perimeter
G1 F1200
G1 X113.143 Y88.249 E2.62352
G1 X113.346 Y87.783 E2.64073
G1 X113.671 Y87.334 E2.65949
G1 X114.088 Y86.969 E2.67825
G1 X114.44 Y86.764 E2.69204
G1 X114.794 Y86.629 E2.70486
G1 X115.332 Y86.533 E2.72336
G1 X115.847 Y86.55 E2.7408
G1 X116.383 Y86.689 E2.75954
G1 X116.875 Y86.943 E2.77828
G1 X117.196 Y87.198 E2.79216
G1 X117.471 Y87.506 E2.80614
G1 X117.737 Y87.942 E2.82343
G1 X117.88 Y88.33 E2.83743
G1 X117.969 Y88.83 E2.85462
G1 X117.966 Y89.2 E2.86714
G1 X117.907 Y89.572 E2.87989
G1 X117.739 Y90.052 E2.8971
G1 X117.448 Y90.525 E2.9159
G1 X117.17 Y90.825 E2.92974
G1 X116.835 Y91.08 E2.94399
G1 X116.257 Y91.355 E2.96566
G1 X115.847 Y91.449 E2.9799
G1 X115.338 Y91.469 E2.99714
G1 X114.793 Y91.371 E3.01588
G1 X114.366 Y91.197 E3.03149
G1 X113.839 Y90.833 E3.05317
G1 X113.529 Y90.494 E3.06872
G1 X113.263 Y90.058 E3.08601
G1 X113.12 Y89.67 E3.10001
G1 X113.035 Y89.207 E3.11594
G1 X113.039 Y88.754 E3.13127
G1 X113.089 Y88.511 E3.13967
G1 X113.203 Y88.128 F7200
G1 E1.13967 F2400
G92 E0
G1 X120.054 Y113.554 F7200
G1 E2 F2400
;TYPE:Perimeter
G1 F2700
G1 X79.946 Y113.554 E3.35761
G1 X79.946 Y86.446 E4.27518
G1 X112.839 Y86.446 E5.38857
G1 X112.688 Y86.609 E5.39609
G1 X112.227 Y87.294 E5.42404
G1 X111.931 Y88.058 E5.45177
G1 X111.814 Y88.778 E5.47646
G1 X111.833 Y89.427 E5.49844
G1 X111.988 Y90.14 E5.52314
G1 X112.222 Y90.702 E5.54375
G1 X112.491 Y91.137 E5.56106
G1 X112.718 Y91.422 E5.57339
G1 X113.145 Y91.837 E5.59355
G1 X113.671 Y92.201 E5.6152
G1 X113.947 Y92.35 E5.62582
G1 X114.418 Y92.534 E5.64294
G1 X114.912 Y92.636 E5.66001
G1 X115.442 Y92.687 E5.67803
G1 X116.156 Y92.635 E5.70226
G1 X116.779 Y92.458 E5.72418
G1 X117.624 Y92.02 E5.7564
G1 X118.09 Y91.634 E5.77688
G1 X118.482 Y91.174 E5.79734
G1 X118.892 Y90.456 E5.82533
G1 X119.123 Y89.717 E5.85154
G1 X119.19 Y89.17 E5.87019
G1 X119.167 Y88.573 E5.89041
G1 X119.012 Y87.86 E5.91511
G1 X118.824 Y87.383 E5.93246
G1 X118.509 Y86.863 E5.95304
G1 X118.163 Y86.446 E5.97138
G1 X120.054 Y86.446 E6.03539
G1 X120.054 Y113.494 E6.95093
G1 X120.461 Y113.961 F7200
G1 F2700
G1 X79.539 Y113.961 E8.33609
G1 X79.539 Y86.039 E9.28122
G1 X114.074 Y86.039 E10.45019
G1 X113.556 Y86.352 E10.47068
G1 X113.016 Y86.851 E10.49557
G1 X112.6 Y87.457 E10.52045
G1 X112.33 Y88.136 E10.54518
G1 X112.221 Y88.782 E10.56736
G1 X112.234 Y89.353 E10.58669
G1 X112.368 Y89.995 E10.60889
G1 X112.589 Y90.522 E10.62823
G1 X112.864 Y90.964 E10.64585
G1 X113.201 Y91.349 E10.66317
G1 X113.46 Y91.56 E10.67448
G1 X113.921 Y91.878 E10.69344
G1 X114.449 Y92.114 E10.71302
G1 X114.987 Y92.236 E10.73169
G1 X115.427 Y92.28 E10.74666
G1 X116.065 Y92.238 E10.7683
G1 X116.605 Y92.09 E10.78725
G1 X117.374 Y91.699 E10.81645
G1 X117.791 Y91.357 E10.8347
G1 X118.138 Y90.958 E10.8526
G1 X118.507 Y90.321 E10.87752
G1 X118.675 Y89.841 E10.89473
G1 X118.772 Y89.321 E10.91263
G1 X118.783 Y88.83 E10.92925
G1 X118.681 Y88.183 E10.95142
G1 X118.459 Y87.563 E10.97371
G1 X118.163 Y87.077 E10.99297
G1 X117.799 Y86.651 E11.01194
G1 X117.414 Y86.328 E11.02895
G1 X116.906 Y86.039 E11.04873
G1 X120.461 Y86.039 E11.16906
G1 X120.461 Y113.901 E12.11215
G1 X120.868 Y114.368 F7200
G1 F2700
G1 X79.132 Y114.368 E13.52486
G1 X79.132 Y85.632 E14.49754
G1 X114.67 Y85.632 E15.70046
;WIDTH:0.492213
G1 X115.404 Y85.653 E15.72789
;WIDTH:0.517019
G1 X116.066 Y85.666 E15.75399
G1 X116.321 Y85.649 E15.76406
;WIDTH:0.483509
G1 X116.575 Y85.632 E15.77339
;WIDTH:0.449999
G1 X120.868 Y85.632 E15.9187
G1 X120.868 Y114.308 E16.88935
G1 X121.275 Y114.775 F7200
;TYPE:External perimeter
G1 F1800
G1 X78.725 Y114.775 E18.32961
G1 X78.725 Y85.225 E19.32984
G1 X121.275 Y85.225 E20.7701
G1 X121.275 Y114.715 E21.7683
G1 X120.879 Y114.774 F7200
G1 E19.7683 F2400
G92 E0
G1 X119.748 Y111.187 F7200
G1 E2 F2400
;TYPE:Internal infill
;WIDTH:0.45
G1 F3300
G1 X119.748 Y113.248 E2.06976
G1 X119.367 Y113.248 E2.08266
G1 X118.869 Y113.055 E2.10074
G1 X118.345 Y112.953 E2.11881
G1 X118.083 Y113.006 E2.12786
G1 X117.82 Y113.213 E2.13919
G1 X117.41 Y113.248 E2.15312
G1 X115.174 Y113.248 E2.22881
G1 X114.676 Y113.055 E2.24689
G1 X114.152 Y112.953 E2.26496
G1 X113.889 Y113.006 E2.27404
G1 X113.627 Y113.213 E2.28534
G1 X113.217 Y113.248 E2.29927
G1 X110.981 Y113.248 E2.37496
G1 X110.483 Y113.055 E2.39304
G1 X109.958 Y112.953 E2.41114
G1 X109.696 Y113.006 E2.42019
G1 X109.434 Y113.213 E2.43149
G1 X109.024 Y113.248 E2.44542
G1 X106.788 Y113.248 E2.52111
G1 X106.29 Y113.055 E2.53919
G1 X105.765 Y112.953 E2.55729
G1 X105.503 Y113.006 E2.56634
G1 X105.241 Y113.213 E2.57764
G1 X104.831 Y113.248 E2.59157
G1 X102.595 Y113.248 E2.66726
G1 X102.097 Y113.055 E2.68534
G1 X101.572 Y112.953 E2.70344
G1 X101.31 Y113.006 E2.71249
G1 X101.048 Y113.213 E2.72379
G1 X100.638 Y113.248 E2.73772
G1 X98.402 Y113.248 E2.81341
G1 X97.903 Y113.055 E2.83152
G1 X97.379 Y112.953 E2.84959
G1 X97.117 Y113.006 E2.85864
G1 X96.855 Y113.213 E2.86994
G1 X96.445 Y113.248 E2.88387
G1 X94.209 Y113.248 E2.95956
G1 X93.71 Y113.055 E2.97767
G1 X93.186 Y112.953 E2.99574
G1 X92.924 Y113.006 E3.00479
G1 X92.662 Y113.213 E3.01609
G1 X92.252 Y113.248 E3.03002
G1 X90.016 Y113.248 E3.10571
G1 X89.517 Y113.055 E3.12382
G1 X88.993 Y112.953 E3.14189
G1 X88.731 Y113.006 E3.15094
G1 X88.469 Y113.213 E3.16224
G1 X88.059 Y113.248 E3.17617
G1 X85.823 Y113.248 E3.25186
G1 X85.324 Y113.055 E3.26997
G1 X84.8 Y112.953 E3.28804
G1 X84.538 Y113.006 E3.29709
G1 X84.276 Y113.213 E3.30839
G1 X83.866 Y113.248 E3.32232
G1 X81.63 Y113.248 E3.39801
G1 X81.131 Y113.055 E3.41612
G1 X80.607 Y112.953 E3.43419
G1 X80.345 Y113.006 E3.44324
G1 X80.252 Y113.08 E3.44726
G1 X80.252 Y111.735 E3.49279
G1 X80.607 Y111.29 E3.51206
G1 X81.131 Y110.958 E3.53306
G1 X81.655 Y110.857 E3.55112
G1 X81.918 Y110.91 E3.5602
G1 X82.18 Y111.116 E3.57148
G1 X82.704 Y111.772 E3.5999
G1 X83.228 Y112.104 E3.6209
G1 X83.752 Y112.205 E3.63896
G1 X84.014 Y112.152 E3.64801
G1 X84.276 Y111.945 E3.65931
G1 X84.8 Y111.29 E3.6877
G1 X85.324 Y110.958 E3.7087
G1 X85.848 Y110.857 E3.72676
G1 X86.111 Y110.91 E3.73584
G1 X86.373 Y111.116 E3.74712
G1 X86.897 Y111.772 E3.77554
G1 X87.421 Y112.104 E3.79654
G1 X87.945 Y112.205 E3.8146
G1 X88.207 Y112.152 E3.82365
G1 X88.469 Y111.945 E3.83495
G1 X88.993 Y111.29 E3.86334
G1 X89.517 Y110.958 E3.88434
G1 X90.042 Y110.857 E3.90244
G1 X90.304 Y110.91 E3.91149
G1 X90.566 Y111.116 E3.92277
G1 X91.09 Y111.772 E3.95119
G1 X91.614 Y112.104 E3.97219
G1 X92.138 Y112.205 E3.99025
G1 X92.4 Y112.152 E3.9993
G1 X92.662 Y111.945 E4.0106
G1 X93.186 Y111.29 E4.03899
G1 X93.71 Y110.958 E4.05999
G1 X94.235 Y110.857 E4.07809
G1 X94.497 Y110.91 E4.08714
G1 X94.759 Y111.116 E4.09842
G1 X95.283 Y111.772 E4.12684
G1 X95.807 Y112.104 E4.14784
G1 X96.331 Y112.205 E4.1659
G1 X96.593 Y112.152 E4.17495
G1 X96.855 Y111.945 E4.18625
G1 X97.379 Y111.29 E4.21464
G1 X97.903 Y110.958 E4.23564
G1 X98.428 Y110.857 E4.25374
G1 X98.69 Y110.91 E4.26279
G1 X98.952 Y111.116 E4.27407
G1 X99.476 Y111.772 E4.30249
G1 X100 Y112.104 E4.32349
G1 X100.524 Y112.205 E4.34155
G1 X100.786 Y112.152 E4.3506
G1 X101.048 Y111.945 E4.3619
G1 X101.572 Y111.29 E4.39029
G1 X102.097 Y110.958 E4.41132
G1 X102.621 Y110.857 E4.42938
G1 X102.883 Y110.91 E4.43843
G1 X103.145 Y111.116 E4.44971
G1 X103.669 Y111.772 E4.47813
G1 X104.193 Y112.104 E4.49913
G1 X104.717 Y112.205 E4.51719
G1 X104.979 Y112.152 E4.52624
G1 X105.241 Y111.945 E4.53754
G1 X105.765 Y111.29 E4.56593
G1 X106.29 Y110.958 E4.58696
G1 X106.814 Y110.857 E4.60502
G1 X107.076 Y110.91 E4.61407
G1 X107.338 Y111.116 E4.62535
G1 X107.862 Y111.772 E4.65377
G1 X108.386 Y112.104 E4.67477
G1 X108.91 Y112.205 E4.69283
G1 X109.172 Y112.152 E4.70188
G1 X109.434 Y111.945 E4.71318
G1 X109.958 Y111.29 E4.74157
G1 X110.483 Y110.958 E4.7626
G1 X111.007 Y110.857 E4.78066
G1 X111.269 Y110.91 E4.78971
G1 X111.531 Y111.116 E4.80099
G1 X112.055 Y111.772 E4.82941
G1 X112.579 Y112.104 E4.85041
G1 X113.103 Y112.205 E4.86847
G1 X113.365 Y112.152 E4.87752
G1 X113.627 Y111.945 E4.88882
G1 X114.152 Y111.29 E4.91723
G1 X114.676 Y110.958 E4.93823
G1 X115.2 Y110.857 E4.95629
G1 X115.462 Y110.91 E4.96534
G1 X115.724 Y111.116 E4.97662
G1 X116.248 Y111.772 E5.00504
G1 X116.772 Y112.104 E5.02604
G1 X117.296 Y112.205 E5.0441
G1 X117.558 Y112.152 E5.05315
G1 X117.82 Y111.945 E5.06445
G1 X118.345 Y111.29 E5.09286
G1 X118.869 Y110.958 E5.11386
G1 X119.393 Y110.857 E5.13192
G1 X119.655 Y110.91 E5.14097
G1 X119.748 Y110.983 E5.14497
G1 X119.748 Y109.638 E5.1905
G1 X119.393 Y109.193 E5.20977
G1 X118.869 Y108.862 E5.23075
G1 X118.345 Y108.76 E5.24882
G1 X118.083 Y108.813 E5.25787
G1 X117.82 Y109.02 E5.2692
G1 X117.296 Y109.676 E5.29762
G1 X116.772 Y110.007 E5.3186
G1 X116.248 Y110.108 E5.33666
G1 X115.986 Y110.056 E5.3457
G1 X115.724 Y109.849 E5.357
G1 X115.2 Y109.193 E5.38542
G1 X114.676 Y108.862 E5.4064
G1 X114.152 Y108.76 E5.42447
G1 X113.889 Y108.813 E5.43355
G1 X113.627 Y109.02 E5.44485
G1 X113.103 Y109.676 E5.47327
G1 X112.579 Y110.007 E5.49425
G1 X112.055 Y110.108 E5.51231
G1 X111.793 Y110.056 E5.52135
G1 X111.531 Y109.849 E5.53265
G1 X111.007 Y109.193 E5.56107
G1 X110.483 Y108.862 E5.58205
G1 X109.958 Y108.76 E5.60015
G1 X109.696 Y108.813 E5.6092
G1 X109.434 Y109.02 E5.6205
G1 X108.91 Y109.676 E5.64892
G1 X108.386 Y110.007 E5.6699
G1 X107.862 Y110.108 E5.68796
G1 X107.6 Y110.056 E5.697
G1 X107.338 Y109.849 E5.7083
G1 X106.814 Y109.193 E5.73672
G1 X106.29 Y108.862 E5.7577
G1 X105.765 Y108.76 E5.7758
G1 X105.503 Y108.813 E5.78485
G1 X105.241 Y109.02 E5.79615
G1 X104.717 Y109.676 E5.82457
G1 X104.193 Y110.007 E5.84555
G1 X103.669 Y110.108 E5.86361
G1 X103.407 Y110.056 E5.87265
G1 X103.145 Y109.849 E5.88395
G1 X102.621 Y109.193 E5.91237
G1 X102.097 Y108.862 E5.93335
G1 X101.572 Y108.76 E5.95145
G1 X101.31 Y108.813 E5.9605
G1 X101.048 Y109.02 E5.9718
G1 X100.524 Y109.676 E6.00022
G1 X100 Y110.007 E6.0212
G1 X99.476 Y110.108 E6.03926
G1 X99.214 Y110.056 E6.0483
G1 X98.952 Y109.849 E6.0596
G1 X98.428 Y109.193 E6.08802
G1 X97.903 Y108.862 E6.10903
G1 X97.379 Y108.76 E6.1271
G1 X97.117 Y108.813 E6.13615
G1 X96.855 Y109.02 E6.14745
G1 X96.331 Y109.676 E6.17587
G1 X95.807 Y110.007 E6.19685
G1 X95.283 Y110.108 E6.21491
G1 X95.021 Y110.056 E6.22395
G1 X94.759 Y109.849 E6.23525
G1 X94.235 Y109.193 E6.26367
G1 X93.71 Y108.862 E6.28468
G1 X93.186 Y108.76 E6.30275
G1 X92.924 Y108.813 E6.3118
G1 X92.662 Y109.02 E6.3231
G1 X92.138 Y109.676 E6.35152
G1 X91.614 Y110.007 E6.3725
G1 X91.09 Y110.108 E6.39056
G1 X90.828 Y110.056 E6.3996
G1 X90.566 Y109.849 E6.4109
G1 X90.042 Y109.193 E6.43932
G1 X89.517 Y108.862 E6.46033
G1 X88.993 Y108.76 E6.4784
G1 X88.731 Y108.813 E6.48745
G1 X88.469 Y109.02 E6.49875
G1 X87.945 Y109.676 E6.52717
G1 X87.421 Y110.007 E6.54815
G1 X86.897 Y110.108 E6.56621
G1 X86.635 Y110.056 E6.57525
G1 X86.373 Y109.849 E6.58655
G1 X85.848 Y109.193 E6.61499
G1 X85.324 Y108.862 E6.63597
G1 X84.8 Y108.76 E6.65404
G1 X84.538 Y108.813 E6.66309
G1 X84.276 Y109.02 E6.67439
G1 X83.752 Y109.676 E6.70281
G1 X83.228 Y110.007 E6.72379
G1 X82.704 Y110.108 E6.74185
G1 X82.442 Y110.056 E6.75089
G1 X82.18 Y109.849 E6.76219
G1 X81.655 Y109.193 E6.79063
G1 X81.131 Y108.862 E6.81161
G1 X80.607 Y108.76 E6.82968
G1 X80.345 Y108.813 E6.83873
G1 X80.252 Y108.887 E6.84275
G1 X80.252 Y107.542 E6.88828
G1 X80.607 Y107.097 E6.90755
G1 X81.131 Y106.765 E6.92855
G1 X81.655 Y106.664 E6.94661
G1 X81.918 Y106.717 E6.95569
G1 X82.18 Y106.923 E6.96697
G1 X82.704 Y107.579 E6.99539
G1 X83.228 Y107.91 E7.01637
G1 X83.752 Y108.012 E7.03444
G1 X84.014 Y107.959 E7.04349
G1 X84.276 Y107.752 E7.05479
G1 X84.8 Y107.097 E7.08318
G1 X85.324 Y106.765 E7.10418
G1 X85.848 Y106.664 E7.12224
G1 X86.111 Y106.717 E7.13132
G1 X86.373 Y106.923 E7.1426
G1 X86.897 Y107.579 E7.17102
G1 X87.421 Y107.91 E7.192
G1 X87.945 Y108.012 E7.21007
G1 X88.207 Y107.959 E7.21912
G1 X88.469 Y107.752 E7.23042
G1 X88.993 Y107.097 E7.25881
G1 X89.517 Y106.765 E7.27981
G1 X90.042 Y106.664 E7.29791
G1 X90.304 Y106.717 E7.30696
G1 X90.566 Y106.923 E7.31824
G1 X91.09 Y107.579 E7.34666
G1 X91.614 Y107.91 E7.36764
G1 X92.138 Y108.012 E7.38571
G1 X92.4 Y107.959 E7.39476
G1 X92.662 Y107.752 E7.40606
G1 X93.186 Y107.097 E7.43445
G1 X93.71 Y106.765 E7.45545
G1 X94.235 Y106.664 E7.47355
G1 X94.497 Y106.717 E7.4826
G1 X94.759 Y106.923 E7.49388
G1 X95.283 Y107.579 E7.5223
G1 X95.807 Y107.91 E7.54328
G1 X96.331 Y108.012 E7.56135
G1 X96.593 Y107.959 E7.5704
G1 X96.855 Y107.752 E7.5817
G1 X97.379 Y107.097 E7.61009
G1 X97.903 Y106.765 E7.63109
G1 X98.428 Y106.664 E7.64919
G1 X98.69 Y106.717 E7.65824
G1 X98.952 Y106.923 E7.66952
G1 X99.476 Y107.579 E7.69794
G1 X100 Y107.91 E7.71892
G1 X100.524 Y108.012 E7.73699
G1 X100.786 Y107.959 E7.74604
G1 X101.048 Y107.752 E7.75734
G1 X101.572 Y107.097 E7.78573
G1 X102.097 Y106.765 E7.80676
G1 X102.621 Y106.664 E7.82482
G1 X102.883 Y106.717 E7.83387
G1 X103.145 Y106.923 E7.84515
G1 X103.669 Y107.579 E7.87357
G1 X104.193 Y107.91 E7.89455
G1 X104.717 Y108.012 E7.91262
G1 X104.979 Y107.959 E7.92167
G1 X105.241 Y107.752 E7.93297
G1 X105.765 Y107.097 E7.96136
G1 X106.29 Y106.765 E7.98239
G1 X106.814 Y106.664 E8.00045
G1 X107.076 Y106.717 E8.0095
G1 X107.338 Y106.923 E8.02078
G1 X107.862 Y107.579 E8.0492
G1 X108.386 Y107.91 E8.07018
G1 X108.91 Y108.012 E8.08825
G1 X109.172 Y107.959 E8.0973
G1 X109.434 Y107.752 E8.1086
G1 X109.958 Y107.097 E8.13699
G1 X110.483 Y106.765 E8.15802
G1 X111.007 Y106.664 E8.17608
G1 X111.269 Y106.717 E8.18513
G1 X111.531 Y106.923 E8.19641
G1 X112.055 Y107.579 E8.22483
G1 X112.579 Y107.91 E8.24581
G1 X113.103 Y108.012 E8.26388
G1 X113.365 Y107.959 E8.27293
G1 X113.627 Y107.752 E8.28423
G1 X114.152 Y107.097 E8.31264
G1 X114.676 Y106.765 E8.33364
G1 X115.2 Y106.664 E8.3517
G1 X115.462 Y106.717 E8.36075
G1 X115.724 Y106.923 E8.37203
G1 X116.248 Y107.579 E8.40045
G1 X116.772 Y107.91 E8.42143
G1 X117.296 Y108.012 E8.4395
G1 X117.558 Y107.959 E8.44855
G1 X117.82 Y107.752 E8.45985
G1 X118.345 Y107.097 E8.48826
G1 X118.869 Y106.765 E8.50926
G1 X119.393 Y106.664 E8.52732
G1 X119.655 Y106.717 E8.53637
G1 X119.748 Y106.79 E8.54037
G1 X119.748 Y105.445 E8.5859
G1 X119.393 Y105 E8.60517
G1 X118.869 Y104.669 E8.62615
G1 X118.345 Y104.567 E8.64422
G1 X118.083 Y104.62 E8.65327
G1 X117.82 Y104.827 E8.6646
G1 X117.296 Y105.483 E8.69302
G1 X116.772 Y105.814 E8.714
G1 X116.248 Y105.915 E8.73206
G1 X115.986 Y105.862 E8.74111
G1 X115.724 Y105.656 E8.75239
G1 X115.147 Y104.967 E8.78281
G1 X114.864 Y104.951 E8.7924
G1 X113.864 Y104.64 E8.82785
G1 X113.627 Y104.827 E8.83807
G1 X113.103 Y105.483 E8.86649
G1 X112.579 Y105.814 E8.88747
G1 X112.055 Y105.915 E8.90553
G1 X111.793 Y105.862 E8.91458
G1 X111.531 Y105.656 E8.92586
G1 X111.007 Y105 E8.95428
G1 X110.483 Y104.669 E8.97526
G1 X109.958 Y104.567 E8.99336
G1 X109.696 Y104.62 E9.00241
G1 X109.434 Y104.827 E9.01371
G1 X108.91 Y105.483 E9.04213
G1 X108.386 Y105.814 E9.06311
G1 X107.862 Y105.915 E9.08117
G1 X107.6 Y105.862 E9.09022
G1 X107.338 Y105.656 E9.1015
G1 X106.814 Y105 E9.12992
G1 X106.29 Y104.669 E9.1509
G1 X105.765 Y104.567 E9.169
G1 X105.503 Y104.62 E9.17805
G1 X105.241 Y104.827 E9.18935
G1 X104.717 Y105.483 E9.21777
G1 X104.193 Y105.814 E9.23875
G1 X103.669 Y105.915 E9.25681
G1 X103.407 Y105.862 E9.26586
G1 X103.145 Y105.656 E9.27714
G1 X102.621 Y105 E9.30556
G1 X102.097 Y104.669 E9.32654
G1 X101.572 Y104.567 E9.34464
G1 X101.31 Y104.62 E9.35369
G1 X101.048 Y104.827 E9.36499
G1 X100.524 Y105.483 E9.39341
G1 X100 Y105.814 E9.41439
G1 X99.476 Y105.915 E9.43245
G1 X99.214 Y105.862 E9.4415
G1 X98.952 Y105.656 E9.45278
G1 X98.428 Y105 E9.4812
G1 X97.903 Y104.669 E9.50221
G1 X97.379 Y104.567 E9.52028
G1 X97.117 Y104.62 E9.52933
G1 X96.855 Y104.827 E9.54063
G1 X96.331 Y105.483 E9.56905
G1 X95.807 Y105.814 E9.59003
G1 X95.283 Y105.915 E9.60809
G1 X95.021 Y105.862 E9.61714
G1 X94.759 Y105.656 E9.62842
G1 X94.235 Y105 E9.65684
G1 X93.71 Y104.669 E9.67785
G1 X93.186 Y104.567 E9.69592
G1 X92.924 Y104.62 E9.70497
G1 X92.662 Y104.827 E9.71627
G1 X92.138 Y105.483 E9.74469
G1 X91.614 Y105.814 E9.76567
G1 X91.09 Y105.915 E9.78373
G1 X90.828 Y105.862 E9.79278
G1 X90.566 Y105.656 E9.80406
G1 X90.042 Y105 E9.83248
G1 X89.517 Y104.669 E9.85349
G1 X88.993 Y104.567 E9.87156
G1 X88.731 Y104.62 E9.88061
G1 X88.469 Y104.827 E9.89191
G1 X87.945 Y105.483 E9.92033
G1 X87.421 Y105.814 E9.94131
G1 X86.897 Y105.915 E9.95937
G1 X86.635 Y105.862 E9.96842
G1 X86.373 Y105.656 E9.9797
G1 X85.848 Y105 E10.00814
G1 X85.324 Y104.669 E10.02912
G1 X84.8 Y104.567 E10.04719
G1 X84.538 Y104.62 E10.05624
G1 X84.276 Y104.827 E10.06754
G1 X83.752 Y105.483 E10.09596
G1 X83.228 Y105.814 E10.11694
G1 X82.704 Y105.915 E10.135
G1 X82.442 Y105.862 E10.14405
G1 X82.18 Y105.656 E10.15533
G1 X81.655 Y105 E10.18377
G1 X81.131 Y104.669 E10.20475
G1 X80.607 Y104.567 E10.22282
G1 X80.345 Y104.62 E10.23187
G1 X80.252 Y104.694 E10.23589
G1 X80.252 Y103.349 E10.28142
G1 X80.607 Y102.904 E10.30069
G1 X81.131 Y102.572 E10.32169
G1 X81.655 Y102.471 E10.33975
G1 X81.918 Y102.524 E10.34883
G1 X82.18 Y102.73 E10.36011
G1 X82.704 Y103.386 E10.38853
G1 X83.228 Y103.717 E10.40951
G1 X83.752 Y103.819 E10.42758
G1 X84.014 Y103.766 E10.43663
G1 X84.276 Y103.559 E10.44793
G1 X84.8 Y102.904 E10.47632
G1 X85.324 Y102.572 E10.49732
G1 X85.848 Y102.471 E10.51538
G1 X86.111 Y102.524 E10.52446
G1 X86.373 Y102.73 E10.53574
G1 X86.897 Y103.386 E10.56416
G1 X87.421 Y103.717 E10.58514
G1 X87.945 Y103.819 E10.60321
G1 X88.207 Y103.766 E10.61226
G1 X88.469 Y103.559 E10.62356
G1 X88.993 Y102.904 E10.65195
G1 X89.517 Y102.572 E10.67295
G1 X90.042 Y102.471 E10.69105
G1 X90.304 Y102.524 E10.7001
G1 X90.566 Y102.73 E10.71138
G1 X91.09 Y103.386 E10.7398
G1 X91.614 Y103.717 E10.76078
G1 X92.138 Y103.819 E10.77885
G1 X92.4 Y103.766 E10.7879
G1 X92.662 Y103.559 E10.7992
G1 X93.186 Y102.904 E10.82759
G1 X93.71 Y102.572 E10.84859
G1 X94.235 Y102.471 E10.86669
G1 X94.497 Y102.524 E10.87574
G1 X94.759 Y102.73 E10.88702
G1 X95.283 Y103.386 E10.91544
G1 X95.807 Y103.717 E10.93642
G1 X96.331 Y103.819 E10.95449
G1 X96.593 Y103.766 E10.96354
G1 X96.855 Y103.559 E10.97484
G1 X97.379 Y102.904 E11.00323
G1 X97.903 Y102.572 E11.02423
G1 X98.428 Y102.471 E11.04233
G1 X98.69 Y102.524 E11.05138
G1 X98.952 Y102.73 E11.06266
G1 X99.476 Y103.386 E11.09108
G1 X100 Y103.717 E11.11206
G1 X100.524 Y103.819 E11.13013
G1 X100.786 Y103.766 E11.13918
G1 X101.048 Y103.559 E11.15048
G1 X101.572 Y102.904 E11.17887
G1 X102.097 Y102.572 E11.1999
G1 X102.621 Y102.471 E11.21796
G1 X102.883 Y102.524 E11.22701
G1 X103.145 Y102.73 E11.23829
G1 X103.669 Y103.386 E11.26671
G1 X104.193 Y103.717 E11.28769
G1 X104.717 Y103.819 E11.30576
G1 X104.979 Y103.766 E11.31481
G1 X105.241 Y103.559 E11.32611
G1 X105.765 Y102.904 E11.3545
G1 X106.29 Y102.572 E11.37553
G1 X106.814 Y102.471 E11.39359
G1 X107.076 Y102.524 E11.40264
G1 X107.338 Y102.73 E11.41392
G1 X107.862 Y103.386 E11.44234
G1 X108.386 Y103.717 E11.46332
G1 X108.91 Y103.819 E11.48139
G1 X109.172 Y103.766 E11.49044
G1 X109.434 Y103.559 E11.50174
G1 X109.958 Y102.904 E11.53013
G1 X110.483 Y102.572 E11.55116
G1 X111.007 Y102.471 E11.56922
G1 X111.269 Y102.524 E11.57827
G1 X111.531 Y102.73 E11.58955
G1 X112.055 Y103.386 E11.61797
G1 X112.584 Y103.718 E11.63911
G1 X113.301 Y104.336 E11.67115
G1 X113.68 Y104.553 E11.68593
G1 E9.68593 F2400
G92 E0
G1 X117.656 Y104.356 F7200
G1 E2 F2400
G1 F3300
G1 X118.094 Y104.037 E2.01834
G1 X118.703 Y103.395 E2.04829
G1 X119.192 Y102.51 E2.08251
G1 X119.393 Y102.471 E2.08944
G1 X119.655 Y102.524 E2.09849
G1 X119.748 Y102.597 E2.10249
G1 X119.748 Y101.252 E2.14802
G1 X119.482 Y100.919 E2.16245
G1 X119.362 Y99.982 E2.19443
G1 X119.184 Y99.455 E2.21326
G1 X118.873 Y98.851 E2.23626
G1 X118.633 Y98.528 E2.24988
G1 X118.869 Y98.379 E2.25933
G1 X119.393 Y98.278 E2.27739
G1 X119.655 Y98.331 E2.28644
G1 X119.748 Y98.404 E2.29044
G1 X119.748 Y97.059 E2.33597
G1 X119.393 Y96.614 E2.35524
G1 X118.869 Y96.283 E2.37622
G1 X118.345 Y96.181 E2.39429
G1 X118.083 Y96.234 E2.40334
G1 X117.82 Y96.441 E2.41467
G1 X117.296 Y97.097 E2.44309
G1 X116.981 Y97.296 E2.4557
G1 X116.07 Y97.039 E2.48774
G1 X115.521 Y97.016 E2.50634
G1 X115.2 Y96.614 E2.52375
G1 X114.676 Y96.283 E2.54473
G1 X114.152 Y96.181 E2.5628
G1 X113.889 Y96.234 E2.57188
G1 X113.627 Y96.441 E2.58318
G1 X113.103 Y97.097 E2.6116
G1 X112.579 Y97.428 E2.63258
G1 X112.055 Y97.529 E2.65064
G1 X111.793 Y97.476 E2.65969
G1 X111.531 Y97.27 E2.67097
G1 X111.007 Y96.614 E2.69939
G1 X110.483 Y96.283 E2.72037
G1 X109.958 Y96.181 E2.73847
G1 X109.696 Y96.234 E2.74752
G1 X109.434 Y96.441 E2.75882
G1 X108.91 Y97.097 E2.78724
G1 X108.386 Y97.428 E2.80822
G1 X107.862 Y97.529 E2.82628
G1 X107.6 Y97.476 E2.83533
G1 X107.338 Y97.27 E2.84661
G1 X106.814 Y96.614 E2.87503
G1 X106.29 Y96.283 E2.89601
G1 X105.765 Y96.181 E2.91411
G1 X105.503 Y96.234 E2.92316
G1 X105.241 Y96.441 E2.93446
G1 X104.717 Y97.097 E2.96288
G1 X104.193 Y97.428 E2.98386
G1 X103.669 Y97.529 E3.00192
G1 X103.407 Y97.476 E3.01097
G1 X103.145 Y97.27 E3.02225
G1 X102.621 Y96.614 E3.05067
G1 X102.097 Y96.283 E3.07165
G1 X101.572 Y96.181 E3.08975
G1 X101.31 Y96.234 E3.0988
G1 X101.048 Y96.441 E3.1101
G1 X100.524 Y97.097 E3.13852
G1 X100 Y97.428 E3.1595
G1 X99.476 Y97.529 E3.17756
G1 X99.214 Y97.476 E3.18661
G1 X98.952 Y97.27 E3.19789
G1 X98.428 Y96.614 E3.22631
G1 X97.903 Y96.283 E3.24732
G1 X97.379 Y96.181 E3.26539
G1 X97.117 Y96.234 E3.27444
G1 X96.855 Y96.441 E3.28574
G1 X96.331 Y97.097 E3.31416
G1 X95.807 Y97.428 E3.33514
G1 X95.283 Y97.529 E3.3532
G1 X95.021 Y97.476 E3.36225
G1 X94.759 Y97.27 E3.37353
G1 X94.235 Y96.614 E3.40195
G1 X93.71 Y96.283 E3.42296
G1 X93.186 Y96.181 E3.44103
G1 X92.924 Y96.234 E3.45008
G1 X92.662 Y96.441 E3.46138
G1 X92.138 Y97.097 E3.4898
G1 X91.614 Y97.428 E3.51078
G1 X91.09 Y97.529 E3.52884
G1 X90.828 Y97.476 E3.53789
G1 X90.566 Y97.27 E3.54917
G1 X90.042 Y96.614 E3.57759
G1 X89.517 Y96.283 E3.5986
G1 X88.993 Y96.181 E3.61667
G1 X88.731 Y96.234 E3.62572
G1 X88.469 Y96.441 E3.63702
G1 X87.945 Y97.097 E3.66544
G1 X87.421 Y97.428 E3.68642
G1 X86.897 Y97.529 E3.70448
G1 X86.635 Y97.476 E3.71353
G1 X86.373 Y97.27 E3.72481
G1 X85.848 Y96.614 E3.75325
G1 X85.324 Y96.283 E3.77423
G1 X84.8 Y96.181 E3.7923
G1 X84.538 Y96.234 E3.80135
G1 X84.276 Y96.441 E3.81265
G1 X83.752 Y97.097 E3.84107
G1 X83.228 Y97.428 E3.86205
G1 X82.704 Y97.529 E3.88011
G1 X82.442 Y97.476 E3.88916
G1 X82.18 Y97.27 E3.90044
G1 X81.655 Y96.614 E3.92888
G1 X81.131 Y96.283 E3.94986
G1 X80.607 Y96.181 E3.96793
G1 X80.345 Y96.234 E3.97698
G1 X80.252 Y96.308 E3.981
G1 X80.252 Y94.962 E4.02656
G1 X80.607 Y94.517 E4.04583
G1 X81.131 Y94.186 E4.06681
G1 X81.655 Y94.085 E4.08487
G1 X81.918 Y94.138 E4.09395
G1 X82.18 Y94.344 E4.10523
G1 X82.704 Y95 E4.13365
G1 X83.228 Y95.331 E4.15463
G1 X83.752 Y95.433 E4.1727
G1 X84.014 Y95.38 E4.18175
G1 X84.276 Y95.173 E4.19305
G1 X84.8 Y94.517 E4.22147
G1 X85.324 Y94.186 E4.24245
G1 X85.848 Y94.085 E4.26051
G1 X86.111 Y94.138 E4.26959
G1 X86.373 Y94.344 E4.28087
G1 X86.897 Y95 E4.30929
G1 X87.421 Y95.331 E4.33027
G1 X87.945 Y95.433 E4.34834
G1 X88.207 Y95.38 E4.35739
G1 X88.469 Y95.173 E4.36869
G1 X88.993 Y94.517 E4.39711
G1 X89.517 Y94.186 E4.41809
G1 X90.042 Y94.085 E4.43619
G1 X90.304 Y94.138 E4.44524
G1 X90.566 Y94.344 E4.45652
G1 X91.09 Y95 E4.48494
G1 X91.614 Y95.331 E4.50592
G1 X92.138 Y95.433 E4.52399
G1 X92.4 Y95.38 E4.53304
G1 X92.662 Y95.173 E4.54434
G1 X93.186 Y94.517 E4.57276
G1 X93.71 Y94.186 E4.59374
G1 X94.235 Y94.085 E4.61184
G1 X94.497 Y94.138 E4.62089
G1 X94.759 Y94.344 E4.63217
G1 X95.283 Y95 E4.66059
G1 X95.807 Y95.331 E4.68157
G1 X96.331 Y95.433 E4.69964
G1 X96.593 Y95.38 E4.70869
G1 X96.855 Y95.173 E4.71999
G1 X97.379 Y94.517 E4.74841
G1 X97.903 Y94.186 E4.76939
G1 X98.428 Y94.085 E4.78749
G1 X98.69 Y94.138 E4.79654
G1 X98.952 Y94.344 E4.80782
G1 X99.476 Y95 E4.83624
G1 X100 Y95.331 E4.85722
G1 X100.524 Y95.433 E4.87529
G1 X100.786 Y95.38 E4.88434
G1 X101.048 Y95.173 E4.89564
G1 X101.572 Y94.517 E4.92406
G1 X102.097 Y94.186 E4.94507
G1 X102.621 Y94.085 E4.96313
G1 X102.883 Y94.138 E4.97218
G1 X103.145 Y94.344 E4.98346
G1 X103.669 Y95 E5.01188
G1 X104.193 Y95.331 E5.03286
G1 X104.717 Y95.433 E5.05093
G1 X104.979 Y95.38 E5.05998
G1 X105.241 Y95.173 E5.07128
G1 X105.765 Y94.517 E5.0997
G1 X106.29 Y94.186 E5.12071
G1 X106.814 Y94.085 E5.13877
G1 X107.076 Y94.138 E5.14782
G1 X107.338 Y94.344 E5.1591
G1 X107.862 Y95 E5.18752
G1 X108.386 Y95.331 E5.2085
G1 X108.91 Y95.433 E5.22657
G1 X109.172 Y95.38 E5.23562
G1 X109.434 Y95.173 E5.24692
G1 X109.958 Y94.517 E5.27534
G1 X110.483 Y94.186 E5.29635
G1 X111.007 Y94.085 E5.31441
G1 X111.269 Y94.138 E5.32346
G1 X111.531 Y94.344 E5.33474
G1 X112.055 Y95 E5.36316
G1 X112.579 Y95.331 E5.38414
G1 X113.103 Y95.433 E5.40221
G1 X113.365 Y95.38 E5.41126
G1 X113.627 Y95.173 E5.42256
G1 X114.152 Y94.517 E5.451
G1 X114.676 Y94.186 E5.47198
G1 X115.2 Y94.085 E5.49004
G1 X115.462 Y94.138 E5.49909
G1 X115.724 Y94.344 E5.51037
G1 X116.248 Y95 E5.53879
G1 X116.772 Y95.331 E5.55977
G1 X117.296 Y95.433 E5.57784
G1 X117.558 Y95.38 E5.58689
G1 X117.82 Y95.173 E5.59819
G1 X118.345 Y94.517 E5.62663
G1 X118.869 Y94.186 E5.64761
G1 X119.393 Y94.085 E5.66567
G1 X119.655 Y94.138 E5.67472
G1 X119.748 Y94.211 E5.67872
G1 X119.748 Y92.866 E5.72425
G1 X119.393 Y92.421 E5.74352
G1 X118.869 Y92.09 E5.7645
G1 X118.345 Y91.988 E5.78257
G1 X118.098 Y92.038 E5.7911
G1 X117.807 Y92.265 E5.80359
G1 X117.296 Y92.903 E5.83126
G1 X116.772 Y93.235 E5.85226
G1 X116.248 Y93.336 E5.87032
G1 X115.986 Y93.283 E5.87937
G1 X115.648 Y92.982 E5.89469
G1 X115.109 Y92.981 E5.91293
G1 X114.331 Y92.827 E5.93978
G1 X113.476 Y92.437 E5.97159
G1 X113.103 Y92.903 E5.99179
G1 X112.579 Y93.235 E6.01279
G1 X112.055 Y93.336 E6.03085
G1 X111.793 Y93.283 E6.0399
G1 X111.531 Y93.077 E6.05118
G1 X111.007 Y92.421 E6.0796
G1 X110.483 Y92.09 E6.10058
G1 X109.958 Y91.988 E6.11868
G1 X109.696 Y92.041 E6.12773
G1 X109.434 Y92.248 E6.13903
G1 X108.91 Y92.903 E6.16742
G1 X108.386 Y93.235 E6.18842
G1 X107.862 Y93.336 E6.20648
G1 X107.6 Y93.283 E6.21553
G1 X107.338 Y93.077 E6.22681
G1 X106.814 Y92.421 E6.25523
G1 X106.29 Y92.09 E6.27621
G1 X105.765 Y91.988 E6.29431
G1 X105.503 Y92.041 E6.30336
G1 X105.241 Y92.248 E6.31466
G1 X104.717 Y92.903 E6.34305
G1 X104.193 Y93.235 E6.36405
G1 X103.669 Y93.336 E6.38211
G1 X103.407 Y93.283 E6.39116
G1 X103.145 Y93.077 E6.40244
G1 X102.621 Y92.421 E6.43086
G1 X102.097 Y92.09 E6.45184
G1 X101.572 Y91.988 E6.46994
G1 X101.31 Y92.041 E6.47899
G1 X101.048 Y92.248 E6.49029
G1 X100.524 Y92.903 E6.51868
G1 X100 Y93.235 E6.53968
G1 X99.476 Y93.336 E6.55774
G1 X99.214 Y93.283 E6.56679
G1 X98.952 Y93.077 E6.57807
G1 X98.428 Y92.421 E6.60649
G1 X97.903 Y92.09 E6.6275
G1 X97.379 Y91.988 E6.64557
G1 X97.117 Y92.041 E6.65462
G1 X96.855 Y92.248 E6.66592
G1 X96.331 Y92.903 E6.69431
G1 X95.807 Y93.235 E6.71531
G1 X95.283 Y93.336 E6.73337
G1 X95.021 Y93.283 E6.74242
G1 X94.759 Y93.077 E6.7537
G1 X94.235 Y92.421 E6.78212
G1 X93.71 Y92.09 E6.80313
G1 X93.186 Y91.988 E6.8212
G1 X92.924 Y92.041 E6.83025
G1 X92.662 Y92.248 E6.84155
G1 X92.138 Y92.903 E6.86994
G1 X91.614 Y93.235 E6.89094
G1 X91.09 Y93.336 E6.909
G1 X90.828 Y93.283 E6.91805
G1 X90.566 Y93.077 E6.92933
G1 X90.042 Y92.421 E6.95775
G1 X89.517 Y92.09 E6.97876
G1 X88.993 Y91.988 E6.99683
G1 X88.731 Y92.041 E7.00588
G1 X88.469 Y92.248 E7.01718
G1 X87.945 Y92.903 E7.04557
G1 X87.421 Y93.235 E7.06657
G1 X86.897 Y93.336 E7.08463
G1 X86.635 Y93.283 E7.09368
G1 X86.373 Y93.077 E7.10496
G1 X85.848 Y92.421 E7.1334
G1 X85.324 Y92.09 E7.15438
G1 X84.8 Y91.988 E7.17245
G1 X84.538 Y92.041 E7.1815
G1 X84.276 Y92.248 E7.1928
G1 X83.752 Y92.903 E7.22119
G1 X83.228 Y93.235 E7.24219
G1 X82.704 Y93.336 E7.26025
G1 X82.442 Y93.283 E7.2693
G1 X82.18 Y93.077 E7.28058
G1 X81.655 Y92.421 E7.30902
G1 X81.131 Y92.09 E7.33
G1 X80.607 Y91.988 E7.34807
G1 X80.345 Y92.041 E7.35712
G1 X80.252 Y92.115 E7.36114
G1 X80.252 Y90.769 E7.4067
G1 X80.607 Y90.324 E7.42597
G1 X81.131 Y89.993 E7.44695
G1 X81.655 Y89.892 E7.46501
G1 X81.918 Y89.944 E7.47408
G1 X82.18 Y90.151 E7.48538
G1 X82.704 Y90.807 E7.5138
G1 X83.228 Y91.138 E7.53478
G1 X83.752 Y91.24 E7.55285
G1 X84.014 Y91.187 E7.5619
G1 X84.276 Y90.98 E7.5732
G1 X84.8 Y90.324 E7.60162
G1 X85.324 Y89.993 E7.6226
G1 X85.848 Y89.892 E7.64066
G1 X86.111 Y89.944 E7.64973
G1 X86.373 Y90.151 E7.66103
G1 X86.897 Y90.807 E7.68945
G1 X87.421 Y91.138 E7.71043
G1 X87.945 Y91.24 E7.7285
G1 X88.207 Y91.187 E7.73755
G1 X88.469 Y90.98 E7.74885
G1 X88.993 Y90.324 E7.77727
G1 X89.517 Y89.993 E7.79825
G1 X90.042 Y89.892 E7.81635
G1 X90.304 Y89.944 E7.82539
G1 X90.566 Y90.151 E7.83669
G1 X91.09 Y90.807 E7.86511
G1 X91.614 Y91.138 E7.88609
G1 X92.138 Y91.24 E7.90416
G1 X92.4 Y91.187 E7.91321
G1 X92.662 Y90.98 E7.92451
G1 X93.186 Y90.324 E7.95293
G1 X93.71 Y89.993 E7.97391
G1 X94.235 Y89.892 E7.99201
G1 X94.497 Y89.944 E8.00105
G1 X94.759 Y90.151 E8.01235
G1 X95.283 Y90.807 E8.04077
G1 X95.807 Y91.138 E8.06175
G1 X96.331 Y91.24 E8.07982
G1 X96.593 Y91.187 E8.08887
G1 X96.855 Y90.98 E8.10017
G1 X97.379 Y90.324 E8.12859
G1 X97.903 Y89.993 E8.14957
G1 X98.428 Y89.892 E8.16767
G1 X98.69 Y89.944 E8.17671
G1 X98.952 Y90.151 E8.18801
G1 X99.476 Y90.807 E8.21643
G1 X100 Y91.138 E8.23741
G1 X100.524 Y91.24 E8.25548
G1 X100.786 Y91.187 E8.26453
G1 X101.048 Y90.98 E8.27583
G1 X101.572 Y90.324 E8.30425
G1 X102.097 Y89.993 E8.32526
G1 X102.621 Y89.892 E8.34332
G1 X102.883 Y89.944 E8.35236
G1 X103.145 Y90.151 E8.36366
G1 X103.669 Y90.807 E8.39208
G1 X104.193 Y91.138 E8.41306
G1 X104.717 Y91.24 E8.43113
G1 X104.979 Y91.187 E8.44018
G1 X105.241 Y90.98 E8.45148
G1 X105.765 Y90.324 E8.4799
G1 X106.29 Y89.993 E8.50091
G1 X106.814 Y89.892 E8.51897
G1 X107.076 Y89.944 E8.52801
G1 X107.338 Y90.151 E8.53931
G1 X107.862 Y90.807 E8.56773
G1 X108.386 Y91.138 E8.58871
G1 X108.91 Y91.24 E8.60678
G1 X109.172 Y91.187 E8.61583
G1 X109.434 Y90.98 E8.62713
G1 X109.958 Y90.324 E8.65555
G1 X110.483 Y89.993 E8.67656
G1 X111.007 Y89.892 E8.69462
G1 X111.269 Y89.944 E8.70366
G1 X111.531 Y90.151 E8.71496
G1 X111.794 Y90.48 E8.72922
G1 X112.278 Y91.37 E8.76351
G1 X112.677 Y91.831 E8.78415
G1 X113.309 Y92.321 E8.81122
G1 E6.81122 F2400
G92 E0
G1 X118.243 Y91.896 F7200
G1 E2 F2400
G1 F3300
G1 X118.546 Y91.591 E2.01455
G1 X119.015 Y90.901 E2.04279
G1 X119.396 Y89.892 E2.0793
G1 X119.655 Y89.944 E2.08824
G1 X119.748 Y90.018 E2.09226
G1 X119.748 Y88.673 E2.13779
G1 X119.42 Y88.262 E2.15559
G1 X119.299 Y87.755 E2.17323
G1 X119.097 Y87.246 E2.19177
G1 X118.786 Y86.752 E2.21153
G1 X119.576 Y86.752 E2.23827
G1 E.23827 F2400
G92 E0
G1 X112.008 Y86.752 F7200
G1 E2 F2400
G1 F3300
G1 X112.204 Y86.752 E2.00663
G1 X111.741 Y87.644 E2.04065
G1 X111.54 Y88.466 E2.06929
G1 X111.508 Y88.855 E2.0825
G1 X111.007 Y88.228 E2.10967
G1 X110.483 Y87.897 E2.13065
G1 X109.958 Y87.795 E2.14875
G1 X109.696 Y87.848 E2.1578
G1 X109.434 Y88.055 E2.1691
G1 X108.91 Y88.71 E2.19749
G1 X108.386 Y89.042 E2.21849
G1 X107.862 Y89.143 E2.23655
G1 X107.6 Y89.09 E2.2456
G1 X107.338 Y88.884 E2.25688
G1 X106.814 Y88.228 E2.2853
G1 X106.29 Y87.897 E2.30628
G1 X105.765 Y87.795 E2.32438
G1 X105.503 Y87.848 E2.33343
G1 X105.241 Y88.055 E2.34473
G1 X104.717 Y88.71 E2.37312
G1 X104.193 Y89.042 E2.39412
G1 X103.669 Y89.143 E2.41218
G1 X103.407 Y89.09 E2.42123
G1 X103.145 Y88.884 E2.43251
G1 X102.621 Y88.228 E2.46093
G1 X102.097 Y87.897 E2.48191
G1 X101.572 Y87.795 E2.50001
G1 X101.31 Y87.848 E2.50906
G1 X101.048 Y88.055 E2.52036
G1 X100.524 Y88.71 E2.54875
G1 X100 Y89.042 E2.56975
G1 X99.476 Y89.143 E2.58781
G1 X99.214 Y89.09 E2.59686
G1 X98.952 Y88.884 E2.60814
G1 X98.428 Y88.228 E2.63656
G1 X97.903 Y87.897 E2.65757
G1 X97.379 Y87.795 E2.67564
G1 X97.117 Y87.848 E2.68469
G1 X96.855 Y88.055 E2.69599
G1 X96.331 Y88.71 E2.72438
G1 X95.807 Y89.042 E2.74538
G1 X95.283 Y89.143 E2.76344
G1 X95.021 Y89.09 E2.77249
G1 X94.759 Y88.884 E2.78377
G1 X94.235 Y88.228 E2.81219
G1 X93.71 Y87.897 E2.8332
G1 X93.186 Y87.795 E2.85127
G1 X92.924 Y87.848 E2.86032
G1 X92.662 Y88.055 E2.87162
G1 X92.138 Y88.71 E2.90001
G1 X91.614 Y89.042 E2.92101
G1 X91.09 Y89.143 E2.93907
G1 X90.828 Y89.09 E2.94812
G1 X90.566 Y88.884 E2.9594
G1 X90.042 Y88.228 E2.98782
G1 X89.517 Y87.897 E3.00883
G1 X88.993 Y87.795 E3.0269
G1 X88.731 Y87.848 E3.03595
G1 X88.469 Y88.055 E3.04725
G1 X87.945 Y88.71 E3.07564
G1 X87.421 Y89.042 E3.09664
G1 X86.897 Y89.143 E3.1147
G1 X86.635 Y89.09 E3.12375
G1 X86.373 Y88.884 E3.13503
G1 X85.848 Y88.228 E3.16347
G1 X85.324 Y87.897 E3.18445
G1 X84.8 Y87.795 E3.20252
G1 X84.538 Y87.848 E3.21157
G1 X84.276 Y88.055 E3.22287
G1 X83.752 Y88.71 E3.25126
G1 X83.228 Y89.042 E3.27226
G1 X82.704 Y89.143 E3.29032
G1 X82.442 Y89.09 E3.29937
G1 X82.18 Y88.884 E3.31065
G1 X81.655 Y88.228 E3.33909
G1 X81.131 Y87.897 E3.36007
G1 X80.607 Y87.795 E3.37814
G1 X80.345 Y87.848 E3.38719
G1 X80.252 Y87.922 E3.39121
G1 X80.252 Y86.752 E3.43081
G1 X82.921 Y86.752 E3.52115
G1 X83.228 Y86.945 E3.53342
G1 X83.752 Y87.047 E3.55149
G1 X84.014 Y86.994 E3.56054
G1 X84.305 Y86.752 E3.57335
G1 X87.114 Y86.752 E3.66843
G1 X87.421 Y86.945 E3.6807
G1 X87.945 Y87.047 E3.69877
G1 X88.207 Y86.994 E3.70782
G1 X88.498 Y86.752 E3.72063
G1 X91.308 Y86.752 E3.81575
G1 X91.614 Y86.945 E3.828
G1 X92.138 Y87.047 E3.84607
G1 X92.4 Y86.994 E3.85512
G1 X92.691 Y86.752 E3.86793
G1 X95.501 Y86.752 E3.96305
G1 X95.807 Y86.945 E3.9753
G1 X96.331 Y87.047 E3.99337
G1 X96.593 Y86.994 E4.00242
G1 X96.884 Y86.752 E4.01523
G1 X99.694 Y86.752 E4.11035
G1 X100 Y86.945 E4.1226
G1 X100.524 Y87.047 E4.14067
G1 X100.786 Y86.994 E4.14972
G1 X101.077 Y86.752 E4.16253
G1 X103.887 Y86.752 E4.25765
G1 X104.193 Y86.945 E4.2699
G1 X104.717 Y87.047 E4.28797
G1 X104.979 Y86.994 E4.29702
G1 X105.27 Y86.752 E4.30983
G1 X108.08 Y86.752 E4.40495
G1 X108.386 Y86.945 E4.4172
G1 X108.91 Y87.047 E4.43527
G1 X109.172 Y86.994 E4.44432
G1 X109.463 Y86.752 E4.45713
G1 X111.905 Y86.752 E4.53979
G1 E2.53979 F2400
G92 E0
G1 X113.708 Y97.432 F7200
G1 E2 F2400
G1 F3300
G1 X112.986 Y97.897 E2.02907
G1 X112.697 Y98.153 E2.04214
G1 X112.215 Y98.735 E2.06772
G1 X111.99 Y99.112 E2.08258
G1 X111.531 Y98.537 E2.10748
G1 X111.269 Y98.331 E2.11876
G1 X111.007 Y98.278 E2.12781
G1 X110.483 Y98.379 E2.14587
G1 X109.958 Y98.71 E2.16688
G1 X109.434 Y99.366 E2.1953
G1 X109.172 Y99.573 E2.2066
G1 X108.91 Y99.626 E2.21565
G1 X108.386 Y99.524 E2.23372
G1 X107.862 Y99.193 E2.2547
G1 X107.338 Y98.537 E2.28312
G1 X107.076 Y98.331 E2.2944
G1 X106.814 Y98.278 E2.30345
G1 X106.29 Y98.379 E2.32151
G1 X105.765 Y98.71 E2.34252
G1 X105.241 Y99.366 E2.37094
G1 X104.979 Y99.573 E2.38224
G1 X104.717 Y99.626 E2.39129
G1 X104.193 Y99.524 E2.40936
G1 X103.669 Y99.193 E2.43034
G1 X103.145 Y98.537 E2.45876
G1 X102.883 Y98.331 E2.47004
G1 X102.621 Y98.278 E2.47909
G1 X102.097 Y98.379 E2.49715
G1 X101.572 Y98.71 E2.51816
G1 X101.048 Y99.366 E2.54658
G1 X100.786 Y99.573 E2.55788
G1 X100.524 Y99.626 E2.56693
G1 X100 Y99.524 E2.585
G1 X99.476 Y99.193 E2.60598
G1 X98.952 Y98.537 E2.6344
G1 X98.69 Y98.331 E2.64568
G1 X98.428 Y98.278 E2.65473
G1 X97.903 Y98.379 E2.67283
G1 X97.379 Y98.71 E2.69381
G1 X96.855 Y99.366 E2.72223
G1 X96.593 Y99.573 E2.73353
G1 X96.331 Y99.626 E2.74258
G1 X95.807 Y99.524 E2.76065
G1 X95.283 Y99.193 E2.78163
G1 X94.759 Y98.537 E2.81005
G1 X94.497 Y98.331 E2.82133
G1 X94.235 Y98.278 E2.83038
G1 X93.71 Y98.379 E2.84848
G1 X93.186 Y98.71 E2.86946
G1 X92.662 Y99.366 E2.89788
G1 X92.4 Y99.573 E2.90918
G1 X92.138 Y99.626 E2.91823
G1 X91.614 Y99.524 E2.9363
G1 X91.09 Y99.193 E2.95728
G1 X90.566 Y98.537 E2.9857
G1 X90.304 Y98.331 E2.99698
G1 X90.042 Y98.278 E3.00603
G1 X89.517 Y98.379 E3.02413
G1 X88.993 Y98.71 E3.04511
G1 X88.469 Y99.366 E3.07353
G1 X88.207 Y99.573 E3.08483
G1 X87.945 Y99.626 E3.09388
G1 X87.421 Y99.524 E3.11195
G1 X86.897 Y99.193 E3.13293
G1 X86.373 Y98.537 E3.16135
G1 X86.111 Y98.331 E3.17263
G1 X85.848 Y98.278 E3.18171
G1 X85.324 Y98.379 E3.19977
G1 X84.8 Y98.71 E3.22075
G1 X84.276 Y99.366 E3.24917
G1 X84.014 Y99.573 E3.26047
G1 X83.752 Y99.626 E3.26952
G1 X83.228 Y99.524 E3.28759
G1 X82.704 Y99.193 E3.30857
G1 X82.18 Y98.537 E3.33699
G1 X81.918 Y98.331 E3.34827
G1 X81.655 Y98.278 E3.35735
G1 X81.131 Y98.379 E3.37541
G1 X80.607 Y98.71 E3.39639
G1 X80.252 Y99.155 E3.41566
G1 X80.252 Y100.501 E3.46122
G1 X80.345 Y100.427 E3.46524
G1 X80.607 Y100.374 E3.47429
G1 X81.131 Y100.476 E3.49236
G1 X81.655 Y100.807 E3.51334
G1 X82.18 Y101.463 E3.54178
G1 X82.442 Y101.669 E3.55306
G1 X82.704 Y101.722 E3.56211
G1 X83.228 Y101.621 E3.58017
G1 X83.752 Y101.29 E3.60115
G1 X84.276 Y100.634 E3.62957
G1 X84.538 Y100.427 E3.64087
G1 X84.8 Y100.374 E3.64992
G1 X85.324 Y100.476 E3.66799
G1 X85.848 Y100.807 E3.68897
G1 X86.373 Y101.463 E3.71741
G1 X86.635 Y101.669 E3.72869
G1 X86.897 Y101.722 E3.73774
G1 X87.421 Y101.621 E3.7558
G1 X87.945 Y101.29 E3.77678
G1 X88.469 Y100.634 E3.8052
G1 X88.731 Y100.427 E3.8165
G1 X88.993 Y100.374 E3.82555
G1 X89.517 Y100.476 E3.84362
G1 X90.042 Y100.807 E3.86463
G1 X90.566 Y101.463 E3.89305
G1 X90.828 Y101.669 E3.90433
G1 X91.09 Y101.722 E3.91338
G1 X91.614 Y101.621 E3.93144
G1 X92.138 Y101.29 E3.95242
G1 X92.662 Y100.634 E3.98084
G1 X92.924 Y100.427 E3.99214
G1 X93.186 Y100.374 E4.00119
G1 X93.71 Y100.476 E4.01926
G1 X94.235 Y100.807 E4.04027
G1 X94.759 Y101.463 E4.06869
G1 X95.021 Y101.669 E4.07997
G1 X95.283 Y101.722 E4.08902
G1 X95.807 Y101.621 E4.10708
G1 X96.331 Y101.29 E4.12806
G1 X96.855 Y100.634 E4.15648
G1 X97.117 Y100.427 E4.16778
G1 X97.379 Y100.374 E4.17683
G1 X97.903 Y100.476 E4.1949
G1 X98.428 Y100.807 E4.21591
G1 X98.952 Y101.463 E4.24433
G1 X99.214 Y101.669 E4.25561
G1 X99.476 Y101.722 E4.26466
G1 X100 Y101.621 E4.28272
G1 X100.524 Y101.29 E4.3037
G1 X101.048 Y100.634 E4.33212
G1 X101.31 Y100.427 E4.34342
G1 X101.572 Y100.374 E4.35247
G1 X102.097 Y100.476 E4.37057
G1 X102.621 Y100.807 E4.39155
G1 X103.145 Y101.463 E4.41997
G1 X103.407 Y101.669 E4.43125
G1 X103.669 Y101.722 E4.4403
G1 X104.193 Y101.621 E4.45836
G1 X104.717 Y101.29 E4.47934
G1 X105.241 Y100.634 E4.50776
G1 X105.503 Y100.427 E4.51906
G1 X105.765 Y100.374 E4.52811
G1 X106.29 Y100.476 E4.54621
G1 X106.814 Y100.807 E4.56719
G1 X107.338 Y101.463 E4.59561
G1 X107.6 Y101.669 E4.60689
G1 X107.862 Y101.722 E4.61594
G1 X108.386 Y101.621 E4.634
G1 X108.91 Y101.29 E4.65498
G1 X109.434 Y100.634 E4.6834
G1 X109.696 Y100.427 E4.6947
G1 X109.958 Y100.374 E4.70375
G1 X110.483 Y100.476 E4.72185
G1 X111.007 Y100.807 E4.74283
G1 X111.542 Y101.472 E4.77172
G1 X111.516 Y100.627 E4.80034
G1 X111.697 Y99.755 E4.83049
G1 X111.906 Y99.297 E4.84753
;LAYER_CHANGE
;Z:1.6
;HEIGHT:0.2
G1 E2.84753 F2400
G92 E0
G1 Z1.6 F7200
G1 X116.845 Y97.573
G1 E2 F2400
;TYPE:Perimeter
;WIDTH:0.449999
G1 F1200
G1 X117.254 Y97.749 E2.01507
G1 X117.891 Y98.189 E2.04128
G1 X118.457 Y98.791 E2.06925
G1 X118.78 Y99.302 E2.08971
G1 X119.073 Y100.082 E2.11791
G1 X119.144 Y100.441 E2.1303
G1 X119.187 Y101.073 E2.15174
G1 X119.165 Y101.434 E2.16398
G1 X119.071 Y101.934 E2.1812
G1 X118.773 Y102.705 E2.20918
G1 X118.312 Y103.391 E2.23716
G1 X117.886 Y103.82 E2.25762
G1 X117.244 Y104.253 E2.28383
G1 X116.418 Y104.573 E2.31381
G1 X116.059 Y104.644 E2.3262
G1 X115.427 Y104.687 E2.34764
G1 X115.066 Y104.665 E2.35988
G1 X114.566 Y104.571 E2.3771
G1 X114.261 Y104.477 E2.3879
G1 X113.795 Y104.273 E2.40512
G1 X113.281 Y103.953 E2.42561
G1 X112.717 Y103.424 E2.45178
G1 X112.518 Y103.175 E2.46257
G1 X112.247 Y102.744 E2.4798
G1 X112.103 Y102.441 E2.49116
G1 X111.927 Y101.918 E2.50984
G1 X111.856 Y101.559 E2.52223
G1 X111.813 Y100.927 E2.54367
G1 X111.835 Y100.566 E2.55591
G1 X111.929 Y100.066 E2.57313
G1 X112.023 Y99.761 E2.58393
G1 X112.227 Y99.295 E2.60115
G1 X112.387 Y99.018 E2.61198
G1 X112.689 Y98.609 E2.62919
G1 X113.186 Y98.134 E2.65246
G1 X113.661 Y97.801 E2.6721
G1 X114.043 Y97.609 E2.68657
G1 X114.524 Y97.441 E2.70382
G1 X115.178 Y97.322 E2.72632
G1 X115.901 Y97.33 E2.75079
G1 X116.698 Y97.509 E2.77844
G1 X116.79 Y97.549 E2.78184
G1 X116.698 Y97.949 F7200
G1 F1200
G1 X117.077 Y98.116 E2.79586
G1 X117.649 Y98.516 E2.81949
G1 X118.148 Y99.057 E2.8444
G1 X118.428 Y99.506 E2.86231
G1 X118.687 Y100.212 E2.88776
G1 X118.781 Y101.101 E2.91802
G1 X118.671 Y101.858 E2.94391
G1 X118.4 Y102.542 E2.96881
G1 X117.984 Y103.149 E2.99372
G1 X117.609 Y103.522 E3.01162
G1 X117.027 Y103.908 E3.03526
G1 X116.288 Y104.187 E3.062
G1 X115.399 Y104.281 E3.09226
G1 X115.142 Y104.265 E3.10098
G1 X114.642 Y104.171 E3.1182
G1 X113.957 Y103.9 E3.14313
G1 X113.511 Y103.617 E3.16101
G1 X113.005 Y103.136 E3.18464
G1 X112.592 Y102.527 E3.20955
G1 X112.313 Y101.788 E3.23629
G1 X112.262 Y101.532 E3.24513
G1 X112.219 Y100.899 E3.26661
G1 X112.235 Y100.642 E3.27533
G1 X112.329 Y100.142 E3.29255
G1 X112.6 Y99.457 E3.31748
G1 X113.016 Y98.851 E3.34236
G1 X113.451 Y98.442 E3.36257
G1 X113.865 Y98.154 E3.37964
G1 X114.178 Y97.993 E3.39155
G1 X114.658 Y97.825 E3.40876
G1 X115.234 Y97.725 E3.42855
G1 X115.883 Y97.737 E3.45052
G1 X116.593 Y97.902 E3.47519
G1 X116.643 Y97.924 E3.47704
G1 X116.55 Y98.326 F7200
G1 F1200
G1 X116.998 Y98.542 E3.49387
G1 X117.408 Y98.844 E3.51111
G1 X117.84 Y99.322 E3.53292
G1 X118.125 Y99.819 E3.55231
G1 X118.301 Y100.341 E3.57096
G1 X118.374 Y101.128 E3.59771
G1 X118.271 Y101.783 E3.62015
G1 X118.027 Y102.379 E3.64195
G1 X117.656 Y102.908 E3.66382
G1 X117.241 Y103.293 E3.68298
G1 X116.811 Y103.564 E3.70018
G1 X116.159 Y103.801 E3.72366
G1 X115.372 Y103.874 E3.75041
G1 X114.717 Y103.771 E3.77285
G1 X114.12 Y103.527 E3.79468
G1 X113.694 Y103.246 E3.81195
G1 X113.293 Y102.848 E3.83107
G1 X112.936 Y102.311 E3.8529
G1 X112.699 Y101.659 E3.87638
G1 X112.626 Y100.872 E3.90313
G1 X112.729 Y100.217 E3.92557
G1 X112.973 Y99.62 E3.9474
G1 X113.344 Y99.092 E3.96924
G1 X113.717 Y98.751 E3.98635
G1 X114.209 Y98.425 E4.00633
G1 X114.756 Y98.222 E4.02608
G1 X115.289 Y98.128 E4.0444
G1 X115.865 Y98.144 E4.0639
G1 X116.488 Y98.296 E4.08561
G1 X116.496 Y98.299 E4.0859
G1 X116.403 Y98.698 F7200
;TYPE:External perimeter
G1 F1200
G1 X116.757 Y98.869 E4.09921
G1 X117.166 Y99.171 E4.11642
G1 X117.531 Y99.588 E4.13518
G1 X117.739 Y99.949 E4.14928
G1 X117.915 Y100.471 E4.16793
G1 X117.968 Y101.156 E4.19119
G1 X117.871 Y101.707 E4.21013
G1 X117.654 Y102.217 E4.22889
G1 X117.329 Y102.666 E4.24765
G1 X117.025 Y102.948 E4.26169
G1 X116.594 Y103.219 E4.27892
G1 X116.029 Y103.415 E4.29916
G1 X115.344 Y103.468 E4.32242
G1 X114.793 Y103.371 E4.34136
G1 X114.283 Y103.154 E4.36012
G1 X113.94 Y102.92 E4.37417
G1 X113.58 Y102.561 E4.39138
G1 X113.281 Y102.094 E4.41015
G1 X113.085 Y101.529 E4.43039
G1 X113.032 Y100.844 E4.45365
G1 X113.129 Y100.293 E4.47259
G1 X113.346 Y99.783 E4.49135
G1 X113.671 Y99.334 E4.51011
G1 X114.088 Y98.969 E4.52887
G1 X114.447 Y98.762 E4.5429
G1 X114.927 Y98.593 E4.56013
G1 X115.382 Y98.53 E4.57568
G1 X115.89 Y98.557 E4.5929
G1 X116.347 Y98.679 E4.60891
G1 X116.709 Y98.849 F7200
G1 E2.60891 F2400
G92 E0
G1 X112.721 Y88.366 F7200
G1 E2 F2400
;TYPE:Perimeter
G1 F1200
G1 X112.775 Y88.079 E2.00989
G1 X112.979 Y87.606 E2.02733
G1 X113.344 Y87.092 E2.04867
G1 X113.822 Y86.66 E2.07048
G1 X114.521 Y86.295 E2.09717
;WIDTH:0.49679
G1 X115.255 Y86.11 E2.12574
;WIDTH:0.502423
G1 X115.866 Y86.118 E2.14909
G1 X116.177 Y86.207 E2.16145
;WIDTH:0.476211
G1 X116.488 Y86.296 E2.1731
;WIDTH:0.449999
G1 X117.065 Y86.583 E2.19491
G1 X117.493 Y86.92 E2.21335
G1 X117.793 Y87.259 E2.22867
G1 X118.064 Y87.69 E2.2459
G1 X118.253 Y88.156 E2.26292
G1 X118.366 Y88.72 E2.28239
G1 X118.369 Y89.261 E2.3007
G1 X118.291 Y89.707 E2.31603
G1 X118.123 Y90.187 E2.33324
G1 X117.793 Y90.742 E2.3551
G1 X117.348 Y91.208 E2.37691
G1 X116.81 Y91.564 E2.39875
G1 X116.344 Y91.753 E2.41577
G1 X115.78 Y91.866 E2.43524
G1 X115.138 Y91.856 E2.45697
G1 X114.55 Y91.714 E2.47745
G1 X114.079 Y91.493 E2.49506
G1 X113.683 Y91.229 E2.51117
G1 X113.246 Y90.792 E2.53209
G1 X112.934 Y90.307 E2.55161
G1 X112.699 Y89.659 E2.57494
G1 X112.626 Y88.872 E2.60169
G1 X112.71 Y88.425 E2.61709
G1 X113.113 Y88.455 F7200
;TYPE:External perimeter
G1 F1200
G1 X113.173 Y88.167 E2.62705
G1 X113.369 Y87.743 E2.64286
G1 X113.671 Y87.334 E2.66007
G1 X114.088 Y86.969 E2.67883
G1 X114.7 Y86.661 E2.70202
G1 X115.335 Y86.533 E2.72395
G1 X115.847 Y86.55 E2.74129
G1 X116.383 Y86.689 E2.76003
G1 X116.875 Y86.943 E2.77877
G1 X117.194 Y87.196 E2.79255
G1 X117.448 Y87.475 E2.80532
G1 X117.719 Y87.906 E2.82255
G1 X117.882 Y88.335 E2.83808
G1 X117.969 Y88.83 E2.85509
G1 X117.966 Y89.2 E2.86761
G1 X117.907 Y89.572 E2.88036
G1 X117.739 Y90.053 E2.89761
G1 X117.448 Y90.525 E2.91638
G1 X117.06 Y90.92 E2.93512
G1 X116.594 Y91.219 E2.95386
G1 X116.165 Y91.382 E2.96939
G1 X115.663 Y91.469 E2.98664
G1 X115.153 Y91.449 E3.00392
G1 X114.655 Y91.321 E3.02132
G1 X114.125 Y91.057 E3.04136
G1 X113.804 Y90.802 E3.05524
G1 X113.526 Y90.489 E3.06941
G1 X113.261 Y90.051 E3.08674
G1 X113.085 Y89.529 E3.10539
G1 X113.032 Y88.844 E3.12865
G1 X113.1 Y88.514 E3.14005
G1 X113.202 Y88.127 F7200
G1 E1.14005 F2400
G92 E0
G1 X120.054 Y113.554 F7200
G1 E2 F2400
;TYPE:Perimeter
G1 F2700
G1 X79.946 Y113.554 E3.35761
G1 X79.946 Y86.446 E4.27518
G1 X112.839 Y86.446 E5.38857
G1 X112.689 Y86.609 E5.39607
G1 X112.241 Y87.262 E5.42287
G1 X111.98 Y87.904 E5.44633
G1 X111.843 Y88.524 E5.46782
G1 X111.813 Y88.927 E5.4815
G1 X111.856 Y89.559 E5.50294
G1 X111.927 Y89.919 E5.51536
G1 X112.103 Y90.441 E5.53401
G1 X112.242 Y90.736 E5.54505
G1 X112.578 Y91.262 E5.56618
G1 X112.944 Y91.669 E5.58471
G1 X113.332 Y91.991 E5.60178
G1 X113.698 Y92.212 E5.61625
G1 X114.301 Y92.491 E5.63874
G1 X114.792 Y92.622 E5.65594
G1 X115.108 Y92.67 E5.66676
G1 X115.925 Y92.667 E5.69441
G1 X116.632 Y92.514 E5.7189
G1 X117.244 Y92.253 E5.74142
G1 X117.924 Y91.784 E5.76938
G1 X118.482 Y91.175 E5.79734
G1 X118.891 Y90.456 E5.82534
G1 X119.123 Y89.717 E5.85156
G1 X119.19 Y89.17 E5.87021
G1 X119.167 Y88.575 E5.89037
G1 X119.014 Y87.868 E5.91486
G1 X118.753 Y87.256 E5.93738
G1 X118.482 Y86.825 E5.95461
G1 X118.164 Y86.446 E5.97136
G1 X120.054 Y86.446 E6.03533
G1 X120.054 Y113.494 E6.95087
G1 X120.461 Y113.961 F7200
G1 F2700
G1 X79.539 Y113.961 E8.33603
G1 X79.539 Y86.039 E9.28116
G1 X114.119 Y86.039 E10.45165
G1 X113.557 Y86.352 E10.47342
G1 X113.016 Y86.851 E10.49833
G1 X112.61 Y87.434 E10.52238
G1 X112.377 Y87.992 E10.54285
G1 X112.241 Y88.612 E10.56434
G1 X112.219 Y88.899 E10.57408
G1 X112.262 Y89.532 E10.59556
G1 X112.313 Y89.789 E10.60443
G1 X112.588 Y90.521 E10.6309
G1 X112.944 Y91.065 E10.65291
G1 X113.429 Y91.547 E10.67605
G1 X113.889 Y91.853 E10.69475
G1 X114.444 Y92.108 E10.71542
G1 X115.123 Y92.263 E10.73899
G1 X115.852 Y92.266 E10.76367
G1 X116.488 Y92.134 E10.78566
G1 X117.027 Y91.908 E10.80544
G1 X117.636 Y91.496 E10.83033
G1 X118.137 Y90.958 E10.85521
G1 X118.507 Y90.322 E10.88012
G1 X118.717 Y89.681 E10.90295
G1 X118.783 Y89.17 E10.92039
G1 X118.766 Y88.648 E10.93807
G1 X118.634 Y88.012 E10.96006
G1 X118.408 Y87.473 E10.97984
G1 X118.137 Y87.042 E10.99707
G1 X117.791 Y86.643 E11.01495
G1 X117.414 Y86.328 E11.03158
G1 X116.906 Y86.039 E11.05136
G1 X120.461 Y86.039 E11.17169
G1 X120.461 Y113.901 E12.11478
G1 X120.868 Y114.368 F7200
G1 F2700
G1 X79.132 Y114.368 E13.52749
G1 X79.132 Y85.632 E14.50017
G1 X114.619 Y85.632 E15.70136
;WIDTH:0.492127
G1 X115.411 Y85.653 E15.73095
;WIDTH:0.517019
G1 X116.066 Y85.666 E15.75678
G1 X116.321 Y85.649 E15.76685
;WIDTH:0.483509
G1 X116.575 Y85.632 E15.77618
;WIDTH:0.449999
G1 X120.868 Y85.632 E15.92149
G1 X120.868 Y114.308 E16.89214
G1 X121.275 Y114.775 F7200
;TYPE:External perimeter
G1 F1800
G1 X78.725 Y114.775 E18.3324
G1 X78.725 Y85.225 E19.33263
G1 X121.275 Y85.225 E20.77289
G1 X121.275 Y114.715 E21.77109
G1 X120.879 Y114.774 F7200
G1 E19.77109 F2400
G92 E0
G1 X119.748 Y111.379 F7200
G1 E2 F2400
;TYPE:Internal infill
;WIDTH:0.45
G1 F3300
G1 X119.748 Y113.248 E2.06326
G1 X119.176 Y113.248 E2.08262
G1 X119.054 Y113.103 E2.08903
G1 X118.088 Y112.579 E2.12623
G1 X117.978 Y112.317 E2.13585
G1 X118.244 Y111.531 E2.16394
G1 X118.684 Y111.007 E2.1871
G1 X119.649 Y110.483 E2.22427
G1 X119.748 Y110.168 E2.23545
G1 X119.494 Y109.434 E2.26174
G1 X119.054 Y108.91 E2.2849
G1 X118.088 Y108.386 E2.3221
G1 X117.978 Y108.124 E2.33172
G1 X118.032 Y107.862 E2.34077
G1 X118.244 Y107.338 E2.3599
G1 X118.684 Y106.814 E2.38306
G1 X119.649 Y106.29 E2.42023
G1 X119.748 Y105.975 E2.43141
G1 X119.494 Y105.241 E2.4577
G1 X119.054 Y104.717 E2.48086
G1 X118.088 Y104.193 E2.51806
G1 X118.042 Y104.084 E2.52206
G1 X117.628 Y104.372 E2.53913
G1 X117.663 Y104.455 E2.54218
G1 X117.609 Y104.717 E2.55123
G1 X117.397 Y105.241 E2.57036
G1 X116.957 Y105.765 E2.59352
G1 X115.992 Y106.29 E2.63071
G1 X115.882 Y106.552 E2.64033
G1 X116.147 Y107.338 E2.66841
G1 X116.587 Y107.862 E2.69157
G1 X117.553 Y108.386 E2.72877
G1 X117.663 Y108.648 E2.73839
G1 X117.397 Y109.434 E2.76648
G1 X116.957 Y109.958 E2.78964
G1 X115.992 Y110.483 E2.82683
G1 X115.882 Y110.745 E2.83645
G1 X116.147 Y111.531 E2.86453
G1 X116.587 Y112.055 E2.88769
G1 X117.553 Y112.579 E2.92489
G1 X117.663 Y112.841 E2.93451
G1 X117.609 Y113.103 E2.94356
G1 X117.55 Y113.248 E2.94886
G1 X115.186 Y113.248 E3.02888
G1 E1.02888 F2400
G92 E0
G1 X111.84 Y102.596 F7200
G1 E2 F2400
G1 F3300
G1 X111.728 Y102.265 E2.01183
G1 X111.689 Y102.359 E2.01527
G1 X111.742 Y102.621 E2.02432
G1 X111.954 Y103.145 E2.04345
G1 X112.394 Y103.669 E2.06661
G1 X112.7 Y103.835 E2.07839
G1 X113.47 Y104.455 E2.11185
G1 X113.204 Y105.241 E2.13994
G1 X112.764 Y105.765 E2.1631
G1 X111.799 Y106.29 E2.20029
G1 X111.689 Y106.552 E2.20991
G1 X111.954 Y107.338 E2.23799
G1 X112.394 Y107.862 E2.26115
G1 X113.36 Y108.386 E2.29835
G1 X113.47 Y108.648 E2.30797
G1 X113.204 Y109.434 E2.33606
G1 X112.764 Y109.958 E2.35922
G1 X111.799 Y110.483 E2.39641
G1 X111.689 Y110.745 E2.40603
G1 X111.954 Y111.531 E2.43411
G1 X112.394 Y112.055 E2.45727
G1 X113.36 Y112.579 E2.49447
G1 X113.47 Y112.841 E2.50409
G1 X113.357 Y113.248 E2.51839
G1 X114.982 Y113.248 E2.57339
G1 X114.861 Y113.103 E2.57978
G1 X113.895 Y112.579 E2.61698
G1 X113.785 Y112.317 E2.6266
G1 X114.051 Y111.531 E2.65469
G1 X114.491 Y111.007 E2.67785
G1 X115.456 Y110.483 E2.71502
G1 X115.566 Y110.221 E2.72464
G1 X115.513 Y109.958 E2.73372
G1 X115.301 Y109.434 E2.75285
G1 X114.861 Y108.91 E2.77601
G1 X113.895 Y108.386 E2.81321
G1 X113.785 Y108.124 E2.82283
G1 X114.051 Y107.338 E2.85092
G1 X114.491 Y106.814 E2.87408
G1 X115.456 Y106.29 E2.91125
G1 X115.566 Y106.028 E2.92087
G1 X115.301 Y105.241 E2.94898
G1 X115.076 Y104.973 E2.96082
G1 X116.086 Y104.948 E2.99502
G1 X116.51 Y104.864 E3.00965
G1 X117.434 Y104.494 E3.04334
G1 X118.195 Y103.949 F7200
G1 F3300
G1 X118.863 Y103.158 E3.07838
G1 X119.276 Y102.299 E3.11064
G1 X119.649 Y102.097 E3.125
G1 X119.748 Y101.86 E3.13369
G1 X119.706 Y101.572 E3.14354
G1 X119.487 Y101.041 E3.16298
G1 X119.448 Y100.414 E3.18424
G1 X119.184 Y99.457 E3.21784
G1 X118.873 Y98.851 E3.2409
G1 X118.616 Y98.508 E3.25541
G1 X119.649 Y97.903 E3.29593
G1 X119.748 Y97.667 E3.30459
G1 X119.706 Y97.379 E3.31444
G1 X119.494 Y96.855 E3.33357
G1 X119.054 Y96.331 E3.35673
G1 X118.088 Y95.807 E3.39393
G1 X117.978 Y95.545 E3.40355
G1 X118.244 Y94.759 E3.43164
G1 X118.684 Y94.235 E3.4548
G1 X119.649 Y93.71 E3.49199
G1 X119.748 Y93.474 E3.50065
G1 X119.706 Y93.186 E3.5105
G1 X119.494 Y92.662 E3.52963
G1 X119.054 Y92.138 E3.55279
G1 X118.371 Y91.768 E3.57908
G1 X117.842 Y92.238 E3.60303
G1 X117.476 Y92.468 E3.61766
G1 X117.397 Y92.662 E3.62475
G1 X116.957 Y93.186 E3.64791
G1 X115.992 Y93.71 E3.68508
G1 X115.882 Y93.973 E3.69473
G1 X116.147 Y94.759 E3.72281
G1 X116.587 Y95.283 E3.74597
G1 X117.553 Y95.807 E3.78317
G1 X117.663 Y96.069 E3.79279
G1 X117.397 Y96.855 E3.82088
G1 X117.021 Y97.304 E3.8407
G1 X116.073 Y97.039 E3.87402
G1 X115.362 Y97.006 E3.89811
G1 X115.301 Y96.855 E3.90362
G1 X114.861 Y96.331 E3.92678
G1 X113.895 Y95.807 E3.96398
G1 X113.785 Y95.545 E3.9736
G1 X114.051 Y94.759 E4.00169
G1 X114.491 Y94.235 E4.02485
G1 X115.456 Y93.71 E4.06204
G1 X115.566 Y93.448 E4.07166
G1 X115.431 Y92.983 E4.08805
G1 X114.852 Y92.949 E4.10768
G1 X114.218 Y92.785 E4.12985
G1 X113.328 Y92.357 E4.16328
G1 X113.204 Y92.662 E4.17442
G1 X112.764 Y93.186 E4.19758
G1 X111.799 Y93.71 E4.23475
G1 X111.689 Y93.973 E4.2444
G1 X111.954 Y94.759 E4.27248
G1 X112.394 Y95.283 E4.29564
G1 X113.36 Y95.807 E4.33284
G1 X113.47 Y96.069 E4.34246
G1 X113.204 Y96.855 E4.37055
G1 X112.764 Y97.379 E4.39371
G1 X111.799 Y97.903 E4.43088
G1 X111.689 Y98.166 E4.44053
G1 X111.742 Y98.428 E4.44958
G1 X112.022 Y99.032 E4.47211
G1 X112.583 Y98.26 E4.50441
G1 X113.239 Y97.698 E4.53365
G1 X113.779 Y97.388 E4.55473
G1 E2.55473 F2400
G92 E0
G1 X118.514 Y91.622 F7200
G1 E2 F2400
G1 F3300
G1 X119.014 Y90.901 E2.0297
G1 X119.349 Y90.072 E2.05997
G1 X119.445 Y89.628 E2.07535
G1 X119.649 Y89.517 E2.08321
G1 X119.748 Y89.281 E2.09187
G1 X119.706 Y88.993 E2.10172
G1 X119.448 Y88.415 E2.12315
G1 X119.301 Y87.763 E2.14577
G1 X119.097 Y87.246 E2.16458
G1 X118.787 Y86.752 E2.18432
G1 X119.421 Y86.752 E2.20578
G1 E.20578 F2400
G92 E0
G1 X112.147 Y86.752 F7200
G1 E2 F2400
G1 F3300
G1 X109.704 Y86.752 E2.08269
G1 X109.592 Y87.159 E2.09698
G1 X109.702 Y87.421 E2.1066
G1 X110.668 Y87.945 E2.1438
G1 X111.108 Y88.469 E2.16696
G1 X111.373 Y89.255 E2.19504
G1 X111.263 Y89.517 E2.20466
G1 X110.298 Y90.042 E2.24185
G1 X109.858 Y90.566 E2.26501
G1 X109.592 Y91.352 E2.2931
G1 X109.702 Y91.614 E2.30272
G1 X110.668 Y92.138 E2.33992
G1 X111.108 Y92.662 E2.36308
G1 X111.373 Y93.448 E2.39116
G1 X111.263 Y93.71 E2.40078
G1 X110.298 Y94.235 E2.43797
G1 X109.858 Y94.759 E2.46113
G1 X109.592 Y95.545 E2.48922
G1 X109.702 Y95.807 E2.49884
G1 X110.668 Y96.331 E2.53604
G1 X111.108 Y96.855 E2.5592
G1 X111.373 Y97.641 E2.58728
G1 X111.263 Y97.903 E2.5969
G1 X110.298 Y98.428 E2.63409
G1 X109.858 Y98.952 E2.65725
G1 X109.592 Y99.738 E2.68534
G1 X109.702 Y100 E2.69496
G1 X110.668 Y100.524 E2.73216
G1 X111.108 Y101.048 E2.75532
G1 X111.373 Y101.834 E2.7834
G1 X111.263 Y102.097 E2.79305
G1 X110.298 Y102.621 E2.83022
G1 X109.858 Y103.145 E2.85338
G1 X109.592 Y103.931 E2.88147
G1 X109.702 Y104.193 E2.89109
G1 X110.668 Y104.717 E2.92829
G1 X111.108 Y105.241 E2.95145
G1 X111.373 Y106.028 E2.97956
G1 X111.263 Y106.29 E2.98918
G1 X110.298 Y106.814 E3.02635
G1 X109.858 Y107.338 E3.04951
G1 X109.592 Y108.124 E3.0776
G1 X109.702 Y108.386 E3.08722
G1 X110.668 Y108.91 E3.12442
G1 X111.108 Y109.434 E3.14758
G1 X111.32 Y109.958 E3.16671
G1 X111.373 Y110.221 E3.17579
G1 X111.263 Y110.483 E3.18541
G1 X110.298 Y111.007 E3.22258
G1 X109.858 Y111.531 E3.24574
G1 X109.592 Y112.317 E3.27383
G1 X109.702 Y112.579 E3.28345
G1 X110.668 Y113.103 E3.32065
G1 X110.789 Y113.248 E3.32704
G1 X109.164 Y113.248 E3.38204
G1 X109.277 Y112.841 E3.39634
G1 X109.166 Y112.579 E3.40597
G1 X108.201 Y112.055 E3.44314
G1 X107.761 Y111.531 E3.4663
G1 X107.496 Y110.745 E3.49438
G1 X107.606 Y110.483 E3.504
G1 X108.571 Y109.958 E3.54119
G1 X109.011 Y109.434 E3.56435
G1 X109.223 Y108.91 E3.58348
G1 X109.277 Y108.648 E3.59253
G1 X109.166 Y108.386 E3.60216
G1 X108.201 Y107.862 E3.63933
G1 X107.761 Y107.338 E3.66249
G1 X107.496 Y106.552 E3.69057
G1 X107.606 Y106.29 E3.70019
G1 X108.571 Y105.765 E3.73738
G1 X109.011 Y105.241 E3.76054
G1 X109.277 Y104.455 E3.78863
G1 X109.166 Y104.193 E3.79826
G1 X108.201 Y103.669 E3.83543
G1 X107.761 Y103.145 E3.85859
G1 X107.496 Y102.359 E3.88667
G1 X107.606 Y102.097 E3.89629
G1 X108.571 Y101.572 E3.93348
G1 X109.011 Y101.048 E3.95664
G1 X109.277 Y100.262 E3.98473
G1 X109.166 Y100 E3.99436
G1 X108.201 Y99.476 E4.03153
G1 X107.761 Y98.952 E4.05469
G1 X107.496 Y98.166 E4.08277
G1 X107.606 Y97.903 E4.09242
G1 X108.571 Y97.379 E4.12959
G1 X109.011 Y96.855 E4.15275
G1 X109.277 Y96.069 E4.18084
G1 X109.166 Y95.807 E4.19047
G1 X108.201 Y95.283 E4.22764
G1 X107.761 Y94.759 E4.2508
G1 X107.496 Y93.973 E4.27888
G1 X107.606 Y93.71 E4.28853
G1 X108.571 Y93.186 E4.3257
G1 X109.011 Y92.662 E4.34886
G1 X109.277 Y91.876 E4.37695
G1 X109.166 Y91.614 E4.38658
G1 X108.201 Y91.09 E4.42375
G1 X107.761 Y90.566 E4.44691
G1 X107.496 Y89.779 E4.47502
G1 X107.606 Y89.517 E4.48464
G1 X108.571 Y88.993 E4.52181
G1 X109.011 Y88.469 E4.54497
G1 X109.277 Y87.683 E4.57306
G1 X109.166 Y87.421 E4.58269
G1 X108.201 Y86.897 E4.61986
G1 X108.079 Y86.752 E4.62627
G1 X105.511 Y86.752 E4.71319
G1 X105.453 Y86.897 E4.71848
G1 X105.399 Y87.159 E4.72753
G1 X105.509 Y87.421 E4.73715
G1 X106.474 Y87.945 E4.77432
G1 X106.915 Y88.469 E4.7975
G1 X107.18 Y89.255 E4.82558
G1 X107.07 Y89.517 E4.8352
G1 X106.105 Y90.042 E4.87239
G1 X105.665 Y90.566 E4.89555
G1 X105.399 Y91.352 E4.92364
G1 X105.509 Y91.614 E4.93326
G1 X106.474 Y92.138 E4.97043
G1 X106.915 Y92.662 E4.99361
G1 X107.18 Y93.448 E5.02169
G1 X107.07 Y93.71 E5.03131
G1 X106.105 Y94.235 E5.0685
G1 X105.665 Y94.759 E5.09166
G1 X105.399 Y95.545 E5.11975
G1 X105.509 Y95.807 E5.12937
G1 X106.474 Y96.331 E5.16654
G1 X106.915 Y96.855 E5.18972
G1 X107.18 Y97.641 E5.2178
G1 X107.07 Y97.903 E5.22742
G1 X106.105 Y98.428 E5.26461
G1 X105.665 Y98.952 E5.28777
G1 X105.399 Y99.738 E5.31586
G1 X105.509 Y100 E5.32548
G1 X106.474 Y100.524 E5.36265
G1 X106.915 Y101.048 E5.38583
G1 X107.18 Y101.834 E5.41391
G1 X107.07 Y102.097 E5.42356
G1 X106.105 Y102.621 E5.46073
G1 X105.665 Y103.145 E5.48389
G1 X105.399 Y103.931 E5.51198
G1 X105.509 Y104.193 E5.5216
G1 X106.474 Y104.717 E5.55877
G1 X106.915 Y105.241 E5.58195
G1 X107.18 Y106.028 E5.61006
G1 X107.07 Y106.29 E5.61968
G1 X106.105 Y106.814 E5.65685
G1 X105.665 Y107.338 E5.68001
G1 X105.399 Y108.124 E5.7081
G1 X105.509 Y108.386 E5.71772
G1 X106.474 Y108.91 E5.75489
G1 X106.915 Y109.434 E5.77807
G1 X107.18 Y110.221 E5.80618
G1 X107.07 Y110.483 E5.8158
G1 X106.105 Y111.007 E5.85297
G1 X105.665 Y111.531 E5.87613
G1 X105.399 Y112.317 E5.90422
G1 X105.509 Y112.579 E5.91384
G1 X106.474 Y113.103 E5.95101
G1 X106.596 Y113.248 E5.95742
G1 X104.971 Y113.248 E6.01242
G1 X105.084 Y112.841 E6.02672
G1 X104.973 Y112.579 E6.03635
G1 X104.008 Y112.055 E6.07352
G1 X103.568 Y111.531 E6.09668
G1 X103.303 Y110.745 E6.12476
G1 X103.413 Y110.483 E6.13438
G1 X104.378 Y109.958 E6.17157
G1 X104.818 Y109.434 E6.19473
G1 X105.084 Y108.648 E6.22282
G1 X104.973 Y108.386 E6.23245
G1 X104.008 Y107.862 E6.26962
G1 X103.568 Y107.338 E6.29278
G1 X103.303 Y106.552 E6.32086
G1 X103.413 Y106.29 E6.33048
G1 X104.378 Y105.765 E6.36767
G1 X104.818 Y105.241 E6.39083
G1 X105.084 Y104.455 E6.41892
G1 X104.973 Y104.193 E6.42855
G1 X104.008 Y103.669 E6.46572
G1 X103.568 Y103.145 E6.48888
G1 X103.303 Y102.359 E6.51696
G1 X103.413 Y102.097 E6.52658
G1 X104.378 Y101.572 E6.56377
G1 X104.818 Y101.048 E6.58693
G1 X105.084 Y100.262 E6.61502
G1 X104.973 Y100 E6.62465
G1 X104.008 Y99.476 E6.66182
G1 X103.568 Y98.952 E6.68498
G1 X103.303 Y98.166 E6.71306
G1 X103.413 Y97.903 E6.72271
G1 X104.378 Y97.379 E6.75988
G1 X104.818 Y96.855 E6.78304
G1 X105.084 Y96.069 E6.81113
G1 X104.973 Y95.807 E6.82076
G1 X104.008 Y95.283 E6.85793
G1 X103.568 Y94.759 E6.88109
G1 X103.303 Y93.973 E6.90917
G1 X103.413 Y93.71 E6.91882
G1 X104.378 Y93.186 E6.95599
G1 X104.818 Y92.662 E6.97915
G1 X105.084 Y91.876 E7.00724
G1 X104.973 Y91.614 E7.01687
G1 X104.008 Y91.09 E7.05404
G1 X103.568 Y90.566 E7.0772
G1 X103.303 Y89.779 E7.10531
G1 X103.413 Y89.517 E7.11493
G1 X104.378 Y88.993 E7.1521
G1 X104.818 Y88.469 E7.17526
G1 X105.084 Y87.683 E7.20335
G1 X104.973 Y87.421 E7.21298
G1 X104.008 Y86.897 E7.25015
G1 X103.886 Y86.752 E7.25656
G1 X101.318 Y86.752 E7.34348
G1 X101.206 Y87.159 E7.35777
G1 X101.316 Y87.421 E7.36739
G1 X102.281 Y87.945 E7.40456
G1 X102.721 Y88.469 E7.42772
G1 X102.987 Y89.255 E7.45581
G1 X102.877 Y89.517 E7.46543
G1 X101.912 Y90.042 E7.50262
G1 X101.472 Y90.566 E7.52578
G1 X101.206 Y91.352 E7.55387
G1 X101.316 Y91.614 E7.56349
G1 X102.281 Y92.138 E7.60066
G1 X102.721 Y92.662 E7.62382
G1 X102.987 Y93.448 E7.65191
G1 X102.877 Y93.71 E7.66153
G1 X101.912 Y94.235 E7.69872
G1 X101.472 Y94.759 E7.72188
G1 X101.206 Y95.545 E7.74997
G1 X101.316 Y95.807 E7.75959
G1 X102.281 Y96.331 E7.79676
G1 X102.721 Y96.855 E7.81992
G1 X102.987 Y97.641 E7.84801
G1 X102.877 Y97.903 E7.85763
G1 X101.912 Y98.428 E7.89482
G1 X101.472 Y98.952 E7.91798
G1 X101.206 Y99.738 E7.94607
G1 X101.316 Y100 E7.95569
G1 X102.281 Y100.524 E7.99286
G1 X102.721 Y101.048 E8.01602
G1 X102.987 Y101.834 E8.04411
G1 X102.877 Y102.097 E8.05376
G1 X101.912 Y102.621 E8.09093
G1 X101.472 Y103.145 E8.11409
G1 X101.206 Y103.931 E8.14218
G1 X101.316 Y104.193 E8.1518
G1 X102.281 Y104.717 E8.18897
G1 X102.721 Y105.241 E8.21213
G1 X102.987 Y106.028 E8.24025
G1 X102.877 Y106.29 E8.24987
G1 X101.912 Y106.814 E8.28704
G1 X101.472 Y107.338 E8.3102
G1 X101.206 Y108.124 E8.33829
G1 X101.316 Y108.386 E8.34791
G1 X102.281 Y108.91 E8.38508
G1 X102.721 Y109.434 E8.40824
G1 X102.987 Y110.221 E8.43636
G1 X102.877 Y110.483 E8.44598
G1 X101.912 Y111.007 E8.48315
G1 X101.472 Y111.531 E8.50631
G1 X101.206 Y112.317 E8.5344
G1 X101.316 Y112.579 E8.54402
G1 X102.281 Y113.103 E8.58119
G1 X102.403 Y113.248 E8.5876
G1 X100.778 Y113.248 E8.6426
G1 X100.891 Y112.841 E8.6569
G1 X100.78 Y112.579 E8.66653
G1 X99.815 Y112.055 E8.7037
G1 X99.375 Y111.531 E8.72686
G1 X99.109 Y110.745 E8.75495
G1 X99.22 Y110.483 E8.76458
G1 X100.185 Y109.958 E8.80177
G1 X100.625 Y109.434 E8.82493
G1 X100.891 Y108.648 E8.85302
G1 X100.78 Y108.386 E8.86265
G1 X99.815 Y107.862 E8.89982
G1 X99.375 Y107.338 E8.92298
G1 X99.109 Y106.552 E8.95107
G1 X99.22 Y106.29 E8.9607
G1 X100.185 Y105.765 E8.99789
G1 X100.625 Y105.241 E9.02105
G1 X100.891 Y104.455 E9.04914
G1 X100.78 Y104.193 E9.05877
G1 X99.815 Y103.669 E9.09594
G1 X99.375 Y103.145 E9.1191
G1 X99.109 Y102.359 E9.14719
G1 X99.22 Y102.097 E9.15682
G1 X100.185 Y101.572 E9.19401
G1 X100.625 Y101.048 E9.21717
G1 X100.891 Y100.262 E9.24526
G1 X100.78 Y100 E9.25489
G1 X99.815 Y99.476 E9.29206
G1 X99.375 Y98.952 E9.31522
G1 X99.109 Y98.166 E9.34331
G1 X99.22 Y97.903 E9.35297
G1 X100.185 Y97.379 E9.39014
G1 X100.625 Y96.855 E9.4133
G1 X100.891 Y96.069 E9.44139
G1 X100.78 Y95.807 E9.45102
G1 X99.815 Y95.283 E9.48819
G1 X99.375 Y94.759 E9.51135
G1 X99.109 Y93.973 E9.53944
G1 X99.22 Y93.71 E9.5491
G1 X100.185 Y93.186 E9.58627
G1 X100.625 Y92.662 E9.60943
G1 X100.891 Y91.876 E9.63752
G1 X100.78 Y91.614 E9.64715
G1 X99.815 Y91.09 E9.68432
G1 X99.375 Y90.566 E9.70748
G1 X99.109 Y89.779 E9.7356
G1 X99.22 Y89.517 E9.74523
G1 X100.185 Y88.993 E9.7824
G1 X100.625 Y88.469 E9.80556
G1 X100.891 Y87.683 E9.83365
G1 X100.78 Y87.421 E9.84328
G1 X99.815 Y86.897 E9.88045
G1 X99.693 Y86.752 E9.88686
G1 X97.125 Y86.752 E9.97378
G1 X97.013 Y87.159 E9.98807
G1 X97.123 Y87.421 E9.99769
G1 X98.088 Y87.945 E10.03486
G1 X98.528 Y88.469 E10.05802
G1 X98.794 Y89.255 E10.08611
G1 X98.684 Y89.517 E10.09573
G1 X97.719 Y90.042 E10.13292
G1 X97.279 Y90.566 E10.15608
G1 X97.013 Y91.352 E10.18417
G1 X97.123 Y91.614 E10.19379
G1 X98.088 Y92.138 E10.23096
G1 X98.528 Y92.662 E10.25412
G1 X98.794 Y93.448 E10.28221
G1 X98.684 Y93.71 E10.29183
G1 X97.719 Y94.235 E10.32902
G1 X97.279 Y94.759 E10.35218
G1 X97.013 Y95.545 E10.38027
G1 X97.123 Y95.807 E10.38989
G1 X98.088 Y96.331 E10.42706
G1 X98.528 Y96.855 E10.45022
G1 X98.794 Y97.641 E10.47831
G1 X98.684 Y97.903 E10.48793
G1 X97.719 Y98.428 E10.52512
G1 X97.279 Y98.952 E10.54828
G1 X97.013 Y99.738 E10.57637
G1 X97.123 Y100 E10.58599
G1 X98.088 Y100.524 E10.62316
G1 X98.528 Y101.048 E10.64632
G1 X98.794 Y101.834 E10.67441
G1 X98.684 Y102.097 E10.68406
G1 X97.719 Y102.621 E10.72123
G1 X97.279 Y103.145 E10.74439
G1 X97.013 Y103.931 E10.77248
G1 X97.123 Y104.193 E10.7821
G1 X98.088 Y104.717 E10.81927
G1 X98.528 Y105.241 E10.84243
G1 X98.794 Y106.028 E10.87055
G1 X98.684 Y106.29 E10.88017
G1 X97.719 Y106.814 E10.91734
G1 X97.279 Y107.338 E10.9405
G1 X97.013 Y108.124 E10.96859
G1 X97.123 Y108.386 E10.97821
G1 X98.088 Y108.91 E11.01538
G1 X98.528 Y109.434 E11.03854
G1 X98.794 Y110.221 E11.06666
G1 X98.684 Y110.483 E11.07628
G1 X97.719 Y111.007 E11.11345
G1 X97.279 Y111.531 E11.13661
G1 X97.013 Y112.317 E11.1647
G1 X97.123 Y112.579 E11.17432
G1 X98.088 Y113.103 E11.21149
G1 X98.21 Y113.248 E11.2179
G1 X96.585 Y113.248 E11.2729
G1 X96.698 Y112.841 E11.2872
G1 X96.587 Y112.579 E11.29683
G1 X95.622 Y112.055 E11.334
G1 X95.182 Y111.531 E11.35716
G1 X94.916 Y110.745 E11.38525
G1 X95.027 Y110.483 E11.39488
G1 X95.992 Y109.958 E11.43207
G1 X96.432 Y109.434 E11.45523
G1 X96.698 Y108.648 E11.48332
G1 X96.587 Y108.386 E11.49295
G1 X95.622 Y107.862 E11.53012
G1 X95.182 Y107.338 E11.55328
G1 X94.916 Y106.552 E11.58137
G1 X95.027 Y106.29 E11.591
G1 X95.992 Y105.765 E11.62819
G1 X96.432 Y105.241 E11.65135
G1 X96.698 Y104.455 E11.67944
G1 X96.587 Y104.193 E11.68907
G1 X95.622 Y103.669 E11.72624
G1 X95.182 Y103.145 E11.7494
G1 X94.916 Y102.359 E11.77749
G1 X95.027 Y102.097 E11.78712
G1 X95.992 Y101.572 E11.82431
G1 X96.432 Y101.048 E11.84747
G1 X96.698 Y100.262 E11.87556
G1 X96.587 Y100 E11.88519
G1 X95.622 Y99.476 E11.92236
G1 X95.182 Y98.952 E11.94552
G1 X94.916 Y98.166 E11.97361
G1 X95.027 Y97.903 E11.98327
G1 X95.992 Y97.379 E12.02044
G1 X96.432 Y96.855 E12.0436
G1 X96.698 Y96.069 E12.07169
G1 X96.587 Y95.807 E12.08132
G1 X95.622 Y95.283 E12.11849
G1 X95.182 Y94.759 E12.14165
G1 X94.916 Y93.973 E12.16974
G1 X95.027 Y93.71 E12.1794
G1 X95.992 Y93.186 E12.21657
G1 X96.432 Y92.662 E12.23973
G1 X96.698 Y91.876 E12.26782
G1 X96.587 Y91.614 E12.27745
G1 X95.622 Y91.09 E12.31462
G1 X95.182 Y90.566 E12.33778
G1 X94.916 Y89.779 E12.3659
G1 X95.027 Y89.517 E12.37553
G1 X95.992 Y88.993 E12.4127
G1 X96.432 Y88.469 E12.43586
G1 X96.698 Y87.683 E12.46395
G1 X96.587 Y87.421 E12.47358
G1 X95.622 Y86.897 E12.51075
G1 X95.5 Y86.752 E12.51716
G1 X92.932 Y86.752 E12.60408
G1 X92.82 Y87.159 E12.61837
G1 X92.93 Y87.421 E12.62799
G1 X93.895 Y87.945 E12.66516
G1 X94.335 Y88.469 E12.68832
G1 X94.601 Y89.255 E12.71641
G1 X94.491 Y89.517 E12.72603
G1 X93.526 Y90.042 E12.76322
G1 X93.085 Y90.566 E12.7864
G1 X92.82 Y91.352 E12.81448
G1 X92.93 Y91.614 E12.8241
G1 X93.895 Y92.138 E12.86127
G1 X94.335 Y92.662 E12.88443
G1 X94.601 Y93.448 E12.91252
G1 X94.491 Y93.71 E12.92214
G1 X93.526 Y94.235 E12.95933
G1 X93.085 Y94.759 E12.98251
G1 X92.82 Y95.545 E13.01059
G1 X92.93 Y95.807 E13.02021
G1 X93.895 Y96.331 E13.05738
G1 X94.335 Y96.855 E13.08054
G1 X94.601 Y97.641 E13.10863
G1 X94.491 Y97.903 E13.11825
G1 X93.526 Y98.428 E13.15544
G1 X93.085 Y98.952 E13.17862
G1 X92.82 Y99.738 E13.2067
G1 X92.93 Y100 E13.21632
G1 X93.895 Y100.524 E13.25349
G1 X94.335 Y101.048 E13.27665
G1 X94.601 Y101.834 E13.30474
G1 X94.491 Y102.097 E13.31439
G1 X93.526 Y102.621 E13.35156
G1 X93.085 Y103.145 E13.37474
G1 X92.82 Y103.931 E13.40282
G1 X92.93 Y104.193 E13.41244
G1 X93.895 Y104.717 E13.44961
G1 X94.335 Y105.241 E13.47277
G1 X94.601 Y106.028 E13.50089
G1 X94.491 Y106.29 E13.51051
G1 X93.526 Y106.814 E13.54768
G1 X93.085 Y107.338 E13.57086
G1 X92.82 Y108.124 E13.59894
G1 X92.93 Y108.386 E13.60856
G1 X93.895 Y108.91 E13.64573
G1 X94.335 Y109.434 E13.66889
G1 X94.601 Y110.221 E13.69701
G1 X94.491 Y110.483 E13.70663
G1 X93.526 Y111.007 E13.7438
G1 X93.085 Y111.531 E13.76698
G1 X92.82 Y112.317 E13.79506
G1 X92.93 Y112.579 E13.80468
G1 X93.895 Y113.103 E13.84185
G1 X94.017 Y113.248 E13.84826
G1 X92.392 Y113.248 E13.90326
G1 X92.504 Y112.841 E13.91755
G1 X92.394 Y112.579 E13.92717
G1 X91.429 Y112.055 E13.96434
G1 X90.989 Y111.531 E13.9875
G1 X90.723 Y110.745 E14.01559
G1 X90.834 Y110.483 E14.02522
G1 X91.799 Y109.958 E14.06241
G1 X92.239 Y109.434 E14.08557
G1 X92.504 Y108.648 E14.11365
G1 X92.394 Y108.386 E14.12327
G1 X91.429 Y107.862 E14.16044
G1 X90.989 Y107.338 E14.1836
G1 X90.723 Y106.552 E14.21169
G1 X90.834 Y106.29 E14.22132
G1 X91.799 Y105.765 E14.25851
G1 X92.239 Y105.241 E14.28167
G1 X92.504 Y104.455 E14.30975
G1 X92.394 Y104.193 E14.31937
G1 X91.429 Y103.669 E14.35654
G1 X90.989 Y103.145 E14.3797
G1 X90.723 Y102.359 E14.40779
G1 X90.834 Y102.097 E14.41742
G1 X91.799 Y101.572 E14.45461
G1 X92.239 Y101.048 E14.47777
G1 X92.504 Y100.262 E14.50585
G1 X92.394 Y100 E14.51547
G1 X91.429 Y99.476 E14.55264
G1 X90.989 Y98.952 E14.5758
G1 X90.723 Y98.166 E14.60389
G1 X90.834 Y97.903 E14.61355
G1 X91.799 Y97.379 E14.65072
G1 X92.239 Y96.855 E14.67388
G1 X92.504 Y96.069 E14.70196
G1 X92.394 Y95.807 E14.71158
G1 X91.429 Y95.283 E14.74875
G1 X90.989 Y94.759 E14.77191
G1 X90.723 Y93.973 E14.8
G1 X90.834 Y93.71 E14.80966
G1 X91.799 Y93.186 E14.84683
G1 X92.239 Y92.662 E14.86999
G1 X92.504 Y91.876 E14.89807
G1 X92.394 Y91.614 E14.90769
G1 X91.429 Y91.09 E14.94486
G1 X90.989 Y90.566 E14.96802
G1 X90.723 Y89.779 E14.99614
G1 X90.834 Y89.517 E15.00577
G1 X91.799 Y88.993 E15.04294
G1 X92.239 Y88.469 E15.0661
G1 X92.504 Y87.683 E15.09418
G1 X92.394 Y87.421 E15.1038
G1 X91.429 Y86.897 E15.14097
G1 X91.307 Y86.752 E15.14738
G1 X88.739 Y86.752 E15.2343
G1 X88.627 Y87.159 E15.24859
G1 X88.737 Y87.421 E15.25821
G1 X89.702 Y87.945 E15.29538
G1 X90.142 Y88.469 E15.31854
G1 X90.408 Y89.255 E15.34663
G1 X90.298 Y89.517 E15.35625
G1 X89.333 Y90.042 E15.39344
G1 X88.892 Y90.566 E15.41662
G1 X88.627 Y91.352 E15.4447
G1 X88.737 Y91.614 E15.45432
G1 X89.702 Y92.138 E15.49149
G1 X90.142 Y92.662 E15.51465
G1 X90.408 Y93.448 E15.54274
G1 X90.298 Y93.71 E15.55236
G1 X89.333 Y94.235 E15.58955
G1 X88.892 Y94.759 E15.61273
G1 X88.627 Y95.545 E15.64081
G1 X88.737 Y95.807 E15.65043
G1 X89.702 Y96.331 E15.6876
G1 X90.142 Y96.855 E15.71076
G1 X90.408 Y97.641 E15.73885
G1 X90.298 Y97.903 E15.74847
G1 X89.333 Y98.428 E15.78566
G1 X88.892 Y98.952 E15.80884
G1 X88.627 Y99.738 E15.83692
G1 X88.737 Y100 E15.84654
G1 X89.702 Y100.524 E15.88371
G1 X90.142 Y101.048 E15.90687
G1 X90.408 Y101.834 E15.93496
G1 X90.298 Y102.097 E15.94461
G1 X89.333 Y102.621 E15.98178
G1 X88.892 Y103.145 E16.00496
G1 X88.627 Y103.931 E16.03304
G1 X88.737 Y104.193 E16.04266
G1 X89.702 Y104.717 E16.07983
G1 X90.142 Y105.241 E16.10299
G1 X90.408 Y106.028 E16.13111
G1 X90.298 Y106.29 E16.14073
G1 X89.333 Y106.814 E16.1779
G1 X88.892 Y107.338 E16.20108
G1 X88.627 Y108.124 E16.22916
G1 X88.737 Y108.386 E16.23878
G1 X89.702 Y108.91 E16.27595
G1 X90.142 Y109.434 E16.29911
G1 X90.408 Y110.221 E16.32723
G1 X90.298 Y110.483 E16.33685
G1 X89.333 Y111.007 E16.37402
G1 X88.892 Y111.531 E16.3972
G1 X88.627 Y112.317 E16.42528
G1 X88.737 Y112.579 E16.4349
G1 X89.702 Y113.103 E16.47207
G1 X89.824 Y113.248 E16.47848
G1 X88.199 Y113.248 E16.53348
G1 X88.311 Y112.841 E16.54777
G1 X88.201 Y112.579 E16.55739
G1 X87.236 Y112.055 E16.59456
G1 X86.796 Y111.531 E16.61772
G1 X86.53 Y110.745 E16.64581
G1 X86.641 Y110.483 E16.65544
G1 X87.606 Y109.958 E16.69263
G1 X88.046 Y109.434 E16.71579
G1 X88.311 Y108.648 E16.74387
G1 X88.201 Y108.386 E16.75349
G1 X87.236 Y107.862 E16.79066
G1 X86.796 Y107.338 E16.81382
G1 X86.53 Y106.552 E16.84191
G1 X86.641 Y106.29 E16.85154
G1 X87.606 Y105.765 E16.88873
G1 X88.046 Y105.241 E16.91189
G1 X88.311 Y104.455 E16.93997
G1 X88.201 Y104.193 E16.94959
G1 X87.236 Y103.669 E16.98676
G1 X86.796 Y103.145 E17.00992
G1 X86.53 Y102.359 E17.03801
G1 X86.641 Y102.097 E17.04764
G1 X87.606 Y101.572 E17.08483
G1 X88.046 Y101.048 E17.10799
G1 X88.311 Y100.262 E17.13607
G1 X88.201 Y100 E17.14569
G1 X87.236 Y99.476 E17.18286
G1 X86.796 Y98.952 E17.20602
G1 X86.53 Y98.166 E17.23411
G1 X86.641 Y97.903 E17.24377
G1 X87.606 Y97.379 E17.28094
G1 X88.046 Y96.855 E17.3041
G1 X88.311 Y96.069 E17.33218
G1 X88.201 Y95.807 E17.3418
G1 X87.236 Y95.283 E17.37897
G1 X86.796 Y94.759 E17.40213
G1 X86.53 Y93.973 E17.43022
G1 X86.641 Y93.71 E17.43988
G1 X87.606 Y93.186 E17.47705
G1 X88.046 Y92.662 E17.50021
G1 X88.311 Y91.876 E17.52829
G1 X88.201 Y91.614 E17.53791
G1 X87.236 Y91.09 E17.57508
G1 X86.796 Y90.566 E17.59824
G1 X86.53 Y89.779 E17.62636
G1 X86.641 Y89.517 E17.63599
G1 X87.606 Y88.993 E17.67316
G1 X88.046 Y88.469 E17.69632
G1 X88.311 Y87.683 E17.7244
G1 X88.201 Y87.421 E17.73402
G1 X87.236 Y86.897 E17.77119
G1 X87.114 Y86.752 E17.7776
G1 X84.546 Y86.752 E17.86452
G1 X84.434 Y87.159 E17.87881
G1 X84.544 Y87.421 E17.88843
G1 X85.509 Y87.945 E17.9256
G1 X85.949 Y88.469 E17.94876
G1 X86.215 Y89.255 E17.97685
G1 X86.105 Y89.517 E17.98647
G1 X85.139 Y90.042 E18.02368
G1 X84.699 Y90.566 E18.04684
G1 X84.434 Y91.352 E18.07492
G1 X84.544 Y91.614 E18.08454
G1 X85.509 Y92.138 E18.12171
G1 X85.949 Y92.662 E18.14487
G1 X86.215 Y93.448 E18.17296
G1 X86.105 Y93.71 E18.18258
G1 X85.139 Y94.235 E18.21979
G1 X84.699 Y94.759 E18.24295
G1 X84.434 Y95.545 E18.27103
G1 X84.544 Y95.807 E18.28065
G1 X85.509 Y96.331 E18.31782
G1 X85.949 Y96.855 E18.34098
G1 X86.215 Y97.641 E18.36907
G1 X86.105 Y97.903 E18.37869
G1 X85.139 Y98.428 E18.4159
G1 X84.699 Y98.952 E18.43906
G1 X84.434 Y99.738 E18.46714
G1 X84.544 Y100 E18.47676
G1 X85.509 Y100.524 E18.51393
G1 X85.949 Y101.048 E18.53709
G1 X86.215 Y101.834 E18.56518
G1 X86.105 Y102.097 E18.57483
G1 X85.139 Y102.621 E18.61203
G1 X84.699 Y103.145 E18.63519
G1 X84.434 Y103.931 E18.66327
G1 X84.544 Y104.193 E18.67289
G1 X85.509 Y104.717 E18.71006
G1 X85.949 Y105.241 E18.73322
G1 X86.215 Y106.028 E18.76134
G1 X86.105 Y106.29 E18.77096
G1 X85.139 Y106.814 E18.80816
G1 X84.699 Y107.338 E18.83132
G1 X84.434 Y108.124 E18.8594
G1 X84.544 Y108.386 E18.86902
G1 X85.509 Y108.91 E18.90619
G1 X85.949 Y109.434 E18.92935
G1 X86.215 Y110.221 E18.95747
G1 X86.105 Y110.483 E18.96709
G1 X85.139 Y111.007 E19.00429
G1 X84.699 Y111.531 E19.02745
G1 X84.434 Y112.317 E19.05553
G1 X84.544 Y112.579 E19.06515
G1 X85.509 Y113.103 E19.10232
G1 X85.631 Y113.248 E19.10873
G1 X84.006 Y113.248 E19.16373
G1 X84.118 Y112.841 E19.17802
G1 X84.008 Y112.579 E19.18764
G1 X83.043 Y112.055 E19.22481
G1 X82.603 Y111.531 E19.24797
G1 X82.337 Y110.745 E19.27606
G1 X82.447 Y110.483 E19.28568
G1 X83.413 Y109.958 E19.32289
G1 X83.853 Y109.434 E19.34605
G1 X84.118 Y108.648 E19.37413
G1 X84.008 Y108.386 E19.38375
G1 X83.043 Y107.862 E19.42092
G1 X82.603 Y107.338 E19.44408
G1 X82.337 Y106.552 E19.47217
G1 X82.447 Y106.29 E19.48179
G1 X83.413 Y105.765 E19.519
G1 X83.853 Y105.241 E19.54216
G1 X84.118 Y104.455 E19.57024
G1 X84.008 Y104.193 E19.57986
G1 X83.043 Y103.669 E19.61703
G1 X82.603 Y103.145 E19.64019
G1 X82.337 Y102.359 E19.66828
G1 X82.447 Y102.097 E19.6779
G1 X83.413 Y101.572 E19.71511
G1 X83.853 Y101.048 E19.73827
G1 X84.118 Y100.262 E19.76635
G1 X84.008 Y100 E19.77597
G1 X83.043 Y99.476 E19.81314
G1 X82.603 Y98.952 E19.8363
G1 X82.337 Y98.166 E19.86439
G1 X82.447 Y97.903 E19.87404
G1 X83.413 Y97.379 E19.91124
G1 X83.853 Y96.855 E19.9344
G1 X84.118 Y96.069 E19.96248
G1 X84.008 Y95.807 E19.9721
G1 X83.043 Y95.283 E20.00927
G1 X82.603 Y94.759 E20.03243
G1 X82.337 Y93.973 E20.06052
G1 X82.447 Y93.71 E20.07017
G1 X83.413 Y93.186 E20.10737
G1 X83.853 Y92.662 E20.13053
G1 X84.118 Y91.876 E20.15861
G1 X84.008 Y91.614 E20.16823
G1 X83.043 Y91.09 E20.2054
G1 X82.603 Y90.566 E20.22856
G1 X82.337 Y89.779 E20.25668
G1 X82.447 Y89.517 E20.2663
G1 X83.413 Y88.993 E20.3035
G1 X83.853 Y88.469 E20.32666
G1 X84.118 Y87.683 E20.35474
G1 X84.008 Y87.421 E20.36436
G1 X83.043 Y86.897 E20.40153
G1 X82.921 Y86.752 E20.40794
G1 X80.353 Y86.752 E20.49486
G1 X80.252 Y87.106 E20.50732
G1 X80.351 Y87.421 E20.5185
G1 X81.316 Y87.945 E20.55567
G1 X81.756 Y88.469 E20.57883
G1 X82.022 Y89.255 E20.60692
G1 X81.912 Y89.517 E20.61654
G1 X80.946 Y90.042 E20.65375
G1 X80.506 Y90.566 E20.67691
G1 X80.294 Y91.09 E20.69604
G1 X80.252 Y91.378 E20.70589
G1 X80.351 Y91.614 E20.71455
G1 X81.316 Y92.138 E20.75172
G1 X81.756 Y92.662 E20.77488
G1 X82.022 Y93.448 E20.80297
G1 X81.912 Y93.71 E20.81259
G1 X80.946 Y94.235 E20.8498
G1 X80.506 Y94.759 E20.87296
G1 X80.294 Y95.283 E20.89209
G1 X80.252 Y95.571 E20.90194
G1 X80.351 Y95.807 E20.9106
G1 X81.316 Y96.331 E20.94777
G1 X81.756 Y96.855 E20.97093
G1 X82.022 Y97.641 E20.99902
G1 X81.912 Y97.903 E21.00864
G1 X80.946 Y98.428 E21.04585
G1 X80.506 Y98.952 E21.06901
G1 X80.294 Y99.476 E21.08814
G1 X80.252 Y99.764 E21.09799
G1 X80.351 Y100 E21.10665
G1 X81.316 Y100.524 E21.14382
G1 X81.756 Y101.048 E21.16698
G1 X82.022 Y101.834 E21.19507
G1 X81.912 Y102.097 E21.20472
G1 X80.946 Y102.621 E21.24192
G1 X80.506 Y103.145 E21.26508
G1 X80.294 Y103.669 E21.28421
G1 X80.252 Y103.957 E21.29406
G1 X80.351 Y104.193 E21.30272
G1 X81.316 Y104.717 E21.33989
G1 X81.756 Y105.241 E21.36305
G1 X82.022 Y106.028 E21.39117
G1 X81.912 Y106.29 E21.40079
G1 X80.946 Y106.814 E21.43799
G1 X80.506 Y107.338 E21.46115
G1 X80.294 Y107.862 E21.48028
G1 X80.252 Y108.15 E21.49013
G1 X80.351 Y108.386 E21.49879
G1 X81.316 Y108.91 E21.53596
G1 X81.756 Y109.434 E21.55912
G1 X82.022 Y110.221 E21.58724
G1 X81.912 Y110.483 E21.59686
G1 X80.946 Y111.007 E21.63406
G1 X80.506 Y111.531 E21.65722
G1 X80.294 Y112.055 E21.67635
G1 X80.252 Y112.343 E21.6862
G1 X80.351 Y112.579 E21.69486
G1 X81.316 Y113.103 E21.73203
G1 X81.438 Y113.248 E21.73844
G1 X83.802 Y113.248 E21.81846
;LAYER_CHANGE
;Z:1.8
;HEIGHT:0.2
G1 E19.81846 F2400
G92 E0
G1 Z1.8 F7200
G1 X116.845 Y97.573
G1 E2 F2400
;TYPE:Perimeter
;WIDTH:0.449999
G1 F1200
G1 X117.254 Y97.749 E2.01507
G1 X117.719 Y98.047 E2.03376
G1 X118.283 Y98.576 E2.05993
G1 X118.753 Y99.256 E2.08791
G1 X119.074 Y100.089 E2.11813
G1 X119.145 Y100.448 E2.13052
G1 X119.187 Y101.075 E2.15179
G1 X119.165 Y101.434 E2.16396
G1 X119.071 Y101.934 E2.18118
G1 X118.773 Y102.705 E2.20916
G1 X118.312 Y103.391 E2.23714
G1 X117.885 Y103.82 E2.25763
G1 X117.243 Y104.253 E2.28384
G1 X116.476 Y104.559 E2.31179
G1 X115.882 Y104.674 E2.33227
G1 X115.331 Y104.69 E2.35093
G1 X114.566 Y104.571 E2.37714
G1 X114.261 Y104.477 E2.38794
G1 X113.795 Y104.273 E2.40516
G1 X113.281 Y103.953 E2.42565
G1 X112.717 Y103.424 E2.45182
G1 X112.518 Y103.174 E2.46264
G1 X112.247 Y102.743 E2.47987
G1 X112.102 Y102.438 E2.4913
G1 X111.926 Y101.911 E2.51011
G1 X111.855 Y101.552 E2.5225
G1 X111.813 Y100.925 E2.54377
G1 X111.829 Y100.599 E2.55482
G1 X111.939 Y100.019 E2.5748
G1 X112.211 Y99.332 E2.59981
G1 X112.547 Y98.781 E2.62165
G1 X113.128 Y98.175 E2.65007
G1 X113.743 Y97.755 E2.67528
G1 X114.256 Y97.522 E2.69435
G1 X115.114 Y97.333 E2.72409
G1 X115.443 Y97.31 E2.73525
G1 X116.029 Y97.342 E2.75511
G1 X116.698 Y97.509 E2.77845
G1 X116.79 Y97.549 E2.78185
G1 X116.698 Y97.949 F7200
G1 F1200
G1 X117.077 Y98.116 E2.79587
G1 X117.635 Y98.504 E2.81887
G1 X117.995 Y98.864 E2.8361
G1 X118.408 Y99.473 E2.86101
G1 X118.688 Y100.218 E2.88795
G1 X118.781 Y101.102 E2.91804
G1 X118.671 Y101.858 E2.9439
G1 X118.4 Y102.542 E2.9688
G1 X117.984 Y103.149 E2.99371
G1 X117.608 Y103.522 E3.01164
G1 X117.027 Y103.908 E3.03525
G1 X116.342 Y104.175 E3.06014
G1 X115.821 Y104.271 E3.07807
G1 X115.142 Y104.265 E3.10105
G1 X114.642 Y104.171 E3.11827
G1 X113.957 Y103.9 E3.1432
G1 X113.511 Y103.617 E3.16108
G1 X113.005 Y103.136 E3.18471
G1 X112.591 Y102.527 E3.20964
G1 X112.312 Y101.782 E3.23657
G1 X112.261 Y101.525 E3.24544
G1 X112.219 Y100.898 E3.26671
G1 X112.294 Y100.282 E3.28771
G1 X112.589 Y99.484 E3.31651
G1 X112.883 Y99.011 E3.33536
G1 X113.412 Y98.467 E3.36104
G1 X113.957 Y98.101 E3.38326
G1 X114.492 Y97.871 E3.40297
G1 X115.189 Y97.733 E3.42702
G1 X115.884 Y97.737 E3.45055
G1 X116.593 Y97.902 E3.47519
G1 X116.643 Y97.924 E3.47704
G1 X116.55 Y98.325 F7200
G1 F1200
G1 X116.98 Y98.528 E3.49314
G1 X117.348 Y98.792 E3.50847
G1 X117.707 Y99.152 E3.52568
G1 X118.064 Y99.689 E3.54751
G1 X118.302 Y100.348 E3.57123
G1 X118.374 Y101.129 E3.59778
G1 X118.271 Y101.783 E3.62019
G1 X118.027 Y102.379 E3.64199
G1 X117.657 Y102.908 E3.66384
G1 X117.241 Y103.293 E3.68303
G1 X116.81 Y103.564 E3.70026
G1 X116.207 Y103.791 E3.72207
G1 X115.67 Y103.876 E3.74047
G1 X115.217 Y103.865 E3.75581
G1 X114.717 Y103.771 E3.77303
G1 X114.12 Y103.527 E3.79486
G1 X113.694 Y103.246 E3.81213
G1 X113.292 Y102.848 E3.83128
G1 X112.936 Y102.31 E3.85312
G1 X112.698 Y101.652 E3.8768
G1 X112.626 Y100.871 E3.90335
G1 X112.695 Y100.349 E3.92117
G1 X112.966 Y99.636 E3.94699
G1 X113.244 Y99.207 E3.96429
G1 X113.696 Y98.758 E3.98586
G1 X114.171 Y98.448 E4.00506
G1 X114.671 Y98.245 E4.02333
G1 X115.265 Y98.133 E4.04379
G1 X115.865 Y98.144 E4.0641
G1 X116.488 Y98.296 E4.08581
G1 X116.496 Y98.299 E4.0861
G1 X116.403 Y98.699 F7200
;TYPE:External perimeter
G1 F1200
G1 X116.75 Y98.865 E4.09912
G1 X117.06 Y99.08 E4.11189
G1 X117.42 Y99.439 E4.1291
G1 X117.719 Y99.906 E4.14787
G1 X117.917 Y100.477 E4.16833
G1 X117.968 Y101.156 E4.19138
G1 X117.871 Y101.707 E4.21032
G1 X117.654 Y102.217 E4.22908
G1 X117.329 Y102.666 E4.24784
G1 X117.025 Y102.948 E4.26188
G1 X116.594 Y103.219 E4.27911
G1 X116.073 Y103.407 E4.29786
G1 X115.622 Y103.469 E4.31327
G1 X115.293 Y103.465 E4.32441
G1 X114.793 Y103.371 E4.34163
G1 X114.283 Y103.154 E4.36039
G1 X113.94 Y102.92 E4.37444
G1 X113.58 Y102.56 E4.39167
G1 X113.281 Y102.093 E4.41044
G1 X113.083 Y101.523 E4.43086
G1 X113.032 Y100.844 E4.45391
G1 X113.109 Y100.372 E4.4701
G1 X113.344 Y99.788 E4.49141
G1 X113.59 Y99.431 E4.50609
G1 X113.98 Y99.05 E4.52454
G1 X114.385 Y98.794 E4.54076
G1 X114.839 Y98.628 E4.55712
G1 X115.341 Y98.533 E4.57441
G1 X115.847 Y98.55 E4.59155
G1 X116.347 Y98.68 E4.60904
G1 X116.709 Y98.848 F7200
G1 E2.60904 F2400
G92 E0
G1 X112.705 Y88.362 F7200
G1 E2 F2400
;TYPE:Perimeter
G1 F1200
G1 X112.729 Y88.217 E2.00497
G1 X112.973 Y87.62 E2.0268
G1 X113.344 Y87.092 E2.04864
G1 X113.822 Y86.66 E2.07045
G1 X114.291 Y86.385 E2.08885
;WIDTH:0.49839
G1 X114.504 Y86.283 E2.09779
;WIDTH:0.54678
G1 X114.716 Y86.181 E2.10765
G1 X115.269 Y86.108 E2.13102
;WIDTH:0.502444
G1 X115.867 Y86.118 E2.15387
G1 X116.177 Y86.207 E2.16619
;WIDTH:0.476222
G1 X116.488 Y86.296 E2.17784
;WIDTH:0.449999
G1 X117.065 Y86.583 E2.19965
G1 X117.498 Y86.926 E2.21835
G1 X117.824 Y87.302 E2.23519
G1 X118.094 Y87.744 E2.25272
G1 X118.284 Y88.268 E2.27159
G1 X118.376 Y88.83 E2.29087
G1 X118.369 Y89.261 E2.30546
G1 X118.296 Y89.693 E2.32029
G1 X118.121 Y90.184 E2.33793
G1 X117.802 Y90.726 E2.35922
G1 X117.348 Y91.208 E2.38163
G1 X116.81 Y91.564 E2.40347
G1 X116.338 Y91.755 E2.42071
G1 X115.779 Y91.866 E2.44
G1 X115.138 Y91.856 E2.4617
G1 X114.512 Y91.704 E2.48351
G1 X113.958 Y91.429 E2.50445
G1 X113.546 Y91.119 E2.5219
G1 X113.219 Y90.76 E2.53834
G1 X112.973 Y90.38 E2.55366
G1 X112.77 Y89.914 E2.57087
G1 X112.635 Y89.283 E2.59271
G1 X112.624 Y88.831 E2.60801
G1 X112.694 Y88.421 E2.62209
G1 X113.1 Y88.452 F7200
;TYPE:External perimeter
G1 F1200
G1 X113.129 Y88.293 E2.62756
G1 X113.346 Y87.783 E2.64632
G1 X113.671 Y87.334 E2.66508
G1 X114.088 Y86.969 E2.68384
G1 X114.44 Y86.764 E2.69763
G1 X114.795 Y86.629 E2.71049
G1 X115.343 Y86.533 E2.72932
G1 X115.847 Y86.55 E2.74639
G1 X116.383 Y86.689 E2.76513
G1 X116.875 Y86.943 E2.78387
G1 X117.196 Y87.199 E2.79777
G1 X117.478 Y87.516 E2.81213
G1 X117.737 Y87.943 E2.82903
G1 X117.883 Y88.341 E2.84338
G1 X117.969 Y88.83 E2.86019
G1 X117.966 Y89.2 E2.87271
G1 X117.908 Y89.568 E2.88532
G1 X117.771 Y89.977 E2.89992
G1 X117.451 Y90.52 E2.92125
G1 X117.06 Y90.92 E2.94018
G1 X116.594 Y91.219 E2.95892
G1 X116.159 Y91.383 E2.97466
G1 X115.663 Y91.469 E2.9917
G1 X115.153 Y91.449 E3.00898
G1 X114.617 Y91.311 E3.02771
G1 X114.148 Y91.069 E3.04557
G1 X113.798 Y90.796 E3.06059
G1 X113.556 Y90.531 E3.07274
G1 X113.346 Y90.218 E3.0855
G1 X113.143 Y89.751 E3.10274
G1 X113.035 Y89.208 E3.12148
G1 X113.031 Y88.831 E3.13424
G1 X113.09 Y88.511 E3.14525
G1 X113.206 Y88.129 F7200
G1 E1.14525 F2400
G92 E0
G1 X120.054 Y113.554 F7200
G1 E2 F2400
;TYPE:Perimeter
G1 F2700
G1 X79.946 Y113.554 E3.35761
G1 X79.946 Y86.446 E4.27518
G1 X112.839 Y86.446 E5.38857
G1 X112.689 Y86.609 E5.39607
G1 X112.227 Y87.295 E5.42407
G1 X111.929 Y88.066 E5.45205
G1 X111.81 Y88.831 E5.47826
G1 X111.835 Y89.435 E5.49872
G1 X111.93 Y89.935 E5.51595
G1 X112.024 Y90.24 E5.52675
G1 X112.356 Y90.939 E5.55294
G1 X112.68 Y91.385 E5.5716
G1 X113.067 Y91.779 E5.59029
G1 X113.578 Y92.149 E5.61164
G1 X114.181 Y92.453 E5.6345
G1 X114.701 Y92.598 E5.65277
G1 X115.108 Y92.67 E5.66676
G1 X115.924 Y92.667 E5.69438
G1 X116.625 Y92.517 E5.71865
G1 X117.244 Y92.253 E5.74143
G1 X117.924 Y91.783 E5.76941
G1 X118.283 Y91.424 E5.7866
G1 X118.504 Y91.139 E5.79881
G1 X118.951 Y90.313 E5.8306
G1 X119.123 Y89.717 E5.8516
G1 X119.19 Y89.17 E5.87025
G1 X119.167 Y88.576 E5.89037
G1 X119.017 Y87.875 E5.91464
G1 X118.824 Y87.383 E5.93253
G1 X118.517 Y86.874 E5.95265
G1 X118.162 Y86.446 E5.97147
G1 X120.054 Y86.446 E6.03551
G1 X120.054 Y113.494 E6.95105
G1 X120.461 Y113.961 F7200
G1 F2700
G1 X79.539 Y113.961 E8.33621
G1 X79.539 Y86.039 E9.28134
G1 X114.074 Y86.039 E10.45031
G1 X113.557 Y86.352 E10.47077
G1 X113.016 Y86.851 E10.49568
G1 X112.6 Y87.457 E10.52056
G1 X112.329 Y88.142 E10.54549
G1 X112.217 Y88.831 E10.56912
G1 X112.235 Y89.359 E10.587
G1 X112.397 Y90.077 E10.61191
G1 X112.6 Y90.543 E10.62912
G1 X112.924 Y91.045 E10.64934
G1 X113.32 Y91.461 E10.66878
G1 X113.768 Y91.789 E10.68757
G1 X114.407 Y92.097 E10.71158
G1 X115.123 Y92.263 E10.73646
G1 X115.851 Y92.267 E10.7611
G1 X116.481 Y92.136 E10.78288
G1 X117.027 Y91.908 E10.80291
G1 X117.636 Y91.496 E10.8278
G1 X118.153 Y90.933 E10.85367
G1 X118.472 Y90.391 E10.87496
G1 X118.683 Y89.818 E10.89563
G1 X118.772 Y89.321 E10.91272
G1 X118.783 Y88.83 E10.92934
G1 X118.685 Y88.196 E10.95105
G1 X118.459 Y87.563 E10.9738
G1 X118.171 Y87.088 E10.9926
G1 X117.801 Y86.653 E11.01193
G1 X117.414 Y86.328 E11.02904
G1 X116.906 Y86.039 E11.04882
G1 X120.461 Y86.039 E11.16915
G1 X120.461 Y113.901 E12.11224
G1 X120.868 Y114.368 F7200
G1 F2700
G1 X79.132 Y114.368 E13.52495
G1 X79.132 Y85.632 E14.49763
G1 X114.149 Y85.632 E15.68291
;WIDTH:0.49839
G1 X114.411 Y85.656 E15.69287
;WIDTH:0.54678
G1 X114.672 Y85.68 E15.70385
G1 X115.045 Y85.667 E15.71949
;WIDTH:0.519411
G1 X115.417 Y85.653 E15.73424
;WIDTH:0.517022
G1 X116.066 Y85.666 E15.75983
G1 X116.321 Y85.649 E15.7699
;WIDTH:0.483511
G1 X116.575 Y85.632 E15.77923
;WIDTH:0.449999
G1 X120.868 Y85.632 E15.92454
G1 X120.868 Y114.308 E16.89519
G1 X121.275 Y114.775 F7200
;TYPE:External perimeter
G1 F1800
G1 X78.725 Y114.775 E18.33545
G1 X78.725 Y85.225 E19.33568
G1 X121.275 Y85.225 E20.77594
G1 X121.275 Y114.715 E21.77414
G1 X120.879 Y114.774 F7200
G1 E19.77414 F2400
G92 E0
G1 X119.748 Y111.34 F7200
G1 E2 F2400
;TYPE:Internal infill
;WIDTH:0.45
G1 F3300
G1 X119.748 Y113.248 E2.06458
G1 X119.214 Y113.248 E2.08266
G1 X119.133 Y113.103 E2.08828
G1 X118.538 Y112.579 E2.11512
G1 X118.246 Y112.055 E2.13542
G1 X118.311 Y111.531 E2.15329
G1 X118.604 Y111.007 E2.17361
G1 X119.2 Y110.483 E2.20047
G1 X119.491 Y109.958 E2.22079
G1 X119.427 Y109.434 E2.23866
G1 X119.133 Y108.91 E2.259
G1 X118.538 Y108.386 E2.28584
G1 X118.246 Y107.862 E2.30614
G1 X118.311 Y107.338 E2.32401
G1 X118.604 Y106.814 E2.34433
G1 X119.2 Y106.29 E2.37119
G1 X119.491 Y105.765 E2.39151
G1 X119.427 Y105.241 E2.40938
G1 X119.133 Y104.717 E2.42972
G1 X118.538 Y104.193 E2.45656
G1 X118.332 Y103.823 E2.47089
G1 X117.841 Y104.238 E2.49265
G1 X117.307 Y104.56 E2.51376
G1 X117.395 Y104.717 E2.51985
G1 X117.33 Y105.241 E2.53772
G1 X117.037 Y105.765 E2.55804
G1 X116.441 Y106.29 E2.58492
G1 X116.15 Y106.814 E2.60521
G1 X116.214 Y107.338 E2.62308
G1 X116.508 Y107.862 E2.64342
G1 X117.103 Y108.386 E2.67026
G1 X117.395 Y108.91 E2.69056
G1 X117.33 Y109.434 E2.70843
G1 X117.037 Y109.958 E2.72875
G1 X116.441 Y110.483 E2.75563
G1 X116.15 Y111.007 E2.77592
G1 X116.214 Y111.531 E2.79379
G1 X116.508 Y112.055 E2.81413
G1 X117.103 Y112.579 E2.84097
G1 X117.395 Y113.103 E2.86127
G1 X117.377 Y113.248 E2.86622
G1 X115.225 Y113.248 E2.93906
G1 E.93906 F2400
G92 E0
G1 X117.124 Y104.648 F7200
G1 E2 F2400
G1 F3300
G1 X116.266 Y104.925 E2.03052
G1 X115.676 Y104.995 E2.05063
G1 X115.083 Y104.973 E2.07072
G1 X115.234 Y105.241 E2.08113
G1 X115.298 Y105.765 E2.099
G1 X115.007 Y106.29 E2.11932
G1 X114.411 Y106.814 E2.14618
G1 X114.118 Y107.338 E2.1665
G1 X114.053 Y107.862 E2.18437
G1 X114.345 Y108.386 E2.20467
G1 X114.94 Y108.91 E2.23151
G1 X115.234 Y109.434 E2.25185
G1 X115.298 Y109.958 E2.26972
G1 X115.007 Y110.483 E2.29004
G1 X114.411 Y111.007 E2.3169
G1 X114.118 Y111.531 E2.33722
G1 X114.053 Y112.055 E2.35509
G1 X114.345 Y112.579 E2.37539
G1 X114.94 Y113.103 E2.40223
G1 X115.021 Y113.248 E2.40785
G1 X113.184 Y113.248 E2.47003
G1 X113.202 Y113.103 E2.47498
G1 X112.91 Y112.579 E2.49528
G1 X112.315 Y112.055 E2.52212
G1 X112.021 Y111.531 E2.54246
G1 X111.957 Y111.007 E2.56033
G1 X112.248 Y110.483 E2.58062
G1 X112.844 Y109.958 E2.6075
G1 X113.137 Y109.434 E2.62782
G1 X113.202 Y108.91 E2.64569
G1 X112.91 Y108.386 E2.66599
G1 X112.315 Y107.862 E2.69283
G1 X112.021 Y107.338 E2.71317
G1 X111.957 Y106.814 E2.73104
G1 X112.248 Y106.29 E2.75133
G1 X112.844 Y105.765 E2.77821
G1 X113.137 Y105.241 E2.79853
G1 X113.202 Y104.717 E2.8164
G1 X112.91 Y104.193 E2.8367
G1 X112.315 Y103.669 E2.86354
G1 X112.021 Y103.145 E2.88388
G1 X111.992 Y102.912 E2.89183
G1 X111.858 Y102.657 E2.90158
G1 X111.576 Y101.782 E2.9327
G1 X111.508 Y100.94 E2.96129
G1 X111.614 Y100.049 E2.99166
G1 X112.042 Y98.99 E3.03032
G1 X111.957 Y98.428 E3.04956
G1 X112.248 Y97.903 E3.06988
G1 X112.844 Y97.379 E3.09674
G1 X113.137 Y96.855 E3.11706
G1 X113.202 Y96.331 E3.13493
G1 X112.91 Y95.807 E3.15523
G1 X112.315 Y95.283 E3.18207
G1 X112.021 Y94.759 E3.20241
G1 X111.957 Y94.235 E3.22028
G1 X112.248 Y93.71 E3.2406
G1 X112.844 Y93.186 E3.26746
G1 X113.137 Y92.662 E3.28778
G1 X113.187 Y92.259 E3.30153
G1 X114.074 Y92.739 E3.33567
G1 X114.718 Y92.918 E3.3583
G1 X115.273 Y92.981 E3.37721
G1 X115.298 Y93.186 E3.3842
G1 X115.007 Y93.71 E3.40449
G1 X114.411 Y94.235 E3.43137
G1 X114.118 Y94.759 E3.45169
G1 X114.053 Y95.283 E3.46956
G1 X114.345 Y95.807 E3.48986
G1 X114.94 Y96.331 E3.5167
G1 X115.234 Y96.855 E3.53704
G1 X115.253 Y97.009 E3.54229
G1 X116.071 Y97.039 E3.57
G1 X117.069 Y97.322 E3.60511
G1 X117.33 Y96.855 E3.62322
G1 X117.395 Y96.331 E3.64109
G1 X117.103 Y95.807 E3.66139
G1 X116.508 Y95.283 E3.68823
G1 X116.214 Y94.759 E3.70857
G1 X116.15 Y94.235 E3.72644
G1 X116.441 Y93.71 E3.74676
G1 X117.037 Y93.186 E3.77362
G1 X117.33 Y92.662 E3.79394
G1 X117.345 Y92.542 E3.79803
G1 X117.842 Y92.238 E3.81775
G1 X118.53 Y91.601 E3.84949
G1 X119.133 Y92.138 E3.87682
G1 X119.427 Y92.662 E3.89716
G1 X119.491 Y93.186 E3.91503
G1 X119.2 Y93.71 E3.93532
G1 X118.604 Y94.235 E3.9622
G1 X118.311 Y94.759 E3.98252
G1 X118.246 Y95.283 E4.00039
G1 X118.538 Y95.807 E4.02069
G1 X119.133 Y96.331 E4.04753
G1 X119.427 Y96.855 E4.06787
G1 X119.491 Y97.379 E4.08574
G1 X119.2 Y97.903 E4.10603
G1 X118.583 Y98.465 E4.13428
G1 X119.015 Y99.099 E4.16025
G1 X119.185 Y99.459 E4.17373
G1 X119.366 Y99.998 E4.19298
G1 X119.468 Y100.697 E4.21689
G1 E2.21689 F2400
G92 E0
G1 X112.135 Y86.846 F7200
G1 E2 F2400
G1 F3300
G1 X112.204 Y86.752 E2.00395
G1 X109.878 Y86.752 E2.08268
G1 X109.86 Y86.897 E2.08763
G1 X110.151 Y87.421 E2.10792
G1 X110.747 Y87.945 E2.13478
G1 X111.041 Y88.469 E2.15512
G1 X111.105 Y88.993 E2.17299
G1 X110.814 Y89.517 E2.19328
G1 X110.218 Y90.042 E2.22016
G1 X109.924 Y90.566 E2.2405
G1 X109.86 Y91.09 E2.25837
G1 X110.151 Y91.614 E2.27866
G1 X110.747 Y92.138 E2.30552
G1 X111.041 Y92.662 E2.32586
G1 X111.105 Y93.186 E2.34373
G1 X110.814 Y93.71 E2.36402
G1 X110.218 Y94.235 E2.3909
G1 X109.924 Y94.759 E2.41124
G1 X109.86 Y95.283 E2.42911
G1 X110.151 Y95.807 E2.4494
G1 X110.747 Y96.331 E2.47626
G1 X111.041 Y96.855 E2.4966
G1 X111.105 Y97.379 E2.51447
G1 X110.814 Y97.903 E2.53476
G1 X110.218 Y98.428 E2.56164
G1 X109.924 Y98.952 E2.58198
G1 X109.86 Y99.476 E2.59985
G1 X110.151 Y100 E2.62014
G1 X110.747 Y100.524 E2.647
G1 X111.041 Y101.048 E2.66734
G1 X111.105 Y101.572 E2.68521
G1 X110.814 Y102.097 E2.70553
G1 X110.218 Y102.621 E2.73239
G1 X109.924 Y103.145 E2.75273
G1 X109.86 Y103.669 E2.7706
G1 X110.151 Y104.193 E2.79089
G1 X110.747 Y104.717 E2.81775
G1 X111.041 Y105.241 E2.83809
G1 X111.105 Y105.765 E2.85596
G1 X110.814 Y106.29 E2.87628
G1 X110.218 Y106.814 E2.90314
G1 X109.924 Y107.338 E2.92348
G1 X109.86 Y107.862 E2.94135
G1 X110.151 Y108.386 E2.96164
G1 X110.747 Y108.91 E2.9885
G1 X111.041 Y109.434 E3.00884
G1 X111.105 Y109.958 E3.02671
G1 X110.814 Y110.483 E3.04703
G1 X110.218 Y111.007 E3.07389
G1 X109.924 Y111.531 E3.09423
G1 X109.86 Y112.055 E3.1121
G1 X110.151 Y112.579 E3.13239
G1 X110.747 Y113.103 E3.15925
G1 X110.828 Y113.248 E3.16487
G1 X108.991 Y113.248 E3.22705
G1 X109.008 Y113.103 E3.23199
G1 X108.717 Y112.579 E3.25228
G1 X108.122 Y112.055 E3.27912
G1 X107.828 Y111.531 E3.29946
G1 X107.764 Y111.007 E3.31733
G1 X108.055 Y110.483 E3.33762
G1 X108.65 Y109.958 E3.36448
G1 X108.944 Y109.434 E3.38482
G1 X109.008 Y108.91 E3.40269
G1 X108.717 Y108.386 E3.42298
G1 X108.122 Y107.862 E3.44982
G1 X107.828 Y107.338 E3.47016
G1 X107.764 Y106.814 E3.48803
G1 X108.055 Y106.29 E3.50832
G1 X108.65 Y105.765 E3.53518
G1 X108.944 Y105.241 E3.55552
G1 X109.008 Y104.717 E3.57339
G1 X108.717 Y104.193 E3.59368
G1 X108.122 Y103.669 E3.62052
G1 X107.828 Y103.145 E3.64086
G1 X107.764 Y102.621 E3.65873
G1 X108.055 Y102.097 E3.67902
G1 X108.65 Y101.572 E3.70588
G1 X108.944 Y101.048 E3.72622
G1 X109.008 Y100.524 E3.74409
G1 X108.717 Y100 E3.76438
G1 X108.122 Y99.476 E3.79122
G1 X107.828 Y98.952 E3.81156
G1 X107.764 Y98.428 E3.82943
G1 X108.055 Y97.903 E3.84975
G1 X108.65 Y97.379 E3.87659
G1 X108.944 Y96.855 E3.89693
G1 X109.008 Y96.331 E3.9148
G1 X108.717 Y95.807 E3.93509
G1 X108.122 Y95.283 E3.96193
G1 X107.828 Y94.759 E3.98227
G1 X107.764 Y94.235 E4.00014
G1 X108.055 Y93.71 E4.02046
G1 X108.65 Y93.186 E4.0473
G1 X108.944 Y92.662 E4.06764
G1 X109.008 Y92.138 E4.08551
G1 X108.717 Y91.614 E4.1058
G1 X108.122 Y91.09 E4.13264
G1 X107.828 Y90.566 E4.15298
G1 X107.764 Y90.042 E4.17085
G1 X108.055 Y89.517 E4.19117
G1 X108.65 Y88.993 E4.21801
G1 X108.944 Y88.469 E4.23835
G1 X109.008 Y87.945 E4.25622
G1 X108.717 Y87.421 E4.27651
G1 X108.122 Y86.897 E4.30335
G1 X108.04 Y86.752 E4.30899
G1 X105.685 Y86.752 E4.3887
G1 X105.667 Y86.897 E4.39365
G1 X105.958 Y87.421 E4.41394
G1 X106.554 Y87.945 E4.4408
G1 X106.848 Y88.469 E4.46114
G1 X106.912 Y88.993 E4.47901
G1 X106.621 Y89.517 E4.4993
G1 X106.025 Y90.042 E4.52618
G1 X105.731 Y90.566 E4.54652
G1 X105.667 Y91.09 E4.56439
G1 X105.958 Y91.614 E4.58468
G1 X106.554 Y92.138 E4.61154
G1 X106.848 Y92.662 E4.63188
G1 X106.912 Y93.186 E4.64975
G1 X106.621 Y93.71 E4.67004
G1 X106.025 Y94.235 E4.69692
G1 X105.731 Y94.759 E4.71726
G1 X105.667 Y95.283 E4.73513
G1 X105.958 Y95.807 E4.75542
G1 X106.554 Y96.331 E4.78228
G1 X106.848 Y96.855 E4.80262
G1 X106.912 Y97.379 E4.82049
G1 X106.621 Y97.903 E4.84078
G1 X106.025 Y98.428 E4.86766
G1 X105.731 Y98.952 E4.888
G1 X105.667 Y99.476 E4.90587
G1 X105.958 Y100 E4.92616
G1 X106.554 Y100.524 E4.95302
G1 X106.848 Y101.048 E4.97336
G1 X106.912 Y101.572 E4.99123
G1 X106.621 Y102.097 E5.01155
G1 X106.025 Y102.621 E5.03841
G1 X105.731 Y103.145 E5.05875
G1 X105.667 Y103.669 E5.07662
G1 X105.958 Y104.193 E5.09691
G1 X106.554 Y104.717 E5.12377
G1 X106.848 Y105.241 E5.14411
G1 X106.912 Y105.765 E5.16198
G1 X106.621 Y106.29 E5.1823
G1 X106.025 Y106.814 E5.20916
G1 X105.731 Y107.338 E5.2295
G1 X105.667 Y107.862 E5.24737
G1 X105.958 Y108.386 E5.26766
G1 X106.554 Y108.91 E5.29452
G1 X106.848 Y109.434 E5.31486
G1 X106.912 Y109.958 E5.33273
G1 X106.621 Y110.483 E5.35305
G1 X106.025 Y111.007 E5.37991
G1 X105.731 Y111.531 E5.40025
G1 X105.667 Y112.055 E5.41812
G1 X105.958 Y112.579 E5.43841
G1 X106.554 Y113.103 E5.46527
G1 X106.635 Y113.248 E5.47089
G1 X104.798 Y113.248 E5.53307
G1 X104.815 Y113.103 E5.53801
G1 X104.524 Y112.579 E5.5583
G1 X103.929 Y112.055 E5.58514
G1 X103.635 Y111.531 E5.60548
G1 X103.571 Y111.007 E5.62335
G1 X103.862 Y110.483 E5.64364
G1 X104.457 Y109.958 E5.6705
G1 X104.751 Y109.434 E5.69084
G1 X104.815 Y108.91 E5.70871
G1 X104.524 Y108.386 E5.729
G1 X103.929 Y107.862 E5.75584
G1 X103.635 Y107.338 E5.77618
G1 X103.571 Y106.814 E5.79405
G1 X103.862 Y106.29 E5.81434
G1 X104.457 Y105.765 E5.8412
G1 X104.751 Y105.241 E5.86154
G1 X104.815 Y104.717 E5.87941
G1 X104.524 Y104.193 E5.8997
G1 X103.929 Y103.669 E5.92654
G1 X103.635 Y103.145 E5.94688
G1 X103.571 Y102.621 E5.96475
G1 X103.862 Y102.097 E5.98504
G1 X104.457 Y101.572 E6.0119
G1 X104.751 Y101.048 E6.03224
G1 X104.815 Y100.524 E6.05011
G1 X104.524 Y100 E6.0704
G1 X103.929 Y99.476 E6.09724
G1 X103.635 Y98.952 E6.11758
G1 X103.571 Y98.428 E6.13545
G1 X103.862 Y97.903 E6.15577
G1 X104.457 Y97.379 E6.18261
G1 X104.751 Y96.855 E6.20295
G1 X104.815 Y96.331 E6.22082
G1 X104.524 Y95.807 E6.24111
G1 X103.929 Y95.283 E6.26795
G1 X103.635 Y94.759 E6.28829
G1 X103.571 Y94.235 E6.30616
G1 X103.862 Y93.71 E6.32648
G1 X104.457 Y93.186 E6.35332
G1 X104.751 Y92.662 E6.37366
G1 X104.815 Y92.138 E6.39153
G1 X104.524 Y91.614 E6.41182
G1 X103.929 Y91.09 E6.43866
G1 X103.635 Y90.566 E6.459
G1 X103.571 Y90.042 E6.47687
G1 X103.862 Y89.517 E6.49719
G1 X104.457 Y88.993 E6.52403
G1 X104.751 Y88.469 E6.54437
G1 X104.815 Y87.945 E6.56224
G1 X104.524 Y87.421 E6.58253
G1 X103.929 Y86.897 E6.60937
G1 X103.847 Y86.752 E6.61501
G1 X101.492 Y86.752 E6.69472
G1 X101.474 Y86.897 E6.69967
G1 X101.765 Y87.421 E6.71996
G1 X102.361 Y87.945 E6.74682
G1 X102.655 Y88.469 E6.76716
G1 X102.719 Y88.993 E6.78503
G1 X102.428 Y89.517 E6.80532
G1 X101.832 Y90.042 E6.8322
G1 X101.538 Y90.566 E6.85254
G1 X101.474 Y91.09 E6.87041
G1 X101.765 Y91.614 E6.8907
G1 X102.361 Y92.138 E6.91756
G1 X102.655 Y92.662 E6.9379
G1 X102.719 Y93.186 E6.95577
G1 X102.428 Y93.71 E6.97606
G1 X101.832 Y94.235 E7.00294
G1 X101.538 Y94.759 E7.02328
G1 X101.474 Y95.283 E7.04115
G1 X101.765 Y95.807 E7.06144
G1 X102.361 Y96.331 E7.0883
G1 X102.655 Y96.855 E7.10864
G1 X102.719 Y97.379 E7.12651
G1 X102.428 Y97.903 E7.1468
G1 X101.832 Y98.428 E7.17368
G1 X101.538 Y98.952 E7.19402
G1 X101.474 Y99.476 E7.21189
G1 X101.765 Y100 E7.23218
G1 X102.361 Y100.524 E7.25904
G1 X102.655 Y101.048 E7.27938
G1 X102.719 Y101.572 E7.29725
G1 X102.428 Y102.097 E7.31757
G1 X101.832 Y102.621 E7.34443
G1 X101.538 Y103.145 E7.36477
G1 X101.474 Y103.669 E7.38264
G1 X101.765 Y104.193 E7.40293
G1 X102.361 Y104.717 E7.42979
G1 X102.655 Y105.241 E7.45013
G1 X102.719 Y105.765 E7.468
G1 X102.428 Y106.29 E7.48832
G1 X101.832 Y106.814 E7.51518
G1 X101.538 Y107.338 E7.53552
G1 X101.474 Y107.862 E7.55339
G1 X101.765 Y108.386 E7.57368
G1 X102.361 Y108.91 E7.60054
G1 X102.655 Y109.434 E7.62088
G1 X102.719 Y109.958 E7.63875
G1 X102.428 Y110.483 E7.65907
G1 X101.832 Y111.007 E7.68593
G1 X101.538 Y111.531 E7.70627
G1 X101.474 Y112.055 E7.72414
G1 X101.765 Y112.579 E7.74443
G1 X102.361 Y113.103 E7.77129
G1 X102.442 Y113.248 E7.77691
G1 X100.605 Y113.248 E7.83909
G1 X100.622 Y113.103 E7.84403
G1 X100.331 Y112.579 E7.86432
G1 X99.736 Y112.055 E7.89116
G1 X99.442 Y111.531 E7.9115
G1 X99.378 Y111.007 E7.92937
G1 X99.669 Y110.483 E7.94966
G1 X100.264 Y109.958 E7.97652
G1 X100.558 Y109.434 E7.99686
G1 X100.622 Y108.91 E8.01473
G1 X100.331 Y108.386 E8.03502
G1 X99.736 Y107.862 E8.06186
G1 X99.442 Y107.338 E8.0822
G1 X99.378 Y106.814 E8.10007
G1 X99.669 Y106.29 E8.12036
G1 X100.264 Y105.765 E8.14722
G1 X100.558 Y105.241 E8.16756
G1 X100.622 Y104.717 E8.18543
G1 X100.331 Y104.193 E8.20572
G1 X99.736 Y103.669 E8.23256
G1 X99.442 Y103.145 E8.2529
G1 X99.378 Y102.621 E8.27077
G1 X99.669 Y102.097 E8.29106
G1 X100.264 Y101.572 E8.31792
G1 X100.558 Y101.048 E8.33826
G1 X100.622 Y100.524 E8.35613
G1 X100.331 Y100 E8.37642
G1 X99.736 Y99.476 E8.40326
G1 X99.442 Y98.952 E8.4236
G1 X99.378 Y98.428 E8.44147
G1 X99.669 Y97.903 E8.46179
G1 X100.264 Y97.379 E8.48863
G1 X100.558 Y96.855 E8.50897
G1 X100.622 Y96.331 E8.52684
G1 X100.331 Y95.807 E8.54713
G1 X99.736 Y95.283 E8.57397
G1 X99.442 Y94.759 E8.59431
G1 X99.378 Y94.235 E8.61218
G1 X99.669 Y93.71 E8.6325
G1 X100.264 Y93.186 E8.65934
G1 X100.558 Y92.662 E8.67968
G1 X100.622 Y92.138 E8.69755
G1 X100.331 Y91.614 E8.71784
G1 X99.736 Y91.09 E8.74468
G1 X99.442 Y90.566 E8.76502
G1 X99.378 Y90.042 E8.78289
G1 X99.669 Y89.517 E8.80321
G1 X100.264 Y88.993 E8.83005
G1 X100.558 Y88.469 E8.85039
G1 X100.622 Y87.945 E8.86826
G1 X100.331 Y87.421 E8.88855
G1 X99.736 Y86.897 E8.91539
G1 X99.654 Y86.752 E8.92103
G1 X97.299 Y86.752 E9.00074
G1 X97.281 Y86.897 E9.00569
G1 X97.572 Y87.421 E9.02598
G1 X98.168 Y87.945 E9.05284
G1 X98.462 Y88.469 E9.07318
G1 X98.526 Y88.993 E9.09105
G1 X98.235 Y89.517 E9.11134
G1 X97.639 Y90.042 E9.13822
G1 X97.345 Y90.566 E9.15856
G1 X97.281 Y91.09 E9.17643
G1 X97.572 Y91.614 E9.19672
G1 X98.168 Y92.138 E9.22358
G1 X98.462 Y92.662 E9.24392
G1 X98.526 Y93.186 E9.26179
G1 X98.235 Y93.71 E9.28208
G1 X97.639 Y94.235 E9.30896
G1 X97.345 Y94.759 E9.3293
G1 X97.281 Y95.283 E9.34717
G1 X97.572 Y95.807 E9.36746
G1 X98.168 Y96.331 E9.39432
G1 X98.462 Y96.855 E9.41466
G1 X98.526 Y97.379 E9.43253
G1 X98.235 Y97.903 E9.45282
G1 X97.639 Y98.428 E9.4797
G1 X97.345 Y98.952 E9.50004
G1 X97.281 Y99.476 E9.51791
G1 X97.572 Y100 E9.5382
G1 X98.168 Y100.524 E9.56506
G1 X98.462 Y101.048 E9.5854
G1 X98.526 Y101.572 E9.60327
G1 X98.235 Y102.097 E9.62359
G1 X97.639 Y102.621 E9.65045
G1 X97.345 Y103.145 E9.67079
G1 X97.281 Y103.669 E9.68866
G1 X97.572 Y104.193 E9.70895
G1 X98.168 Y104.717 E9.73581
G1 X98.462 Y105.241 E9.75615
G1 X98.526 Y105.765 E9.77402
G1 X98.235 Y106.29 E9.79434
G1 X97.639 Y106.814 E9.8212
G1 X97.345 Y107.338 E9.84154
G1 X97.281 Y107.862 E9.85941
G1 X97.572 Y108.386 E9.8797
G1 X98.168 Y108.91 E9.90656
G1 X98.462 Y109.434 E9.9269
G1 X98.526 Y109.958 E9.94477
G1 X98.235 Y110.483 E9.96509
G1 X97.639 Y111.007 E9.99195
G1 X97.345 Y111.531 E10.01229
G1 X97.281 Y112.055 E10.03016
G1 X97.572 Y112.579 E10.05045
G1 X98.168 Y113.103 E10.07731
G1 X98.249 Y113.248 E10.08293
G1 X96.412 Y113.248 E10.14511
G1 X96.429 Y113.103 E10.15005
G1 X96.138 Y112.579 E10.17034
G1 X95.543 Y112.055 E10.19718
G1 X95.249 Y111.531 E10.21752
G1 X95.185 Y111.007 E10.23539
G1 X95.476 Y110.483 E10.25568
G1 X96.071 Y109.958 E10.28254
G1 X96.365 Y109.434 E10.30288
G1 X96.429 Y108.91 E10.32075
G1 X96.138 Y108.386 E10.34104
G1 X95.543 Y107.862 E10.36788
G1 X95.249 Y107.338 E10.38822
G1 X95.185 Y106.814 E10.40609
G1 X95.476 Y106.29 E10.42638
G1 X96.071 Y105.765 E10.45324
G1 X96.365 Y105.241 E10.47358
G1 X96.429 Y104.717 E10.49145
G1 X96.138 Y104.193 E10.51174
G1 X95.543 Y103.669 E10.53858
G1 X95.249 Y103.145 E10.55892
G1 X95.185 Y102.621 E10.57679
G1 X95.476 Y102.097 E10.59708
G1 X96.071 Y101.572 E10.62394
G1 X96.365 Y101.048 E10.64428
G1 X96.429 Y100.524 E10.66215
G1 X96.138 Y100 E10.68244
G1 X95.543 Y99.476 E10.70928
G1 X95.249 Y98.952 E10.72962
G1 X95.185 Y98.428 E10.74749
G1 X95.476 Y97.903 E10.76781
G1 X96.071 Y97.379 E10.79465
G1 X96.365 Y96.855 E10.81499
G1 X96.429 Y96.331 E10.83286
G1 X96.138 Y95.807 E10.85315
G1 X95.543 Y95.283 E10.87999
G1 X95.249 Y94.759 E10.90033
G1 X95.185 Y94.235 E10.9182
G1 X95.476 Y93.71 E10.93852
G1 X96.071 Y93.186 E10.96536
G1 X96.365 Y92.662 E10.9857
G1 X96.429 Y92.138 E11.00357
G1 X96.138 Y91.614 E11.02386
G1 X95.543 Y91.09 E11.0507
G1 X95.249 Y90.566 E11.07104
G1 X95.185 Y90.042 E11.08891
G1 X95.476 Y89.517 E11.10923
G1 X96.071 Y88.993 E11.13607
G1 X96.365 Y88.469 E11.15641
G1 X96.429 Y87.945 E11.17428
G1 X96.138 Y87.421 E11.19457
G1 X95.543 Y86.897 E11.22141
G1 X95.461 Y86.752 E11.22705
G1 X93.106 Y86.752 E11.30676
G1 X93.088 Y86.897 E11.31171
G1 X93.379 Y87.421 E11.332
G1 X93.975 Y87.945 E11.35886
G1 X94.269 Y88.469 E11.3792
G1 X94.333 Y88.993 E11.39707
G1 X94.042 Y89.517 E11.41736
G1 X93.446 Y90.042 E11.44424
G1 X93.152 Y90.566 E11.46458
G1 X93.088 Y91.09 E11.48245
G1 X93.379 Y91.614 E11.50274
G1 X93.975 Y92.138 E11.5296
G1 X94.269 Y92.662 E11.54994
G1 X94.333 Y93.186 E11.56781
G1 X94.042 Y93.71 E11.5881
G1 X93.446 Y94.235 E11.61498
G1 X93.152 Y94.759 E11.63532
G1 X93.088 Y95.283 E11.65319
G1 X93.379 Y95.807 E11.67348
G1 X93.975 Y96.331 E11.70034
G1 X94.269 Y96.855 E11.72068
G1 X94.333 Y97.379 E11.73855
G1 X94.042 Y97.903 E11.75884
G1 X93.446 Y98.428 E11.78572
G1 X93.152 Y98.952 E11.80606
G1 X93.088 Y99.476 E11.82393
G1 X93.379 Y100 E11.84422
G1 X93.975 Y100.524 E11.87108
G1 X94.269 Y101.048 E11.89142
G1 X94.333 Y101.572 E11.90929
G1 X94.042 Y102.097 E11.92961
G1 X93.446 Y102.621 E11.95647
G1 X93.152 Y103.145 E11.97681
G1 X93.088 Y103.669 E11.99468
G1 X93.379 Y104.193 E12.01497
G1 X93.975 Y104.717 E12.04183
G1 X94.269 Y105.241 E12.06217
G1 X94.333 Y105.765 E12.08004
G1 X94.042 Y106.29 E12.10036
G1 X93.446 Y106.814 E12.12722
G1 X93.152 Y107.338 E12.14756
G1 X93.088 Y107.862 E12.16543
G1 X93.379 Y108.386 E12.18572
G1 X93.975 Y108.91 E12.21258
G1 X94.269 Y109.434 E12.23292
G1 X94.333 Y109.958 E12.25079
G1 X94.042 Y110.483 E12.27111
G1 X93.446 Y111.007 E12.29797
G1 X93.152 Y111.531 E12.31831
G1 X93.088 Y112.055 E12.33618
G1 X93.379 Y112.579 E12.35647
G1 X93.975 Y113.103 E12.38333
G1 X94.056 Y113.248 E12.38895
G1 X92.219 Y113.248 E12.45113
G1 X92.236 Y113.103 E12.45607
G1 X91.945 Y112.579 E12.47636
G1 X91.35 Y112.055 E12.5032
G1 X91.056 Y111.531 E12.52354
G1 X90.992 Y111.007 E12.54141
G1 X91.283 Y110.483 E12.5617
G1 X91.878 Y109.958 E12.58856
G1 X92.172 Y109.434 E12.6089
G1 X92.236 Y108.91 E12.62677
G1 X91.945 Y108.386 E12.64706
G1 X91.35 Y107.862 E12.6739
G1 X91.056 Y107.338 E12.69424
G1 X90.992 Y106.814 E12.71211
G1 X91.283 Y106.29 E12.7324
G1 X91.878 Y105.765 E12.75926
G1 X92.172 Y105.241 E12.7796
G1 X92.236 Y104.717 E12.79747
G1 X91.945 Y104.193 E12.81776
G1 X91.35 Y103.669 E12.8446
G1 X91.056 Y103.145 E12.86494
G1 X90.992 Y102.621 E12.88281
G1 X91.283 Y102.097 E12.9031
G1 X91.878 Y101.572 E12.92996
G1 X92.172 Y101.048 E12.9503
G1 X92.236 Y100.524 E12.96817
G1 X91.945 Y100 E12.98846
G1 X91.35 Y99.476 E13.0153
G1 X91.056 Y98.952 E13.03564
G1 X90.992 Y98.428 E13.05351
G1 X91.283 Y97.903 E13.07383
G1 X91.878 Y97.379 E13.10067
G1 X92.172 Y96.855 E13.12101
G1 X92.236 Y96.331 E13.13888
G1 X91.945 Y95.807 E13.15917
G1 X91.35 Y95.283 E13.18601
G1 X91.056 Y94.759 E13.20635
G1 X90.992 Y94.235 E13.22422
G1 X91.283 Y93.71 E13.24454
G1 X91.878 Y93.186 E13.27138
G1 X92.172 Y92.662 E13.29172
G1 X92.236 Y92.138 E13.30959
G1 X91.945 Y91.614 E13.32988
G1 X91.35 Y91.09 E13.35672
G1 X91.056 Y90.566 E13.37706
G1 X90.992 Y90.042 E13.39493
G1 X91.283 Y89.517 E13.41525
G1 X91.878 Y88.993 E13.44209
G1 X92.172 Y88.469 E13.46243
G1 X92.236 Y87.945 E13.4803
G1 X91.945 Y87.421 E13.50059
G1 X91.35 Y86.897 E13.52743
G1 X91.268 Y86.752 E13.53307
G1 X88.913 Y86.752 E13.61278
G1 X88.895 Y86.897 E13.61773
G1 X89.186 Y87.421 E13.63802
G1 X89.782 Y87.945 E13.66488
G1 X90.076 Y88.469 E13.68522
G1 X90.14 Y88.993 E13.70309
G1 X89.849 Y89.517 E13.72338
G1 X89.253 Y90.042 E13.75026
G1 X88.959 Y90.566 E13.7706
G1 X88.895 Y91.09 E13.78847
G1 X89.186 Y91.614 E13.80876
G1 X89.782 Y92.138 E13.83562
G1 X90.076 Y92.662 E13.85596
G1 X90.14 Y93.186 E13.87383
G1 X89.849 Y93.71 E13.89412
G1 X89.253 Y94.235 E13.921
G1 X88.959 Y94.759 E13.94134
G1 X88.895 Y95.283 E13.95921
G1 X89.186 Y95.807 E13.9795
G1 X89.782 Y96.331 E14.00636
G1 X90.076 Y96.855 E14.0267
G1 X90.14 Y97.379 E14.04457
G1 X89.849 Y97.903 E14.06486
G1 X89.253 Y98.428 E14.09174
G1 X88.959 Y98.952 E14.11208
G1 X88.895 Y99.476 E14.12995
G1 X89.186 Y100 E14.15024
G1 X89.782 Y100.524 E14.1771
G1 X90.076 Y101.048 E14.19744
G1 X90.14 Y101.572 E14.21531
G1 X89.849 Y102.097 E14.23563
G1 X89.253 Y102.621 E14.26249
G1 X88.959 Y103.145 E14.28283
G1 X88.895 Y103.669 E14.3007
G1 X89.186 Y104.193 E14.32099
G1 X89.782 Y104.717 E14.34785
G1 X90.076 Y105.241 E14.36819
G1 X90.14 Y105.765 E14.38606
G1 X89.849 Y106.29 E14.40638
G1 X89.253 Y106.814 E14.43324
G1 X88.959 Y107.338 E14.45358
G1 X88.895 Y107.862 E14.47145
G1 X89.186 Y108.386 E14.49174
G1 X89.782 Y108.91 E14.5186
G1 X90.076 Y109.434 E14.53894
G1 X90.14 Y109.958 E14.55681
G1 X89.849 Y110.483 E14.57713
G1 X89.253 Y111.007 E14.60399
G1 X88.959 Y111.531 E14.62433
G1 X88.895 Y112.055 E14.6422
G1 X89.186 Y112.579 E14.66249
G1 X89.782 Y113.103 E14.68935
G1 X89.863 Y113.248 E14.69497
G1 X88.025 Y113.248 E14.75718
G1 X88.043 Y113.103 E14.76213
G1 X87.752 Y112.579 E14.78242
G1 X87.157 Y112.055 E14.80926
G1 X86.863 Y111.531 E14.8296
G1 X86.799 Y111.007 E14.84747
G1 X87.09 Y110.483 E14.86776
G1 X87.685 Y109.958 E14.89462
G1 X87.979 Y109.434 E14.91496
G1 X88.043 Y108.91 E14.93283
G1 X87.752 Y108.386 E14.95312
G1 X87.157 Y107.862 E14.97996
G1 X86.863 Y107.338 E15.0003
G1 X86.799 Y106.814 E15.01817
G1 X87.09 Y106.29 E15.03846
G1 X87.685 Y105.765 E15.06532
G1 X87.979 Y105.241 E15.08566
G1 X88.043 Y104.717 E15.10353
G1 X87.752 Y104.193 E15.12382
G1 X87.157 Y103.669 E15.15066
G1 X86.863 Y103.145 E15.171
G1 X86.799 Y102.621 E15.18887
G1 X87.09 Y102.097 E15.20916
G1 X87.685 Y101.572 E15.23602
G1 X87.979 Y101.048 E15.25636
G1 X88.043 Y100.524 E15.27423
G1 X87.752 Y100 E15.29452
G1 X87.157 Y99.476 E15.32136
G1 X86.863 Y98.952 E15.3417
G1 X86.799 Y98.428 E15.35957
G1 X87.09 Y97.903 E15.37989
G1 X87.685 Y97.379 E15.40673
G1 X87.979 Y96.855 E15.42707
G1 X88.043 Y96.331 E15.44494
G1 X87.752 Y95.807 E15.46523
G1 X87.157 Y95.283 E15.49207
G1 X86.863 Y94.759 E15.51241
G1 X86.799 Y94.235 E15.53028
G1 X87.09 Y93.71 E15.5506
G1 X87.685 Y93.186 E15.57744
G1 X87.979 Y92.662 E15.59778
G1 X88.043 Y92.138 E15.61565
G1 X87.752 Y91.614 E15.63594
G1 X87.157 Y91.09 E15.66278
G1 X86.863 Y90.566 E15.68312
G1 X86.799 Y90.042 E15.70099
G1 X87.09 Y89.517 E15.72131
G1 X87.685 Y88.993 E15.74815
G1 X87.979 Y88.469 E15.76849
G1 X88.043 Y87.945 E15.78636
G1 X87.752 Y87.421 E15.80665
G1 X87.157 Y86.897 E15.83349
G1 X87.075 Y86.752 E15.83913
G1 X84.72 Y86.752 E15.91884
G1 X84.702 Y86.897 E15.92379
G1 X84.993 Y87.421 E15.94408
G1 X85.589 Y87.945 E15.97094
G1 X85.883 Y88.469 E15.99128
G1 X85.947 Y88.993 E16.00915
G1 X85.655 Y89.517 E16.02945
G1 X85.06 Y90.042 E16.05631
G1 X84.766 Y90.566 E16.07665
G1 X84.702 Y91.09 E16.09452
G1 X84.993 Y91.614 E16.11481
G1 X85.589 Y92.138 E16.14167
G1 X85.883 Y92.662 E16.16201
G1 X85.947 Y93.186 E16.17988
G1 X85.655 Y93.71 E16.20018
G1 X85.06 Y94.235 E16.22704
G1 X84.766 Y94.759 E16.24738
G1 X84.702 Y95.283 E16.26525
G1 X84.993 Y95.807 E16.28554
G1 X85.589 Y96.331 E16.3124
G1 X85.883 Y96.855 E16.33274
G1 X85.947 Y97.379 E16.35061
G1 X85.655 Y97.903 E16.37091
G1 X85.06 Y98.428 E16.39777
G1 X84.766 Y98.952 E16.41811
G1 X84.702 Y99.476 E16.43598
G1 X84.993 Y100 E16.45627
G1 X85.589 Y100.524 E16.48313
G1 X85.883 Y101.048 E16.50347
G1 X85.947 Y101.572 E16.52134
G1 X85.655 Y102.097 E16.54167
G1 X85.06 Y102.621 E16.56851
G1 X84.766 Y103.145 E16.58885
G1 X84.702 Y103.669 E16.60672
G1 X84.993 Y104.193 E16.62701
G1 X85.589 Y104.717 E16.65387
G1 X85.883 Y105.241 E16.67421
G1 X85.947 Y105.765 E16.69208
G1 X85.655 Y106.29 E16.71241
G1 X85.06 Y106.814 E16.73925
G1 X84.766 Y107.338 E16.75959
G1 X84.702 Y107.862 E16.77746
G1 X84.993 Y108.386 E16.79775
G1 X85.589 Y108.91 E16.82461
G1 X85.883 Y109.434 E16.84495
G1 X85.947 Y109.958 E16.86282
G1 X85.655 Y110.483 E16.88315
G1 X85.06 Y111.007 E16.90999
G1 X84.766 Y111.531 E16.93033
G1 X84.702 Y112.055 E16.9482
G1 X84.993 Y112.579 E16.96849
G1 X85.589 Y113.103 E16.99535
G1 X85.67 Y113.248 E17.00097
G1 X83.832 Y113.248 E17.06318
G1 X83.85 Y113.103 E17.06813
G1 X83.559 Y112.579 E17.08842
G1 X82.963 Y112.055 E17.11528
G1 X82.67 Y111.531 E17.1356
G1 X82.605 Y111.007 E17.15347
G1 X82.897 Y110.483 E17.17377
G1 X83.492 Y109.958 E17.20063
G1 X83.786 Y109.434 E17.22097
G1 X83.85 Y108.91 E17.23884
G1 X83.559 Y108.386 E17.25913
G1 X82.963 Y107.862 E17.28599
G1 X82.67 Y107.338 E17.30631
G1 X82.605 Y106.814 E17.32418
G1 X82.897 Y106.29 E17.34448
G1 X83.492 Y105.765 E17.37134
G1 X83.786 Y105.241 E17.39168
G1 X83.85 Y104.717 E17.40955
G1 X83.559 Y104.193 E17.42984
G1 X82.963 Y103.669 E17.4567
G1 X82.67 Y103.145 E17.47702
G1 X82.605 Y102.621 E17.49489
G1 X82.897 Y102.097 E17.51519
G1 X83.492 Y101.572 E17.54205
G1 X83.786 Y101.048 E17.56239
G1 X83.85 Y100.524 E17.58026
G1 X83.559 Y100 E17.60055
G1 X82.963 Y99.476 E17.62741
G1 X82.67 Y98.952 E17.64773
G1 X82.605 Y98.428 E17.6656
G1 X82.897 Y97.903 E17.68593
G1 X83.492 Y97.379 E17.71277
G1 X83.786 Y96.855 E17.73311
G1 X83.85 Y96.331 E17.75098
G1 X83.559 Y95.807 E17.77127
G1 X82.963 Y95.283 E17.79813
G1 X82.67 Y94.759 E17.81845
G1 X82.605 Y94.235 E17.83632
G1 X82.897 Y93.71 E17.85665
G1 X83.492 Y93.186 E17.88349
G1 X83.786 Y92.662 E17.90383
G1 X83.85 Y92.138 E17.9217
G1 X83.559 Y91.614 E17.94199
G1 X82.963 Y91.09 E17.96885
G1 X82.67 Y90.566 E17.98917
G1 X82.605 Y90.042 E18.00704
G1 X82.897 Y89.517 E18.02737
G1 X83.492 Y88.993 E18.05421
G1 X83.786 Y88.469 E18.07455
G1 X83.85 Y87.945 E18.09242
G1 X83.559 Y87.421 E18.11271
G1 X82.963 Y86.897 E18.13957
G1 X82.882 Y86.752 E18.14519
G1 X80.527 Y86.752 E18.2249
G1 X80.509 Y86.897 E18.22985
G1 X80.8 Y87.421 E18.25014
G1 X81.396 Y87.945 E18.277
G1 X81.689 Y88.469 E18.29732
G1 X81.754 Y88.993 E18.31519
G1 X81.462 Y89.517 E18.33549
G1 X80.867 Y90.042 E18.36235
G1 X80.573 Y90.566 E18.38269
G1 X80.509 Y91.09 E18.40056
G1 X80.8 Y91.614 E18.42085
G1 X81.396 Y92.138 E18.44771
G1 X81.689 Y92.662 E18.46803
G1 X81.754 Y93.186 E18.4859
G1 X81.462 Y93.71 E18.5062
G1 X80.867 Y94.235 E18.53306
G1 X80.573 Y94.759 E18.5534
G1 X80.509 Y95.283 E18.57127
G1 X80.8 Y95.807 E18.59156
G1 X81.396 Y96.331 E18.61842
G1 X81.689 Y96.855 E18.63874
G1 X81.754 Y97.379 E18.65661
G1 X81.462 Y97.903 E18.67691
G1 X80.867 Y98.428 E18.70377
G1 X80.573 Y98.952 E18.72411
G1 X80.509 Y99.476 E18.74198
G1 X80.8 Y100 E18.76227
G1 X81.396 Y100.524 E18.78913
G1 X81.689 Y101.048 E18.80945
G1 X81.754 Y101.572 E18.82732
G1 X81.462 Y102.097 E18.84765
G1 X80.867 Y102.621 E18.87449
G1 X80.573 Y103.145 E18.89483
G1 X80.509 Y103.669 E18.9127
G1 X80.8 Y104.193 E18.93299
G1 X81.396 Y104.717 E18.95985
G1 X81.689 Y105.241 E18.98017
G1 X81.754 Y105.765 E18.99804
G1 X81.462 Y106.29 E19.01837
G1 X80.867 Y106.814 E19.04521
G1 X80.573 Y107.338 E19.06555
G1 X80.509 Y107.862 E19.08342
G1 X80.8 Y108.386 E19.10371
G1 X81.396 Y108.91 E19.13057
G1 X81.689 Y109.434 E19.15089
G1 X81.754 Y109.958 E19.16876
G1 X81.462 Y110.483 E19.18909
G1 X80.867 Y111.007 E19.21593
G1 X80.573 Y111.531 E19.23627
G1 X80.509 Y112.055 E19.25414
G1 X80.8 Y112.579 E19.27443
G1 X81.396 Y113.103 E19.30129
G1 X81.477 Y113.248 E19.30691
G1 X83.629 Y113.248 E19.37975
;LAYER_CHANGE
;Z:2
;HEIGHT:0.2
G1 E17.37975 F2400
G92 E0
G1 Z2 F7200
G1 X116.842 Y97.582
G1 E2 F2400
;TYPE:Perimeter
;WIDTH:0.449999
G1 F1200
G1 X117.205 Y97.727 E2.01323
G1 X117.719 Y98.047 E2.03372
G1 X118.185 Y98.466 E2.05493
G1 X118.731 Y99.223 E2.08652
G1 X118.997 Y99.81 E2.10833
G1 X119.165 Y100.565 E2.13451
G1 X119.17 Y101.392 E2.1625
G1 X119.122 Y101.707 E2.17329
G1 X118.991 Y102.199 E2.19052
G1 X118.751 Y102.754 E2.21099
G1 X118.312 Y103.391 E2.23718
G1 X117.885 Y103.82 E2.25767
G1 X117.243 Y104.253 E2.28388
G1 X116.476 Y104.559 E2.31183
G1 X115.882 Y104.674 E2.33231
G1 X115.108 Y104.67 E2.35851
G1 X114.793 Y104.622 E2.3693
G1 X114.301 Y104.491 E2.38653
G1 X113.746 Y104.251 E2.407
G1 X113.281 Y103.953 E2.42569
G1 X112.815 Y103.534 E2.4469
G1 X112.615 Y103.295 E2.45745
G1 X112.268 Y102.777 E2.47855
G1 X112.119 Y102.486 E2.48962
G1 X111.94 Y101.991 E2.50744
G1 X111.833 Y101.423 E2.527
G1 X111.81 Y100.831 E2.54705
G1 X111.843 Y100.527 E2.5574
G1 X111.976 Y99.918 E2.5785
G1 X112.24 Y99.266 E2.60231
G1 X112.547 Y98.781 E2.62174
G1 X112.966 Y98.315 E2.64295
G1 X113.598 Y97.852 E2.66947
G1 X114.043 Y97.609 E2.68663
G1 X114.524 Y97.441 E2.70388
G1 X115.193 Y97.321 E2.72689
G1 X115.872 Y97.329 E2.74987
G1 X116.486 Y97.44 E2.77099
G1 X116.786 Y97.56 E2.78193
G1 X116.694 Y97.958 F7200
G1 F1200
G1 X117.043 Y98.1 E2.79468
G1 X117.489 Y98.383 E2.81256
G1 X117.904 Y98.76 E2.83154
G1 X118.393 Y99.449 E2.86014
G1 X118.618 Y99.958 E2.87898
G1 X118.765 Y100.641 E2.90263
G1 X118.763 Y101.377 E2.92754
G1 X118.598 Y102.093 E2.95241
G1 X118.384 Y102.577 E2.97032
G1 X117.984 Y103.149 E2.99395
G1 X117.608 Y103.522 E3.01188
G1 X117.027 Y103.908 E3.03549
G1 X116.342 Y104.175 E3.06038
G1 X115.821 Y104.272 E3.07832
G1 X115.123 Y104.263 E3.10195
G1 X114.407 Y104.098 E3.12682
G1 X113.923 Y103.884 E3.14473
G1 X113.381 Y103.512 E3.16698
G1 X113.096 Y103.24 E3.18032
G1 X112.607 Y102.551 E3.20892
G1 X112.362 Y101.975 E3.23011
G1 X112.233 Y101.35 E3.25171
G1 X112.217 Y100.831 E3.26929
G1 X112.373 Y100.004 E3.29778
G1 X112.609 Y99.437 E3.31857
G1 X112.883 Y99.011 E3.33571
G1 X113.26 Y98.596 E3.35469
G1 X113.824 Y98.191 E3.37819
G1 X114.178 Y97.993 E3.39192
G1 X114.658 Y97.825 E3.40913
G1 X115.248 Y97.724 E3.42939
G1 X115.853 Y97.736 E3.44987
G1 X116.396 Y97.837 E3.46857
G1 X116.638 Y97.936 E3.47742
G1 X116.548 Y98.33 F7200
G1 F1200
G1 X116.88 Y98.473 E3.48966
G1 X117.338 Y98.783 E3.50838
G1 X117.708 Y99.157 E3.52619
G1 X118.054 Y99.675 E3.54728
G1 X118.27 Y100.217 E3.56703
G1 X118.365 Y100.717 E3.58426
G1 X118.356 Y101.361 E3.60606
G1 X118.204 Y101.988 E3.6279
G1 X117.959 Y102.498 E3.64705
G1 X117.656 Y102.908 E3.66431
G1 X117.241 Y103.293 E3.68347
G1 X116.81 Y103.564 E3.7007
G1 X116.207 Y103.791 E3.72251
G1 X115.665 Y103.876 E3.74108
G1 X115.139 Y103.856 E3.7589
G1 X114.512 Y103.704 E3.78074
G1 X114.02 Y103.472 E3.79915
G1 X113.662 Y103.217 E3.81403
G1 X113.378 Y102.945 E3.82734
G1 X112.946 Y102.324 E3.85295
G1 X112.744 Y101.832 E3.87095
G1 X112.634 Y101.278 E3.89007
G1 X112.628 Y100.766 E3.9074
G1 X112.771 Y100.091 E3.93076
G1 X112.979 Y99.608 E3.94856
G1 X113.267 Y99.179 E3.96605
G1 X113.642 Y98.802 E3.98405
G1 X114.175 Y98.446 E4.00575
G1 X114.793 Y98.209 E4.02815
G1 X115.302 Y98.128 E4.0456
G1 X115.835 Y98.142 E4.06365
G1 X116.362 Y98.25 E4.08186
G1 X116.493 Y98.306 E4.08668
G1 X116.4 Y98.708 F7200
;TYPE:External perimeter
G1 F1200
G1 X116.717 Y98.846 E4.09838
G1 X117.057 Y99.077 E4.11229
G1 X117.37 Y99.383 E4.12711
G1 X117.716 Y99.901 E4.1482
G1 X117.871 Y100.292 E4.16244
G1 X117.965 Y100.792 E4.17966
G1 X117.949 Y101.346 E4.19842
G1 X117.811 Y101.883 E4.21719
G1 X117.631 Y102.256 E4.23121
G1 X117.329 Y102.666 E4.24845
G1 X117.025 Y102.948 E4.26249
G1 X116.594 Y103.219 E4.27972
G1 X116.073 Y103.407 E4.29847
G1 X115.662 Y103.469 E4.31254
G1 X115.154 Y103.449 E4.32975
G1 X114.617 Y103.311 E4.34852
G1 X114.25 Y103.135 E4.3623
G1 X113.943 Y102.923 E4.37493
G1 X113.659 Y102.651 E4.38824
G1 X113.284 Y102.098 E4.41086
G1 X113.115 Y101.654 E4.42694
G1 X113.031 Y101.17 E4.44357
G1 X113.036 Y100.787 E4.45654
G1 X113.169 Y100.178 E4.47764
G1 X113.365 Y99.75 E4.49357
G1 X113.673 Y99.343 E4.51085
G1 X113.883 Y99.13 E4.52097
G1 X114.401 Y98.784 E4.54206
G1 X114.927 Y98.593 E4.561
G1 X115.394 Y98.529 E4.57696
G1 X115.884 Y98.556 E4.59357
G1 X116.251 Y98.643 E4.60634
G1 X116.345 Y98.684 E4.60981
G1 X116.708 Y98.852 F7200
G1 E2.60981 F2400
G92 E0
G1 X112.72 Y88.365 F7200
G1 E2 F2400
;TYPE:Perimeter
G1 F1200
G1 X112.771 Y88.091 E2.00943
G1 X112.979 Y87.608 E2.02723
G1 X113.344 Y87.092 E2.04862
G1 X113.822 Y86.66 E2.07043
G1 X114.291 Y86.385 E2.08883
;WIDTH:0.498336
G1 X114.504 Y86.283 E2.09777
;WIDTH:0.546673
G1 X114.717 Y86.18 E2.10768
G1 X115.275 Y86.108 E2.13125
;WIDTH:0.502465
G1 X115.868 Y86.118 E2.15391
G1 X116.178 Y86.207 E2.16623
;WIDTH:0.476232
G1 X116.488 Y86.296 E2.17785
;WIDTH:0.449999
G1 X117.065 Y86.583 E2.19966
G1 X117.499 Y86.927 E2.21841
G1 X117.828 Y87.307 E2.23542
G1 X118.094 Y87.743 E2.25271
G1 X118.27 Y88.216 E2.26979
G1 X118.365 Y88.717 E2.28705
G1 X118.369 Y89.261 E2.30546
G1 X118.291 Y89.707 E2.32079
G1 X118.123 Y90.187 E2.338
G1 X117.793 Y90.741 E2.35983
G1 X117.348 Y91.208 E2.38166
G1 X116.81 Y91.564 E2.4035
G1 X116.305 Y91.766 E2.42191
G1 X115.862 Y91.856 E2.43721
G1 X115.354 Y91.875 E2.45442
G1 X114.717 Y91.771 E2.47627
G1 X114.235 Y91.586 E2.49375
G1 X113.73 Y91.252 E2.51424
G1 X113.408 Y90.97 E2.52873
G1 X113.172 Y90.693 E2.54105
G1 X112.899 Y90.242 E2.55889
G1 X112.696 Y89.646 E2.5802
G1 X112.626 Y88.87 E2.60657
G1 X112.709 Y88.424 E2.62193
G1 X113.112 Y88.455 F7200
;TYPE:External perimeter
G1 F1200
G1 X113.169 Y88.178 E2.6315
G1 X113.369 Y87.743 E2.64771
G1 X113.671 Y87.334 E2.66492
G1 X114.088 Y86.969 E2.68368
G1 X114.44 Y86.764 E2.69747
G1 X114.795 Y86.629 E2.71033
G1 X115.349 Y86.532 E2.72937
G1 X115.891 Y86.557 E2.74774
G1 X116.383 Y86.689 E2.76498
G1 X116.875 Y86.943 E2.78372
G1 X117.196 Y87.199 E2.79762
G1 X117.481 Y87.52 E2.81215
G1 X117.736 Y87.94 E2.82878
G1 X117.87 Y88.292 E2.84153
G1 X117.965 Y88.792 E2.85876
G1 X117.966 Y89.2 E2.87257
G1 X117.907 Y89.572 E2.88532
G1 X117.739 Y90.052 E2.90253
G1 X117.448 Y90.525 E2.92133
G1 X117.06 Y90.92 E2.94007
G1 X116.594 Y91.219 E2.95881
G1 X116.214 Y91.369 E2.97264
G1 X115.847 Y91.449 E2.98535
G1 X115.338 Y91.469 E3.00259
G1 X114.793 Y91.371 E3.02133
G1 X114.35 Y91.188 E3.03755
G1 X113.839 Y90.832 E3.05863
G1 X113.519 Y90.48 E3.07473
G1 X113.26 Y90.05 E3.09172
G1 X113.082 Y89.517 E3.11074
G1 X113.032 Y88.844 E3.13358
G1 X113.1 Y88.514 E3.14498
G1 X113.203 Y88.127 F7200
G1 E1.14498 F2400
G92 E0
G1 X120.054 Y113.554 F7200
G1 E2 F2400
;TYPE:Perimeter
G1 F2700
G1 X79.946 Y113.554 E3.35761
G1 X79.946 Y86.446 E4.27518
G1 X112.839 Y86.446 E5.38857
G1 X112.689 Y86.609 E5.39607
G1 X112.24 Y87.266 E5.42301
G1 X111.976 Y87.918 E5.44682
G1 X111.843 Y88.527 E5.46792
G1 X111.813 Y88.923 E5.48136
G1 X111.854 Y89.545 E5.50246
G1 X111.924 Y89.904 E5.51484
G1 X112.102 Y90.437 E5.53386
G1 X112.241 Y90.733 E5.54493
G1 X112.52 Y91.184 E5.56288
G1 X112.896 Y91.618 E5.58232
G1 X113.264 Y91.92 E5.59843
G1 X113.926 Y92.34 E5.62497
G1 X114.566 Y92.571 E5.648
G1 X115.066 Y92.665 E5.66522
G1 X115.47 Y92.686 E5.67891
G1 X116.156 Y92.635 E5.70219
G1 X116.69 Y92.497 E5.72086
G1 X117.244 Y92.253 E5.74135
G1 X117.924 Y91.783 E5.76933
G1 X118.482 Y91.174 E5.79729
G1 X118.892 Y90.456 E5.82528
G1 X119.123 Y89.717 E5.85149
G1 X119.19 Y89.17 E5.87014
G1 X119.165 Y88.565 E5.89064
G1 X119.07 Y88.065 E5.90787
G1 X118.824 Y87.383 E5.93241
G1 X118.521 Y86.88 E5.95229
G1 X118.162 Y86.446 E5.97135
G1 X120.054 Y86.446 E6.03539
G1 X120.054 Y113.494 E6.95093
G1 X120.461 Y113.961 F7200
G1 F2700
G1 X79.539 Y113.961 E8.33609
G1 X79.539 Y86.039 E9.28122
G1 X114.074 Y86.039 E10.45019
G1 X113.557 Y86.352 E10.47065
G1 X113.016 Y86.851 E10.49556
G1 X112.609 Y87.437 E10.51971
G1 X112.373 Y88.004 E10.5405
G1 X112.24 Y88.614 E10.56163
G1 X112.219 Y88.897 E10.57124
G1 X112.26 Y89.519 E10.59234
G1 X112.31 Y89.775 E10.60117
G1 X112.587 Y90.52 E10.62807
G1 X112.855 Y90.952 E10.64528
G1 X113.198 Y91.346 E10.66296
G1 X113.497 Y91.586 E10.67594
G1 X113.912 Y91.874 E10.69304
G1 X114.445 Y92.112 E10.7128
G1 X115.004 Y92.239 E10.7322
G1 X115.455 Y92.279 E10.74753
G1 X115.977 Y92.254 E10.76522
G1 X116.541 Y92.118 E10.78486
G1 X117.027 Y91.908 E10.80278
G1 X117.636 Y91.496 E10.82767
G1 X118.138 Y90.958 E10.85258
G1 X118.507 Y90.321 E10.8775
G1 X118.717 Y89.681 E10.9003
G1 X118.783 Y89.17 E10.91774
G1 X118.765 Y88.641 E10.93566
G1 X118.67 Y88.141 E10.95289
G1 X118.459 Y87.563 E10.97372
G1 X118.174 Y87.093 E10.99233
G1 X117.802 Y86.654 E11.01181
G1 X117.414 Y86.328 E11.02896
G1 X116.906 Y86.039 E11.04874
G1 X120.461 Y86.039 E11.16907
G1 X120.461 Y113.901 E12.11216
G1 X120.868 Y114.368 F7200
G1 F2700
G1 X79.132 Y114.368 E13.52487
G1 X79.132 Y85.632 E14.49755
G1 X114.149 Y85.632 E15.68283
;WIDTH:0.498336
G1 X114.411 Y85.656 E15.69279
;WIDTH:0.546673
G1 X114.673 Y85.68 E15.70381
G1 X115.049 Y85.667 E15.71957
;WIDTH:0.519314
G1 X115.424 Y85.653 E15.73443
;WIDTH:0.517023
G1 X116.066 Y85.666 E15.75974
G1 X116.321 Y85.649 E15.76981
;WIDTH:0.483511
G1 X116.575 Y85.632 E15.77914
;WIDTH:0.449999
G1 X120.868 Y85.632 E15.92445
G1 X120.868 Y114.308 E16.8951
G1 X121.275 Y114.775 F7200
;TYPE:External perimeter
G1 F1800
G1 X78.725 Y114.775 E18.33536
G1 X78.725 Y85.225 E19.33559
G1 X121.275 Y85.225 E20.77585
G1 X121.275 Y114.715 E21.77405
G1 X120.879 Y114.774 F7200
G1 E19.77405 F2400
G92 E0
G1 X115.284 Y113.248 F7200
G1 E2 F2400
;TYPE:Internal infill
;WIDTH:0.45
G1 F3300
G1 X117.258 Y113.248 E2.06682
G1 X117.242 Y113.103 E2.07176
G1 X116.414 Y112.055 E2.11697
G1 X116.245 Y111.531 E2.13561
G1 X116.302 Y111.007 E2.15345
G1 X117.13 Y109.958 E2.19869
G1 X117.3 Y109.434 E2.21734
G1 X117.242 Y108.91 E2.23519
G1 X116.414 Y107.862 E2.2804
G1 X116.245 Y107.338 E2.29904
G1 X116.302 Y106.814 E2.31688
G1 X117.13 Y105.765 E2.36212
G1 X117.3 Y105.241 E2.38077
G1 X117.242 Y104.717 E2.39862
G1 X117.175 Y104.623 E2.40253
G1 X117.841 Y104.238 E2.42857
G1 X118.431 Y103.714 E2.45528
G1 X119.227 Y104.717 E2.49862
G1 X119.396 Y105.241 E2.51726
G1 X119.339 Y105.765 E2.5351
G1 X118.511 Y106.814 E2.58034
G1 X118.341 Y107.338 E2.59899
G1 X118.399 Y107.862 E2.61684
G1 X119.227 Y108.91 E2.66205
G1 X119.396 Y109.434 E2.68069
G1 X119.339 Y109.958 E2.69853
G1 X118.511 Y111.007 E2.74377
G1 X118.341 Y111.531 E2.76242
G1 X118.399 Y112.055 E2.78027
G1 X119.227 Y113.103 E2.82548
G1 X119.274 Y113.248 E2.83064
G1 X119.748 Y113.248 E2.84668
G1 X119.748 Y86.752 E3.74354
G1 X118.786 Y86.752 E3.7761
G1 X119.097 Y87.246 E3.79586
G1 X119.283 Y87.702 E3.81253
G1 X119.495 Y88.827 E3.85128
G1 X119.477 Y89.422 E3.87143
G1 X119.349 Y90.072 E3.89385
G1 X119.015 Y90.901 E3.9241
G1 X118.653 Y91.448 E3.9463
G1 X119.227 Y92.138 E3.97668
G1 X119.396 Y92.662 E3.99532
G1 X119.339 Y93.186 E4.01316
G1 X118.511 Y94.235 E4.0584
G1 X118.341 Y94.759 E4.07705
G1 X118.399 Y95.283 E4.0949
G1 X119.227 Y96.331 E4.14011
G1 X119.396 Y96.855 E4.15875
G1 X119.339 Y97.379 E4.17659
G1 X118.531 Y98.405 E4.2208
G1 X118.107 Y97.969 E4.24139
G1 X117.608 Y97.602 E4.26236
G1 X117.135 Y97.365 E4.28027
G1 X117.3 Y96.855 E4.29841
G1 X117.242 Y96.331 E4.31626
G1 X116.414 Y95.283 E4.36147
G1 X116.245 Y94.759 E4.38011
G1 X116.302 Y94.235 E4.39795
G1 X117.13 Y93.186 E4.44319
G1 X117.29 Y92.571 E4.4647
G1 X116.714 Y92.813 E4.48585
G1 X116.221 Y92.933 E4.50302
G1 X115.169 Y92.978 E4.53866
G1 X115.146 Y93.186 E4.54574
G1 X114.318 Y94.235 E4.59098
G1 X114.148 Y94.759 E4.60963
G1 X114.206 Y95.283 E4.62748
G1 X115.034 Y96.331 E4.67269
G1 X115.203 Y96.855 E4.69133
G1 X115.185 Y97.018 E4.69688
G1 X114.511 Y97.124 E4.71997
G1 X113.939 Y97.322 E4.74046
G1 X113.684 Y97.435 E4.7499
G1 X112.96 Y97.927 E4.77953
G1 E2.77953 F2400
G92 E0
G1 X113.053 Y104.16 F7200
G1 E2 F2400
G1 F3300
G1 X113.924 Y104.675 E2.03425
G1 X114.903 Y104.957 E2.06874
G1 X115.115 Y104.968 E2.07593
G1 X115.203 Y105.241 E2.08564
G1 X115.146 Y105.765 E2.10348
G1 X114.318 Y106.814 E2.14872
G1 X114.148 Y107.338 E2.16737
G1 X114.206 Y107.862 E2.18522
G1 X115.034 Y108.91 E2.23043
G1 X115.203 Y109.434 E2.24907
G1 X115.146 Y109.958 E2.26691
G1 X114.318 Y111.007 E2.31215
G1 X114.148 Y111.531 E2.3308
G1 X114.206 Y112.055 E2.34865
G1 X115.034 Y113.103 E2.39386
G1 X115.081 Y113.248 E2.39902
G1 X113.065 Y113.248 E2.46726
G1 X113.049 Y113.103 E2.4722
G1 X112.221 Y112.055 E2.51741
G1 X112.052 Y111.531 E2.53605
G1 X112.109 Y111.007 E2.55389
G1 X112.937 Y109.958 E2.59913
G1 X113.107 Y109.434 E2.61778
G1 X113.049 Y108.91 E2.63563
G1 X112.221 Y107.862 E2.68084
G1 X112.052 Y107.338 E2.69948
G1 X112.109 Y106.814 E2.71732
G1 X112.937 Y105.765 E2.76256
G1 X113.107 Y105.241 E2.78121
G1 X113.049 Y104.717 E2.79906
G1 X112.221 Y103.669 E2.84427
G1 X112.052 Y103.145 E2.86291
G1 X112.065 Y103.02 E2.86716
G1 X111.882 Y102.71 E2.87935
G1 X111.645 Y102.071 E2.90242
G1 X111.507 Y101.27 E2.92993
G1 X111.514 Y100.647 E2.95102
G1 X111.706 Y99.737 E2.9825
G1 X112.057 Y98.969 E3.01108
G1 X112.109 Y98.428 E3.02948
G1 X112.937 Y97.379 E3.07472
G1 X113.107 Y96.855 E3.09337
G1 X113.049 Y96.331 E3.11122
G1 X112.221 Y95.283 E3.15643
G1 X112.052 Y94.759 E3.17507
G1 X112.109 Y94.235 E3.19291
G1 X112.937 Y93.186 E3.23815
G1 X113.107 Y92.662 E3.2568
G1 X113.05 Y92.143 E3.27447
G1 X112.672 Y91.826 E3.29117
G1 X112.27 Y91.359 E3.31203
G1 X111.882 Y90.711 E3.3376
G1 X111.58 Y89.803 E3.36999
G1 X111.508 Y88.937 E3.3994
G1 X111.543 Y88.469 E3.41529
G1 X111.795 Y87.499 E3.44921
G1 X112.204 Y86.752 E3.47804
G1 X109.997 Y86.752 E3.55274
G1 X110.013 Y86.897 E3.55768
G1 X110.841 Y87.945 E3.60289
G1 X111.01 Y88.469 E3.62153
G1 X110.953 Y88.993 E3.63937
G1 X110.125 Y90.042 E3.68461
G1 X109.955 Y90.566 E3.70326
G1 X110.013 Y91.09 E3.72111
G1 X110.841 Y92.138 E3.76632
G1 X111.01 Y92.662 E3.78496
G1 X110.953 Y93.186 E3.8028
G1 X110.125 Y94.235 E3.84804
G1 X109.955 Y94.759 E3.86669
G1 X110.013 Y95.283 E3.88454
G1 X110.841 Y96.331 E3.92975
G1 X111.01 Y96.855 E3.94839
G1 X110.953 Y97.379 E3.96623
G1 X110.125 Y98.428 E4.01147
G1 X109.955 Y98.952 E4.03012
G1 X110.013 Y99.476 E4.04797
G1 X110.841 Y100.524 E4.09318
G1 X111.01 Y101.048 E4.11182
G1 X110.953 Y101.572 E4.12966
G1 X110.125 Y102.621 E4.1749
G1 X109.955 Y103.145 E4.19355
G1 X110.013 Y103.669 E4.2114
G1 X110.841 Y104.717 E4.25661
G1 X111.01 Y105.241 E4.27525
G1 X110.953 Y105.765 E4.29309
G1 X110.125 Y106.814 E4.33833
G1 X109.955 Y107.338 E4.35698
G1 X110.013 Y107.862 E4.37483
G1 X110.841 Y108.91 E4.42004
G1 X111.01 Y109.434 E4.43868
G1 X110.953 Y109.958 E4.45652
G1 X110.125 Y111.007 E4.50176
G1 X109.955 Y111.531 E4.52041
G1 X110.013 Y112.055 E4.53826
G1 X110.841 Y113.103 E4.58347
G1 X110.888 Y113.248 E4.58863
G1 X108.872 Y113.248 E4.65687
G1 X108.856 Y113.103 E4.66181
G1 X108.028 Y112.055 E4.70702
G1 X107.858 Y111.531 E4.72567
G1 X107.916 Y111.007 E4.74352
G1 X108.744 Y109.958 E4.78876
G1 X108.914 Y109.434 E4.80741
G1 X108.856 Y108.91 E4.82526
G1 X108.028 Y107.862 E4.87047
G1 X107.858 Y107.338 E4.88912
G1 X107.916 Y106.814 E4.90697
G1 X108.744 Y105.765 E4.95221
G1 X108.914 Y105.241 E4.97086
G1 X108.856 Y104.717 E4.98871
G1 X108.028 Y103.669 E5.03392
G1 X107.858 Y103.145 E5.05257
G1 X107.916 Y102.621 E5.07042
G1 X108.744 Y101.572 E5.11566
G1 X108.914 Y101.048 E5.13431
G1 X108.856 Y100.524 E5.15216
G1 X108.028 Y99.476 E5.19737
G1 X107.858 Y98.952 E5.21602
G1 X107.916 Y98.428 E5.23387
G1 X108.744 Y97.379 E5.27911
G1 X108.914 Y96.855 E5.29776
G1 X108.856 Y96.331 E5.31561
G1 X108.028 Y95.283 E5.36082
G1 X107.858 Y94.759 E5.37947
G1 X107.916 Y94.235 E5.39732
G1 X108.744 Y93.186 E5.44256
G1 X108.914 Y92.662 E5.46121
G1 X108.856 Y92.138 E5.47906
G1 X108.028 Y91.09 E5.52427
G1 X107.858 Y90.566 E5.54292
G1 X107.916 Y90.042 E5.56077
G1 X108.744 Y88.993 E5.60601
G1 X108.914 Y88.469 E5.62466
G1 X108.856 Y87.945 E5.64251
G1 X108.028 Y86.897 E5.68772
G1 X107.981 Y86.752 E5.69288
G1 X105.804 Y86.752 E5.76657
G1 X105.82 Y86.897 E5.77151
G1 X106.648 Y87.945 E5.81672
G1 X106.817 Y88.469 E5.83536
G1 X106.76 Y88.993 E5.8532
G1 X105.932 Y90.042 E5.89844
G1 X105.762 Y90.566 E5.91709
G1 X105.82 Y91.09 E5.93494
G1 X106.648 Y92.138 E5.98015
G1 X106.817 Y92.662 E5.99879
G1 X106.76 Y93.186 E6.01663
G1 X105.932 Y94.235 E6.06187
G1 X105.762 Y94.759 E6.08052
G1 X105.82 Y95.283 E6.09837
G1 X106.648 Y96.331 E6.14358
G1 X106.817 Y96.855 E6.16222
G1 X106.76 Y97.379 E6.18006
G1 X105.932 Y98.428 E6.2253
G1 X105.762 Y98.952 E6.24395
G1 X105.82 Y99.476 E6.2618
G1 X106.648 Y100.524 E6.30701
G1 X106.817 Y101.048 E6.32565
G1 X106.76 Y101.572 E6.34349
G1 X105.932 Y102.621 E6.38873
G1 X105.762 Y103.145 E6.40738
G1 X105.82 Y103.669 E6.42523
G1 X106.648 Y104.717 E6.47044
G1 X106.817 Y105.241 E6.48908
G1 X106.76 Y105.765 E6.50692
G1 X105.932 Y106.814 E6.55216
G1 X105.762 Y107.338 E6.57081
G1 X105.82 Y107.862 E6.58866
G1 X106.648 Y108.91 E6.63387
G1 X106.817 Y109.434 E6.65251
G1 X106.76 Y109.958 E6.67035
G1 X105.932 Y111.007 E6.71559
G1 X105.762 Y111.531 E6.73424
G1 X105.82 Y112.055 E6.75209
G1 X106.648 Y113.103 E6.7973
G1 X106.695 Y113.248 E6.80246
G1 X104.679 Y113.248 E6.8707
G1 X104.663 Y113.103 E6.87564
G1 X103.835 Y112.055 E6.92085
G1 X103.665 Y111.531 E6.9395
G1 X103.723 Y111.007 E6.95735
G1 X104.551 Y109.958 E7.00259
G1 X104.721 Y109.434 E7.02124
G1 X104.663 Y108.91 E7.03909
G1 X103.835 Y107.862 E7.0843
G1 X103.665 Y107.338 E7.10295
G1 X103.723 Y106.814 E7.1208
G1 X104.551 Y105.765 E7.16604
G1 X104.721 Y105.241 E7.18469
G1 X104.663 Y104.717 E7.20254
G1 X103.835 Y103.669 E7.24775
G1 X103.665 Y103.145 E7.2664
G1 X103.723 Y102.621 E7.28425
G1 X104.551 Y101.572 E7.32949
G1 X104.721 Y101.048 E7.34814
G1 X104.663 Y100.524 E7.36599
G1 X103.835 Y99.476 E7.4112
G1 X103.665 Y98.952 E7.42985
G1 X103.723 Y98.428 E7.4477
G1 X104.551 Y97.379 E7.49294
G1 X104.721 Y96.855 E7.51159
G1 X104.663 Y96.331 E7.52944
G1 X103.835 Y95.283 E7.57465
G1 X103.665 Y94.759 E7.5933
G1 X103.723 Y94.235 E7.61115
G1 X104.551 Y93.186 E7.65639
G1 X104.721 Y92.662 E7.67504
G1 X104.663 Y92.138 E7.69289
G1 X103.835 Y91.09 E7.7381
G1 X103.665 Y90.566 E7.75675
G1 X103.723 Y90.042 E7.7746
G1 X104.551 Y88.993 E7.81984
G1 X104.721 Y88.469 E7.83849
G1 X104.663 Y87.945 E7.85634
G1 X103.835 Y86.897 E7.90155
G1 X103.788 Y86.752 E7.90671
G1 X101.611 Y86.752 E7.9804
G1 X101.627 Y86.897 E7.98534
G1 X102.455 Y87.945 E8.03055
G1 X102.624 Y88.469 E8.04919
G1 X102.567 Y88.993 E8.06703
G1 X101.738 Y90.042 E8.11229
G1 X101.569 Y90.566 E8.13093
G1 X101.627 Y91.09 E8.14878
G1 X102.455 Y92.138 E8.19399
G1 X102.624 Y92.662 E8.21263
G1 X102.567 Y93.186 E8.23047
G1 X101.738 Y94.235 E8.27573
G1 X101.569 Y94.759 E8.29437
G1 X101.627 Y95.283 E8.31222
G1 X102.455 Y96.331 E8.35743
G1 X102.624 Y96.855 E8.37607
G1 X102.567 Y97.379 E8.39391
G1 X101.738 Y98.428 E8.43917
G1 X101.569 Y98.952 E8.45781
G1 X101.627 Y99.476 E8.47566
G1 X102.455 Y100.524 E8.52087
G1 X102.624 Y101.048 E8.53951
G1 X102.567 Y101.572 E8.55735
G1 X101.738 Y102.621 E8.60261
G1 X101.569 Y103.145 E8.62125
G1 X101.627 Y103.669 E8.6391
G1 X102.455 Y104.717 E8.68431
G1 X102.624 Y105.241 E8.70295
G1 X102.567 Y105.765 E8.72079
G1 X101.738 Y106.814 E8.76605
G1 X101.569 Y107.338 E8.78469
G1 X101.627 Y107.862 E8.80254
G1 X102.455 Y108.91 E8.84775
G1 X102.624 Y109.434 E8.86639
G1 X102.567 Y109.958 E8.88423
G1 X101.738 Y111.007 E8.92949
G1 X101.569 Y111.531 E8.94813
G1 X101.627 Y112.055 E8.96598
G1 X102.455 Y113.103 E9.01119
G1 X102.502 Y113.248 E9.01635
G1 X100.486 Y113.248 E9.08459
G1 X100.47 Y113.103 E9.08953
G1 X99.642 Y112.055 E9.13474
G1 X99.472 Y111.531 E9.15339
G1 X99.53 Y111.007 E9.17124
G1 X100.358 Y109.958 E9.21648
G1 X100.528 Y109.434 E9.23513
G1 X100.47 Y108.91 E9.25298
G1 X99.642 Y107.862 E9.29819
G1 X99.472 Y107.338 E9.31684
G1 X99.53 Y106.814 E9.33469
G1 X100.358 Y105.765 E9.37993
G1 X100.528 Y105.241 E9.39858
G1 X100.47 Y104.717 E9.41643
G1 X99.642 Y103.669 E9.46164
G1 X99.472 Y103.145 E9.48029
G1 X99.53 Y102.621 E9.49814
G1 X100.358 Y101.572 E9.54338
G1 X100.528 Y101.048 E9.56203
G1 X100.47 Y100.524 E9.57988
G1 X99.642 Y99.476 E9.62509
G1 X99.472 Y98.952 E9.64374
G1 X99.53 Y98.428 E9.66159
G1 X100.358 Y97.379 E9.70683
G1 X100.528 Y96.855 E9.72548
G1 X100.47 Y96.331 E9.74333
G1 X99.642 Y95.283 E9.78854
G1 X99.472 Y94.759 E9.80719
G1 X99.53 Y94.235 E9.82504
G1 X100.358 Y93.186 E9.87028
G1 X100.528 Y92.662 E9.88893
G1 X100.47 Y92.138 E9.90678
G1 X99.642 Y91.09 E9.95199
G1 X99.472 Y90.566 E9.97064
G1 X99.53 Y90.042 E9.98849
G1 X100.358 Y88.993 E10.03373
G1 X100.528 Y88.469 E10.05238
G1 X100.47 Y87.945 E10.07023
G1 X99.642 Y86.897 E10.11544
G1 X99.595 Y86.752 E10.1206
G1 X97.418 Y86.752 E10.19429
G1 X97.433 Y86.897 E10.19922
G1 X98.262 Y87.945 E10.24445
G1 X98.431 Y88.469 E10.26309
G1 X98.374 Y88.993 E10.28093
G1 X97.545 Y90.042 E10.32619
G1 X97.376 Y90.566 E10.34483
G1 X97.433 Y91.09 E10.36267
G1 X98.262 Y92.138 E10.4079
G1 X98.431 Y92.662 E10.42654
G1 X98.374 Y93.186 E10.44438
G1 X97.545 Y94.235 E10.48964
G1 X97.376 Y94.759 E10.50828
G1 X97.433 Y95.283 E10.52612
G1 X98.262 Y96.331 E10.57135
G1 X98.431 Y96.855 E10.58999
G1 X98.374 Y97.379 E10.60783
G1 X97.545 Y98.428 E10.65309
G1 X97.376 Y98.952 E10.67173
G1 X97.433 Y99.476 E10.68957
G1 X98.262 Y100.524 E10.7348
G1 X98.431 Y101.048 E10.75344
G1 X98.374 Y101.572 E10.77128
G1 X97.545 Y102.621 E10.81654
G1 X97.376 Y103.145 E10.83518
G1 X97.433 Y103.669 E10.85302
G1 X98.262 Y104.717 E10.89825
G1 X98.431 Y105.241 E10.91689
G1 X98.374 Y105.765 E10.93473
G1 X97.545 Y106.814 E10.97999
G1 X97.376 Y107.338 E10.99863
G1 X97.433 Y107.862 E11.01647
G1 X98.262 Y108.91 E11.0617
G1 X98.431 Y109.434 E11.08034
G1 X98.374 Y109.958 E11.09818
G1 X97.545 Y111.007 E11.14344
G1 X97.376 Y111.531 E11.16208
G1 X97.433 Y112.055 E11.17992
G1 X98.262 Y113.103 E11.22515
G1 X98.309 Y113.248 E11.23031
G1 X96.293 Y113.248 E11.29855
G1 X96.277 Y113.103 E11.30349
G1 X95.449 Y112.055 E11.3487
G1 X95.279 Y111.531 E11.36735
G1 X95.337 Y111.007 E11.3852
G1 X96.165 Y109.958 E11.43044
G1 X96.335 Y109.434 E11.44909
G1 X96.277 Y108.91 E11.46694
G1 X95.449 Y107.862 E11.51215
G1 X95.279 Y107.338 E11.5308
G1 X95.337 Y106.814 E11.54865
G1 X96.165 Y105.765 E11.59389
G1 X96.335 Y105.241 E11.61254
G1 X96.277 Y104.717 E11.63039
G1 X95.449 Y103.669 E11.6756
G1 X95.279 Y103.145 E11.69425
G1 X95.337 Y102.621 E11.7121
G1 X96.165 Y101.572 E11.75734
G1 X96.335 Y101.048 E11.77599
G1 X96.277 Y100.524 E11.79384
G1 X95.449 Y99.476 E11.83905
G1 X95.279 Y98.952 E11.8577
G1 X95.337 Y98.428 E11.87555
G1 X96.165 Y97.379 E11.92079
G1 X96.335 Y96.855 E11.93944
G1 X96.277 Y96.331 E11.95729
G1 X95.449 Y95.283 E12.0025
G1 X95.279 Y94.759 E12.02115
G1 X95.337 Y94.235 E12.039
G1 X96.165 Y93.186 E12.08424
G1 X96.335 Y92.662 E12.10289
G1 X96.277 Y92.138 E12.12074
G1 X95.449 Y91.09 E12.16595
G1 X95.279 Y90.566 E12.1846
G1 X95.337 Y90.042 E12.20245
G1 X96.165 Y88.993 E12.24769
G1 X96.335 Y88.469 E12.26634
G1 X96.277 Y87.945 E12.28419
G1 X95.449 Y86.897 E12.3294
G1 X95.402 Y86.752 E12.33456
G1 X93.224 Y86.752 E12.40828
G1 X93.24 Y86.897 E12.41322
G1 X94.069 Y87.945 E12.45845
G1 X94.238 Y88.469 E12.47709
G1 X94.18 Y88.993 E12.49494
G1 X93.352 Y90.042 E12.54018
G1 X93.183 Y90.566 E12.55882
G1 X93.24 Y91.09 E12.57666
G1 X94.069 Y92.138 E12.62189
G1 X94.238 Y92.662 E12.64053
G1 X94.18 Y93.186 E12.65838
G1 X93.352 Y94.235 E12.70362
G1 X93.183 Y94.759 E12.72226
G1 X93.24 Y95.283 E12.7401
G1 X94.069 Y96.331 E12.78533
G1 X94.238 Y96.855 E12.80397
G1 X94.18 Y97.379 E12.82182
G1 X93.352 Y98.428 E12.86706
G1 X93.183 Y98.952 E12.8857
G1 X93.24 Y99.476 E12.90354
G1 X94.069 Y100.524 E12.94877
G1 X94.238 Y101.048 E12.96741
G1 X94.18 Y101.572 E12.98526
G1 X93.352 Y102.621 E13.0305
G1 X93.183 Y103.145 E13.04914
G1 X93.24 Y103.669 E13.06698
G1 X94.069 Y104.717 E13.11221
G1 X94.238 Y105.241 E13.13085
G1 X94.18 Y105.765 E13.1487
G1 X93.352 Y106.814 E13.19394
G1 X93.183 Y107.338 E13.21258
G1 X93.24 Y107.862 E13.23042
G1 X94.069 Y108.91 E13.27565
G1 X94.238 Y109.434 E13.29429
G1 X94.18 Y109.958 E13.31214
G1 X93.352 Y111.007 E13.35738
G1 X93.183 Y111.531 E13.37602
G1 X93.24 Y112.055 E13.39386
G1 X94.069 Y113.103 E13.43909
G1 X94.115 Y113.248 E13.44424
G1 X92.1 Y113.248 E13.51245
G1 X92.084 Y113.103 E13.51739
G1 X91.256 Y112.055 E13.5626
G1 X91.086 Y111.531 E13.58125
G1 X91.144 Y111.007 E13.5991
G1 X91.972 Y109.958 E13.64434
G1 X92.142 Y109.434 E13.66299
G1 X92.084 Y108.91 E13.68084
G1 X91.256 Y107.862 E13.72605
G1 X91.086 Y107.338 E13.7447
G1 X91.144 Y106.814 E13.76255
G1 X91.972 Y105.765 E13.80779
G1 X92.142 Y105.241 E13.82644
G1 X92.084 Y104.717 E13.84429
G1 X91.256 Y103.669 E13.8895
G1 X91.086 Y103.145 E13.90815
G1 X91.144 Y102.621 E13.926
G1 X91.972 Y101.572 E13.97124
G1 X92.142 Y101.048 E13.98989
G1 X92.084 Y100.524 E14.00774
G1 X91.256 Y99.476 E14.05295
G1 X91.086 Y98.952 E14.0716
G1 X91.144 Y98.428 E14.08945
G1 X91.972 Y97.379 E14.13469
G1 X92.142 Y96.855 E14.15334
G1 X92.084 Y96.331 E14.17119
G1 X91.256 Y95.283 E14.2164
G1 X91.086 Y94.759 E14.23505
G1 X91.144 Y94.235 E14.2529
G1 X91.972 Y93.186 E14.29814
G1 X92.142 Y92.662 E14.31679
G1 X92.084 Y92.138 E14.33464
G1 X91.256 Y91.09 E14.37985
G1 X91.086 Y90.566 E14.3985
G1 X91.144 Y90.042 E14.41635
G1 X91.972 Y88.993 E14.46159
G1 X92.142 Y88.469 E14.48024
G1 X92.084 Y87.945 E14.49809
G1 X91.256 Y86.897 E14.5433
G1 X91.209 Y86.752 E14.54846
G1 X89.031 Y86.752 E14.62218
G1 X89.047 Y86.897 E14.62712
G1 X89.875 Y87.945 E14.67233
G1 X90.045 Y88.469 E14.69098
G1 X89.987 Y88.993 E14.70883
G1 X89.159 Y90.042 E14.75407
G1 X88.99 Y90.566 E14.77271
G1 X89.047 Y91.09 E14.79055
G1 X89.875 Y92.138 E14.83576
G1 X90.045 Y92.662 E14.85441
G1 X89.987 Y93.186 E14.87226
G1 X89.159 Y94.235 E14.9175
G1 X88.99 Y94.759 E14.93614
G1 X89.047 Y95.283 E14.95398
G1 X89.875 Y96.331 E14.99919
G1 X90.045 Y96.855 E15.01784
G1 X89.987 Y97.379 E15.03569
G1 X89.159 Y98.428 E15.08093
G1 X88.99 Y98.952 E15.09957
G1 X89.047 Y99.476 E15.11741
G1 X89.875 Y100.524 E15.16262
G1 X90.045 Y101.048 E15.18127
G1 X89.987 Y101.572 E15.19912
G1 X89.159 Y102.621 E15.24436
G1 X88.99 Y103.145 E15.263
G1 X89.047 Y103.669 E15.28084
G1 X89.875 Y104.717 E15.32605
G1 X90.045 Y105.241 E15.3447
G1 X89.987 Y105.765 E15.36255
G1 X89.159 Y106.814 E15.40779
G1 X88.99 Y107.338 E15.42643
G1 X89.047 Y107.862 E15.44427
G1 X89.875 Y108.91 E15.48948
G1 X90.045 Y109.434 E15.50813
G1 X89.987 Y109.958 E15.52598
G1 X89.159 Y111.007 E15.57122
G1 X88.99 Y111.531 E15.58986
G1 X89.047 Y112.055 E15.6077
G1 X89.875 Y113.103 E15.65291
G1 X89.922 Y113.248 E15.65807
G1 X87.907 Y113.248 E15.72628
G1 X87.891 Y113.103 E15.73122
G1 X87.063 Y112.055 E15.77643
G1 X86.893 Y111.531 E15.79508
G1 X86.951 Y111.007 E15.81293
G1 X87.779 Y109.958 E15.85817
G1 X87.949 Y109.434 E15.87682
G1 X87.891 Y108.91 E15.89467
G1 X87.063 Y107.862 E15.93988
G1 X86.893 Y107.338 E15.95853
G1 X86.951 Y106.814 E15.97638
G1 X87.779 Y105.765 E16.02162
G1 X87.949 Y105.241 E16.04027
G1 X87.891 Y104.717 E16.05812
G1 X87.063 Y103.669 E16.10333
G1 X86.893 Y103.145 E16.12198
G1 X86.951 Y102.621 E16.13983
G1 X87.779 Y101.572 E16.18507
G1 X87.949 Y101.048 E16.20372
G1 X87.891 Y100.524 E16.22157
G1 X87.063 Y99.476 E16.26678
G1 X86.893 Y98.952 E16.28543
G1 X86.951 Y98.428 E16.30328
G1 X87.779 Y97.379 E16.34852
G1 X87.949 Y96.855 E16.36717
G1 X87.891 Y96.331 E16.38502
G1 X87.063 Y95.283 E16.43023
G1 X86.893 Y94.759 E16.44888
G1 X86.951 Y94.235 E16.46673
G1 X87.779 Y93.186 E16.51197
G1 X87.949 Y92.662 E16.53062
G1 X87.891 Y92.138 E16.54847
G1 X87.063 Y91.09 E16.59368
G1 X86.893 Y90.566 E16.61233
G1 X86.951 Y90.042 E16.63018
G1 X87.779 Y88.993 E16.67542
G1 X87.949 Y88.469 E16.69407
G1 X87.891 Y87.945 E16.71192
G1 X87.063 Y86.897 E16.75713
G1 X87.016 Y86.752 E16.76229
G1 X84.838 Y86.752 E16.83601
G1 X84.854 Y86.897 E16.84095
G1 X85.682 Y87.945 E16.88616
G1 X85.852 Y88.469 E16.90481
G1 X85.794 Y88.993 E16.92266
G1 X84.966 Y90.042 E16.9679
G1 X84.797 Y90.566 E16.98654
G1 X84.854 Y91.09 E17.00438
G1 X85.682 Y92.138 E17.04959
G1 X85.852 Y92.662 E17.06824
G1 X85.794 Y93.186 E17.08609
G1 X84.966 Y94.235 E17.13133
G1 X84.797 Y94.759 E17.14997
G1 X84.854 Y95.283 E17.16781
G1 X85.682 Y96.331 E17.21302
G1 X85.852 Y96.855 E17.23167
G1 X85.794 Y97.379 E17.24952
G1 X84.966 Y98.428 E17.29476
G1 X84.797 Y98.952 E17.3134
G1 X84.854 Y99.476 E17.33124
G1 X85.682 Y100.524 E17.37645
G1 X85.852 Y101.048 E17.3951
G1 X85.794 Y101.572 E17.41295
G1 X84.966 Y102.621 E17.45819
G1 X84.797 Y103.145 E17.47683
G1 X84.854 Y103.669 E17.49467
G1 X85.682 Y104.717 E17.53988
G1 X85.852 Y105.241 E17.55853
G1 X85.794 Y105.765 E17.57638
G1 X84.966 Y106.814 E17.62162
G1 X84.797 Y107.338 E17.64026
G1 X84.854 Y107.862 E17.6581
G1 X85.682 Y108.91 E17.70331
G1 X85.852 Y109.434 E17.72196
G1 X85.794 Y109.958 E17.73981
G1 X84.966 Y111.007 E17.78505
G1 X84.797 Y111.531 E17.80369
G1 X84.854 Y112.055 E17.82153
G1 X85.682 Y113.103 E17.86674
G1 X85.729 Y113.248 E17.8719
G1 X83.714 Y113.248 E17.94011
G1 X83.698 Y113.103 E17.94505
G1 X82.87 Y112.055 E17.99026
G1 X82.7 Y111.531 E18.00891
G1 X82.758 Y111.007 E18.02676
G1 X83.586 Y109.958 E18.072
G1 X83.755 Y109.434 E18.09064
G1 X83.698 Y108.91 E18.10848
G1 X82.87 Y107.862 E18.15369
G1 X82.7 Y107.338 E18.17234
G1 X82.758 Y106.814 E18.19019
G1 X83.586 Y105.765 E18.23543
G1 X83.755 Y105.241 E18.25407
G1 X83.698 Y104.717 E18.27191
G1 X82.87 Y103.669 E18.31712
G1 X82.7 Y103.145 E18.33577
G1 X82.758 Y102.621 E18.35362
G1 X83.586 Y101.572 E18.39886
G1 X83.755 Y101.048 E18.4175
G1 X83.698 Y100.524 E18.43534
G1 X82.87 Y99.476 E18.48055
G1 X82.7 Y98.952 E18.4992
G1 X82.758 Y98.428 E18.51705
G1 X83.586 Y97.379 E18.56229
G1 X83.755 Y96.855 E18.58093
G1 X83.698 Y96.331 E18.59877
G1 X82.87 Y95.283 E18.64398
G1 X82.7 Y94.759 E18.66263
G1 X82.758 Y94.235 E18.68048
G1 X83.586 Y93.186 E18.72572
G1 X83.755 Y92.662 E18.74436
G1 X83.698 Y92.138 E18.7622
G1 X82.87 Y91.09 E18.80741
G1 X82.7 Y90.566 E18.82606
G1 X82.758 Y90.042 E18.84391
G1 X83.586 Y88.993 E18.88915
G1 X83.755 Y88.469 E18.90779
G1 X83.698 Y87.945 E18.92563
G1 X82.87 Y86.897 E18.97084
G1 X82.823 Y86.752 E18.976
G1 X80.645 Y86.752 E19.04972
G1 X80.661 Y86.897 E19.05466
G1 X81.489 Y87.945 E19.09987
G1 X81.659 Y88.469 E19.11852
G1 X81.601 Y88.993 E19.13637
G1 X80.773 Y90.042 E19.18161
G1 X80.604 Y90.566 E19.20025
G1 X80.661 Y91.09 E19.21809
G1 X81.489 Y92.138 E19.2633
G1 X81.659 Y92.662 E19.28195
G1 X81.601 Y93.186 E19.2998
G1 X80.773 Y94.235 E19.34504
G1 X80.604 Y94.759 E19.36368
G1 X80.661 Y95.283 E19.38152
G1 X81.489 Y96.331 E19.42673
G1 X81.659 Y96.855 E19.44538
G1 X81.601 Y97.379 E19.46323
G1 X80.773 Y98.428 E19.50847
G1 X80.604 Y98.952 E19.52711
G1 X80.661 Y99.476 E19.54495
G1 X81.489 Y100.524 E19.59016
G1 X81.659 Y101.048 E19.60881
G1 X81.601 Y101.572 E19.62666
G1 X80.773 Y102.621 E19.6719
G1 X80.604 Y103.145 E19.69054
G1 X80.661 Y103.669 E19.70838
G1 X81.489 Y104.717 E19.75359
G1 X81.659 Y105.241 E19.77224
G1 X81.601 Y105.765 E19.79009
G1 X80.773 Y106.814 E19.83533
G1 X80.604 Y107.338 E19.85397
G1 X80.661 Y107.862 E19.87181
G1 X81.489 Y108.91 E19.91702
G1 X81.659 Y109.434 E19.93567
G1 X81.601 Y109.958 E19.95352
G1 X80.773 Y111.007 E19.99876
G1 X80.604 Y111.531 E20.0174
G1 X80.661 Y112.055 E20.03524
G1 X81.489 Y113.103 E20.08045
G1 X81.536 Y113.248 E20.08561
G1 X80.252 Y113.248 E20.12907
G1 X80.252 Y112.091 E20.16823
;LAYER_CHANGE
;Z:2.2
;HEIGHT:0.2
G1 E18.16823 F2400
G92 E0
G1 Z2.2 F7200
G1 X116.845 Y97.573
G1 E2 F2400
;TYPE:Perimeter
;WIDTH:0.449999
G1 F1200
G1 X117.254 Y97.749 E2.01507
G1 X117.719 Y98.047 E2.03376
G1 X118.19 Y98.472 E2.05523
G1 X118.732 Y99.225 E2.08663
G1 X118.997 Y99.81 E2.10837
G1 X119.165 Y100.565 E2.13455
G1 X119.19 Y101.169 E2.15501
G1 X119.071 Y101.934 E2.18122
G1 X118.773 Y102.705 E2.2092
G1 X118.453 Y103.219 E2.22969
G1 X117.924 Y103.783 E2.25586
G1 X117.243 Y104.253 E2.28387
G1 X116.476 Y104.559 E2.31182
G1 X115.882 Y104.674 E2.3323
G1 X115.331 Y104.69 E2.35096
G1 X114.701 Y104.604 E2.37248
G1 X114.402 Y104.52 E2.38299
G1 X113.829 Y104.288 E2.40391
G1 X113.281 Y103.953 E2.42565
G1 X112.717 Y103.424 E2.45182
G1 X112.518 Y103.174 E2.46264
G1 X112.247 Y102.743 E2.47987
G1 X112.101 Y102.435 E2.49141
G1 X111.922 Y101.896 E2.51063
G1 X111.853 Y101.538 E2.52297
G1 X111.813 Y100.922 E2.54386
G1 X111.83 Y100.595 E2.55494
G1 X111.943 Y100.005 E2.57527
G1 X112.212 Y99.329 E2.5999
G1 X112.547 Y98.781 E2.62164
G1 X113.14 Y98.166 E2.65056
G1 X113.738 Y97.758 E2.67506
G1 X114.043 Y97.609 E2.68655
G1 X114.524 Y97.441 E2.7038
G1 X115.201 Y97.32 E2.72708
G1 X115.905 Y97.331 E2.75091
G1 X116.698 Y97.509 E2.77842
G1 X116.79 Y97.549 E2.78182
G1 X116.698 Y97.949 F7200
G1 F1200
G1 X117.077 Y98.116 E2.79584
G1 X117.62 Y98.489 E2.81814
G1 X118.051 Y98.936 E2.83916
G1 X118.394 Y99.45 E2.86008
G1 X118.618 Y99.958 E2.87887
G1 X118.765 Y100.641 E2.90252
G1 X118.783 Y101.169 E2.9204
G1 X118.671 Y101.858 E2.94403
G1 X118.4 Y102.543 E2.96896
G1 X118.117 Y102.989 E2.98684
G1 X117.636 Y103.495 E3.01047
G1 X117.027 Y103.908 E3.03538
G1 X116.342 Y104.175 E3.06027
G1 X115.821 Y104.272 E3.07821
G1 X115.162 Y104.269 E3.10052
G1 X114.659 Y104.178 E3.11782
G1 X113.982 Y103.91 E3.14247
G1 X113.511 Y103.617 E3.16125
G1 X113.005 Y103.136 E3.18488
G1 X112.591 Y102.527 E3.20981
G1 X112.309 Y101.768 E3.23722
G1 X112.259 Y101.512 E3.24605
G1 X112.219 Y100.896 E3.26694
G1 X112.297 Y100.269 E3.28833
G1 X112.59 Y99.482 E3.31676
G1 X112.883 Y99.011 E3.33554
G1 X113.423 Y98.458 E3.3617
G1 X113.951 Y98.105 E3.3832
G1 X114.622 Y97.838 E3.40764
G1 X115.255 Y97.724 E3.42941
G1 X115.886 Y97.737 E3.45077
G1 X116.593 Y97.902 E3.47534
G1 X116.643 Y97.924 E3.47719
G1 X116.55 Y98.325 F7200
G1 F1200
G1 X116.98 Y98.528 E3.49329
G1 X117.339 Y98.783 E3.5082
G1 X117.712 Y99.162 E3.5262
G1 X118.055 Y99.676 E3.54712
G1 X118.27 Y100.216 E3.56679
G1 X118.365 Y100.717 E3.58405
G1 X118.367 Y101.275 E3.60294
G1 X118.271 Y101.783 E3.62044
G1 X118.027 Y102.38 E3.64227
G1 X117.708 Y102.848 E3.66144
G1 X117.348 Y103.208 E3.67867
G1 X116.81 Y103.564 E3.70051
G1 X116.207 Y103.791 E3.72232
G1 X115.761 Y103.869 E3.73765
G1 X115.23 Y103.867 E3.75562
G1 X114.708 Y103.765 E3.77362
G1 X114.135 Y103.533 E3.79454
G1 X113.694 Y103.246 E3.81235
G1 X113.292 Y102.848 E3.8315
G1 X112.936 Y102.31 E3.85334
G1 X112.695 Y101.64 E3.87744
G1 X112.625 Y100.87 E3.90361
G1 X112.699 Y100.336 E3.92186
G1 X112.967 Y99.635 E3.94726
G1 X113.244 Y99.207 E3.96452
G1 X113.707 Y98.75 E3.98654
G1 X114.164 Y98.452 E4.00501
G1 X114.756 Y98.222 E4.02651
G1 X115.309 Y98.127 E4.0455
G1 X115.867 Y98.144 E4.0644
G1 X116.488 Y98.296 E4.08604
G1 X116.496 Y98.299 E4.08633
G1 X116.403 Y98.698 F7200
;TYPE:External perimeter
G1 F1200
G1 X116.418 Y98.702 E4.08686
G1 X116.75 Y98.865 E4.09938
G1 X117.057 Y99.077 E4.11201
G1 X117.373 Y99.387 E4.12699
G1 X117.716 Y99.902 E4.14793
G1 X117.87 Y100.292 E4.16212
G1 X117.965 Y100.792 E4.17935
G1 X117.965 Y101.207 E4.1934
G1 X117.871 Y101.707 E4.21062
G1 X117.654 Y102.217 E4.22938
G1 X117.42 Y102.56 E4.24343
G1 X117.06 Y102.92 E4.26066
G1 X116.594 Y103.219 E4.2794
G1 X116.073 Y103.407 E4.29815
G1 X115.7 Y103.466 E4.31093
G1 X115.297 Y103.466 E4.32457
G1 X114.861 Y103.388 E4.33956
G1 X114.288 Y103.156 E4.36048
G1 X113.94 Y102.92 E4.37471
G1 X113.58 Y102.56 E4.39194
G1 X113.281 Y102.093 E4.41071
G1 X113.081 Y101.511 E4.43154
G1 X113.032 Y100.844 E4.45418
G1 X113.112 Y100.361 E4.47075
G1 X113.344 Y99.788 E4.49167
G1 X113.582 Y99.438 E4.506
G1 X113.99 Y99.043 E4.52522
G1 X114.426 Y98.77 E4.54263
G1 X114.927 Y98.593 E4.56062
G1 X115.399 Y98.529 E4.57674
G1 X115.94 Y98.57 E4.5951
G1 X116.345 Y98.682 E4.60932
G1 X116.709 Y98.849 F7200
G1 E2.60932 F2400
G92 E0
G1 X112.719 Y88.365 F7200
G1 E2 F2400
;TYPE:Perimeter
G1 F1200
G1 X112.769 Y88.097 E2.00923
G1 X112.978 Y87.609 E2.0272
G1 X113.344 Y87.092 E2.04864
G1 X113.822 Y86.66 E2.07045
G1 X114.291 Y86.385 E2.08885
;WIDTH:0.498283
G1 X114.504 Y86.283 E2.09779
;WIDTH:0.546567
G1 X114.718 Y86.18 E2.10774
G1 X115.281 Y86.107 E2.13151
;WIDTH:0.502487
G1 X115.868 Y86.118 E2.15395
G1 X116.178 Y86.207 E2.16627
;WIDTH:0.476243
G1 X116.488 Y86.296 E2.17789
;WIDTH:0.449999
G1 X117.065 Y86.583 E2.1997
G1 X117.5 Y86.927 E2.21847
G1 X117.832 Y87.312 E2.23568
G1 X118.094 Y87.743 E2.25275
G1 X118.27 Y88.216 E2.26983
G1 X118.365 Y88.717 E2.28709
G1 X118.369 Y89.261 E2.3055
G1 X118.288 Y89.716 E2.32114
G1 X118.092 Y90.249 E2.34036
G1 X117.79 Y90.746 E2.36005
G1 X117.348 Y91.208 E2.38169
G1 X116.811 Y91.564 E2.4035
G1 X116.284 Y91.77 E2.42265
G1 X115.783 Y91.865 E2.43991
G1 X115.138 Y91.856 E2.46174
G1 X114.55 Y91.714 E2.48222
G1 X113.966 Y91.433 E2.50416
G1 X113.561 Y91.132 E2.52124
G1 X113.22 Y90.76 E2.53832
G1 X112.936 Y90.31 E2.55633
G1 X112.695 Y89.64 E2.58043
G1 X112.625 Y88.87 E2.6066
G1 X112.708 Y88.424 E2.62196
G1 X113.111 Y88.455 F7200
;TYPE:External perimeter
G1 F1200
G1 X113.167 Y88.183 E2.63136
G1 X113.369 Y87.744 E2.64772
G1 X113.671 Y87.334 E2.66496
G1 X114.088 Y86.969 E2.68372
G1 X114.44 Y86.764 E2.69751
G1 X114.795 Y86.629 E2.71037
G1 X115.355 Y86.532 E2.72961
G1 X115.891 Y86.557 E2.74777
G1 X116.383 Y86.689 E2.76501
G1 X116.875 Y86.943 E2.78375
G1 X117.197 Y87.199 E2.79767
G1 X117.485 Y87.525 E2.81239
G1 X117.736 Y87.94 E2.82881
G1 X117.87 Y88.292 E2.84156
G1 X117.965 Y88.792 E2.85879
G1 X117.966 Y89.2 E2.8726
G1 X117.906 Y89.575 E2.88545
G1 X117.71 Y90.108 E2.90467
G1 X117.42 Y90.56 E2.92285
G1 X117.06 Y90.92 E2.94008
G1 X116.594 Y91.219 E2.95882
G1 X116.158 Y91.38 E2.97455
G1 X115.664 Y91.469 E2.99154
G1 X115.153 Y91.449 E3.00885
G1 X114.655 Y91.321 E3.02625
G1 X114.157 Y91.073 E3.04508
G1 X113.806 Y90.804 E3.06005
G1 X113.538 Y90.503 E3.07369
G1 X113.268 Y90.07 E3.09096
G1 X113.081 Y89.511 E3.11091
G1 X113.032 Y88.844 E3.13355
G1 X113.099 Y88.514 E3.14495
G1 X113.203 Y88.127 F7200
G1 E1.14495 F2400
G92 E0
G1 X120.054 Y113.554 F7200
G1 E2 F2400
;TYPE:Perimeter
G1 F2700
G1 X79.946 Y113.554 E3.35761
G1 X79.946 Y86.446 E4.27518
G1 X112.839 Y86.446 E5.38857
G1 X112.689 Y86.609 E5.39607
G1 X112.239 Y87.268 E5.42308
G1 X111.973 Y87.925 E5.44707
G1 X111.842 Y88.529 E5.46799
G1 X111.813 Y88.922 E5.48133
G1 X111.853 Y89.538 E5.50222
G1 X111.922 Y89.896 E5.51456
G1 X112.101 Y90.435 E5.53378
G1 X112.247 Y90.743 E5.54532
G1 X112.68 Y91.385 E5.57153
G1 X113.067 Y91.779 E5.59022
G1 X113.555 Y92.137 E5.61071
G1 X114.004 Y92.374 E5.6279
G1 X114.301 Y92.491 E5.63871
G1 X114.792 Y92.622 E5.65591
G1 X115.108 Y92.67 E5.66673
G1 X115.616 Y92.689 E5.68394
G1 X115.935 Y92.665 E5.69477
G1 X116.69 Y92.497 E5.72095
G1 X117.244 Y92.253 E5.74144
G1 X117.924 Y91.783 E5.76942
G1 X118.475 Y91.186 E5.79692
G1 X118.856 Y90.53 E5.8226
G1 X119.123 Y89.717 E5.85157
G1 X119.19 Y89.17 E5.87022
G1 X119.165 Y88.565 E5.89072
G1 X119.07 Y88.065 E5.90795
G1 X118.824 Y87.383 E5.93249
G1 X118.525 Y86.886 E5.95212
G1 X118.162 Y86.446 E5.97143
G1 X120.054 Y86.446 E6.03547
G1 X120.054 Y113.494 E6.95101
G1 X120.461 Y113.961 F7200
G1 F2700
G1 X79.539 Y113.961 E8.33617
G1 X79.539 Y86.039 E9.2813
G1 X114.074 Y86.039 E10.45027
G1 X113.557 Y86.352 E10.47073
G1 X113.016 Y86.851 E10.49564
G1 X112.609 Y87.438 E10.51982
G1 X112.371 Y88.011 E10.54082
G1 X112.24 Y88.615 E10.56174
G1 X112.219 Y88.896 E10.57128
G1 X112.259 Y89.512 E10.59217
G1 X112.309 Y89.768 E10.601
G1 X112.591 Y90.527 E10.62841
G1 X112.924 Y91.045 E10.64925
G1 X113.32 Y91.461 E10.66869
G1 X113.745 Y91.777 E10.68662
G1 X114.195 Y92.014 E10.70384
G1 X114.444 Y92.108 E10.71285
G1 X115.123 Y92.263 E10.73642
G1 X115.859 Y92.265 E10.76133
G1 X116.542 Y92.118 E10.78498
G1 X117.027 Y91.908 E10.80287
G1 X117.636 Y91.496 E10.82776
G1 X118.132 Y90.966 E10.85233
G1 X118.474 Y90.389 E10.87503
G1 X118.717 Y89.681 E10.90037
G1 X118.783 Y89.17 E10.91781
G1 X118.765 Y88.641 E10.93573
G1 X118.67 Y88.141 E10.95296
G1 X118.459 Y87.563 E10.97379
G1 X118.178 Y87.099 E10.99215
G1 X117.803 Y86.655 E11.01182
G1 X117.414 Y86.328 E11.02902
G1 X116.906 Y86.039 E11.0488
G1 X120.461 Y86.039 E11.16913
G1 X120.461 Y113.901 E12.11222
G1 X120.868 Y114.368 F7200
G1 F2700
G1 X79.132 Y114.368 E13.52493
G1 X79.132 Y85.632 E14.49761
G1 X114.149 Y85.632 E15.68289
;WIDTH:0.498283
G1 X114.412 Y85.656 E15.69289
;WIDTH:0.546567
G1 X114.675 Y85.68 E15.70395
G1 X115.052 Y85.667 E15.71975
;WIDTH:0.519219
G1 X115.43 Y85.653 E15.73473
;WIDTH:0.517023
G1 X116.066 Y85.666 E15.75981
G1 X116.321 Y85.649 E15.76988
;WIDTH:0.483511
G1 X116.575 Y85.632 E15.77921
;WIDTH:0.449999
G1 X120.868 Y85.632 E15.92452
G1 X120.868 Y114.308 E16.89517
G1 X121.275 Y114.775 F7200
;TYPE:External perimeter
G1 F1800
G1 X78.725 Y114.775 E18.33543
G1 X78.725 Y85.225 E19.33566
G1 X121.275 Y85.225 E20.77592
G1 X121.275 Y114.715 E21.77412
G1 X120.879 Y114.774 F7200
G1 E19.77412 F2400
G92 E0
G1 X112.95 Y104.074 F7200
G1 E2 F2400
;TYPE:Internal infill
;WIDTH:0.45
G1 F3300
G1 X113.546 Y104.492 E2.02464
G1 X114.292 Y104.805 E2.05202
G1 X115.177 Y104.977 E2.08254
G1 X115.204 Y105.241 E2.09152
G1 X115.03 Y105.765 E2.11021
G1 X114.201 Y106.814 E2.15547
G1 X114.148 Y107.338 E2.1733
G1 X114.321 Y107.862 E2.19198
G1 X115.15 Y108.91 E2.23721
G1 X115.204 Y109.434 E2.25504
G1 X115.03 Y109.958 E2.27373
G1 X114.201 Y111.007 E2.31899
G1 X114.148 Y111.531 E2.33682
G1 X114.321 Y112.055 E2.3555
G1 X114.78 Y112.579 E2.37908
G1 X115.15 Y113.103 E2.40079
G1 X115.165 Y113.248 E2.40572
G1 X117.175 Y113.248 E2.47376
G1 X117.127 Y113.103 E2.47893
G1 X116.298 Y112.055 E2.52416
G1 X116.244 Y111.531 E2.54199
G1 X116.418 Y111.007 E2.56068
G1 X117.247 Y109.958 E2.60594
G1 X117.3 Y109.434 E2.62377
G1 X117.127 Y108.91 E2.64245
G1 X116.298 Y107.862 E2.68768
G1 X116.244 Y107.338 E2.70551
G1 X116.418 Y106.814 E2.7242
G1 X117.247 Y105.765 E2.76946
G1 X117.3 Y105.241 E2.78729
G1 X117.083 Y104.668 E2.80803
G1 X117.841 Y104.238 E2.83753
G1 X118.503 Y103.636 E2.86782
G1 X118.973 Y104.193 E2.89249
G1 X119.343 Y104.717 E2.9142
G1 X119.397 Y105.241 E2.93203
G1 X119.223 Y105.765 E2.95072
G1 X118.394 Y106.814 E2.99598
G1 X118.341 Y107.338 E3.01381
G1 X118.514 Y107.862 E3.03249
G1 X119.343 Y108.91 E3.07772
G1 X119.397 Y109.434 E3.09555
G1 X119.223 Y109.958 E3.11424
G1 X118.394 Y111.007 E3.1595
G1 X118.341 Y111.531 E3.17733
G1 X118.514 Y112.055 E3.19601
G1 X118.973 Y112.579 E3.21959
G1 X119.343 Y113.103 E3.2413
G1 X119.358 Y113.248 E3.24623
G1 X119.748 Y113.248 E3.25943
G1 X119.748 Y86.752 E4.15629
G1 X118.801 Y86.752 E4.18834
G1 X119.097 Y87.247 E4.20786
G1 X119.283 Y87.702 E4.2245
G1 X119.495 Y88.827 E4.26325
G1 X119.477 Y89.422 E4.2834
G1 X119.34 Y90.097 E4.30671
G1 X119.141 Y90.64 E4.32629
G1 X118.737 Y91.344 E4.35376
G1 X119.343 Y92.138 E4.38757
G1 X119.397 Y92.662 E4.4054
G1 X119.223 Y93.186 E4.42409
G1 X118.394 Y94.235 E4.46935
G1 X118.341 Y94.759 E4.48718
G1 X118.514 Y95.283 E4.50586
G1 X119.343 Y96.331 E4.55109
G1 X119.397 Y96.855 E4.56892
G1 X119.223 Y97.379 E4.58761
G1 X118.465 Y98.327 E4.6287
G1 X117.893 Y97.796 E4.65512
G1 X117.232 Y97.4 E4.6812
G1 X117.3 Y96.855 E4.69979
G1 X117.127 Y96.331 E4.71847
G1 X116.298 Y95.283 E4.7637
G1 X116.244 Y94.759 E4.78153
G1 X116.418 Y94.235 E4.80022
G1 X117.247 Y93.186 E4.84548
G1 X117.273 Y92.579 E4.86605
G1 X116.684 Y92.823 E4.88763
G1 X115.987 Y92.966 E4.91171
G1 X115.104 Y92.964 E4.9416
G1 X115.03 Y93.186 E4.94952
G1 X114.201 Y94.235 E4.99478
G1 X114.148 Y94.759 E5.01261
G1 X114.321 Y95.283 E5.03129
G1 X115.15 Y96.331 E5.07652
G1 X115.204 Y96.855 E5.09435
G1 X115.149 Y97.021 E5.10027
G1 X116.084 Y97.041 E5.13193
G1 X117.048 Y97.314 E5.16584
G1 E3.16584 F2400
G92 E0
G1 X111.546 Y89.394 F7200
G1 E2 F2400
G1 F3300
G1 X111.579 Y89.795 E2.01362
G1 X111.881 Y90.709 E2.0462
G1 X112.261 Y91.34 E2.07113
G1 X112.934 Y92.138 E2.10646
G1 X113.107 Y92.662 E2.12514
G1 X113.054 Y93.186 E2.14297
G1 X112.225 Y94.235 E2.18823
G1 X112.051 Y94.759 E2.20692
G1 X112.105 Y95.283 E2.22475
G1 X112.934 Y96.331 E2.26998
G1 X113.107 Y96.855 E2.28866
G1 X113.054 Y97.379 E2.30649
G1 X112.225 Y98.428 E2.35175
G1 X111.618 Y100.033 E2.40983
G1 X111.508 Y100.936 E2.44062
G1 X111.574 Y101.767 E2.46884
G1 X111.857 Y102.654 E2.50036
G1 X112.082 Y103.051 E2.51581
G1 X112.105 Y103.669 E2.53674
G1 X112.934 Y104.717 E2.58197
G1 X113.107 Y105.241 E2.60065
G1 X113.054 Y105.765 E2.61848
G1 X112.225 Y106.814 E2.66374
G1 X112.051 Y107.338 E2.68243
G1 X112.105 Y107.862 E2.70026
G1 X112.934 Y108.91 E2.74549
G1 X113.107 Y109.434 E2.76417
G1 X113.054 Y109.958 E2.782
G1 X112.225 Y111.007 E2.82726
G1 X112.051 Y111.531 E2.84595
G1 X112.105 Y112.055 E2.86378
G1 X112.934 Y113.103 E2.90901
G1 X112.982 Y113.248 E2.91418
G1 X110.972 Y113.248 E2.98222
G1 X110.957 Y113.103 E2.98715
G1 X110.587 Y112.579 E3.00886
G1 X110.128 Y112.055 E3.03244
G1 X109.954 Y111.531 E3.05113
G1 X110.008 Y111.007 E3.06896
G1 X110.837 Y109.958 E3.11422
G1 X111.011 Y109.434 E3.13291
G1 X110.957 Y108.91 E3.15074
G1 X110.128 Y107.862 E3.19597
G1 X109.954 Y107.338 E3.21466
G1 X110.008 Y106.814 E3.23249
G1 X110.837 Y105.765 E3.27775
G1 X111.011 Y105.241 E3.29644
G1 X110.957 Y104.717 E3.31427
G1 X110.128 Y103.669 E3.3595
G1 X109.954 Y103.145 E3.37819
G1 X110.008 Y102.621 E3.39602
G1 X110.837 Y101.572 E3.44128
G1 X111.011 Y101.048 E3.45997
G1 X110.957 Y100.524 E3.4778
G1 X110.128 Y99.476 E3.52303
G1 X109.954 Y98.952 E3.54172
G1 X110.008 Y98.428 E3.55955
G1 X110.837 Y97.379 E3.60481
G1 X111.011 Y96.855 E3.6235
G1 X110.957 Y96.331 E3.64133
G1 X110.128 Y95.283 E3.68656
G1 X109.954 Y94.759 E3.70525
G1 X110.008 Y94.235 E3.72308
G1 X110.837 Y93.186 E3.76834
G1 X111.011 Y92.662 E3.78703
G1 X110.957 Y92.138 E3.80486
G1 X110.128 Y91.09 E3.85009
G1 X109.954 Y90.566 E3.86878
G1 X110.008 Y90.042 E3.88661
G1 X110.837 Y88.993 E3.93187
G1 X111.011 Y88.469 E3.95056
G1 X110.957 Y87.945 E3.96839
G1 X110.128 Y86.897 E4.01362
G1 X110.08 Y86.752 E4.01879
G1 X107.897 Y86.752 E4.09268
G1 X107.912 Y86.897 E4.09761
G1 X108.281 Y87.421 E4.1193
G1 X108.741 Y87.945 E4.1429
G1 X108.914 Y88.469 E4.16158
G1 X108.861 Y88.993 E4.17941
G1 X108.032 Y90.042 E4.22467
G1 X107.858 Y90.566 E4.24336
G1 X107.912 Y91.09 E4.26119
G1 X108.741 Y92.138 E4.30642
G1 X108.914 Y92.662 E4.3251
G1 X108.861 Y93.186 E4.34293
G1 X108.032 Y94.235 E4.38819
G1 X107.858 Y94.759 E4.40688
G1 X107.912 Y95.283 E4.42471
G1 X108.741 Y96.331 E4.46994
G1 X108.914 Y96.855 E4.48862
G1 X108.861 Y97.379 E4.50645
G1 X108.032 Y98.428 E4.55171
G1 X107.858 Y98.952 E4.5704
G1 X107.912 Y99.476 E4.58823
G1 X108.741 Y100.524 E4.63346
G1 X108.914 Y101.048 E4.65214
G1 X108.861 Y101.572 E4.66997
G1 X108.032 Y102.621 E4.71523
G1 X107.858 Y103.145 E4.73392
G1 X107.912 Y103.669 E4.75175
G1 X108.741 Y104.717 E4.79698
G1 X108.914 Y105.241 E4.81566
G1 X108.861 Y105.765 E4.83349
G1 X108.032 Y106.814 E4.87875
G1 X107.858 Y107.338 E4.89744
G1 X107.912 Y107.862 E4.91527
G1 X108.741 Y108.91 E4.9605
G1 X108.914 Y109.434 E4.97918
G1 X108.861 Y109.958 E4.99701
G1 X108.032 Y111.007 E5.04227
G1 X107.858 Y111.531 E5.06096
G1 X107.912 Y112.055 E5.07879
G1 X108.741 Y113.103 E5.12402
G1 X108.789 Y113.248 E5.12919
G1 X106.779 Y113.248 E5.19723
G1 X106.764 Y113.103 E5.20216
G1 X106.394 Y112.579 E5.22387
G1 X105.935 Y112.055 E5.24745
G1 X105.761 Y111.531 E5.26614
G1 X105.815 Y111.007 E5.28397
G1 X106.644 Y109.958 E5.32923
G1 X106.818 Y109.434 E5.34792
G1 X106.764 Y108.91 E5.36575
G1 X105.935 Y107.862 E5.41098
G1 X105.761 Y107.338 E5.42967
G1 X105.815 Y106.814 E5.4475
G1 X106.644 Y105.765 E5.49276
G1 X106.818 Y105.241 E5.51145
G1 X106.764 Y104.717 E5.52928
G1 X105.935 Y103.669 E5.57451
G1 X105.761 Y103.145 E5.5932
G1 X105.815 Y102.621 E5.61103
G1 X106.644 Y101.572 E5.65629
G1 X106.818 Y101.048 E5.67498
G1 X106.764 Y100.524 E5.69281
G1 X105.935 Y99.476 E5.73804
G1 X105.761 Y98.952 E5.75673
G1 X105.815 Y98.428 E5.77456
G1 X106.644 Y97.379 E5.81982
G1 X106.818 Y96.855 E5.83851
G1 X106.764 Y96.331 E5.85634
G1 X105.935 Y95.283 E5.90157
G1 X105.761 Y94.759 E5.92026
G1 X105.815 Y94.235 E5.93809
G1 X106.644 Y93.186 E5.98335
G1 X106.818 Y92.662 E6.00204
G1 X106.764 Y92.138 E6.01987
G1 X105.935 Y91.09 E6.0651
G1 X105.761 Y90.566 E6.08379
G1 X105.815 Y90.042 E6.10162
G1 X106.644 Y88.993 E6.14688
G1 X106.818 Y88.469 E6.16557
G1 X106.764 Y87.945 E6.1834
G1 X105.935 Y86.897 E6.22863
G1 X105.887 Y86.752 E6.2338
G1 X103.704 Y86.752 E6.30769
G1 X103.718 Y86.897 E6.31262
G1 X104.088 Y87.421 E6.33433
G1 X104.548 Y87.945 E6.35793
G1 X104.721 Y88.469 E6.37661
G1 X104.668 Y88.993 E6.39444
G1 X103.839 Y90.042 E6.4397
G1 X103.665 Y90.566 E6.45839
G1 X103.718 Y91.09 E6.47622
G1 X104.548 Y92.138 E6.52147
G1 X104.721 Y92.662 E6.54015
G1 X104.668 Y93.186 E6.55798
G1 X103.839 Y94.235 E6.60324
G1 X103.665 Y94.759 E6.62193
G1 X103.718 Y95.283 E6.63976
G1 X104.548 Y96.331 E6.68501
G1 X104.721 Y96.855 E6.70369
G1 X104.668 Y97.379 E6.72152
G1 X103.839 Y98.428 E6.76678
G1 X103.665 Y98.952 E6.78547
G1 X103.718 Y99.476 E6.8033
G1 X104.548 Y100.524 E6.84855
G1 X104.721 Y101.048 E6.86723
G1 X104.668 Y101.572 E6.88506
G1 X103.839 Y102.621 E6.93032
G1 X103.665 Y103.145 E6.94901
G1 X103.718 Y103.669 E6.96684
G1 X104.548 Y104.717 E7.01209
G1 X104.721 Y105.241 E7.03077
G1 X104.668 Y105.765 E7.0486
G1 X103.839 Y106.814 E7.09386
G1 X103.665 Y107.338 E7.11255
G1 X103.718 Y107.862 E7.13038
G1 X104.548 Y108.91 E7.17563
G1 X104.721 Y109.434 E7.19431
G1 X104.668 Y109.958 E7.21214
G1 X103.839 Y111.007 E7.2574
G1 X103.665 Y111.531 E7.27609
G1 X103.718 Y112.055 E7.29392
G1 X104.548 Y113.103 E7.33917
G1 X104.596 Y113.248 E7.34434
G1 X102.586 Y113.248 E7.41238
G1 X102.571 Y113.103 E7.41731
G1 X102.201 Y112.579 E7.43902
G1 X101.742 Y112.055 E7.4626
G1 X101.568 Y111.531 E7.48129
G1 X101.622 Y111.007 E7.49912
G1 X102.451 Y109.958 E7.54438
G1 X102.625 Y109.434 E7.56307
G1 X102.571 Y108.91 E7.5809
G1 X101.742 Y107.862 E7.62613
G1 X101.568 Y107.338 E7.64482
G1 X101.622 Y106.814 E7.66265
G1 X102.451 Y105.765 E7.70791
G1 X102.625 Y105.241 E7.7266
G1 X102.571 Y104.717 E7.74443
G1 X101.742 Y103.669 E7.78966
G1 X101.568 Y103.145 E7.80835
G1 X101.622 Y102.621 E7.82618
G1 X102.451 Y101.572 E7.87144
G1 X102.625 Y101.048 E7.89013
G1 X102.571 Y100.524 E7.90796
G1 X101.742 Y99.476 E7.95319
G1 X101.568 Y98.952 E7.97188
G1 X101.622 Y98.428 E7.98971
G1 X102.451 Y97.379 E8.03497
G1 X102.625 Y96.855 E8.05366
G1 X102.571 Y96.331 E8.07149
G1 X101.742 Y95.283 E8.11672
G1 X101.568 Y94.759 E8.13541
G1 X101.622 Y94.235 E8.15324
G1 X102.451 Y93.186 E8.1985
G1 X102.625 Y92.662 E8.21719
G1 X102.571 Y92.138 E8.23502
G1 X101.742 Y91.09 E8.28025
G1 X101.568 Y90.566 E8.29894
G1 X101.622 Y90.042 E8.31677
G1 X102.451 Y88.993 E8.36203
G1 X102.625 Y88.469 E8.38072
G1 X102.571 Y87.945 E8.39855
G1 X101.742 Y86.897 E8.44378
G1 X101.694 Y86.752 E8.44895
G1 X99.511 Y86.752 E8.52284
G1 X99.525 Y86.897 E8.52777
G1 X99.895 Y87.421 E8.54948
G1 X100.354 Y87.945 E8.57306
G1 X100.528 Y88.469 E8.59175
G1 X100.475 Y88.993 E8.60958
G1 X99.646 Y90.042 E8.65484
G1 X99.472 Y90.566 E8.67353
G1 X99.525 Y91.09 E8.69136
G1 X100.354 Y92.138 E8.73659
G1 X100.528 Y92.662 E8.75528
G1 X100.475 Y93.186 E8.77311
G1 X99.646 Y94.235 E8.81837
G1 X99.472 Y94.759 E8.83706
G1 X99.525 Y95.283 E8.85489
G1 X100.354 Y96.331 E8.90012
G1 X100.528 Y96.855 E8.91881
G1 X100.475 Y97.379 E8.93664
G1 X99.646 Y98.428 E8.9819
G1 X99.472 Y98.952 E9.00059
G1 X99.525 Y99.476 E9.01842
G1 X100.354 Y100.524 E9.06365
G1 X100.528 Y101.048 E9.08234
G1 X100.475 Y101.572 E9.10017
G1 X99.646 Y102.621 E9.14543
G1 X99.472 Y103.145 E9.16412
G1 X99.525 Y103.669 E9.18195
G1 X100.354 Y104.717 E9.22718
G1 X100.528 Y105.241 E9.24587
G1 X100.475 Y105.765 E9.2637
G1 X99.646 Y106.814 E9.30896
G1 X99.472 Y107.338 E9.32765
G1 X99.525 Y107.862 E9.34548
G1 X100.354 Y108.91 E9.39071
G1 X100.528 Y109.434 E9.4094
G1 X100.475 Y109.958 E9.42723
G1 X99.646 Y111.007 E9.47249
G1 X99.472 Y111.531 E9.49118
G1 X99.525 Y112.055 E9.50901
G1 X100.354 Y113.103 E9.55424
G1 X100.403 Y113.248 E9.55942
G1 X98.393 Y113.248 E9.62746
G1 X98.378 Y113.103 E9.63239
G1 X98.008 Y112.579 E9.6541
G1 X97.549 Y112.055 E9.67768
G1 X97.375 Y111.531 E9.69637
G1 X97.429 Y111.007 E9.7142
G1 X98.258 Y109.958 E9.75946
G1 X98.432 Y109.434 E9.77815
G1 X98.378 Y108.91 E9.79598
G1 X97.549 Y107.862 E9.84121
G1 X97.375 Y107.338 E9.8599
G1 X97.429 Y106.814 E9.87773
G1 X98.258 Y105.765 E9.92299
G1 X98.432 Y105.241 E9.94168
G1 X98.378 Y104.717 E9.95951
G1 X97.549 Y103.669 E10.00474
G1 X97.375 Y103.145 E10.02343
G1 X97.429 Y102.621 E10.04126
G1 X98.258 Y101.572 E10.08652
G1 X98.432 Y101.048 E10.10521
G1 X98.378 Y100.524 E10.12304
G1 X97.549 Y99.476 E10.16827
G1 X97.375 Y98.952 E10.18696
G1 X97.429 Y98.428 E10.20479
G1 X98.258 Y97.379 E10.25005
G1 X98.432 Y96.855 E10.26874
G1 X98.378 Y96.331 E10.28657
G1 X97.549 Y95.283 E10.3318
G1 X97.375 Y94.759 E10.35049
G1 X97.429 Y94.235 E10.36832
G1 X98.258 Y93.186 E10.41358
G1 X98.432 Y92.662 E10.43227
G1 X98.378 Y92.138 E10.4501
G1 X97.549 Y91.09 E10.49533
G1 X97.375 Y90.566 E10.51402
G1 X97.429 Y90.042 E10.53185
G1 X98.258 Y88.993 E10.57711
G1 X98.432 Y88.469 E10.5958
G1 X98.378 Y87.945 E10.61363
G1 X97.549 Y86.897 E10.65886
G1 X97.501 Y86.752 E10.66403
G1 X95.318 Y86.752 E10.73792
G1 X95.332 Y86.897 E10.74285
G1 X95.702 Y87.421 E10.76456
G1 X96.161 Y87.945 E10.78814
G1 X96.335 Y88.469 E10.80683
G1 X96.282 Y88.993 E10.82466
G1 X95.452 Y90.042 E10.86994
G1 X95.279 Y90.566 E10.88862
G1 X95.332 Y91.09 E10.90645
G1 X96.161 Y92.138 E10.95168
G1 X96.335 Y92.662 E10.97037
G1 X96.282 Y93.186 E10.9882
G1 X95.452 Y94.235 E11.03348
G1 X95.279 Y94.759 E11.05216
G1 X95.332 Y95.283 E11.06999
G1 X96.161 Y96.331 E11.11522
G1 X96.335 Y96.855 E11.13391
G1 X96.282 Y97.379 E11.15174
G1 X95.452 Y98.428 E11.19702
G1 X95.279 Y98.952 E11.2157
G1 X95.332 Y99.476 E11.23353
G1 X96.161 Y100.524 E11.27876
G1 X96.335 Y101.048 E11.29745
G1 X96.282 Y101.572 E11.31528
G1 X95.452 Y102.621 E11.36056
G1 X95.279 Y103.145 E11.37924
G1 X95.332 Y103.669 E11.39707
G1 X96.161 Y104.717 E11.4423
G1 X96.335 Y105.241 E11.46099
G1 X96.282 Y105.765 E11.47882
G1 X95.452 Y106.814 E11.5241
G1 X95.279 Y107.338 E11.54278
G1 X95.332 Y107.862 E11.56061
G1 X96.161 Y108.91 E11.60584
G1 X96.335 Y109.434 E11.62453
G1 X96.282 Y109.958 E11.64236
G1 X95.452 Y111.007 E11.68764
G1 X95.279 Y111.531 E11.70632
G1 X95.332 Y112.055 E11.72415
G1 X96.161 Y113.103 E11.76938
G1 X96.21 Y113.248 E11.77456
G1 X94.2 Y113.248 E11.8426
G1 X94.185 Y113.103 E11.84753
G1 X93.815 Y112.579 E11.86924
G1 X93.356 Y112.055 E11.89282
G1 X93.182 Y111.531 E11.91151
G1 X93.236 Y111.007 E11.92934
G1 X94.065 Y109.958 E11.9746
G1 X94.239 Y109.434 E11.99329
G1 X94.185 Y108.91 E12.01112
G1 X93.356 Y107.862 E12.05635
G1 X93.182 Y107.338 E12.07504
G1 X93.236 Y106.814 E12.09287
G1 X94.065 Y105.765 E12.13813
G1 X94.239 Y105.241 E12.15682
G1 X94.185 Y104.717 E12.17465
G1 X93.356 Y103.669 E12.21988
G1 X93.182 Y103.145 E12.23857
G1 X93.236 Y102.621 E12.2564
G1 X94.065 Y101.572 E12.30166
G1 X94.239 Y101.048 E12.32035
G1 X94.185 Y100.524 E12.33818
G1 X93.356 Y99.476 E12.38341
G1 X93.182 Y98.952 E12.4021
G1 X93.236 Y98.428 E12.41993
G1 X94.065 Y97.379 E12.46519
G1 X94.239 Y96.855 E12.48388
G1 X94.185 Y96.331 E12.50171
G1 X93.356 Y95.283 E12.54694
G1 X93.182 Y94.759 E12.56563
G1 X93.236 Y94.235 E12.58346
G1 X94.065 Y93.186 E12.62872
G1 X94.239 Y92.662 E12.64741
G1 X94.185 Y92.138 E12.66524
G1 X93.356 Y91.09 E12.71047
G1 X93.182 Y90.566 E12.72916
G1 X93.236 Y90.042 E12.74699
G1 X94.065 Y88.993 E12.79225
G1 X94.239 Y88.469 E12.81094
G1 X94.185 Y87.945 E12.82877
G1 X93.356 Y86.897 E12.874
G1 X93.308 Y86.752 E12.87917
G1 X91.124 Y86.752 E12.9531
G1 X91.139 Y86.897 E12.95803
G1 X91.509 Y87.421 E12.97974
G1 X91.968 Y87.945 E13.00332
G1 X92.142 Y88.469 E13.02201
G1 X92.089 Y88.993 E13.03984
G1 X91.259 Y90.042 E13.08512
G1 X91.086 Y90.566 E13.1038
G1 X91.139 Y91.09 E13.12163
G1 X91.968 Y92.138 E13.16686
G1 X92.142 Y92.662 E13.18555
G1 X92.089 Y93.186 E13.20338
G1 X91.259 Y94.235 E13.24866
G1 X91.086 Y94.759 E13.26734
G1 X91.139 Y95.283 E13.28517
G1 X91.968 Y96.331 E13.3304
G1 X92.142 Y96.855 E13.34909
G1 X92.089 Y97.379 E13.36692
G1 X91.259 Y98.428 E13.4122
G1 X91.086 Y98.952 E13.43088
G1 X91.139 Y99.476 E13.44871
G1 X91.968 Y100.524 E13.49394
G1 X92.142 Y101.048 E13.51263
G1 X92.089 Y101.572 E13.53046
G1 X91.259 Y102.621 E13.57574
G1 X91.086 Y103.145 E13.59442
G1 X91.139 Y103.669 E13.61225
G1 X91.968 Y104.717 E13.65748
G1 X92.142 Y105.241 E13.67617
G1 X92.089 Y105.765 E13.694
G1 X91.259 Y106.814 E13.73928
G1 X91.086 Y107.338 E13.75796
G1 X91.139 Y107.862 E13.77579
G1 X91.968 Y108.91 E13.82102
G1 X92.142 Y109.434 E13.83971
G1 X92.089 Y109.958 E13.85754
G1 X91.259 Y111.007 E13.90282
G1 X91.086 Y111.531 E13.9215
G1 X91.139 Y112.055 E13.93933
G1 X91.968 Y113.103 E13.98456
G1 X92.017 Y113.248 E13.98974
G1 X90.007 Y113.248 E14.05778
G1 X89.992 Y113.103 E14.06271
G1 X89.622 Y112.579 E14.08442
G1 X89.163 Y112.055 E14.108
G1 X88.989 Y111.531 E14.12669
G1 X89.043 Y111.007 E14.14452
G1 X89.872 Y109.958 E14.18978
G1 X90.046 Y109.434 E14.20847
G1 X89.992 Y108.91 E14.2263
G1 X89.163 Y107.862 E14.27153
G1 X88.989 Y107.338 E14.29022
G1 X89.043 Y106.814 E14.30805
G1 X89.872 Y105.765 E14.35331
G1 X90.046 Y105.241 E14.372
G1 X89.992 Y104.717 E14.38983
G1 X89.163 Y103.669 E14.43506
G1 X88.989 Y103.145 E14.45375
G1 X89.043 Y102.621 E14.47158
G1 X89.872 Y101.572 E14.51684
G1 X90.046 Y101.048 E14.53553
G1 X89.992 Y100.524 E14.55336
G1 X89.163 Y99.476 E14.59859
G1 X88.989 Y98.952 E14.61728
G1 X89.043 Y98.428 E14.63511
G1 X89.872 Y97.379 E14.68037
G1 X90.046 Y96.855 E14.69906
G1 X89.992 Y96.331 E14.71689
G1 X89.163 Y95.283 E14.76212
G1 X88.989 Y94.759 E14.78081
G1 X89.043 Y94.235 E14.79864
G1 X89.872 Y93.186 E14.8439
G1 X90.046 Y92.662 E14.86259
G1 X89.992 Y92.138 E14.88042
G1 X89.163 Y91.09 E14.92565
G1 X88.989 Y90.566 E14.94434
G1 X89.043 Y90.042 E14.96217
G1 X89.872 Y88.993 E15.00743
G1 X90.046 Y88.469 E15.02612
G1 X89.992 Y87.945 E15.04395
G1 X89.163 Y86.897 E15.08918
G1 X89.115 Y86.752 E15.09435
G1 X86.931 Y86.752 E15.16828
G1 X86.946 Y86.897 E15.17321
G1 X87.316 Y87.421 E15.19492
G1 X87.775 Y87.945 E15.2185
G1 X87.949 Y88.469 E15.23719
G1 X87.895 Y88.993 E15.25502
G1 X87.066 Y90.042 E15.30028
G1 X86.893 Y90.566 E15.31896
G1 X86.946 Y91.09 E15.33679
G1 X87.775 Y92.138 E15.38202
G1 X87.949 Y92.662 E15.40071
G1 X87.895 Y93.186 E15.41854
G1 X87.066 Y94.235 E15.4638
G1 X86.893 Y94.759 E15.48248
G1 X86.946 Y95.283 E15.50031
G1 X87.775 Y96.331 E15.54554
G1 X87.949 Y96.855 E15.56423
G1 X87.895 Y97.379 E15.58206
G1 X87.066 Y98.428 E15.62732
G1 X86.893 Y98.952 E15.646
G1 X86.946 Y99.476 E15.66383
G1 X87.775 Y100.524 E15.70906
G1 X87.949 Y101.048 E15.72775
G1 X87.895 Y101.572 E15.74558
G1 X87.066 Y102.621 E15.79084
G1 X86.893 Y103.145 E15.80952
G1 X86.946 Y103.669 E15.82735
G1 X87.775 Y104.717 E15.87258
G1 X87.949 Y105.241 E15.89127
G1 X87.895 Y105.765 E15.9091
G1 X87.066 Y106.814 E15.95436
G1 X86.893 Y107.338 E15.97304
G1 X86.946 Y107.862 E15.99087
G1 X87.775 Y108.91 E16.0361
G1 X87.949 Y109.434 E16.05479
G1 X87.895 Y109.958 E16.07262
G1 X87.066 Y111.007 E16.11788
G1 X86.893 Y111.531 E16.13656
G1 X86.946 Y112.055 E16.15439
G1 X87.775 Y113.103 E16.19962
G1 X87.823 Y113.248 E16.20479
G1 X85.814 Y113.248 E16.27279
G1 X85.799 Y113.103 E16.27772
G1 X85.429 Y112.579 E16.29943
G1 X84.97 Y112.055 E16.32301
G1 X84.796 Y111.531 E16.3417
G1 X84.85 Y111.007 E16.35953
G1 X85.679 Y109.958 E16.40479
G1 X85.853 Y109.434 E16.42348
G1 X85.799 Y108.91 E16.44131
G1 X84.97 Y107.862 E16.48654
G1 X84.796 Y107.338 E16.50523
G1 X84.85 Y106.814 E16.52306
G1 X85.679 Y105.765 E16.56832
G1 X85.853 Y105.241 E16.58701
G1 X85.799 Y104.717 E16.60484
G1 X84.97 Y103.669 E16.65007
G1 X84.796 Y103.145 E16.66876
G1 X84.85 Y102.621 E16.68659
G1 X85.679 Y101.572 E16.73185
G1 X85.853 Y101.048 E16.75054
G1 X85.799 Y100.524 E16.76837
G1 X84.97 Y99.476 E16.8136
G1 X84.796 Y98.952 E16.83229
G1 X84.85 Y98.428 E16.85012
G1 X85.679 Y97.379 E16.89538
G1 X85.853 Y96.855 E16.91407
G1 X85.799 Y96.331 E16.9319
G1 X84.97 Y95.283 E16.97713
G1 X84.796 Y94.759 E16.99582
G1 X84.85 Y94.235 E17.01365
G1 X85.679 Y93.186 E17.05891
G1 X85.853 Y92.662 E17.0776
G1 X85.799 Y92.138 E17.09543
G1 X84.97 Y91.09 E17.14066
G1 X84.796 Y90.566 E17.15935
G1 X84.85 Y90.042 E17.17718
G1 X85.679 Y88.993 E17.22244
G1 X85.853 Y88.469 E17.24113
G1 X85.799 Y87.945 E17.25896
G1 X84.97 Y86.897 E17.30419
G1 X84.922 Y86.752 E17.30936
G1 X82.738 Y86.752 E17.38329
G1 X82.753 Y86.897 E17.38822
G1 X83.123 Y87.421 E17.40993
G1 X83.582 Y87.945 E17.43351
G1 X83.756 Y88.469 E17.4522
G1 X83.702 Y88.993 E17.47003
G1 X82.873 Y90.042 E17.51529
G1 X82.7 Y90.566 E17.53397
G1 X82.753 Y91.09 E17.5518
G1 X83.582 Y92.138 E17.59703
G1 X83.756 Y92.662 E17.61572
G1 X83.702 Y93.186 E17.63355
G1 X82.873 Y94.235 E17.67881
G1 X82.7 Y94.759 E17.69749
G1 X82.753 Y95.283 E17.71532
G1 X83.582 Y96.331 E17.76055
G1 X83.756 Y96.855 E17.77924
G1 X83.702 Y97.379 E17.79707
G1 X82.873 Y98.428 E17.84233
G1 X82.7 Y98.952 E17.86101
G1 X82.753 Y99.476 E17.87884
G1 X83.582 Y100.524 E17.92407
G1 X83.756 Y101.048 E17.94276
G1 X83.702 Y101.572 E17.96059
G1 X82.873 Y102.621 E18.00585
G1 X82.7 Y103.145 E18.02453
G1 X82.753 Y103.669 E18.04236
G1 X83.582 Y104.717 E18.08759
G1 X83.756 Y105.241 E18.10628
G1 X83.702 Y105.765 E18.12411
G1 X82.873 Y106.814 E18.16937
G1 X82.7 Y107.338 E18.18805
G1 X82.753 Y107.862 E18.20588
G1 X83.582 Y108.91 E18.25111
G1 X83.756 Y109.434 E18.2698
G1 X83.702 Y109.958 E18.28763
G1 X82.873 Y111.007 E18.33289
G1 X82.7 Y111.531 E18.35157
G1 X82.753 Y112.055 E18.3694
G1 X83.582 Y113.103 E18.41463
G1 X83.63 Y113.248 E18.4198
G1 X81.621 Y113.248 E18.4878
G1 X81.606 Y113.103 E18.49273
G1 X81.236 Y112.579 E18.51444
G1 X80.777 Y112.055 E18.53802
G1 X80.603 Y111.531 E18.55671
G1 X80.657 Y111.007 E18.57454
G1 X81.486 Y109.958 E18.6198
G1 X81.659 Y109.434 E18.63848
G1 X81.606 Y108.91 E18.65631
G1 X80.777 Y107.862 E18.70154
G1 X80.603 Y107.338 E18.72023
G1 X80.657 Y106.814 E18.73806
G1 X81.486 Y105.765 E18.78332
G1 X81.659 Y105.241 E18.802
G1 X81.606 Y104.717 E18.81983
G1 X80.777 Y103.669 E18.86506
G1 X80.603 Y103.145 E18.88375
G1 X80.657 Y102.621 E18.90158
G1 X81.486 Y101.572 E18.94684
G1 X81.659 Y101.048 E18.96552
G1 X81.606 Y100.524 E18.98335
G1 X80.777 Y99.476 E19.02858
G1 X80.603 Y98.952 E19.04727
G1 X80.657 Y98.428 E19.0651
G1 X81.486 Y97.379 E19.11036
G1 X81.659 Y96.855 E19.12904
G1 X81.606 Y96.331 E19.14687
G1 X80.777 Y95.283 E19.1921
G1 X80.603 Y94.759 E19.21079
G1 X80.657 Y94.235 E19.22862
G1 X81.486 Y93.186 E19.27388
G1 X81.659 Y92.662 E19.29256
G1 X81.606 Y92.138 E19.31039
G1 X80.777 Y91.09 E19.35562
G1 X80.603 Y90.566 E19.37431
G1 X80.657 Y90.042 E19.39214
G1 X81.486 Y88.993 E19.4374
G1 X81.659 Y88.469 E19.45608
G1 X81.606 Y87.945 E19.47391
G1 X80.777 Y86.897 E19.51914
G1 X80.729 Y86.752 E19.52431
G1 X80.252 Y86.752 E19.54046
G1 X80.252 Y88.717 E19.60697
;LAYER_CHANGE
;Z:2.4
;HEIGHT:0.2
G1 E17.60697 F2400
G92 E0
G1 Z2.4 F7200
G1 X116.845 Y97.573
G1 E2 F2400
;TYPE:Perimeter
;WIDTH:0.449999
G1 F1200
G1 X117.254 Y97.749 E2.01507
G1 X117.891 Y98.189 E2.04128
G1 X118.457 Y98.791 E2.06925
G1 X118.781 Y99.302 E2.08973
G1 X119.023 Y99.897 E2.11147
G1 X119.168 Y100.58 E2.1351
G1 X119.19 Y101.169 E2.15505
G1 X119.071 Y101.934 E2.18126
G1 X118.773 Y102.705 E2.20924
G1 X118.312 Y103.391 E2.23722
G1 X117.885 Y103.82 E2.25771
G1 X117.439 Y104.144 E2.27637
G1 X116.863 Y104.431 E2.29815
G1 X115.97 Y104.658 E2.32934
G1 X115.331 Y104.69 E2.351
G1 X114.566 Y104.571 E2.37721
G1 X114.261 Y104.477 E2.38801
G1 X113.795 Y104.273 E2.40523
G1 X113.518 Y104.113 E2.41606
G1 X113.109 Y103.811 E2.43327
G1 X112.875 Y103.595 E2.44405
G1 X112.543 Y103.209 E2.46128
G1 X112.22 Y102.698 E2.48174
G1 X112.003 Y102.19 E2.50044
G1 X111.865 Y101.656 E2.51911
G1 X111.811 Y100.884 E2.54531
G1 X111.877 Y100.283 E2.56578
G1 X112.058 Y99.666 E2.58754
G1 X112.3 Y99.191 E2.60558
G1 X112.503 Y98.849 E2.61904
G1 X112.769 Y98.522 E2.63331
G1 X113.174 Y98.134 E2.65229
G1 X113.725 Y97.767 E2.6747
G1 X114.043 Y97.609 E2.68672
G1 X114.524 Y97.441 E2.70397
G1 X115.208 Y97.32 E2.72748
G1 X115.907 Y97.331 E2.75114
G1 X116.698 Y97.509 E2.77858
G1 X116.79 Y97.549 E2.78198
G1 X116.698 Y97.949 F7200
G1 F1200
G1 X117.077 Y98.116 E2.796
G1 X117.649 Y98.516 E2.81963
G1 X118.148 Y99.056 E2.84452
G1 X118.428 Y99.506 E2.86246
G1 X118.641 Y100.039 E2.88189
G1 X118.767 Y100.652 E2.90307
G1 X118.783 Y101.169 E2.92058
G1 X118.671 Y101.858 E2.94421
G1 X118.4 Y102.542 E2.96911
G1 X117.984 Y103.149 E2.99402
G1 X117.608 Y103.522 E3.01195
G1 X117.061 Y103.892 E3.0343
G1 X116.483 Y104.131 E3.05547
G1 X115.884 Y104.26 E3.07621
G1 X115.331 Y104.283 E3.09494
G1 X114.642 Y104.171 E3.11857
G1 X113.957 Y103.9 E3.1435
G1 X113.351 Y103.484 E3.16838
G1 X112.852 Y102.944 E3.19327
G1 X112.572 Y102.494 E3.21121
G1 X112.356 Y101.967 E3.23049
G1 X112.241 Y101.437 E3.24885
G1 X112.218 Y100.868 E3.26813
G1 X112.279 Y100.343 E3.28602
G1 X112.445 Y99.793 E3.30547
G1 X112.849 Y99.065 E3.33365
G1 X113.271 Y98.587 E3.35523
G1 X113.951 Y98.106 E3.38342
G1 X114.621 Y97.838 E3.40785
G1 X115.262 Y97.723 E3.42989
G1 X115.887 Y97.737 E3.45105
G1 X116.593 Y97.902 E3.47559
G1 X116.643 Y97.924 E3.47744
G1 X116.55 Y98.326 F7200
G1 F1200
G1 X116.998 Y98.542 E3.49427
G1 X117.408 Y98.844 E3.51151
G1 X117.84 Y99.322 E3.53332
G1 X118.119 Y99.802 E3.55211
G1 X118.289 Y100.287 E3.56951
G1 X118.376 Y100.83 E3.58812
G1 X118.365 Y101.283 E3.60346
G1 X118.271 Y101.783 E3.62068
G1 X118.027 Y102.379 E3.64248
G1 X117.656 Y102.908 E3.66435
G1 X117.26 Y103.28 E3.68274
G1 X116.891 Y103.522 E3.69768
G1 X116.397 Y103.733 E3.71586
G1 X115.799 Y103.862 E3.73657
G1 X115.217 Y103.865 E3.75627
G1 X114.717 Y103.771 E3.77349
G1 X114.12 Y103.527 E3.79532
G1 X113.592 Y103.156 E3.81716
G1 X113.16 Y102.678 E3.83897
G1 X112.885 Y102.209 E3.85737
G1 X112.734 Y101.805 E3.87197
G1 X112.644 Y101.362 E3.88727
G1 X112.625 Y100.853 E3.90451
G1 X112.695 Y100.339 E3.92207
G1 X112.864 Y99.84 E3.9399
G1 X113.199 Y99.272 E3.96222
G1 X113.564 Y98.869 E3.98062
G1 X114.176 Y98.445 E4.00582
G1 X114.756 Y98.222 E4.02685
G1 X115.315 Y98.127 E4.04604
G1 X115.867 Y98.144 E4.06473
G1 X116.488 Y98.296 E4.08637
G1 X116.496 Y98.299 E4.08666
G1 X116.403 Y98.698 F7200
;TYPE:External perimeter
G1 F1200
G1 X116.418 Y98.702 E4.08719
G1 X116.757 Y98.869 E4.09998
G1 X117.166 Y99.171 E4.11719
G1 X117.531 Y99.588 E4.13595
G1 X117.737 Y99.944 E4.14987
G1 X117.888 Y100.358 E4.16479
G1 X117.969 Y100.83 E4.181
G1 X117.965 Y101.207 E4.19376
G1 X117.871 Y101.707 E4.21098
G1 X117.654 Y102.217 E4.22974
G1 X117.329 Y102.666 E4.2485
G1 X117.031 Y102.944 E4.26229
G1 X116.721 Y103.152 E4.27493
G1 X116.311 Y103.335 E4.29013
G1 X115.713 Y103.464 E4.31084
G1 X115.293 Y103.465 E4.32506
G1 X114.793 Y103.371 E4.34228
G1 X114.283 Y103.154 E4.36104
G1 X113.834 Y102.829 E4.3798
G1 X113.469 Y102.412 E4.39856
G1 X113.264 Y102.06 E4.41235
G1 X113.131 Y101.715 E4.42487
G1 X113.051 Y101.347 E4.43762
G1 X113.031 Y100.838 E4.45486
G1 X113.092 Y100.431 E4.46879
G1 X113.237 Y100.006 E4.48399
G1 X113.549 Y99.479 E4.50472
G1 X113.892 Y99.123 E4.52145
G1 X114.401 Y98.784 E4.54215
G1 X114.89 Y98.606 E4.55976
G1 X115.403 Y98.529 E4.57732
G1 X115.938 Y98.57 E4.59548
G1 X116.345 Y98.682 E4.60977
G1 X116.709 Y98.849 F7200
G1 E2.60977 F2400
G92 E0
G1 X112.716 Y88.365 F7200
G1 E2 F2400
;TYPE:Perimeter
G1 F1200
G1 X112.767 Y88.103 E2.00903
G1 X112.978 Y87.609 E2.02721
G1 X113.344 Y87.092 E2.04865
G1 X113.822 Y86.66 E2.07046
G1 X114.497 Y86.304 E2.09629
;WIDTH:0.49638
G1 X115.278 Y86.11 E2.12663
;WIDTH:0.502511
G1 X115.869 Y86.118 E2.14922
G1 X116.179 Y86.207 E2.16155
;WIDTH:0.476255
G1 X116.488 Y86.296 E2.17314
;WIDTH:0.449999
G1 X117.065 Y86.583 E2.19495
G1 X117.493 Y86.92 E2.21339
G1 X117.78 Y87.24 E2.22794
G1 X118.056 Y87.686 E2.24569
G1 X118.27 Y88.216 E2.26504
G1 X118.365 Y88.717 E2.2823
G1 X118.369 Y89.261 E2.30071
G1 X118.291 Y89.707 E2.31604
G1 X118.123 Y90.187 E2.33325
G1 X117.793 Y90.741 E2.35508
G1 X117.348 Y91.208 E2.37691
G1 X116.81 Y91.564 E2.39875
G1 X116.283 Y91.771 E2.41792
G1 X115.783 Y91.865 E2.43514
G1 X115.138 Y91.856 E2.45697
G1 X114.55 Y91.714 E2.47745
G1 X113.935 Y91.417 E2.50057
G1 X113.52 Y91.093 E2.51839
G1 X113.177 Y90.702 E2.536
G1 X112.903 Y90.25 E2.55389
G1 X112.711 Y89.714 E2.57316
G1 X112.624 Y89.17 E2.59181
G1 X112.624 Y88.831 E2.60328
G1 X112.704 Y88.423 E2.61735
G1 X113.11 Y88.454 F7200
;TYPE:External perimeter
G1 F1200
G1 X113.165 Y88.189 E2.62651
G1 X113.369 Y87.744 E2.64308
G1 X113.671 Y87.334 E2.66032
G1 X114.088 Y86.969 E2.67908
G1 X114.678 Y86.669 E2.70148
G1 X115.358 Y86.532 E2.72496
G1 X115.891 Y86.557 E2.74302
G1 X116.383 Y86.689 E2.76026
G1 X116.875 Y86.943 E2.779
G1 X117.194 Y87.196 E2.79278
G1 X117.444 Y87.469 E2.80531
G1 X117.683 Y87.849 E2.82051
G1 X117.87 Y88.292 E2.83679
G1 X117.965 Y88.792 E2.85402
G1 X117.966 Y89.2 E2.86783
G1 X117.907 Y89.572 E2.88058
G1 X117.739 Y90.052 E2.89779
G1 X117.448 Y90.525 E2.91659
G1 X117.06 Y90.92 E2.93533
G1 X116.594 Y91.219 E2.95407
G1 X116.159 Y91.38 E2.96977
G1 X115.664 Y91.469 E2.98679
G1 X115.153 Y91.449 E3.0041
G1 X114.655 Y91.321 E3.0215
G1 X114.125 Y91.057 E3.04154
G1 X113.734 Y90.723 E3.05895
G1 X113.483 Y90.423 E3.07219
G1 X113.263 Y90.057 E3.08664
G1 X113.112 Y89.642 E3.10159
G1 X113.031 Y89.17 E3.1178
G1 X113.031 Y88.831 E3.12927
G1 X113.097 Y88.513 E3.14026
G1 X113.203 Y88.127 F7200
G1 E1.14026 F2400
G92 E0
G1 X120.054 Y113.554 F7200
G1 E2 F2400
;TYPE:Perimeter
G1 F2700
G1 X79.946 Y113.554 E3.35761
G1 X79.946 Y86.446 E4.27518
G1 X112.839 Y86.446 E5.38857
G1 X112.689 Y86.609 E5.39607
G1 X112.238 Y87.269 E5.42313
G1 X111.971 Y87.931 E5.44729
G1 X111.81 Y88.831 E5.47824
G1 X111.832 Y89.42 E5.49819
G1 X111.977 Y90.103 E5.52182
G1 X112.239 Y90.73 E5.54482
G1 X112.624 Y91.314 E5.5685
G1 X113.066 Y91.779 E5.59022
G1 X113.555 Y92.137 E5.61073
G1 X114.004 Y92.374 E5.62792
G1 X114.301 Y92.491 E5.63873
G1 X114.792 Y92.622 E5.65593
G1 X115.108 Y92.67 E5.66675
G1 X115.616 Y92.689 E5.68396
G1 X115.934 Y92.665 E5.69475
G1 X116.69 Y92.497 E5.72096
G1 X117.244 Y92.253 E5.74145
G1 X117.924 Y91.783 E5.76943
G1 X118.482 Y91.174 E5.79739
G1 X118.892 Y90.456 E5.82538
G1 X119.123 Y89.717 E5.85159
G1 X119.19 Y89.17 E5.87024
G1 X119.165 Y88.565 E5.89074
G1 X118.976 Y87.76 E5.91873
G1 X118.773 Y87.294 E5.93594
G1 X118.453 Y86.781 E5.95641
G1 X118.164 Y86.446 E5.97139
G1 X120.054 Y86.446 E6.03536
G1 X120.054 Y113.494 E6.9509
G1 X120.461 Y113.961 F7200
G1 F2700
G1 X79.539 Y113.961 E8.33606
G1 X79.539 Y86.039 E9.28119
G1 X114.115 Y86.039 E10.45154
G1 X113.557 Y86.352 E10.4732
G1 X113.016 Y86.851 E10.49811
G1 X112.608 Y87.439 E10.52234
G1 X112.369 Y88.017 E10.54351
G1 X112.217 Y88.831 E10.57154
G1 X112.233 Y89.348 E10.58905
G1 X112.359 Y89.961 E10.61023
G1 X112.586 Y90.518 E10.63059
G1 X112.927 Y91.042 E10.65175
G1 X113.32 Y91.461 E10.67119
G1 X113.745 Y91.777 E10.68912
G1 X114.195 Y92.014 E10.70634
G1 X114.444 Y92.108 E10.71535
G1 X115.123 Y92.263 E10.73892
G1 X115.858 Y92.265 E10.7638
G1 X116.541 Y92.118 E10.78745
G1 X117.027 Y91.908 E10.80537
G1 X117.636 Y91.496 E10.83026
G1 X118.138 Y90.958 E10.85517
G1 X118.507 Y90.321 E10.88009
G1 X118.717 Y89.681 E10.90289
G1 X118.783 Y89.17 E10.92033
G1 X118.765 Y88.641 E10.93825
G1 X118.603 Y87.923 E10.96316
G1 X118.4 Y87.457 E10.98037
G1 X118.117 Y87.01 E10.99828
G1 X117.791 Y86.643 E11.0149
G1 X117.414 Y86.328 E11.03153
G1 X116.906 Y86.039 E11.05131
G1 X120.461 Y86.039 E11.17164
G1 X120.461 Y113.901 E12.11473
G1 X120.868 Y114.368 F7200
G1 F2700
G1 X79.132 Y114.368 E13.52744
G1 X79.132 Y85.632 E14.50012
G1 X114.597 Y85.632 E15.70057
;WIDTH:0.491788
G1 X115.437 Y85.653 E15.73193
;WIDTH:0.517025
G1 X116.066 Y85.666 E15.75673
G1 X116.321 Y85.649 E15.7668
;WIDTH:0.483512
G1 X116.575 Y85.632 E15.77613
;WIDTH:0.449999
G1 X120.868 Y85.632 E15.92144
G1 X120.868 Y114.308 E16.89209
G1 X121.275 Y114.775 F7200
;TYPE:External perimeter
G1 F1800
G1 X78.725 Y114.775 E18.33235
G1 X78.725 Y85.225 E19.33258
G1 X121.275 Y85.225 E20.77284
G1 X121.275 Y114.715 E21.77104
G1 X120.879 Y114.774 F7200
G1 E19.77104 F2400
G92 E0
G1 X113.127 Y113.248 F7200
G1 E2 F2400
;TYPE:Internal infill
;WIDTH:0.45
G1 F3300
G1 X115.285 Y113.248 E2.07305
G1 X115.304 Y113.103 E2.078
G1 X115.017 Y112.579 E2.09822
G1 X114.414 Y112.055 E2.12526
G1 X114.116 Y111.531 E2.14566
G1 X114.047 Y111.007 E2.16355
G1 X114.335 Y110.483 E2.18379
G1 X114.937 Y109.958 E2.21083
G1 X115.235 Y109.434 E2.23123
G1 X115.304 Y108.91 E2.24912
G1 X115.017 Y108.386 E2.26934
G1 X114.414 Y107.862 E2.29638
G1 X114.116 Y107.338 E2.31678
G1 X114.047 Y106.814 E2.33467
G1 X114.335 Y106.29 E2.35491
G1 X114.937 Y105.765 E2.38195
G1 X115.235 Y105.241 E2.40235
G1 X115.268 Y104.99 E2.41092
G1 X116.029 Y104.957 E2.4367
G1 X117.012 Y104.698 E2.47111
G1 X117.332 Y105.241 E2.49244
G1 X117.401 Y105.765 E2.51033
G1 X117.113 Y106.29 E2.5306
G1 X116.511 Y106.814 E2.55762
G1 X116.212 Y107.338 E2.57804
G1 X116.144 Y107.862 E2.59593
G1 X116.431 Y108.386 E2.61615
G1 X117.034 Y108.91 E2.64319
G1 X117.332 Y109.434 E2.66359
G1 X117.401 Y109.958 E2.68148
G1 X117.113 Y110.483 E2.70175
G1 X116.511 Y111.007 E2.72877
G1 X116.212 Y111.531 E2.74919
G1 X116.144 Y112.055 E2.76708
G1 X116.431 Y112.579 E2.7873
G1 X117.034 Y113.103 E2.81434
G1 X117.116 Y113.248 E2.81998
G1 X119.478 Y113.248 E2.89993
G1 X119.497 Y113.103 E2.90488
G1 X119.21 Y112.579 E2.9251
G1 X118.607 Y112.055 E2.95214
G1 X118.309 Y111.531 E2.97254
G1 X118.24 Y111.007 E2.99043
G1 X118.528 Y110.483 E3.01067
G1 X119.13 Y109.958 E3.03771
G1 X119.429 Y109.434 E3.05813
G1 X119.497 Y108.91 E3.07602
G1 X119.21 Y108.386 E3.09624
G1 X118.607 Y107.862 E3.12328
G1 X118.309 Y107.338 E3.14368
G1 X118.24 Y106.814 E3.16157
G1 X118.528 Y106.29 E3.18181
G1 X119.13 Y105.765 E3.20885
G1 X119.429 Y105.241 E3.22927
G1 X119.497 Y104.717 E3.24716
G1 X119.21 Y104.193 E3.26738
G1 X118.554 Y103.576 E3.29786
G1 X119.051 Y102.832 E3.32815
G1 X119.259 Y102.355 E3.34576
G1 X119.479 Y101.355 E3.38042
G1 E1.38042 F2400
G92 E0
G1 X117.173 Y97.371 F7200
G1 E2 F2400
G1 F3300
G1 X116.084 Y97.041 E2.03852
G1 X115.14 Y97.022 E2.07048
G1 X115.235 Y96.855 E2.07698
G1 X115.304 Y96.331 E2.09487
G1 X115.017 Y95.807 E2.11509
G1 X114.414 Y95.283 E2.14213
G1 X114.116 Y94.759 E2.16253
G1 X114.047 Y94.235 E2.18042
G1 X114.335 Y93.71 E2.20069
G1 X114.937 Y93.186 E2.22771
G1 X115.065 Y92.962 E2.23644
G1 X115.986 Y92.966 E2.26762
G1 X116.684 Y92.823 E2.29174
G1 X117.282 Y92.575 E2.31365
G1 X117.401 Y93.186 E2.33472
G1 X117.113 Y93.71 E2.35496
G1 X116.511 Y94.235 E2.382
G1 X116.212 Y94.759 E2.40242
G1 X116.144 Y95.283 E2.42031
G1 X116.431 Y95.807 E2.44053
G1 X117.034 Y96.331 E2.46757
G1 X117.332 Y96.855 E2.48797
G1 X117.401 Y97.379 E2.50586
G1 X117.357 Y97.46 E2.50898
G1 X118.077 Y97.946 E2.53838
G1 X118.36 Y98.21 E2.55148
G1 X118.528 Y97.903 E2.56333
G1 X119.13 Y97.379 E2.59035
G1 X119.429 Y96.855 E2.61077
G1 X119.497 Y96.331 E2.62866
G1 X119.21 Y95.807 E2.64888
G1 X118.607 Y95.283 E2.67592
G1 X118.309 Y94.759 E2.69632
G1 X118.24 Y94.235 E2.71421
G1 X118.528 Y93.71 E2.73448
G1 X119.13 Y93.186 E2.7615
G1 X119.429 Y92.662 E2.78192
G1 X119.497 Y92.138 E2.79981
G1 X119.21 Y91.614 E2.82003
G1 X118.794 Y91.252 E2.8387
G1 X119.178 Y90.562 E2.86543
G1 X119.418 Y89.807 E2.89225
G1 X119.477 Y89.422 E2.90543
G1 X119.495 Y88.827 E2.92558
G1 X119.44 Y88.378 E2.94089
G1 X119.497 Y87.945 E2.95567
G1 X118.802 Y86.752 E3.0024
G1 X119.748 Y86.752 E3.03442
G1 X119.748 Y87.559 E3.06174
G1 E1.06174 F2400
G92 E0
G1 X111.538 Y88.516 F7200
G1 E2 F2400
G1 F3300
G1 X111.531 Y89.469 E2.03226
G1 X111.689 Y90.206 E2.05777
G1 X111.978 Y90.877 E2.0825
G1 X111.951 Y91.09 E2.08977
G1 X112.238 Y91.614 E2.10999
G1 X112.841 Y92.138 E2.13703
G1 X113.139 Y92.662 E2.15743
G1 X113.208 Y93.186 E2.17532
G1 X112.92 Y93.71 E2.19556
G1 X112.318 Y94.235 E2.2226
G1 X112.019 Y94.759 E2.24302
G1 X111.951 Y95.283 E2.26091
G1 X112.238 Y95.807 E2.28113
G1 X112.841 Y96.331 E2.30817
G1 X113.139 Y96.855 E2.32857
G1 X113.208 Y97.379 E2.34646
G1 X112.92 Y97.903 E2.3667
G1 X112.318 Y98.428 E2.39374
G1 X112.019 Y98.952 E2.41416
G1 X111.641 Y99.957 E2.4505
G1 X111.513 Y100.658 E2.47462
G1 X111.566 Y101.72 E2.51061
G1 X111.675 Y102.177 E2.52651
G1 X112.075 Y103.047 E2.55892
G1 X111.951 Y103.669 E2.58039
G1 X112.238 Y104.193 E2.60061
G1 X112.841 Y104.717 E2.62765
G1 X113.139 Y105.241 E2.64805
G1 X113.208 Y105.765 E2.66594
G1 X112.92 Y106.29 E2.68621
G1 X112.318 Y106.814 E2.71323
G1 X112.019 Y107.338 E2.73365
G1 X111.951 Y107.862 E2.75154
G1 X112.238 Y108.386 E2.77176
G1 X112.841 Y108.91 E2.7988
G1 X113.139 Y109.434 E2.8192
G1 X113.208 Y109.958 E2.83709
G1 X112.92 Y110.483 E2.85736
G1 X112.318 Y111.007 E2.88438
G1 X112.019 Y111.531 E2.9048
G1 X111.951 Y112.055 E2.92269
G1 X112.238 Y112.579 E2.94291
G1 X112.841 Y113.103 E2.96995
G1 X112.923 Y113.248 E2.97559
G1 X111.092 Y113.248 E3.03757
G1 X111.111 Y113.103 E3.04252
G1 X110.824 Y112.579 E3.06274
G1 X110.221 Y112.055 E3.08978
G1 X109.923 Y111.531 E3.11018
G1 X109.854 Y111.007 E3.12807
G1 X110.142 Y110.483 E3.14831
G1 X110.744 Y109.958 E3.17535
G1 X111.042 Y109.434 E3.19575
G1 X111.111 Y108.91 E3.21364
G1 X110.824 Y108.386 E3.23386
G1 X110.221 Y107.862 E3.2609
G1 X109.923 Y107.338 E3.2813
G1 X109.854 Y106.814 E3.29919
G1 X110.142 Y106.29 E3.31943
G1 X110.744 Y105.765 E3.34647
G1 X111.042 Y105.241 E3.36687
G1 X111.111 Y104.717 E3.38476
G1 X110.824 Y104.193 E3.40498
G1 X110.221 Y103.669 E3.43202
G1 X109.923 Y103.145 E3.45242
G1 X109.854 Y102.621 E3.47031
G1 X110.142 Y102.097 E3.49055
G1 X110.744 Y101.572 E3.51759
G1 X111.042 Y101.048 E3.53799
G1 X111.111 Y100.524 E3.55588
G1 X110.824 Y100 E3.5761
G1 X110.221 Y99.476 E3.60314
G1 X109.923 Y98.952 E3.62354
G1 X109.854 Y98.428 E3.64143
G1 X110.142 Y97.903 E3.6617
G1 X110.744 Y97.379 E3.68872
G1 X111.042 Y96.855 E3.70912
G1 X111.111 Y96.331 E3.72701
G1 X110.824 Y95.807 E3.74723
G1 X110.221 Y95.283 E3.77427
G1 X109.923 Y94.759 E3.79467
G1 X109.854 Y94.235 E3.81256
G1 X110.142 Y93.71 E3.83283
G1 X110.744 Y93.186 E3.85985
G1 X111.042 Y92.662 E3.88025
G1 X111.111 Y92.138 E3.89814
G1 X110.824 Y91.614 E3.91836
G1 X110.221 Y91.09 E3.9454
G1 X109.923 Y90.566 E3.9658
G1 X109.854 Y90.042 E3.98369
G1 X110.142 Y89.517 E4.00396
G1 X110.744 Y88.993 E4.03098
G1 X111.042 Y88.469 E4.05138
G1 X111.111 Y87.945 E4.06927
G1 X110.824 Y87.421 E4.08949
G1 X110.221 Y86.897 E4.11653
G1 X110.139 Y86.752 E4.12217
G1 X107.777 Y86.752 E4.20212
G1 X107.758 Y86.897 E4.20707
G1 X108.045 Y87.421 E4.22729
G1 X108.648 Y87.945 E4.25433
G1 X108.946 Y88.469 E4.27473
G1 X109.015 Y88.993 E4.29262
G1 X108.727 Y89.517 E4.31286
G1 X108.125 Y90.042 E4.3399
G1 X107.826 Y90.566 E4.36032
G1 X107.758 Y91.09 E4.37821
G1 X108.045 Y91.614 E4.39843
G1 X108.648 Y92.138 E4.42547
G1 X108.946 Y92.662 E4.44587
G1 X109.015 Y93.186 E4.46376
G1 X108.727 Y93.71 E4.484
G1 X108.125 Y94.235 E4.51104
G1 X107.826 Y94.759 E4.53146
G1 X107.758 Y95.283 E4.54935
G1 X108.045 Y95.807 E4.56957
G1 X108.648 Y96.331 E4.59661
G1 X108.946 Y96.855 E4.61701
G1 X109.015 Y97.379 E4.6349
G1 X108.727 Y97.903 E4.65514
G1 X108.125 Y98.428 E4.68218
G1 X107.826 Y98.952 E4.7026
G1 X107.758 Y99.476 E4.72049
G1 X108.045 Y100 E4.74071
G1 X108.648 Y100.524 E4.76775
G1 X108.946 Y101.048 E4.78815
G1 X109.015 Y101.572 E4.80604
G1 X108.727 Y102.097 E4.82631
G1 X108.125 Y102.621 E4.85333
G1 X107.826 Y103.145 E4.87375
G1 X107.758 Y103.669 E4.89164
G1 X108.045 Y104.193 E4.91186
G1 X108.648 Y104.717 E4.9389
G1 X108.946 Y105.241 E4.9593
G1 X109.015 Y105.765 E4.97719
G1 X108.727 Y106.29 E4.99746
G1 X108.125 Y106.814 E5.02448
G1 X107.826 Y107.338 E5.0449
G1 X107.758 Y107.862 E5.06279
G1 X108.045 Y108.386 E5.08301
G1 X108.648 Y108.91 E5.11005
G1 X108.946 Y109.434 E5.13045
G1 X109.015 Y109.958 E5.14834
G1 X108.727 Y110.483 E5.16861
G1 X108.125 Y111.007 E5.19563
G1 X107.826 Y111.531 E5.21605
G1 X107.758 Y112.055 E5.23394
G1 X108.045 Y112.579 E5.25416
G1 X108.648 Y113.103 E5.2812
G1 X108.73 Y113.248 E5.28684
G1 X106.899 Y113.248 E5.34882
G1 X106.918 Y113.103 E5.35377
G1 X106.631 Y112.579 E5.37399
G1 X106.028 Y112.055 E5.40103
G1 X105.73 Y111.531 E5.42143
G1 X105.661 Y111.007 E5.43932
G1 X105.949 Y110.483 E5.45956
G1 X106.551 Y109.958 E5.4866
G1 X106.849 Y109.434 E5.507
G1 X106.918 Y108.91 E5.52489
G1 X106.631 Y108.386 E5.54511
G1 X106.028 Y107.862 E5.57215
G1 X105.73 Y107.338 E5.59255
G1 X105.661 Y106.814 E5.61044
G1 X105.949 Y106.29 E5.63068
G1 X106.551 Y105.765 E5.65772
G1 X106.849 Y105.241 E5.67812
G1 X106.918 Y104.717 E5.69601
G1 X106.631 Y104.193 E5.71623
G1 X106.028 Y103.669 E5.74327
G1 X105.73 Y103.145 E5.76367
G1 X105.661 Y102.621 E5.78156
G1 X105.949 Y102.097 E5.8018
G1 X106.551 Y101.572 E5.82884
G1 X106.849 Y101.048 E5.84924
G1 X106.918 Y100.524 E5.86713
G1 X106.631 Y100 E5.88735
G1 X106.028 Y99.476 E5.91439
G1 X105.73 Y98.952 E5.93479
G1 X105.661 Y98.428 E5.95268
G1 X105.949 Y97.903 E5.97295
G1 X106.551 Y97.379 E5.99997
G1 X106.849 Y96.855 E6.02037
G1 X106.918 Y96.331 E6.03826
G1 X106.631 Y95.807 E6.05848
G1 X106.028 Y95.283 E6.08552
G1 X105.73 Y94.759 E6.10592
G1 X105.661 Y94.235 E6.12381
G1 X105.949 Y93.71 E6.14408
G1 X106.551 Y93.186 E6.1711
G1 X106.849 Y92.662 E6.1915
G1 X106.918 Y92.138 E6.20939
G1 X106.631 Y91.614 E6.22961
G1 X106.028 Y91.09 E6.25665
G1 X105.73 Y90.566 E6.27705
G1 X105.661 Y90.042 E6.29494
G1 X105.949 Y89.517 E6.31521
G1 X106.551 Y88.993 E6.34223
G1 X106.849 Y88.469 E6.36263
G1 X106.918 Y87.945 E6.38052
G1 X106.631 Y87.421 E6.40074
G1 X106.028 Y86.897 E6.42778
G1 X105.946 Y86.752 E6.43342
G1 X103.584 Y86.752 E6.51337
G1 X103.564 Y86.897 E6.51832
G1 X103.852 Y87.421 E6.53856
G1 X104.454 Y87.945 E6.56558
G1 X104.753 Y88.469 E6.586
G1 X104.822 Y88.993 E6.60389
G1 X104.534 Y89.517 E6.62413
G1 X103.932 Y90.042 E6.65117
G1 X103.633 Y90.566 E6.67159
G1 X103.564 Y91.09 E6.68948
G1 X103.852 Y91.614 E6.70972
G1 X104.454 Y92.138 E6.73674
G1 X104.753 Y92.662 E6.75716
G1 X104.822 Y93.186 E6.77505
G1 X104.534 Y93.71 E6.79529
G1 X103.932 Y94.235 E6.82233
G1 X103.633 Y94.759 E6.84275
G1 X103.564 Y95.283 E6.86064
G1 X103.852 Y95.807 E6.88088
G1 X104.454 Y96.331 E6.9079
G1 X104.753 Y96.855 E6.92832
G1 X104.822 Y97.379 E6.94621
G1 X104.534 Y97.903 E6.96645
G1 X103.932 Y98.428 E6.99349
G1 X103.633 Y98.952 E7.01391
G1 X103.564 Y99.476 E7.0318
G1 X103.852 Y100 E7.05204
G1 X104.454 Y100.524 E7.07906
G1 X104.753 Y101.048 E7.09948
G1 X104.822 Y101.572 E7.11737
G1 X104.534 Y102.097 E7.13764
G1 X103.932 Y102.621 E7.16466
G1 X103.633 Y103.145 E7.18508
G1 X103.564 Y103.669 E7.20297
G1 X103.852 Y104.193 E7.22321
G1 X104.454 Y104.717 E7.25023
G1 X104.753 Y105.241 E7.27065
G1 X104.822 Y105.765 E7.28854
G1 X104.534 Y106.29 E7.30881
G1 X103.932 Y106.814 E7.33583
G1 X103.633 Y107.338 E7.35625
G1 X103.564 Y107.862 E7.37414
G1 X103.852 Y108.386 E7.39438
G1 X104.454 Y108.91 E7.4214
G1 X104.753 Y109.434 E7.44182
G1 X104.822 Y109.958 E7.45971
G1 X104.534 Y110.483 E7.47998
G1 X103.932 Y111.007 E7.507
G1 X103.633 Y111.531 E7.52742
G1 X103.564 Y112.055 E7.54531
G1 X103.852 Y112.579 E7.56555
G1 X104.454 Y113.103 E7.59257
G1 X104.537 Y113.248 E7.59823
G1 X102.706 Y113.248 E7.66021
G1 X102.725 Y113.103 E7.66516
G1 X102.437 Y112.579 E7.6854
G1 X101.835 Y112.055 E7.71242
G1 X101.537 Y111.531 E7.73282
G1 X101.468 Y111.007 E7.75071
G1 X101.756 Y110.483 E7.77095
G1 X102.358 Y109.958 E7.79799
G1 X102.656 Y109.434 E7.81839
G1 X102.725 Y108.91 E7.83628
G1 X102.437 Y108.386 E7.85652
G1 X101.835 Y107.862 E7.88354
G1 X101.537 Y107.338 E7.90394
G1 X101.468 Y106.814 E7.92183
G1 X101.756 Y106.29 E7.94207
G1 X102.358 Y105.765 E7.96911
G1 X102.656 Y105.241 E7.98951
G1 X102.725 Y104.717 E8.0074
G1 X102.437 Y104.193 E8.02764
G1 X101.835 Y103.669 E8.05466
G1 X101.537 Y103.145 E8.07506
G1 X101.468 Y102.621 E8.09295
G1 X101.756 Y102.097 E8.11319
G1 X102.358 Y101.572 E8.14023
G1 X102.656 Y101.048 E8.16063
G1 X102.725 Y100.524 E8.17852
G1 X102.437 Y100 E8.19876
G1 X101.835 Y99.476 E8.22578
G1 X101.537 Y98.952 E8.24618
G1 X101.468 Y98.428 E8.26407
G1 X101.756 Y97.903 E8.28434
G1 X102.358 Y97.379 E8.31136
G1 X102.656 Y96.855 E8.33176
G1 X102.725 Y96.331 E8.34965
G1 X102.437 Y95.807 E8.36989
G1 X101.835 Y95.283 E8.39691
G1 X101.537 Y94.759 E8.41731
G1 X101.468 Y94.235 E8.4352
G1 X101.756 Y93.71 E8.45547
G1 X102.358 Y93.186 E8.48249
G1 X102.656 Y92.662 E8.50289
G1 X102.725 Y92.138 E8.52078
G1 X102.437 Y91.614 E8.54102
G1 X101.835 Y91.09 E8.56804
G1 X101.537 Y90.566 E8.58844
G1 X101.468 Y90.042 E8.60633
G1 X101.756 Y89.517 E8.6266
G1 X102.358 Y88.993 E8.65362
G1 X102.656 Y88.469 E8.67402
G1 X102.725 Y87.945 E8.69191
G1 X102.437 Y87.421 E8.71215
G1 X101.835 Y86.897 E8.73917
G1 X101.752 Y86.752 E8.74483
G1 X99.39 Y86.752 E8.82478
G1 X99.371 Y86.897 E8.82973
G1 X99.659 Y87.421 E8.84997
G1 X100.261 Y87.945 E8.87699
G1 X100.56 Y88.469 E8.89741
G1 X100.629 Y88.993 E8.9153
G1 X100.341 Y89.517 E8.93554
G1 X99.739 Y90.042 E8.96258
G1 X99.44 Y90.566 E8.983
G1 X99.371 Y91.09 E9.00089
G1 X99.659 Y91.614 E9.02113
G1 X100.261 Y92.138 E9.04815
G1 X100.56 Y92.662 E9.06857
G1 X100.629 Y93.186 E9.08646
G1 X100.341 Y93.71 E9.1067
G1 X99.739 Y94.235 E9.13374
G1 X99.44 Y94.759 E9.15416
G1 X99.371 Y95.283 E9.17205
G1 X99.659 Y95.807 E9.19229
G1 X100.261 Y96.331 E9.21931
G1 X100.56 Y96.855 E9.23973
G1 X100.629 Y97.379 E9.25762
G1 X100.341 Y97.903 E9.27786
G1 X99.739 Y98.428 E9.3049
G1 X99.44 Y98.952 E9.32532
G1 X99.371 Y99.476 E9.34321
G1 X99.659 Y100 E9.36345
G1 X100.261 Y100.524 E9.39047
G1 X100.56 Y101.048 E9.41089
G1 X100.629 Y101.572 E9.42878
G1 X100.341 Y102.097 E9.44905
G1 X99.739 Y102.621 E9.47607
G1 X99.44 Y103.145 E9.49649
G1 X99.371 Y103.669 E9.51438
G1 X99.659 Y104.193 E9.53462
G1 X100.261 Y104.717 E9.56164
G1 X100.56 Y105.241 E9.58206
G1 X100.629 Y105.765 E9.59995
G1 X100.341 Y106.29 E9.62022
G1 X99.739 Y106.814 E9.64724
G1 X99.44 Y107.338 E9.66766
G1 X99.371 Y107.862 E9.68555
G1 X99.659 Y108.386 E9.70579
G1 X100.261 Y108.91 E9.73281
G1 X100.56 Y109.434 E9.75323
G1 X100.629 Y109.958 E9.77112
G1 X100.341 Y110.483 E9.79139
G1 X99.739 Y111.007 E9.81841
G1 X99.44 Y111.531 E9.83883
G1 X99.371 Y112.055 E9.85672
G1 X99.659 Y112.579 E9.87696
G1 X100.261 Y113.103 E9.90398
G1 X100.344 Y113.248 E9.90964
G1 X98.513 Y113.248 E9.97162
G1 X98.532 Y113.103 E9.97657
G1 X98.244 Y112.579 E9.99681
G1 X97.642 Y112.055 E10.02383
G1 X97.344 Y111.531 E10.04423
G1 X97.275 Y111.007 E10.06212
G1 X97.563 Y110.483 E10.08236
G1 X98.165 Y109.958 E10.1094
G1 X98.463 Y109.434 E10.1298
G1 X98.532 Y108.91 E10.14769
G1 X98.244 Y108.386 E10.16793
G1 X97.642 Y107.862 E10.19495
G1 X97.344 Y107.338 E10.21535
G1 X97.275 Y106.814 E10.23324
G1 X97.563 Y106.29 E10.25348
G1 X98.165 Y105.765 E10.28052
G1 X98.463 Y105.241 E10.30092
G1 X98.532 Y104.717 E10.31881
G1 X98.244 Y104.193 E10.33905
G1 X97.642 Y103.669 E10.36607
G1 X97.344 Y103.145 E10.38647
G1 X97.275 Y102.621 E10.40436
G1 X97.563 Y102.097 E10.4246
G1 X98.165 Y101.572 E10.45164
G1 X98.463 Y101.048 E10.47204
G1 X98.532 Y100.524 E10.48993
G1 X98.244 Y100 E10.51017
G1 X97.642 Y99.476 E10.53719
G1 X97.344 Y98.952 E10.55759
G1 X97.275 Y98.428 E10.57548
G1 X97.563 Y97.903 E10.59575
G1 X98.165 Y97.379 E10.62277
G1 X98.463 Y96.855 E10.64317
G1 X98.532 Y96.331 E10.66106
G1 X98.244 Y95.807 E10.6813
G1 X97.642 Y95.283 E10.70832
G1 X97.344 Y94.759 E10.72872
G1 X97.275 Y94.235 E10.74661
G1 X97.563 Y93.71 E10.76688
G1 X98.165 Y93.186 E10.7939
G1 X98.463 Y92.662 E10.8143
G1 X98.532 Y92.138 E10.83219
G1 X98.244 Y91.614 E10.85243
G1 X97.642 Y91.09 E10.87945
G1 X97.344 Y90.566 E10.89985
G1 X97.275 Y90.042 E10.91774
G1 X97.563 Y89.517 E10.93801
G1 X98.165 Y88.993 E10.96503
G1 X98.463 Y88.469 E10.98543
G1 X98.532 Y87.945 E11.00332
G1 X98.244 Y87.421 E11.02356
G1 X97.642 Y86.897 E11.05058
G1 X97.559 Y86.752 E11.05624
G1 X95.197 Y86.752 E11.13619
G1 X95.178 Y86.897 E11.14114
G1 X95.466 Y87.421 E11.16138
G1 X96.068 Y87.945 E11.1884
G1 X96.367 Y88.469 E11.20882
G1 X96.436 Y88.993 E11.22671
G1 X96.148 Y89.517 E11.24695
G1 X95.546 Y90.042 E11.27399
G1 X95.247 Y90.566 E11.29441
G1 X95.178 Y91.09 E11.3123
G1 X95.466 Y91.614 E11.33254
G1 X96.068 Y92.138 E11.35956
G1 X96.367 Y92.662 E11.37998
G1 X96.436 Y93.186 E11.39787
G1 X96.148 Y93.71 E11.41811
G1 X95.546 Y94.235 E11.44515
G1 X95.247 Y94.759 E11.46557
G1 X95.178 Y95.283 E11.48346
G1 X95.466 Y95.807 E11.5037
G1 X96.068 Y96.331 E11.53072
G1 X96.367 Y96.855 E11.55114
G1 X96.436 Y97.379 E11.56903
G1 X96.148 Y97.903 E11.58927
G1 X95.546 Y98.428 E11.61631
G1 X95.247 Y98.952 E11.63673
G1 X95.178 Y99.476 E11.65462
G1 X95.466 Y100 E11.67486
G1 X96.068 Y100.524 E11.70188
G1 X96.367 Y101.048 E11.7223
G1 X96.436 Y101.572 E11.74019
G1 X96.148 Y102.097 E11.76046
G1 X95.546 Y102.621 E11.78748
G1 X95.247 Y103.145 E11.8079
G1 X95.178 Y103.669 E11.82579
G1 X95.466 Y104.193 E11.84603
G1 X96.068 Y104.717 E11.87305
G1 X96.367 Y105.241 E11.89347
G1 X96.436 Y105.765 E11.91136
G1 X96.148 Y106.29 E11.93163
G1 X95.546 Y106.814 E11.95865
G1 X95.247 Y107.338 E11.97907
G1 X95.178 Y107.862 E11.99696
G1 X95.466 Y108.386 E12.0172
G1 X96.068 Y108.91 E12.04422
G1 X96.367 Y109.434 E12.06464
G1 X96.436 Y109.958 E12.08253
G1 X96.148 Y110.483 E12.1028
G1 X95.546 Y111.007 E12.12982
G1 X95.247 Y111.531 E12.15024
G1 X95.178 Y112.055 E12.16813
G1 X95.466 Y112.579 E12.18837
G1 X96.068 Y113.103 E12.21539
G1 X96.151 Y113.248 E12.22105
G1 X94.32 Y113.248 E12.28303
G1 X94.339 Y113.103 E12.28798
G1 X94.051 Y112.579 E12.30822
G1 X93.449 Y112.055 E12.33524
G1 X93.151 Y111.531 E12.35564
G1 X93.082 Y111.007 E12.37353
G1 X93.37 Y110.483 E12.39377
G1 X93.972 Y109.958 E12.42081
G1 X94.27 Y109.434 E12.44121
G1 X94.339 Y108.91 E12.4591
G1 X94.051 Y108.386 E12.47934
G1 X93.449 Y107.862 E12.50636
G1 X93.151 Y107.338 E12.52676
G1 X93.082 Y106.814 E12.54465
G1 X93.37 Y106.29 E12.56489
G1 X93.972 Y105.765 E12.59193
G1 X94.27 Y105.241 E12.61233
G1 X94.339 Y104.717 E12.63022
G1 X94.051 Y104.193 E12.65046
G1 X93.449 Y103.669 E12.67748
G1 X93.151 Y103.145 E12.69788
G1 X93.082 Y102.621 E12.71577
G1 X93.37 Y102.097 E12.73601
G1 X93.972 Y101.572 E12.76305
G1 X94.27 Y101.048 E12.78345
G1 X94.339 Y100.524 E12.80134
G1 X94.051 Y100 E12.82158
G1 X93.449 Y99.476 E12.8486
G1 X93.151 Y98.952 E12.869
G1 X93.082 Y98.428 E12.88689
G1 X93.37 Y97.903 E12.90716
G1 X93.972 Y97.379 E12.93418
G1 X94.27 Y96.855 E12.95458
G1 X94.339 Y96.331 E12.97247
G1 X94.051 Y95.807 E12.99271
G1 X93.449 Y95.283 E13.01973
G1 X93.151 Y94.759 E13.04013
G1 X93.082 Y94.235 E13.05802
G1 X93.37 Y93.71 E13.07829
G1 X93.972 Y93.186 E13.10531
G1 X94.27 Y92.662 E13.12571
G1 X94.339 Y92.138 E13.1436
G1 X94.051 Y91.614 E13.16384
G1 X93.449 Y91.09 E13.19086
G1 X93.151 Y90.566 E13.21126
G1 X93.082 Y90.042 E13.22915
G1 X93.37 Y89.517 E13.24942
G1 X93.972 Y88.993 E13.27644
G1 X94.27 Y88.469 E13.29684
G1 X94.339 Y87.945 E13.31473
G1 X94.051 Y87.421 E13.33497
G1 X93.449 Y86.897 E13.36199
G1 X93.366 Y86.752 E13.36765
G1 X91.004 Y86.752 E13.4476
G1 X90.985 Y86.897 E13.45255
G1 X91.273 Y87.421 E13.47279
G1 X91.875 Y87.945 E13.49981
G1 X92.174 Y88.469 E13.52023
G1 X92.243 Y88.993 E13.53812
G1 X91.955 Y89.517 E13.55836
G1 X91.353 Y90.042 E13.5854
G1 X91.054 Y90.566 E13.60582
G1 X90.985 Y91.09 E13.62371
G1 X91.273 Y91.614 E13.64395
G1 X91.875 Y92.138 E13.67097
G1 X92.174 Y92.662 E13.69139
G1 X92.243 Y93.186 E13.70928
G1 X91.955 Y93.71 E13.72952
G1 X91.353 Y94.235 E13.75656
G1 X91.054 Y94.759 E13.77698
G1 X90.985 Y95.283 E13.79487
G1 X91.273 Y95.807 E13.81511
G1 X91.875 Y96.331 E13.84213
G1 X92.174 Y96.855 E13.86255
G1 X92.243 Y97.379 E13.88044
G1 X91.955 Y97.903 E13.90068
G1 X91.353 Y98.428 E13.92772
G1 X91.054 Y98.952 E13.94814
G1 X90.985 Y99.476 E13.96603
G1 X91.273 Y100 E13.98627
G1 X91.875 Y100.524 E14.01329
G1 X92.174 Y101.048 E14.03371
G1 X92.243 Y101.572 E14.0516
G1 X91.955 Y102.097 E14.07187
G1 X91.353 Y102.621 E14.09889
G1 X91.054 Y103.145 E14.11931
G1 X90.985 Y103.669 E14.1372
G1 X91.273 Y104.193 E14.15744
G1 X91.875 Y104.717 E14.18446
G1 X92.174 Y105.241 E14.20488
G1 X92.243 Y105.765 E14.22277
G1 X91.955 Y106.29 E14.24304
G1 X91.353 Y106.814 E14.27006
G1 X91.054 Y107.338 E14.29048
G1 X90.985 Y107.862 E14.30837
G1 X91.273 Y108.386 E14.32861
G1 X91.875 Y108.91 E14.35563
G1 X92.174 Y109.434 E14.37605
G1 X92.243 Y109.958 E14.39394
G1 X91.955 Y110.483 E14.41421
G1 X91.353 Y111.007 E14.44123
G1 X91.054 Y111.531 E14.46165
G1 X90.985 Y112.055 E14.47954
G1 X91.273 Y112.579 E14.49978
G1 X91.875 Y113.103 E14.5268
G1 X91.958 Y113.248 E14.53246
G1 X90.127 Y113.248 E14.59444
G1 X90.146 Y113.103 E14.59939
G1 X89.858 Y112.579 E14.61963
G1 X89.256 Y112.055 E14.64665
G1 X88.958 Y111.531 E14.66705
G1 X88.889 Y111.007 E14.68494
G1 X89.176 Y110.483 E14.70516
G1 X89.779 Y109.958 E14.73222
G1 X90.077 Y109.434 E14.75262
G1 X90.146 Y108.91 E14.77051
G1 X89.858 Y108.386 E14.79075
G1 X89.256 Y107.862 E14.81777
G1 X88.958 Y107.338 E14.83817
G1 X88.889 Y106.814 E14.85606
G1 X89.176 Y106.29 E14.87628
G1 X89.779 Y105.765 E14.90334
G1 X90.077 Y105.241 E14.92374
G1 X90.146 Y104.717 E14.94163
G1 X89.858 Y104.193 E14.96187
G1 X89.256 Y103.669 E14.98889
G1 X88.958 Y103.145 E15.00929
G1 X88.889 Y102.621 E15.02718
G1 X89.176 Y102.097 E15.0474
G1 X89.779 Y101.572 E15.07446
G1 X90.077 Y101.048 E15.09486
G1 X90.146 Y100.524 E15.11275
G1 X89.858 Y100 E15.13299
G1 X89.256 Y99.476 E15.16001
G1 X88.958 Y98.952 E15.18041
G1 X88.889 Y98.428 E15.1983
G1 X89.176 Y97.903 E15.21855
G1 X89.779 Y97.379 E15.24559
G1 X90.077 Y96.855 E15.26599
G1 X90.146 Y96.331 E15.28388
G1 X89.858 Y95.807 E15.30412
G1 X89.256 Y95.283 E15.33114
G1 X88.958 Y94.759 E15.35154
G1 X88.889 Y94.235 E15.36943
G1 X89.176 Y93.71 E15.38968
G1 X89.779 Y93.186 E15.41672
G1 X90.077 Y92.662 E15.43712
G1 X90.146 Y92.138 E15.45501
G1 X89.858 Y91.614 E15.47525
G1 X89.256 Y91.09 E15.50227
G1 X88.958 Y90.566 E15.52267
G1 X88.889 Y90.042 E15.54056
G1 X89.176 Y89.517 E15.56081
G1 X89.779 Y88.993 E15.58785
G1 X90.077 Y88.469 E15.60825
G1 X90.146 Y87.945 E15.62614
G1 X89.858 Y87.421 E15.64638
G1 X89.256 Y86.897 E15.6734
G1 X89.173 Y86.752 E15.67906
G1 X86.811 Y86.752 E15.75901
G1 X86.792 Y86.897 E15.76396
G1 X87.08 Y87.421 E15.7842
G1 X87.682 Y87.945 E15.81122
G1 X87.981 Y88.469 E15.83164
G1 X88.049 Y88.993 E15.84953
G1 X87.762 Y89.517 E15.86975
G1 X87.159 Y90.042 E15.89681
G1 X86.861 Y90.566 E15.91721
G1 X86.792 Y91.09 E15.9351
G1 X87.08 Y91.614 E15.95534
G1 X87.682 Y92.138 E15.98236
G1 X87.981 Y92.662 E16.00278
G1 X88.049 Y93.186 E16.02067
G1 X87.762 Y93.71 E16.04089
G1 X87.159 Y94.235 E16.06795
G1 X86.861 Y94.759 E16.08835
G1 X86.792 Y95.283 E16.10624
G1 X87.08 Y95.807 E16.12648
G1 X87.682 Y96.331 E16.1535
G1 X87.981 Y96.855 E16.17392
G1 X88.049 Y97.379 E16.19181
G1 X87.762 Y97.903 E16.21203
G1 X87.159 Y98.428 E16.23909
G1 X86.861 Y98.952 E16.25949
G1 X86.792 Y99.476 E16.27738
G1 X87.08 Y100 E16.29762
G1 X87.682 Y100.524 E16.32464
G1 X87.981 Y101.048 E16.34506
G1 X88.049 Y101.572 E16.36295
G1 X87.762 Y102.097 E16.3832
G1 X87.159 Y102.621 E16.41024
G1 X86.861 Y103.145 E16.43064
G1 X86.792 Y103.669 E16.44853
G1 X87.08 Y104.193 E16.46877
G1 X87.682 Y104.717 E16.49579
G1 X87.981 Y105.241 E16.51621
G1 X88.049 Y105.765 E16.5341
G1 X87.762 Y106.29 E16.55435
G1 X87.159 Y106.814 E16.58139
G1 X86.861 Y107.338 E16.60179
G1 X86.792 Y107.862 E16.61968
G1 X87.08 Y108.386 E16.63992
G1 X87.682 Y108.91 E16.66694
G1 X87.981 Y109.434 E16.68736
G1 X88.049 Y109.958 E16.70525
G1 X87.762 Y110.483 E16.7255
G1 X87.159 Y111.007 E16.75254
G1 X86.861 Y111.531 E16.77294
G1 X86.792 Y112.055 E16.79083
G1 X87.08 Y112.579 E16.81107
G1 X87.682 Y113.103 E16.83809
G1 X87.765 Y113.248 E16.84375
G1 X85.934 Y113.248 E16.90573
G1 X85.953 Y113.103 E16.91068
G1 X85.665 Y112.579 E16.93092
G1 X85.063 Y112.055 E16.95794
G1 X84.765 Y111.531 E16.97834
G1 X84.696 Y111.007 E16.99623
G1 X84.983 Y110.483 E17.01645
G1 X85.586 Y109.958 E17.04351
G1 X85.884 Y109.434 E17.06391
G1 X85.953 Y108.91 E17.0818
G1 X85.665 Y108.386 E17.10204
G1 X85.063 Y107.862 E17.12906
G1 X84.765 Y107.338 E17.14946
G1 X84.696 Y106.814 E17.16735
G1 X84.983 Y106.29 E17.18757
G1 X85.586 Y105.765 E17.21463
G1 X85.884 Y105.241 E17.23503
G1 X85.953 Y104.717 E17.25292
G1 X85.665 Y104.193 E17.27316
G1 X85.063 Y103.669 E17.30018
G1 X84.765 Y103.145 E17.32058
G1 X84.696 Y102.621 E17.33847
G1 X84.983 Y102.097 E17.35869
G1 X85.586 Y101.572 E17.38575
G1 X85.884 Y101.048 E17.40615
G1 X85.953 Y100.524 E17.42404
G1 X85.665 Y100 E17.44428
G1 X85.063 Y99.476 E17.4713
G1 X84.765 Y98.952 E17.4917
G1 X84.696 Y98.428 E17.50959
G1 X84.983 Y97.903 E17.52984
G1 X85.586 Y97.379 E17.55688
G1 X85.884 Y96.855 E17.57728
G1 X85.953 Y96.331 E17.59517
G1 X85.665 Y95.807 E17.61541
G1 X85.063 Y95.283 E17.64243
G1 X84.765 Y94.759 E17.66283
G1 X84.696 Y94.235 E17.68072
G1 X84.983 Y93.71 E17.70097
G1 X85.586 Y93.186 E17.72801
G1 X85.884 Y92.662 E17.74841
G1 X85.953 Y92.138 E17.7663
G1 X85.665 Y91.614 E17.78654
G1 X85.063 Y91.09 E17.81356
G1 X84.765 Y90.566 E17.83396
G1 X84.696 Y90.042 E17.85185
G1 X84.983 Y89.517 E17.8721
G1 X85.586 Y88.993 E17.89914
G1 X85.884 Y88.469 E17.91954
G1 X85.953 Y87.945 E17.93743
G1 X85.665 Y87.421 E17.95767
G1 X85.063 Y86.897 E17.98469
G1 X84.98 Y86.752 E17.99035
G1 X82.618 Y86.752 E18.0703
G1 X82.599 Y86.897 E18.07525
G1 X82.887 Y87.421 E18.09549
G1 X83.489 Y87.945 E18.12251
G1 X83.788 Y88.469 E18.14293
G1 X83.856 Y88.993 E18.16082
G1 X83.569 Y89.517 E18.18104
G1 X82.966 Y90.042 E18.2081
G1 X82.668 Y90.566 E18.2285
G1 X82.599 Y91.09 E18.24639
G1 X82.887 Y91.614 E18.26663
G1 X83.489 Y92.138 E18.29365
G1 X83.788 Y92.662 E18.31407
G1 X83.856 Y93.186 E18.33196
G1 X83.569 Y93.71 E18.35218
G1 X82.966 Y94.235 E18.37924
G1 X82.668 Y94.759 E18.39964
G1 X82.599 Y95.283 E18.41753
G1 X82.887 Y95.807 E18.43777
G1 X83.489 Y96.331 E18.46479
G1 X83.788 Y96.855 E18.48521
G1 X83.856 Y97.379 E18.5031
G1 X83.569 Y97.903 E18.52332
G1 X82.966 Y98.428 E18.55038
G1 X82.668 Y98.952 E18.57078
G1 X82.599 Y99.476 E18.58867
G1 X82.887 Y100 E18.60891
G1 X83.489 Y100.524 E18.63593
G1 X83.788 Y101.048 E18.65635
G1 X83.856 Y101.572 E18.67424
G1 X83.569 Y102.097 E18.69449
G1 X82.966 Y102.621 E18.72153
G1 X82.668 Y103.145 E18.74193
G1 X82.599 Y103.669 E18.75982
G1 X82.887 Y104.193 E18.78006
G1 X83.489 Y104.717 E18.80708
G1 X83.788 Y105.241 E18.8275
G1 X83.856 Y105.765 E18.84539
G1 X83.569 Y106.29 E18.86564
G1 X82.966 Y106.814 E18.89268
G1 X82.668 Y107.338 E18.91308
G1 X82.599 Y107.862 E18.93097
G1 X82.887 Y108.386 E18.95121
G1 X83.489 Y108.91 E18.97823
G1 X83.788 Y109.434 E18.99865
G1 X83.856 Y109.958 E19.01654
G1 X83.569 Y110.483 E19.03679
G1 X82.966 Y111.007 E19.06383
G1 X82.668 Y111.531 E19.08423
G1 X82.599 Y112.055 E19.10212
G1 X82.887 Y112.579 E19.12236
G1 X83.489 Y113.103 E19.14938
G1 X83.572 Y113.248 E19.15504
G1 X81.741 Y113.248 E19.21702
G1 X81.76 Y113.103 E19.22197
G1 X81.472 Y112.579 E19.24221
G1 X80.87 Y112.055 E19.26923
G1 X80.571 Y111.531 E19.28965
G1 X80.503 Y111.007 E19.30754
G1 X80.79 Y110.483 E19.32776
G1 X81.393 Y109.958 E19.35482
G1 X81.691 Y109.434 E19.37522
G1 X81.76 Y108.91 E19.39311
G1 X81.472 Y108.386 E19.41335
G1 X80.87 Y107.862 E19.44037
G1 X80.571 Y107.338 E19.46079
G1 X80.503 Y106.814 E19.47868
G1 X80.79 Y106.29 E19.4989
G1 X81.393 Y105.765 E19.52596
G1 X81.691 Y105.241 E19.54636
G1 X81.76 Y104.717 E19.56425
G1 X81.472 Y104.193 E19.58449
G1 X80.87 Y103.669 E19.61151
G1 X80.571 Y103.145 E19.63193
G1 X80.503 Y102.621 E19.64982
G1 X80.79 Y102.097 E19.67004
G1 X81.393 Y101.572 E19.6971
G1 X81.691 Y101.048 E19.7175
G1 X81.76 Y100.524 E19.73539
G1 X81.472 Y100 E19.75563
G1 X80.87 Y99.476 E19.78265
G1 X80.571 Y98.952 E19.80307
G1 X80.503 Y98.428 E19.82096
G1 X80.79 Y97.903 E19.84121
G1 X81.393 Y97.379 E19.86825
G1 X81.691 Y96.855 E19.88865
G1 X81.76 Y96.331 E19.90654
G1 X81.472 Y95.807 E19.92678
G1 X80.87 Y95.283 E19.9538
G1 X80.571 Y94.759 E19.97422
G1 X80.503 Y94.235 E19.99211
G1 X80.79 Y93.71 E20.01236
G1 X81.393 Y93.186 E20.0394
G1 X81.691 Y92.662 E20.0598
G1 X81.76 Y92.138 E20.07769
G1 X81.472 Y91.614 E20.09793
G1 X80.87 Y91.09 E20.12495
G1 X80.571 Y90.566 E20.14537
G1 X80.503 Y90.042 E20.16326
G1 X80.79 Y89.517 E20.18351
G1 X81.393 Y88.993 E20.21055
G1 X81.691 Y88.469 E20.23095
G1 X81.76 Y87.945 E20.24884
G1 X81.472 Y87.421 E20.26908
G1 X80.87 Y86.897 E20.2961
G1 X80.787 Y86.752 E20.30176
G1 X80.252 Y86.752 E20.31987
G1 X80.252 Y88.658 E20.38439
M106 S109.65
;LAYER_CHANGE
;Z:2.6
;HEIGHT:0.2
G1 E18.38439 F2400
G92 E0
G1 Z2.6 F7200
G1 X116.842 Y97.582
G1 E2 F2400
;TYPE:Perimeter
;WIDTH:0.449999
G1 F1200
G1 X117.205 Y97.727 E2.01323
G1 X117.891 Y98.189 E2.04123
G1 X118.457 Y98.791 E2.0692
G1 X118.78 Y99.302 E2.08966
G1 X118.997 Y99.81 E2.10836
G1 X119.165 Y100.565 E2.13454
G1 X119.19 Y101.169 E2.155
G1 X119.071 Y101.934 E2.18121
G1 X118.773 Y102.705 E2.20919
G1 X118.453 Y103.219 E2.22968
G1 X117.848 Y103.844 E2.25912
G1 X117.229 Y104.262 E2.2844
G1 X116.69 Y104.497 E2.3043
G1 X115.935 Y104.665 E2.33048
G1 X115.331 Y104.69 E2.35094
G1 X114.687 Y104.601 E2.37295
G1 X114.388 Y104.516 E2.38347
G1 X113.826 Y104.287 E2.40401
G1 X113.281 Y103.953 E2.42565
G1 X112.656 Y103.348 E2.45509
G1 X112.238 Y102.729 E2.48037
G1 X112.1 Y102.432 E2.49146
G1 X111.919 Y101.882 E2.51106
G1 X111.85 Y101.524 E2.5234
G1 X111.813 Y100.919 E2.54392
G1 X111.835 Y100.566 E2.55589
G1 X111.929 Y100.066 E2.57311
G1 X112.023 Y99.761 E2.58391
G1 X112.227 Y99.295 E2.60113
G1 X112.547 Y98.781 E2.62162
G1 X113.152 Y98.156 E2.65106
G1 X113.732 Y97.762 E2.67479
G1 X114.31 Y97.503 E2.69623
G1 X115.161 Y97.328 E2.72564
G1 X115.909 Y97.331 E2.75096
G1 X116.486 Y97.44 E2.77084
G1 X116.786 Y97.56 E2.78178
G1 X116.694 Y97.958 F7200
G1 F1200
G1 X117.043 Y98.1 E2.79453
G1 X117.649 Y98.516 E2.81941
G1 X118.148 Y99.057 E2.84432
G1 X118.428 Y99.506 E2.86223
G1 X118.67 Y100.141 E2.88523
G1 X118.765 Y100.641 E2.90246
G1 X118.783 Y101.169 E2.92034
G1 X118.671 Y101.858 E2.94397
G1 X118.4 Y102.543 E2.9689
G1 X118.117 Y102.989 E2.98678
G1 X117.566 Y103.551 E3.01342
G1 X117.017 Y103.915 E3.03572
G1 X116.542 Y104.118 E3.0532
G1 X115.859 Y104.265 E3.07685
G1 X115.331 Y104.283 E3.09473
G1 X114.755 Y104.199 E3.11443
G1 X113.98 Y103.91 E3.14243
G1 X113.511 Y103.617 E3.16115
G1 X112.949 Y103.066 E3.18779
G1 X112.585 Y102.517 E3.21009
G1 X112.306 Y101.754 E3.23759
G1 X112.257 Y101.499 E3.24638
G1 X112.219 Y100.894 E3.2669
G1 X112.329 Y100.142 E3.29263
G1 X112.6 Y99.457 E3.31756
G1 X112.883 Y99.011 E3.33544
G1 X113.434 Y98.449 E3.36208
G1 X113.944 Y98.109 E3.38283
G1 X114.458 Y97.882 E3.40185
G1 X115.23 Y97.729 E3.42849
G1 X115.889 Y97.737 E3.4508
G1 X116.396 Y97.837 E3.46829
G1 X116.638 Y97.936 E3.47714
G1 X116.548 Y98.33 F7200
G1 F1200
G1 X116.88 Y98.473 E3.48938
G1 X117.408 Y98.844 E3.51122
G1 X117.84 Y99.322 E3.53303
G1 X118.115 Y99.791 E3.55143
G1 X118.27 Y100.216 E3.56674
G1 X118.365 Y100.717 E3.584
G1 X118.367 Y101.275 E3.60289
G1 X118.271 Y101.783 E3.62039
G1 X118.027 Y102.38 E3.64222
G1 X117.7 Y102.855 E3.66174
G1 X117.283 Y103.258 E3.68137
G1 X116.804 Y103.567 E3.70066
G1 X116.284 Y103.77 E3.71956
G1 X115.783 Y103.865 E3.73682
G1 X115.228 Y103.867 E3.75561
G1 X114.696 Y103.762 E3.77396
G1 X114.134 Y103.533 E3.7945
G1 X113.689 Y103.242 E3.8125
G1 X113.242 Y102.783 E3.83419
G1 X112.933 Y102.304 E3.85348
G1 X112.692 Y101.627 E3.8778
G1 X112.625 Y100.868 E3.90359
G1 X112.729 Y100.217 E3.9259
G1 X112.973 Y99.62 E3.94773
G1 X113.265 Y99.182 E3.96555
G1 X113.717 Y98.742 E3.9869
G1 X114.156 Y98.457 E4.00462
G1 X114.648 Y98.247 E4.02273
G1 X115.298 Y98.13 E4.04509
G1 X115.868 Y98.144 E4.06439
G1 X116.362 Y98.25 E4.08149
G1 X116.493 Y98.306 E4.08631
G1 X116.4 Y98.708 F7200
;TYPE:External perimeter
G1 F1200
G1 X116.717 Y98.846 E4.09801
G1 X117.166 Y99.171 E4.11677
G1 X117.531 Y99.588 E4.13553
G1 X117.736 Y99.94 E4.14932
G1 X117.87 Y100.292 E4.16207
G1 X117.965 Y100.792 E4.1793
G1 X117.965 Y101.207 E4.19335
G1 X117.871 Y101.707 E4.21057
G1 X117.654 Y102.217 E4.22933
G1 X117.417 Y102.562 E4.2435
G1 X117.001 Y102.965 E4.2631
G1 X116.56 Y103.236 E4.28062
G1 X116.208 Y103.37 E4.29337
G1 X115.708 Y103.465 E4.3106
G1 X115.296 Y103.466 E4.32455
G1 X114.849 Y103.385 E4.33993
G1 X114.287 Y103.156 E4.36047
G1 X113.938 Y102.917 E4.37479
G1 X113.535 Y102.501 E4.39439
G1 X113.265 Y102.063 E4.41181
G1 X113.079 Y101.5 E4.43188
G1 X113.032 Y100.843 E4.45418
G1 X113.129 Y100.293 E4.47308
G1 X113.346 Y99.783 E4.49184
G1 X113.571 Y99.45 E4.50544
G1 X113.999 Y99.035 E4.52562
G1 X114.426 Y98.77 E4.54263
G1 X114.796 Y98.629 E4.55603
G1 X115.367 Y98.532 E4.57563
G1 X115.867 Y98.552 E4.59257
G1 X116.251 Y98.643 E4.60593
G1 X116.345 Y98.684 E4.6094
G1 X116.707 Y98.853 F7200
G1 E2.6094 F2400
G92 E0
G1 X112.715 Y88.364 F7200
G1 E2 F2400
;TYPE:Perimeter
G1 F1200
G1 X112.765 Y88.109 E2.0088
G1 X112.978 Y87.61 E2.02716
G1 X113.344 Y87.092 E2.04863
G1 X113.822 Y86.66 E2.07044
G1 X114.291 Y86.385 E2.08884
;WIDTH:0.498183
G1 X114.505 Y86.283 E2.09781
;WIDTH:0.546367
G1 X114.719 Y86.18 E2.10775
G1 X115.294 Y86.107 E2.13201
;WIDTH:0.502535
G1 X115.87 Y86.118 E2.15403
G1 X116.179 Y86.207 E2.16632
;WIDTH:0.476267
G1 X116.488 Y86.296 E2.17791
;WIDTH:0.449999
G1 X117.065 Y86.583 E2.19972
G1 X117.493 Y86.92 E2.21816
G1 X117.78 Y87.24 E2.23271
G1 X118.056 Y87.686 E2.25046
G1 X118.27 Y88.216 E2.26981
G1 X118.365 Y88.717 E2.28707
G1 X118.367 Y89.275 E2.30596
G1 X118.271 Y89.783 E2.32346
G1 X118.027 Y90.38 E2.34529
G1 X117.656 Y90.908 E2.36713
G1 X117.178 Y91.34 E2.38894
G1 X116.709 Y91.615 E2.40734
G1 X116.284 Y91.77 E2.42265
G1 X115.783 Y91.865 E2.43991
G1 X115.138 Y91.856 E2.46174
G1 X114.512 Y91.704 E2.48355
G1 X113.976 Y91.438 E2.5038
G1 X113.55 Y91.123 E2.52173
G1 X113.201 Y90.735 E2.53939
G1 X112.933 Y90.304 E2.55657
G1 X112.73 Y89.784 E2.57547
G1 X112.635 Y89.283 E2.59273
G1 X112.624 Y88.831 E2.60803
G1 X112.704 Y88.423 E2.6221
G1 X113.109 Y88.454 F7200
;TYPE:External perimeter
G1 F1200
G1 X113.163 Y88.194 E2.63109
G1 X113.369 Y87.744 E2.64784
G1 X113.671 Y87.334 E2.66508
G1 X114.088 Y86.969 E2.68384
G1 X114.44 Y86.764 E2.69763
G1 X114.796 Y86.629 E2.71052
G1 X115.367 Y86.532 E2.73012
G1 X115.891 Y86.557 E2.74788
G1 X116.383 Y86.689 E2.76512
G1 X116.875 Y86.943 E2.78386
G1 X117.194 Y87.196 E2.79764
G1 X117.444 Y87.469 E2.81017
G1 X117.683 Y87.849 E2.82537
G1 X117.87 Y88.292 E2.84165
G1 X117.965 Y88.792 E2.85888
G1 X117.965 Y89.207 E2.87293
G1 X117.871 Y89.707 E2.89015
G1 X117.654 Y90.217 E2.90891
G1 X117.329 Y90.666 E2.92767
G1 X116.912 Y91.031 E2.94643
G1 X116.56 Y91.236 E2.96022
G1 X116.017 Y91.407 E2.97949
G1 X115.662 Y91.469 E2.99169
G1 X115.153 Y91.449 E3.00893
G1 X114.617 Y91.311 E3.02766
G1 X114.166 Y91.078 E3.04484
G1 X113.803 Y90.801 E3.0603
G1 X113.508 Y90.465 E3.07543
G1 X113.264 Y90.06 E3.09143
G1 X113.13 Y89.708 E3.10418
G1 X113.035 Y89.208 E3.12141
G1 X113.031 Y88.831 E3.13417
G1 X113.097 Y88.513 E3.14516
G1 X113.204 Y88.128 F7200
G1 E1.14516 F2400
G92 E0
G1 X120.054 Y113.554 F7200
G1 E2 F2400
;TYPE:Perimeter
G1 F2700
G1 X79.946 Y113.554 E3.35761
G1 X79.946 Y86.446 E4.27518
G1 X112.839 Y86.446 E5.38857
G1 X112.689 Y86.609 E5.39607
G1 X112.237 Y87.271 E5.4232
G1 X111.969 Y87.938 E5.44753
G1 X111.81 Y88.831 E5.47823
G1 X111.835 Y89.435 E5.49869
G1 X112.003 Y90.19 E5.52487
G1 X112.238 Y90.729 E5.54477
G1 X112.619 Y91.308 E5.56823
G1 X113.066 Y91.779 E5.59021
G1 X113.555 Y92.137 E5.61072
G1 X114.004 Y92.374 E5.62791
G1 X114.301 Y92.491 E5.63872
G1 X114.792 Y92.622 E5.65592
G1 X115.108 Y92.67 E5.66674
G1 X115.616 Y92.689 E5.68395
G1 X115.935 Y92.665 E5.69478
G1 X116.69 Y92.497 E5.72096
G1 X117.198 Y92.28 E5.73966
G1 X117.709 Y91.957 E5.76012
G1 X118.311 Y91.391 E5.78809
G1 X118.773 Y90.705 E5.81609
G1 X119.071 Y89.934 E5.84407
G1 X119.19 Y89.169 E5.87028
G1 X119.165 Y88.565 E5.89074
G1 X118.976 Y87.76 E5.91873
G1 X118.773 Y87.294 E5.93594
G1 X118.453 Y86.781 E5.95641
G1 X118.164 Y86.446 E5.97139
G1 X120.054 Y86.446 E6.03536
G1 X120.054 Y113.494 E6.9509
G1 X120.461 Y113.961 F7200
G1 F2700
G1 X79.539 Y113.961 E8.33606
G1 X79.539 Y86.039 E9.28119
G1 X114.074 Y86.039 E10.45016
G1 X113.557 Y86.352 E10.47062
G1 X113.016 Y86.851 E10.49553
G1 X112.607 Y87.441 E10.51983
G1 X112.367 Y88.024 E10.54117
G1 X112.217 Y88.831 E10.56895
G1 X112.235 Y89.359 E10.58683
G1 X112.382 Y90.042 E10.61048
G1 X112.585 Y90.517 E10.62796
G1 X112.923 Y91.037 E10.64895
G1 X113.32 Y91.461 E10.66861
G1 X113.786 Y91.798 E10.68808
G1 X114.407 Y92.097 E10.71141
G1 X115.123 Y92.263 E10.73629
G1 X115.859 Y92.265 E10.7612
G1 X116.491 Y92.136 E10.78303
G1 X116.994 Y91.928 E10.80145
G1 X117.443 Y91.648 E10.81936
G1 X117.984 Y91.149 E10.84427
G1 X118.4 Y90.543 E10.86915
G1 X118.671 Y89.858 E10.89408
G1 X118.783 Y89.169 E10.91771
G1 X118.765 Y88.641 E10.93559
G1 X118.603 Y87.923 E10.9605
G1 X118.4 Y87.457 E10.97771
G1 X118.117 Y87.01 E10.99562
G1 X117.791 Y86.643 E11.01224
G1 X117.414 Y86.328 E11.02887
G1 X116.906 Y86.039 E11.04865
G1 X120.461 Y86.039 E11.16898
G1 X120.461 Y113.901 E12.11207
G1 X120.868 Y114.368 F7200
G1 F2700
G1 X79.132 Y114.368 E13.52478
G1 X79.132 Y85.632 E14.49746
G1 X114.149 Y85.632 E15.68274
;WIDTH:0.498183
G1 X114.413 Y85.656 E15.69278
;WIDTH:0.546367
G1 X114.677 Y85.68 E15.70388
G1 X115.06 Y85.667 E15.71992
;WIDTH:0.519037
G1 X115.443 Y85.653 E15.73509
;WIDTH:0.517026
G1 X116.066 Y85.666 E15.75966
G1 X116.321 Y85.649 E15.76973
;WIDTH:0.483513
G1 X116.575 Y85.632 E15.77906
;WIDTH:0.449999
G1 X120.868 Y85.632 E15.92437
G1 X120.868 Y114.308 E16.89502
G1 X121.275 Y114.775 F7200
;TYPE:External perimeter
G1 F1800
G1 X78.725 Y114.775 E18.33528
G1 X78.725 Y85.225 E19.33551
G1 X121.275 Y85.225 E20.77577
G1 X121.275 Y114.715 E21.77397
G1 X120.879 Y114.774 F7200
G1 E19.77397 F2400
G92 E0
G1 X113.088 Y113.248 F7200
G1 E2 F2400
;TYPE:Internal infill
;WIDTH:0.45
G1 F3300
G1 X115.461 Y113.248 E2.08032
G1 X115.584 Y112.841 E2.09471
G1 X115.491 Y112.579 E2.10412
G1 X114.493 Y112.055 E2.14227
G1 X114.048 Y111.531 E2.16554
G1 X113.83 Y111.007 E2.18475
G1 X113.768 Y110.745 E2.19386
G1 X113.86 Y110.483 E2.20326
G1 X114.858 Y109.958 E2.24143
G1 X115.304 Y109.434 E2.26472
G1 X115.584 Y108.648 E2.29296
G1 X115.491 Y108.386 E2.30237
G1 X114.493 Y107.862 E2.34052
G1 X114.048 Y107.338 E2.36379
G1 X113.768 Y106.552 E2.39203
G1 X113.86 Y106.29 E2.40143
G1 X114.858 Y105.765 E2.4396
G1 X115.304 Y105.241 E2.46289
G1 X115.406 Y104.995 E2.4719
G1 X115.987 Y104.966 E2.49159
G1 X116.957 Y104.72 E2.52546
G1 X117.4 Y105.241 E2.54861
G1 X117.68 Y106.028 E2.57688
G1 X117.588 Y106.29 E2.58628
G1 X116.59 Y106.814 E2.62443
G1 X116.144 Y107.338 E2.64772
G1 X115.864 Y108.124 E2.67596
G1 X115.956 Y108.386 E2.68536
G1 X116.955 Y108.91 E2.72354
G1 X117.4 Y109.434 E2.74681
G1 X117.68 Y110.221 E2.77508
G1 X117.588 Y110.483 E2.78448
G1 X116.59 Y111.007 E2.82263
G1 X116.144 Y111.531 E2.84592
G1 X115.864 Y112.317 E2.87416
G1 X115.956 Y112.579 E2.88356
G1 X116.955 Y113.103 E2.92174
G1 X117.078 Y113.248 E2.92818
G1 X119.748 Y113.248 E3.01856
G1 X119.748 Y112.761 E3.03504
G1 X119.685 Y112.579 E3.04156
G1 X118.686 Y112.055 E3.07974
G1 X118.241 Y111.531 E3.10301
G1 X117.961 Y110.745 E3.13125
G1 X118.053 Y110.483 E3.14065
G1 X119.051 Y109.958 E3.17882
G1 X119.497 Y109.434 E3.20211
G1 X119.748 Y108.767 E3.22623
G1 X119.685 Y108.386 E3.2393
G1 X118.686 Y107.862 E3.27748
G1 X118.241 Y107.338 E3.30075
G1 X117.961 Y106.552 E3.32899
G1 X118.053 Y106.29 E3.33839
G1 X119.051 Y105.765 E3.37656
G1 X119.497 Y105.241 E3.39985
G1 X119.748 Y104.574 E3.42397
G1 X119.685 Y104.193 E3.43704
G1 X118.686 Y103.669 E3.47522
G1 X118.578 Y103.542 E3.48086
G1 X118.899 Y103.106 E3.49919
G1 X119.259 Y102.356 E3.52735
G1 X119.47 Y101.465 E3.55834
G1 X119.495 Y101.05 E3.57241
G1 X119.715 Y100.524 E3.59171
G1 X119.748 Y100.182 E3.60334
G1 X119.685 Y100 E3.60986
G1 X119.312 Y99.804 E3.62412
G1 X118.873 Y98.851 E3.65964
G1 X118.198 Y98.058 E3.69489
G1 X117.502 Y97.547 F7200
G1 F3300
G1 X116.715 Y97.187 E3.72418
G1 X116.084 Y97.041 E3.7461
G1 X115.162 Y97.022 E3.77732
G1 X115.304 Y96.855 E3.78474
G1 X115.522 Y96.331 E3.80395
G1 X115.584 Y96.069 E3.81306
G1 X115.491 Y95.807 E3.82247
G1 X114.493 Y95.283 E3.86062
G1 X114.048 Y94.759 E3.88389
G1 X113.768 Y93.973 E3.91213
G1 X113.86 Y93.71 E3.92156
G1 X114.858 Y93.186 E3.95971
G1 X115.042 Y92.97 E3.96931
G1 X115.987 Y92.966 E4.0013
G1 X116.557 Y92.857 E4.02094
G1 X117.314 Y92.561 E4.04845
G1 X117.618 Y93.186 E4.07198
G1 X117.68 Y93.448 E4.08109
G1 X117.588 Y93.71 E4.09049
G1 X116.59 Y94.235 E4.12866
G1 X116.144 Y94.759 E4.15195
G1 X115.864 Y95.545 E4.18019
G1 X115.956 Y95.807 E4.18959
G1 X116.955 Y96.331 E4.22777
G1 X117.4 Y96.855 E4.25104
G1 X117.677 Y97.651 E4.27957
G1 X118.046 Y97.923 E4.29509
G1 X119.051 Y97.379 E4.33377
G1 X119.497 Y96.855 E4.35706
G1 X119.715 Y96.331 E4.37627
G1 X119.748 Y95.989 E4.3879
G1 X119.685 Y95.807 E4.39442
G1 X118.686 Y95.283 E4.4326
G1 X118.241 Y94.759 E4.45587
G1 X117.961 Y93.973 E4.48411
G1 X118.053 Y93.71 E4.49354
G1 X119.051 Y93.186 E4.53169
G1 X119.497 Y92.662 E4.55498
G1 X119.715 Y92.138 E4.57419
G1 X119.748 Y91.796 E4.58582
G1 X119.685 Y91.614 E4.59234
G1 X118.85 Y91.176 E4.62426
G1 X119.051 Y90.833 E4.63772
G1 X119.37 Y89.996 E4.66804
G1 X119.495 Y89.174 E4.69618
G1 X119.465 Y88.507 E4.71878
G1 X119.715 Y87.945 E4.7396
G1 X119.748 Y87.603 E4.75123
G1 X119.685 Y87.421 E4.75775
G1 X118.989 Y87.056 E4.78435
G1 X118.802 Y86.752 E4.79643
G1 X119.748 Y86.752 E4.82845
G1 X119.748 Y87.399 E4.85035
G1 E2.85035 F2400
G92 E0
G1 X109.973 Y86.752 F7200
G1 E2 F2400
G1 F3300
G1 X107.601 Y86.752 E2.08029
G1 X107.478 Y87.159 E2.09468
G1 X107.57 Y87.421 E2.10408
G1 X108.568 Y87.945 E2.14223
G1 X109.014 Y88.469 E2.16552
G1 X109.294 Y89.255 E2.19376
G1 X109.202 Y89.517 E2.20316
G1 X108.204 Y90.042 E2.24133
G1 X107.758 Y90.566 E2.26462
G1 X107.478 Y91.352 E2.29286
G1 X107.57 Y91.614 E2.30226
G1 X108.568 Y92.138 E2.34041
G1 X109.014 Y92.662 E2.3637
G1 X109.294 Y93.448 E2.39194
G1 X109.202 Y93.71 E2.40134
G1 X108.204 Y94.235 E2.43951
G1 X107.758 Y94.759 E2.4628
G1 X107.478 Y95.545 E2.49104
G1 X107.57 Y95.807 E2.50044
G1 X108.568 Y96.331 E2.53859
G1 X109.014 Y96.855 E2.56188
G1 X109.294 Y97.641 E2.59012
G1 X109.202 Y97.903 E2.59952
G1 X108.204 Y98.428 E2.63769
G1 X107.758 Y98.952 E2.66098
G1 X107.478 Y99.738 E2.68922
G1 X107.57 Y100 E2.69862
G1 X108.568 Y100.524 E2.73677
G1 X109.014 Y101.048 E2.76006
G1 X109.294 Y101.834 E2.7883
G1 X109.202 Y102.097 E2.79773
G1 X108.204 Y102.621 E2.83588
G1 X107.758 Y103.145 E2.85917
G1 X107.478 Y103.931 E2.88741
G1 X107.57 Y104.193 E2.89681
G1 X108.568 Y104.717 E2.93496
G1 X109.014 Y105.241 E2.95825
G1 X109.294 Y106.028 E2.98652
G1 X109.202 Y106.29 E2.99592
G1 X108.204 Y106.814 E3.03407
G1 X107.758 Y107.338 E3.05736
G1 X107.478 Y108.124 E3.0856
G1 X107.57 Y108.386 E3.095
G1 X108.568 Y108.91 E3.13315
G1 X109.014 Y109.434 E3.15644
G1 X109.232 Y109.958 E3.17565
G1 X109.294 Y110.221 E3.1848
G1 X109.202 Y110.483 E3.1942
G1 X108.204 Y111.007 E3.23235
G1 X107.758 Y111.531 E3.25564
G1 X107.478 Y112.317 E3.28388
G1 X107.57 Y112.579 E3.29328
G1 X108.568 Y113.103 E3.33143
G1 X108.692 Y113.248 E3.33789
G1 X107.075 Y113.248 E3.39262
G1 X107.198 Y112.841 E3.40701
G1 X107.105 Y112.579 E3.41642
G1 X106.107 Y112.055 E3.45457
G1 X105.662 Y111.531 E3.47784
G1 X105.382 Y110.745 E3.50608
G1 X105.474 Y110.483 E3.51548
G1 X106.472 Y109.958 E3.55365
G1 X106.918 Y109.434 E3.57694
G1 X107.198 Y108.648 E3.60518
G1 X107.105 Y108.386 E3.61459
G1 X106.107 Y107.862 E3.65274
G1 X105.662 Y107.338 E3.67601
G1 X105.382 Y106.552 E3.70425
G1 X105.474 Y106.29 E3.71365
G1 X106.472 Y105.765 E3.75182
G1 X106.918 Y105.241 E3.77511
G1 X107.198 Y104.455 E3.80335
G1 X107.105 Y104.193 E3.81276
G1 X106.107 Y103.669 E3.85091
G1 X105.662 Y103.145 E3.87418
G1 X105.382 Y102.359 E3.90242
G1 X105.474 Y102.097 E3.91182
G1 X106.472 Y101.572 E3.94999
G1 X106.918 Y101.048 E3.97328
G1 X107.198 Y100.262 E4.00152
G1 X107.105 Y100 E4.01093
G1 X106.107 Y99.476 E4.04908
G1 X105.662 Y98.952 E4.07235
G1 X105.382 Y98.166 E4.10059
G1 X105.474 Y97.903 E4.11002
G1 X106.472 Y97.379 E4.14817
G1 X106.918 Y96.855 E4.17146
G1 X107.198 Y96.069 E4.1997
G1 X107.105 Y95.807 E4.20911
G1 X106.107 Y95.283 E4.24726
G1 X105.662 Y94.759 E4.27053
G1 X105.382 Y93.973 E4.29877
G1 X105.474 Y93.71 E4.3082
G1 X106.472 Y93.186 E4.34635
G1 X106.918 Y92.662 E4.36964
G1 X107.136 Y92.138 E4.38885
G1 X107.198 Y91.876 E4.39796
G1 X107.105 Y91.614 E4.40737
G1 X106.107 Y91.09 E4.44552
G1 X105.662 Y90.566 E4.46879
G1 X105.382 Y89.779 E4.49706
G1 X105.474 Y89.517 E4.50646
G1 X106.472 Y88.993 E4.54461
G1 X106.918 Y88.469 E4.5679
G1 X107.198 Y87.683 E4.59614
G1 X107.105 Y87.421 E4.60555
G1 X106.107 Y86.897 E4.6437
G1 X105.984 Y86.752 E4.65014
G1 X103.408 Y86.752 E4.73733
G1 X103.285 Y87.159 E4.75172
G1 X103.377 Y87.421 E4.76112
G1 X104.375 Y87.945 E4.79927
G1 X104.821 Y88.469 E4.82256
G1 X105.101 Y89.255 E4.8508
G1 X105.009 Y89.517 E4.8602
G1 X104.011 Y90.042 E4.89837
G1 X103.565 Y90.566 E4.92166
G1 X103.285 Y91.352 E4.9499
G1 X103.377 Y91.614 E4.9593
G1 X104.375 Y92.138 E4.99745
G1 X104.821 Y92.662 E5.02074
G1 X105.101 Y93.448 E5.04898
G1 X105.009 Y93.71 E5.05838
G1 X104.011 Y94.235 E5.09655
G1 X103.565 Y94.759 E5.11984
G1 X103.285 Y95.545 E5.14808
G1 X103.377 Y95.807 E5.15748
G1 X104.375 Y96.331 E5.19563
G1 X104.821 Y96.855 E5.21892
G1 X105.101 Y97.641 E5.24716
G1 X105.009 Y97.903 E5.25656
G1 X104.011 Y98.428 E5.29473
G1 X103.565 Y98.952 E5.31802
G1 X103.285 Y99.738 E5.34626
G1 X103.377 Y100 E5.35566
G1 X104.375 Y100.524 E5.39381
G1 X104.821 Y101.048 E5.4171
G1 X105.101 Y101.834 E5.44534
G1 X105.009 Y102.097 E5.45477
G1 X104.011 Y102.621 E5.49292
G1 X103.565 Y103.145 E5.51621
G1 X103.285 Y103.931 E5.54445
G1 X103.377 Y104.193 E5.55385
G1 X104.375 Y104.717 E5.592
G1 X104.821 Y105.241 E5.61529
G1 X105.101 Y106.028 E5.64356
G1 X105.009 Y106.29 E5.65296
G1 X104.011 Y106.814 E5.69111
G1 X103.565 Y107.338 E5.7144
G1 X103.285 Y108.124 E5.74264
G1 X103.377 Y108.386 E5.75204
G1 X104.375 Y108.91 E5.79019
G1 X104.821 Y109.434 E5.81348
G1 X105.039 Y109.958 E5.83269
G1 X105.101 Y110.221 E5.84184
G1 X105.009 Y110.483 E5.85124
G1 X104.011 Y111.007 E5.88939
G1 X103.565 Y111.531 E5.91268
G1 X103.285 Y112.317 E5.94092
G1 X103.377 Y112.579 E5.95032
G1 X104.375 Y113.103 E5.98847
G1 X104.499 Y113.248 E5.99493
G1 X102.882 Y113.248 E6.04966
G1 X103.005 Y112.841 E6.06405
G1 X102.912 Y112.579 E6.07346
G1 X101.914 Y112.055 E6.11161
G1 X101.469 Y111.531 E6.13488
G1 X101.189 Y110.745 E6.16312
G1 X101.281 Y110.483 E6.17252
G1 X102.279 Y109.958 E6.21069
G1 X102.725 Y109.434 E6.23398
G1 X103.005 Y108.648 E6.26222
G1 X102.912 Y108.386 E6.27163
G1 X101.914 Y107.862 E6.30978
G1 X101.469 Y107.338 E6.33305
G1 X101.189 Y106.552 E6.36129
G1 X101.281 Y106.29 E6.37069
G1 X102.279 Y105.765 E6.40886
G1 X102.725 Y105.241 E6.43215
G1 X103.005 Y104.455 E6.46039
G1 X102.912 Y104.193 E6.4698
G1 X101.914 Y103.669 E6.50795
G1 X101.469 Y103.145 E6.53122
G1 X101.189 Y102.359 E6.55946
G1 X101.281 Y102.097 E6.56886
G1 X102.279 Y101.572 E6.60703
G1 X102.725 Y101.048 E6.63032
G1 X103.005 Y100.262 E6.65856
G1 X102.912 Y100 E6.66797
G1 X101.914 Y99.476 E6.70612
G1 X101.469 Y98.952 E6.72939
G1 X101.189 Y98.166 E6.75763
G1 X101.281 Y97.903 E6.76706
G1 X102.279 Y97.379 E6.80521
G1 X102.725 Y96.855 E6.8285
G1 X103.005 Y96.069 E6.85674
G1 X102.912 Y95.807 E6.86615
G1 X101.914 Y95.283 E6.9043
G1 X101.469 Y94.759 E6.92757
G1 X101.189 Y93.973 E6.95581
G1 X101.281 Y93.71 E6.96524
G1 X102.279 Y93.186 E7.00339
G1 X102.725 Y92.662 E7.02668
G1 X102.942 Y92.138 E7.04588
G1 X103.005 Y91.876 E7.055
G1 X102.912 Y91.614 E7.06441
G1 X101.914 Y91.09 E7.10256
G1 X101.469 Y90.566 E7.12583
G1 X101.189 Y89.779 E7.1541
G1 X101.281 Y89.517 E7.1635
G1 X102.279 Y88.993 E7.20165
G1 X102.725 Y88.469 E7.22494
G1 X103.005 Y87.683 E7.25318
G1 X102.912 Y87.421 E7.26259
G1 X101.914 Y86.897 E7.30074
G1 X101.791 Y86.752 E7.30718
G1 X99.214 Y86.752 E7.39441
G1 X99.092 Y87.159 E7.40879
G1 X99.184 Y87.421 E7.41819
G1 X100.182 Y87.945 E7.45634
G1 X100.628 Y88.469 E7.47963
G1 X100.908 Y89.255 E7.50787
G1 X100.816 Y89.517 E7.51727
G1 X99.818 Y90.042 E7.55544
G1 X99.372 Y90.566 E7.57873
G1 X99.092 Y91.352 E7.60697
G1 X99.184 Y91.614 E7.61637
G1 X100.182 Y92.138 E7.65452
G1 X100.628 Y92.662 E7.67781
G1 X100.908 Y93.448 E7.70605
G1 X100.816 Y93.71 E7.71545
G1 X99.818 Y94.235 E7.75362
G1 X99.372 Y94.759 E7.77691
G1 X99.092 Y95.545 E7.80515
G1 X99.184 Y95.807 E7.81455
G1 X100.182 Y96.331 E7.8527
G1 X100.628 Y96.855 E7.87599
G1 X100.908 Y97.641 E7.90423
G1 X100.816 Y97.903 E7.91363
G1 X99.818 Y98.428 E7.9518
G1 X99.372 Y98.952 E7.97509
G1 X99.092 Y99.738 E8.00333
G1 X99.184 Y100 E8.01273
G1 X100.182 Y100.524 E8.05088
G1 X100.628 Y101.048 E8.07417
G1 X100.908 Y101.834 E8.10241
G1 X100.816 Y102.097 E8.11184
G1 X99.818 Y102.621 E8.14999
G1 X99.372 Y103.145 E8.17328
G1 X99.092 Y103.931 E8.20152
G1 X99.184 Y104.193 E8.21092
G1 X100.182 Y104.717 E8.24907
G1 X100.628 Y105.241 E8.27236
G1 X100.908 Y106.028 E8.30063
G1 X100.816 Y106.29 E8.31003
G1 X99.818 Y106.814 E8.34818
G1 X99.372 Y107.338 E8.37147
G1 X99.092 Y108.124 E8.39971
G1 X99.184 Y108.386 E8.40911
G1 X100.182 Y108.91 E8.44726
G1 X100.628 Y109.434 E8.47055
G1 X100.846 Y109.958 E8.48976
G1 X100.908 Y110.221 E8.49891
G1 X100.816 Y110.483 E8.50831
G1 X99.818 Y111.007 E8.54646
G1 X99.372 Y111.531 E8.56975
G1 X99.092 Y112.317 E8.59799
G1 X99.184 Y112.579 E8.60739
G1 X100.182 Y113.103 E8.64554
G1 X100.306 Y113.248 E8.652
G1 X98.689 Y113.248 E8.70673
G1 X98.811 Y112.841 E8.72111
G1 X98.719 Y112.579 E8.73051
G1 X97.721 Y112.055 E8.76866
G1 X97.275 Y111.531 E8.79195
G1 X96.996 Y110.745 E8.82018
G1 X97.088 Y110.483 E8.82958
G1 X98.086 Y109.958 E8.86775
G1 X98.532 Y109.434 E8.89104
G1 X98.811 Y108.648 E8.91927
G1 X98.719 Y108.386 E8.92867
G1 X97.721 Y107.862 E8.96682
G1 X97.275 Y107.338 E8.99011
G1 X96.996 Y106.552 E9.01834
G1 X97.088 Y106.29 E9.02774
G1 X98.086 Y105.765 E9.06591
G1 X98.532 Y105.241 E9.0892
G1 X98.811 Y104.455 E9.11743
G1 X98.719 Y104.193 E9.12683
G1 X97.721 Y103.669 E9.16498
G1 X97.275 Y103.145 E9.18827
G1 X96.996 Y102.359 E9.2165
G1 X97.088 Y102.097 E9.2259
G1 X98.086 Y101.572 E9.26407
G1 X98.532 Y101.048 E9.28736
G1 X98.811 Y100.262 E9.31559
G1 X98.719 Y100 E9.32499
G1 X97.721 Y99.476 E9.36314
G1 X97.275 Y98.952 E9.38643
G1 X96.996 Y98.166 E9.41466
G1 X97.088 Y97.903 E9.42409
G1 X98.086 Y97.379 E9.46224
G1 X98.532 Y96.855 E9.48553
G1 X98.811 Y96.069 E9.51376
G1 X98.719 Y95.807 E9.52316
G1 X97.721 Y95.283 E9.56131
G1 X97.275 Y94.759 E9.5846
G1 X96.996 Y93.973 E9.61283
G1 X97.088 Y93.71 E9.62226
G1 X98.086 Y93.186 E9.66041
G1 X98.532 Y92.662 E9.6837
G1 X98.749 Y92.138 E9.7029
G1 X98.811 Y91.876 E9.71201
G1 X98.719 Y91.614 E9.72141
G1 X97.721 Y91.09 E9.75956
G1 X97.275 Y90.566 E9.78285
G1 X96.996 Y89.779 E9.81111
G1 X97.088 Y89.517 E9.82051
G1 X98.086 Y88.993 E9.85866
G1 X98.532 Y88.469 E9.88195
G1 X98.811 Y87.683 E9.91018
G1 X98.719 Y87.421 E9.91958
G1 X97.721 Y86.897 E9.95773
G1 X97.598 Y86.752 E9.96417
G1 X95.021 Y86.752 E10.0514
G1 X94.899 Y87.159 E10.06578
G1 X94.991 Y87.421 E10.07518
G1 X95.989 Y87.945 E10.11333
G1 X96.435 Y88.469 E10.13662
G1 X96.715 Y89.255 E10.16486
G1 X96.623 Y89.517 E10.17426
G1 X95.625 Y90.042 E10.21243
G1 X95.179 Y90.566 E10.23572
G1 X94.899 Y91.352 E10.26396
G1 X94.991 Y91.614 E10.27336
G1 X95.989 Y92.138 E10.31151
G1 X96.435 Y92.662 E10.3348
G1 X96.715 Y93.448 E10.36304
G1 X96.623 Y93.71 E10.37244
G1 X95.625 Y94.235 E10.41061
G1 X95.179 Y94.759 E10.4339
G1 X94.899 Y95.545 E10.46214
G1 X94.991 Y95.807 E10.47154
G1 X95.989 Y96.331 E10.50969
G1 X96.435 Y96.855 E10.53298
G1 X96.715 Y97.641 E10.56122
G1 X96.623 Y97.903 E10.57062
G1 X95.625 Y98.428 E10.60879
G1 X95.179 Y98.952 E10.63208
G1 X94.899 Y99.738 E10.66032
G1 X94.991 Y100 E10.66972
G1 X95.989 Y100.524 E10.70787
G1 X96.435 Y101.048 E10.73116
G1 X96.715 Y101.834 E10.7594
G1 X96.623 Y102.097 E10.76883
G1 X95.625 Y102.621 E10.80698
G1 X95.179 Y103.145 E10.83027
G1 X94.899 Y103.931 E10.85851
G1 X94.991 Y104.193 E10.86791
G1 X95.989 Y104.717 E10.90606
G1 X96.435 Y105.241 E10.92935
G1 X96.715 Y106.028 E10.95762
G1 X96.623 Y106.29 E10.96702
G1 X95.625 Y106.814 E11.00517
G1 X95.179 Y107.338 E11.02846
G1 X94.899 Y108.124 E11.0567
G1 X94.991 Y108.386 E11.0661
G1 X95.989 Y108.91 E11.10425
G1 X96.435 Y109.434 E11.12754
G1 X96.653 Y109.958 E11.14675
G1 X96.715 Y110.221 E11.1559
G1 X96.623 Y110.483 E11.1653
G1 X95.625 Y111.007 E11.20345
G1 X95.179 Y111.531 E11.22674
G1 X94.899 Y112.317 E11.25498
G1 X94.991 Y112.579 E11.26438
G1 X95.989 Y113.103 E11.30253
G1 X96.113 Y113.248 E11.30899
G1 X94.496 Y113.248 E11.36372
G1 X94.618 Y112.841 E11.3781
G1 X94.526 Y112.579 E11.3875
G1 X93.528 Y112.055 E11.42565
G1 X93.082 Y111.531 E11.44894
G1 X92.802 Y110.745 E11.47718
G1 X92.895 Y110.483 E11.48659
G1 X93.893 Y109.958 E11.52476
G1 X94.338 Y109.434 E11.54803
G1 X94.618 Y108.648 E11.57627
G1 X94.526 Y108.386 E11.58567
G1 X93.528 Y107.862 E11.62382
G1 X93.082 Y107.338 E11.64711
G1 X92.802 Y106.552 E11.67535
G1 X92.895 Y106.29 E11.68476
G1 X93.893 Y105.765 E11.72293
G1 X94.338 Y105.241 E11.7462
G1 X94.618 Y104.455 E11.77444
G1 X94.526 Y104.193 E11.78384
G1 X93.528 Y103.669 E11.82199
G1 X93.082 Y103.145 E11.84528
G1 X92.802 Y102.359 E11.87352
G1 X92.895 Y102.097 E11.88293
G1 X93.893 Y101.572 E11.9211
G1 X94.338 Y101.048 E11.94437
G1 X94.618 Y100.262 E11.97261
G1 X94.526 Y100 E11.98201
G1 X93.528 Y99.476 E12.02016
G1 X93.082 Y98.952 E12.04345
G1 X92.802 Y98.166 E12.07169
G1 X92.895 Y97.903 E12.08113
G1 X93.893 Y97.379 E12.11928
G1 X94.338 Y96.855 E12.14255
G1 X94.618 Y96.069 E12.17079
G1 X94.526 Y95.807 E12.18019
G1 X93.528 Y95.283 E12.21834
G1 X93.082 Y94.759 E12.24163
G1 X92.802 Y93.973 E12.26987
G1 X92.895 Y93.71 E12.27931
G1 X93.893 Y93.186 E12.31746
G1 X94.338 Y92.662 E12.34073
G1 X94.556 Y92.138 E12.35994
G1 X94.618 Y91.876 E12.36905
G1 X94.526 Y91.614 E12.37845
G1 X93.528 Y91.09 E12.4166
G1 X93.082 Y90.566 E12.43989
G1 X92.802 Y89.779 E12.46816
G1 X92.895 Y89.517 E12.47757
G1 X93.893 Y88.993 E12.51572
G1 X94.338 Y88.469 E12.53899
G1 X94.618 Y87.683 E12.56723
G1 X94.526 Y87.421 E12.57663
G1 X93.528 Y86.897 E12.61478
G1 X93.405 Y86.752 E12.62122
G1 X90.828 Y86.752 E12.70845
G1 X90.706 Y87.159 E12.72283
G1 X90.798 Y87.421 E12.73223
G1 X91.796 Y87.945 E12.77038
G1 X92.242 Y88.469 E12.79367
G1 X92.522 Y89.255 E12.82191
G1 X92.43 Y89.517 E12.83131
G1 X91.432 Y90.042 E12.86948
G1 X90.986 Y90.566 E12.89277
G1 X90.706 Y91.352 E12.92101
G1 X90.798 Y91.614 E12.93041
G1 X91.796 Y92.138 E12.96856
G1 X92.242 Y92.662 E12.99185
G1 X92.522 Y93.448 E13.02009
G1 X92.43 Y93.71 E13.02949
G1 X91.432 Y94.235 E13.06766
G1 X90.986 Y94.759 E13.09095
G1 X90.706 Y95.545 E13.11919
G1 X90.798 Y95.807 E13.12859
G1 X91.796 Y96.331 E13.16674
G1 X92.242 Y96.855 E13.19003
G1 X92.522 Y97.641 E13.21827
G1 X92.43 Y97.903 E13.22767
G1 X91.432 Y98.428 E13.26584
G1 X90.986 Y98.952 E13.28913
G1 X90.706 Y99.738 E13.31737
G1 X90.798 Y100 E13.32677
G1 X91.796 Y100.524 E13.36492
G1 X92.242 Y101.048 E13.38821
G1 X92.522 Y101.834 E13.41645
G1 X92.43 Y102.097 E13.42588
G1 X91.432 Y102.621 E13.46403
G1 X90.986 Y103.145 E13.48732
G1 X90.706 Y103.931 E13.51556
G1 X90.798 Y104.193 E13.52496
G1 X91.796 Y104.717 E13.56311
G1 X92.242 Y105.241 E13.5864
G1 X92.522 Y106.028 E13.61467
G1 X92.43 Y106.29 E13.62407
G1 X91.432 Y106.814 E13.66222
G1 X90.986 Y107.338 E13.68551
G1 X90.706 Y108.124 E13.71375
G1 X90.798 Y108.386 E13.72315
G1 X91.796 Y108.91 E13.7613
G1 X92.242 Y109.434 E13.78459
G1 X92.46 Y109.958 E13.8038
G1 X92.522 Y110.221 E13.81295
G1 X92.43 Y110.483 E13.82235
G1 X91.432 Y111.007 E13.8605
G1 X90.986 Y111.531 E13.88379
G1 X90.706 Y112.317 E13.91203
G1 X90.798 Y112.579 E13.92143
G1 X91.796 Y113.103 E13.95958
G1 X91.92 Y113.248 E13.96604
G1 X90.303 Y113.248 E14.02077
G1 X90.425 Y112.841 E14.03515
G1 X90.333 Y112.579 E14.04455
G1 X89.335 Y112.055 E14.0827
G1 X88.889 Y111.531 E14.10599
G1 X88.609 Y110.745 E14.13423
G1 X88.702 Y110.483 E14.14364
G1 X89.7 Y109.958 E14.18181
G1 X90.145 Y109.434 E14.20508
G1 X90.425 Y108.648 E14.23332
G1 X90.333 Y108.386 E14.24272
G1 X89.335 Y107.862 E14.28087
G1 X88.889 Y107.338 E14.30416
G1 X88.609 Y106.552 E14.3324
G1 X88.702 Y106.29 E14.34181
G1 X89.7 Y105.765 E14.37998
G1 X90.145 Y105.241 E14.40325
G1 X90.425 Y104.455 E14.43149
G1 X90.333 Y104.193 E14.44089
G1 X89.335 Y103.669 E14.47904
G1 X88.889 Y103.145 E14.50233
G1 X88.609 Y102.359 E14.53057
G1 X88.702 Y102.097 E14.53998
G1 X89.7 Y101.572 E14.57815
G1 X90.145 Y101.048 E14.60142
G1 X90.425 Y100.262 E14.62966
G1 X90.333 Y100 E14.63906
G1 X89.335 Y99.476 E14.67721
G1 X88.889 Y98.952 E14.7005
G1 X88.609 Y98.166 E14.72874
G1 X88.702 Y97.903 E14.73818
G1 X89.7 Y97.379 E14.77633
G1 X90.145 Y96.855 E14.7996
G1 X90.425 Y96.069 E14.82784
G1 X90.333 Y95.807 E14.83724
G1 X89.335 Y95.283 E14.87539
G1 X88.889 Y94.759 E14.89868
G1 X88.609 Y93.973 E14.92692
G1 X88.702 Y93.71 E14.93636
G1 X89.7 Y93.186 E14.97451
G1 X90.145 Y92.662 E14.99778
G1 X90.363 Y92.138 E15.01699
G1 X90.425 Y91.876 E15.0261
G1 X90.333 Y91.614 E15.0355
G1 X89.335 Y91.09 E15.07365
G1 X88.889 Y90.566 E15.09694
G1 X88.609 Y89.779 E15.12521
G1 X88.702 Y89.517 E15.13462
G1 X89.7 Y88.993 E15.17277
G1 X90.145 Y88.469 E15.19604
G1 X90.425 Y87.683 E15.22428
G1 X90.333 Y87.421 E15.23368
G1 X89.335 Y86.897 E15.27183
G1 X89.212 Y86.752 E15.27827
G1 X86.635 Y86.752 E15.3655
G1 X86.513 Y87.159 E15.37988
G1 X86.605 Y87.421 E15.38928
G1 X87.603 Y87.945 E15.42743
G1 X88.049 Y88.469 E15.45072
G1 X88.329 Y89.255 E15.47896
G1 X88.237 Y89.517 E15.48836
G1 X87.239 Y90.042 E15.52653
G1 X86.793 Y90.566 E15.54982
G1 X86.513 Y91.352 E15.57806
G1 X86.605 Y91.614 E15.58746
G1 X87.603 Y92.138 E15.62561
G1 X88.049 Y92.662 E15.6489
G1 X88.329 Y93.448 E15.67714
G1 X88.237 Y93.71 E15.68654
G1 X87.239 Y94.235 E15.72471
G1 X86.793 Y94.759 E15.748
G1 X86.513 Y95.545 E15.77624
G1 X86.605 Y95.807 E15.78564
G1 X87.603 Y96.331 E15.82379
G1 X88.049 Y96.855 E15.84708
G1 X88.329 Y97.641 E15.87532
G1 X88.237 Y97.903 E15.88472
G1 X87.239 Y98.428 E15.92289
G1 X86.793 Y98.952 E15.94618
G1 X86.513 Y99.738 E15.97442
G1 X86.605 Y100 E15.98382
G1 X87.603 Y100.524 E16.02197
G1 X88.049 Y101.048 E16.04526
G1 X88.329 Y101.834 E16.0735
G1 X88.237 Y102.097 E16.08293
G1 X87.239 Y102.621 E16.12108
G1 X86.793 Y103.145 E16.14437
G1 X86.513 Y103.931 E16.17261
G1 X86.605 Y104.193 E16.18201
G1 X87.603 Y104.717 E16.22016
G1 X88.049 Y105.241 E16.24345
G1 X88.329 Y106.028 E16.27172
G1 X88.237 Y106.29 E16.28112
G1 X87.239 Y106.814 E16.31927
G1 X86.793 Y107.338 E16.34256
G1 X86.513 Y108.124 E16.3708
G1 X86.605 Y108.386 E16.3802
G1 X87.603 Y108.91 E16.41835
G1 X88.049 Y109.434 E16.44164
G1 X88.267 Y109.958 E16.46085
G1 X88.329 Y110.221 E16.47
G1 X88.237 Y110.483 E16.4794
G1 X87.239 Y111.007 E16.51755
G1 X86.793 Y111.531 E16.54084
G1 X86.513 Y112.317 E16.56908
G1 X86.605 Y112.579 E16.57848
G1 X87.603 Y113.103 E16.61663
G1 X87.727 Y113.248 E16.62309
G1 X86.11 Y113.248 E16.67782
G1 X86.232 Y112.841 E16.6922
G1 X86.14 Y112.579 E16.7016
G1 X85.142 Y112.055 E16.73975
G1 X84.696 Y111.531 E16.76304
G1 X84.416 Y110.745 E16.79128
G1 X84.509 Y110.483 E16.80069
G1 X85.507 Y109.958 E16.83886
G1 X85.952 Y109.434 E16.86213
G1 X86.232 Y108.648 E16.89037
G1 X86.14 Y108.386 E16.89977
G1 X85.142 Y107.862 E16.93792
G1 X84.696 Y107.338 E16.96121
G1 X84.416 Y106.552 E16.98945
G1 X84.509 Y106.29 E16.99886
G1 X85.507 Y105.765 E17.03703
G1 X85.952 Y105.241 E17.0603
G1 X86.232 Y104.455 E17.08854
G1 X86.14 Y104.193 E17.09794
G1 X85.142 Y103.669 E17.13609
G1 X84.696 Y103.145 E17.15938
G1 X84.416 Y102.359 E17.18762
G1 X84.509 Y102.097 E17.19703
G1 X85.507 Y101.572 E17.2352
G1 X85.952 Y101.048 E17.25847
G1 X86.232 Y100.262 E17.28671
G1 X86.14 Y100 E17.29611
G1 X85.142 Y99.476 E17.33426
G1 X84.696 Y98.952 E17.35755
G1 X84.416 Y98.166 E17.38579
G1 X84.509 Y97.903 E17.39523
G1 X85.507 Y97.379 E17.43338
G1 X85.952 Y96.855 E17.45665
G1 X86.232 Y96.069 E17.48489
G1 X86.14 Y95.807 E17.49429
G1 X85.142 Y95.283 E17.53244
G1 X84.696 Y94.759 E17.55573
G1 X84.416 Y93.973 E17.58397
G1 X84.509 Y93.71 E17.59341
G1 X85.507 Y93.186 E17.63156
G1 X85.952 Y92.662 E17.65483
G1 X86.232 Y91.876 E17.68307
G1 X86.14 Y91.614 E17.69247
G1 X85.142 Y91.09 E17.73062
G1 X84.696 Y90.566 E17.75391
G1 X84.478 Y90.042 E17.77312
G1 X84.416 Y89.779 E17.78227
G1 X84.509 Y89.517 E17.79168
G1 X85.507 Y88.993 E17.82983
G1 X85.952 Y88.469 E17.8531
G1 X86.232 Y87.683 E17.88134
G1 X86.14 Y87.421 E17.89074
G1 X85.142 Y86.897 E17.92889
G1 X85.019 Y86.752 E17.93533
G1 X82.442 Y86.752 E18.02256
G1 X82.32 Y87.159 E18.03694
G1 X82.412 Y87.421 E18.04634
G1 X83.41 Y87.945 E18.08449
G1 X83.856 Y88.469 E18.10778
G1 X84.136 Y89.255 E18.13602
G1 X84.044 Y89.517 E18.14542
G1 X83.046 Y90.042 E18.18359
G1 X82.6 Y90.566 E18.20688
G1 X82.32 Y91.352 E18.23512
G1 X82.412 Y91.614 E18.24452
G1 X83.41 Y92.138 E18.28267
G1 X83.856 Y92.662 E18.30596
G1 X84.136 Y93.448 E18.3342
G1 X84.044 Y93.71 E18.3436
G1 X83.046 Y94.235 E18.38177
G1 X82.6 Y94.759 E18.40506
G1 X82.32 Y95.545 E18.4333
G1 X82.412 Y95.807 E18.4427
G1 X83.41 Y96.331 E18.48085
G1 X83.856 Y96.855 E18.50414
G1 X84.136 Y97.641 E18.53238
G1 X84.044 Y97.903 E18.54178
G1 X83.046 Y98.428 E18.57995
G1 X82.6 Y98.952 E18.60324
G1 X82.32 Y99.738 E18.63148
G1 X82.412 Y100 E18.64088
G1 X83.41 Y100.524 E18.67903
G1 X83.856 Y101.048 E18.70232
G1 X84.136 Y101.834 E18.73056
G1 X84.044 Y102.097 E18.73999
G1 X83.046 Y102.621 E18.77814
G1 X82.6 Y103.145 E18.80143
G1 X82.32 Y103.931 E18.82967
G1 X82.412 Y104.193 E18.83907
G1 X83.41 Y104.717 E18.87722
G1 X83.856 Y105.241 E18.90051
G1 X84.136 Y106.028 E18.92878
G1 X84.044 Y106.29 E18.93818
G1 X83.046 Y106.814 E18.97633
G1 X82.6 Y107.338 E18.99962
G1 X82.32 Y108.124 E19.02786
G1 X82.412 Y108.386 E19.03726
G1 X83.41 Y108.91 E19.07541
G1 X83.856 Y109.434 E19.0987
G1 X84.074 Y109.958 E19.11791
G1 X84.136 Y110.221 E19.12706
G1 X84.044 Y110.483 E19.13646
G1 X83.046 Y111.007 E19.17461
G1 X82.6 Y111.531 E19.1979
G1 X82.32 Y112.317 E19.22614
G1 X82.412 Y112.579 E19.23554
G1 X83.41 Y113.103 E19.27369
G1 X83.534 Y113.248 E19.28015
G1 X81.917 Y113.248 E19.33488
G1 X82.039 Y112.841 E19.34926
G1 X81.947 Y112.579 E19.35866
G1 X80.949 Y112.055 E19.39681
G1 X80.503 Y111.531 E19.4201
G1 X80.285 Y111.007 E19.43931
G1 X80.252 Y110.664 E19.45097
G1 X80.316 Y110.483 E19.45747
G1 X81.314 Y109.958 E19.49564
G1 X81.759 Y109.434 E19.51891
G1 X82.039 Y108.648 E19.54715
G1 X81.947 Y108.386 E19.55655
G1 X80.949 Y107.862 E19.5947
G1 X80.503 Y107.338 E19.61799
G1 X80.252 Y106.671 E19.64211
G1 X80.316 Y106.29 E19.65519
G1 X81.314 Y105.765 E19.69336
G1 X81.759 Y105.241 E19.71663
G1 X82.039 Y104.455 E19.74487
G1 X81.947 Y104.193 E19.75427
G1 X80.949 Y103.669 E19.79242
G1 X80.503 Y103.145 E19.81571
G1 X80.252 Y102.478 E19.83983
G1 X80.316 Y102.097 E19.85291
G1 X81.314 Y101.572 E19.89108
G1 X81.759 Y101.048 E19.91435
G1 X82.039 Y100.262 E19.94259
G1 X81.947 Y100 E19.95199
G1 X80.949 Y99.476 E19.99014
G1 X80.503 Y98.952 E20.01343
G1 X80.252 Y98.285 E20.03755
G1 X80.316 Y97.903 E20.05066
G1 X81.314 Y97.379 E20.08881
G1 X81.759 Y96.855 E20.11208
G1 X82.039 Y96.069 E20.14032
G1 X81.947 Y95.807 E20.14972
G1 X80.949 Y95.283 E20.18787
G1 X80.503 Y94.759 E20.21116
G1 X80.252 Y94.092 E20.23528
G1 X80.316 Y93.71 E20.24839
G1 X81.314 Y93.186 E20.28654
G1 X81.759 Y92.662 E20.30981
G1 X81.977 Y92.138 E20.32902
G1 X82.039 Y91.876 E20.33813
G1 X81.947 Y91.614 E20.34753
G1 X80.949 Y91.09 E20.38568
G1 X80.503 Y90.566 E20.40897
G1 X80.252 Y89.899 E20.43309
G1 X80.316 Y89.517 E20.4462
G1 X81.314 Y88.993 E20.48435
G1 X81.759 Y88.469 E20.50762
G1 X82.039 Y87.683 E20.53586
G1 X81.947 Y87.421 E20.54526
G1 X80.949 Y86.897 E20.58341
G1 X80.826 Y86.752 E20.58985
G1 X80.252 Y86.752 E20.60928
G1 X80.252 Y88.62 E20.67251
G1 E18.67251 F2400
G92 E0
G1 X111.831 Y99.457 F7200
G1 E2 F2400
G1 F3300
G1 X111.689 Y99.788 E2.01219
G1 X111.733 Y99.476 E2.02286
G1 X111.951 Y98.952 E2.04207
G1 X112.397 Y98.428 E2.06536
G1 X113.088 Y97.808 E2.09678
G1 X113.471 Y97.574 E2.11197
G1 X113.207 Y96.855 E2.1379
G1 X112.761 Y96.331 E2.16119
G1 X111.763 Y95.807 E2.19934
G1 X111.671 Y95.545 E2.20874
G1 X111.733 Y95.283 E2.21785
G1 X111.951 Y94.759 E2.23706
G1 X112.397 Y94.235 E2.26035
G1 X113.395 Y93.71 E2.29852
G1 X113.487 Y93.448 E2.30792
G1 X113.207 Y92.662 E2.33616
G1 X112.761 Y92.138 E2.35945
G1 X111.763 Y91.614 E2.3976
G1 X111.671 Y91.352 E2.407
G1 X111.888 Y90.718 E2.42968
G1 X111.631 Y89.997 E2.45559
G1 X111.534 Y89.487 E2.47316
G1 X111.505 Y88.825 E2.49559
G1 X111.571 Y88.337 E2.51226
G1 X111.997 Y86.752 F7200
G1 F3300
G1 X112.204 Y86.752 E2.51927
G1 X111.819 Y87.45 E2.54625
G1 X111.671 Y87.159 E2.5573
G1 X111.794 Y86.752 E2.57169
G1 X110.177 Y86.752 E2.62642
G1 X110.3 Y86.897 E2.63286
G1 X111.298 Y87.421 E2.67101
G1 X111.391 Y87.683 E2.68042
G1 X111.111 Y88.469 E2.70866
G1 X110.665 Y88.993 E2.73195
G1 X109.667 Y89.517 E2.7701
G1 X109.575 Y89.779 E2.7795
G1 X109.855 Y90.566 E2.80777
G1 X110.3 Y91.09 E2.83104
G1 X111.298 Y91.614 E2.86919
G1 X111.391 Y91.876 E2.8786
G1 X111.111 Y92.662 E2.90684
G1 X110.665 Y93.186 E2.93013
G1 X109.667 Y93.71 E2.96828
G1 X109.575 Y93.973 E2.97771
G1 X109.855 Y94.759 E3.00595
G1 X110.3 Y95.283 E3.02922
G1 X111.298 Y95.807 E3.06737
G1 X111.391 Y96.069 E3.07678
G1 X111.111 Y96.855 E3.10502
G1 X110.665 Y97.379 E3.12831
G1 X109.667 Y97.903 E3.16646
G1 X109.575 Y98.166 E3.17589
G1 X109.855 Y98.952 E3.20413
G1 X110.3 Y99.476 E3.2274
G1 X111.298 Y100 E3.26555
G1 X111.391 Y100.262 E3.27496
G1 X111.111 Y101.048 E3.3032
G1 X110.665 Y101.572 E3.32649
G1 X109.667 Y102.097 E3.36466
G1 X109.575 Y102.359 E3.37406
G1 X109.855 Y103.145 E3.4023
G1 X110.3 Y103.669 E3.42557
G1 X111.298 Y104.193 E3.46372
G1 X111.391 Y104.455 E3.47313
G1 X111.111 Y105.241 E3.50137
G1 X110.665 Y105.765 E3.52466
G1 X109.667 Y106.29 E3.56283
G1 X109.575 Y106.552 E3.57223
G1 X109.855 Y107.338 E3.60047
G1 X110.3 Y107.862 E3.62374
G1 X111.298 Y108.386 E3.66189
G1 X111.391 Y108.648 E3.6713
G1 X111.111 Y109.434 E3.69954
G1 X110.665 Y109.958 E3.72283
G1 X109.667 Y110.483 E3.761
G1 X109.575 Y110.745 E3.7704
G1 X109.855 Y111.531 E3.79864
G1 X110.3 Y112.055 E3.82191
G1 X111.298 Y112.579 E3.86006
G1 X111.391 Y112.841 E3.86947
G1 X111.268 Y113.248 E3.88386
G1 X112.885 Y113.248 E3.93859
G1 X112.761 Y113.103 E3.94505
G1 X111.763 Y112.579 E3.9832
G1 X111.671 Y112.317 E3.9926
G1 X111.951 Y111.531 E4.02084
G1 X112.397 Y111.007 E4.04413
G1 X113.395 Y110.483 E4.08228
G1 X113.487 Y110.221 E4.09168
G1 X113.207 Y109.434 E4.11995
G1 X112.761 Y108.91 E4.14324
G1 X111.763 Y108.386 E4.18139
G1 X111.671 Y108.124 E4.19079
G1 X111.951 Y107.338 E4.21903
G1 X112.397 Y106.814 E4.24232
G1 X113.395 Y106.29 E4.28047
G1 X113.487 Y106.028 E4.28987
G1 X113.207 Y105.241 E4.31814
G1 X112.761 Y104.717 E4.34143
G1 X111.763 Y104.193 E4.37958
G1 X111.671 Y103.931 E4.38898
G1 X111.951 Y103.145 E4.41722
G1 X112.059 Y103.018 E4.42286
G1 X112.31 Y103.414 E4.43873
G1 X112.842 Y103.981 E4.46505
G1 X113.544 Y104.491 E4.49442
G1 X113.845 Y104.618 E4.50548
M106 S112.2
;LAYER_CHANGE
;Z:2.8
;HEIGHT:0.2
G1 E2.50548 F2400
G92 E0
G1 Z2.8 F7200
G1 X116.845 Y97.573
G1 E2 F2400
;TYPE:Perimeter
;WIDTH:0.449999
G1 F1200
G1 X117.254 Y97.749 E2.01507
G1 X117.891 Y98.189 E2.04128
G1 X118.457 Y98.791 E2.06925
G1 X118.78 Y99.302 E2.08971
G1 X119.083 Y100.125 E2.1194
G1 X119.151 Y100.483 E2.13173
G1 X119.187 Y101.083 E2.15208
G1 X119.165 Y101.434 E2.16398
G1 X119.071 Y101.934 E2.1812
G1 X118.773 Y102.705 E2.20918
G1 X118.311 Y103.391 E2.23718
G1 X117.802 Y103.886 E2.26121
G1 X117.228 Y104.263 E2.28446
G1 X116.476 Y104.559 E2.31182
G1 X115.658 Y104.69 E2.33986
G1 X114.971 Y104.653 E2.36315
G1 X114.401 Y104.529 E2.3829
G1 X113.795 Y104.273 E2.40517
G1 X113.199 Y103.887 E2.42921
G1 X112.704 Y103.411 E2.45246
G1 X112.247 Y102.743 E2.47986
G1 X112.1 Y102.429 E2.4916
G1 X111.917 Y101.874 E2.51138
G1 X111.849 Y101.517 E2.52368
G1 X111.813 Y100.917 E2.54403
G1 X111.841 Y100.534 E2.55703
G1 X111.967 Y99.945 E2.57742
G1 X112.237 Y99.273 E2.60193
G1 X112.547 Y98.781 E2.62161
G1 X113.076 Y98.217 E2.64778
G1 X113.326 Y98.018 E2.6586
G1 X113.759 Y97.745 E2.67593
G1 X114.487 Y97.454 E2.70247
G1 X114.811 Y97.372 E2.71378
G1 X115.453 Y97.308 E2.73562
G1 X116.039 Y97.343 E2.75549
G1 X116.698 Y97.509 E2.77849
G1 X116.79 Y97.549 E2.78189
G1 X116.698 Y97.949 F7200
G1 F1200
G1 X117.077 Y98.116 E2.79591
G1 X117.649 Y98.516 E2.81954
G1 X118.148 Y99.057 E2.84445
G1 X118.428 Y99.506 E2.86236
G1 X118.696 Y100.252 E2.88919
G1 X118.781 Y101.108 E2.91831
G1 X118.671 Y101.858 E2.94397
G1 X118.4 Y102.542 E2.96887
G1 X117.984 Y103.149 E2.99378
G1 X117.531 Y103.582 E3.01499
G1 X117.016 Y103.915 E3.03575
G1 X116.342 Y104.175 E3.0602
G1 X115.649 Y104.283 E3.08394
G1 X115.052 Y104.254 E3.10417
G1 X114.524 Y104.141 E3.12245
G1 X113.957 Y103.9 E3.1433
G1 X113.435 Y103.555 E3.16448
G1 X112.995 Y103.127 E3.18526
G1 X112.592 Y102.527 E3.20973
G1 X112.304 Y101.748 E3.23784
G1 X112.255 Y101.492 E3.24666
G1 X112.219 Y100.892 E3.26701
G1 X112.239 Y100.619 E3.27628
G1 X112.365 Y100.03 E3.29667
G1 X112.607 Y99.442 E3.31819
G1 X112.883 Y99.011 E3.33551
G1 X113.364 Y98.505 E3.35914
G1 X113.973 Y98.092 E3.38405
G1 X114.621 Y97.838 E3.40761
G1 X115.276 Y97.723 E3.43012
G1 X115.889 Y97.737 E3.45087
G1 X116.593 Y97.902 E3.47535
G1 X116.643 Y97.924 E3.4772
G1 X116.55 Y98.326 F7200
G1 F1200
G1 X116.998 Y98.542 E3.49403
G1 X117.408 Y98.844 E3.51127
G1 X117.84 Y99.322 E3.53308
G1 X118.127 Y99.824 E3.55265
G1 X118.309 Y100.379 E3.57242
G1 X118.375 Y101.132 E3.59801
G1 X118.271 Y101.783 E3.62032
G1 X118.027 Y102.379 E3.64212
G1 X117.656 Y102.908 E3.66399
G1 X117.261 Y103.277 E3.68229
G1 X116.804 Y103.568 E3.70063
G1 X116.207 Y103.791 E3.7222
G1 X115.657 Y103.876 E3.74104
G1 X115.133 Y103.855 E3.75879
G1 X114.587 Y103.73 E3.77775
G1 X114.12 Y103.527 E3.79499
G1 X113.671 Y103.223 E3.81334
G1 X113.287 Y102.843 E3.83163
G1 X112.936 Y102.31 E3.85323
G1 X112.691 Y101.621 E3.87798
G1 X112.625 Y100.868 E3.90357
G1 X112.763 Y100.115 E3.92948
G1 X112.977 Y99.611 E3.94801
G1 X113.276 Y99.169 E3.96607
G1 X113.652 Y98.792 E3.98409
G1 X114.19 Y98.436 E4.00593
G1 X114.756 Y98.222 E4.02641
G1 X115.328 Y98.126 E4.04604
G1 X115.869 Y98.144 E4.06436
G1 X116.488 Y98.296 E4.08593
G1 X116.496 Y98.299 E4.08622
G1 X116.403 Y98.698 F7200
;TYPE:External perimeter
G1 F1200
G1 X116.757 Y98.869 E4.09953
G1 X117.166 Y99.171 E4.11674
G1 X117.531 Y99.588 E4.1355
G1 X117.74 Y99.951 E4.14968
G1 X117.922 Y100.506 E4.16945
G1 X117.968 Y101.157 E4.19154
G1 X117.871 Y101.707 E4.21044
G1 X117.654 Y102.217 E4.2292
G1 X117.329 Y102.666 E4.24796
G1 X116.961 Y102.995 E4.26467
G1 X116.553 Y103.238 E4.28074
G1 X116.073 Y103.407 E4.29797
G1 X115.665 Y103.469 E4.31194
G1 X115.214 Y103.456 E4.32721
G1 X114.75 Y103.357 E4.34327
G1 X114.283 Y103.154 E4.36051
G1 X113.88 Y102.868 E4.37724
G1 X113.552 Y102.525 E4.3933
G1 X113.281 Y102.093 E4.41056
G1 X113.078 Y101.494 E4.43197
G1 X113.032 Y100.843 E4.45406
G1 X113.161 Y100.2 E4.47626
G1 X113.379 Y99.729 E4.49383
G1 X113.646 Y99.374 E4.50887
G1 X113.975 Y99.052 E4.52445
G1 X114.407 Y98.781 E4.54171
G1 X114.89 Y98.606 E4.5591
G1 X115.386 Y98.529 E4.57609
G1 X115.891 Y98.557 E4.59321
G1 X116.347 Y98.679 E4.60919
G1 X116.709 Y98.849 F7200
G1 E2.60919 F2400
G92 E0
G1 X112.706 Y88.362 F7200
G1 E2 F2400
;TYPE:Perimeter
G1 F1200
G1 X112.73 Y88.216 E2.00501
G1 X112.973 Y87.62 E2.0268
G1 X113.344 Y87.092 E2.04864
G1 X113.822 Y86.66 E2.07045
G1 X114.486 Y86.308 E2.09589
;WIDTH:0.496174
G1 X115.289 Y86.109 E2.12707
;WIDTH:0.502561
G1 X115.871 Y86.118 E2.14932
G1 X116.179 Y86.207 E2.16157
;WIDTH:0.47628
G1 X116.488 Y86.296 E2.17316
;WIDTH:0.449999
G1 X117.065 Y86.583 E2.19497
G1 X117.493 Y86.92 E2.21341
G1 X117.793 Y87.259 E2.22873
G1 X118.064 Y87.69 E2.24596
G1 X118.309 Y88.379 E2.27071
G1 X118.375 Y89.133 E2.29633
G1 X118.287 Y89.718 E2.31635
G1 X118.083 Y90.266 E2.33614
G1 X117.789 Y90.748 E2.35525
G1 X117.348 Y91.208 E2.37682
G1 X116.811 Y91.564 E2.39863
G1 X116.283 Y91.771 E2.41783
G1 X115.783 Y91.865 E2.43505
G1 X115.138 Y91.856 E2.45688
G1 X114.55 Y91.714 E2.47736
G1 X113.935 Y91.417 E2.50048
G1 X113.536 Y91.11 E2.51752
G1 X113.193 Y90.719 E2.53513
G1 X112.925 Y90.292 E2.55219
G1 X112.691 Y89.621 E2.57624
G1 X112.625 Y88.867 E2.60186
G1 X112.697 Y88.422 E2.61712
G1 X113.101 Y88.452 F7200
;TYPE:External perimeter
G1 F1200
G1 X113.13 Y88.292 E2.62262
G1 X113.346 Y87.782 E2.64137
G1 X113.671 Y87.334 E2.6601
G1 X114.088 Y86.969 E2.67886
G1 X114.667 Y86.673 E2.70087
G1 X115.369 Y86.532 E2.72511
G1 X115.891 Y86.557 E2.7428
G1 X116.383 Y86.689 E2.76004
G1 X116.875 Y86.943 E2.77878
G1 X117.194 Y87.196 E2.79256
G1 X117.448 Y87.475 E2.80533
G1 X117.719 Y87.907 E2.82259
G1 X117.922 Y88.506 E2.844
G1 X117.968 Y89.157 E2.86609
G1 X117.905 Y89.576 E2.88043
G1 X117.702 Y90.124 E2.90021
G1 X117.42 Y90.56 E2.91779
G1 X117.06 Y90.92 E2.93502
G1 X116.594 Y91.219 E2.95376
G1 X116.159 Y91.38 E2.96946
G1 X115.665 Y91.469 E2.98645
G1 X115.153 Y91.449 E3.00379
G1 X114.656 Y91.321 E3.02116
G1 X114.125 Y91.057 E3.04123
G1 X113.742 Y90.735 E3.05817
G1 X113.538 Y90.503 E3.06863
G1 X113.268 Y90.07 E3.0859
G1 X113.078 Y89.494 E3.10643
G1 X113.032 Y88.843 E3.12852
G1 X113.091 Y88.512 E3.1399
G1 X113.206 Y88.129 F7200
G1 E1.1399 F2400
G92 E0
G1 X120.054 Y113.554 F7200
G1 E2 F2400
;TYPE:Perimeter
G1 F2700
G1 X79.946 Y113.554 E3.35761
G1 X79.946 Y86.446 E4.27518
G1 X112.839 Y86.446 E5.38857
G1 X112.689 Y86.609 E5.39607
G1 X112.227 Y87.294 E5.42404
G1 X111.93 Y88.065 E5.45201
G1 X111.835 Y88.565 E5.46924
G1 X111.813 Y88.917 E5.48118
G1 X111.849 Y89.517 E5.50153
G1 X111.917 Y89.874 E5.51383
G1 X112.1 Y90.429 E5.53361
G1 X112.247 Y90.743 E5.54535
G1 X112.68 Y91.385 E5.57156
G1 X113.067 Y91.779 E5.59025
G1 X113.552 Y92.135 E5.61061
G1 X114.004 Y92.374 E5.62792
G1 X114.301 Y92.491 E5.63873
G1 X114.792 Y92.622 E5.65593
G1 X115.108 Y92.67 E5.66675
G1 X115.616 Y92.689 E5.68396
G1 X115.934 Y92.665 E5.69475
G1 X116.69 Y92.497 E5.72096
G1 X117.244 Y92.253 E5.74145
G1 X117.924 Y91.783 E5.76943
G1 X118.472 Y91.19 E5.79676
G1 X118.846 Y90.55 E5.82185
G1 X119.123 Y89.717 E5.85156
G1 X119.187 Y89.083 E5.87313
G1 X119.151 Y88.483 E5.89348
G1 X119.083 Y88.126 E5.90578
G1 X118.9 Y87.571 E5.92556
G1 X118.753 Y87.257 E5.9373
G1 X118.482 Y86.826 E5.95453
G1 X118.164 Y86.446 E5.9713
G1 X120.054 Y86.446 E6.03527
G1 X120.054 Y113.494 E6.95081
G1 X120.461 Y113.961 F7200
G1 F2700
G1 X79.539 Y113.961 E8.33597
G1 X79.539 Y86.039 E9.2811
G1 X114.113 Y86.039 E10.45139
G1 X113.557 Y86.352 E10.47299
G1 X113.016 Y86.851 E10.4979
G1 X112.6 Y87.457 E10.52278
G1 X112.33 Y88.141 E10.54767
G1 X112.219 Y88.892 E10.57337
G1 X112.255 Y89.492 E10.59372
G1 X112.304 Y89.748 E10.60254
G1 X112.592 Y90.527 E10.63065
G1 X112.924 Y91.045 E10.65148
G1 X113.32 Y91.461 E10.67092
G1 X113.743 Y91.776 E10.68877
G1 X114.195 Y92.014 E10.70606
G1 X114.445 Y92.108 E10.7151
G1 X115.123 Y92.263 E10.73864
G1 X115.858 Y92.265 E10.76352
G1 X116.541 Y92.118 E10.78717
G1 X117.027 Y91.908 E10.80509
G1 X117.636 Y91.496 E10.82998
G1 X118.131 Y90.969 E10.85445
G1 X118.465 Y90.408 E10.87655
G1 X118.721 Y89.657 E10.90341
G1 X118.781 Y89.108 E10.9221
G1 X118.696 Y88.252 E10.95122
G1 X118.409 Y87.473 E10.97932
G1 X118.138 Y87.042 E10.99655
G1 X117.791 Y86.643 E11.01445
G1 X117.414 Y86.328 E11.03108
G1 X116.906 Y86.039 E11.05086
G1 X120.461 Y86.039 E11.17119
G1 X120.461 Y113.901 E12.11428
G1 X120.868 Y114.368 F7200
G1 F2700
G1 X79.132 Y114.368 E13.52699
G1 X79.132 Y85.632 E14.49967
G1 X114.586 Y85.632 E15.69974
;WIDTH:0.491624
G1 X115.45 Y85.653 E15.73199
;WIDTH:0.517028
G1 X116.066 Y85.666 E15.75628
G1 X116.321 Y85.649 E15.76635
;WIDTH:0.483514
G1 X116.575 Y85.632 E15.77568
;WIDTH:0.449999
G1 X120.868 Y85.632 E15.92099
G1 X120.868 Y114.308 E16.89164
G1 X121.275 Y114.775 F7200
;TYPE:External perimeter
G1 F1800
G1 X78.725 Y114.775 E18.3319
G1 X78.725 Y85.225 E19.33213
G1 X121.275 Y85.225 E20.77239
G1 X121.275 Y114.715 E21.77059
G1 X120.879 Y114.774 F7200
G1 E19.77059 F2400
G92 E0
G1 X113.77 Y104.586 F7200
G1 E2 F2400
;TYPE:Internal infill
;WIDTH:0.45
G1 F3300
G1 X113.51 Y104.472 E2.00961
G1 X112.789 Y103.936 E2.04002
G1 X112.361 Y103.483 E2.06111
G1 X112.016 Y102.949 E2.08263
G1 X111.531 Y103.548 E2.10872
G1 X111.007 Y103.812 E2.12858
G1 X110.483 Y103.715 E2.14662
G1 X109.958 Y103.389 E2.16754
G1 X109.434 Y102.742 E2.19572
G1 X108.91 Y102.478 E2.21558
G1 X108.386 Y102.574 E2.23361
G1 X107.862 Y102.901 E2.25452
G1 X107.338 Y103.548 E2.2827
G1 X106.814 Y103.812 E2.30256
G1 X106.29 Y103.715 E2.3206
G1 X105.765 Y103.389 E2.34152
G1 X105.241 Y102.742 E2.3697
G1 X104.717 Y102.478 E2.38956
G1 X104.193 Y102.574 E2.40759
G1 X103.669 Y102.901 E2.4285
G1 X103.145 Y103.548 E2.45668
G1 X102.621 Y103.812 E2.47654
G1 X102.097 Y103.715 E2.49458
G1 X101.572 Y103.389 E2.5155
G1 X101.048 Y102.742 E2.54368
G1 X100.524 Y102.478 E2.56354
G1 X100 Y102.574 E2.58157
G1 X99.476 Y102.901 E2.60248
G1 X98.952 Y103.548 E2.63066
G1 X98.428 Y103.812 E2.65052
G1 X97.903 Y103.715 E2.66859
G1 X97.379 Y103.389 E2.68948
G1 X96.855 Y102.742 E2.71766
G1 X96.331 Y102.478 E2.73752
G1 X95.807 Y102.574 E2.75555
G1 X95.283 Y102.901 E2.77646
G1 X94.759 Y103.548 E2.80464
G1 X94.235 Y103.812 E2.8245
G1 X93.71 Y103.715 E2.84257
G1 X93.186 Y103.389 E2.86346
G1 X92.662 Y102.742 E2.89164
G1 X92.138 Y102.478 E2.9115
G1 X91.614 Y102.574 E2.92953
G1 X91.09 Y102.901 E2.95044
G1 X90.566 Y103.548 E2.97862
G1 X90.042 Y103.812 E2.99848
G1 X89.517 Y103.715 E3.01655
G1 X88.993 Y103.389 E3.03744
G1 X88.469 Y102.742 E3.06562
G1 X87.945 Y102.478 E3.08548
G1 X87.421 Y102.574 E3.10351
G1 X86.897 Y102.901 E3.12442
G1 X86.373 Y103.548 E3.1526
G1 X85.848 Y103.812 E3.17249
G1 X85.324 Y103.715 E3.19053
G1 X84.8 Y103.389 E3.21142
G1 X84.276 Y102.742 E3.2396
G1 X83.752 Y102.478 E3.25946
G1 X83.228 Y102.574 E3.27749
G1 X82.704 Y102.901 E3.2984
G1 X82.18 Y103.548 E3.32658
G1 X81.655 Y103.812 E3.34647
G1 X81.131 Y103.715 E3.36451
G1 X80.607 Y103.389 E3.3854
G1 X80.252 Y102.95 E3.40451
G1 X80.252 Y101.536 E3.45237
G1 X80.607 Y101.715 E3.46583
G1 X81.131 Y101.619 E3.48386
G1 X81.655 Y101.292 E3.50477
G1 X82.18 Y100.645 E3.53297
G1 X82.704 Y100.381 E3.55283
G1 X83.228 Y100.478 E3.57087
G1 X83.752 Y100.804 E3.59176
G1 X84.276 Y101.452 E3.61997
G1 X84.8 Y101.715 E3.63982
G1 X85.324 Y101.619 E3.65785
G1 X85.848 Y101.292 E3.67876
G1 X86.373 Y100.645 E3.70696
G1 X86.897 Y100.381 E3.72682
G1 X87.421 Y100.478 E3.74486
G1 X87.945 Y100.804 E3.76575
G1 X88.469 Y101.452 E3.79396
G1 X88.993 Y101.715 E3.81381
G1 X89.517 Y101.619 E3.83184
G1 X90.042 Y101.292 E3.85278
G1 X90.566 Y100.645 E3.88096
G1 X91.09 Y100.381 E3.90082
G1 X91.614 Y100.478 E3.91886
G1 X92.138 Y100.804 E3.93975
G1 X92.662 Y101.452 E3.96796
G1 X93.186 Y101.715 E3.98781
G1 X93.71 Y101.619 E4.00584
G1 X94.235 Y101.292 E4.02678
G1 X94.759 Y100.645 E4.05496
G1 X95.283 Y100.381 E4.07482
G1 X95.807 Y100.478 E4.09286
G1 X96.331 Y100.804 E4.11375
G1 X96.855 Y101.452 E4.14196
G1 X97.379 Y101.715 E4.16181
G1 X97.903 Y101.619 E4.17984
G1 X98.428 Y101.292 E4.20078
G1 X98.952 Y100.645 E4.22896
G1 X99.476 Y100.381 E4.24882
G1 X100 Y100.478 E4.26686
G1 X100.524 Y100.804 E4.28775
G1 X101.048 Y101.452 E4.31596
G1 X101.572 Y101.715 E4.33581
G1 X102.097 Y101.619 E4.35388
G1 X102.621 Y101.292 E4.37479
G1 X103.145 Y100.645 E4.40297
G1 X103.669 Y100.381 E4.42283
G1 X104.193 Y100.478 E4.44087
G1 X104.717 Y100.804 E4.46176
G1 X105.241 Y101.452 E4.48997
G1 X105.765 Y101.715 E4.50982
G1 X106.29 Y101.619 E4.52789
G1 X106.814 Y101.292 E4.5488
G1 X107.338 Y100.645 E4.57698
G1 X107.862 Y100.381 E4.59684
G1 X108.386 Y100.478 E4.61488
G1 X108.91 Y100.804 E4.63577
G1 X109.434 Y101.452 E4.66398
G1 X109.958 Y101.715 E4.68383
G1 X110.483 Y101.619 E4.7019
G1 X111.007 Y101.292 E4.72281
G1 X111.521 Y100.658 E4.75044
G1 X111.569 Y101.744 E4.78724
G1 X111.918 Y102.771 E4.82396
G1 E2.82396 F2400
G92 E0
G1 X80.252 Y112.361 F7200
G1 E2 F2400
G1 F3300
G1 X80.252 Y113.248 E2.03002
G1 X82.18 Y113.224 E2.09529
G1 X82.704 Y112.96 E2.11515
G1 X83.228 Y113.057 E2.13319
G1 X83.726 Y113.248 E2.15124
G1 X86 Y113.248 E2.22821
G1 X86.373 Y113.224 E2.24086
G1 X86.897 Y112.96 E2.26072
G1 X87.421 Y113.057 E2.27876
G1 X87.919 Y113.248 E2.29681
G1 X90.193 Y113.248 E2.37378
G1 X90.566 Y113.224 E2.38643
G1 X91.09 Y112.96 E2.40629
G1 X91.614 Y113.057 E2.42433
G1 X92.112 Y113.248 E2.44238
G1 X94.386 Y113.248 E2.51935
G1 X94.759 Y113.224 E2.532
G1 X95.283 Y112.96 E2.55186
G1 X95.807 Y113.057 E2.5699
G1 X96.305 Y113.248 E2.58795
G1 X98.952 Y113.224 E2.67755
G1 X99.476 Y112.96 E2.69741
G1 X100 Y113.057 E2.71545
G1 X100.499 Y113.248 E2.73354
G1 X102.772 Y113.248 E2.81048
G1 X103.145 Y113.224 E2.82313
G1 X103.669 Y112.96 E2.84299
G1 X104.193 Y113.057 E2.86103
G1 X104.692 Y113.248 E2.87912
G1 X107.338 Y113.224 E2.96869
G1 X107.862 Y112.96 E2.98855
G1 X108.386 Y113.057 E3.00659
G1 X108.885 Y113.248 E3.02468
G1 X111.158 Y113.248 E3.10162
G1 X111.531 Y113.224 E3.11427
G1 X112.055 Y112.96 E3.13413
G1 X112.579 Y113.057 E3.15217
G1 X113.078 Y113.248 E3.17026
G1 X115.351 Y113.248 E3.2472
G1 X115.724 Y113.224 E3.25985
G1 X116.248 Y112.96 E3.27971
G1 X116.772 Y113.057 E3.29775
G1 X117.271 Y113.248 E3.31584
G1 X119.748 Y113.248 E3.39968
G1 X119.748 Y112.019 E3.44128
G1 X119.393 Y112.198 E3.45474
G1 X118.869 Y112.102 E3.47277
G1 X118.345 Y111.775 E3.49368
G1 X117.82 Y111.128 E3.52188
G1 X117.296 Y110.864 E3.54174
G1 X116.772 Y110.96 E3.55977
G1 X116.248 Y111.287 E3.58068
G1 X115.724 Y111.934 E3.60886
G1 X115.2 Y112.198 E3.62872
G1 X114.676 Y112.102 E3.64675
G1 X114.152 Y111.775 E3.66766
G1 X113.627 Y111.128 E3.69586
G1 X113.103 Y110.864 E3.71572
G1 X112.579 Y110.96 E3.73375
G1 X112.055 Y111.287 E3.75466
G1 X111.531 Y111.934 E3.78284
G1 X111.007 Y112.198 E3.8027
G1 X110.483 Y112.102 E3.82073
G1 X109.958 Y111.775 E3.84167
G1 X109.434 Y111.128 E3.86985
G1 X108.91 Y110.864 E3.88971
G1 X108.386 Y110.96 E3.90774
G1 X107.862 Y111.287 E3.92865
G1 X107.338 Y111.934 E3.95683
G1 X106.814 Y112.198 E3.97669
G1 X106.29 Y112.102 E3.99472
G1 X105.765 Y111.775 E4.01566
G1 X105.241 Y111.128 E4.04384
G1 X104.717 Y110.864 E4.0637
G1 X104.193 Y110.96 E4.08173
G1 X103.669 Y111.287 E4.10264
G1 X103.145 Y111.934 E4.13082
G1 X102.621 Y112.198 E4.15068
G1 X102.097 Y112.102 E4.16871
G1 X101.572 Y111.775 E4.18965
G1 X101.048 Y111.128 E4.21783
G1 X100.524 Y110.864 E4.23769
G1 X100 Y110.96 E4.25572
G1 X99.476 Y111.287 E4.27663
G1 X98.952 Y111.934 E4.30481
G1 X98.428 Y112.198 E4.32467
G1 X97.903 Y112.102 E4.34274
G1 X97.379 Y111.775 E4.36365
G1 X96.855 Y111.128 E4.39183
G1 X96.331 Y110.864 E4.41169
G1 X95.807 Y110.96 E4.42972
G1 X95.283 Y111.287 E4.45063
G1 X94.759 Y111.934 E4.47881
G1 X94.235 Y112.198 E4.49867
G1 X93.71 Y112.102 E4.51674
G1 X93.186 Y111.775 E4.53765
G1 X92.662 Y111.128 E4.56583
G1 X92.138 Y110.864 E4.58569
G1 X91.614 Y110.96 E4.60372
G1 X91.09 Y111.287 E4.62463
G1 X90.566 Y111.934 E4.65281
G1 X90.042 Y112.198 E4.67267
G1 X89.517 Y112.102 E4.69074
G1 X88.993 Y111.775 E4.71165
G1 X88.469 Y111.128 E4.73983
G1 X87.945 Y110.864 E4.75969
G1 X87.421 Y110.96 E4.77772
G1 X86.897 Y111.287 E4.79863
G1 X86.373 Y111.934 E4.82681
G1 X85.848 Y112.198 E4.8467
G1 X85.324 Y112.102 E4.86473
G1 X84.8 Y111.775 E4.88564
G1 X84.276 Y111.128 E4.91382
G1 X83.752 Y110.864 E4.93368
G1 X83.228 Y110.96 E4.95171
G1 X82.704 Y111.287 E4.97262
G1 X82.18 Y111.934 E5.0008
G1 X81.655 Y112.198 E5.02069
G1 X81.131 Y112.102 E5.03872
G1 X80.607 Y111.775 E5.05963
G1 X80.252 Y111.336 E5.07874
G1 X80.252 Y109.922 E5.1266
G1 X80.607 Y110.102 E5.14007
G1 X81.131 Y110.005 E5.15811
G1 X81.655 Y109.678 E5.17902
G1 X82.18 Y109.031 E5.20722
G1 X82.704 Y108.767 E5.22708
G1 X83.228 Y108.864 E5.24512
G1 X83.752 Y109.19 E5.26601
G1 X84.276 Y109.838 E5.29422
G1 X84.8 Y110.102 E5.31408
G1 X85.324 Y110.005 E5.33212
G1 X85.848 Y109.678 E5.35303
G1 X86.373 Y109.031 E5.38123
G1 X86.897 Y108.767 E5.40109
G1 X87.421 Y108.864 E5.41913
G1 X87.945 Y109.19 E5.44002
G1 X88.469 Y109.838 E5.46823
G1 X88.993 Y110.102 E5.48809
G1 X89.517 Y110.005 E5.50613
G1 X90.042 Y109.678 E5.52707
G1 X90.566 Y109.031 E5.55525
G1 X91.09 Y108.767 E5.57511
G1 X91.614 Y108.864 E5.59315
G1 X92.138 Y109.19 E5.61404
G1 X92.662 Y109.838 E5.64225
G1 X93.186 Y110.102 E5.66211
G1 X93.71 Y110.005 E5.68015
G1 X94.235 Y109.678 E5.70109
G1 X94.759 Y109.031 E5.72927
G1 X95.283 Y108.767 E5.74913
G1 X95.807 Y108.864 E5.76717
G1 X96.331 Y109.19 E5.78806
G1 X96.855 Y109.838 E5.81627
G1 X97.379 Y110.102 E5.83613
G1 X97.903 Y110.005 E5.85417
G1 X98.428 Y109.678 E5.87511
G1 X98.952 Y109.031 E5.90329
G1 X99.476 Y108.767 E5.92315
G1 X100 Y108.864 E5.94119
G1 X100.524 Y109.19 E5.96208
G1 X101.048 Y109.838 E5.99029
G1 X101.572 Y110.102 E6.01015
G1 X102.097 Y110.005 E6.02822
G1 X102.621 Y109.678 E6.04913
G1 X103.145 Y109.031 E6.07731
G1 X103.669 Y108.767 E6.09717
G1 X104.193 Y108.864 E6.11521
G1 X104.717 Y109.19 E6.1361
G1 X105.241 Y109.838 E6.16431
G1 X105.765 Y110.102 E6.18417
G1 X106.29 Y110.005 E6.20224
G1 X106.814 Y109.678 E6.22315
G1 X107.338 Y109.031 E6.25133
G1 X107.862 Y108.767 E6.27119
G1 X108.386 Y108.864 E6.28923
G1 X108.91 Y109.19 E6.31012
G1 X109.434 Y109.838 E6.33833
G1 X109.958 Y110.102 E6.35819
G1 X110.483 Y110.005 E6.37626
G1 X111.007 Y109.678 E6.39717
G1 X111.531 Y109.031 E6.42535
G1 X112.055 Y108.767 E6.44521
G1 X112.579 Y108.864 E6.46325
G1 X113.103 Y109.19 E6.48414
G1 X113.627 Y109.838 E6.51235
G1 X114.152 Y110.102 E6.53224
G1 X114.676 Y110.005 E6.55028
G1 X115.2 Y109.678 E6.57119
G1 X115.724 Y109.031 E6.59937
G1 X116.248 Y108.767 E6.61923
G1 X116.772 Y108.864 E6.63727
G1 X117.296 Y109.19 E6.65816
G1 X117.82 Y109.838 E6.68637
G1 X118.345 Y110.102 E6.70626
G1 X118.869 Y110.005 E6.7243
G1 X119.393 Y109.678 E6.74521
G1 X119.748 Y109.239 E6.76432
G1 X119.748 Y107.826 E6.81215
G1 X119.393 Y108.005 E6.82561
G1 X118.869 Y107.908 E6.84365
G1 X118.345 Y107.582 E6.86454
G1 X117.82 Y106.935 E6.89274
G1 X117.296 Y106.671 E6.9126
G1 X116.772 Y106.767 E6.93063
G1 X116.248 Y107.094 E6.95154
G1 X115.724 Y107.741 E6.97972
G1 X115.2 Y108.005 E6.99958
G1 X114.676 Y107.908 E7.01762
G1 X114.152 Y107.582 E7.03851
G1 X113.627 Y106.935 E7.06671
G1 X113.103 Y106.671 E7.08657
G1 X112.579 Y106.767 E7.1046
G1 X112.055 Y107.094 E7.12551
G1 X111.531 Y107.741 E7.15369
G1 X111.007 Y108.005 E7.17355
G1 X110.483 Y107.908 E7.19159
G1 X109.958 Y107.582 E7.21251
G1 X109.434 Y106.935 E7.24069
G1 X108.91 Y106.671 E7.26055
G1 X108.386 Y106.767 E7.27858
G1 X107.862 Y107.094 E7.29949
G1 X107.338 Y107.741 E7.32767
G1 X106.814 Y108.005 E7.34753
G1 X106.29 Y107.908 E7.36557
G1 X105.765 Y107.582 E7.38649
G1 X105.241 Y106.935 E7.41467
G1 X104.717 Y106.671 E7.43453
G1 X104.193 Y106.767 E7.45256
G1 X103.669 Y107.094 E7.47347
G1 X103.145 Y107.741 E7.50165
G1 X102.621 Y108.005 E7.52151
G1 X102.097 Y107.908 E7.53955
G1 X101.572 Y107.582 E7.56047
G1 X101.048 Y106.935 E7.58865
G1 X100.524 Y106.671 E7.60851
G1 X100 Y106.767 E7.62654
G1 X99.476 Y107.094 E7.64745
G1 X98.952 Y107.741 E7.67563
G1 X98.428 Y108.005 E7.69549
G1 X97.903 Y107.908 E7.71356
G1 X97.379 Y107.582 E7.73445
G1 X96.855 Y106.935 E7.76263
G1 X96.331 Y106.671 E7.78249
G1 X95.807 Y106.767 E7.80052
G1 X95.283 Y107.094 E7.82143
G1 X94.759 Y107.741 E7.84961
G1 X94.235 Y108.005 E7.86947
G1 X93.71 Y107.908 E7.88754
G1 X93.186 Y107.582 E7.90843
G1 X92.662 Y106.935 E7.93661
G1 X92.138 Y106.671 E7.95647
G1 X91.614 Y106.767 E7.9745
G1 X91.09 Y107.094 E7.99541
G1 X90.566 Y107.741 E8.02359
G1 X90.042 Y108.005 E8.04345
G1 X89.517 Y107.908 E8.06152
G1 X88.993 Y107.582 E8.08241
G1 X88.469 Y106.935 E8.11059
G1 X87.945 Y106.671 E8.13045
G1 X87.421 Y106.767 E8.14848
G1 X86.897 Y107.094 E8.16939
G1 X86.373 Y107.741 E8.19757
G1 X85.848 Y108.005 E8.21746
G1 X85.324 Y107.908 E8.2355
G1 X84.8 Y107.582 E8.25639
G1 X84.276 Y106.935 E8.28457
G1 X83.752 Y106.671 E8.30443
G1 X83.228 Y106.767 E8.32246
G1 X82.704 Y107.094 E8.34337
G1 X82.18 Y107.741 E8.37155
G1 X81.655 Y108.005 E8.39144
G1 X81.131 Y107.908 E8.40948
G1 X80.607 Y107.582 E8.43037
G1 X80.252 Y107.143 E8.44948
G1 X80.252 Y105.729 E8.49734
G1 X80.607 Y105.908 E8.5108
G1 X81.131 Y105.812 E8.52883
G1 X81.655 Y105.485 E8.54974
G1 X82.18 Y104.838 E8.57794
G1 X82.704 Y104.574 E8.5978
G1 X83.228 Y104.671 E8.61584
G1 X83.752 Y104.997 E8.63673
G1 X84.276 Y105.645 E8.66494
G1 X84.8 Y105.908 E8.68479
G1 X85.324 Y105.812 E8.70282
G1 X85.848 Y105.485 E8.72373
G1 X86.373 Y104.838 E8.75193
G1 X86.897 Y104.574 E8.77179
G1 X87.421 Y104.671 E8.78983
G1 X87.945 Y104.997 E8.81072
G1 X88.469 Y105.645 E8.83893
G1 X88.993 Y105.908 E8.85878
G1 X89.517 Y105.812 E8.87681
G1 X90.042 Y105.485 E8.89775
G1 X90.566 Y104.838 E8.92593
G1 X91.09 Y104.574 E8.94579
G1 X91.614 Y104.671 E8.96383
G1 X92.138 Y104.997 E8.98472
G1 X92.662 Y105.645 E9.01293
G1 X93.186 Y105.908 E9.03278
G1 X93.71 Y105.812 E9.05081
G1 X94.235 Y105.485 E9.07175
G1 X94.759 Y104.838 E9.09993
G1 X95.283 Y104.574 E9.11979
G1 X95.807 Y104.671 E9.13783
G1 X96.331 Y104.997 E9.15872
G1 X96.855 Y105.645 E9.18693
G1 X97.379 Y105.908 E9.20678
G1 X97.903 Y105.812 E9.22481
G1 X98.428 Y105.485 E9.24575
G1 X98.952 Y104.838 E9.27393
G1 X99.476 Y104.574 E9.29379
G1 X100 Y104.671 E9.31183
G1 X100.524 Y104.997 E9.33272
G1 X101.048 Y105.645 E9.36093
G1 X101.572 Y105.908 E9.38078
G1 X102.097 Y105.812 E9.39885
G1 X102.621 Y105.485 E9.41976
G1 X103.145 Y104.838 E9.44794
G1 X103.669 Y104.574 E9.4678
G1 X104.193 Y104.671 E9.48584
G1 X104.717 Y104.997 E9.50673
G1 X105.241 Y105.645 E9.53494
G1 X105.765 Y105.908 E9.55479
G1 X106.29 Y105.812 E9.57286
G1 X106.814 Y105.485 E9.59377
G1 X107.338 Y104.838 E9.62195
G1 X107.862 Y104.574 E9.64181
G1 X108.386 Y104.671 E9.65985
G1 X108.91 Y104.997 E9.68074
G1 X109.434 Y105.645 E9.70895
G1 X109.958 Y105.908 E9.7288
G1 X110.483 Y105.812 E9.74687
G1 X111.007 Y105.485 E9.76778
G1 X111.531 Y104.838 E9.79596
G1 X112.055 Y104.574 E9.81582
G1 X112.579 Y104.671 E9.83386
G1 X113.103 Y104.997 E9.85475
G1 X113.627 Y105.645 E9.88296
G1 X114.152 Y105.908 E9.90284
G1 X114.676 Y105.812 E9.92087
G1 X115.2 Y105.485 E9.94178
G1 X115.598 Y104.994 E9.96317
G1 X116.266 Y104.925 E9.9859
G1 X116.884 Y104.74 E10.00774
G1 X117.296 Y104.997 E10.02418
G1 X117.82 Y105.645 E10.05239
G1 X118.345 Y105.908 E10.07227
G1 X118.869 Y105.812 E10.0903
G1 X119.393 Y105.485 E10.11121
G1 X119.748 Y105.046 E10.13032
G1 X119.748 Y103.633 E10.17815
G1 X119.393 Y103.812 E10.19161
G1 X118.869 Y103.715 E10.20965
G1 X118.583 Y103.537 E10.22105
G1 X119.051 Y102.832 E10.24969
G1 X119.259 Y102.355 E10.2673
G1 X119.37 Y101.996 E10.28002
G1 X119.486 Y101.177 E10.30802
G1 X119.748 Y100.853 E10.32212
G1 X119.748 Y99.44 E10.36995
G1 X119.393 Y99.619 E10.38341
G1 X119.228 Y99.588 E10.38909
G1 X119.047 Y99.154 E10.40501
G1 X118.691 Y98.595 E10.42744
G1 X118.353 Y98.202 E10.44499
G1 X117.744 Y97.701 E10.47168
G1 E8.47168 F2400
G92 E0
G1 X113.661 Y97.458 F7200
G1 E2 F2400
G1 F3300
G1 X113.048 Y97.838 E2.02441
G1 X112.374 Y98.509 E2.0566
G1 X112.055 Y98.708 E2.06933
G1 X111.531 Y99.355 E2.09751
G1 X111.007 Y99.619 E2.11737
G1 X110.483 Y99.522 E2.13541
G1 X109.958 Y99.196 E2.15633
G1 X109.434 Y98.549 E2.18451
G1 X108.91 Y98.285 E2.20437
G1 X108.386 Y98.381 E2.2224
G1 X107.862 Y98.708 E2.24331
G1 X107.338 Y99.355 E2.27149
G1 X106.814 Y99.619 E2.29135
G1 X106.29 Y99.522 E2.30939
G1 X105.765 Y99.196 E2.33031
G1 X105.241 Y98.549 E2.35849
G1 X104.717 Y98.285 E2.37835
G1 X104.193 Y98.381 E2.39638
G1 X103.669 Y98.708 E2.41729
G1 X103.145 Y99.355 E2.44547
G1 X102.621 Y99.619 E2.46533
G1 X102.097 Y99.522 E2.48337
G1 X101.572 Y99.196 E2.50429
G1 X101.048 Y98.549 E2.53247
G1 X100.524 Y98.285 E2.55233
G1 X100 Y98.381 E2.57036
G1 X99.476 Y98.708 E2.59127
G1 X98.952 Y99.355 E2.61945
G1 X98.428 Y99.619 E2.63931
G1 X97.903 Y99.522 E2.65738
G1 X97.379 Y99.196 E2.67827
G1 X96.855 Y98.549 E2.70645
G1 X96.331 Y98.285 E2.72631
G1 X95.807 Y98.381 E2.74434
G1 X95.283 Y98.708 E2.76525
G1 X94.759 Y99.355 E2.79343
G1 X94.235 Y99.619 E2.81329
G1 X93.71 Y99.522 E2.83136
G1 X93.186 Y99.196 E2.85225
G1 X92.662 Y98.549 E2.88043
G1 X92.138 Y98.285 E2.90029
G1 X91.614 Y98.381 E2.91832
G1 X91.09 Y98.708 E2.93923
G1 X90.566 Y99.355 E2.96741
G1 X90.042 Y99.619 E2.98727
G1 X89.517 Y99.522 E3.00534
G1 X88.993 Y99.196 E3.02623
G1 X88.469 Y98.549 E3.05441
G1 X87.945 Y98.285 E3.07427
G1 X87.421 Y98.381 E3.0923
G1 X86.897 Y98.708 E3.11321
G1 X86.373 Y99.355 E3.14139
G1 X85.848 Y99.619 E3.16128
G1 X85.324 Y99.522 E3.17932
G1 X84.8 Y99.196 E3.20021
G1 X84.276 Y98.549 E3.22839
G1 X83.752 Y98.285 E3.24825
G1 X83.228 Y98.381 E3.26628
G1 X82.704 Y98.708 E3.28719
G1 X82.18 Y99.355 E3.31537
G1 X81.655 Y99.619 E3.33526
G1 X81.131 Y99.522 E3.3533
G1 X80.607 Y99.196 E3.37419
G1 X80.252 Y98.757 E3.3933
G1 X80.252 Y97.343 E3.44116
G1 X80.607 Y97.522 E3.45462
G1 X81.131 Y97.426 E3.47265
G1 X81.655 Y97.099 E3.49356
G1 X82.18 Y96.452 E3.52176
G1 X82.704 Y96.188 E3.54162
G1 X83.228 Y96.285 E3.55966
G1 X83.752 Y96.611 E3.58055
G1 X84.276 Y97.258 E3.60873
G1 X84.8 Y97.522 E3.62859
G1 X85.324 Y97.426 E3.64662
G1 X85.848 Y97.099 E3.66753
G1 X86.373 Y96.452 E3.69573
G1 X86.897 Y96.188 E3.71559
G1 X87.421 Y96.285 E3.73363
G1 X87.945 Y96.611 E3.75452
G1 X88.469 Y97.258 E3.7827
G1 X88.993 Y97.522 E3.80256
G1 X89.517 Y97.426 E3.82059
G1 X90.042 Y97.099 E3.84153
G1 X90.566 Y96.452 E3.86971
G1 X91.09 Y96.188 E3.88957
G1 X91.614 Y96.285 E3.90761
G1 X92.138 Y96.611 E3.9285
G1 X92.662 Y97.258 E3.95668
G1 X93.186 Y97.522 E3.97654
G1 X93.71 Y97.426 E3.99457
G1 X94.235 Y97.099 E4.01551
G1 X94.759 Y96.452 E4.04369
G1 X95.283 Y96.188 E4.06355
G1 X95.807 Y96.285 E4.08159
G1 X96.331 Y96.611 E4.10248
G1 X96.855 Y97.258 E4.13066
G1 X97.379 Y97.522 E4.15052
G1 X97.903 Y97.426 E4.16855
G1 X98.428 Y97.099 E4.18949
G1 X98.952 Y96.452 E4.21767
G1 X99.476 Y96.188 E4.23753
G1 X100 Y96.285 E4.25557
G1 X100.524 Y96.611 E4.27646
G1 X101.048 Y97.258 E4.30464
G1 X101.572 Y97.522 E4.3245
G1 X102.097 Y97.426 E4.34257
G1 X102.621 Y97.099 E4.36348
G1 X103.145 Y96.452 E4.39166
G1 X103.669 Y96.188 E4.41152
G1 X104.193 Y96.285 E4.42956
G1 X104.717 Y96.611 E4.45045
G1 X105.241 Y97.258 E4.47863
G1 X105.765 Y97.522 E4.49849
G1 X106.29 Y97.426 E4.51656
G1 X106.814 Y97.099 E4.53747
G1 X107.338 Y96.452 E4.56565
G1 X107.862 Y96.188 E4.58551
G1 X108.386 Y96.285 E4.60355
G1 X108.91 Y96.611 E4.62444
G1 X109.434 Y97.258 E4.65262
G1 X109.958 Y97.522 E4.67248
G1 X110.483 Y97.426 E4.69055
G1 X111.007 Y97.099 E4.71146
G1 X111.531 Y96.452 E4.73964
G1 X112.055 Y96.188 E4.7595
G1 X112.579 Y96.285 E4.77754
G1 X113.103 Y96.611 E4.79843
G1 X113.627 Y97.258 E4.82661
G1 X113.842 Y97.366 E4.83475
G1 X114.619 Y97.096 E4.86259
G1 X115.273 Y97.009 E4.88492
G1 X115.724 Y96.452 E4.90918
G1 X116.248 Y96.188 E4.92904
G1 X116.772 Y96.285 E4.94708
G1 X117.296 Y96.611 E4.96797
G1 X117.82 Y97.258 E4.99615
G1 X118.345 Y97.522 E5.01604
G1 X118.869 Y97.426 E5.03407
G1 X119.393 Y97.099 E5.05498
G1 X119.748 Y96.66 E5.07409
G1 X119.748 Y95.247 E5.12192
G1 X119.393 Y95.426 E5.13538
G1 X118.869 Y95.329 E5.15342
G1 X118.345 Y95.003 E5.17431
G1 X117.82 Y94.355 E5.20254
G1 X117.296 Y94.092 E5.22239
G1 X116.772 Y94.188 E5.24042
G1 X116.248 Y94.515 E5.26133
G1 X115.724 Y95.162 E5.28951
G1 X115.2 Y95.426 E5.30937
G1 X114.676 Y95.329 E5.32741
G1 X114.152 Y95.003 E5.3483
G1 X113.627 Y94.355 E5.37653
G1 X113.103 Y94.092 E5.39638
G1 X112.579 Y94.188 E5.41441
G1 X112.055 Y94.515 E5.43532
G1 X111.531 Y95.162 E5.4635
G1 X111.007 Y95.426 E5.48336
G1 X110.483 Y95.329 E5.5014
G1 X109.958 Y95.003 E5.52232
G1 X109.434 Y94.355 E5.55053
G1 X108.91 Y94.092 E5.57038
G1 X108.386 Y94.188 E5.58841
G1 X107.862 Y94.515 E5.60932
G1 X107.338 Y95.162 E5.6375
G1 X106.814 Y95.426 E5.65736
G1 X106.29 Y95.329 E5.6754
G1 X105.765 Y95.003 E5.69632
G1 X105.241 Y94.355 E5.72453
G1 X104.717 Y94.092 E5.74438
G1 X104.193 Y94.188 E5.76241
G1 X103.669 Y94.515 E5.78332
G1 X103.145 Y95.162 E5.8115
G1 X102.621 Y95.426 E5.83136
G1 X102.097 Y95.329 E5.8494
G1 X101.572 Y95.003 E5.87032
G1 X101.048 Y94.355 E5.89853
G1 X100.524 Y94.092 E5.91838
G1 X100 Y94.188 E5.93641
G1 X99.476 Y94.515 E5.95732
G1 X98.952 Y95.162 E5.9855
G1 X98.428 Y95.426 E6.00536
G1 X97.903 Y95.329 E6.02343
G1 X97.379 Y95.003 E6.04432
G1 X96.855 Y94.355 E6.07253
G1 X96.331 Y94.092 E6.09238
G1 X95.807 Y94.188 E6.11041
G1 X95.283 Y94.515 E6.13132
G1 X94.759 Y95.162 E6.1595
G1 X94.235 Y95.426 E6.17936
G1 X93.71 Y95.329 E6.19743
G1 X93.186 Y95.003 E6.21832
G1 X92.662 Y94.355 E6.24653
G1 X92.138 Y94.092 E6.26638
G1 X91.614 Y94.188 E6.28441
G1 X91.09 Y94.515 E6.30532
G1 X90.566 Y95.162 E6.3335
G1 X90.042 Y95.426 E6.35336
G1 X89.517 Y95.329 E6.37143
G1 X88.993 Y95.003 E6.39232
G1 X88.469 Y94.355 E6.42053
G1 X87.945 Y94.092 E6.44038
G1 X87.421 Y94.188 E6.45841
G1 X86.897 Y94.515 E6.47932
G1 X86.373 Y95.162 E6.5075
G1 X85.848 Y95.426 E6.52739
G1 X85.324 Y95.329 E6.54543
G1 X84.8 Y95.003 E6.56632
G1 X84.276 Y94.355 E6.59453
G1 X83.752 Y94.092 E6.61438
G1 X83.228 Y94.188 E6.63241
G1 X82.704 Y94.515 E6.65332
G1 X82.18 Y95.162 E6.6815
G1 X81.655 Y95.426 E6.70139
G1 X81.131 Y95.329 E6.71943
G1 X80.607 Y95.003 E6.74032
G1 X80.252 Y94.564 E6.75943
G1 X80.252 Y93.15 E6.80729
G1 X80.607 Y93.329 E6.82075
G1 X81.131 Y93.233 E6.83878
G1 X81.655 Y92.906 E6.85969
G1 X82.18 Y92.259 E6.88789
G1 X82.704 Y91.995 E6.90775
G1 X83.228 Y92.092 E6.92579
G1 X83.752 Y92.418 E6.94668
G1 X84.276 Y93.065 E6.97486
G1 X84.8 Y93.329 E6.99472
G1 X85.324 Y93.233 E7.01275
G1 X85.848 Y92.906 E7.03366
G1 X86.373 Y92.259 E7.06186
G1 X86.897 Y91.995 E7.08172
G1 X87.421 Y92.092 E7.09976
G1 X87.945 Y92.418 E7.12065
G1 X88.469 Y93.065 E7.14883
G1 X88.993 Y93.329 E7.16869
G1 X89.517 Y93.233 E7.18672
G1 X90.042 Y92.906 E7.20766
G1 X90.566 Y92.259 E7.23584
G1 X91.09 Y91.995 E7.2557
G1 X91.614 Y92.092 E7.27374
G1 X92.138 Y92.418 E7.29463
G1 X92.662 Y93.065 E7.32281
G1 X93.186 Y93.329 E7.34267
G1 X93.71 Y93.233 E7.3607
G1 X94.235 Y92.906 E7.38164
G1 X94.759 Y92.259 E7.40982
G1 X95.283 Y91.995 E7.42968
G1 X95.807 Y92.092 E7.44772
G1 X96.331 Y92.418 E7.46861
G1 X96.855 Y93.065 E7.49679
G1 X97.379 Y93.329 E7.51665
G1 X97.903 Y93.233 E7.53468
G1 X98.428 Y92.906 E7.55562
G1 X98.952 Y92.259 E7.5838
G1 X99.476 Y91.995 E7.60366
G1 X100 Y92.092 E7.6217
G1 X100.524 Y92.418 E7.64259
G1 X101.048 Y93.065 E7.67077
G1 X101.572 Y93.329 E7.69063
G1 X102.097 Y93.233 E7.7087
G1 X102.621 Y92.906 E7.72961
G1 X103.145 Y92.259 E7.75779
G1 X103.669 Y91.995 E7.77765
G1 X104.193 Y92.092 E7.79569
G1 X104.717 Y92.418 E7.81658
G1 X105.241 Y93.065 E7.84476
G1 X105.765 Y93.329 E7.86462
G1 X106.29 Y93.233 E7.88269
G1 X106.814 Y92.906 E7.9036
G1 X107.338 Y92.259 E7.93178
G1 X107.862 Y91.995 E7.95164
G1 X108.386 Y92.092 E7.96968
G1 X108.91 Y92.418 E7.99057
G1 X109.434 Y93.065 E8.01875
G1 X109.958 Y93.329 E8.03861
G1 X110.483 Y93.233 E8.05668
G1 X111.007 Y92.906 E8.07759
G1 X111.531 Y92.259 E8.10577
G1 X112.055 Y91.995 E8.12563
G1 X112.579 Y92.092 E8.14367
G1 X113.103 Y92.418 E8.16456
G1 X113.627 Y93.065 E8.19274
G1 X114.152 Y93.329 E8.21263
G1 X114.676 Y93.233 E8.23066
G1 X115.106 Y92.965 E8.24781
G1 X115.986 Y92.966 E8.2776
G1 X116.684 Y92.823 E8.30172
G1 X117.382 Y92.524 E8.32742
G1 X117.82 Y93.065 E8.35098
G1 X118.345 Y93.329 E8.37087
G1 X118.869 Y93.233 E8.3889
G1 X119.393 Y92.906 E8.40981
G1 X119.748 Y92.467 E8.42892
G1 X119.748 Y91.054 E8.47675
G1 X119.393 Y91.233 E8.49021
G1 X118.871 Y91.137 E8.50818
G1 X119.131 Y90.661 E8.52654
G1 X119.419 Y89.806 E8.55708
G1 X119.496 Y89.173 E8.57866
G1 X119.465 Y88.625 E8.59724
G1 X119.748 Y88.274 E8.6125
G1 X119.748 Y86.861 E8.66033
G1 X119.393 Y87.04 E8.67379
G1 X118.912 Y86.951 E8.69035
G1 X119.098 Y87.248 E8.70221
G1 X119.374 Y88.036 E8.73047
G1 X119.448 Y88.422 E8.74377
G1 E6.74377 F2400
G92 E0
G1 X111.59 Y88.217 F7200
G1 E2 F2400
G1 F3300
G1 X111.507 Y88.93 E2.0243
G1 X111.574 Y89.772 E2.05289
G1 X111.841 Y90.586 E2.08189
G1 X111.531 Y90.969 E2.09857
G1 X111.007 Y91.233 E2.11843
G1 X110.483 Y91.136 E2.13647
G1 X109.958 Y90.81 E2.15739
G1 X109.434 Y90.162 E2.1856
G1 X108.91 Y89.899 E2.20545
G1 X108.386 Y89.995 E2.22348
G1 X107.862 Y90.322 E2.24439
G1 X107.338 Y90.969 E2.27257
G1 X106.814 Y91.233 E2.29243
G1 X106.29 Y91.136 E2.31047
G1 X105.765 Y90.81 E2.33139
G1 X105.241 Y90.162 E2.3596
G1 X104.717 Y89.899 E2.37945
G1 X104.193 Y89.995 E2.39748
G1 X103.669 Y90.322 E2.41839
G1 X103.145 Y90.969 E2.44657
G1 X102.621 Y91.233 E2.46643
G1 X102.097 Y91.136 E2.48447
G1 X101.572 Y90.81 E2.50539
G1 X101.048 Y90.162 E2.5336
G1 X100.524 Y89.899 E2.55345
G1 X100 Y89.995 E2.57148
G1 X99.476 Y90.322 E2.59239
G1 X98.952 Y90.969 E2.62057
G1 X98.428 Y91.233 E2.64043
G1 X97.903 Y91.136 E2.6585
G1 X97.379 Y90.81 E2.67939
G1 X96.855 Y90.162 E2.7076
G1 X96.331 Y89.899 E2.72745
G1 X95.807 Y89.995 E2.74548
G1 X95.283 Y90.322 E2.76639
G1 X94.759 Y90.969 E2.79457
G1 X94.235 Y91.233 E2.81443
G1 X93.71 Y91.136 E2.8325
G1 X93.186 Y90.81 E2.85339
G1 X92.662 Y90.162 E2.8816
G1 X92.138 Y89.899 E2.90145
G1 X91.614 Y89.995 E2.91948
G1 X91.09 Y90.322 E2.94039
G1 X90.566 Y90.969 E2.96857
G1 X90.042 Y91.233 E2.98843
G1 X89.517 Y91.136 E3.0065
G1 X88.993 Y90.81 E3.02739
G1 X88.469 Y90.162 E3.0556
G1 X87.945 Y89.899 E3.07545
G1 X87.421 Y89.995 E3.09348
G1 X86.897 Y90.322 E3.11439
G1 X86.373 Y90.969 E3.14257
G1 X85.848 Y91.233 E3.16246
G1 X85.324 Y91.136 E3.1805
G1 X84.8 Y90.81 E3.20139
G1 X84.276 Y90.162 E3.2296
G1 X83.752 Y89.899 E3.24945
G1 X83.228 Y89.995 E3.26748
G1 X82.704 Y90.322 E3.28839
G1 X82.18 Y90.969 E3.31657
G1 X81.655 Y91.233 E3.33646
G1 X81.131 Y91.136 E3.3545
G1 X80.607 Y90.81 E3.37539
G1 X80.252 Y90.371 E3.3945
G1 X80.252 Y88.957 E3.44236
G1 X80.607 Y89.136 E3.45582
G1 X81.131 Y89.04 E3.47385
G1 X81.655 Y88.713 E3.49476
G1 X82.18 Y88.066 E3.52296
G1 X82.704 Y87.802 E3.54282
G1 X83.228 Y87.898 E3.56085
G1 X83.752 Y88.225 E3.58176
G1 X84.276 Y88.872 E3.60994
G1 X84.8 Y89.136 E3.6298
G1 X85.324 Y89.04 E3.64783
G1 X85.848 Y88.713 E3.66874
G1 X86.373 Y88.066 E3.69694
G1 X86.897 Y87.802 E3.7168
G1 X87.421 Y87.898 E3.73483
G1 X87.945 Y88.225 E3.75574
G1 X88.469 Y88.872 E3.78392
G1 X88.993 Y89.136 E3.80378
G1 X89.517 Y89.04 E3.82181
G1 X90.042 Y88.713 E3.84275
G1 X90.566 Y88.066 E3.87093
G1 X91.09 Y87.802 E3.89079
G1 X91.614 Y87.898 E3.90882
G1 X92.138 Y88.225 E3.92973
G1 X92.662 Y88.872 E3.95791
G1 X93.186 Y89.136 E3.97777
G1 X93.71 Y89.04 E3.9958
G1 X94.235 Y88.713 E4.01674
G1 X94.759 Y88.066 E4.04492
G1 X95.283 Y87.802 E4.06478
G1 X95.807 Y87.898 E4.08281
G1 X96.331 Y88.225 E4.10372
G1 X96.855 Y88.872 E4.1319
G1 X97.379 Y89.136 E4.15176
G1 X97.903 Y89.04 E4.16979
G1 X98.428 Y88.713 E4.19073
G1 X98.952 Y88.066 E4.21891
G1 X99.476 Y87.802 E4.23877
G1 X100 Y87.898 E4.2568
G1 X100.524 Y88.225 E4.27771
G1 X101.048 Y88.872 E4.30589
G1 X101.572 Y89.136 E4.32575
G1 X102.097 Y89.04 E4.34382
G1 X102.621 Y88.713 E4.36473
G1 X103.145 Y88.066 E4.39291
G1 X103.669 Y87.802 E4.41277
G1 X104.193 Y87.898 E4.4308
G1 X104.717 Y88.225 E4.45171
G1 X105.241 Y88.872 E4.47989
G1 X105.765 Y89.136 E4.49975
G1 X106.29 Y89.04 E4.51782
G1 X106.814 Y88.713 E4.53873
G1 X107.338 Y88.066 E4.56691
G1 X107.862 Y87.802 E4.58677
G1 X108.386 Y87.898 E4.6048
G1 X108.91 Y88.225 E4.62571
G1 X109.434 Y88.872 E4.65389
G1 X109.958 Y89.136 E4.67375
G1 X110.483 Y89.04 E4.69182
G1 X111.007 Y88.713 E4.71273
G1 X111.531 Y88.066 E4.74091
G1 X111.628 Y88.017 E4.74459
G1 X111.95 Y87.167 E4.77536
G1 X112.204 Y86.752 E4.79183
G1 X111.551 Y86.752 E4.81393
G1 X111.007 Y87.04 E4.83477
G1 X110.483 Y86.943 E4.85281
G1 X110.175 Y86.752 E4.86508
G1 X107.358 Y86.752 E4.96043
G1 X106.814 Y87.04 E4.98127
G1 X106.29 Y86.943 E4.99931
G1 X105.982 Y86.752 E5.01158
G1 X103.164 Y86.752 E5.10697
G1 X102.621 Y87.04 E5.12778
G1 X102.097 Y86.943 E5.14582
G1 X101.789 Y86.752 E5.15809
G1 X98.971 Y86.752 E5.25348
G1 X98.428 Y87.04 E5.27429
G1 X97.903 Y86.943 E5.29236
G1 X97.596 Y86.752 E5.3046
G1 X94.778 Y86.752 E5.39999
G1 X94.235 Y87.04 E5.4208
G1 X93.71 Y86.943 E5.43887
G1 X93.403 Y86.752 E5.45111
G1 X90.585 Y86.752 E5.5465
G1 X90.042 Y87.04 E5.56731
G1 X89.517 Y86.943 E5.58538
G1 X89.21 Y86.752 E5.59762
G1 X86.392 Y86.752 E5.69301
G1 X85.848 Y87.04 E5.71385
G1 X85.324 Y86.943 E5.73189
G1 X85.017 Y86.752 E5.74413
G1 X82.199 Y86.752 E5.83952
G1 X81.655 Y87.04 E5.86036
G1 X81.131 Y86.943 E5.8784
G1 X80.824 Y86.752 E5.89064
G1 X80.252 Y86.752 E5.91
G1 X80.252 Y88.622 E5.9733
;LAYER_CHANGE
;Z:3
;HEIGHT:0.2
G1 E3.9733 F2400
G92 E0
G1 Z3 F7200
G1 X116.845 Y97.573
G1 E2 F2400
;TYPE:Perimeter
;WIDTH:0.449999
G1 F1200
G1 X117.254 Y97.749 E2.01507
G1 X117.891 Y98.189 E2.04128
G1 X118.457 Y98.791 E2.06925
G1 X118.78 Y99.302 E2.08971
G1 X118.997 Y99.81 E2.10841
G1 X119.165 Y100.565 E2.13459
G1 X119.17 Y101.392 E2.16258
G1 X119.122 Y101.707 E2.17337
G1 X118.991 Y102.199 E2.1906
G1 X118.693 Y102.851 E2.21487
G1 X118.299 Y103.407 E2.23794
G1 X117.885 Y103.82 E2.25773
G1 X117.243 Y104.253 E2.28394
G1 X116.476 Y104.559 E2.31189
G1 X115.882 Y104.674 E2.33237
G1 X115.108 Y104.67 E2.35857
G1 X114.301 Y104.491 E2.38655
G1 X113.649 Y104.193 E2.41082
G1 X113.093 Y103.799 E2.43389
G1 X112.68 Y103.385 E2.45368
G1 X112.356 Y102.939 E2.47234
G1 X111.991 Y102.133 E2.50229
G1 X111.831 Y101.415 E2.52719
G1 X111.81 Y100.831 E2.54697
G1 X111.929 Y100.066 E2.57318
G1 X112.023 Y99.761 E2.58398
G1 X112.227 Y99.295 E2.6012
G1 X112.547 Y98.781 E2.62169
G1 X112.994 Y98.29 E2.64417
G1 X113.233 Y98.092 E2.65468
G1 X113.73 Y97.764 E2.67484
G1 X114.043 Y97.609 E2.68666
G1 X114.524 Y97.441 E2.70391
G1 X115.231 Y97.319 E2.72819
G1 X115.912 Y97.331 E2.75124
G1 X116.698 Y97.509 E2.77852
G1 X116.79 Y97.549 E2.78192
G1 X116.698 Y97.949 F7200
G1 F1200
G1 X117.077 Y98.116 E2.79594
G1 X117.649 Y98.516 E2.81957
G1 X118.148 Y99.057 E2.84448
G1 X118.428 Y99.506 E2.86239
G1 X118.67 Y100.141 E2.88539
G1 X118.765 Y100.641 E2.90262
G1 X118.763 Y101.377 E2.92753
G1 X118.597 Y102.093 E2.95241
G1 X118.331 Y102.667 E2.97382
G1 X117.975 Y103.161 E2.99443
G1 X117.608 Y103.522 E3.01186
G1 X117.027 Y103.908 E3.03547
G1 X116.342 Y104.175 E3.06036
G1 X115.821 Y104.272 E3.0783
G1 X115.123 Y104.263 E3.10193
G1 X114.407 Y104.097 E3.12681
G1 X113.833 Y103.831 E3.14822
G1 X113.339 Y103.475 E3.16883
G1 X112.978 Y103.108 E3.18626
G1 X112.636 Y102.616 E3.20654
G1 X112.367 Y101.978 E3.22998
G1 X112.232 Y101.345 E3.25189
G1 X112.217 Y100.831 E3.2693
G1 X112.329 Y100.142 E3.29293
G1 X112.6 Y99.457 E3.31786
G1 X112.883 Y99.011 E3.33574
G1 X113.286 Y98.573 E3.35589
G1 X113.954 Y98.104 E3.38352
G1 X114.621 Y97.838 E3.40783
G1 X115.283 Y97.722 E3.43058
G1 X115.891 Y97.737 E3.45117
G1 X116.593 Y97.902 E3.47558
G1 X116.643 Y97.924 E3.47743
G1 X116.55 Y98.326 F7200
G1 F1200
G1 X116.998 Y98.542 E3.49426
G1 X117.408 Y98.844 E3.5115
G1 X117.84 Y99.322 E3.53331
G1 X118.115 Y99.791 E3.55171
G1 X118.27 Y100.216 E3.56702
G1 X118.365 Y100.717 E3.58428
G1 X118.356 Y101.361 E3.60608
G1 X118.204 Y101.988 E3.62792
G1 X117.968 Y102.482 E3.64645
G1 X117.651 Y102.914 E3.66459
G1 X117.241 Y103.293 E3.68349
G1 X116.81 Y103.564 E3.70072
G1 X116.207 Y103.791 E3.72253
G1 X115.665 Y103.876 E3.7411
G1 X115.139 Y103.856 E3.75892
G1 X114.512 Y103.704 E3.78076
G1 X114.018 Y103.468 E3.79929
G1 X113.586 Y103.151 E3.81743
G1 X113.22 Y102.76 E3.83556
G1 X112.968 Y102.369 E3.85131
G1 X112.744 Y101.823 E3.87129
G1 X112.633 Y101.275 E3.89022
G1 X112.629 Y100.758 E3.90772
G1 X112.729 Y100.217 E3.92634
G1 X112.973 Y99.62 E3.94817
G1 X113.276 Y99.169 E3.96656
G1 X113.63 Y98.809 E3.98365
G1 X114.178 Y98.444 E4.00594
G1 X114.756 Y98.222 E4.0269
G1 X115.335 Y98.126 E4.04677
G1 X115.87 Y98.144 E4.06489
G1 X116.488 Y98.296 E4.08643
G1 X116.496 Y98.299 E4.08672
G1 X116.403 Y98.698 F7200
;TYPE:External perimeter
G1 F1200
G1 X116.757 Y98.869 E4.10003
G1 X117.166 Y99.171 E4.11724
G1 X117.531 Y99.588 E4.136
G1 X117.736 Y99.94 E4.14979
G1 X117.87 Y100.292 E4.16254
G1 X117.965 Y100.792 E4.17977
G1 X117.949 Y101.346 E4.19853
G1 X117.811 Y101.883 E4.2173
G1 X117.586 Y102.329 E4.23421
G1 X117.304 Y102.694 E4.24982
G1 X117.025 Y102.948 E4.26259
G1 X116.594 Y103.219 E4.27982
G1 X116.073 Y103.407 E4.29857
G1 X115.662 Y103.469 E4.31264
G1 X115.154 Y103.449 E4.32985
G1 X114.617 Y103.311 E4.34862
G1 X114.171 Y103.086 E4.36553
G1 X113.806 Y102.804 E4.38114
G1 X113.556 Y102.531 E4.39367
G1 X113.345 Y102.214 E4.40656
G1 X113.12 Y101.668 E4.42655
G1 X113.031 Y101.17 E4.44367
G1 X113.035 Y100.793 E4.45643
G1 X113.129 Y100.293 E4.47365
G1 X113.346 Y99.783 E4.49241
G1 X113.578 Y99.442 E4.50637
G1 X113.905 Y99.111 E4.52212
G1 X114.402 Y98.784 E4.54226
G1 X114.89 Y98.606 E4.55984
G1 X115.386 Y98.53 E4.57682
G1 X115.891 Y98.557 E4.59394
G1 X116.347 Y98.679 E4.60992
G1 X116.709 Y98.849 F7200
G1 E2.60992 F2400
G92 E0
G1 X112.703 Y88.362 F7200
G1 E2 F2400
;TYPE:Perimeter
G1 F1200
G1 X112.731 Y88.209 E2.00526
G1 X112.973 Y87.62 E2.02681
G1 X113.344 Y87.092 E2.04865
G1 X113.822 Y86.66 E2.07046
G1 X114.291 Y86.385 E2.08886
;WIDTH:0.498087
G1 X114.506 Y86.282 E2.09788
;WIDTH:0.546174
G1 X114.721 Y86.18 E2.10784
G1 X115.307 Y86.106 E2.13256
;WIDTH:0.502589
G1 X115.871 Y86.118 E2.15412
G1 X116.18 Y86.207 E2.16641
;WIDTH:0.476294
G1 X116.488 Y86.296 E2.17796
;WIDTH:0.449999
G1 X117.065 Y86.583 E2.19977
G1 X117.502 Y86.93 E2.21866
G1 X117.846 Y87.332 E2.23657
G1 X118.115 Y87.791 E2.25458
G1 X118.27 Y88.216 E2.26989
G1 X118.365 Y88.717 E2.28715
G1 X118.369 Y89.261 E2.30556
G1 X118.291 Y89.707 E2.32089
G1 X118.123 Y90.187 E2.3381
G1 X117.793 Y90.741 E2.35993
G1 X117.348 Y91.208 E2.38176
G1 X116.81 Y91.564 E2.4036
G1 X116.284 Y91.77 E2.42272
G1 X115.783 Y91.865 E2.43998
G1 X115.138 Y91.856 E2.46181
G1 X114.55 Y91.714 E2.48229
G1 X113.935 Y91.417 E2.50541
G1 X113.523 Y91.096 E2.52309
G1 X113.219 Y90.76 E2.53843
G1 X112.968 Y90.369 E2.55416
G1 X112.744 Y89.823 E2.57414
G1 X112.633 Y89.275 E2.59307
G1 X112.634 Y88.735 E2.61135
G1 X112.692 Y88.421 E2.62216
G1 X113.099 Y88.452 F7200
;TYPE:External perimeter
G1 F1200
G1 X113.143 Y88.249 E2.62919
G1 X113.346 Y87.782 E2.64643
G1 X113.671 Y87.334 E2.66516
G1 X114.088 Y86.969 E2.68392
G1 X114.44 Y86.764 E2.69771
G1 X114.796 Y86.629 E2.7106
G1 X115.379 Y86.531 E2.73061
G1 X115.891 Y86.557 E2.74796
G1 X116.383 Y86.689 E2.7652
G1 X116.875 Y86.943 E2.78394
G1 X117.197 Y87.2 E2.79789
G1 X117.499 Y87.544 E2.81338
G1 X117.736 Y87.94 E2.829
G1 X117.87 Y88.292 E2.84175
G1 X117.965 Y88.792 E2.85898
G1 X117.966 Y89.2 E2.87279
G1 X117.907 Y89.572 E2.88554
G1 X117.739 Y90.052 E2.90275
G1 X117.448 Y90.525 E2.92155
G1 X117.06 Y90.92 E2.94029
G1 X116.594 Y91.219 E2.95903
G1 X116.158 Y91.38 E2.97476
G1 X115.662 Y91.469 E2.99182
G1 X115.15 Y91.449 E3.00916
G1 X114.655 Y91.321 E3.02647
G1 X114.125 Y91.057 E3.04651
G1 X113.673 Y90.66 E3.06687
G1 X113.365 Y90.251 E3.0842
G1 X113.12 Y89.668 E3.10561
G1 X113.034 Y89.205 E3.12155
G1 X113.045 Y88.708 E3.13838
G1 X113.087 Y88.511 E3.1452
G1 X113.203 Y88.128 F7200
G1 E1.1452 F2400
G92 E0
G1 X120.054 Y113.554 F7200
G1 E2 F2400
;TYPE:Perimeter
G1 F2700
G1 X79.946 Y113.554 E3.35761
G1 X79.946 Y86.446 E4.27518
G1 X112.839 Y86.446 E5.38857
G1 X112.689 Y86.609 E5.39607
G1 X112.227 Y87.294 E5.42404
G1 X111.933 Y88.046 E5.45137
G1 X111.82 Y88.718 E5.47444
G1 X111.831 Y89.415 E5.49804
G1 X111.991 Y90.133 E5.52294
G1 X112.356 Y90.939 E5.55289
G1 X112.68 Y91.385 E5.57155
G1 X113.067 Y91.779 E5.59024
G1 X113.555 Y92.137 E5.61073
G1 X114.004 Y92.374 E5.62792
G1 X114.301 Y92.491 E5.63873
G1 X114.792 Y92.622 E5.65593
G1 X115.108 Y92.67 E5.66675
G1 X115.616 Y92.689 E5.68396
G1 X115.935 Y92.665 E5.69479
G1 X116.69 Y92.497 E5.72097
G1 X117.244 Y92.253 E5.74146
G1 X117.924 Y91.783 E5.76944
G1 X118.482 Y91.174 E5.7974
G1 X118.892 Y90.456 E5.82539
G1 X119.123 Y89.717 E5.8516
G1 X119.19 Y89.17 E5.87025
G1 X119.165 Y88.565 E5.89075
G1 X119.07 Y88.065 E5.90798
G1 X118.824 Y87.383 E5.93252
G1 X118.542 Y86.909 E5.95119
G1 X118.161 Y86.446 E5.97149
G1 X120.054 Y86.446 E6.03557
G1 X120.054 Y113.494 E6.95111
G1 X120.461 Y113.961 F7200
G1 F2700
G1 X79.539 Y113.961 E8.33627
G1 X79.539 Y86.039 E9.2814
G1 X114.074 Y86.039 E10.45037
G1 X113.556 Y86.352 E10.47086
G1 X113.016 Y86.851 E10.49575
G1 X112.6 Y87.457 E10.52063
G1 X112.332 Y88.127 E10.54506
G1 X112.227 Y88.726 E10.56564
G1 X112.232 Y89.345 E10.58659
G1 X112.367 Y89.978 E10.6085
G1 X112.592 Y90.524 E10.62849
G1 X112.924 Y91.045 E10.6494
G1 X113.32 Y91.461 E10.66884
G1 X113.745 Y91.777 E10.68677
G1 X114.195 Y92.014 E10.70399
G1 X114.445 Y92.108 E10.71303
G1 X115.123 Y92.263 E10.73657
G1 X115.859 Y92.265 E10.76148
G1 X116.542 Y92.118 E10.78513
G1 X117.027 Y91.908 E10.80302
G1 X117.636 Y91.496 E10.82791
G1 X118.138 Y90.958 E10.85282
G1 X118.507 Y90.321 E10.87774
G1 X118.717 Y89.681 E10.90054
G1 X118.783 Y89.17 E10.91798
G1 X118.765 Y88.641 E10.9359
G1 X118.67 Y88.141 E10.95313
G1 X118.459 Y87.563 E10.97396
G1 X118.194 Y87.121 E10.9914
G1 X117.806 Y86.659 E11.01182
G1 X117.414 Y86.328 E11.02919
G1 X116.906 Y86.039 E11.04897
G1 X120.461 Y86.039 E11.1693
G1 X120.461 Y113.901 E12.11239
G1 X120.868 Y114.368 F7200
G1 F2700
G1 X79.132 Y114.368 E13.5251
G1 X79.132 Y85.632 E14.49778
G1 X114.149 Y85.632 E15.68306
;WIDTH:0.498087
G1 X114.414 Y85.656 E15.69313
;WIDTH:0.546174
G1 X114.679 Y85.68 E15.70426
G1 X115.068 Y85.667 E15.72055
;WIDTH:0.518859
G1 X115.457 Y85.653 E15.73595
;WIDTH:0.51703
G1 X116.066 Y85.666 E15.75996
G1 X116.321 Y85.649 E15.77004
;WIDTH:0.483515
G1 X116.575 Y85.632 E15.77937
;WIDTH:0.449999
G1 X120.868 Y85.632 E15.92468
G1 X120.868 Y114.308 E16.89533
G1 X121.275 Y114.775 F7200
;TYPE:External perimeter
G1 F1800
G1 X78.725 Y114.775 E18.33559
G1 X78.725 Y85.225 E19.33582
G1 X121.275 Y85.225 E20.77608
G1 X121.275 Y114.715 E21.77428
G1 X120.879 Y114.774 F7200
G1 E19.77428 F2400
G92 E0
G1 X113.697 Y104.557 F7200
G1 E2 F2400
;TYPE:Internal infill
;WIDTH:0.45
G1 F3300
G1 X113.251 Y104.303 E2.01737
G1 X112.791 Y103.946 E2.03708
G1 X112.296 Y103.393 E2.0622
G1 X111.978 Y102.882 E2.08257
G1 X111.531 Y103.293 E2.10312
G1 X111.007 Y103.647 E2.12452
G1 X110.483 Y103.677 E2.14229
G1 X109.958 Y103.479 E2.16128
G1 X109.434 Y102.996 E2.1854
G1 X108.91 Y102.642 E2.2068
G1 X108.386 Y102.613 E2.22456
G1 X107.862 Y102.811 E2.24352
G1 X107.338 Y103.293 E2.26762
G1 X106.814 Y103.647 E2.28902
G1 X106.29 Y103.677 E2.30679
G1 X105.765 Y103.479 E2.32578
G1 X105.241 Y102.996 E2.3499
G1 X104.717 Y102.642 E2.3713
G1 X104.193 Y102.613 E2.38906
G1 X103.669 Y102.811 E2.40802
G1 X103.145 Y103.293 E2.43212
G1 X102.621 Y103.647 E2.45352
G1 X102.097 Y103.677 E2.47129
G1 X101.572 Y103.479 E2.49028
G1 X101.048 Y102.996 E2.5144
G1 X100.524 Y102.642 E2.5358
G1 X100 Y102.613 E2.55356
G1 X99.476 Y102.811 E2.57252
G1 X98.952 Y103.293 E2.59662
G1 X98.428 Y103.647 E2.61802
G1 X97.903 Y103.677 E2.63582
G1 X97.379 Y103.479 E2.65478
G1 X96.855 Y102.996 E2.6789
G1 X96.331 Y102.642 E2.7003
G1 X95.807 Y102.613 E2.71806
G1 X95.283 Y102.811 E2.73702
G1 X94.759 Y103.293 E2.76112
G1 X94.235 Y103.647 E2.78252
G1 X93.71 Y103.677 E2.80032
G1 X93.186 Y103.479 E2.81928
G1 X92.662 Y102.996 E2.8434
G1 X92.138 Y102.642 E2.8648
G1 X91.614 Y102.613 E2.88256
G1 X91.09 Y102.811 E2.90152
G1 X90.566 Y103.293 E2.92562
G1 X90.042 Y103.647 E2.94702
G1 X89.517 Y103.677 E2.96482
G1 X88.993 Y103.479 E2.98378
G1 X88.469 Y102.996 E3.0079
G1 X87.945 Y102.642 E3.0293
G1 X87.421 Y102.613 E3.04706
G1 X86.897 Y102.811 E3.06602
G1 X86.373 Y103.293 E3.09012
G1 X85.848 Y103.647 E3.11155
G1 X85.324 Y103.677 E3.12932
G1 X84.8 Y103.479 E3.14828
G1 X84.276 Y102.996 E3.1724
G1 X83.752 Y102.642 E3.1938
G1 X83.228 Y102.613 E3.21156
G1 X82.704 Y102.811 E3.23052
G1 X82.18 Y103.293 E3.25462
G1 X81.655 Y103.647 E3.27605
G1 X81.131 Y103.677 E3.29382
G1 X80.607 Y103.479 E3.31278
G1 X80.252 Y103.151 E3.32914
G1 X80.252 Y101.311 E3.39142
G1 X80.607 Y101.551 E3.40592
G1 X81.131 Y101.58 E3.42368
G1 X81.655 Y101.382 E3.44264
G1 X82.18 Y100.9 E3.46676
G1 X82.704 Y100.546 E3.48816
G1 X83.228 Y100.516 E3.50593
G1 X83.752 Y100.715 E3.5249
G1 X84.276 Y101.197 E3.549
G1 X84.8 Y101.551 E3.5704
G1 X85.324 Y101.58 E3.58816
G1 X85.848 Y101.382 E3.60712
G1 X86.373 Y100.9 E3.63124
G1 X86.897 Y100.546 E3.65264
G1 X87.421 Y100.516 E3.67041
G1 X87.945 Y100.715 E3.68938
G1 X88.469 Y101.197 E3.71348
G1 X88.993 Y101.551 E3.73488
G1 X89.517 Y101.58 E3.75264
G1 X90.042 Y101.382 E3.77163
G1 X90.566 Y100.9 E3.79573
G1 X91.09 Y100.546 E3.81713
G1 X91.614 Y100.516 E3.8349
G1 X92.138 Y100.715 E3.85387
G1 X92.662 Y101.197 E3.87797
G1 X93.186 Y101.551 E3.89937
G1 X93.71 Y101.58 E3.91713
G1 X94.235 Y101.382 E3.93612
G1 X94.759 Y100.9 E3.96022
G1 X95.283 Y100.546 E3.98162
G1 X95.807 Y100.516 E3.99939
G1 X96.331 Y100.715 E4.01836
G1 X96.855 Y101.197 E4.04246
G1 X97.379 Y101.551 E4.06386
G1 X97.903 Y101.58 E4.08162
G1 X98.428 Y101.382 E4.10061
G1 X98.952 Y100.9 E4.12471
G1 X99.476 Y100.546 E4.14611
G1 X100 Y100.516 E4.16388
G1 X100.524 Y100.715 E4.18285
G1 X101.048 Y101.197 E4.20695
G1 X101.572 Y101.551 E4.22835
G1 X102.097 Y101.58 E4.24615
G1 X102.621 Y101.382 E4.26511
G1 X103.145 Y100.9 E4.28921
G1 X103.669 Y100.546 E4.31061
G1 X104.193 Y100.516 E4.32838
G1 X104.717 Y100.715 E4.34735
G1 X105.241 Y101.197 E4.37145
G1 X105.765 Y101.551 E4.39285
G1 X106.29 Y101.58 E4.41065
G1 X106.814 Y101.382 E4.42961
G1 X107.338 Y100.9 E4.45371
G1 X107.862 Y100.546 E4.47511
G1 X108.386 Y100.516 E4.49288
G1 X108.91 Y100.715 E4.51185
G1 X109.434 Y101.197 E4.53595
G1 X109.958 Y101.551 E4.55735
G1 X110.483 Y101.58 E4.57515
G1 X111.007 Y101.382 E4.59411
G1 X111.512 Y100.917 E4.61735
G1 X111.507 Y101.266 E4.62916
G1 X111.604 Y101.89 E4.65054
G1 X111.9 Y102.694 E4.67954
G1 E2.67954 F2400
G92 E0
G1 X80.252 Y112.773 F7200
G1 E2 F2400
G1 F3300
G1 X80.252 Y113.248 E2.01608
G1 X82.218 Y113.248 E2.08263
G1 X82.704 Y113.125 E2.0996
G1 X83.228 Y113.095 E2.11737
G1 X83.72 Y113.248 E2.13481
G1 X86.411 Y113.248 E2.2259
G1 X86.897 Y113.125 E2.24287
G1 X87.421 Y113.095 E2.26064
G1 X87.913 Y113.248 E2.27808
G1 X90.604 Y113.248 E2.36917
G1 X91.09 Y113.125 E2.38614
G1 X91.614 Y113.095 E2.40391
G1 X92.106 Y113.248 E2.42135
G1 X94.797 Y113.248 E2.51244
G1 X95.283 Y113.125 E2.52941
G1 X95.807 Y113.095 E2.54718
G1 X96.299 Y113.248 E2.56462
G1 X98.99 Y113.248 E2.65571
G1 X99.476 Y113.125 E2.67268
G1 X100 Y113.095 E2.69045
G1 X100.492 Y113.248 E2.70789
G1 X103.183 Y113.248 E2.79898
G1 X103.669 Y113.125 E2.81595
G1 X104.193 Y113.095 E2.83372
G1 X104.686 Y113.248 E2.85119
G1 X107.376 Y113.248 E2.94224
G1 X107.862 Y113.125 E2.95921
G1 X108.386 Y113.095 E2.97698
G1 X108.879 Y113.248 E2.99445
G1 X111.57 Y113.248 E3.08554
G1 X112.055 Y113.125 E3.10248
G1 X112.579 Y113.095 E3.12025
G1 X113.072 Y113.248 E3.13772
G1 X115.763 Y113.248 E3.22881
G1 X116.248 Y113.125 E3.24575
G1 X116.772 Y113.095 E3.26352
G1 X117.265 Y113.248 E3.28099
G1 X119.748 Y113.248 E3.36504
G1 X119.748 Y111.793 E3.41429
G1 X119.393 Y112.034 E3.42881
G1 X118.869 Y112.063 E3.44657
G1 X118.345 Y111.865 E3.46553
G1 X117.82 Y111.383 E3.48965
G1 X117.296 Y111.028 E3.51107
G1 X116.772 Y110.999 E3.52883
G1 X116.248 Y111.197 E3.54779
G1 X115.724 Y111.679 E3.57189
G1 X115.2 Y112.034 E3.59331
G1 X114.676 Y112.063 E3.61107
G1 X114.152 Y111.865 E3.63003
G1 X113.627 Y111.383 E3.65415
G1 X113.103 Y111.028 E3.67557
G1 X112.579 Y110.999 E3.69333
G1 X112.055 Y111.197 E3.71229
G1 X111.531 Y111.679 E3.73639
G1 X111.007 Y112.034 E3.75781
G1 X110.483 Y112.063 E3.77557
G1 X109.958 Y111.865 E3.79456
G1 X109.434 Y111.383 E3.81866
G1 X108.91 Y111.028 E3.84008
G1 X108.386 Y110.999 E3.85784
G1 X107.862 Y111.197 E3.8768
G1 X107.338 Y111.679 E3.9009
G1 X106.814 Y112.034 E3.92232
G1 X106.29 Y112.063 E3.94008
G1 X105.765 Y111.865 E3.95907
G1 X105.241 Y111.383 E3.98317
G1 X104.717 Y111.028 E4.00459
G1 X104.193 Y110.999 E4.02235
G1 X103.669 Y111.197 E4.04131
G1 X103.145 Y111.679 E4.06541
G1 X102.621 Y112.034 E4.08683
G1 X102.097 Y112.063 E4.10459
G1 X101.572 Y111.865 E4.12358
G1 X101.048 Y111.383 E4.14768
G1 X100.524 Y111.028 E4.1691
G1 X100 Y110.999 E4.18686
G1 X99.476 Y111.197 E4.20582
G1 X98.952 Y111.679 E4.22992
G1 X98.428 Y112.034 E4.25134
G1 X97.903 Y112.063 E4.26914
G1 X97.379 Y111.865 E4.2881
G1 X96.855 Y111.383 E4.3122
G1 X96.331 Y111.028 E4.33362
G1 X95.807 Y110.999 E4.35138
G1 X95.283 Y111.197 E4.37034
G1 X94.759 Y111.679 E4.39444
G1 X94.235 Y112.034 E4.41586
G1 X93.71 Y112.063 E4.43366
G1 X93.186 Y111.865 E4.45262
G1 X92.662 Y111.383 E4.47672
G1 X92.138 Y111.028 E4.49814
G1 X91.614 Y110.999 E4.5159
G1 X91.09 Y111.197 E4.53486
G1 X90.566 Y111.679 E4.55896
G1 X90.042 Y112.034 E4.58038
G1 X89.517 Y112.063 E4.59818
G1 X88.993 Y111.865 E4.61714
G1 X88.469 Y111.383 E4.64124
G1 X87.945 Y111.028 E4.66266
G1 X87.421 Y110.999 E4.68042
G1 X86.897 Y111.197 E4.69938
G1 X86.373 Y111.679 E4.72348
G1 X85.848 Y112.034 E4.74493
G1 X85.324 Y112.063 E4.76269
G1 X84.8 Y111.865 E4.78165
G1 X84.276 Y111.383 E4.80575
G1 X83.752 Y111.028 E4.82717
G1 X83.228 Y110.999 E4.84493
G1 X82.704 Y111.197 E4.86389
G1 X82.18 Y111.679 E4.88799
G1 X81.655 Y112.034 E4.90944
G1 X81.131 Y112.063 E4.9272
G1 X80.607 Y111.865 E4.94616
G1 X80.252 Y111.538 E4.9625
G1 X80.252 Y109.697 E5.02482
G1 X80.607 Y109.937 E5.03932
G1 X81.131 Y109.966 E5.05708
G1 X81.655 Y109.768 E5.07604
G1 X82.18 Y109.286 E5.10016
G1 X82.704 Y108.932 E5.12156
G1 X83.228 Y108.902 E5.13933
G1 X83.752 Y109.101 E5.1583
G1 X84.276 Y109.583 E5.1824
G1 X84.8 Y109.937 E5.2038
G1 X85.324 Y109.966 E5.22156
G1 X85.848 Y109.768 E5.24052
G1 X86.373 Y109.286 E5.26464
G1 X86.897 Y108.932 E5.28604
G1 X87.421 Y108.902 E5.30381
G1 X87.945 Y109.101 E5.32278
G1 X88.469 Y109.583 E5.34688
G1 X88.993 Y109.937 E5.36828
G1 X89.517 Y109.966 E5.38604
G1 X90.042 Y109.768 E5.40503
G1 X90.566 Y109.286 E5.42913
G1 X91.09 Y108.932 E5.45053
G1 X91.614 Y108.902 E5.4683
G1 X92.138 Y109.101 E5.48727
G1 X92.662 Y109.583 E5.51137
G1 X93.186 Y109.937 E5.53277
G1 X93.71 Y109.966 E5.55053
G1 X94.235 Y109.768 E5.56952
G1 X94.759 Y109.286 E5.59362
G1 X95.283 Y108.932 E5.61502
G1 X95.807 Y108.902 E5.63279
G1 X96.331 Y109.101 E5.65176
G1 X96.855 Y109.583 E5.67586
G1 X97.379 Y109.937 E5.69726
G1 X97.903 Y109.966 E5.71502
G1 X98.428 Y109.768 E5.73401
G1 X98.952 Y109.286 E5.75811
G1 X99.476 Y108.932 E5.77951
G1 X100 Y108.902 E5.79728
G1 X100.524 Y109.101 E5.81625
G1 X101.048 Y109.583 E5.84035
G1 X101.572 Y109.937 E5.86175
G1 X102.097 Y109.966 E5.87955
G1 X102.621 Y109.768 E5.89851
G1 X103.145 Y109.286 E5.92261
G1 X103.669 Y108.932 E5.94401
G1 X104.193 Y108.902 E5.96178
G1 X104.717 Y109.101 E5.98075
G1 X105.241 Y109.583 E6.00485
G1 X105.765 Y109.937 E6.02625
G1 X106.29 Y109.966 E6.04405
G1 X106.814 Y109.768 E6.06301
G1 X107.338 Y109.286 E6.08711
G1 X107.862 Y108.932 E6.10851
G1 X108.386 Y108.902 E6.12628
G1 X108.91 Y109.101 E6.14525
G1 X109.434 Y109.583 E6.16935
G1 X109.958 Y109.937 E6.19075
G1 X110.483 Y109.966 E6.20855
G1 X111.007 Y109.768 E6.22751
G1 X111.531 Y109.286 E6.25161
G1 X112.055 Y108.932 E6.27301
G1 X112.579 Y108.902 E6.29078
G1 X113.103 Y109.101 E6.30975
G1 X113.627 Y109.583 E6.33385
G1 X114.152 Y109.937 E6.35528
G1 X114.676 Y109.966 E6.37304
G1 X115.2 Y109.768 E6.392
G1 X115.724 Y109.286 E6.4161
G1 X116.248 Y108.932 E6.4375
G1 X116.772 Y108.902 E6.45527
G1 X117.296 Y109.101 E6.47424
G1 X117.82 Y109.583 E6.49834
G1 X118.345 Y109.937 E6.51977
G1 X118.869 Y109.966 E6.53753
G1 X119.393 Y109.768 E6.55649
G1 X119.748 Y109.441 E6.57283
G1 X119.748 Y107.6 E6.63515
G1 X119.393 Y107.841 E6.64967
G1 X118.869 Y107.87 E6.66743
G1 X118.345 Y107.672 E6.68639
G1 X117.82 Y107.19 E6.71051
G1 X117.296 Y106.835 E6.73193
G1 X116.772 Y106.806 E6.74969
G1 X116.248 Y107.004 E6.76865
G1 X115.724 Y107.486 E6.79275
G1 X115.2 Y107.841 E6.81417
G1 X114.676 Y107.87 E6.83193
G1 X114.152 Y107.672 E6.85089
G1 X113.627 Y107.19 E6.87501
G1 X113.103 Y106.835 E6.89643
G1 X112.579 Y106.806 E6.91419
G1 X112.055 Y107.004 E6.93315
G1 X111.531 Y107.486 E6.95725
G1 X111.007 Y107.841 E6.97867
G1 X110.483 Y107.87 E6.99643
G1 X109.958 Y107.672 E7.01542
G1 X109.434 Y107.19 E7.03952
G1 X108.91 Y106.835 E7.06094
G1 X108.386 Y106.806 E7.0787
G1 X107.862 Y107.004 E7.09766
G1 X107.338 Y107.486 E7.12176
G1 X106.814 Y107.841 E7.14318
G1 X106.29 Y107.87 E7.16094
G1 X105.765 Y107.672 E7.17993
G1 X105.241 Y107.19 E7.20403
G1 X104.717 Y106.835 E7.22545
G1 X104.193 Y106.806 E7.24321
G1 X103.669 Y107.004 E7.26217
G1 X103.145 Y107.486 E7.28627
G1 X102.621 Y107.841 E7.30769
G1 X102.097 Y107.87 E7.32545
G1 X101.572 Y107.672 E7.34444
G1 X101.048 Y107.19 E7.36854
G1 X100.524 Y106.835 E7.38996
G1 X100 Y106.806 E7.40772
G1 X99.476 Y107.004 E7.42668
G1 X98.952 Y107.486 E7.45078
G1 X98.428 Y107.841 E7.4722
G1 X97.903 Y107.87 E7.49
G1 X97.379 Y107.672 E7.50896
G1 X96.855 Y107.19 E7.53306
G1 X96.331 Y106.835 E7.55448
G1 X95.807 Y106.806 E7.57224
G1 X95.283 Y107.004 E7.5912
G1 X94.759 Y107.486 E7.6153
G1 X94.235 Y107.841 E7.63672
G1 X93.71 Y107.87 E7.65452
G1 X93.186 Y107.672 E7.67348
G1 X92.662 Y107.19 E7.69758
G1 X92.138 Y106.835 E7.719
G1 X91.614 Y106.806 E7.73676
G1 X91.09 Y107.004 E7.75572
G1 X90.566 Y107.486 E7.77982
G1 X90.042 Y107.841 E7.80124
G1 X89.517 Y107.87 E7.81904
G1 X88.993 Y107.672 E7.838
G1 X88.469 Y107.19 E7.8621
G1 X87.945 Y106.835 E7.88352
G1 X87.421 Y106.806 E7.90128
G1 X86.897 Y107.004 E7.92024
G1 X86.373 Y107.486 E7.94434
G1 X85.848 Y107.841 E7.96579
G1 X85.324 Y107.87 E7.98355
G1 X84.8 Y107.672 E8.00251
G1 X84.276 Y107.19 E8.02661
G1 X83.752 Y106.835 E8.04803
G1 X83.228 Y106.806 E8.06579
G1 X82.704 Y107.004 E8.08475
G1 X82.18 Y107.486 E8.10885
G1 X81.655 Y107.841 E8.1303
G1 X81.131 Y107.87 E8.14806
G1 X80.607 Y107.672 E8.16702
G1 X80.252 Y107.344 E8.18338
G1 X80.252 Y105.504 E8.24566
G1 X80.607 Y105.744 E8.26016
G1 X81.131 Y105.773 E8.27792
G1 X81.655 Y105.575 E8.29688
G1 X82.18 Y105.093 E8.321
G1 X82.704 Y104.739 E8.3424
G1 X83.228 Y104.709 E8.36017
G1 X83.752 Y104.908 E8.37914
G1 X84.276 Y105.39 E8.40324
G1 X84.8 Y105.744 E8.42464
G1 X85.324 Y105.773 E8.4424
G1 X85.848 Y105.575 E8.46136
G1 X86.373 Y105.093 E8.48548
G1 X86.897 Y104.739 E8.50688
G1 X87.421 Y104.709 E8.52465
G1 X87.945 Y104.908 E8.54362
G1 X88.469 Y105.39 E8.56772
G1 X88.993 Y105.744 E8.58912
G1 X89.517 Y105.773 E8.60688
G1 X90.042 Y105.575 E8.62587
G1 X90.566 Y105.093 E8.64997
G1 X91.09 Y104.739 E8.67137
G1 X91.614 Y104.709 E8.68914
G1 X92.138 Y104.908 E8.70811
G1 X92.662 Y105.39 E8.73221
G1 X93.186 Y105.744 E8.75361
G1 X93.71 Y105.773 E8.77137
G1 X94.235 Y105.575 E8.79036
G1 X94.759 Y105.093 E8.81446
G1 X95.283 Y104.739 E8.83586
G1 X95.807 Y104.709 E8.85363
G1 X96.331 Y104.908 E8.8726
G1 X96.855 Y105.39 E8.8967
G1 X97.379 Y105.744 E8.9181
G1 X97.903 Y105.773 E8.93586
G1 X98.428 Y105.575 E8.95485
G1 X98.952 Y105.093 E8.97895
G1 X99.476 Y104.739 E9.00035
G1 X100 Y104.709 E9.01812
G1 X100.524 Y104.908 E9.03709
G1 X101.048 Y105.39 E9.06119
G1 X101.572 Y105.744 E9.08259
G1 X102.097 Y105.773 E9.10039
G1 X102.621 Y105.575 E9.11935
G1 X103.145 Y105.093 E9.14345
G1 X103.669 Y104.739 E9.16485
G1 X104.193 Y104.709 E9.18262
G1 X104.717 Y104.908 E9.20159
G1 X105.241 Y105.39 E9.22569
G1 X105.765 Y105.744 E9.24709
G1 X106.29 Y105.773 E9.26489
G1 X106.814 Y105.575 E9.28385
G1 X107.338 Y105.093 E9.30795
G1 X107.862 Y104.739 E9.32935
G1 X108.386 Y104.709 E9.34712
G1 X108.91 Y104.908 E9.36609
G1 X109.434 Y105.39 E9.39019
G1 X109.958 Y105.744 E9.41159
G1 X110.483 Y105.773 E9.42939
G1 X111.007 Y105.575 E9.44835
G1 X111.531 Y105.093 E9.47245
G1 X112.055 Y104.739 E9.49385
G1 X112.579 Y104.709 E9.51162
G1 X113.103 Y104.908 E9.53059
G1 X113.627 Y105.39 E9.55469
G1 X114.152 Y105.744 E9.57612
G1 X114.676 Y105.773 E9.59388
G1 X115.2 Y105.575 E9.61284
G1 X115.911 Y104.966 E9.64453
G1 X116.266 Y104.925 E9.65663
G1 X116.868 Y104.746 E9.67789
G1 X117.296 Y104.908 E9.69338
G1 X117.82 Y105.39 E9.71748
G1 X118.345 Y105.744 E9.73891
G1 X118.869 Y105.773 E9.75667
G1 X119.393 Y105.575 E9.77563
G1 X119.748 Y105.248 E9.79197
G1 X119.748 Y103.407 E9.85429
G1 X119.393 Y103.647 E9.86879
G1 X118.869 Y103.677 E9.88656
G1 X118.565 Y103.562 E9.89756
G1 X119.159 Y102.61 E9.93554
G1 X119.451 Y101.636 E9.96996
G1 X119.469 Y101.312 E9.98094
G1 X119.748 Y101.055 E9.99378
G1 X119.748 Y99.214 E10.0561
G1 X119.393 Y99.454 E10.0706
G1 X119.182 Y99.466 E10.07775
G1 X118.691 Y98.595 E10.11159
G1 X118.077 Y97.946 E10.14183
G1 X117.638 Y97.625 E10.16024
G1 E8.16024 F2400
G92 E0
G1 X113.862 Y97.359 F7200
G1 E2 F2400
G1 F3300
G1 X112.919 Y97.944 E2.03756
G1 X112.388 Y98.492 E2.06339
G1 X112.055 Y98.618 E2.07544
G1 X111.531 Y99.1 E2.09954
G1 X111.007 Y99.454 E2.12094
G1 X110.483 Y99.484 E2.13871
G1 X109.958 Y99.286 E2.1577
G1 X109.434 Y98.803 E2.18182
G1 X108.91 Y98.449 E2.20322
G1 X108.386 Y98.42 E2.22098
G1 X107.862 Y98.618 E2.23994
G1 X107.338 Y99.1 E2.26404
G1 X106.814 Y99.454 E2.28544
G1 X106.29 Y99.484 E2.30321
G1 X105.765 Y99.286 E2.3222
G1 X105.241 Y98.803 E2.34632
G1 X104.717 Y98.449 E2.36772
G1 X104.193 Y98.42 E2.38548
G1 X103.669 Y98.618 E2.40444
G1 X103.145 Y99.1 E2.42854
G1 X102.621 Y99.454 E2.44994
G1 X102.097 Y99.484 E2.46771
G1 X101.572 Y99.286 E2.4867
G1 X101.048 Y98.803 E2.51082
G1 X100.524 Y98.449 E2.53222
G1 X100 Y98.42 E2.54998
G1 X99.476 Y98.618 E2.56894
G1 X98.952 Y99.1 E2.59304
G1 X98.428 Y99.454 E2.61444
G1 X97.903 Y99.484 E2.63224
G1 X97.379 Y99.286 E2.6512
G1 X96.855 Y98.803 E2.67532
G1 X96.331 Y98.449 E2.69672
G1 X95.807 Y98.42 E2.71448
G1 X95.283 Y98.618 E2.73344
G1 X94.759 Y99.1 E2.75754
G1 X94.235 Y99.454 E2.77894
G1 X93.71 Y99.484 E2.79674
G1 X93.186 Y99.286 E2.8157
G1 X92.662 Y98.803 E2.83982
G1 X92.138 Y98.449 E2.86122
G1 X91.614 Y98.42 E2.87898
G1 X91.09 Y98.618 E2.89794
G1 X90.566 Y99.1 E2.92204
G1 X90.042 Y99.454 E2.94344
G1 X89.517 Y99.484 E2.96124
G1 X88.993 Y99.286 E2.9802
G1 X88.469 Y98.803 E3.00432
G1 X87.945 Y98.449 E3.02572
G1 X87.421 Y98.42 E3.04348
G1 X86.897 Y98.618 E3.06244
G1 X86.373 Y99.1 E3.08654
G1 X85.848 Y99.454 E3.10797
G1 X85.324 Y99.484 E3.12574
G1 X84.8 Y99.286 E3.1447
G1 X84.276 Y98.803 E3.16882
G1 X83.752 Y98.449 E3.19022
G1 X83.228 Y98.42 E3.20798
G1 X82.704 Y98.618 E3.22694
G1 X82.18 Y99.1 E3.25104
G1 X81.655 Y99.454 E3.27247
G1 X81.131 Y99.484 E3.29024
G1 X80.607 Y99.286 E3.3092
G1 X80.252 Y98.958 E3.32556
G1 X80.252 Y97.117 E3.38788
G1 X80.607 Y97.358 E3.4024
G1 X81.131 Y97.387 E3.42016
G1 X81.655 Y97.189 E3.43912
G1 X82.18 Y96.707 E3.46324
G1 X82.704 Y96.353 E3.48464
G1 X83.228 Y96.323 E3.50241
G1 X83.752 Y96.521 E3.52137
G1 X84.276 Y97.004 E3.54549
G1 X84.8 Y97.358 E3.56689
G1 X85.324 Y97.387 E3.58465
G1 X85.848 Y97.189 E3.60361
G1 X86.373 Y96.707 E3.62773
G1 X86.897 Y96.353 E3.64913
G1 X87.421 Y96.323 E3.6669
G1 X87.945 Y96.521 E3.68586
G1 X88.469 Y97.004 E3.70998
G1 X88.993 Y97.358 E3.73138
G1 X89.517 Y97.387 E3.74914
G1 X90.042 Y97.189 E3.76813
G1 X90.566 Y96.707 E3.79223
G1 X91.09 Y96.353 E3.81363
G1 X91.614 Y96.323 E3.8314
G1 X92.138 Y96.521 E3.85036
G1 X92.662 Y97.004 E3.87448
G1 X93.186 Y97.358 E3.89588
G1 X93.71 Y97.387 E3.91364
G1 X94.235 Y97.189 E3.93263
G1 X94.759 Y96.707 E3.95673
G1 X95.283 Y96.353 E3.97813
G1 X95.807 Y96.323 E3.9959
G1 X96.331 Y96.521 E4.01486
G1 X96.855 Y97.004 E4.03898
G1 X97.379 Y97.358 E4.06038
G1 X97.903 Y97.387 E4.07814
G1 X98.428 Y97.189 E4.09713
G1 X98.952 Y96.707 E4.12123
G1 X99.476 Y96.353 E4.14263
G1 X100 Y96.323 E4.1604
G1 X100.524 Y96.521 E4.17936
G1 X101.048 Y97.004 E4.20348
G1 X101.572 Y97.358 E4.22488
G1 X102.097 Y97.387 E4.24268
G1 X102.621 Y97.189 E4.26164
G1 X103.145 Y96.707 E4.28574
G1 X103.669 Y96.353 E4.30714
G1 X104.193 Y96.323 E4.32491
G1 X104.717 Y96.521 E4.34387
G1 X105.241 Y97.004 E4.36799
G1 X105.765 Y97.358 E4.38939
G1 X106.29 Y97.387 E4.40719
G1 X106.814 Y97.189 E4.42615
G1 X107.338 Y96.707 E4.45025
G1 X107.862 Y96.353 E4.47165
G1 X108.386 Y96.323 E4.48942
G1 X108.91 Y96.521 E4.50838
G1 X109.434 Y97.004 E4.5325
G1 X109.958 Y97.358 E4.5539
G1 X110.483 Y97.387 E4.5717
G1 X111.007 Y97.189 E4.59066
G1 X111.531 Y96.707 E4.61476
G1 X112.055 Y96.353 E4.63616
G1 X112.579 Y96.323 E4.65393
G1 X113.103 Y96.521 E4.67289
G1 X113.627 Y97.004 E4.69701
G1 X114.055 Y97.292 E4.71447
G1 X114.619 Y97.096 E4.73468
G1 X115.4 Y97.005 E4.76129
G1 X115.724 Y96.707 E4.77619
G1 X116.248 Y96.353 E4.79759
G1 X116.772 Y96.323 E4.81536
G1 X117.296 Y96.521 E4.83432
G1 X117.82 Y97.004 E4.85844
G1 X118.345 Y97.358 E4.87987
G1 X118.869 Y97.387 E4.89763
G1 X119.393 Y97.189 E4.91659
G1 X119.748 Y96.862 E4.93293
G1 X119.748 Y95.021 E4.99525
G1 X119.393 Y95.261 E5.00975
G1 X118.869 Y95.291 E5.02752
G1 X118.345 Y95.092 E5.04649
G1 X117.82 Y94.61 E5.07061
G1 X117.296 Y94.256 E5.09201
G1 X116.772 Y94.227 E5.10977
G1 X116.248 Y94.425 E5.12873
G1 X115.724 Y94.907 E5.15283
G1 X115.2 Y95.261 E5.17423
G1 X114.676 Y95.291 E5.192
G1 X114.152 Y95.092 E5.21097
G1 X113.627 Y94.61 E5.23509
G1 X113.103 Y94.256 E5.25649
G1 X112.579 Y94.227 E5.27425
G1 X112.055 Y94.425 E5.29321
G1 X111.531 Y94.907 E5.31731
G1 X111.007 Y95.261 E5.33871
G1 X110.483 Y95.291 E5.35648
G1 X109.958 Y95.092 E5.37548
G1 X109.434 Y94.61 E5.39958
G1 X108.91 Y94.256 E5.42098
G1 X108.386 Y94.227 E5.43874
G1 X107.862 Y94.425 E5.4577
G1 X107.338 Y94.907 E5.4818
G1 X106.814 Y95.261 E5.5032
G1 X106.29 Y95.291 E5.52097
G1 X105.765 Y95.092 E5.53997
G1 X105.241 Y94.61 E5.56407
G1 X104.717 Y94.256 E5.58547
G1 X104.193 Y94.227 E5.60323
G1 X103.669 Y94.425 E5.62219
G1 X103.145 Y94.907 E5.64629
G1 X102.621 Y95.261 E5.66769
G1 X102.097 Y95.291 E5.68546
G1 X101.572 Y95.092 E5.70446
G1 X101.048 Y94.61 E5.72856
G1 X100.524 Y94.256 E5.74996
G1 X100 Y94.227 E5.76772
G1 X99.476 Y94.425 E5.78668
G1 X98.952 Y94.907 E5.81078
G1 X98.428 Y95.261 E5.83218
G1 X97.903 Y95.291 E5.84998
G1 X97.379 Y95.092 E5.86895
G1 X96.855 Y94.61 E5.89305
G1 X96.331 Y94.256 E5.91445
G1 X95.807 Y94.227 E5.93221
G1 X95.283 Y94.425 E5.95117
G1 X94.759 Y94.907 E5.97527
G1 X94.235 Y95.261 E5.99667
G1 X93.71 Y95.291 E6.01447
G1 X93.186 Y95.092 E6.03344
G1 X92.662 Y94.61 E6.05754
G1 X92.138 Y94.256 E6.07894
G1 X91.614 Y94.227 E6.0967
G1 X91.09 Y94.425 E6.11566
G1 X90.566 Y94.907 E6.13976
G1 X90.042 Y95.261 E6.16116
G1 X89.517 Y95.291 E6.17896
G1 X88.993 Y95.092 E6.19793
G1 X88.469 Y94.61 E6.22203
G1 X87.945 Y94.256 E6.24343
G1 X87.421 Y94.227 E6.26119
G1 X86.897 Y94.425 E6.28015
G1 X86.373 Y94.907 E6.30425
G1 X85.848 Y95.261 E6.32568
G1 X85.324 Y95.291 E6.34345
G1 X84.8 Y95.092 E6.36242
G1 X84.276 Y94.61 E6.38652
G1 X83.752 Y94.256 E6.40792
G1 X83.228 Y94.227 E6.42568
G1 X82.704 Y94.425 E6.44464
G1 X82.18 Y94.907 E6.46874
G1 X81.655 Y95.261 E6.49017
G1 X81.131 Y95.291 E6.50794
G1 X80.607 Y95.092 E6.52691
G1 X80.252 Y94.765 E6.54325
G1 X80.252 Y92.924 E6.60557
G1 X80.607 Y93.165 E6.62009
G1 X81.131 Y93.194 E6.63785
G1 X81.655 Y92.996 E6.65681
G1 X82.18 Y92.514 E6.68093
G1 X82.704 Y92.159 E6.70235
G1 X83.228 Y92.13 E6.72011
G1 X83.752 Y92.328 E6.73907
G1 X84.276 Y92.811 E6.76319
G1 X84.8 Y93.165 E6.78459
G1 X85.324 Y93.194 E6.80235
G1 X85.848 Y92.996 E6.82131
G1 X86.373 Y92.514 E6.84543
G1 X86.897 Y92.159 E6.86685
G1 X87.421 Y92.13 E6.88461
G1 X87.945 Y92.328 E6.90357
G1 X88.469 Y92.811 E6.92769
G1 X88.993 Y93.165 E6.94909
G1 X89.517 Y93.194 E6.96685
G1 X90.042 Y92.996 E6.98584
G1 X90.566 Y92.514 E7.00994
G1 X91.09 Y92.159 E7.03136
G1 X91.614 Y92.13 E7.04912
G1 X92.138 Y92.328 E7.06808
G1 X92.662 Y92.811 E7.0922
G1 X93.186 Y93.165 E7.1136
G1 X93.71 Y93.194 E7.13136
G1 X94.235 Y92.996 E7.15035
G1 X94.759 Y92.514 E7.17445
G1 X95.283 Y92.159 E7.19587
G1 X95.807 Y92.13 E7.21363
G1 X96.331 Y92.328 E7.23259
G1 X96.855 Y92.811 E7.25671
G1 X97.379 Y93.165 E7.27811
G1 X97.903 Y93.194 E7.29587
G1 X98.428 Y92.996 E7.31486
G1 X98.952 Y92.514 E7.33896
G1 X99.476 Y92.159 E7.36038
G1 X100 Y92.13 E7.37814
G1 X100.524 Y92.328 E7.3971
G1 X101.048 Y92.811 E7.42122
G1 X101.572 Y93.165 E7.44262
G1 X102.097 Y93.194 E7.46042
G1 X102.621 Y92.996 E7.47938
G1 X103.145 Y92.514 E7.50348
G1 X103.669 Y92.159 E7.5249
G1 X104.193 Y92.13 E7.54266
G1 X104.717 Y92.328 E7.56162
G1 X105.241 Y92.811 E7.58574
G1 X105.765 Y93.165 E7.60714
G1 X106.29 Y93.194 E7.62494
G1 X106.814 Y92.996 E7.6439
G1 X107.338 Y92.514 E7.668
G1 X107.862 Y92.159 E7.68942
G1 X108.386 Y92.13 E7.70718
G1 X108.91 Y92.328 E7.72614
G1 X109.434 Y92.811 E7.75026
G1 X109.958 Y93.165 E7.77166
G1 X110.483 Y93.194 E7.78946
G1 X111.007 Y92.996 E7.80842
G1 X111.531 Y92.514 E7.83252
G1 X112.055 Y92.159 E7.85394
G1 X112.579 Y92.13 E7.8717
G1 X113.103 Y92.328 E7.89066
G1 X113.627 Y92.811 E7.91478
G1 X114.152 Y93.165 E7.93621
G1 X114.676 Y93.194 E7.95397
G1 X115.226 Y92.972 E7.97405
G1 X115.987 Y92.966 E7.99981
G1 X116.684 Y92.823 E8.02389
G1 X117.459 Y92.478 E8.0526
G1 X117.82 Y92.811 E8.06922
G1 X118.345 Y93.165 E8.09065
G1 X118.869 Y93.194 E8.10841
G1 X119.393 Y92.996 E8.12737
G1 X119.748 Y92.669 E8.14371
G1 X119.748 Y90.828 E8.20603
G1 X119.393 Y91.068 E8.22053
G1 X118.892 Y91.096 E8.23751
G1 X119.178 Y90.562 E8.25801
G1 X119.418 Y89.807 E8.28483
G1 X119.485 Y88.718 E8.32176
G1 X119.748 Y88.476 E8.33386
G1 X119.748 Y86.752 E8.39222
G1 X119.576 Y86.752 E8.39804
G1 X119.393 Y86.875 E8.4055
G1 X118.893 Y86.903 E8.42245
G1 X119.283 Y87.702 E8.45255
G1 X119.466 Y88.515 E8.48076
G1 E6.48076 F2400
G92 E0
G1 X111.538 Y88.494 F7200
G1 E2 F2400
G1 F3300
G1 X111.53 Y89.462 E2.03277
G1 X111.605 Y89.893 E2.04758
G1 X111.801 Y90.465 E2.06805
G1 X111.007 Y91.068 E2.1018
G1 X110.483 Y91.098 E2.11957
G1 X109.958 Y90.899 E2.13857
G1 X109.434 Y90.417 E2.16267
G1 X108.91 Y90.063 E2.18407
G1 X108.386 Y90.034 E2.20183
G1 X107.862 Y90.232 E2.22079
G1 X107.338 Y90.714 E2.24489
G1 X106.814 Y91.068 E2.26629
G1 X106.29 Y91.098 E2.28406
G1 X105.765 Y90.899 E2.30306
G1 X105.241 Y90.417 E2.32716
G1 X104.717 Y90.063 E2.34856
G1 X104.193 Y90.034 E2.36632
G1 X103.669 Y90.232 E2.38528
G1 X103.145 Y90.714 E2.40938
G1 X102.621 Y91.068 E2.43078
G1 X102.097 Y91.098 E2.44855
G1 X101.572 Y90.899 E2.46755
G1 X101.048 Y90.417 E2.49165
G1 X100.524 Y90.063 E2.51305
G1 X100 Y90.034 E2.53081
G1 X99.476 Y90.232 E2.54977
G1 X98.952 Y90.714 E2.57387
G1 X98.428 Y91.068 E2.59527
G1 X97.903 Y91.098 E2.61307
G1 X97.379 Y90.899 E2.63204
G1 X96.855 Y90.417 E2.65614
G1 X96.331 Y90.063 E2.67754
G1 X95.807 Y90.034 E2.6953
G1 X95.283 Y90.232 E2.71426
G1 X94.759 Y90.714 E2.73836
G1 X94.235 Y91.068 E2.75976
G1 X93.71 Y91.098 E2.77756
G1 X93.186 Y90.899 E2.79653
G1 X92.662 Y90.417 E2.82063
G1 X92.138 Y90.063 E2.84203
G1 X91.614 Y90.034 E2.85979
G1 X91.09 Y90.232 E2.87875
G1 X90.566 Y90.714 E2.90285
G1 X90.042 Y91.068 E2.92425
G1 X89.517 Y91.098 E2.94205
G1 X88.993 Y90.899 E2.96102
G1 X88.469 Y90.417 E2.98512
G1 X87.945 Y90.063 E3.00652
G1 X87.421 Y90.034 E3.02428
G1 X86.897 Y90.232 E3.04324
G1 X86.373 Y90.714 E3.06734
G1 X85.848 Y91.068 E3.08877
G1 X85.324 Y91.098 E3.10654
G1 X84.8 Y90.899 E3.12551
G1 X84.276 Y90.417 E3.14961
G1 X83.752 Y90.063 E3.17101
G1 X83.228 Y90.034 E3.18877
G1 X82.704 Y90.232 E3.20773
G1 X82.18 Y90.714 E3.23183
G1 X81.655 Y91.068 E3.25326
G1 X81.131 Y91.098 E3.27103
G1 X80.607 Y90.899 E3.29
G1 X80.252 Y90.572 E3.30634
G1 X80.252 Y88.731 E3.36866
G1 X80.607 Y88.972 E3.38318
G1 X81.131 Y89.001 E3.40094
G1 X81.655 Y88.803 E3.4199
G1 X82.18 Y88.321 E3.44402
G1 X82.704 Y87.966 E3.46544
G1 X83.228 Y87.937 E3.4832
G1 X83.752 Y88.135 E3.50216
G1 X84.276 Y88.617 E3.52626
G1 X84.8 Y88.972 E3.54768
G1 X85.324 Y89.001 E3.56544
G1 X85.848 Y88.803 E3.5844
G1 X86.373 Y88.321 E3.60852
G1 X86.897 Y87.966 E3.62994
G1 X87.421 Y87.937 E3.6477
G1 X87.945 Y88.135 E3.66666
G1 X88.469 Y88.617 E3.69076
G1 X88.993 Y88.972 E3.71218
G1 X89.517 Y89.001 E3.72994
G1 X90.042 Y88.803 E3.74893
G1 X90.566 Y88.321 E3.77303
G1 X91.09 Y87.966 E3.79445
G1 X91.614 Y87.937 E3.81221
G1 X92.138 Y88.135 E3.83117
G1 X92.662 Y88.617 E3.85527
G1 X93.186 Y88.972 E3.87669
G1 X93.71 Y89.001 E3.89445
G1 X94.235 Y88.803 E3.91344
G1 X94.759 Y88.321 E3.93754
G1 X95.283 Y87.966 E3.95896
G1 X95.807 Y87.937 E3.97672
G1 X96.331 Y88.135 E3.99568
G1 X96.855 Y88.617 E4.01978
G1 X97.379 Y88.972 E4.0412
G1 X97.903 Y89.001 E4.05896
G1 X98.428 Y88.803 E4.07795
G1 X98.952 Y88.321 E4.10205
G1 X99.476 Y87.966 E4.12347
G1 X100 Y87.937 E4.14123
G1 X100.524 Y88.135 E4.16019
G1 X101.048 Y88.617 E4.18429
G1 X101.572 Y88.972 E4.20571
G1 X102.097 Y89.001 E4.22351
G1 X102.621 Y88.803 E4.24247
G1 X103.145 Y88.321 E4.26657
G1 X103.669 Y87.966 E4.28799
G1 X104.193 Y87.937 E4.30575
G1 X104.717 Y88.135 E4.32471
G1 X105.241 Y88.617 E4.34881
G1 X105.765 Y88.972 E4.37023
G1 X106.29 Y89.001 E4.38803
G1 X106.814 Y88.803 E4.40699
G1 X107.338 Y88.321 E4.43109
G1 X107.862 Y87.966 E4.45251
G1 X108.386 Y87.937 E4.47027
G1 X108.91 Y88.135 E4.48923
G1 X109.434 Y88.617 E4.51333
G1 X109.958 Y88.972 E4.53475
G1 X110.483 Y89.001 E4.55255
G1 X111.007 Y88.803 E4.57151
G1 X111.571 Y88.294 E4.59723
G1 X111.742 Y87.644 E4.61998
G1 X112.204 Y86.752 E4.65398
G1 X111.19 Y86.752 E4.6883
G1 X111.007 Y86.875 E4.69576
G1 X110.483 Y86.905 E4.71353
G1 X110.078 Y86.752 E4.72818
G1 X106.997 Y86.752 E4.83247
G1 X106.814 Y86.875 E4.83993
G1 X106.29 Y86.905 E4.8577
G1 X105.885 Y86.752 E4.87235
G1 X102.804 Y86.752 E4.97664
G1 X102.621 Y86.875 E4.9841
G1 X102.097 Y86.905 E5.00187
G1 X101.692 Y86.752 E5.01652
G1 X98.611 Y86.752 E5.12081
G1 X98.428 Y86.875 E5.12827
G1 X97.903 Y86.905 E5.14607
G1 X97.499 Y86.752 E5.16069
G1 X94.418 Y86.752 E5.26498
G1 X94.235 Y86.875 E5.27244
G1 X93.71 Y86.905 E5.29024
G1 X93.306 Y86.752 E5.30486
G1 X90.225 Y86.752 E5.40915
G1 X90.042 Y86.875 E5.41661
G1 X89.517 Y86.905 E5.43441
G1 X89.113 Y86.752 E5.44903
G1 X86.032 Y86.752 E5.55332
G1 X85.848 Y86.875 E5.56081
G1 X85.324 Y86.905 E5.57858
G1 X84.92 Y86.752 E5.5932
G1 X81.839 Y86.752 E5.69749
G1 X81.655 Y86.875 E5.70498
G1 X81.131 Y86.905 E5.72275
G1 X80.727 Y86.752 E5.73737
G1 X80.252 Y86.752 E5.75345
G1 X80.252 Y88.528 E5.81357
;LAYER_CHANGE
;Z:3.2
;HEIGHT:0.2
G1 E3.81357 F2400
G92 E0
G1 Z3.2 F7200
G1 X116.844 Y97.576
G1 E2 F2400
;TYPE:Perimeter
;WIDTH:0.449999
G1 F1200
G1 X117.254 Y97.749 E2.01506
G1 X117.891 Y98.189 E2.04127
G1 X118.456 Y98.791 E2.06922
G1 X118.874 Y99.504 E2.0972
G1 X119.122 Y100.292 E2.12516
G1 X119.192 Y100.893 E2.14564
G1 X119.13 Y101.665 E2.17186
G1 X118.976 Y102.25 E2.19234
G1 X118.636 Y102.946 E2.21856
G1 X118.125 Y103.595 E2.24652
G1 X117.482 Y104.113 E2.27447
G1 X116.948 Y104.398 E2.29496
G1 X116.425 Y104.576 E2.31366
G1 X115.883 Y104.674 E2.3323
G1 X115.21 Y104.68 E2.35508
G1 X114.903 Y104.639 E2.36556
G1 X114.33 Y104.498 E2.38553
G1 X114.004 Y104.374 E2.39734
G1 X113.554 Y104.136 E2.41457
G1 X113.291 Y103.957 E2.42534
G1 X112.906 Y103.625 E2.44255
G1 X112.689 Y103.391 E2.45335
G1 X112.387 Y102.982 E2.47056
G1 X112.102 Y102.448 E2.49105
G1 X111.878 Y101.708 E2.51722
G1 X111.808 Y101.106 E2.53773
G1 X111.852 Y100.436 E2.56046
G1 X112.015 Y99.78 E2.58334
G1 X112.249 Y99.246 E2.60307
G1 X112.689 Y98.609 E2.62928
G1 X112.905 Y98.375 E2.64006
G1 X113.291 Y98.043 E2.65729
G1 X113.802 Y97.72 E2.67775
G1 X114.345 Y97.503 E2.69754
G1 X114.87 Y97.365 E2.71591
G1 X115.391 Y97.307 E2.73365
G1 X115.913 Y97.331 E2.75134
G1 X116.662 Y97.5 E2.77733
G1 X116.789 Y97.553 E2.78199
G1 X116.696 Y97.952 F7200
G1 F1200
G1 X117.077 Y98.116 E2.79603
G1 X117.649 Y98.516 E2.81966
G1 X118.148 Y99.056 E2.84455
G1 X118.514 Y99.694 E2.86945
G1 X118.729 Y100.398 E2.89437
G1 X118.786 Y100.924 E2.91228
G1 X118.726 Y101.619 E2.93589
G1 X118.587 Y102.13 E2.95382
G1 X118.276 Y102.756 E2.97748
G1 X117.816 Y103.329 E3.00235
G1 X117.24 Y103.786 E3.02724
G1 X116.771 Y104.031 E3.04515
G1 X116.157 Y104.221 E3.06691
G1 X115.647 Y104.283 E3.0843
G1 X115.109 Y104.264 E3.10252
G1 X114.427 Y104.103 E3.12624
G1 X113.745 Y103.776 E3.15184
G1 X113.171 Y103.317 E3.17672
G1 X112.714 Y102.74 E3.20163
G1 X112.469 Y102.272 E3.21951
G1 X112.271 Y101.602 E3.24316
G1 X112.214 Y101.076 E3.26107
G1 X112.257 Y100.476 E3.28143
G1 X112.407 Y99.892 E3.30184
G1 X112.616 Y99.423 E3.31922
G1 X113.016 Y98.851 E3.34285
G1 X113.556 Y98.352 E3.36774
G1 X114.005 Y98.072 E3.38565
G1 X114.479 Y97.888 E3.40286
G1 X114.921 Y97.769 E3.41835
G1 X115.472 Y97.715 E3.43709
G1 X115.997 Y97.749 E3.4549
G1 X116.557 Y97.893 E3.47447
G1 X116.641 Y97.929 E3.47756
G1 X116.548 Y98.331 F7200
G1 F1200
G1 X116.998 Y98.542 E3.49438
G1 X117.408 Y98.844 E3.51162
G1 X117.839 Y99.322 E3.53341
G1 X118.154 Y99.884 E3.55522
G1 X118.336 Y100.503 E3.57706
G1 X118.378 Y101.068 E3.59624
G1 X118.321 Y101.574 E3.61348
G1 X118.154 Y102.115 E3.63264
G1 X117.916 Y102.565 E3.64987
G1 X117.508 Y103.063 E3.67166
G1 X116.998 Y103.458 E3.6935
G1 X116.51 Y103.698 E3.71191
G1 X116.096 Y103.818 E3.7265
G1 X115.656 Y103.876 E3.74152
G1 X115.138 Y103.857 E3.75907
G1 X114.524 Y103.707 E3.78046
G1 X113.935 Y103.416 E3.8027
G1 X113.437 Y103.008 E3.82449
G1 X113.042 Y102.498 E3.84633
G1 X112.813 Y102.041 E3.86363
G1 X112.664 Y101.497 E3.88272
G1 X112.619 Y100.959 E3.90099
G1 X112.674 Y100.445 E3.91849
G1 X112.814 Y99.955 E3.93574
G1 X113.042 Y99.502 E3.95291
G1 X113.344 Y99.092 E3.97015
G1 X113.822 Y98.661 E3.99194
G1 X114.25 Y98.403 E4.00886
G1 X114.793 Y98.209 E4.02838
G1 X115.341 Y98.126 E4.04714
G1 X115.87 Y98.144 E4.06506
G1 X116.452 Y98.286 E4.08534
G1 X116.493 Y98.305 E4.08687
G1 X116.403 Y98.699 F7200
;TYPE:External perimeter
G1 F1200
G1 X116.757 Y98.869 E4.10016
G1 X117.166 Y99.171 E4.11737
G1 X117.531 Y99.587 E4.1361
G1 X117.794 Y100.075 E4.15486
G1 X117.943 Y100.609 E4.17363
G1 X117.974 Y101.022 E4.18765
G1 X117.917 Y101.528 E4.20489
G1 X117.794 Y101.925 E4.21896
G1 X117.557 Y102.375 E4.23618
G1 X117.199 Y102.798 E4.25494
G1 X116.757 Y103.131 E4.27367
G1 X116.39 Y103.309 E4.28748
G1 X116.036 Y103.416 E4.3
G1 X115.665 Y103.469 E4.31269
G1 X115.194 Y103.453 E4.32864
G1 X114.622 Y103.312 E4.34858
G1 X114.125 Y103.057 E4.36749
G1 X113.702 Y102.699 E4.38625
G1 X113.369 Y102.257 E4.40498
G1 X113.189 Y101.883 E4.41903
G1 X113.057 Y101.391 E4.43627
G1 X113.026 Y100.98 E4.45022
G1 X113.074 Y100.519 E4.46591
G1 X113.202 Y100.082 E4.48132
G1 X113.369 Y99.743 E4.49411
G1 X113.671 Y99.334 E4.51132
G1 X114.087 Y98.969 E4.53005
G1 X114.447 Y98.762 E4.54411
G1 X114.928 Y98.593 E4.56137
G1 X115.429 Y98.528 E4.57847
G1 X115.88 Y98.555 E4.59376
G1 X116.347 Y98.679 E4.61012
G1 X116.709 Y98.849 F7200
G1 E2.61012 F2400
G92 E0
G1 X112.703 Y88.362 F7200
G1 E2 F2400
;TYPE:Perimeter
G1 F1200
G1 X112.798 Y88.003 E2.01257
G1 X113.042 Y87.502 E2.03143
G1 X113.344 Y87.092 E2.04867
G1 X113.822 Y86.66 E2.07048
G1 X114.291 Y86.385 E2.08888
;WIDTH:0.498041
G1 X114.507 Y86.282 E2.09794
;WIDTH:0.546082
G1 X114.722 Y86.18 E2.1079
G1 X115.314 Y86.106 E2.13286
;WIDTH:0.502617
G1 X115.872 Y86.118 E2.15419
G1 X116.18 Y86.207 E2.16644
;WIDTH:0.476308
G1 X116.488 Y86.296 E2.17799
;WIDTH:0.449999
G1 X117.065 Y86.583 E2.1998
G1 X117.493 Y86.92 E2.21824
G1 X117.793 Y87.258 E2.23354
G1 X118.063 Y87.689 E2.25076
G1 X118.291 Y88.292 E2.27258
G1 X118.378 Y88.931 E2.29441
G1 X118.321 Y89.574 E2.31626
G1 X118.159 Y90.104 E2.33502
G1 X117.913 Y90.573 E2.35295
G1 X117.508 Y91.063 E2.37447
G1 X117.085 Y91.406 E2.3929
G1 X116.688 Y91.623 E2.40821
G1 X116.208 Y91.791 E2.42542
G1 X115.684 Y91.865 E2.44333
G1 X115.295 Y91.863 E2.4565
G1 X114.815 Y91.798 E2.4729
G1 X114.385 Y91.654 E2.48825
G1 X113.935 Y91.417 E2.50547
G1 X113.437 Y91.008 E2.52728
G1 X113.042 Y90.498 E2.54912
G1 X112.816 Y90.049 E2.56613
G1 X112.661 Y89.478 E2.58616
G1 X112.621 Y89.059 E2.60041
G1 X112.662 Y88.516 E2.61884
G1 X112.688 Y88.42 E2.62221
G1 X113.094 Y88.451 F7200
;TYPE:External perimeter
G1 F1200
G1 X113.202 Y88.082 E2.63522
G1 X113.369 Y87.743 E2.64801
G1 X113.671 Y87.334 E2.66522
G1 X114.088 Y86.969 E2.68398
G1 X114.44 Y86.764 E2.69777
G1 X114.797 Y86.629 E2.71069
G1 X115.384 Y86.531 E2.73083
G1 X115.891 Y86.557 E2.74801
G1 X116.383 Y86.689 E2.76525
G1 X116.875 Y86.943 E2.78399
G1 X117.194 Y87.196 E2.79777
G1 X117.448 Y87.475 E2.81054
G1 X117.719 Y87.906 E2.82777
G1 X117.907 Y88.427 E2.84652
G1 X117.974 Y88.977 E2.86527
G1 X117.917 Y89.528 E2.88402
G1 X117.758 Y90.008 E2.90114
G1 X117.531 Y90.412 E2.91683
G1 X117.199 Y90.798 E2.93406
G1 X116.881 Y91.053 E2.94786
G1 X116.553 Y91.238 E2.96061
G1 X116.073 Y91.407 E2.97784
G1 X115.523 Y91.474 E2.99659
G1 X114.972 Y91.417 E3.01534
G1 X114.575 Y91.294 E3.02941
G1 X114.125 Y91.057 E3.04663
G1 X113.702 Y90.699 E3.06539
G1 X113.369 Y90.257 E3.08412
G1 X113.19 Y89.885 E3.09809
G1 X113.066 Y89.439 E3.11376
G1 X113.026 Y89.02 E3.12801
G1 X113.074 Y88.519 E3.14505
G1 X113.078 Y88.509 E3.14541
G1 X113.192 Y88.125 F7200
G1 E1.14541 F2400
G92 E0
G1 X120.054 Y113.554 F7200
G1 E2 F2400
;TYPE:Perimeter
G1 F2700
G1 X79.946 Y113.554 E3.35761
G1 X79.946 Y86.446 E4.27518
G1 X112.839 Y86.446 E5.38857
G1 X112.689 Y86.609 E5.39607
G1 X112.249 Y87.246 E5.42228
G1 X112.015 Y87.78 E5.44201
G1 X111.852 Y88.436 E5.46489
G1 X111.81 Y89.137 E5.48866
G1 X111.898 Y89.808 E5.51157
G1 X112.102 Y90.448 E5.53431
G1 X112.387 Y90.982 E5.5548
G1 X112.689 Y91.391 E5.57201
G1 X112.905 Y91.625 E5.58279
G1 X113.291 Y91.957 E5.60002
G1 X113.699 Y92.213 E5.61632
G1 X114.146 Y92.439 E5.63327
G1 X114.691 Y92.607 E5.65257
G1 X115.204 Y92.672 E5.67007
G1 X115.66 Y92.687 E5.68551
G1 X116.166 Y92.63 E5.70275
G1 X116.571 Y92.526 E5.7169
G1 X117.198 Y92.28 E5.7397
G1 X117.668 Y91.991 E5.75838
G1 X118.125 Y91.594 E5.77887
G1 X118.626 Y90.964 E5.80612
G1 X118.931 Y90.362 E5.82896
G1 X119.13 Y89.665 E5.8535
G1 X119.187 Y89.159 E5.87074
G1 X119.187 Y88.84 E5.88154
G1 X119.059 Y88.023 E5.90953
G1 X118.891 Y87.543 E5.92674
G1 X118.753 Y87.256 E5.93752
G1 X118.482 Y86.825 E5.95475
G1 X118.164 Y86.446 E5.9715
G1 X120.054 Y86.446 E6.03547
G1 X120.054 Y113.494 E6.95101
G1 X120.461 Y113.961 F7200
G1 F2700
G1 X79.539 Y113.961 E8.33617
G1 X79.539 Y86.039 E9.2813
G1 X114.074 Y86.039 E10.45027
G1 X113.557 Y86.352 E10.47073
G1 X113.016 Y86.851 E10.49564
G1 X112.616 Y87.423 E10.51927
G1 X112.407 Y87.892 E10.53665
G1 X112.257 Y88.476 E10.55706
G1 X112.215 Y89.098 E10.57816
G1 X112.29 Y89.697 E10.59859
G1 X112.468 Y90.271 E10.61893
G1 X112.714 Y90.74 E10.63686
G1 X113.171 Y91.316 E10.66175
G1 X113.745 Y91.776 E10.68665
G1 X114.195 Y92.014 E10.70388
G1 X114.695 Y92.187 E10.72179
G1 X115.25 Y92.267 E10.74077
G1 X115.729 Y92.27 E10.75698
G1 X116.342 Y92.175 E10.77798
G1 X116.822 Y92.007 E10.79519
G1 X117.414 Y91.672 E10.81821
G1 X117.817 Y91.329 E10.83612
G1 X118.269 Y90.769 E10.86048
G1 X118.545 Y90.233 E10.88089
G1 X118.726 Y89.62 E10.90252
G1 X118.783 Y88.885 E10.92747
G1 X118.675 Y88.158 E10.95235
G1 X118.408 Y87.472 E10.97727
G1 X118.137 Y87.042 E10.99447
G1 X117.791 Y86.643 E11.01235
G1 X117.414 Y86.328 E11.02898
G1 X116.906 Y86.039 E11.04876
G1 X120.461 Y86.039 E11.16909
G1 X120.461 Y113.901 E12.11218
G1 X120.868 Y114.368 F7200
G1 F2700
G1 X79.132 Y114.368 E13.52489
G1 X79.132 Y85.632 E14.49757
G1 X114.149 Y85.632 E15.68285
;WIDTH:0.498041
G1 X114.415 Y85.656 E15.69296
;WIDTH:0.546082
G1 X114.68 Y85.68 E15.70409
G1 X115.072 Y85.666 E15.7205
;WIDTH:0.518774
G1 X115.463 Y85.653 E15.73598
;WIDTH:0.51703
G1 X116.066 Y85.666 E15.75976
G1 X116.321 Y85.649 E15.76984
;WIDTH:0.483515
G1 X116.575 Y85.632 E15.77917
;WIDTH:0.449999
G1 X120.868 Y85.632 E15.92448
G1 X120.868 Y114.308 E16.89513
G1 X121.275 Y114.775 F7200
;TYPE:External perimeter
G1 F1800
G1 X78.725 Y114.775 E18.33539
G1 X78.725 Y85.225 E19.33562
G1 X121.275 Y85.225 E20.77588
G1 X121.275 Y114.715 E21.77408
G1 X120.879 Y114.774 F7200
G1 E19.77408 F2400
G92 E0
G1 X119.748 Y112.803 F7200
G1 E2 F2400
;TYPE:Internal infill
;WIDTH:0.45
G1 F3300
G1 X119.748 Y113.248 E2.01506
G1 X117.751 Y113.248 E2.08266
G1 X116.772 Y113.102 E2.11616
G1 X116.203 Y113.248 E2.13604
G1 X113.558 Y113.248 E2.22557
G1 X112.579 Y113.102 E2.25907
G1 X112.01 Y113.248 E2.27895
G1 X109.365 Y113.248 E2.36848
G1 X108.386 Y113.102 E2.40198
G1 X107.862 Y113.248 E2.42039
G1 X105.172 Y113.248 E2.51144
G1 X104.193 Y113.102 E2.54494
G1 X103.623 Y113.248 E2.56486
G1 X100.979 Y113.248 E2.65436
G1 X100 Y113.102 E2.68786
G1 X99.43 Y113.248 E2.70778
G1 X96.786 Y113.248 E2.79728
G1 X95.807 Y113.102 E2.83078
G1 X95.237 Y113.248 E2.8507
G1 X92.593 Y113.248 E2.9402
G1 X91.614 Y113.102 E2.9737
G1 X91.044 Y113.248 E2.99362
G1 X88.4 Y113.248 E3.08312
G1 X87.421 Y113.102 E3.11662
G1 X86.851 Y113.248 E3.13654
G1 X84.207 Y113.248 E3.22604
G1 X83.228 Y113.102 E3.25954
G1 X82.704 Y113.248 E3.27795
G1 X80.252 Y113.248 E3.36095
G1 X80.252 Y111.711 E3.41298
G1 X80.607 Y111.975 E3.42795
G1 X81.131 Y112.056 E3.4459
G1 X81.655 Y111.911 E3.4643
G1 X82.704 Y111.087 E3.50945
G1 X83.228 Y111.006 E3.5274
G1 X83.752 Y111.151 E3.5458
G1 X84.8 Y111.975 E3.59093
G1 X85.324 Y112.056 E3.60888
G1 X85.848 Y111.911 E3.62728
G1 X86.897 Y111.087 E3.67243
G1 X87.421 Y111.006 E3.69038
G1 X87.945 Y111.151 E3.70878
G1 X88.993 Y111.975 E3.75391
G1 X89.517 Y112.056 E3.77186
G1 X90.042 Y111.911 E3.7903
G1 X91.09 Y111.087 E3.83543
G1 X91.614 Y111.006 E3.85338
G1 X92.138 Y111.151 E3.87178
G1 X93.186 Y111.975 E3.91691
G1 X93.71 Y112.056 E3.93486
G1 X94.235 Y111.911 E3.9533
G1 X95.283 Y111.087 E3.99843
G1 X95.807 Y111.006 E4.01638
G1 X96.331 Y111.151 E4.03478
G1 X97.379 Y111.975 E4.07991
G1 X97.903 Y112.056 E4.09786
G1 X98.428 Y111.911 E4.1163
G1 X99.476 Y111.087 E4.16143
G1 X100 Y111.006 E4.17938
G1 X100.524 Y111.151 E4.19778
G1 X101.572 Y111.975 E4.24291
G1 X102.097 Y112.056 E4.26089
G1 X102.621 Y111.911 E4.27929
G1 X103.669 Y111.087 E4.32442
G1 X104.193 Y111.006 E4.34237
G1 X104.717 Y111.151 E4.36077
G1 X105.765 Y111.975 E4.4059
G1 X106.29 Y112.056 E4.42388
G1 X106.814 Y111.911 E4.44228
G1 X107.862 Y111.087 E4.48741
G1 X108.386 Y111.006 E4.50536
G1 X108.91 Y111.151 E4.52376
G1 X109.958 Y111.975 E4.56889
G1 X110.483 Y112.056 E4.58687
G1 X111.007 Y111.911 E4.60527
G1 X112.055 Y111.087 E4.6504
G1 X112.579 Y111.006 E4.66835
G1 X113.103 Y111.151 E4.68675
G1 X114.152 Y111.975 E4.7319
G1 X114.676 Y112.056 E4.74985
G1 X115.2 Y111.911 E4.76825
G1 X116.248 Y111.087 E4.81338
G1 X116.772 Y111.006 E4.83133
G1 X117.296 Y111.151 E4.84973
G1 X118.345 Y111.975 E4.89488
G1 X118.869 Y112.056 E4.91283
G1 X119.393 Y111.911 E4.93123
G1 X119.748 Y111.615 E4.94688
G1 X119.748 Y109.615 E5.01458
G1 X119.393 Y109.878 E5.02953
G1 X118.869 Y109.96 E5.04748
G1 X118.345 Y109.814 E5.06589
G1 X117.296 Y108.991 E5.11102
G1 X116.772 Y108.909 E5.12897
G1 X116.248 Y109.054 E5.14737
G1 X115.2 Y109.878 E5.1925
G1 X114.676 Y109.96 E5.21045
G1 X114.152 Y109.814 E5.22886
G1 X113.103 Y108.991 E5.27399
G1 X112.579 Y108.909 E5.29194
G1 X112.055 Y109.054 E5.31034
G1 X111.007 Y109.878 E5.35547
G1 X110.483 Y109.96 E5.37342
G1 X109.958 Y109.814 E5.39186
G1 X108.91 Y108.991 E5.43696
G1 X108.386 Y108.909 E5.45491
G1 X107.862 Y109.054 E5.47331
G1 X106.814 Y109.878 E5.51844
G1 X106.29 Y109.96 E5.53639
G1 X105.765 Y109.814 E5.55483
G1 X104.717 Y108.991 E5.59993
G1 X104.193 Y108.909 E5.61788
G1 X103.669 Y109.054 E5.63628
G1 X102.621 Y109.878 E5.68141
G1 X102.097 Y109.96 E5.69936
G1 X101.572 Y109.814 E5.7178
G1 X100.524 Y108.991 E5.7629
G1 X100 Y108.909 E5.78085
G1 X99.476 Y109.054 E5.79925
G1 X98.428 Y109.878 E5.84438
G1 X97.903 Y109.96 E5.86237
G1 X97.379 Y109.814 E5.88078
G1 X96.331 Y108.991 E5.92588
G1 X95.807 Y108.909 E5.94383
G1 X95.283 Y109.054 E5.96223
G1 X94.235 Y109.878 E6.00736
G1 X93.71 Y109.96 E6.02535
G1 X93.186 Y109.814 E6.04376
G1 X92.138 Y108.991 E6.08886
G1 X91.614 Y108.909 E6.10681
G1 X91.09 Y109.054 E6.12521
G1 X90.042 Y109.878 E6.17034
G1 X89.517 Y109.96 E6.18833
G1 X88.993 Y109.814 E6.20674
G1 X87.945 Y108.991 E6.25184
G1 X87.421 Y108.909 E6.26979
G1 X86.897 Y109.054 E6.28819
G1 X85.848 Y109.878 E6.33334
G1 X85.324 Y109.96 E6.35129
G1 X84.8 Y109.814 E6.3697
G1 X83.752 Y108.991 E6.4148
G1 X83.228 Y108.909 E6.43275
G1 X82.704 Y109.054 E6.45115
G1 X81.655 Y109.878 E6.4963
G1 X81.131 Y109.96 E6.51425
G1 X80.607 Y109.814 E6.53266
G1 X80.252 Y109.519 E6.54828
G1 X80.252 Y107.518 E6.61601
G1 X80.607 Y107.782 E6.63098
G1 X81.131 Y107.863 E6.64893
G1 X81.655 Y107.718 E6.66733
G1 X82.704 Y106.894 E6.71248
G1 X83.228 Y106.813 E6.73043
G1 X83.752 Y106.958 E6.74883
G1 X84.8 Y107.782 E6.79396
G1 X85.324 Y107.863 E6.81191
G1 X85.848 Y107.718 E6.83031
G1 X86.897 Y106.894 E6.87546
G1 X87.421 Y106.813 E6.89341
G1 X87.945 Y106.958 E6.91181
G1 X88.993 Y107.782 E6.95694
G1 X89.517 Y107.863 E6.97489
G1 X90.042 Y107.718 E6.99333
G1 X91.09 Y106.894 E7.03846
G1 X91.614 Y106.813 E7.05641
G1 X92.138 Y106.958 E7.07481
G1 X93.186 Y107.782 E7.11994
G1 X93.71 Y107.863 E7.13789
G1 X94.235 Y107.718 E7.15633
G1 X95.283 Y106.894 E7.20146
G1 X95.807 Y106.813 E7.21941
G1 X96.331 Y106.958 E7.23781
G1 X97.379 Y107.782 E7.28294
G1 X97.903 Y107.863 E7.30089
G1 X98.428 Y107.718 E7.31933
G1 X99.476 Y106.894 E7.36446
G1 X100 Y106.813 E7.38241
G1 X100.524 Y106.958 E7.40081
G1 X101.572 Y107.782 E7.44594
G1 X102.097 Y107.863 E7.46392
G1 X102.621 Y107.718 E7.48232
G1 X103.669 Y106.894 E7.52745
G1 X104.193 Y106.813 E7.5454
G1 X104.717 Y106.958 E7.5638
G1 X105.765 Y107.782 E7.60893
G1 X106.29 Y107.863 E7.62691
G1 X106.814 Y107.718 E7.64531
G1 X107.862 Y106.894 E7.69044
G1 X108.386 Y106.813 E7.70839
G1 X108.91 Y106.958 E7.72679
G1 X109.958 Y107.782 E7.77192
G1 X110.483 Y107.863 E7.7899
G1 X111.007 Y107.718 E7.8083
G1 X112.055 Y106.894 E7.85343
G1 X112.579 Y106.813 E7.87138
G1 X113.103 Y106.958 E7.88978
G1 X114.152 Y107.782 E7.93493
G1 X114.676 Y107.863 E7.95288
G1 X115.2 Y107.718 E7.97128
G1 X116.248 Y106.894 E8.01641
G1 X116.772 Y106.813 E8.03436
G1 X117.296 Y106.958 E8.05276
G1 X118.345 Y107.782 E8.09791
G1 X118.869 Y107.863 E8.11586
G1 X119.393 Y107.718 E8.13426
G1 X119.748 Y107.422 E8.14991
G1 X119.748 Y105.422 E8.21761
G1 X119.393 Y105.685 E8.23256
G1 X118.869 Y105.767 E8.25051
G1 X118.345 Y105.621 E8.26892
G1 X117.296 Y104.798 E8.31405
G1 X116.9 Y104.736 E8.32762
G1 X116.156 Y104.938 E8.35372
G1 X115.2 Y105.685 E8.39479
G1 X114.676 Y105.767 E8.41274
G1 X114.152 Y105.621 E8.43115
G1 X113.103 Y104.798 E8.47628
G1 X112.579 Y104.716 E8.49423
G1 X112.055 Y104.861 E8.51263
G1 X111.007 Y105.685 E8.55776
G1 X110.483 Y105.767 E8.57571
G1 X109.958 Y105.621 E8.59415
G1 X108.91 Y104.798 E8.63925
G1 X108.386 Y104.716 E8.6572
G1 X107.862 Y104.861 E8.6756
G1 X106.814 Y105.685 E8.72073
G1 X106.29 Y105.767 E8.73868
G1 X105.765 Y105.621 E8.75712
G1 X104.717 Y104.798 E8.80222
G1 X104.193 Y104.716 E8.82017
G1 X103.669 Y104.861 E8.83857
G1 X102.621 Y105.685 E8.8837
G1 X102.097 Y105.767 E8.90165
G1 X101.572 Y105.621 E8.92009
G1 X100.524 Y104.798 E8.96519
G1 X100 Y104.716 E8.98314
G1 X99.476 Y104.861 E9.00154
G1 X98.428 Y105.685 E9.04667
G1 X97.903 Y105.767 E9.06466
G1 X97.379 Y105.621 E9.08307
G1 X96.331 Y104.798 E9.12817
G1 X95.807 Y104.716 E9.14612
G1 X95.283 Y104.861 E9.16452
G1 X94.235 Y105.685 E9.20965
G1 X93.71 Y105.767 E9.22764
G1 X93.186 Y105.621 E9.24605
G1 X92.138 Y104.798 E9.29115
G1 X91.614 Y104.716 E9.3091
G1 X91.09 Y104.861 E9.3275
G1 X90.042 Y105.685 E9.37263
G1 X89.517 Y105.767 E9.39062
G1 X88.993 Y105.621 E9.40903
G1 X87.945 Y104.798 E9.45413
G1 X87.421 Y104.716 E9.47208
G1 X86.897 Y104.861 E9.49048
G1 X85.848 Y105.685 E9.53563
G1 X85.324 Y105.767 E9.55358
G1 X84.8 Y105.621 E9.57199
G1 X83.752 Y104.798 E9.61709
G1 X83.228 Y104.716 E9.63504
G1 X82.704 Y104.861 E9.65344
G1 X81.655 Y105.685 E9.69859
G1 X81.131 Y105.767 E9.71654
G1 X80.607 Y105.621 E9.73495
G1 X80.252 Y105.326 E9.75057
G1 X80.252 Y103.325 E9.8183
G1 X80.607 Y103.589 E9.83327
G1 X81.131 Y103.67 E9.85122
G1 X81.655 Y103.525 E9.86962
G1 X82.704 Y102.701 E9.91477
G1 X83.228 Y102.62 E9.93272
G1 X83.752 Y102.765 E9.95112
G1 X84.8 Y103.589 E9.99625
G1 X85.324 Y103.67 E10.0142
G1 X85.848 Y103.525 E10.0326
G1 X86.897 Y102.701 E10.07775
G1 X87.421 Y102.62 E10.0957
G1 X87.945 Y102.765 E10.1141
G1 X88.993 Y103.589 E10.15923
G1 X89.517 Y103.67 E10.17718
G1 X90.042 Y103.525 E10.19562
G1 X91.09 Y102.701 E10.24075
G1 X91.614 Y102.62 E10.2587
G1 X92.138 Y102.765 E10.2771
G1 X93.186 Y103.589 E10.32223
G1 X93.71 Y103.67 E10.34018
G1 X94.235 Y103.525 E10.35862
G1 X95.283 Y102.701 E10.40375
G1 X95.807 Y102.62 E10.4217
G1 X96.331 Y102.765 E10.4401
G1 X97.379 Y103.589 E10.48523
G1 X97.903 Y103.67 E10.50318
G1 X98.428 Y103.525 E10.52162
G1 X99.476 Y102.701 E10.56675
G1 X100 Y102.62 E10.5847
G1 X100.524 Y102.765 E10.6031
G1 X101.572 Y103.589 E10.64823
G1 X102.097 Y103.67 E10.66621
G1 X102.621 Y103.525 E10.68461
G1 X103.669 Y102.701 E10.72974
G1 X104.193 Y102.62 E10.74769
G1 X104.717 Y102.765 E10.76609
G1 X105.765 Y103.589 E10.81122
G1 X106.29 Y103.67 E10.8292
G1 X106.814 Y103.525 E10.8476
G1 X107.862 Y102.701 E10.89273
G1 X108.386 Y102.62 E10.91068
G1 X108.91 Y102.765 E10.92908
G1 X109.958 Y103.589 E10.97421
G1 X110.483 Y103.67 E10.99219
G1 X111.007 Y103.525 E11.01059
G1 X111.93 Y102.794 E11.05044
G1 X111.716 Y102.283 E11.06919
G1 X111.556 Y101.674 E11.0905
G1 X111.503 Y101.124 E11.1092
G1 X111.007 Y101.492 E11.13011
G1 X110.483 Y101.574 E11.14806
G1 X109.958 Y101.428 E11.1665
G1 X108.91 Y100.605 E11.2116
G1 X108.386 Y100.523 E11.22955
G1 X107.862 Y100.668 E11.24795
G1 X106.814 Y101.492 E11.29308
G1 X106.29 Y101.574 E11.31103
G1 X105.765 Y101.428 E11.32947
G1 X104.717 Y100.605 E11.37457
G1 X104.193 Y100.523 E11.39252
G1 X103.669 Y100.668 E11.41092
G1 X102.621 Y101.492 E11.45605
G1 X102.097 Y101.574 E11.474
G1 X101.572 Y101.428 E11.49244
G1 X100.524 Y100.605 E11.53754
G1 X100 Y100.523 E11.55549
G1 X99.476 Y100.668 E11.57389
G1 X98.428 Y101.492 E11.61902
G1 X97.903 Y101.574 E11.63701
G1 X97.379 Y101.428 E11.65542
G1 X96.331 Y100.605 E11.70052
G1 X95.807 Y100.523 E11.71847
G1 X95.283 Y100.668 E11.73687
G1 X94.235 Y101.492 E11.782
G1 X93.71 Y101.574 E11.79999
G1 X93.186 Y101.428 E11.8184
G1 X92.138 Y100.605 E11.8635
G1 X91.614 Y100.523 E11.88145
G1 X91.09 Y100.668 E11.89985
G1 X90.042 Y101.492 E11.94498
G1 X89.517 Y101.574 E11.96297
G1 X88.993 Y101.428 E11.98138
G1 X87.945 Y100.605 E12.02648
G1 X87.421 Y100.523 E12.04443
G1 X86.897 Y100.668 E12.06283
G1 X85.848 Y101.492 E12.10798
G1 X85.324 Y101.574 E12.12593
G1 X84.8 Y101.428 E12.14434
G1 X83.752 Y100.605 E12.18944
G1 X83.228 Y100.523 E12.20739
G1 X82.704 Y100.668 E12.22579
G1 X81.655 Y101.492 E12.27094
G1 X81.131 Y101.574 E12.28889
G1 X80.607 Y101.428 E12.3073
G1 X80.252 Y101.133 E12.32292
G1 X80.252 Y99.132 E12.39065
G1 X80.607 Y99.395 E12.4056
G1 X81.131 Y99.477 E12.42355
G1 X81.655 Y99.332 E12.44195
G1 X82.704 Y98.508 E12.4871
G1 X83.228 Y98.426 E12.50505
G1 X83.752 Y98.572 E12.52346
G1 X84.8 Y99.395 E12.56856
G1 X85.324 Y99.477 E12.58651
G1 X85.848 Y99.332 E12.60491
G1 X86.897 Y98.508 E12.65006
G1 X87.421 Y98.426 E12.66801
G1 X87.945 Y98.572 E12.68642
G1 X88.993 Y99.395 E12.73152
G1 X89.517 Y99.477 E12.74947
G1 X90.042 Y99.332 E12.76791
G1 X91.09 Y98.508 E12.81304
G1 X91.614 Y98.426 E12.83099
G1 X92.138 Y98.572 E12.8494
G1 X93.186 Y99.395 E12.8945
G1 X93.71 Y99.477 E12.91245
G1 X94.235 Y99.332 E12.93089
G1 X95.283 Y98.508 E12.97602
G1 X95.807 Y98.426 E12.99397
G1 X96.331 Y98.572 E13.01238
G1 X97.379 Y99.395 E13.05748
G1 X97.903 Y99.477 E13.07543
G1 X98.428 Y99.332 E13.09387
G1 X99.476 Y98.508 E13.139
G1 X100 Y98.426 E13.15695
G1 X100.524 Y98.572 E13.17536
G1 X101.572 Y99.395 E13.22046
G1 X102.097 Y99.477 E13.23845
G1 X102.621 Y99.332 E13.25685
G1 X103.669 Y98.508 E13.30198
G1 X104.193 Y98.426 E13.31993
G1 X104.717 Y98.572 E13.33834
G1 X105.765 Y99.395 E13.38344
G1 X106.29 Y99.477 E13.40143
G1 X106.814 Y99.332 E13.41983
G1 X107.862 Y98.508 E13.46496
G1 X108.386 Y98.426 E13.48291
G1 X108.91 Y98.572 E13.50132
G1 X109.958 Y99.395 E13.54642
G1 X110.483 Y99.477 E13.56441
G1 X111.007 Y99.332 E13.58281
G1 X112.055 Y98.508 E13.62794
G1 X112.436 Y98.449 E13.64099
G1 X112.071 Y98.937 E13.66162
G1 X111.766 Y99.56 E13.6851
G1 X111.561 Y100.306 E13.71129
G1 X111.524 Y100.67 E13.72367
G1 E11.72367 F2400
G92 E0
G1 X119.438 Y101.643 F7200
G1 E2 F2400
G1 F3300
G1 X119.146 Y102.634 E2.03497
G1 X118.903 Y103.094 E2.05258
G1 X118.511 Y103.614 E2.07462
G1 X118.869 Y103.67 E2.08689
G1 X119.393 Y103.525 E2.10529
G1 X119.748 Y103.229 E2.12094
G1 X119.748 Y101.229 E2.18864
G1 X119.462 Y101.441 E2.20069
G1 X119.471 Y100.527 E2.23163
G1 X119.158 Y99.397 E2.27132
G1 X119.393 Y99.332 E2.27957
G1 X119.748 Y99.036 E2.29522
G1 X119.748 Y97.036 E2.36292
G1 X119.393 Y97.299 E2.37787
G1 X118.869 Y97.381 E2.39582
G1 X118.345 Y97.235 E2.41423
G1 X117.296 Y96.411 E2.45938
G1 X116.772 Y96.33 E2.47733
G1 X116.248 Y96.475 E2.49573
G1 X115.577 Y97.019 E2.52497
G1 X114.624 Y97.095 E2.55733
G1 X114.19 Y97.246 E2.57288
G1 X113.103 Y96.411 E2.61928
G1 X112.579 Y96.33 E2.63723
G1 X112.055 Y96.475 E2.65563
G1 X111.007 Y97.299 E2.70076
G1 X110.483 Y97.381 E2.71871
G1 X109.958 Y97.235 E2.73715
G1 X108.91 Y96.411 E2.78228
G1 X108.386 Y96.33 E2.80023
G1 X107.862 Y96.475 E2.81863
G1 X106.814 Y97.299 E2.86376
G1 X106.29 Y97.381 E2.88171
G1 X105.765 Y97.235 E2.90015
G1 X104.717 Y96.411 E2.94528
G1 X104.193 Y96.33 E2.96323
G1 X103.669 Y96.475 E2.98163
G1 X102.621 Y97.299 E3.02676
G1 X102.097 Y97.381 E3.04471
G1 X101.572 Y97.235 E3.06315
G1 X100.524 Y96.411 E3.10828
G1 X100 Y96.33 E3.12623
G1 X99.476 Y96.475 E3.14463
G1 X98.428 Y97.299 E3.18976
G1 X97.903 Y97.381 E3.20775
G1 X97.379 Y97.235 E3.22616
G1 X96.331 Y96.411 E3.27129
G1 X95.807 Y96.33 E3.28924
G1 X95.283 Y96.475 E3.30764
G1 X94.235 Y97.299 E3.35277
G1 X93.71 Y97.381 E3.37076
G1 X93.186 Y97.235 E3.38917
G1 X92.138 Y96.411 E3.4343
G1 X91.614 Y96.33 E3.45225
G1 X91.09 Y96.475 E3.47065
G1 X90.042 Y97.299 E3.51578
G1 X89.517 Y97.381 E3.53377
G1 X88.993 Y97.235 E3.55218
G1 X87.945 Y96.411 E3.59731
G1 X87.421 Y96.33 E3.61526
G1 X86.897 Y96.475 E3.63366
G1 X85.848 Y97.299 E3.67881
G1 X85.324 Y97.381 E3.69676
G1 X84.8 Y97.235 E3.71517
G1 X83.752 Y96.411 E3.7603
G1 X83.228 Y96.33 E3.77825
G1 X82.704 Y96.475 E3.79665
G1 X81.655 Y97.299 E3.8418
G1 X81.131 Y97.381 E3.85975
G1 X80.607 Y97.235 E3.87816
G1 X80.252 Y96.94 E3.89378
G1 X80.252 Y94.939 E3.96151
G1 X80.607 Y95.202 E3.97646
G1 X81.131 Y95.284 E3.99441
G1 X81.655 Y95.139 E4.01281
G1 X82.704 Y94.315 E4.05796
G1 X83.228 Y94.233 E4.07591
G1 X83.752 Y94.379 E4.09432
G1 X84.8 Y95.202 E4.13942
G1 X85.324 Y95.284 E4.15737
G1 X85.848 Y95.139 E4.17577
G1 X86.897 Y94.315 E4.22092
G1 X87.421 Y94.233 E4.23887
G1 X87.945 Y94.379 E4.25728
G1 X88.993 Y95.202 E4.30238
G1 X89.517 Y95.284 E4.32033
G1 X90.042 Y95.139 E4.33877
G1 X91.09 Y94.315 E4.3839
G1 X91.614 Y94.233 E4.40185
G1 X92.138 Y94.379 E4.42026
G1 X93.186 Y95.202 E4.46536
G1 X93.71 Y95.284 E4.48331
G1 X94.235 Y95.139 E4.50175
G1 X95.283 Y94.315 E4.54688
G1 X95.807 Y94.233 E4.56483
G1 X96.331 Y94.379 E4.58324
G1 X97.379 Y95.202 E4.62834
G1 X97.903 Y95.284 E4.64629
G1 X98.428 Y95.139 E4.66473
G1 X99.476 Y94.315 E4.70986
G1 X100 Y94.233 E4.72781
G1 X100.524 Y94.379 E4.74622
G1 X101.572 Y95.202 E4.79132
G1 X102.097 Y95.284 E4.80931
G1 X102.621 Y95.139 E4.82771
G1 X103.669 Y94.315 E4.87284
G1 X104.193 Y94.233 E4.89079
G1 X104.717 Y94.379 E4.9092
G1 X105.765 Y95.202 E4.9543
G1 X106.29 Y95.284 E4.97229
G1 X106.814 Y95.139 E4.99069
G1 X107.862 Y94.315 E5.03582
G1 X108.386 Y94.233 E5.05377
G1 X108.91 Y94.379 E5.07218
G1 X109.958 Y95.202 E5.11728
G1 X110.483 Y95.284 E5.13527
G1 X111.007 Y95.139 E5.15367
G1 X112.055 Y94.315 E5.1988
G1 X112.579 Y94.233 E5.21675
G1 X113.103 Y94.379 E5.23516
G1 X114.152 Y95.202 E5.28029
G1 X114.676 Y95.284 E5.29824
G1 X115.2 Y95.139 E5.31664
G1 X116.248 Y94.315 E5.36177
G1 X116.772 Y94.233 E5.37972
G1 X117.296 Y94.379 E5.39813
G1 X118.345 Y95.202 E5.44326
G1 X118.869 Y95.284 E5.46121
G1 X119.393 Y95.139 E5.47961
G1 X119.748 Y94.843 E5.49526
G1 X119.748 Y92.842 E5.56299
G1 X119.393 Y93.106 E5.57796
G1 X118.869 Y93.187 E5.59591
G1 X118.345 Y93.042 E5.61431
G1 X117.561 Y92.415 E5.64829
G1 X118.353 Y91.797 E5.68229
G1 X118.912 Y91.079 E5.71309
G1 X119.393 Y90.946 E5.72998
G1 X119.748 Y90.65 E5.74563
G1 X119.748 Y88.649 E5.81336
G1 X119.487 Y88.843 E5.82437
G1 X119.349 Y87.927 E5.85573
G1 X119.098 Y87.247 E5.88027
G1 X118.877 Y86.896 E5.89431
G1 X119.394 Y86.752 E5.91248
G1 X119.748 Y86.752 E5.92446
G1 X119.748 Y88.446 E5.9818
G1 E3.9818 F2400
G92 E0
G1 X117.388 Y92.522 F7200
G1 E2 F2400
G1 F3300
G1 X116.379 Y92.904 E2.03652
G1 X115.364 Y92.984 E2.07098
G1 X115.2 Y93.106 E2.0779
G1 X114.676 Y93.187 E2.09585
G1 X114.152 Y93.042 E2.11425
G1 X113.103 Y92.218 E2.1594
G1 X112.579 Y92.137 E2.17735
G1 X112.055 Y92.282 E2.19575
G1 X111.007 Y93.106 E2.24088
G1 X110.483 Y93.187 E2.25883
G1 X109.958 Y93.042 E2.27727
G1 X108.91 Y92.218 E2.3224
G1 X108.386 Y92.137 E2.34035
G1 X107.862 Y92.282 E2.35875
G1 X106.814 Y93.106 E2.40388
G1 X106.29 Y93.187 E2.42183
G1 X105.765 Y93.042 E2.44027
G1 X104.717 Y92.218 E2.4854
G1 X104.193 Y92.137 E2.50335
G1 X103.669 Y92.282 E2.52175
G1 X102.621 Y93.106 E2.56688
G1 X102.097 Y93.187 E2.58483
G1 X101.572 Y93.042 E2.60327
G1 X100.524 Y92.218 E2.6484
G1 X100 Y92.137 E2.66635
G1 X99.476 Y92.282 E2.68475
G1 X98.428 Y93.106 E2.72988
G1 X97.903 Y93.187 E2.74786
G1 X97.379 Y93.042 E2.76626
G1 X96.331 Y92.218 E2.81139
G1 X95.807 Y92.137 E2.82934
G1 X95.283 Y92.282 E2.84774
G1 X94.235 Y93.106 E2.89287
G1 X93.71 Y93.187 E2.91085
G1 X93.186 Y93.042 E2.92925
G1 X92.138 Y92.218 E2.97438
G1 X91.614 Y92.137 E2.99233
G1 X91.09 Y92.282 E3.01073
G1 X90.042 Y93.106 E3.05586
G1 X89.517 Y93.187 E3.07384
G1 X88.993 Y93.042 E3.09224
G1 X87.945 Y92.218 E3.13737
G1 X87.421 Y92.137 E3.15532
G1 X86.897 Y92.282 E3.17372
G1 X85.848 Y93.106 E3.21887
G1 X85.324 Y93.187 E3.23682
G1 X84.8 Y93.042 E3.25522
G1 X83.752 Y92.218 E3.30035
G1 X83.228 Y92.137 E3.3183
G1 X82.704 Y92.282 E3.3367
G1 X81.655 Y93.106 E3.38185
G1 X81.131 Y93.187 E3.3998
G1 X80.607 Y93.042 E3.4182
G1 X80.252 Y92.747 E3.43382
G1 X80.252 Y90.746 E3.50155
G1 X80.607 Y91.009 E3.5165
G1 X81.131 Y91.091 E3.53445
G1 X81.655 Y90.946 E3.55285
G1 X82.704 Y90.122 E3.598
G1 X83.228 Y90.04 E3.61595
G1 X83.752 Y90.186 E3.63436
G1 X84.8 Y91.009 E3.67946
G1 X85.324 Y91.091 E3.69741
G1 X85.848 Y90.946 E3.71581
G1 X86.897 Y90.122 E3.76096
G1 X87.421 Y90.04 E3.77891
G1 X87.945 Y90.186 E3.79732
G1 X88.993 Y91.009 E3.84242
G1 X89.517 Y91.091 E3.86037
G1 X90.042 Y90.946 E3.87881
G1 X91.09 Y90.122 E3.92394
G1 X91.614 Y90.04 E3.94189
G1 X92.138 Y90.186 E3.9603
G1 X93.186 Y91.009 E4.0054
G1 X93.71 Y91.091 E4.02335
G1 X94.235 Y90.946 E4.04179
G1 X95.283 Y90.122 E4.08692
G1 X95.807 Y90.04 E4.10487
G1 X96.331 Y90.186 E4.12328
G1 X97.379 Y91.009 E4.16838
G1 X97.903 Y91.091 E4.18633
G1 X98.428 Y90.946 E4.20477
G1 X99.476 Y90.122 E4.2499
G1 X100 Y90.04 E4.26785
G1 X100.524 Y90.186 E4.28626
G1 X101.572 Y91.009 E4.33136
G1 X102.097 Y91.091 E4.34935
G1 X102.621 Y90.946 E4.36775
G1 X103.669 Y90.122 E4.41288
G1 X104.193 Y90.04 E4.43083
G1 X104.717 Y90.186 E4.44924
G1 X105.765 Y91.009 E4.49434
G1 X106.29 Y91.091 E4.51233
G1 X106.814 Y90.946 E4.53073
G1 X107.862 Y90.122 E4.57586
G1 X108.386 Y90.04 E4.59381
G1 X108.91 Y90.186 E4.61222
G1 X109.958 Y91.009 E4.65732
G1 X110.483 Y91.091 E4.67531
G1 X111.007 Y90.946 E4.69371
G1 X111.742 Y90.354 E4.72566
G1 X111.548 Y89.591 E4.75231
G1 X111.537 Y88.519 E4.7886
G1 X111.007 Y88.913 E4.81095
G1 X110.483 Y88.994 E4.8289
G1 X109.958 Y88.849 E4.84734
G1 X108.91 Y88.025 E4.89247
G1 X108.386 Y87.944 E4.91042
G1 X107.862 Y88.089 E4.92882
G1 X106.814 Y88.913 E4.97395
G1 X106.29 Y88.994 E4.9919
G1 X105.765 Y88.849 E5.01034
G1 X104.717 Y88.025 E5.05547
G1 X104.193 Y87.944 E5.07342
G1 X103.669 Y88.089 E5.09182
G1 X102.621 Y88.913 E5.13695
G1 X102.097 Y88.994 E5.1549
G1 X101.572 Y88.849 E5.17334
G1 X100.524 Y88.025 E5.21847
G1 X100 Y87.944 E5.23642
G1 X99.476 Y88.089 E5.25482
G1 X98.428 Y88.913 E5.29995
G1 X97.903 Y88.994 E5.31793
G1 X97.379 Y88.849 E5.33633
G1 X96.331 Y88.025 E5.38146
G1 X95.807 Y87.944 E5.39941
G1 X95.283 Y88.089 E5.41781
G1 X94.235 Y88.913 E5.46294
G1 X93.71 Y88.994 E5.48092
G1 X93.186 Y88.849 E5.49932
G1 X92.138 Y88.025 E5.54445
G1 X91.614 Y87.944 E5.5624
G1 X91.09 Y88.089 E5.5808
G1 X90.042 Y88.913 E5.62593
G1 X89.517 Y88.994 E5.64391
G1 X88.993 Y88.849 E5.66231
G1 X87.945 Y88.025 E5.70744
G1 X87.421 Y87.944 E5.72539
G1 X86.897 Y88.089 E5.74379
G1 X85.848 Y88.913 E5.78894
G1 X85.324 Y88.994 E5.80689
G1 X84.8 Y88.849 E5.82529
G1 X83.752 Y88.025 E5.87042
G1 X83.228 Y87.944 E5.88837
G1 X82.704 Y88.089 E5.90677
G1 X81.655 Y88.913 E5.95192
G1 X81.131 Y88.994 E5.96987
G1 X80.607 Y88.849 E5.98827
G1 X80.252 Y88.554 E6.00389
G1 X80.252 Y86.752 E6.06489
G1 X80.52 Y86.752 E6.07396
G1 X80.607 Y86.816 E6.07762
G1 X81.131 Y86.898 E6.09557
G1 X81.657 Y86.752 E6.11405
G1 X84.713 Y86.752 E6.21749
G1 X84.8 Y86.816 E6.22115
G1 X85.324 Y86.898 E6.2391
G1 X85.85 Y86.752 E6.25758
G1 X88.906 Y86.752 E6.36102
G1 X88.993 Y86.816 E6.36468
G1 X89.517 Y86.898 E6.38263
G1 X90.043 Y86.752 E6.40111
G1 X93.099 Y86.752 E6.50455
G1 X93.186 Y86.816 E6.50821
G1 X93.71 Y86.898 E6.52616
G1 X94.236 Y86.752 E6.54464
G1 X97.292 Y86.752 E6.64808
G1 X97.379 Y86.816 E6.65174
G1 X97.903 Y86.898 E6.66969
G1 X98.429 Y86.752 E6.68817
G1 X101.485 Y86.752 E6.79161
G1 X101.572 Y86.816 E6.79527
G1 X102.097 Y86.898 E6.81326
G1 X102.622 Y86.752 E6.8317
G1 X105.678 Y86.752 E6.93514
G1 X105.765 Y86.816 E6.9388
G1 X106.29 Y86.898 E6.95679
G1 X106.815 Y86.752 E6.97523
G1 X109.871 Y86.752 E7.07867
G1 X109.958 Y86.816 E7.08233
G1 X110.483 Y86.898 E7.10032
G1 X111.008 Y86.752 E7.11876
G1 X112.204 Y86.752 E7.15924
G1 X111.825 Y87.424 E7.18535
G1 X111.672 Y87.871 E7.20134
;LAYER_CHANGE
;Z:3.4
;HEIGHT:0.2
G1 E5.20134 F2400
G92 E0
G1 Z3.4 F7200
G1 X116.845 Y97.573
G1 E2 F2400
;TYPE:Perimeter
;WIDTH:0.449999
G1 F1200
G1 X117.254 Y97.749 E2.01507
G1 X117.719 Y98.047 E2.03376
G1 X118.283 Y98.576 E2.05993
G1 X118.707 Y99.173 E2.08472
G1 X119.05 Y99.998 E2.11496
G1 X119.13 Y100.335 E2.12668
G1 X119.187 Y100.841 E2.14392
G1 X119.187 Y101.159 E2.15468
G1 X119.13 Y101.665 E2.17192
G1 X118.976 Y102.25 E2.1924
G1 X118.636 Y102.946 E2.21862
G1 X118.125 Y103.595 E2.24658
G1 X117.482 Y104.113 E2.27453
G1 X116.948 Y104.398 E2.29502
G1 X116.425 Y104.576 E2.31372
G1 X115.883 Y104.674 E2.33236
G1 X115.203 Y104.679 E2.35538
G1 X114.896 Y104.638 E2.36586
G1 X114.328 Y104.498 E2.38566
G1 X114.004 Y104.374 E2.3974
G1 X113.554 Y104.136 E2.41463
G1 X113.291 Y103.956 E2.42542
G1 X112.905 Y103.625 E2.44263
G1 X112.689 Y103.391 E2.45341
G1 X112.387 Y102.982 E2.47062
G1 X112.214 Y102.675 E2.48255
G1 X111.986 Y102.119 E2.50289
G1 X111.893 Y101.766 E2.51525
G1 X111.816 Y101.187 E2.53502
G1 X111.811 Y100.859 E2.54612
G1 X111.864 Y100.348 E2.56351
G1 X112.016 Y99.779 E2.58345
G1 X112.249 Y99.246 E2.60314
G1 X112.533 Y98.801 E2.62101
G1 X113.005 Y98.28 E2.64481
G1 X113.244 Y98.083 E2.65529
G1 X113.733 Y97.762 E2.67509
G1 X114.043 Y97.609 E2.68679
G1 X114.524 Y97.441 E2.70404
G1 X115.245 Y97.318 E2.7288
G1 X115.822 Y97.326 E2.74833
G1 X116.206 Y97.377 E2.76144
G1 X116.698 Y97.509 E2.77868
G1 X116.79 Y97.549 E2.78208
G1 X116.698 Y97.949 F7200
G1 F1200
G1 X117.077 Y98.116 E2.7961
G1 X117.635 Y98.504 E2.8191
G1 X117.995 Y98.864 E2.83633
G1 X118.365 Y99.394 E2.85821
G1 X118.668 Y100.14 E2.88546
G1 X118.783 Y100.886 E2.91101
G1 X118.726 Y101.619 E2.9359
G1 X118.587 Y102.13 E2.95383
G1 X118.276 Y102.756 E2.97749
G1 X117.816 Y103.329 E3.00236
G1 X117.24 Y103.786 E3.02725
G1 X116.771 Y104.031 E3.04516
G1 X116.157 Y104.221 E3.06692
G1 X115.646 Y104.283 E3.08434
G1 X115.102 Y104.263 E3.10277
G1 X114.426 Y104.102 E3.12629
G1 X113.744 Y103.776 E3.15188
G1 X113.171 Y103.316 E3.17675
G1 X112.714 Y102.74 E3.20164
G1 X112.363 Y101.965 E3.23044
G1 X112.296 Y101.713 E3.23927
G1 X112.22 Y101.133 E3.25907
G1 X112.258 Y100.469 E3.28158
G1 X112.407 Y99.89 E3.30182
G1 X112.616 Y99.423 E3.31914
G1 X112.92 Y98.96 E3.33789
G1 X113.297 Y98.564 E3.3564
G1 X113.956 Y98.103 E3.38362
G1 X114.479 Y97.888 E3.40276
G1 X114.918 Y97.769 E3.41816
G1 X115.479 Y97.715 E3.43724
G1 X116.036 Y97.755 E3.45614
G1 X116.593 Y97.902 E3.47564
G1 X116.643 Y97.924 E3.47749
G1 X116.55 Y98.325 F7200
G1 F1200
G1 X116.98 Y98.528 E3.49359
G1 X117.348 Y98.792 E3.50892
G1 X117.707 Y99.152 E3.52613
G1 X118.023 Y99.615 E3.5451
G1 X118.287 Y100.282 E3.56938
G1 X118.378 Y100.932 E3.5916
G1 X118.321 Y101.574 E3.61342
G1 X118.154 Y102.115 E3.63258
G1 X117.916 Y102.565 E3.64981
G1 X117.508 Y103.063 E3.6716
G1 X116.998 Y103.458 E3.69344
G1 X116.51 Y103.698 E3.71185
G1 X116.096 Y103.818 E3.72644
G1 X115.655 Y103.876 E3.7415
G1 X115.132 Y103.856 E3.75922
G1 X114.524 Y103.707 E3.78041
G1 X113.935 Y103.416 E3.80265
G1 X113.437 Y103.008 E3.82444
G1 X113.042 Y102.498 E3.84628
G1 X112.74 Y101.81 E3.87171
G1 X112.623 Y101.08 E3.89673
G1 X112.664 Y100.509 E3.91611
G1 X112.798 Y100.002 E3.93386
G1 X113.012 Y99.545 E3.95094
G1 X113.286 Y99.158 E3.96699
G1 X113.649 Y98.793 E3.98441
G1 X114.179 Y98.443 E4.00591
G1 X114.793 Y98.209 E4.02815
G1 X115.347 Y98.125 E4.04712
G1 X115.871 Y98.144 E4.06487
G1 X116.488 Y98.296 E4.08638
G1 X116.496 Y98.299 E4.08667
G1 X116.403 Y98.698 F7200
;TYPE:External perimeter
G1 F1200
G1 X116.75 Y98.865 E4.0997
G1 X117.06 Y99.08 E4.11247
G1 X117.42 Y99.439 E4.12968
G1 X117.702 Y99.876 E4.14728
G1 X117.905 Y100.424 E4.16706
G1 X117.974 Y100.977 E4.18592
G1 X117.917 Y101.528 E4.20467
G1 X117.794 Y101.925 E4.21874
G1 X117.557 Y102.375 E4.23596
G1 X117.199 Y102.798 E4.25472
G1 X116.757 Y103.131 E4.27345
G1 X116.39 Y103.309 E4.28726
G1 X116.036 Y103.416 E4.29978
G1 X115.665 Y103.469 E4.31247
G1 X115.189 Y103.452 E4.32859
G1 X114.621 Y103.312 E4.34839
G1 X114.125 Y103.057 E4.36727
G1 X113.702 Y102.699 E4.38603
G1 X113.369 Y102.257 E4.40476
G1 X113.117 Y101.656 E4.42682
G1 X113.027 Y101.026 E4.44836
G1 X113.072 Y100.526 E4.46535
G1 X113.202 Y100.082 E4.48101
G1 X113.365 Y99.75 E4.49353
G1 X113.578 Y99.442 E4.50621
G1 X113.914 Y99.104 E4.52234
G1 X114.402 Y98.783 E4.54211
G1 X114.928 Y98.593 E4.56104
G1 X115.435 Y98.528 E4.57834
G1 X115.891 Y98.557 E4.59381
G1 X116.347 Y98.679 E4.60979
G1 X116.709 Y98.848 F7200
G1 E2.60979 F2400
G92 E0
G1 X112.703 Y88.362 F7200
G1 E2 F2400
;TYPE:Perimeter
G1 F1200
G1 X112.798 Y88.002 E2.0126
G1 X113.042 Y87.502 E2.03143
G1 X113.344 Y87.092 E2.04867
G1 X113.822 Y86.66 E2.07048
G1 X114.291 Y86.385 E2.08888
;WIDTH:0.497995
G1 X114.507 Y86.282 E2.09794
;WIDTH:0.545991
G1 X114.723 Y86.18 E2.10793
G1 X115.32 Y86.106 E2.13309
;WIDTH:0.502647
G1 X115.873 Y86.118 E2.15423
G1 X116.18 Y86.207 E2.16645
;WIDTH:0.476323
G1 X116.488 Y86.296 E2.178
;WIDTH:0.449999
G1 X117.065 Y86.583 E2.19981
G1 X117.493 Y86.92 E2.21825
G1 X117.793 Y87.258 E2.23355
G1 X118.063 Y87.689 E2.25077
G1 X118.291 Y88.293 E2.27262
G1 X118.378 Y88.932 E2.29445
G1 X118.321 Y89.574 E2.31627
G1 X118.155 Y90.115 E2.33542
G1 X117.917 Y90.564 E2.35262
G1 X117.508 Y91.063 E2.37446
G1 X117.085 Y91.406 E2.39289
G1 X116.695 Y91.62 E2.40795
G1 X116.199 Y91.793 E2.42573
G1 X115.628 Y91.871 E2.44524
G1 X114.926 Y91.821 E2.46906
G1 X114.446 Y91.682 E2.48597
G1 X113.935 Y91.417 E2.50545
G1 X113.437 Y91.008 E2.52726
G1 X113.056 Y90.518 E2.54827
G1 X112.816 Y90.049 E2.5661
G1 X112.66 Y89.472 E2.58633
G1 X112.621 Y89.058 E2.60041
G1 X112.664 Y88.509 E2.61905
G1 X112.687 Y88.42 E2.62216
G1 X113.094 Y88.451 F7200
;TYPE:External perimeter
G1 F1200
G1 X113.202 Y88.082 E2.63517
G1 X113.369 Y87.743 E2.64796
G1 X113.671 Y87.334 E2.66517
G1 X114.088 Y86.969 E2.68393
G1 X114.44 Y86.764 E2.69772
G1 X114.797 Y86.629 E2.71064
G1 X115.39 Y86.53 E2.73099
G1 X115.891 Y86.557 E2.74797
G1 X116.383 Y86.689 E2.76521
G1 X116.875 Y86.943 E2.78395
G1 X117.194 Y87.196 E2.79773
G1 X117.448 Y87.475 E2.8105
G1 X117.719 Y87.906 E2.82773
G1 X117.907 Y88.427 E2.84648
G1 X117.974 Y88.977 E2.86523
G1 X117.917 Y89.528 E2.88398
G1 X117.795 Y89.925 E2.89804
G1 X117.557 Y90.374 E2.91524
G1 X117.199 Y90.798 E2.93402
G1 X116.881 Y91.053 E2.94782
G1 X116.556 Y91.238 E2.96048
G1 X116.106 Y91.397 E2.97663
G1 X115.525 Y91.474 E2.99647
G1 X114.972 Y91.417 E3.01529
G1 X114.575 Y91.294 E3.02936
G1 X114.125 Y91.057 E3.04658
G1 X113.702 Y90.699 E3.06534
G1 X113.383 Y90.276 E3.08327
G1 X113.189 Y89.885 E3.09804
G1 X113.065 Y89.433 E3.1139
G1 X113.026 Y89.019 E3.12798
G1 X113.075 Y88.514 E3.14515
G1 X113.077 Y88.508 E3.14536
G1 X113.192 Y88.125 F7200
G1 E1.14536 F2400
G92 E0
G1 X120.054 Y113.554 F7200
G1 E2 F2400
;TYPE:Perimeter
G1 F2700
G1 X79.946 Y113.554 E3.35761
G1 X79.946 Y86.446 E4.27518
G1 X112.839 Y86.446 E5.38857
G1 X112.689 Y86.609 E5.39607
G1 X112.249 Y87.246 E5.42228
G1 X112.016 Y87.778 E5.44194
G1 X111.853 Y88.429 E5.46466
G1 X111.81 Y89.136 E5.48864
G1 X111.897 Y89.801 E5.51134
G1 X112.102 Y90.448 E5.53431
G1 X112.387 Y90.982 E5.5548
G1 X112.689 Y91.391 E5.57201
G1 X112.905 Y91.625 E5.58279
G1 X113.291 Y91.957 E5.60002
G1 X113.555 Y92.136 E5.61082
G1 X114.25 Y92.476 E5.63701
G1 X114.835 Y92.63 E5.65749
G1 X115.341 Y92.687 E5.67473
G1 X115.735 Y92.678 E5.68807
G1 X116.568 Y92.533 E5.71669
G1 X117.198 Y92.28 E5.73967
G1 X117.668 Y91.991 E5.75835
G1 X118.125 Y91.594 E5.77884
G1 X118.637 Y90.945 E5.80682
G1 X118.976 Y90.249 E5.83302
G1 X119.13 Y89.665 E5.85346
G1 X119.187 Y89.159 E5.8707
G1 X119.187 Y88.841 E5.88146
G1 X119.059 Y88.024 E5.90945
G1 X118.891 Y87.543 E5.9267
G1 X118.753 Y87.256 E5.93748
G1 X118.482 Y86.825 E5.95471
G1 X118.164 Y86.446 E5.97146
G1 X120.054 Y86.446 E6.03543
G1 X120.054 Y113.494 E6.95097
G1 X120.461 Y113.961 F7200
G1 F2700
G1 X79.539 Y113.961 E8.33613
G1 X79.539 Y86.039 E9.28126
G1 X114.074 Y86.039 E10.45023
G1 X113.557 Y86.352 E10.47069
G1 X113.016 Y86.851 E10.4956
G1 X112.616 Y87.423 E10.51923
G1 X112.407 Y87.89 E10.53655
G1 X112.258 Y88.469 E10.55679
G1 X112.215 Y89.097 E10.5781
G1 X112.289 Y89.69 E10.59833
G1 X112.468 Y90.271 E10.61891
G1 X112.728 Y90.759 E10.63763
G1 X113.171 Y91.316 E10.66172
G1 X113.745 Y91.776 E10.68662
G1 X114.195 Y92.014 E10.70385
G1 X114.695 Y92.187 E10.72176
G1 X115.26 Y92.269 E10.74108
G1 X115.681 Y92.274 E10.75533
G1 X116.279 Y92.193 E10.77576
G1 X116.835 Y92.002 E10.79566
G1 X117.414 Y91.672 E10.81822
G1 X117.817 Y91.329 E10.83613
G1 X118.277 Y90.755 E10.86103
G1 X118.587 Y90.129 E10.88468
G1 X118.726 Y89.619 E10.90257
G1 X118.783 Y88.886 E10.92746
G1 X118.675 Y88.158 E10.95237
G1 X118.408 Y87.472 E10.97729
G1 X118.137 Y87.042 E10.99449
G1 X117.791 Y86.643 E11.01237
G1 X117.414 Y86.328 E11.029
G1 X116.906 Y86.039 E11.04878
G1 X120.461 Y86.039 E11.16911
G1 X120.461 Y113.901 E12.1122
G1 X120.868 Y114.368 F7200
G1 F2700
G1 X79.132 Y114.368 E13.52491
G1 X79.132 Y85.632 E14.49759
G1 X114.149 Y85.632 E15.68287
;WIDTH:0.497995
G1 X114.415 Y85.656 E15.69298
;WIDTH:0.545991
G1 X114.681 Y85.68 E15.70415
G1 X115.076 Y85.666 E15.72068
;WIDTH:0.51869
G1 X115.47 Y85.653 E15.73628
;WIDTH:0.517031
G1 X116.066 Y85.666 E15.75978
G1 X116.321 Y85.649 E15.76986
;WIDTH:0.483515
G1 X116.575 Y85.632 E15.77919
;WIDTH:0.449999
G1 X120.868 Y85.632 E15.9245
G1 X120.868 Y114.308 E16.89515
G1 X121.275 Y114.775 F7200
;TYPE:External perimeter
G1 F1800
G1 X78.725 Y114.775 E18.33541
G1 X78.725 Y85.225 E19.33564
G1 X121.275 Y85.225 E20.7759
G1 X121.275 Y114.715 E21.7741
G1 X120.879 Y114.774 F7200
G1 E19.7741 F2400
G92 E0
G1 X119.748 Y112.758 F7200
G1 E2 F2400
;TYPE:Internal infill
;WIDTH:0.45
G1 F3300
G1 X119.748 Y113.248 E2.01659
G1 X117.797 Y113.248 E2.08263
G1 X117.296 Y113.041 E2.10098
G1 X116.772 Y113.078 E2.11876
G1 X116.277 Y113.248 E2.13648
G1 X113.604 Y113.248 E2.22696
G1 X113.103 Y113.041 E2.24531
G1 X112.579 Y113.078 E2.26309
G1 X112.084 Y113.248 E2.28081
G1 X109.411 Y113.248 E2.37129
G1 X108.91 Y113.041 E2.38964
G1 X108.386 Y113.078 E2.40742
G1 X107.891 Y113.248 E2.42514
G1 X105.218 Y113.248 E2.51562
G1 X104.717 Y113.041 E2.53397
G1 X104.193 Y113.078 E2.55175
G1 X103.698 Y113.248 E2.56947
G1 X101.025 Y113.248 E2.65995
G1 X100.524 Y113.041 E2.6783
G1 X100 Y113.078 E2.69608
G1 X99.505 Y113.248 E2.7138
G1 X96.832 Y113.248 E2.80428
G1 X96.331 Y113.041 E2.82263
G1 X95.807 Y113.078 E2.84041
G1 X95.312 Y113.248 E2.85813
G1 X92.638 Y113.248 E2.94864
G1 X92.138 Y113.041 E2.96696
G1 X91.614 Y113.078 E2.98474
G1 X91.118 Y113.248 E3.00249
G1 X88.445 Y113.248 E3.09297
G1 X87.945 Y113.041 E3.11129
G1 X87.421 Y113.078 E3.12907
G1 X86.925 Y113.248 E3.14682
G1 X84.252 Y113.248 E3.2373
G1 X83.752 Y113.041 E3.25562
G1 X83.228 Y113.078 E3.2734
G1 X82.732 Y113.248 E3.29115
G1 X80.252 Y113.248 E3.3751
G1 X80.252 Y111.907 E3.42049
G1 X80.607 Y112.118 E3.43447
G1 X81.131 Y112.08 E3.45225
G1 X81.655 Y111.813 E3.47216
G1 X82.18 Y111.255 E3.49809
G1 X82.704 Y110.944 E3.51872
G1 X83.228 Y110.982 E3.5365
G1 X83.752 Y111.249 E3.55641
G1 X84.276 Y111.807 E3.58232
G1 X84.8 Y112.118 E3.60295
G1 X85.324 Y112.08 E3.62073
G1 X85.848 Y111.813 E3.64064
G1 X86.373 Y111.255 E3.66657
G1 X86.897 Y110.944 E3.6872
G1 X87.421 Y110.982 E3.70498
G1 X87.945 Y111.249 E3.72489
G1 X88.469 Y111.807 E3.7508
G1 X88.993 Y112.118 E3.77143
G1 X89.517 Y112.08 E3.78921
G1 X90.042 Y111.813 E3.80915
G1 X90.566 Y111.255 E3.83506
G1 X91.09 Y110.944 E3.85569
G1 X91.614 Y110.982 E3.87347
G1 X92.138 Y111.249 E3.89338
G1 X92.662 Y111.807 E3.91929
G1 X93.186 Y112.118 E3.93992
G1 X93.71 Y112.08 E3.9577
G1 X94.235 Y111.813 E3.97764
G1 X94.759 Y111.255 E4.00355
G1 X95.283 Y110.944 E4.02418
G1 X95.807 Y110.982 E4.04196
G1 X96.331 Y111.249 E4.06187
G1 X96.855 Y111.807 E4.08778
G1 X97.379 Y112.118 E4.10841
G1 X97.903 Y112.08 E4.12619
G1 X98.428 Y111.813 E4.14613
G1 X98.952 Y111.255 E4.17204
G1 X99.476 Y110.944 E4.19267
G1 X100 Y110.982 E4.21045
G1 X100.524 Y111.249 E4.23036
G1 X101.048 Y111.807 E4.25627
G1 X101.572 Y112.118 E4.2769
G1 X102.097 Y112.08 E4.29472
G1 X102.621 Y111.813 E4.31463
G1 X103.145 Y111.255 E4.34054
G1 X103.669 Y110.944 E4.36117
G1 X104.193 Y110.982 E4.37895
G1 X104.717 Y111.249 E4.39886
G1 X105.241 Y111.807 E4.42477
G1 X105.765 Y112.118 E4.4454
G1 X106.29 Y112.08 E4.46322
G1 X106.814 Y111.813 E4.48313
G1 X107.338 Y111.255 E4.50904
G1 X107.862 Y110.944 E4.52967
G1 X108.386 Y110.982 E4.54745
G1 X108.91 Y111.249 E4.56736
G1 X109.434 Y111.807 E4.59327
G1 X109.958 Y112.118 E4.6139
G1 X110.483 Y112.08 E4.63172
G1 X111.007 Y111.813 E4.65163
G1 X111.531 Y111.255 E4.67754
G1 X112.055 Y110.944 E4.69817
G1 X112.579 Y110.982 E4.71595
G1 X113.103 Y111.249 E4.73586
G1 X113.627 Y111.807 E4.76177
G1 X114.152 Y112.118 E4.78242
G1 X114.676 Y112.08 E4.8002
G1 X115.2 Y111.813 E4.82011
G1 X115.724 Y111.255 E4.84602
G1 X116.248 Y110.944 E4.86665
G1 X116.772 Y110.982 E4.88443
G1 X117.296 Y111.249 E4.90434
G1 X117.82 Y111.807 E4.93025
G1 X118.345 Y112.118 E4.9509
G1 X118.869 Y112.08 E4.96868
G1 X119.393 Y111.813 E4.98859
G1 X119.748 Y111.434 E5.00617
G1 X119.748 Y109.81 E5.06114
G1 X119.393 Y110.021 E5.07512
G1 X118.869 Y109.983 E5.0929
G1 X118.345 Y109.717 E5.11279
G1 X117.82 Y109.158 E5.13875
G1 X117.296 Y108.847 E5.15938
G1 X116.772 Y108.885 E5.17716
G1 X116.248 Y109.152 E5.19707
G1 X115.724 Y109.711 E5.223
G1 X115.2 Y110.021 E5.24361
G1 X114.676 Y109.983 E5.26139
G1 X114.152 Y109.717 E5.28128
G1 X113.627 Y109.158 E5.30724
G1 X113.103 Y108.847 E5.32787
G1 X112.579 Y108.885 E5.34565
G1 X112.055 Y109.152 E5.36556
G1 X111.531 Y109.711 E5.39149
G1 X111.007 Y110.021 E5.4121
G1 X110.483 Y109.983 E5.42988
G1 X109.958 Y109.717 E5.4498
G1 X109.434 Y109.158 E5.47573
G1 X108.91 Y108.847 E5.49636
G1 X108.386 Y108.885 E5.51414
G1 X107.862 Y109.152 E5.53405
G1 X107.338 Y109.711 E5.55998
G1 X106.814 Y110.021 E5.58059
G1 X106.29 Y109.983 E5.59837
G1 X105.765 Y109.717 E5.61829
G1 X105.241 Y109.158 E5.64422
G1 X104.717 Y108.847 E5.66485
G1 X104.193 Y108.885 E5.68263
G1 X103.669 Y109.152 E5.70254
G1 X103.145 Y109.711 E5.72847
G1 X102.621 Y110.021 E5.74908
G1 X102.097 Y109.983 E5.76686
G1 X101.572 Y109.717 E5.78678
G1 X101.048 Y109.158 E5.81271
G1 X100.524 Y108.847 E5.83334
G1 X100 Y108.885 E5.85112
G1 X99.476 Y109.152 E5.87103
G1 X98.952 Y109.711 E5.89696
G1 X98.428 Y110.021 E5.91757
G1 X97.903 Y109.983 E5.93539
G1 X97.379 Y109.717 E5.95528
G1 X96.855 Y109.158 E5.98121
G1 X96.331 Y108.847 E6.00184
G1 X95.807 Y108.885 E6.01962
G1 X95.283 Y109.152 E6.03953
G1 X94.759 Y109.711 E6.06546
G1 X94.235 Y110.021 E6.08607
G1 X93.71 Y109.983 E6.10389
G1 X93.186 Y109.717 E6.12378
G1 X92.662 Y109.158 E6.14971
G1 X92.138 Y108.847 E6.17034
G1 X91.614 Y108.885 E6.18812
G1 X91.09 Y109.152 E6.20803
G1 X90.566 Y109.711 E6.23396
G1 X90.042 Y110.021 E6.25457
G1 X89.517 Y109.983 E6.27239
G1 X88.993 Y109.717 E6.29228
G1 X88.469 Y109.158 E6.31821
G1 X87.945 Y108.847 E6.33884
G1 X87.421 Y108.885 E6.35662
G1 X86.897 Y109.152 E6.37653
G1 X86.373 Y109.711 E6.40246
G1 X85.848 Y110.021 E6.4231
G1 X85.324 Y109.983 E6.44088
G1 X84.8 Y109.717 E6.46077
G1 X84.276 Y109.158 E6.4867
G1 X83.752 Y108.847 E6.50733
G1 X83.228 Y108.885 E6.52511
G1 X82.704 Y109.152 E6.54502
G1 X82.18 Y109.711 E6.57095
G1 X81.655 Y110.021 E6.59159
G1 X81.131 Y109.983 E6.60937
G1 X80.607 Y109.717 E6.62926
G1 X80.252 Y109.338 E6.64684
G1 X80.252 Y107.714 E6.70181
G1 X80.607 Y107.925 E6.71579
G1 X81.131 Y107.887 E6.73357
G1 X81.655 Y107.62 E6.75348
G1 X82.18 Y107.062 E6.77941
G1 X82.704 Y106.751 E6.80004
G1 X83.228 Y106.789 E6.81782
G1 X83.752 Y107.056 E6.83773
G1 X84.276 Y107.614 E6.86364
G1 X84.8 Y107.925 E6.88427
G1 X85.324 Y107.887 E6.90205
G1 X85.848 Y107.62 E6.92196
G1 X86.373 Y107.062 E6.94789
G1 X86.897 Y106.751 E6.96852
G1 X87.421 Y106.789 E6.9863
G1 X87.945 Y107.056 E7.00621
G1 X88.469 Y107.614 E7.03212
G1 X88.993 Y107.925 E7.05275
G1 X89.517 Y107.887 E7.07053
G1 X90.042 Y107.62 E7.09047
G1 X90.566 Y107.062 E7.11638
G1 X91.09 Y106.751 E7.13701
G1 X91.614 Y106.789 E7.15479
G1 X92.138 Y107.056 E7.1747
G1 X92.662 Y107.614 E7.20061
G1 X93.186 Y107.925 E7.22124
G1 X93.71 Y107.887 E7.23902
G1 X94.235 Y107.62 E7.25896
G1 X94.759 Y107.062 E7.28487
G1 X95.283 Y106.751 E7.3055
G1 X95.807 Y106.789 E7.32328
G1 X96.331 Y107.056 E7.34319
G1 X96.855 Y107.614 E7.3691
G1 X97.379 Y107.925 E7.38973
G1 X97.903 Y107.887 E7.40751
G1 X98.428 Y107.62 E7.42745
G1 X98.952 Y107.062 E7.45336
G1 X99.476 Y106.751 E7.47399
G1 X100 Y106.789 E7.49177
G1 X100.524 Y107.056 E7.51168
G1 X101.048 Y107.614 E7.53759
G1 X101.572 Y107.925 E7.55822
G1 X102.097 Y107.887 E7.57604
G1 X102.621 Y107.62 E7.59595
G1 X103.145 Y107.062 E7.62186
G1 X103.669 Y106.751 E7.64249
G1 X104.193 Y106.789 E7.66027
G1 X104.717 Y107.056 E7.68018
G1 X105.241 Y107.614 E7.70609
G1 X105.765 Y107.925 E7.72672
G1 X106.29 Y107.887 E7.74454
G1 X106.814 Y107.62 E7.76445
G1 X107.338 Y107.062 E7.79036
G1 X107.862 Y106.751 E7.81099
G1 X108.386 Y106.789 E7.82877
G1 X108.91 Y107.056 E7.84868
G1 X109.434 Y107.614 E7.87459
G1 X109.958 Y107.925 E7.89522
G1 X110.483 Y107.887 E7.91304
G1 X111.007 Y107.62 E7.93295
G1 X111.531 Y107.062 E7.95886
G1 X112.055 Y106.751 E7.97949
G1 X112.579 Y106.789 E7.99727
G1 X113.103 Y107.056 E8.01718
G1 X113.627 Y107.614 E8.04309
G1 X114.152 Y107.925 E8.06374
G1 X114.676 Y107.887 E8.08152
G1 X115.2 Y107.62 E8.10143
G1 X115.724 Y107.062 E8.12734
G1 X116.248 Y106.751 E8.14797
G1 X116.772 Y106.789 E8.16575
G1 X117.296 Y107.056 E8.18566
G1 X117.82 Y107.614 E8.21157
G1 X118.345 Y107.925 E8.23222
G1 X118.869 Y107.887 E8.25
G1 X119.393 Y107.62 E8.26991
G1 X119.748 Y107.241 E8.28749
G1 X119.748 Y105.617 E8.34246
G1 X119.393 Y105.828 E8.35644
G1 X118.869 Y105.79 E8.37422
G1 X118.345 Y105.524 E8.39411
G1 X117.82 Y104.965 E8.42007
G1 X117.296 Y104.654 E8.4407
G1 X117.089 Y104.669 E8.44773
G1 X116.248 Y104.959 E8.47784
G1 X115.724 Y105.518 E8.50377
G1 X115.2 Y105.828 E8.52438
G1 X114.676 Y105.79 E8.54216
G1 X114.152 Y105.524 E8.56205
G1 X113.627 Y104.965 E8.58801
G1 X113.103 Y104.654 E8.60864
G1 X112.579 Y104.692 E8.62642
G1 X112.055 Y104.959 E8.64633
G1 X111.531 Y105.518 E8.67226
G1 X111.007 Y105.828 E8.69287
G1 X110.483 Y105.79 E8.71065
G1 X109.958 Y105.524 E8.73057
G1 X109.434 Y104.965 E8.7565
G1 X108.91 Y104.654 E8.77713
G1 X108.386 Y104.692 E8.79491
G1 X107.862 Y104.959 E8.81482
G1 X107.338 Y105.518 E8.84075
G1 X106.814 Y105.828 E8.86136
G1 X106.29 Y105.79 E8.87914
G1 X105.765 Y105.524 E8.89906
G1 X105.241 Y104.965 E8.92499
G1 X104.717 Y104.654 E8.94562
G1 X104.193 Y104.692 E8.9634
G1 X103.669 Y104.959 E8.98331
G1 X103.145 Y105.518 E9.00924
G1 X102.621 Y105.828 E9.02985
G1 X102.097 Y105.79 E9.04763
G1 X101.572 Y105.524 E9.06755
G1 X101.048 Y104.965 E9.09348
G1 X100.524 Y104.654 E9.11411
G1 X100 Y104.692 E9.13189
G1 X99.476 Y104.959 E9.1518
G1 X98.952 Y105.518 E9.17773
G1 X98.428 Y105.828 E9.19834
G1 X97.903 Y105.79 E9.21616
G1 X97.379 Y105.524 E9.23605
G1 X96.855 Y104.965 E9.26198
G1 X96.331 Y104.654 E9.28261
G1 X95.807 Y104.692 E9.30039
G1 X95.283 Y104.959 E9.3203
G1 X94.759 Y105.518 E9.34623
G1 X94.235 Y105.828 E9.36684
G1 X93.71 Y105.79 E9.38466
G1 X93.186 Y105.524 E9.40455
G1 X92.662 Y104.965 E9.43048
G1 X92.138 Y104.654 E9.45111
G1 X91.614 Y104.692 E9.46889
G1 X91.09 Y104.959 E9.4888
G1 X90.566 Y105.518 E9.51473
G1 X90.042 Y105.828 E9.53534
G1 X89.517 Y105.79 E9.55316
G1 X88.993 Y105.524 E9.57305
G1 X88.469 Y104.965 E9.59898
G1 X87.945 Y104.654 E9.61961
G1 X87.421 Y104.692 E9.63739
G1 X86.897 Y104.959 E9.6573
G1 X86.373 Y105.518 E9.68323
G1 X85.848 Y105.828 E9.70387
G1 X85.324 Y105.79 E9.72165
G1 X84.8 Y105.524 E9.74154
G1 X84.276 Y104.965 E9.76747
G1 X83.752 Y104.654 E9.7881
G1 X83.228 Y104.692 E9.80588
G1 X82.704 Y104.959 E9.82579
G1 X82.18 Y105.518 E9.85172
G1 X81.655 Y105.828 E9.87236
G1 X81.131 Y105.79 E9.89014
G1 X80.607 Y105.524 E9.91003
G1 X80.252 Y105.145 E9.92761
G1 X80.252 Y103.521 E9.98258
G1 X80.607 Y103.732 E9.99656
G1 X81.131 Y103.694 E10.01434
G1 X81.655 Y103.427 E10.03425
G1 X82.18 Y102.869 E10.06018
G1 X82.704 Y102.558 E10.08081
G1 X83.228 Y102.596 E10.09859
G1 X83.752 Y102.862 E10.11848
G1 X84.276 Y103.421 E10.14441
G1 X84.8 Y103.732 E10.16504
G1 X85.324 Y103.694 E10.18282
G1 X85.848 Y103.427 E10.20273
G1 X86.373 Y102.869 E10.22866
G1 X86.897 Y102.558 E10.24929
G1 X87.421 Y102.596 E10.26707
G1 X87.945 Y102.862 E10.28696
G1 X88.469 Y103.421 E10.31289
G1 X88.993 Y103.732 E10.33352
G1 X89.517 Y103.694 E10.3513
G1 X90.042 Y103.427 E10.37124
G1 X90.566 Y102.869 E10.39715
G1 X91.09 Y102.558 E10.41778
G1 X91.614 Y102.596 E10.43556
G1 X92.138 Y102.862 E10.45545
G1 X92.662 Y103.421 E10.48138
G1 X93.186 Y103.732 E10.50201
G1 X93.71 Y103.694 E10.51979
G1 X94.235 Y103.427 E10.53973
G1 X94.759 Y102.869 E10.56564
G1 X95.283 Y102.558 E10.58627
G1 X95.807 Y102.596 E10.60405
G1 X96.331 Y102.862 E10.62394
G1 X96.855 Y103.421 E10.64987
G1 X97.379 Y103.732 E10.6705
G1 X97.903 Y103.694 E10.68828
G1 X98.428 Y103.427 E10.70822
G1 X98.952 Y102.869 E10.73413
G1 X99.476 Y102.558 E10.75476
G1 X100 Y102.596 E10.77254
G1 X100.524 Y102.862 E10.79243
G1 X101.048 Y103.421 E10.81836
G1 X101.572 Y103.732 E10.83899
G1 X102.097 Y103.694 E10.85681
G1 X102.621 Y103.427 E10.87672
G1 X103.145 Y102.869 E10.90263
G1 X103.669 Y102.558 E10.92326
G1 X104.193 Y102.596 E10.94104
G1 X104.717 Y102.862 E10.96093
G1 X105.241 Y103.421 E10.98686
G1 X105.765 Y103.732 E11.00749
G1 X106.29 Y103.694 E11.02531
G1 X106.814 Y103.427 E11.04522
G1 X107.338 Y102.869 E11.07113
G1 X107.862 Y102.558 E11.09176
G1 X108.386 Y102.596 E11.10954
G1 X108.91 Y102.862 E11.12943
G1 X109.434 Y103.421 E11.15536
G1 X109.958 Y103.732 E11.17599
G1 X110.483 Y103.694 E11.19381
G1 X111.007 Y103.427 E11.21372
G1 X111.531 Y102.869 E11.23963
G1 X111.879 Y102.662 E11.25334
G1 X111.614 Y101.943 E11.27928
G1 X111.531 Y101.325 E11.30039
G1 X111.007 Y101.635 E11.321
G1 X110.483 Y101.597 E11.33878
G1 X109.958 Y101.331 E11.3587
G1 X109.434 Y100.772 E11.38463
G1 X108.91 Y100.461 E11.40526
G1 X108.386 Y100.499 E11.42304
G1 X107.862 Y100.766 E11.44295
G1 X107.338 Y101.325 E11.46888
G1 X106.814 Y101.635 E11.48949
G1 X106.29 Y101.597 E11.50727
G1 X105.765 Y101.331 E11.52719
G1 X105.241 Y100.772 E11.55312
G1 X104.717 Y100.461 E11.57375
G1 X104.193 Y100.499 E11.59153
G1 X103.669 Y100.766 E11.61144
G1 X103.145 Y101.325 E11.63737
G1 X102.621 Y101.635 E11.65798
G1 X102.097 Y101.597 E11.67576
G1 X101.572 Y101.331 E11.69568
G1 X101.048 Y100.772 E11.72161
G1 X100.524 Y100.461 E11.74224
G1 X100 Y100.499 E11.76002
G1 X99.476 Y100.766 E11.77993
G1 X98.952 Y101.325 E11.80586
G1 X98.428 Y101.635 E11.82647
G1 X97.903 Y101.597 E11.84429
G1 X97.379 Y101.331 E11.86418
G1 X96.855 Y100.772 E11.89011
G1 X96.331 Y100.461 E11.91074
G1 X95.807 Y100.499 E11.92852
G1 X95.283 Y100.766 E11.94843
G1 X94.759 Y101.325 E11.97436
G1 X94.235 Y101.635 E11.99497
G1 X93.71 Y101.597 E12.01279
G1 X93.186 Y101.331 E12.03268
G1 X92.662 Y100.772 E12.05861
G1 X92.138 Y100.461 E12.07924
G1 X91.614 Y100.499 E12.09702
G1 X91.09 Y100.766 E12.11693
G1 X90.566 Y101.325 E12.14286
G1 X90.042 Y101.635 E12.16347
G1 X89.517 Y101.597 E12.18129
G1 X88.993 Y101.331 E12.20118
G1 X88.469 Y100.772 E12.22711
G1 X87.945 Y100.461 E12.24774
G1 X87.421 Y100.499 E12.26552
G1 X86.897 Y100.766 E12.28543
G1 X86.373 Y101.325 E12.31136
G1 X85.848 Y101.635 E12.332
G1 X85.324 Y101.597 E12.34978
G1 X84.8 Y101.331 E12.36967
G1 X84.276 Y100.772 E12.3956
G1 X83.752 Y100.461 E12.41623
G1 X83.228 Y100.499 E12.43401
G1 X82.704 Y100.766 E12.45392
G1 X82.18 Y101.325 E12.47985
G1 X81.655 Y101.635 E12.50049
G1 X81.131 Y101.597 E12.51827
G1 X80.607 Y101.331 E12.53816
G1 X80.252 Y100.952 E12.55574
G1 X80.252 Y99.328 E12.61071
G1 X80.607 Y99.539 E12.62469
G1 X81.131 Y99.501 E12.64247
G1 X81.655 Y99.234 E12.66238
G1 X82.18 Y98.675 E12.68834
G1 X82.704 Y98.365 E12.70895
G1 X83.228 Y98.403 E12.72673
G1 X83.752 Y98.669 E12.74662
G1 X84.276 Y99.228 E12.77255
G1 X84.8 Y99.539 E12.79318
G1 X85.324 Y99.501 E12.81096
G1 X85.848 Y99.234 E12.83087
G1 X86.373 Y98.675 E12.85683
G1 X86.897 Y98.365 E12.87744
G1 X87.421 Y98.403 E12.89522
G1 X87.945 Y98.669 E12.91511
G1 X88.469 Y99.228 E12.94104
G1 X88.993 Y99.539 E12.96167
G1 X89.517 Y99.501 E12.97945
G1 X90.042 Y99.234 E12.99939
G1 X90.566 Y98.675 E13.02532
G1 X91.09 Y98.365 E13.04593
G1 X91.614 Y98.403 E13.06371
G1 X92.138 Y98.669 E13.0836
G1 X92.662 Y99.228 E13.10953
G1 X93.186 Y99.539 E13.13016
G1 X93.71 Y99.501 E13.14794
G1 X94.235 Y99.234 E13.16788
G1 X94.759 Y98.675 E13.19381
G1 X95.283 Y98.365 E13.21442
G1 X95.807 Y98.403 E13.2322
G1 X96.331 Y98.669 E13.25209
G1 X96.855 Y99.228 E13.27802
G1 X97.379 Y99.539 E13.29865
G1 X97.903 Y99.501 E13.31643
G1 X98.428 Y99.234 E13.33637
G1 X98.952 Y98.675 E13.3623
G1 X99.476 Y98.365 E13.38291
G1 X100 Y98.403 E13.40069
G1 X100.524 Y98.669 E13.42058
G1 X101.048 Y99.228 E13.44651
G1 X101.572 Y99.539 E13.46714
G1 X102.097 Y99.501 E13.48496
G1 X102.621 Y99.234 E13.50487
G1 X103.145 Y98.675 E13.5308
G1 X103.669 Y98.365 E13.55141
G1 X104.193 Y98.403 E13.56919
G1 X104.717 Y98.669 E13.58908
G1 X105.241 Y99.228 E13.61501
G1 X105.765 Y99.539 E13.63564
G1 X106.29 Y99.501 E13.65346
G1 X106.814 Y99.234 E13.67337
G1 X107.338 Y98.675 E13.6993
G1 X107.862 Y98.365 E13.71991
G1 X108.386 Y98.403 E13.73769
G1 X108.91 Y98.669 E13.75758
G1 X109.434 Y99.228 E13.78351
G1 X109.958 Y99.539 E13.80414
G1 X110.483 Y99.501 E13.82196
G1 X111.007 Y99.234 E13.84187
G1 X111.531 Y98.675 E13.8678
G1 X112.055 Y98.365 E13.88841
G1 X112.469 Y98.395 E13.90246
G1 X112.057 Y98.961 E13.92616
G1 X111.767 Y99.559 E13.94866
G1 X111.531 Y100.606 E13.98499
G1 E11.98499 F2400
G92 E0
G1 X119.418 Y101.81 F7200
G1 E2 F2400
G1 F3300
G1 X119.146 Y102.634 E2.02937
G1 X118.903 Y103.094 E2.04698
G1 X118.414 Y103.727 E2.07406
G1 X118.869 Y103.694 E2.0895
G1 X119.393 Y103.427 E2.10941
G1 X119.748 Y103.048 E2.12699
G1 X119.748 Y101.424 E2.18196
G1 X119.439 Y101.608 E2.19413
G1 X119.502 Y101 E2.21482
G1 X119.433 Y100.296 E2.23876
G1 X119.14 Y99.363 E2.27186
G1 X119.393 Y99.234 E2.28147
G1 X119.748 Y98.855 E2.29905
G1 X119.748 Y97.231 E2.35402
G1 X119.393 Y97.442 E2.368
G1 X118.869 Y97.404 E2.38578
G1 X118.345 Y97.138 E2.40567
G1 X117.82 Y96.579 E2.43163
G1 X117.296 Y96.268 E2.45226
G1 X116.772 Y96.306 E2.47004
G1 X116.248 Y96.573 E2.48995
G1 X115.826 Y97.023 E2.51083
G1 X115.293 Y97.006 E2.52888
G1 X114.625 Y97.095 E2.55169
G1 X114.293 Y97.21 E2.56358
G1 X114.152 Y97.138 E2.56894
G1 X113.627 Y96.579 E2.5949
G1 X113.103 Y96.268 E2.61553
G1 X112.579 Y96.306 E2.63331
G1 X112.055 Y96.573 E2.65322
G1 X111.531 Y97.131 E2.67913
G1 X111.007 Y97.442 E2.69976
G1 X110.483 Y97.404 E2.71754
G1 X109.958 Y97.138 E2.73746
G1 X109.434 Y96.579 E2.76339
G1 X108.91 Y96.268 E2.78402
G1 X108.386 Y96.306 E2.8018
G1 X107.862 Y96.573 E2.82171
G1 X107.338 Y97.131 E2.84762
G1 X106.814 Y97.442 E2.86825
G1 X106.29 Y97.404 E2.88603
G1 X105.765 Y97.138 E2.90595
G1 X105.241 Y96.579 E2.93188
G1 X104.717 Y96.268 E2.95251
G1 X104.193 Y96.306 E2.97029
G1 X103.669 Y96.573 E2.9902
G1 X103.145 Y97.131 E3.01611
G1 X102.621 Y97.442 E3.03674
G1 X102.097 Y97.404 E3.05452
G1 X101.572 Y97.138 E3.07444
G1 X101.048 Y96.579 E3.10037
G1 X100.524 Y96.268 E3.121
G1 X100 Y96.306 E3.13878
G1 X99.476 Y96.573 E3.15869
G1 X98.952 Y97.131 E3.1846
G1 X98.428 Y97.442 E3.20523
G1 X97.903 Y97.404 E3.22305
G1 X97.379 Y97.138 E3.24294
G1 X96.855 Y96.579 E3.26887
G1 X96.331 Y96.268 E3.2895
G1 X95.807 Y96.306 E3.30728
G1 X95.283 Y96.573 E3.32719
G1 X94.759 Y97.131 E3.3531
G1 X94.235 Y97.442 E3.37373
G1 X93.71 Y97.404 E3.39155
G1 X93.186 Y97.138 E3.41144
G1 X92.662 Y96.579 E3.43737
G1 X92.138 Y96.268 E3.458
G1 X91.614 Y96.306 E3.47578
G1 X91.09 Y96.573 E3.49569
G1 X90.566 Y97.131 E3.5216
G1 X90.042 Y97.442 E3.54223
G1 X89.517 Y97.404 E3.56005
G1 X88.993 Y97.138 E3.57994
G1 X88.469 Y96.579 E3.60587
G1 X87.945 Y96.268 E3.6265
G1 X87.421 Y96.306 E3.64428
G1 X86.897 Y96.573 E3.66419
G1 X86.373 Y97.131 E3.6901
G1 X85.848 Y97.442 E3.71075
G1 X85.324 Y97.404 E3.72853
G1 X84.8 Y97.138 E3.74842
G1 X84.276 Y96.579 E3.77435
G1 X83.752 Y96.268 E3.79498
G1 X83.228 Y96.306 E3.81276
G1 X82.704 Y96.573 E3.83267
G1 X82.18 Y97.131 E3.85858
G1 X81.655 Y97.442 E3.87923
G1 X81.131 Y97.404 E3.89701
G1 X80.607 Y97.138 E3.9169
G1 X80.252 Y96.759 E3.93448
G1 X80.252 Y95.135 E3.98945
G1 X80.607 Y95.346 E4.00343
G1 X81.131 Y95.308 E4.02121
G1 X81.655 Y95.041 E4.04112
G1 X82.18 Y94.482 E4.06708
G1 X82.704 Y94.172 E4.08769
G1 X83.228 Y94.21 E4.10547
G1 X83.752 Y94.476 E4.12536
G1 X84.276 Y95.035 E4.15129
G1 X84.8 Y95.346 E4.17192
G1 X85.324 Y95.308 E4.1897
G1 X85.848 Y95.041 E4.20961
G1 X86.373 Y94.482 E4.23557
G1 X86.897 Y94.172 E4.25618
G1 X87.421 Y94.21 E4.27396
G1 X87.945 Y94.476 E4.29385
G1 X88.469 Y95.035 E4.31978
G1 X88.993 Y95.346 E4.34041
G1 X89.517 Y95.308 E4.35819
G1 X90.042 Y95.041 E4.37813
G1 X90.566 Y94.482 E4.40406
G1 X91.09 Y94.172 E4.42467
G1 X91.614 Y94.21 E4.44245
G1 X92.138 Y94.476 E4.46234
G1 X92.662 Y95.035 E4.48827
G1 X93.186 Y95.346 E4.5089
G1 X93.71 Y95.308 E4.52668
G1 X94.235 Y95.041 E4.54662
G1 X94.759 Y94.482 E4.57255
G1 X95.283 Y94.172 E4.59316
G1 X95.807 Y94.21 E4.61094
G1 X96.331 Y94.476 E4.63083
G1 X96.855 Y95.035 E4.65676
G1 X97.379 Y95.346 E4.67739
G1 X97.903 Y95.308 E4.69517
G1 X98.428 Y95.041 E4.71511
G1 X98.952 Y94.482 E4.74104
G1 X99.476 Y94.172 E4.76165
G1 X100 Y94.21 E4.77943
G1 X100.524 Y94.476 E4.79932
G1 X101.048 Y95.035 E4.82525
G1 X101.572 Y95.346 E4.84588
G1 X102.097 Y95.308 E4.8637
G1 X102.621 Y95.041 E4.88361
G1 X103.145 Y94.482 E4.90954
G1 X103.669 Y94.172 E4.93015
G1 X104.193 Y94.21 E4.94793
G1 X104.717 Y94.476 E4.96782
G1 X105.241 Y95.035 E4.99375
G1 X105.765 Y95.346 E5.01438
G1 X106.29 Y95.308 E5.0322
G1 X106.814 Y95.041 E5.05211
G1 X107.338 Y94.482 E5.07804
G1 X107.862 Y94.172 E5.09865
G1 X108.386 Y94.21 E5.11643
G1 X108.91 Y94.476 E5.13632
G1 X109.434 Y95.035 E5.16225
G1 X109.958 Y95.346 E5.18288
G1 X110.483 Y95.308 E5.2007
G1 X111.007 Y95.041 E5.22061
G1 X111.531 Y94.482 E5.24654
G1 X112.055 Y94.172 E5.26715
G1 X112.579 Y94.21 E5.28493
G1 X113.103 Y94.476 E5.30482
G1 X113.627 Y95.035 E5.33075
G1 X114.152 Y95.346 E5.3514
G1 X114.676 Y95.308 E5.36918
G1 X115.2 Y95.041 E5.38909
G1 X115.724 Y94.482 E5.41502
G1 X116.248 Y94.172 E5.43563
G1 X116.772 Y94.21 E5.45341
G1 X117.296 Y94.476 E5.4733
G1 X117.82 Y95.035 E5.49923
G1 X118.345 Y95.346 E5.51988
G1 X118.869 Y95.308 E5.53766
G1 X119.393 Y95.041 E5.55757
G1 X119.748 Y94.662 E5.57515
G1 X119.748 Y93.038 E5.63012
G1 X119.393 Y93.249 E5.6441
G1 X118.869 Y93.211 E5.66188
G1 X118.345 Y92.945 E5.68177
G1 X117.711 Y92.321 E5.71188
G1 X118.353 Y91.797 E5.73993
G1 X118.9 Y91.099 E5.76995
G1 X119.393 Y90.848 E5.78868
G1 X119.748 Y90.469 E5.80626
G1 X119.748 Y86.752 E5.93208
G1 X119.203 Y86.752 E5.95053
G1 X118.888 Y86.912 E5.96249
G1 X119.098 Y87.247 E5.97587
G1 X119.349 Y87.927 E6.00041
G1 X119.433 Y88.296 E6.01322
G1 X119.478 Y89.235 E6.04504
G1 E4.04504 F2400
G92 E0
G1 X117.538 Y92.429 F7200
G1 E2 F2400
G1 F3300
G1 X116.633 Y92.834 E2.03356
G1 X115.635 Y92.991 E2.06776
G1 X115.2 Y93.249 E2.08488
G1 X114.676 Y93.211 E2.10266
G1 X114.152 Y92.945 E2.12255
G1 X113.873 Y92.648 E2.13634
G1 X113.376 Y92.387 E2.15534
G1 X112.977 Y92.084 E2.1723
G1 X112.579 Y92.113 E2.18581
G1 X112.055 Y92.38 E2.20572
G1 X111.531 Y92.938 E2.23163
G1 X111.007 Y93.249 E2.25226
G1 X110.483 Y93.211 E2.27004
G1 X109.958 Y92.945 E2.28996
G1 X109.434 Y92.386 E2.31589
G1 X108.91 Y92.075 E2.33652
G1 X108.386 Y92.113 E2.3543
G1 X107.862 Y92.38 E2.37421
G1 X107.338 Y92.938 E2.40012
G1 X106.814 Y93.249 E2.42075
G1 X106.29 Y93.211 E2.43853
G1 X105.765 Y92.945 E2.45845
G1 X105.241 Y92.386 E2.48438
G1 X104.717 Y92.075 E2.50501
G1 X104.193 Y92.113 E2.52279
G1 X103.669 Y92.38 E2.5427
G1 X103.145 Y92.938 E2.56861
G1 X102.621 Y93.249 E2.58924
G1 X102.097 Y93.211 E2.60702
G1 X101.572 Y92.945 E2.62694
G1 X101.048 Y92.386 E2.65287
G1 X100.524 Y92.075 E2.6735
G1 X100 Y92.113 E2.69128
G1 X99.476 Y92.38 E2.71119
G1 X98.952 Y92.938 E2.7371
G1 X98.428 Y93.249 E2.75773
G1 X97.903 Y93.211 E2.77555
G1 X97.379 Y92.945 E2.79544
G1 X96.855 Y92.386 E2.82137
G1 X96.331 Y92.075 E2.842
G1 X95.807 Y92.113 E2.85978
G1 X95.283 Y92.38 E2.87969
G1 X94.759 Y92.938 E2.9056
G1 X94.235 Y93.249 E2.92623
G1 X93.71 Y93.211 E2.94405
G1 X93.186 Y92.945 E2.96394
G1 X92.662 Y92.386 E2.98987
G1 X92.138 Y92.075 E3.0105
G1 X91.614 Y92.113 E3.02828
G1 X91.09 Y92.38 E3.04819
G1 X90.566 Y92.938 E3.0741
G1 X90.042 Y93.249 E3.09473
G1 X89.517 Y93.211 E3.11255
G1 X88.993 Y92.945 E3.13244
G1 X88.469 Y92.386 E3.15837
G1 X87.945 Y92.075 E3.179
G1 X87.421 Y92.113 E3.19678
G1 X86.897 Y92.38 E3.21669
G1 X86.373 Y92.938 E3.2426
G1 X85.848 Y93.249 E3.26325
G1 X85.324 Y93.211 E3.28103
G1 X84.8 Y92.945 E3.30092
G1 X84.276 Y92.386 E3.32685
G1 X83.752 Y92.075 E3.34748
G1 X83.228 Y92.113 E3.36526
G1 X82.704 Y92.38 E3.38517
G1 X82.18 Y92.938 E3.41108
G1 X81.655 Y93.249 E3.43173
G1 X81.131 Y93.211 E3.44951
G1 X80.607 Y92.945 E3.4694
G1 X80.252 Y92.565 E3.487
G1 X80.252 Y90.942 E3.54194
G1 X80.607 Y91.153 E3.55592
G1 X81.131 Y91.115 E3.5737
G1 X81.655 Y90.848 E3.59361
G1 X82.18 Y90.289 E3.61957
G1 X82.704 Y89.979 E3.64018
G1 X83.228 Y90.017 E3.65796
G1 X83.752 Y90.283 E3.67785
G1 X84.276 Y90.842 E3.70378
G1 X84.8 Y91.153 E3.72441
G1 X85.324 Y91.115 E3.74219
G1 X85.848 Y90.848 E3.7621
G1 X86.373 Y90.289 E3.78806
G1 X86.897 Y89.979 E3.80867
G1 X87.421 Y90.017 E3.82645
G1 X87.945 Y90.283 E3.84634
G1 X88.469 Y90.842 E3.87227
G1 X88.993 Y91.153 E3.8929
G1 X89.517 Y91.115 E3.91068
G1 X90.042 Y90.848 E3.93062
G1 X90.566 Y90.289 E3.95655
G1 X91.09 Y89.979 E3.97716
G1 X91.614 Y90.017 E3.99494
G1 X92.138 Y90.283 E4.01483
G1 X92.662 Y90.842 E4.04076
G1 X93.186 Y91.153 E4.06139
G1 X93.71 Y91.115 E4.07917
G1 X94.235 Y90.848 E4.09911
G1 X94.759 Y90.289 E4.12504
G1 X95.283 Y89.979 E4.14565
G1 X95.807 Y90.017 E4.16343
G1 X96.331 Y90.283 E4.18332
G1 X96.855 Y90.842 E4.20925
G1 X97.379 Y91.153 E4.22988
G1 X97.903 Y91.115 E4.24766
G1 X98.428 Y90.848 E4.2676
G1 X98.952 Y90.289 E4.29353
G1 X99.476 Y89.979 E4.31414
G1 X100 Y90.017 E4.33192
G1 X100.524 Y90.283 E4.35181
G1 X101.048 Y90.842 E4.37774
G1 X101.572 Y91.153 E4.39837
G1 X102.097 Y91.115 E4.41619
G1 X102.621 Y90.848 E4.4361
G1 X103.145 Y90.289 E4.46203
G1 X103.669 Y89.979 E4.48264
G1 X104.193 Y90.017 E4.50042
G1 X104.717 Y90.283 E4.52031
G1 X105.241 Y90.842 E4.54624
G1 X105.765 Y91.153 E4.56687
G1 X106.29 Y91.115 E4.58469
G1 X106.814 Y90.848 E4.6046
G1 X107.338 Y90.289 E4.63053
G1 X107.862 Y89.979 E4.65114
G1 X108.386 Y90.017 E4.66892
G1 X108.91 Y90.283 E4.68881
G1 X109.434 Y90.842 E4.71474
G1 X109.958 Y91.153 E4.73537
G1 X110.483 Y91.115 E4.75319
G1 X111.007 Y90.848 E4.7731
G1 X111.531 Y90.289 E4.79903
G1 X111.694 Y90.193 E4.80543
G1 X111.546 Y89.583 E4.82668
G1 X111.514 Y88.755 E4.85473
G1 X111.007 Y89.056 E4.87469
G1 X110.483 Y89.018 E4.89247
G1 X109.958 Y88.751 E4.91241
G1 X109.434 Y88.193 E4.93832
G1 X108.91 Y87.882 E4.95895
G1 X108.386 Y87.92 E4.97673
G1 X107.862 Y88.187 E4.99664
G1 X107.338 Y88.745 E5.02255
G1 X106.814 Y89.056 E5.04318
G1 X106.29 Y89.018 E5.06096
G1 X105.765 Y88.751 E5.0809
G1 X105.241 Y88.193 E5.10681
G1 X104.717 Y87.882 E5.12744
G1 X104.193 Y87.92 E5.14522
G1 X103.669 Y88.187 E5.16513
G1 X103.145 Y88.745 E5.19104
G1 X102.621 Y89.056 E5.21167
G1 X102.097 Y89.018 E5.22945
G1 X101.572 Y88.751 E5.24939
G1 X101.048 Y88.193 E5.2753
G1 X100.524 Y87.882 E5.29593
G1 X100 Y87.92 E5.31371
G1 X99.476 Y88.187 E5.33362
G1 X98.952 Y88.745 E5.35953
G1 X98.428 Y89.056 E5.38016
G1 X97.903 Y89.018 E5.39798
G1 X97.379 Y88.751 E5.41789
G1 X96.855 Y88.193 E5.4438
G1 X96.331 Y87.882 E5.46443
G1 X95.807 Y87.92 E5.48221
G1 X95.283 Y88.187 E5.50212
G1 X94.759 Y88.745 E5.52803
G1 X94.235 Y89.056 E5.54866
G1 X93.71 Y89.018 E5.56648
G1 X93.186 Y88.751 E5.58639
G1 X92.662 Y88.193 E5.6123
G1 X92.138 Y87.882 E5.63293
G1 X91.614 Y87.92 E5.65071
G1 X91.09 Y88.187 E5.67062
G1 X90.566 Y88.745 E5.69653
G1 X90.042 Y89.056 E5.71716
G1 X89.517 Y89.018 E5.73498
G1 X88.993 Y88.751 E5.75489
G1 X88.469 Y88.193 E5.7808
G1 X87.945 Y87.882 E5.80143
G1 X87.421 Y87.92 E5.81921
G1 X86.897 Y88.187 E5.83912
G1 X86.373 Y88.745 E5.86503
G1 X85.848 Y89.056 E5.88568
G1 X85.324 Y89.018 E5.90346
G1 X84.8 Y88.751 E5.92337
G1 X84.276 Y88.193 E5.94928
G1 X83.752 Y87.882 E5.96991
G1 X83.228 Y87.92 E5.98769
G1 X82.704 Y88.187 E6.0076
G1 X82.18 Y88.745 E6.03351
G1 X81.655 Y89.056 E6.05416
G1 X81.131 Y89.018 E6.07194
G1 X80.607 Y88.751 E6.09185
G1 X80.252 Y88.372 E6.10943
G1 X80.252 Y86.752 E6.16427
G1 X80.607 Y86.96 E6.1782
G1 X81.131 Y86.922 E6.19598
G1 X81.466 Y86.752 E6.2087
G1 X84.449 Y86.752 E6.30967
G1 X84.8 Y86.96 E6.32348
G1 X85.324 Y86.922 E6.34126
G1 X85.659 Y86.752 E6.35398
G1 X88.642 Y86.752 E6.45495
G1 X88.993 Y86.96 E6.46876
G1 X89.517 Y86.922 E6.48654
G1 X89.852 Y86.752 E6.49926
G1 X92.835 Y86.752 E6.60023
G1 X93.186 Y86.96 E6.61404
G1 X93.71 Y86.922 E6.63182
G1 X94.045 Y86.752 E6.64454
G1 X97.028 Y86.752 E6.74551
G1 X97.379 Y86.96 E6.75932
G1 X97.903 Y86.922 E6.7771
G1 X98.238 Y86.752 E6.78982
G1 X101.222 Y86.752 E6.89082
G1 X101.572 Y86.96 E6.9046
G1 X102.097 Y86.922 E6.92242
G1 X102.431 Y86.752 E6.93511
G1 X105.415 Y86.752 E7.03611
G1 X105.765 Y86.96 E7.04989
G1 X106.29 Y86.922 E7.06771
G1 X106.624 Y86.752 E7.0804
G1 X109.608 Y86.752 E7.1814
G1 X109.958 Y86.96 E7.19518
G1 X110.483 Y86.922 E7.213
G1 X110.817 Y86.752 E7.22569
G1 X112.204 Y86.752 E7.27264
G1 X111.976 Y87.109 E7.28698
G1 X111.724 Y87.688 E7.30835
;LAYER_CHANGE
;Z:3.6
;HEIGHT:0.2
G1 E5.30835 F2400
G92 E0
G1 Z3.6 F7200
G1 X116.842 Y97.582
G1 E2 F2400
;TYPE:Perimeter
;WIDTH:0.449999
G1 F1200
G1 X117.205 Y97.727 E2.01323
G1 X117.891 Y98.189 E2.04123
G1 X118.456 Y98.791 E2.06918
G1 X118.874 Y99.504 E2.09716
G1 X119.076 Y100.075 E2.11766
G1 X119.187 Y100.841 E2.14386
G1 X119.187 Y101.159 E2.15462
G1 X119.13 Y101.665 E2.17186
G1 X118.976 Y102.25 E2.19234
G1 X118.636 Y102.946 E2.21856
G1 X118.125 Y103.595 E2.24652
G1 X117.482 Y104.113 E2.27447
G1 X116.948 Y104.398 E2.29496
G1 X116.425 Y104.576 E2.31366
G1 X115.883 Y104.674 E2.3323
G1 X115.196 Y104.678 E2.35555
G1 X114.888 Y104.637 E2.36607
G1 X114.327 Y104.497 E2.38564
G1 X114.004 Y104.374 E2.39734
G1 X113.554 Y104.136 E2.41457
G1 X113.291 Y103.956 E2.42536
G1 X112.905 Y103.625 E2.44257
G1 X112.689 Y103.391 E2.45335
G1 X112.387 Y102.982 E2.47056
G1 X112.102 Y102.448 E2.49105
G1 X111.895 Y101.794 E2.51427
G1 X111.81 Y101.134 E2.53679
G1 X111.855 Y100.422 E2.56094
G1 X112.016 Y99.777 E2.58344
G1 X112.249 Y99.246 E2.60307
G1 X112.689 Y98.609 E2.62928
G1 X112.905 Y98.375 E2.64006
G1 X113.291 Y98.043 E2.65729
G1 X113.802 Y97.72 E2.67775
G1 X114.345 Y97.503 E2.69754
G1 X114.864 Y97.366 E2.71571
G1 X115.402 Y97.307 E2.73403
G1 X115.917 Y97.331 E2.75148
G1 X116.486 Y97.44 E2.77109
G1 X116.786 Y97.56 E2.78203
G1 X116.696 Y97.952 F7200
G1 F1200
G1 X117.043 Y98.1 E2.7948
G1 X117.649 Y98.516 E2.81968
G1 X118.148 Y99.056 E2.84457
G1 X118.514 Y99.694 E2.86947
G1 X118.687 Y100.195 E2.88741
G1 X118.783 Y100.886 E2.91102
G1 X118.726 Y101.619 E2.93591
G1 X118.587 Y102.13 E2.95384
G1 X118.276 Y102.756 E2.9775
G1 X117.816 Y103.329 E3.00237
G1 X117.24 Y103.786 E3.02726
G1 X116.771 Y104.031 E3.04517
G1 X116.157 Y104.221 E3.06693
G1 X115.645 Y104.282 E3.08438
G1 X115.095 Y104.263 E3.10301
G1 X114.425 Y104.102 E3.12633
G1 X113.744 Y103.776 E3.15189
G1 X113.171 Y103.316 E3.17676
G1 X112.714 Y102.74 E3.20165
G1 X112.468 Y102.271 E3.21958
G1 X112.287 Y101.683 E3.2404
G1 X112.215 Y101.096 E3.26042
G1 X112.26 Y100.462 E3.28193
G1 X112.407 Y99.889 E3.30195
G1 X112.616 Y99.423 E3.31924
G1 X113.016 Y98.851 E3.34287
G1 X113.556 Y98.352 E3.36776
G1 X114.005 Y98.072 E3.38567
G1 X114.479 Y97.888 E3.40288
G1 X114.915 Y97.77 E3.41817
G1 X115.486 Y97.715 E3.43759
G1 X115.997 Y97.749 E3.45492
G1 X116.489 Y97.863 E3.47201
G1 X116.641 Y97.928 E3.47761
G1 X116.548 Y98.33 F7200
G1 F1200
G1 X116.88 Y98.473 E3.48985
G1 X117.408 Y98.844 E3.51169
G1 X117.839 Y99.322 E3.53348
G1 X118.154 Y99.885 E3.55532
G1 X118.321 Y100.426 E3.57448
G1 X118.378 Y100.932 E3.59172
G1 X118.321 Y101.574 E3.61354
G1 X118.154 Y102.115 E3.6327
G1 X117.916 Y102.565 E3.64993
G1 X117.508 Y103.063 E3.67172
G1 X116.998 Y103.458 E3.69356
G1 X116.51 Y103.698 E3.71197
G1 X116.096 Y103.818 E3.72656
G1 X115.655 Y103.876 E3.74162
G1 X115.15 Y103.859 E3.75872
G1 X114.523 Y103.707 E3.78056
G1 X113.935 Y103.416 E3.80277
G1 X113.437 Y103.008 E3.82456
G1 X113.042 Y102.498 E3.8464
G1 X112.814 Y102.044 E3.8636
G1 X112.67 Y101.536 E3.88147
G1 X112.621 Y101.057 E3.89777
G1 X112.665 Y100.503 E3.91658
G1 X112.799 Y100.002 E3.93413
G1 X113.018 Y99.537 E3.95153
G1 X113.344 Y99.092 E3.9702
G1 X113.822 Y98.66 E3.99201
G1 X114.251 Y98.403 E4.00894
G1 X114.793 Y98.209 E4.02843
G1 X115.354 Y98.125 E4.04763
G1 X115.872 Y98.144 E4.06518
G1 X116.361 Y98.25 E4.08212
G1 X116.493 Y98.306 E4.08697
G1 X116.4 Y98.708 F7200
;TYPE:External perimeter
G1 F1200
G1 X116.717 Y98.846 E4.09867
G1 X117.166 Y99.171 E4.11743
G1 X117.531 Y99.587 E4.13616
G1 X117.794 Y100.075 E4.15492
G1 X117.917 Y100.472 E4.16899
G1 X117.974 Y100.977 E4.18619
G1 X117.917 Y101.528 E4.20494
G1 X117.794 Y101.925 E4.21901
G1 X117.557 Y102.375 E4.23623
G1 X117.199 Y102.798 E4.25499
G1 X116.757 Y103.131 E4.27372
G1 X116.39 Y103.309 E4.28753
G1 X116.036 Y103.416 E4.30005
G1 X115.665 Y103.469 E4.31274
G1 X115.183 Y103.452 E4.32907
G1 X114.621 Y103.312 E4.34867
G1 X114.125 Y103.057 E4.36755
G1 X113.702 Y102.699 E4.38631
G1 X113.369 Y102.257 E4.40504
G1 X113.189 Y101.885 E4.41903
G1 X113.064 Y101.427 E4.4351
G1 X113.026 Y101.019 E4.44897
G1 X113.073 Y100.52 E4.46594
G1 X113.202 Y100.082 E4.4814
G1 X113.369 Y99.743 E4.49419
G1 X113.671 Y99.334 E4.5114
G1 X114.088 Y98.969 E4.53016
G1 X114.447 Y98.762 E4.54419
G1 X114.928 Y98.593 E4.56145
G1 X115.425 Y98.528 E4.57842
G1 X115.884 Y98.555 E4.59398
G1 X116.251 Y98.643 E4.60675
G1 X116.345 Y98.684 E4.61022
G1 X116.707 Y98.853 F7200
G1 E2.61022 F2400
G92 E0
G1 X112.698 Y88.36 F7200
G1 E2 F2400
;TYPE:Perimeter
G1 F1200
G1 X112.835 Y87.905 E2.01608
G1 X113.042 Y87.502 E2.03142
G1 X113.344 Y87.092 E2.04866
G1 X113.822 Y86.66 E2.07047
G1 X114.291 Y86.385 E2.08887
;WIDTH:0.497952
G1 X114.507 Y86.282 E2.09792
;WIDTH:0.545905
G1 X114.723 Y86.18 E2.10791
G1 X115.326 Y86.106 E2.13332
;WIDTH:0.502679
G1 X115.874 Y86.118 E2.15427
G1 X116.181 Y86.207 E2.16649
;WIDTH:0.476339
G1 X116.488 Y86.296 E2.17801
;WIDTH:0.449999
G1 X117.065 Y86.583 E2.19982
G1 X117.493 Y86.92 E2.21826
G1 X117.793 Y87.258 E2.23356
G1 X118.063 Y87.689 E2.25078
G1 X118.291 Y88.293 E2.27263
G1 X118.378 Y88.932 E2.29446
G1 X118.321 Y89.574 E2.31628
G1 X118.165 Y90.095 E2.33469
G1 X117.958 Y90.498 E2.35003
G1 X117.656 Y90.908 E2.36727
G1 X117.178 Y91.34 E2.38908
G1 X116.688 Y91.623 E2.40823
G1 X116.208 Y91.791 E2.42544
G1 X115.693 Y91.864 E2.44305
G1 X115.315 Y91.865 E2.45584
G1 X114.815 Y91.798 E2.47292
G1 X114.385 Y91.655 E2.48826
G1 X113.935 Y91.417 E2.50549
G1 X113.437 Y91.008 E2.5273
G1 X113.042 Y90.498 E2.54914
G1 X112.815 Y90.049 E2.56617
G1 X112.659 Y89.466 E2.5866
G1 X112.622 Y88.932 E2.60472
G1 X112.679 Y88.426 E2.62196
G1 X112.681 Y88.418 E2.62224
G1 X113.09 Y88.45 F7200
;TYPE:External perimeter
G1 F1200
G1 X113.202 Y88.082 E2.63526
G1 X113.369 Y87.743 E2.64805
G1 X113.671 Y87.334 E2.66526
G1 X114.088 Y86.969 E2.68402
G1 X114.44 Y86.764 E2.69781
G1 X114.797 Y86.629 E2.71073
G1 X115.396 Y86.53 E2.73128
G1 X115.891 Y86.557 E2.74806
G1 X116.383 Y86.689 E2.7653
G1 X116.875 Y86.943 E2.78404
G1 X117.194 Y87.196 E2.79782
G1 X117.448 Y87.475 E2.81059
G1 X117.719 Y87.906 E2.82782
G1 X117.907 Y88.427 E2.84657
G1 X117.974 Y88.977 E2.86532
G1 X117.917 Y89.528 E2.88407
G1 X117.798 Y89.918 E2.89787
G1 X117.631 Y90.257 E2.91066
G1 X117.329 Y90.666 E2.92787
G1 X116.912 Y91.031 E2.94663
G1 X116.553 Y91.238 E2.96066
G1 X116.073 Y91.407 E2.97789
G1 X115.523 Y91.474 E2.99664
G1 X114.972 Y91.417 E3.01539
G1 X114.575 Y91.295 E3.02945
G1 X114.125 Y91.057 E3.04668
G1 X113.702 Y90.699 E3.06544
G1 X113.369 Y90.257 E3.08417
G1 X113.189 Y89.885 E3.09816
G1 X113.064 Y89.427 E3.11423
G1 X113.026 Y88.978 E3.12948
G1 X113.079 Y88.509 E3.14546
G1 X113.192 Y88.125 F7200
G1 E1.14546 F2400
G92 E0
G1 X120.054 Y113.554 F7200
G1 E2 F2400
;TYPE:Perimeter
G1 F2700
G1 X79.946 Y113.554 E3.35761
G1 X79.946 Y86.446 E4.27518
G1 X112.839 Y86.446 E5.38857
G1 X112.689 Y86.609 E5.39607
G1 X112.249 Y87.246 E5.42228
G1 X112.024 Y87.75 E5.44096
G1 X111.87 Y88.335 E5.46144
G1 X111.81 Y89.135 E5.4886
G1 X111.895 Y89.794 E5.51109
G1 X112.102 Y90.448 E5.53431
G1 X112.387 Y90.982 E5.5548
G1 X112.689 Y91.391 E5.57201
G1 X112.905 Y91.625 E5.58279
G1 X113.291 Y91.957 E5.60002
G1 X113.698 Y92.212 E5.61628
G1 X114.146 Y92.44 E5.6333
G1 X114.693 Y92.607 E5.65266
G1 X115.224 Y92.674 E5.67078
G1 X115.66 Y92.687 E5.68554
G1 X116.166 Y92.63 E5.70278
G1 X116.574 Y92.525 E5.71704
G1 X117.198 Y92.28 E5.73973
G1 X117.709 Y91.957 E5.76019
G1 X118.311 Y91.391 E5.78816
G1 X118.751 Y90.754 E5.81437
G1 X118.976 Y90.25 E5.83305
G1 X119.13 Y89.665 E5.85353
G1 X119.187 Y89.159 E5.87077
G1 X119.187 Y88.841 E5.88153
G1 X119.059 Y88.024 E5.90952
G1 X118.891 Y87.543 E5.92677
G1 X118.753 Y87.256 E5.93755
G1 X118.482 Y86.825 E5.95478
G1 X118.164 Y86.446 E5.97153
G1 X120.054 Y86.446 E6.0355
G1 X120.054 Y113.494 E6.95104
G1 X120.461 Y113.961 F7200
G1 F2700
G1 X79.539 Y113.961 E8.3362
G1 X79.539 Y86.039 E9.28133
G1 X114.074 Y86.039 E10.4503
G1 X113.557 Y86.352 E10.47076
G1 X113.016 Y86.851 E10.49567
G1 X112.714 Y87.26 E10.51288
G1 X112.413 Y87.87 E10.5359
G1 X112.274 Y88.381 E10.55383
G1 X112.215 Y89.096 E10.57811
G1 X112.287 Y89.683 E10.59813
G1 X112.468 Y90.271 E10.61895
G1 X112.714 Y90.74 E10.63688
G1 X113.171 Y91.316 E10.66177
G1 X113.556 Y91.648 E10.67898
G1 X113.888 Y91.852 E10.69217
G1 X114.371 Y92.087 E10.71035
G1 X114.881 Y92.226 E10.72824
G1 X115.615 Y92.283 E10.75316
G1 X116.12 Y92.226 E10.77036
G1 X116.44 Y92.141 E10.78157
G1 X116.995 Y91.928 E10.80169
G1 X117.443 Y91.648 E10.81957
G1 X117.984 Y91.149 E10.84448
G1 X118.286 Y90.74 E10.86169
G1 X118.587 Y90.13 E10.88471
G1 X118.726 Y89.619 E10.90264
G1 X118.783 Y88.886 E10.92753
G1 X118.675 Y88.158 E10.95244
G1 X118.408 Y87.472 E10.97736
G1 X118.137 Y87.042 E10.99456
G1 X117.791 Y86.643 E11.01244
G1 X117.414 Y86.328 E11.02907
G1 X116.906 Y86.039 E11.04885
G1 X120.461 Y86.039 E11.16918
G1 X120.461 Y113.901 E12.11227
G1 X120.868 Y114.368 F7200
G1 F2700
G1 X79.132 Y114.368 E13.52498
G1 X79.132 Y85.632 E14.49766
G1 X114.149 Y85.632 E15.68294
;WIDTH:0.497952
G1 X114.416 Y85.656 E15.69308
;WIDTH:0.545905
G1 X114.683 Y85.68 E15.70429
G1 X115.08 Y85.666 E15.7209
;WIDTH:0.518609
G1 X115.477 Y85.653 E15.73661
;WIDTH:0.517034
G1 X116.066 Y85.666 E15.75984
G1 X116.321 Y85.649 E15.76992
;WIDTH:0.483517
G1 X116.575 Y85.632 E15.77925
;WIDTH:0.449999
G1 X120.868 Y85.632 E15.92456
G1 X120.868 Y114.308 E16.89521
G1 X121.275 Y114.775 F7200
;TYPE:External perimeter
G1 F1800
G1 X78.725 Y114.775 E18.33547
G1 X78.725 Y85.225 E19.3357
G1 X121.275 Y85.225 E20.77596
G1 X121.275 Y114.715 E21.77416
G1 X120.879 Y114.774 F7200
G1 E19.77416 F2400
G92 E0
G1 X119.748 Y112.229 F7200
G1 E2 F2400
;TYPE:Internal infill
;WIDTH:0.45
G1 F3300
G1 X119.748 Y113.248 E2.03449
G1 X118.325 Y113.248 E2.08266
G1 X117.558 Y112.829 E2.11224
G1 X117.296 Y112.842 E2.12112
G1 X116.27 Y113.248 E2.15847
G1 X114.132 Y113.248 E2.23084
G1 X113.365 Y112.829 E2.26042
G1 X113.103 Y112.842 E2.2693
G1 X112.077 Y113.248 E2.30665
G1 X109.939 Y113.248 E2.37902
G1 X109.172 Y112.829 E2.4086
G1 X108.91 Y112.842 E2.41748
G1 X107.884 Y113.248 E2.45483
G1 X105.746 Y113.248 E2.5272
G1 X104.979 Y112.829 E2.55678
G1 X104.717 Y112.842 E2.56566
G1 X103.691 Y113.248 E2.60301
G1 X101.553 Y113.248 E2.67538
G1 X100.786 Y112.829 E2.70496
G1 X100.524 Y112.842 E2.71384
G1 X99.498 Y113.248 E2.75119
G1 X97.36 Y113.248 E2.82356
G1 X96.593 Y112.829 E2.85314
G1 X96.331 Y112.842 E2.86202
G1 X95.304 Y113.248 E2.8994
G1 X93.167 Y113.248 E2.97173
G1 X92.4 Y112.829 E3.00131
G1 X92.138 Y112.842 E3.01019
G1 X91.111 Y113.248 E3.04757
G1 X88.974 Y113.248 E3.1199
G1 X88.207 Y112.829 E3.14948
G1 X87.945 Y112.842 E3.15836
G1 X86.918 Y113.248 E3.19574
G1 X84.781 Y113.248 E3.26807
G1 X84.014 Y112.829 E3.29765
G1 X83.752 Y112.842 E3.30653
G1 X82.725 Y113.248 E3.34391
G1 X80.588 Y113.248 E3.41624
G1 X80.252 Y113.08 E3.42896
G1 X80.252 Y112.27 E3.45638
G1 X80.345 Y112.329 E3.46011
G1 X80.607 Y112.317 E3.46899
G1 X81.131 Y112.139 E3.48772
G1 X81.655 Y111.731 E3.5102
G1 X82.18 Y110.898 E3.54353
G1 X82.442 Y110.733 E3.55401
G1 X82.704 Y110.745 E3.56289
G1 X83.228 Y110.923 E3.58162
G1 X83.752 Y111.33 E3.60408
G1 X84.276 Y112.163 E3.63739
G1 X84.538 Y112.329 E3.64789
G1 X84.8 Y112.317 E3.65677
G1 X85.324 Y112.139 E3.6755
G1 X85.848 Y111.731 E3.69798
G1 X86.373 Y110.898 E3.73131
G1 X86.635 Y110.733 E3.74179
G1 X86.897 Y110.745 E3.75067
G1 X87.421 Y110.923 E3.7694
G1 X87.945 Y111.33 E3.79186
G1 X88.469 Y112.163 E3.82517
G1 X88.731 Y112.329 E3.83567
G1 X88.993 Y112.317 E3.84455
G1 X89.517 Y112.139 E3.86328
G1 X90.042 Y111.731 E3.88579
G1 X90.566 Y110.898 E3.9191
G1 X90.828 Y110.733 E3.92958
G1 X91.09 Y110.745 E3.93846
G1 X91.614 Y110.923 E3.95719
G1 X92.138 Y111.33 E3.97965
G1 X92.662 Y112.163 E4.01296
G1 X92.924 Y112.329 E4.02346
G1 X93.186 Y112.317 E4.03234
G1 X93.71 Y112.139 E4.05107
G1 X94.235 Y111.731 E4.07358
G1 X94.759 Y110.898 E4.10689
G1 X95.021 Y110.733 E4.11737
G1 X95.283 Y110.745 E4.12625
G1 X95.807 Y110.923 E4.14498
G1 X96.331 Y111.33 E4.16744
G1 X96.855 Y112.163 E4.20075
G1 X97.117 Y112.329 E4.21125
G1 X97.379 Y112.317 E4.22013
G1 X97.903 Y112.139 E4.23886
G1 X98.428 Y111.731 E4.26137
G1 X98.952 Y110.898 E4.29468
G1 X99.214 Y110.733 E4.30516
G1 X99.476 Y110.745 E4.31404
G1 X100 Y110.923 E4.33277
G1 X100.524 Y111.33 E4.35523
G1 X101.048 Y112.163 E4.38854
G1 X101.31 Y112.329 E4.39904
G1 X101.572 Y112.317 E4.40792
G1 X102.097 Y112.139 E4.42668
G1 X102.621 Y111.731 E4.44916
G1 X103.145 Y110.898 E4.48247
G1 X103.407 Y110.733 E4.49295
G1 X103.669 Y110.745 E4.50183
G1 X104.193 Y110.923 E4.52056
G1 X104.717 Y111.33 E4.54302
G1 X105.241 Y112.163 E4.57633
G1 X105.503 Y112.329 E4.58683
G1 X105.765 Y112.317 E4.59571
G1 X106.29 Y112.139 E4.61447
G1 X106.814 Y111.731 E4.63695
G1 X107.338 Y110.898 E4.67026
G1 X107.6 Y110.733 E4.68074
G1 X107.862 Y110.745 E4.68962
G1 X108.386 Y110.923 E4.70835
G1 X108.91 Y111.33 E4.73081
G1 X109.434 Y112.163 E4.76412
G1 X109.696 Y112.329 E4.77462
G1 X109.958 Y112.317 E4.7835
G1 X110.483 Y112.139 E4.80226
G1 X111.007 Y111.731 E4.82474
G1 X111.531 Y110.898 E4.85805
G1 X111.793 Y110.733 E4.86853
G1 X112.055 Y110.745 E4.87741
G1 X112.579 Y110.923 E4.89614
G1 X113.103 Y111.33 E4.9186
G1 X113.627 Y112.163 E4.95191
G1 X113.889 Y112.329 E4.96241
G1 X114.152 Y112.317 E4.97132
G1 X114.676 Y112.139 E4.99005
G1 X115.2 Y111.731 E5.01253
G1 X115.724 Y110.898 E5.04584
G1 X115.986 Y110.733 E5.05632
G1 X116.248 Y110.745 E5.0652
G1 X116.772 Y110.923 E5.08393
G1 X117.296 Y111.33 E5.10639
G1 X117.82 Y112.163 E5.1397
G1 X118.083 Y112.329 E5.15023
G1 X118.345 Y112.317 E5.15911
G1 X118.869 Y112.139 E5.17784
G1 X119.393 Y111.731 E5.20032
G1 X119.748 Y111.166 E5.22291
G1 X119.748 Y110.174 E5.25649
G1 X119.655 Y110.233 E5.26022
G1 X119.393 Y110.22 E5.2691
G1 X118.869 Y110.042 E5.28783
G1 X118.345 Y109.635 E5.31029
G1 X117.82 Y108.802 E5.34362
G1 X117.558 Y108.636 E5.35412
G1 X117.296 Y108.649 E5.363
G1 X116.772 Y108.827 E5.38173
G1 X116.248 Y109.234 E5.40419
G1 X115.724 Y110.067 E5.4375
G1 X115.462 Y110.233 E5.448
G1 X115.2 Y110.22 E5.45688
G1 X114.676 Y110.042 E5.47561
G1 X114.152 Y109.635 E5.49807
G1 X113.627 Y108.802 E5.5314
G1 X113.365 Y108.636 E5.5419
G1 X113.103 Y108.649 E5.55078
G1 X112.579 Y108.827 E5.56951
G1 X112.055 Y109.234 E5.59197
G1 X111.531 Y110.067 E5.62528
G1 X111.269 Y110.233 E5.63578
G1 X111.007 Y110.22 E5.64466
G1 X110.483 Y110.042 E5.66339
G1 X109.958 Y109.635 E5.68588
G1 X109.434 Y108.802 E5.71919
G1 X109.172 Y108.636 E5.72969
G1 X108.91 Y108.649 E5.73857
G1 X108.386 Y108.827 E5.7573
G1 X107.862 Y109.234 E5.77976
G1 X107.338 Y110.067 E5.81307
G1 X107.076 Y110.233 E5.82357
G1 X106.814 Y110.22 E5.83245
G1 X106.29 Y110.042 E5.85118
G1 X105.765 Y109.635 E5.87367
G1 X105.241 Y108.802 E5.90698
G1 X104.979 Y108.636 E5.91748
G1 X104.717 Y108.649 E5.92636
G1 X104.193 Y108.827 E5.94509
G1 X103.669 Y109.234 E5.96755
G1 X103.145 Y110.067 E6.00086
G1 X102.883 Y110.233 E6.01136
G1 X102.621 Y110.22 E6.02024
G1 X102.097 Y110.042 E6.03897
G1 X101.572 Y109.635 E6.06146
G1 X101.048 Y108.802 E6.09477
G1 X100.786 Y108.636 E6.10527
G1 X100.524 Y108.649 E6.11415
G1 X100 Y108.827 E6.13288
G1 X99.476 Y109.234 E6.15534
G1 X98.952 Y110.067 E6.18865
G1 X98.69 Y110.233 E6.19915
G1 X98.428 Y110.22 E6.20803
G1 X97.903 Y110.042 E6.22679
G1 X97.379 Y109.635 E6.24925
G1 X96.855 Y108.802 E6.28256
G1 X96.593 Y108.636 E6.29306
G1 X96.331 Y108.649 E6.30194
G1 X95.807 Y108.827 E6.32067
G1 X95.283 Y109.234 E6.34313
G1 X94.759 Y110.067 E6.37644
G1 X94.497 Y110.233 E6.38694
G1 X94.235 Y110.22 E6.39582
G1 X93.71 Y110.042 E6.41458
G1 X93.186 Y109.635 E6.43704
G1 X92.662 Y108.802 E6.47035
G1 X92.4 Y108.636 E6.48085
G1 X92.138 Y108.649 E6.48973
G1 X91.614 Y108.827 E6.50846
G1 X91.09 Y109.234 E6.53092
G1 X90.566 Y110.067 E6.56423
G1 X90.304 Y110.233 E6.57473
G1 X90.042 Y110.22 E6.58361
G1 X89.517 Y110.042 E6.60237
G1 X88.993 Y109.635 E6.62483
G1 X88.469 Y108.802 E6.65814
G1 X88.207 Y108.636 E6.66864
G1 X87.945 Y108.649 E6.67752
G1 X87.421 Y108.827 E6.69625
G1 X86.897 Y109.234 E6.71871
G1 X86.373 Y110.067 E6.75202
G1 X86.111 Y110.233 E6.76252
G1 X85.848 Y110.22 E6.77143
G1 X85.324 Y110.042 E6.79016
G1 X84.8 Y109.635 E6.81262
G1 X84.276 Y108.802 E6.84593
G1 X84.014 Y108.636 E6.85643
G1 X83.752 Y108.649 E6.86531
G1 X83.228 Y108.827 E6.88404
G1 X82.704 Y109.234 E6.9065
G1 X82.18 Y110.067 E6.93981
G1 X81.918 Y110.233 E6.95031
G1 X81.655 Y110.22 E6.95922
G1 X81.131 Y110.042 E6.97795
G1 X80.607 Y109.635 E7.00041
G1 X80.252 Y109.07 E7.023
G1 X80.252 Y108.077 E7.05661
G1 X80.345 Y108.136 E7.06034
G1 X80.607 Y108.124 E7.06922
G1 X81.131 Y107.946 E7.08795
G1 X81.655 Y107.538 E7.11043
G1 X82.18 Y106.705 E7.14376
G1 X82.442 Y106.539 E7.15426
G1 X82.704 Y106.552 E7.16314
G1 X83.228 Y106.73 E7.18187
G1 X83.752 Y107.137 E7.20433
G1 X84.276 Y107.97 E7.23764
G1 X84.538 Y108.136 E7.24814
G1 X84.8 Y108.124 E7.25702
G1 X85.324 Y107.946 E7.27575
G1 X85.848 Y107.538 E7.29823
G1 X86.373 Y106.705 E7.33156
G1 X86.635 Y106.539 E7.34206
G1 X86.897 Y106.552 E7.35094
G1 X87.421 Y106.73 E7.36967
G1 X87.945 Y107.137 E7.39213
G1 X88.469 Y107.97 E7.42544
G1 X88.731 Y108.136 E7.43594
G1 X88.993 Y108.124 E7.44482
G1 X89.517 Y107.946 E7.46355
G1 X90.042 Y107.538 E7.48606
G1 X90.566 Y106.705 E7.51937
G1 X90.828 Y106.539 E7.52987
G1 X91.09 Y106.552 E7.53875
G1 X91.614 Y106.73 E7.55748
G1 X92.138 Y107.137 E7.57994
G1 X92.662 Y107.97 E7.61325
G1 X92.924 Y108.136 E7.62375
G1 X93.186 Y108.124 E7.63263
G1 X93.71 Y107.946 E7.65136
G1 X94.235 Y107.538 E7.67387
G1 X94.759 Y106.705 E7.70718
G1 X95.021 Y106.539 E7.71768
G1 X95.283 Y106.552 E7.72656
G1 X95.807 Y106.73 E7.74529
G1 X96.331 Y107.137 E7.76775
G1 X96.855 Y107.97 E7.80106
G1 X97.117 Y108.136 E7.81156
G1 X97.379 Y108.124 E7.82044
G1 X97.903 Y107.946 E7.83917
G1 X98.428 Y107.538 E7.86168
G1 X98.952 Y106.705 E7.89499
G1 X99.214 Y106.539 E7.90549
G1 X99.476 Y106.552 E7.91437
G1 X100 Y106.73 E7.9331
G1 X100.524 Y107.137 E7.95556
G1 X101.048 Y107.97 E7.98887
G1 X101.31 Y108.136 E7.99937
G1 X101.572 Y108.124 E8.00825
G1 X102.097 Y107.946 E8.02701
G1 X102.621 Y107.538 E8.04949
G1 X103.145 Y106.705 E8.0828
G1 X103.407 Y106.539 E8.0933
G1 X103.669 Y106.552 E8.10218
G1 X104.193 Y106.73 E8.12091
G1 X104.717 Y107.137 E8.14337
G1 X105.241 Y107.97 E8.17668
G1 X105.503 Y108.136 E8.18718
G1 X105.765 Y108.124 E8.19606
G1 X106.29 Y107.946 E8.21482
G1 X106.814 Y107.538 E8.2373
G1 X107.338 Y106.705 E8.27061
G1 X107.6 Y106.539 E8.28111
G1 X107.862 Y106.552 E8.28999
G1 X108.386 Y106.73 E8.30872
G1 X108.91 Y107.137 E8.33118
G1 X109.434 Y107.97 E8.36449
G1 X109.696 Y108.136 E8.37499
G1 X109.958 Y108.124 E8.38387
G1 X110.483 Y107.946 E8.40263
G1 X111.007 Y107.538 E8.42511
G1 X111.531 Y106.705 E8.45842
G1 X111.793 Y106.539 E8.46892
G1 X112.055 Y106.552 E8.4778
G1 X112.579 Y106.73 E8.49653
G1 X113.103 Y107.137 E8.51899
G1 X113.627 Y107.97 E8.5523
G1 X113.889 Y108.136 E8.5628
G1 X114.152 Y108.124 E8.57171
G1 X114.676 Y107.946 E8.59044
G1 X115.2 Y107.538 E8.61292
G1 X115.724 Y106.705 E8.64623
G1 X115.986 Y106.539 E8.65673
G1 X116.248 Y106.552 E8.66561
G1 X116.772 Y106.73 E8.68434
G1 X117.296 Y107.137 E8.7068
G1 X117.82 Y107.97 E8.74011
G1 X118.083 Y108.136 E8.75064
G1 X118.345 Y108.124 E8.75952
G1 X118.869 Y107.946 E8.77825
G1 X119.393 Y107.538 E8.80073
G1 X119.748 Y106.973 E8.82332
G1 X119.748 Y105.981 E8.8569
G1 X119.655 Y106.04 E8.86063
G1 X119.393 Y106.027 E8.86951
G1 X118.869 Y105.849 E8.88824
G1 X118.345 Y105.442 E8.9107
G1 X117.82 Y104.609 E8.94403
G1 X117.522 Y104.445 E8.95554
G1 X118.202 Y103.937 E8.98427
G1 X118.869 Y103.753 E9.00769
G1 X119.393 Y103.345 E9.03017
G1 X119.748 Y102.78 E9.05276
G1 X119.748 Y101.787 E9.08637
G1 X119.655 Y101.847 E9.09012
G1 X119.411 Y101.835 E9.09839
G1 X119.502 Y101 E9.12682
G1 X119.433 Y100.297 E9.15073
G1 X119.138 Y99.35 E9.1843
G1 X119.393 Y99.152 E9.19523
G1 X119.748 Y98.587 E9.21782
G1 X119.748 Y97.594 E9.25143
G1 X119.655 Y97.654 E9.25518
G1 X119.393 Y97.641 E9.26406
G1 X118.869 Y97.463 E9.28279
G1 X118.345 Y97.056 E9.30525
G1 X117.82 Y96.223 E9.33858
G1 X117.558 Y96.057 E9.34908
G1 X117.296 Y96.07 E9.35796
G1 X116.772 Y96.247 E9.37668
G1 X116.248 Y96.655 E9.39916
G1 X116.007 Y97.037 E9.41445
G1 X115.296 Y97.006 E9.43854
G1 X114.626 Y97.094 E9.46141
G1 X114.333 Y97.196 E9.47191
G1 X114.152 Y97.056 E9.47966
G1 X113.627 Y96.223 E9.51299
G1 X113.365 Y96.057 E9.52349
G1 X113.103 Y96.07 E9.53237
G1 X112.579 Y96.247 E9.55109
G1 X112.055 Y96.655 E9.57357
G1 X111.531 Y97.488 E9.60688
G1 X111.269 Y97.654 E9.61738
G1 X111.007 Y97.641 E9.62626
G1 X110.483 Y97.463 E9.64499
G1 X109.958 Y97.056 E9.66748
G1 X109.434 Y96.223 E9.70079
G1 X109.172 Y96.057 E9.71129
G1 X108.91 Y96.07 E9.72017
G1 X108.386 Y96.247 E9.73889
G1 X107.862 Y96.655 E9.76137
G1 X107.338 Y97.488 E9.79468
G1 X107.076 Y97.654 E9.80518
G1 X106.814 Y97.641 E9.81406
G1 X106.29 Y97.463 E9.83279
G1 X105.765 Y97.056 E9.85528
G1 X105.241 Y96.223 E9.88859
G1 X104.979 Y96.057 E9.89909
G1 X104.717 Y96.07 E9.90797
G1 X104.193 Y96.247 E9.92669
G1 X103.669 Y96.655 E9.94917
G1 X103.145 Y97.488 E9.98248
G1 X102.883 Y97.654 E9.99298
G1 X102.621 Y97.641 E10.00186
G1 X102.097 Y97.463 E10.02059
G1 X101.572 Y97.056 E10.04308
G1 X101.048 Y96.223 E10.07639
G1 X100.786 Y96.057 E10.08689
G1 X100.524 Y96.07 E10.09577
G1 X100 Y96.247 E10.11449
G1 X99.476 Y96.655 E10.13697
G1 X98.952 Y97.488 E10.17028
G1 X98.69 Y97.654 E10.18078
G1 X98.428 Y97.641 E10.18966
G1 X97.903 Y97.463 E10.20842
G1 X97.379 Y97.056 E10.23088
G1 X96.855 Y96.223 E10.26419
G1 X96.593 Y96.057 E10.27469
G1 X96.331 Y96.07 E10.28357
G1 X95.807 Y96.247 E10.30229
G1 X95.283 Y96.655 E10.32477
G1 X94.759 Y97.488 E10.35808
G1 X94.497 Y97.654 E10.36858
G1 X94.235 Y97.641 E10.37746
G1 X93.71 Y97.463 E10.39622
G1 X93.186 Y97.056 E10.41868
G1 X92.662 Y96.223 E10.45199
G1 X92.4 Y96.057 E10.46249
G1 X92.138 Y96.07 E10.47137
G1 X91.614 Y96.247 E10.49009
G1 X91.09 Y96.655 E10.51257
G1 X90.566 Y97.488 E10.54588
G1 X90.304 Y97.654 E10.55638
G1 X90.042 Y97.641 E10.56526
G1 X89.517 Y97.463 E10.58402
G1 X88.993 Y97.056 E10.60648
G1 X88.469 Y96.223 E10.63979
G1 X88.207 Y96.057 E10.65029
G1 X87.945 Y96.07 E10.65917
G1 X87.421 Y96.247 E10.67789
G1 X86.897 Y96.655 E10.70037
G1 X86.373 Y97.488 E10.73368
G1 X86.111 Y97.654 E10.74418
G1 X85.848 Y97.641 E10.75309
G1 X85.324 Y97.463 E10.77182
G1 X84.8 Y97.056 E10.79428
G1 X84.276 Y96.223 E10.82759
G1 X84.014 Y96.057 E10.83809
G1 X83.752 Y96.07 E10.84697
G1 X83.228 Y96.247 E10.86569
G1 X82.704 Y96.655 E10.88817
G1 X82.18 Y97.488 E10.92148
G1 X81.918 Y97.654 E10.93198
G1 X81.655 Y97.641 E10.94089
G1 X81.131 Y97.463 E10.95962
G1 X80.607 Y97.056 E10.98208
G1 X80.252 Y96.49 E11.00469
G1 X80.252 Y95.498 E11.03827
G1 X80.345 Y95.557 E11.042
G1 X80.607 Y95.544 E11.05088
G1 X81.131 Y95.366 E11.06961
G1 X81.655 Y94.959 E11.09207
G1 X82.18 Y94.126 E11.1254
G1 X82.442 Y93.96 E11.1359
G1 X82.704 Y93.973 E11.14478
G1 X83.228 Y94.151 E11.16351
G1 X83.752 Y94.558 E11.18597
G1 X84.276 Y95.391 E11.21928
G1 X84.538 Y95.557 E11.22978
G1 X84.8 Y95.544 E11.23866
G1 X85.324 Y95.366 E11.25739
G1 X85.848 Y94.959 E11.27985
G1 X86.373 Y94.126 E11.31318
G1 X86.635 Y93.96 E11.32368
G1 X86.897 Y93.973 E11.33256
G1 X87.421 Y94.151 E11.35129
G1 X87.945 Y94.558 E11.37375
G1 X88.469 Y95.391 E11.40706
G1 X88.731 Y95.557 E11.41756
G1 X88.993 Y95.544 E11.42644
G1 X89.517 Y95.366 E11.44517
G1 X90.042 Y94.959 E11.46766
G1 X90.566 Y94.126 E11.50097
G1 X90.828 Y93.96 E11.51147
G1 X91.09 Y93.973 E11.52035
G1 X91.614 Y94.151 E11.53908
G1 X92.138 Y94.558 E11.56154
G1 X92.662 Y95.391 E11.59485
G1 X92.924 Y95.557 E11.60535
G1 X93.186 Y95.544 E11.61423
G1 X93.71 Y95.366 E11.63296
G1 X94.235 Y94.959 E11.65545
G1 X94.759 Y94.126 E11.68876
G1 X95.021 Y93.96 E11.69926
G1 X95.283 Y93.973 E11.70814
G1 X95.807 Y94.151 E11.72687
G1 X96.331 Y94.558 E11.74933
G1 X96.855 Y95.391 E11.78264
G1 X97.117 Y95.557 E11.79314
G1 X97.379 Y95.544 E11.80202
G1 X97.903 Y95.366 E11.82075
G1 X98.428 Y94.959 E11.84324
G1 X98.952 Y94.126 E11.87655
G1 X99.214 Y93.96 E11.88705
G1 X99.476 Y93.973 E11.89593
G1 X100 Y94.151 E11.91466
G1 X100.524 Y94.558 E11.93712
G1 X101.048 Y95.391 E11.97043
G1 X101.31 Y95.557 E11.98093
G1 X101.572 Y95.544 E11.98981
G1 X102.097 Y95.366 E12.00857
G1 X102.621 Y94.959 E12.03103
G1 X103.145 Y94.126 E12.06434
G1 X103.407 Y93.96 E12.07484
G1 X103.669 Y93.973 E12.08372
G1 X104.193 Y94.151 E12.10245
G1 X104.717 Y94.558 E12.12491
G1 X105.241 Y95.391 E12.15822
G1 X105.503 Y95.557 E12.16872
G1 X105.765 Y95.544 E12.1776
G1 X106.29 Y95.366 E12.19636
G1 X106.814 Y94.959 E12.21882
G1 X107.338 Y94.126 E12.25213
G1 X107.6 Y93.96 E12.26263
G1 X107.862 Y93.973 E12.27151
G1 X108.386 Y94.151 E12.29024
G1 X108.91 Y94.558 E12.3127
G1 X109.434 Y95.391 E12.34601
G1 X109.696 Y95.557 E12.35651
G1 X109.958 Y95.544 E12.36539
G1 X110.483 Y95.366 E12.38415
G1 X111.007 Y94.959 E12.40661
G1 X111.531 Y94.126 E12.43992
G1 X111.793 Y93.96 E12.45042
G1 X112.055 Y93.973 E12.4593
G1 X112.579 Y94.151 E12.47803
G1 X113.103 Y94.558 E12.50049
G1 X113.627 Y95.391 E12.5338
G1 X113.889 Y95.557 E12.5443
G1 X114.152 Y95.544 E12.55321
G1 X114.676 Y95.366 E12.57194
G1 X115.2 Y94.959 E12.5944
G1 X115.724 Y94.126 E12.62771
G1 X115.986 Y93.96 E12.63821
G1 X116.248 Y93.973 E12.64709
G1 X116.772 Y94.151 E12.66582
G1 X117.296 Y94.558 E12.68828
G1 X117.82 Y95.391 E12.72159
G1 X118.083 Y95.557 E12.73212
G1 X118.345 Y95.544 E12.741
G1 X118.869 Y95.366 E12.75973
G1 X119.393 Y94.959 E12.78219
G1 X119.748 Y94.394 E12.80478
G1 X119.748 Y93.401 E12.83839
G1 X119.655 Y93.461 E12.84214
G1 X119.393 Y93.448 E12.85102
G1 X118.869 Y93.27 E12.86975
G1 X118.345 Y92.863 E12.89221
G1 X117.916 Y92.181 E12.91948
G1 X118.298 Y91.853 E12.93652
G1 X118.846 Y91.181 E12.96587
G1 X119.393 Y90.766 E12.98911
G1 X119.748 Y90.201 E13.0117
G1 X119.748 Y87.758 E13.09439
G1 E11.09439 F2400
G92 E0
G1 X117.751 Y92.3 F7200
G1 E2 F2400
G1 F3300
G1 X117.062 Y92.678 E2.0266
G1 X116.462 Y92.884 E2.04807
G1 X115.934 Y92.962 E2.06614
G1 X115.724 Y93.295 E2.07947
G1 X115.462 Y93.461 E2.08997
G1 X115.2 Y93.448 E2.09885
G1 X114.676 Y93.27 E2.11758
G1 X114.152 Y92.863 E2.14004
G1 X114.066 Y92.727 E2.14549
G1 X113.353 Y92.374 E2.17242
G1 X112.842 Y91.965 E2.19457
G1 X112.579 Y92.054 E2.20397
G1 X112.055 Y92.462 E2.22645
G1 X111.531 Y93.295 E2.25976
G1 X111.269 Y93.461 E2.27026
G1 X111.007 Y93.448 E2.27914
G1 X110.483 Y93.27 E2.29787
G1 X109.958 Y92.863 E2.32036
G1 X109.434 Y92.03 E2.35367
G1 X109.172 Y91.864 E2.36417
G1 X108.91 Y91.877 E2.37305
G1 X108.386 Y92.054 E2.39177
G1 X107.862 Y92.462 E2.41425
G1 X107.338 Y93.295 E2.44756
G1 X107.076 Y93.461 E2.45806
G1 X106.814 Y93.448 E2.46694
G1 X106.29 Y93.27 E2.48567
G1 X105.765 Y92.863 E2.50816
G1 X105.241 Y92.03 E2.54147
G1 X104.979 Y91.864 E2.55197
G1 X104.717 Y91.877 E2.56085
G1 X104.193 Y92.054 E2.57957
G1 X103.669 Y92.462 E2.60205
G1 X103.145 Y93.295 E2.63536
G1 X102.883 Y93.461 E2.64586
G1 X102.621 Y93.448 E2.65474
G1 X102.097 Y93.27 E2.67347
G1 X101.572 Y92.863 E2.69596
G1 X101.048 Y92.03 E2.72927
G1 X100.786 Y91.864 E2.73977
G1 X100.524 Y91.877 E2.74865
G1 X100 Y92.054 E2.76737
G1 X99.476 Y92.462 E2.78985
G1 X98.952 Y93.295 E2.82316
G1 X98.69 Y93.461 E2.83366
G1 X98.428 Y93.448 E2.84254
G1 X97.903 Y93.27 E2.8613
G1 X97.379 Y92.863 E2.88376
G1 X96.855 Y92.03 E2.91707
G1 X96.593 Y91.864 E2.92757
G1 X96.331 Y91.877 E2.93645
G1 X95.807 Y92.054 E2.95517
G1 X95.283 Y92.462 E2.97765
G1 X94.759 Y93.295 E3.01096
G1 X94.497 Y93.461 E3.02146
G1 X94.235 Y93.448 E3.03034
G1 X93.71 Y93.27 E3.0491
G1 X93.186 Y92.863 E3.07156
G1 X92.662 Y92.03 E3.10487
G1 X92.4 Y91.864 E3.11537
G1 X92.138 Y91.877 E3.12425
G1 X91.614 Y92.054 E3.14297
G1 X91.09 Y92.462 E3.16545
G1 X90.566 Y93.295 E3.19876
G1 X90.304 Y93.461 E3.20926
G1 X90.042 Y93.448 E3.21814
G1 X89.517 Y93.27 E3.2369
G1 X88.993 Y92.863 E3.25936
G1 X88.469 Y92.03 E3.29267
G1 X88.207 Y91.864 E3.30317
G1 X87.945 Y91.877 E3.31205
G1 X87.421 Y92.054 E3.33077
G1 X86.897 Y92.462 E3.35325
G1 X86.373 Y93.295 E3.38656
G1 X86.111 Y93.461 E3.39706
G1 X85.848 Y93.448 E3.40597
G1 X85.324 Y93.27 E3.4247
G1 X84.8 Y92.863 E3.44716
G1 X84.276 Y92.03 E3.48047
G1 X84.014 Y91.864 E3.49097
G1 X83.752 Y91.877 E3.49985
G1 X83.228 Y92.054 E3.51857
G1 X82.704 Y92.462 E3.54105
G1 X82.18 Y93.295 E3.57436
G1 X81.918 Y93.461 E3.58486
G1 X81.655 Y93.448 E3.59377
G1 X81.131 Y93.27 E3.6125
G1 X80.607 Y92.863 E3.63496
G1 X80.252 Y92.297 E3.65757
G1 X80.252 Y91.305 E3.69115
G1 X80.345 Y91.364 E3.69488
G1 X80.607 Y91.351 E3.70376
G1 X81.131 Y91.173 E3.72249
G1 X81.655 Y90.766 E3.74495
G1 X82.18 Y89.933 E3.77828
G1 X82.442 Y89.767 E3.78878
G1 X82.704 Y89.78 E3.79766
G1 X83.228 Y89.958 E3.81639
G1 X83.752 Y90.365 E3.83885
G1 X84.276 Y91.198 E3.87216
G1 X84.538 Y91.364 E3.88266
G1 X84.8 Y91.351 E3.89154
G1 X85.324 Y91.173 E3.91027
G1 X85.848 Y90.766 E3.93273
G1 X86.373 Y89.933 E3.96606
G1 X86.635 Y89.767 E3.97656
G1 X86.897 Y89.78 E3.98544
G1 X87.421 Y89.958 E4.00417
G1 X87.945 Y90.365 E4.02663
G1 X88.469 Y91.198 E4.05994
G1 X88.731 Y91.364 E4.07044
G1 X88.993 Y91.351 E4.07932
G1 X89.517 Y91.173 E4.09805
G1 X90.042 Y90.766 E4.12054
G1 X90.566 Y89.933 E4.15385
G1 X90.828 Y89.767 E4.16435
G1 X91.09 Y89.78 E4.17323
G1 X91.614 Y89.958 E4.19196
G1 X92.138 Y90.365 E4.21442
G1 X92.662 Y91.198 E4.24773
G1 X92.924 Y91.364 E4.25823
G1 X93.186 Y91.351 E4.26711
G1 X93.71 Y91.173 E4.28584
G1 X94.235 Y90.766 E4.30833
G1 X94.759 Y89.933 E4.34164
G1 X95.021 Y89.767 E4.35214
G1 X95.283 Y89.78 E4.36102
G1 X95.807 Y89.958 E4.37975
G1 X96.331 Y90.365 E4.40221
G1 X96.855 Y91.198 E4.43552
G1 X97.117 Y91.364 E4.44602
G1 X97.379 Y91.351 E4.4549
G1 X97.903 Y91.173 E4.47363
G1 X98.428 Y90.766 E4.49612
G1 X98.952 Y89.933 E4.52943
G1 X99.214 Y89.767 E4.53993
G1 X99.476 Y89.78 E4.54881
G1 X100 Y89.958 E4.56754
G1 X100.524 Y90.365 E4.59
G1 X101.048 Y91.198 E4.62331
G1 X101.31 Y91.364 E4.63381
G1 X101.572 Y91.351 E4.64269
G1 X102.097 Y91.173 E4.66145
G1 X102.621 Y90.766 E4.68391
G1 X103.145 Y89.933 E4.71722
G1 X103.407 Y89.767 E4.72772
G1 X103.669 Y89.78 E4.7366
G1 X104.193 Y89.958 E4.75533
G1 X104.717 Y90.365 E4.77779
G1 X105.241 Y91.198 E4.8111
G1 X105.503 Y91.364 E4.8216
G1 X105.765 Y91.351 E4.83048
G1 X106.29 Y91.173 E4.84924
G1 X106.814 Y90.766 E4.8717
G1 X107.338 Y89.933 E4.90501
G1 X107.6 Y89.767 E4.91551
G1 X107.862 Y89.78 E4.92439
G1 X108.386 Y89.958 E4.94312
G1 X108.91 Y90.365 E4.96558
G1 X109.434 Y91.198 E4.99889
G1 X109.696 Y91.364 E5.00939
G1 X109.958 Y91.351 E5.01827
G1 X110.483 Y91.173 E5.03703
G1 X111.007 Y90.766 E5.05949
G1 X111.604 Y89.887 E5.09546
G1 X111.506 Y89.118 E5.1217
G1 X111.269 Y89.268 E5.13119
G1 X111.007 Y89.255 E5.14007
G1 X110.483 Y89.077 E5.1588
G1 X109.958 Y88.67 E5.18129
G1 X109.434 Y87.837 E5.2146
G1 X109.172 Y87.671 E5.2251
G1 X108.91 Y87.683 E5.23398
G1 X108.386 Y87.861 E5.25271
G1 X107.862 Y88.269 E5.27519
G1 X107.338 Y89.102 E5.3085
G1 X107.076 Y89.268 E5.319
G1 X106.814 Y89.255 E5.32788
G1 X106.29 Y89.077 E5.34661
G1 X105.765 Y88.67 E5.3691
G1 X105.241 Y87.837 E5.40241
G1 X104.979 Y87.671 E5.41291
G1 X104.717 Y87.683 E5.42179
G1 X104.193 Y87.861 E5.44052
G1 X103.669 Y88.269 E5.463
G1 X103.145 Y89.102 E5.49631
G1 X102.883 Y89.268 E5.50681
G1 X102.621 Y89.255 E5.51569
G1 X102.097 Y89.077 E5.53442
G1 X101.572 Y88.67 E5.55691
G1 X101.048 Y87.837 E5.59022
G1 X100.786 Y87.671 E5.60072
G1 X100.524 Y87.683 E5.6096
G1 X100 Y87.861 E5.62833
G1 X99.476 Y88.269 E5.65081
G1 X98.952 Y89.102 E5.68412
G1 X98.69 Y89.268 E5.69462
G1 X98.428 Y89.255 E5.7035
G1 X97.903 Y89.077 E5.72226
G1 X97.379 Y88.67 E5.74472
G1 X96.855 Y87.837 E5.77803
G1 X96.593 Y87.671 E5.78853
G1 X96.331 Y87.683 E5.79741
G1 X95.807 Y87.861 E5.81614
G1 X95.283 Y88.269 E5.83862
G1 X94.759 Y89.102 E5.87193
G1 X94.497 Y89.268 E5.88243
G1 X94.235 Y89.255 E5.89131
G1 X93.71 Y89.077 E5.91007
G1 X93.186 Y88.67 E5.93253
G1 X92.662 Y87.837 E5.96584
G1 X92.4 Y87.671 E5.97634
G1 X92.138 Y87.683 E5.98522
G1 X91.614 Y87.861 E6.00395
G1 X91.09 Y88.269 E6.02643
G1 X90.566 Y89.102 E6.05974
G1 X90.304 Y89.268 E6.07024
G1 X90.042 Y89.255 E6.07912
G1 X89.517 Y89.077 E6.09788
G1 X88.993 Y88.67 E6.12034
G1 X88.469 Y87.837 E6.15365
G1 X88.207 Y87.671 E6.16415
G1 X87.945 Y87.683 E6.17303
G1 X87.421 Y87.861 E6.19176
G1 X86.897 Y88.269 E6.21424
G1 X86.373 Y89.102 E6.24755
G1 X86.111 Y89.268 E6.25805
G1 X85.848 Y89.255 E6.26696
G1 X85.324 Y89.077 E6.28569
G1 X84.8 Y88.67 E6.30815
G1 X84.276 Y87.837 E6.34146
G1 X84.014 Y87.671 E6.35196
G1 X83.752 Y87.683 E6.36084
G1 X83.228 Y87.861 E6.37957
G1 X82.704 Y88.269 E6.40205
G1 X82.18 Y89.102 E6.43536
G1 X81.918 Y89.268 E6.44586
G1 X81.655 Y89.255 E6.45477
G1 X81.131 Y89.077 E6.4735
G1 X80.607 Y88.67 E6.49596
G1 X80.252 Y88.104 E6.51857
G1 X80.252 Y87.112 E6.55215
G1 X80.345 Y87.171 E6.55588
G1 X80.607 Y87.158 E6.56476
G1 X81.131 Y86.98 E6.58349
G1 X81.426 Y86.752 E6.59611
G1 X84.117 Y86.752 E6.6872
G1 X84.276 Y87.005 E6.69731
G1 X84.538 Y87.171 E6.70781
G1 X84.8 Y87.158 E6.71669
G1 X85.324 Y86.98 E6.73542
G1 X85.619 Y86.752 E6.74804
G1 X88.31 Y86.752 E6.83913
G1 X88.469 Y87.005 E6.84924
G1 X88.731 Y87.171 E6.85974
G1 X88.993 Y87.158 E6.86862
G1 X89.517 Y86.98 E6.88735
G1 X89.812 Y86.752 E6.89997
G1 X92.503 Y86.752 E6.99106
G1 X92.662 Y87.005 E7.00117
G1 X92.924 Y87.171 E7.01167
G1 X93.186 Y87.158 E7.02055
G1 X93.71 Y86.98 E7.03928
G1 X94.005 Y86.752 E7.0519
G1 X96.696 Y86.752 E7.14299
G1 X96.855 Y87.005 E7.1531
G1 X97.117 Y87.171 E7.1636
G1 X97.379 Y87.158 E7.17248
G1 X97.903 Y86.98 E7.19121
G1 X98.198 Y86.752 E7.20383
G1 X100.889 Y86.752 E7.29492
G1 X101.048 Y87.005 E7.30503
G1 X101.31 Y87.171 E7.31553
G1 X101.572 Y87.158 E7.32441
G1 X102.097 Y86.98 E7.34317
G1 X102.391 Y86.752 E7.35576
G1 X105.082 Y86.752 E7.44685
G1 X105.241 Y87.005 E7.45696
G1 X105.503 Y87.171 E7.46746
G1 X105.765 Y87.158 E7.47634
G1 X106.29 Y86.98 E7.4951
G1 X106.584 Y86.752 E7.50769
G1 X109.275 Y86.752 E7.59878
G1 X109.434 Y87.005 E7.60889
G1 X109.696 Y87.171 E7.61939
G1 X109.958 Y87.158 E7.62827
G1 X110.483 Y86.98 E7.64703
G1 X110.777 Y86.752 E7.65962
G1 X112.204 Y86.752 E7.70792
G1 X111.736 Y87.65 E7.7422
G1 E5.7422 F2400
G92 E0
G1 X111.544 Y100.518 F7200
G1 E2 F2400
G1 F3300
G1 X111.767 Y99.558 E2.03336
G1 X112.071 Y98.937 E2.05676
G1 X112.527 Y98.326 E2.08257
G1 X112.055 Y98.166 E2.09944
G1 X111.793 Y98.153 E2.10832
G1 X111.531 Y98.319 E2.11882
G1 X111.007 Y99.152 E2.15213
G1 X110.483 Y99.56 E2.17461
G1 X109.958 Y99.737 E2.19336
G1 X109.696 Y99.75 E2.20224
G1 X109.434 Y99.584 E2.21274
G1 X108.91 Y98.751 E2.24605
G1 X108.386 Y98.344 E2.26851
G1 X107.862 Y98.166 E2.28724
G1 X107.6 Y98.153 E2.29612
G1 X107.338 Y98.319 E2.30662
G1 X106.814 Y99.152 E2.33993
G1 X106.29 Y99.56 E2.36241
G1 X105.765 Y99.737 E2.38116
G1 X105.503 Y99.75 E2.39004
G1 X105.241 Y99.584 E2.40054
G1 X104.717 Y98.751 E2.43385
G1 X104.193 Y98.344 E2.45631
G1 X103.669 Y98.166 E2.47504
G1 X103.407 Y98.153 E2.48392
G1 X103.145 Y98.319 E2.49442
G1 X102.621 Y99.152 E2.52773
G1 X102.097 Y99.56 E2.55021
G1 X101.572 Y99.737 E2.56896
G1 X101.31 Y99.75 E2.57784
G1 X101.048 Y99.584 E2.58834
G1 X100.524 Y98.751 E2.62165
G1 X100 Y98.344 E2.64411
G1 X99.476 Y98.166 E2.66284
G1 X99.214 Y98.153 E2.67172
G1 X98.952 Y98.319 E2.68222
G1 X98.428 Y99.152 E2.71553
G1 X97.903 Y99.56 E2.73804
G1 X97.379 Y99.737 E2.75676
G1 X97.117 Y99.75 E2.76564
G1 X96.855 Y99.584 E2.77614
G1 X96.331 Y98.751 E2.80945
G1 X95.807 Y98.344 E2.83191
G1 X95.283 Y98.166 E2.85064
G1 X95.021 Y98.153 E2.85952
G1 X94.759 Y98.319 E2.87002
G1 X94.235 Y99.152 E2.90333
G1 X93.71 Y99.56 E2.92584
G1 X93.186 Y99.737 E2.94456
G1 X92.924 Y99.75 E2.95344
G1 X92.662 Y99.584 E2.96394
G1 X92.138 Y98.751 E2.99725
G1 X91.614 Y98.344 E3.01971
G1 X91.09 Y98.166 E3.03844
G1 X90.828 Y98.153 E3.04732
G1 X90.566 Y98.319 E3.05782
G1 X90.042 Y99.152 E3.09113
G1 X89.517 Y99.56 E3.11364
G1 X88.993 Y99.737 E3.13236
G1 X88.731 Y99.75 E3.14124
G1 X88.469 Y99.584 E3.15174
G1 X87.945 Y98.751 E3.18505
G1 X87.421 Y98.344 E3.20751
G1 X86.897 Y98.166 E3.22624
G1 X86.635 Y98.153 E3.23512
G1 X86.373 Y98.319 E3.24562
G1 X85.848 Y99.152 E3.27895
G1 X85.324 Y99.56 E3.30143
G1 X84.8 Y99.737 E3.32015
G1 X84.538 Y99.75 E3.32903
G1 X84.276 Y99.584 E3.33953
G1 X83.752 Y98.751 E3.37284
G1 X83.228 Y98.344 E3.3953
G1 X82.704 Y98.166 E3.41403
G1 X82.442 Y98.153 E3.42291
G1 X82.18 Y98.319 E3.43341
G1 X81.655 Y99.152 E3.46674
G1 X81.131 Y99.56 E3.48922
G1 X80.607 Y99.737 E3.50794
G1 X80.345 Y99.75 E3.51682
G1 X80.252 Y99.691 E3.52055
G1 X80.252 Y100.683 E3.55413
G1 X80.607 Y101.249 E3.57674
G1 X81.131 Y101.656 E3.5992
G1 X81.655 Y101.834 E3.61793
G1 X81.918 Y101.847 E3.62684
G1 X82.18 Y101.681 E3.63734
G1 X82.704 Y100.848 E3.67065
G1 X83.228 Y100.441 E3.69311
G1 X83.752 Y100.263 E3.71184
G1 X84.014 Y100.25 E3.72072
G1 X84.276 Y100.416 E3.73122
G1 X84.8 Y101.249 E3.76453
G1 X85.324 Y101.656 E3.78699
G1 X85.848 Y101.834 E3.80572
G1 X86.111 Y101.847 E3.81463
G1 X86.373 Y101.681 E3.82513
G1 X86.897 Y100.848 E3.85844
G1 X87.421 Y100.441 E3.8809
G1 X87.945 Y100.263 E3.89963
G1 X88.207 Y100.25 E3.90851
G1 X88.469 Y100.416 E3.91901
G1 X88.993 Y101.249 E3.95232
G1 X89.517 Y101.656 E3.97478
G1 X90.042 Y101.834 E3.99354
G1 X90.304 Y101.847 E4.00242
G1 X90.566 Y101.681 E4.01292
G1 X91.09 Y100.848 E4.04623
G1 X91.614 Y100.441 E4.06869
G1 X92.138 Y100.263 E4.08742
G1 X92.4 Y100.25 E4.0963
G1 X92.662 Y100.416 E4.1068
G1 X93.186 Y101.249 E4.14011
G1 X93.71 Y101.656 E4.16257
G1 X94.235 Y101.834 E4.18133
G1 X94.497 Y101.847 E4.19021
G1 X94.759 Y101.681 E4.20071
G1 X95.283 Y100.848 E4.23402
G1 X95.807 Y100.441 E4.25648
G1 X96.331 Y100.263 E4.27521
G1 X96.593 Y100.25 E4.28409
G1 X96.855 Y100.416 E4.29459
G1 X97.379 Y101.249 E4.3279
G1 X97.903 Y101.656 E4.35036
G1 X98.428 Y101.834 E4.36912
G1 X98.69 Y101.847 E4.378
G1 X98.952 Y101.681 E4.3885
G1 X99.476 Y100.848 E4.42181
G1 X100 Y100.441 E4.44427
G1 X100.524 Y100.263 E4.463
G1 X100.786 Y100.25 E4.47188
G1 X101.048 Y100.416 E4.48238
G1 X101.572 Y101.249 E4.51569
G1 X102.097 Y101.656 E4.53818
G1 X102.621 Y101.834 E4.55691
G1 X102.883 Y101.847 E4.56579
G1 X103.145 Y101.681 E4.57629
G1 X103.669 Y100.848 E4.6096
G1 X104.193 Y100.441 E4.63206
G1 X104.717 Y100.263 E4.65079
G1 X104.979 Y100.25 E4.65967
G1 X105.241 Y100.416 E4.67017
G1 X105.765 Y101.249 E4.70348
G1 X106.29 Y101.656 E4.72597
G1 X106.814 Y101.834 E4.7447
G1 X107.076 Y101.847 E4.75358
G1 X107.338 Y101.681 E4.76408
G1 X107.862 Y100.848 E4.79739
G1 X108.386 Y100.441 E4.81985
G1 X108.91 Y100.263 E4.83858
G1 X109.172 Y100.25 E4.84746
G1 X109.434 Y100.416 E4.85796
G1 X109.958 Y101.249 E4.89127
G1 X110.483 Y101.656 E4.91376
G1 X111.007 Y101.834 E4.93249
G1 X111.269 Y101.847 E4.94137
G1 X111.56 Y101.634 E4.95358
G1 X111.748 Y102.375 E4.97946
G1 X111.531 Y102.512 E4.98815
G1 X111.007 Y103.345 E5.02146
G1 X110.483 Y103.753 E5.04394
G1 X109.958 Y103.93 E5.06269
G1 X109.696 Y103.943 E5.07157
G1 X109.434 Y103.777 E5.08207
G1 X108.91 Y102.944 E5.11538
G1 X108.386 Y102.537 E5.13784
G1 X107.862 Y102.359 E5.15657
G1 X107.6 Y102.346 E5.16545
G1 X107.338 Y102.512 E5.17595
G1 X106.814 Y103.345 E5.20926
G1 X106.29 Y103.753 E5.23174
G1 X105.765 Y103.93 E5.25049
G1 X105.503 Y103.943 E5.25937
G1 X105.241 Y103.777 E5.26987
G1 X104.717 Y102.944 E5.30318
G1 X104.193 Y102.537 E5.32564
G1 X103.669 Y102.359 E5.34437
G1 X103.407 Y102.346 E5.35325
G1 X103.145 Y102.512 E5.36375
G1 X102.621 Y103.345 E5.39706
G1 X102.097 Y103.753 E5.41954
G1 X101.572 Y103.93 E5.43829
G1 X101.31 Y103.943 E5.44717
G1 X101.048 Y103.777 E5.45767
G1 X100.524 Y102.944 E5.49098
G1 X100 Y102.537 E5.51344
G1 X99.476 Y102.359 E5.53217
G1 X99.214 Y102.346 E5.54105
G1 X98.952 Y102.512 E5.55155
G1 X98.428 Y103.345 E5.58486
G1 X97.903 Y103.753 E5.60737
G1 X97.379 Y103.93 E5.62609
G1 X97.117 Y103.943 E5.63497
G1 X96.855 Y103.777 E5.64547
G1 X96.331 Y102.944 E5.67878
G1 X95.807 Y102.537 E5.70124
G1 X95.283 Y102.359 E5.71997
G1 X95.021 Y102.346 E5.72885
G1 X94.759 Y102.512 E5.73935
G1 X94.235 Y103.345 E5.77266
G1 X93.71 Y103.753 E5.79517
G1 X93.186 Y103.93 E5.81389
G1 X92.924 Y103.943 E5.82277
G1 X92.662 Y103.777 E5.83327
G1 X92.138 Y102.944 E5.86658
G1 X91.614 Y102.537 E5.88904
G1 X91.09 Y102.359 E5.90777
G1 X90.828 Y102.346 E5.91665
G1 X90.566 Y102.512 E5.92715
G1 X90.042 Y103.345 E5.96046
G1 X89.517 Y103.753 E5.98297
G1 X88.993 Y103.93 E6.00169
G1 X88.731 Y103.943 E6.01057
G1 X88.469 Y103.777 E6.02107
G1 X87.945 Y102.944 E6.05438
G1 X87.421 Y102.537 E6.07684
G1 X86.897 Y102.359 E6.09557
G1 X86.635 Y102.346 E6.10445
G1 X86.373 Y102.512 E6.11495
G1 X85.848 Y103.345 E6.14828
G1 X85.324 Y103.753 E6.17076
G1 X84.8 Y103.93 E6.18948
G1 X84.538 Y103.943 E6.19836
G1 X84.276 Y103.777 E6.20886
G1 X83.752 Y102.944 E6.24217
G1 X83.228 Y102.537 E6.26463
G1 X82.704 Y102.359 E6.28336
G1 X82.442 Y102.346 E6.29224
G1 X82.18 Y102.512 E6.30274
G1 X81.655 Y103.345 E6.33607
G1 X81.131 Y103.753 E6.35855
G1 X80.607 Y103.93 E6.37727
G1 X80.345 Y103.943 E6.38615
G1 X80.252 Y103.884 E6.38988
G1 X80.252 Y104.877 E6.42349
G1 X80.607 Y105.442 E6.44608
G1 X81.131 Y105.849 E6.46854
G1 X81.655 Y106.027 E6.48727
G1 X81.918 Y106.04 E6.49618
G1 X82.18 Y105.874 E6.50668
G1 X82.704 Y105.041 E6.53999
G1 X83.228 Y104.634 E6.56245
G1 X83.752 Y104.456 E6.58118
G1 X84.014 Y104.443 E6.59006
G1 X84.276 Y104.609 E6.60056
G1 X84.8 Y105.442 E6.63387
G1 X85.324 Y105.849 E6.65633
G1 X85.848 Y106.027 E6.67506
G1 X86.111 Y106.04 E6.68397
G1 X86.373 Y105.874 E6.69447
G1 X86.897 Y105.041 E6.72778
G1 X87.421 Y104.634 E6.75024
G1 X87.945 Y104.456 E6.76897
G1 X88.207 Y104.443 E6.77785
G1 X88.469 Y104.609 E6.78835
G1 X88.993 Y105.442 E6.82166
G1 X89.517 Y105.849 E6.84412
G1 X90.042 Y106.027 E6.86288
G1 X90.304 Y106.04 E6.87176
G1 X90.566 Y105.874 E6.88226
G1 X91.09 Y105.041 E6.91557
G1 X91.614 Y104.634 E6.93803
G1 X92.138 Y104.456 E6.95676
G1 X92.4 Y104.443 E6.96564
G1 X92.662 Y104.609 E6.97614
G1 X93.186 Y105.442 E7.00945
G1 X93.71 Y105.849 E7.03191
G1 X94.235 Y106.027 E7.05067
G1 X94.497 Y106.04 E7.05955
G1 X94.759 Y105.874 E7.07005
G1 X95.283 Y105.041 E7.10336
G1 X95.807 Y104.634 E7.12582
G1 X96.331 Y104.456 E7.14455
G1 X96.593 Y104.443 E7.15343
G1 X96.855 Y104.609 E7.16393
G1 X97.379 Y105.442 E7.19724
G1 X97.903 Y105.849 E7.2197
G1 X98.428 Y106.027 E7.23846
G1 X98.69 Y106.04 E7.24734
G1 X98.952 Y105.874 E7.25784
G1 X99.476 Y105.041 E7.29115
G1 X100 Y104.634 E7.31361
G1 X100.524 Y104.456 E7.33234
G1 X100.786 Y104.443 E7.34122
G1 X101.048 Y104.609 E7.35172
G1 X101.572 Y105.442 E7.38503
G1 X102.097 Y105.849 E7.40752
G1 X102.621 Y106.027 E7.42625
G1 X102.883 Y106.04 E7.43513
G1 X103.145 Y105.874 E7.44563
G1 X103.669 Y105.041 E7.47894
G1 X104.193 Y104.634 E7.5014
G1 X104.717 Y104.456 E7.52013
G1 X104.979 Y104.443 E7.52901
G1 X105.241 Y104.609 E7.53951
G1 X105.765 Y105.442 E7.57282
G1 X106.29 Y105.849 E7.59531
G1 X106.814 Y106.027 E7.61404
G1 X107.076 Y106.04 E7.62292
G1 X107.338 Y105.874 E7.63342
G1 X107.862 Y105.041 E7.66673
G1 X108.386 Y104.634 E7.68919
G1 X108.91 Y104.456 E7.70792
G1 X109.172 Y104.443 E7.7168
G1 X109.434 Y104.609 E7.7273
G1 X109.958 Y105.442 E7.76061
G1 X110.483 Y105.849 E7.7831
G1 X111.007 Y106.027 E7.80183
G1 X111.269 Y106.04 E7.81071
G1 X111.531 Y105.874 E7.82121
G1 X112.055 Y105.041 E7.85452
G1 X112.579 Y104.634 E7.87698
G1 X113.103 Y104.456 E7.89571
G1 X113.365 Y104.443 E7.90459
G1 X113.627 Y104.609 E7.91509
G1 X114.152 Y105.442 E7.94842
G1 X114.676 Y105.849 E7.97088
G1 X115.2 Y106.027 E7.98961
G1 X115.462 Y106.04 E7.99849
G1 X115.724 Y105.874 E8.00899
G1 X116.248 Y105.041 E8.0423
G1 X116.452 Y104.883 E8.05103
G1 X115.66 Y104.995 E8.0781
G1 X114.935 Y104.959 E8.10267
G1 X114.096 Y104.742 E8.132
;LAYER_CHANGE
;Z:3.8
;HEIGHT:0.2
G1 E6.132 F2400
G92 E0
G1 Z3.8 F7200
G1 X116.842 Y97.582
G1 E2 F2400
;TYPE:Perimeter
;WIDTH:0.449999
G1 F1200
G1 X117.205 Y97.727 E2.01323
G1 X117.719 Y98.047 E2.03372
G1 X118.134 Y98.411 E2.05241
G1 X118.684 Y99.14 E2.08332
G1 X118.847 Y99.448 E2.09512
G1 X119.028 Y99.923 E2.11233
G1 X119.184 Y100.816 E2.14301
G1 X119.187 Y101.159 E2.15462
G1 X119.13 Y101.665 E2.17186
G1 X118.976 Y102.25 E2.19234
G1 X118.636 Y102.946 E2.21856
G1 X118.125 Y103.595 E2.24652
G1 X117.482 Y104.113 E2.27447
G1 X116.948 Y104.398 E2.29496
G1 X116.425 Y104.576 E2.31366
G1 X115.883 Y104.674 E2.3323
G1 X115.189 Y104.678 E2.35579
G1 X114.881 Y104.636 E2.36631
G1 X114.325 Y104.497 E2.38571
G1 X114.004 Y104.374 E2.39735
G1 X113.554 Y104.136 E2.41458
G1 X113.291 Y103.956 E2.42537
G1 X112.905 Y103.625 E2.44258
G1 X112.689 Y103.391 E2.45336
G1 X112.387 Y102.982 E2.47057
G1 X112.102 Y102.448 E2.49106
G1 X111.878 Y101.708 E2.51723
G1 X111.808 Y101.106 E2.53774
G1 X111.856 Y100.415 E2.56119
G1 X112.017 Y99.775 E2.58353
G1 X112.249 Y99.246 E2.60308
G1 X112.533 Y98.801 E2.62095
G1 X113.016 Y98.27 E2.64525
G1 X113.256 Y98.073 E2.65576
G1 X113.736 Y97.76 E2.67516
G1 X114.043 Y97.609 E2.68674
G1 X114.524 Y97.441 E2.70399
G1 X115.168 Y97.328 E2.72612
G1 X115.806 Y97.325 E2.74772
G1 X116.486 Y97.44 E2.77106
G1 X116.786 Y97.56 E2.782
G1 X116.694 Y97.958 F7200
G1 F1200
G1 X117.043 Y98.1 E2.79475
G1 X117.489 Y98.383 E2.81263
G1 X117.999 Y98.872 E2.83655
G1 X118.35 Y99.374 E2.85728
G1 X118.648 Y100.068 E2.88285
G1 X118.781 Y100.868 E2.9103
G1 X118.726 Y101.619 E2.93579
G1 X118.587 Y102.13 E2.95372
G1 X118.276 Y102.756 E2.97738
G1 X117.816 Y103.329 E3.00225
G1 X117.24 Y103.786 E3.02714
G1 X116.771 Y104.031 E3.04505
G1 X116.157 Y104.221 E3.06681
G1 X115.643 Y104.282 E3.08433
G1 X115.088 Y104.262 E3.10313
G1 X114.423 Y104.102 E3.12628
G1 X113.744 Y103.776 E3.15178
G1 X113.171 Y103.316 E3.17665
G1 X112.714 Y102.74 E3.20154
G1 X112.469 Y102.272 E3.21942
G1 X112.271 Y101.602 E3.24307
G1 X112.214 Y101.076 E3.26098
G1 X112.261 Y100.456 E3.28203
G1 X112.408 Y99.888 E3.30189
G1 X112.616 Y99.423 E3.31913
G1 X112.92 Y98.96 E3.33788
G1 X113.307 Y98.555 E3.35684
G1 X113.958 Y98.101 E3.3837
G1 X114.622 Y97.838 E3.40787
G1 X115.218 Y97.732 E3.42836
G1 X115.783 Y97.731 E3.44748
G1 X116.396 Y97.837 E3.46854
G1 X116.638 Y97.936 E3.47739
G1 X116.546 Y98.334 F7200
G1 F1200
G1 X116.88 Y98.473 E3.48964
G1 X117.331 Y98.776 E3.50803
G1 X117.666 Y99.105 E3.52392
G1 X118.016 Y99.607 E3.54463
G1 X118.268 Y100.213 E3.56685
G1 X118.377 Y100.921 E3.5911
G1 X118.321 Y101.574 E3.61328
G1 X118.154 Y102.115 E3.63244
G1 X117.916 Y102.565 E3.64967
G1 X117.508 Y103.063 E3.67146
G1 X116.998 Y103.458 E3.6933
G1 X116.51 Y103.698 E3.71171
G1 X116.096 Y103.818 E3.7263
G1 X115.654 Y103.876 E3.74139
G1 X115.143 Y103.858 E3.7587
G1 X114.522 Y103.707 E3.78033
G1 X113.935 Y103.416 E3.80251
G1 X113.437 Y103.008 E3.8243
G1 X113.042 Y102.498 E3.84614
G1 X112.813 Y102.041 E3.86344
G1 X112.664 Y101.497 E3.88253
G1 X112.62 Y101.045 E3.8979
G1 X112.666 Y100.497 E3.91651
G1 X112.799 Y100.001 E3.93389
G1 X113.012 Y99.545 E3.95093
G1 X113.287 Y99.157 E3.96703
G1 X113.657 Y98.787 E3.98474
G1 X114.18 Y98.442 E4.00595
G1 X114.756 Y98.222 E4.02682
G1 X115.268 Y98.136 E4.04439
G1 X115.806 Y98.14 E4.0626
G1 X116.305 Y98.234 E4.07979
G1 X116.491 Y98.311 E4.0866
G1 X116.4 Y98.708 F7200
;TYPE:External perimeter
G1 F1200
G1 X116.717 Y98.846 E4.0983
G1 X117.054 Y99.075 E4.11209
G1 X117.332 Y99.339 E4.12507
G1 X117.683 Y99.84 E4.14578
G1 X117.888 Y100.359 E4.16467
G1 X117.973 Y100.973 E4.18565
G1 X117.917 Y101.528 E4.20453
G1 X117.794 Y101.925 E4.2186
G1 X117.557 Y102.375 E4.23582
G1 X117.199 Y102.798 E4.25458
G1 X116.757 Y103.131 E4.27331
G1 X116.39 Y103.309 E4.28712
G1 X116.036 Y103.416 E4.29964
G1 X115.665 Y103.469 E4.31233
G1 X115.177 Y103.451 E4.32886
G1 X114.621 Y103.312 E4.34826
G1 X114.125 Y103.057 E4.36714
G1 X113.702 Y102.699 E4.3859
G1 X113.369 Y102.257 E4.40463
G1 X113.189 Y101.883 E4.41868
G1 X113.057 Y101.391 E4.43592
G1 X113.025 Y101.015 E4.44869
G1 X113.075 Y100.515 E4.4657
G1 X113.202 Y100.082 E4.48097
G1 X113.365 Y99.75 E4.49349
G1 X113.578 Y99.442 E4.50617
G1 X113.923 Y99.096 E4.52271
G1 X114.403 Y98.783 E4.54211
G1 X114.891 Y98.606 E4.55968
G1 X115.41 Y98.529 E4.57744
G1 X115.884 Y98.555 E4.59351
G1 X116.251 Y98.643 E4.60628
G1 X116.345 Y98.684 E4.60975
G1 X116.708 Y98.851 F7200
G1 E2.60975 F2400
G92 E0
G1 X112.705 Y88.362 F7200
G1 E2 F2400
;TYPE:Perimeter
G1 F1200
G1 X112.799 Y88.001 E2.01263
G1 X113.042 Y87.502 E2.03142
G1 X113.344 Y87.092 E2.04866
G1 X113.822 Y86.66 E2.07047
G1 X114.291 Y86.385 E2.08887
;WIDTH:0.49791
G1 X114.508 Y86.282 E2.09796
;WIDTH:0.54582
G1 X114.724 Y86.18 E2.10795
G1 X115.333 Y86.105 E2.13361
;WIDTH:0.50271
G1 X115.874 Y86.118 E2.1543
G1 X116.181 Y86.207 E2.16652
;WIDTH:0.476355
G1 X116.488 Y86.296 E2.17804
;WIDTH:0.449999
G1 X117.065 Y86.583 E2.19985
G1 X117.493 Y86.92 E2.21829
G1 X117.793 Y87.258 E2.23359
G1 X118.063 Y87.689 E2.25081
G1 X118.291 Y88.292 E2.27263
G1 X118.378 Y88.931 E2.29446
G1 X118.321 Y89.574 E2.31631
G1 X118.123 Y90.187 E2.33811
G1 X117.793 Y90.741 E2.35994
G1 X117.426 Y91.143 E2.37836
G1 X117.085 Y91.406 E2.39294
G1 X116.694 Y91.62 E2.40803
G1 X116.22 Y91.789 E2.42506
G1 X115.646 Y91.868 E2.44467
G1 X115.116 Y91.855 E2.46262
G1 X114.55 Y91.714 E2.48236
G1 X113.935 Y91.417 E2.50548
G1 X113.437 Y91.008 E2.52729
G1 X113.056 Y90.518 E2.5483
G1 X112.802 Y90.01 E2.56752
G1 X112.682 Y89.596 E2.58211
G1 X112.625 Y89.132 E2.59793
G1 X112.664 Y88.52 E2.61869
G1 X112.69 Y88.42 E2.62219
G1 X113.097 Y88.452 F7200
;TYPE:External perimeter
G1 F1200
G1 X113.202 Y88.082 E2.63521
G1 X113.369 Y87.743 E2.648
G1 X113.671 Y87.334 E2.66521
G1 X114.088 Y86.969 E2.68397
G1 X114.44 Y86.764 E2.69776
G1 X114.797 Y86.629 E2.71068
G1 X115.402 Y86.53 E2.73143
G1 X115.891 Y86.557 E2.74801
G1 X116.382 Y86.689 E2.76522
G1 X116.875 Y86.943 E2.78399
G1 X117.194 Y87.196 E2.79777
G1 X117.448 Y87.475 E2.81054
G1 X117.719 Y87.906 E2.82777
G1 X117.907 Y88.427 E2.84652
G1 X117.974 Y88.977 E2.86527
G1 X117.917 Y89.528 E2.88402
G1 X117.739 Y90.053 E2.90278
G1 X117.448 Y90.525 E2.92155
G1 X117.172 Y90.824 E2.93532
G1 X116.881 Y91.053 E2.94785
G1 X116.555 Y91.238 E2.96054
G1 X116.095 Y91.4 E2.97705
G1 X115.524 Y91.474 E2.99654
G1 X115.109 Y91.443 E3.01063
G1 X114.617 Y91.311 E3.02787
G1 X114.125 Y91.057 E3.04661
G1 X113.702 Y90.699 E3.06537
G1 X113.383 Y90.276 E3.0833
G1 X113.191 Y89.89 E3.09789
G1 X113.084 Y89.536 E3.11041
G1 X113.032 Y89.157 E3.12336
G1 X113.07 Y88.546 E3.14408
G1 X113.081 Y88.509 E3.14539
G1 X113.192 Y88.125 F7200
G1 E1.14539 F2400
G92 E0
G1 X120.054 Y113.554 F7200
G1 E2 F2400
;TYPE:Perimeter
G1 F2700
G1 X79.946 Y113.554 E3.35761
G1 X79.946 Y86.446 E4.27518
G1 X112.839 Y86.446 E5.38857
G1 X112.689 Y86.609 E5.39607
G1 X112.249 Y87.246 E5.42228
G1 X112.017 Y87.775 E5.44183
G1 X111.851 Y88.469 E5.46598
G1 X111.826 Y89.383 E5.49693
G1 X111.924 Y89.925 E5.51557
G1 X112.102 Y90.448 E5.53427
G1 X112.387 Y90.982 E5.55476
G1 X112.689 Y91.391 E5.57197
G1 X112.905 Y91.625 E5.58275
G1 X113.291 Y91.957 E5.59998
G1 X113.555 Y92.137 E5.6108
G1 X114.004 Y92.374 E5.62799
G1 X114.301 Y92.491 E5.6388
G1 X114.793 Y92.622 E5.65603
G1 X115.238 Y92.681 E5.67122
G1 X115.751 Y92.676 E5.68859
G1 X116.554 Y92.537 E5.71617
G1 X117.198 Y92.28 E5.73964
G1 X117.668 Y91.991 E5.75832
G1 X118.089 Y91.634 E5.777
G1 X118.482 Y91.174 E5.79748
G1 X118.891 Y90.456 E5.82545
G1 X119.13 Y89.665 E5.85342
G1 X119.187 Y89.159 E5.87066
G1 X119.187 Y88.84 E5.88146
G1 X119.059 Y88.023 E5.90945
G1 X118.891 Y87.543 E5.92666
G1 X118.753 Y87.256 E5.93744
G1 X118.482 Y86.825 E5.95467
G1 X118.164 Y86.446 E5.97142
G1 X120.054 Y86.446 E6.03539
G1 X120.054 Y113.494 E6.95093
G1 X120.461 Y113.961 F7200
G1 F2700
G1 X79.539 Y113.961 E8.33609
G1 X79.539 Y86.039 E9.28122
G1 X114.074 Y86.039 E10.45019
G1 X113.557 Y86.352 E10.47065
G1 X113.016 Y86.851 E10.49556
G1 X112.616 Y87.423 E10.51919
G1 X112.408 Y87.888 E10.53643
G1 X112.258 Y88.495 E10.55759
G1 X112.219 Y89.106 E10.57831
G1 X112.279 Y89.657 E10.59707
G1 X112.469 Y90.271 E10.61883
G1 X112.728 Y90.759 E10.63753
G1 X113.171 Y91.316 E10.66162
G1 X113.745 Y91.777 E10.68654
G1 X114.407 Y92.097 E10.71143
G1 X114.898 Y92.229 E10.72864
G1 X115.178 Y92.268 E10.73821
G1 X115.698 Y92.272 E10.75581
G1 X116.321 Y92.184 E10.77711
G1 X116.833 Y92.003 E10.79549
G1 X117.288 Y91.758 E10.81298
G1 X117.791 Y91.357 E10.83475
G1 X118.138 Y90.958 E10.85265
G1 X118.507 Y90.322 E10.87754
G1 X118.726 Y89.619 E10.90246
G1 X118.783 Y88.885 E10.92738
G1 X118.675 Y88.158 E10.95226
G1 X118.408 Y87.472 E10.97718
G1 X118.137 Y87.042 E10.99438
G1 X117.791 Y86.643 E11.01226
G1 X117.414 Y86.328 E11.02889
G1 X116.906 Y86.039 E11.04867
G1 X120.461 Y86.039 E11.169
G1 X120.461 Y113.901 E12.11209
G1 X120.868 Y114.368 F7200
G1 F2700
G1 X79.132 Y114.368 E13.5248
G1 X79.132 Y85.632 E14.49748
G1 X114.149 Y85.632 E15.68276
;WIDTH:0.49791
G1 X114.416 Y85.656 E15.6929
;WIDTH:0.54582
G1 X114.684 Y85.68 E15.70415
G1 X115.083 Y85.666 E15.72084
;WIDTH:0.51853
G1 X115.483 Y85.653 E15.73667
;WIDTH:0.517021
G1 X116.066 Y85.666 E15.75966
G1 X116.321 Y85.649 E15.76973
;WIDTH:0.48351
G1 X116.575 Y85.632 E15.77906
;WIDTH:0.449999
G1 X120.868 Y85.632 E15.92437
G1 X120.868 Y114.308 E16.89502
G1 X121.275 Y114.775 F7200
;TYPE:External perimeter
G1 F1800
G1 X78.725 Y114.775 E18.33528
G1 X78.725 Y85.225 E19.33551
G1 X121.275 Y85.225 E20.77577
G1 X121.275 Y114.715 E21.77397
G1 X120.879 Y114.774 F7200
G1 E19.77397 F2400
G92 E0
G1 X116.244 Y113.248 F7200
G1 E2 F2400
;TYPE:Internal infill
;WIDTH:0.45
G1 F3300
G1 X113.996 Y113.248 E2.07609
G1 X113.991 Y112.841 E2.08987
G1 X114.187 Y112.579 E2.10095
G1 X114.9 Y112.055 E2.1309
G1 X115.261 Y111.531 E2.15244
G1 X115.392 Y111.007 E2.17072
G1 X115.361 Y110.745 E2.17965
G1 X115.164 Y110.483 E2.19075
G1 X114.451 Y109.958 E2.22072
G1 X114.09 Y109.434 E2.24226
G1 X113.96 Y108.91 E2.26053
G1 X113.991 Y108.648 E2.26946
G1 X114.187 Y108.386 E2.28054
G1 X114.9 Y107.862 E2.31049
G1 X115.261 Y107.338 E2.33203
G1 X115.392 Y106.814 E2.35031
G1 X115.361 Y106.552 E2.35924
G1 X115.164 Y106.29 E2.37034
G1 X114.451 Y105.765 E2.40031
G1 X114.09 Y105.241 E2.42185
G1 X113.964 Y104.685 E2.44115
G1 X113.083 Y104.172 E2.47566
G1 X112.355 Y104.717 E2.50644
G1 X111.994 Y105.241 E2.52798
G1 X111.863 Y105.765 E2.54626
G1 X111.894 Y106.028 E2.55522
G1 X112.091 Y106.29 E2.56632
G1 X112.804 Y106.814 E2.59627
G1 X113.165 Y107.338 E2.61781
G1 X113.295 Y107.862 E2.63608
G1 X113.264 Y108.124 E2.64501
G1 X113.067 Y108.386 E2.65611
G1 X112.355 Y108.91 E2.68603
G1 X111.994 Y109.434 E2.70757
G1 X111.863 Y109.958 E2.72585
G1 X111.894 Y110.221 E2.73481
G1 X112.091 Y110.483 E2.74591
G1 X112.804 Y111.007 E2.77586
G1 X113.165 Y111.531 E2.7974
G1 X113.295 Y112.055 E2.81567
G1 X113.264 Y112.317 E2.8246
G1 X113.067 Y112.579 E2.8357
G1 X112.355 Y113.103 E2.86562
G1 X112.255 Y113.248 E2.87158
G1 X110.006 Y113.248 E2.94771
G1 E.94771 F2400
G92 E0
G1 X114.152 Y104.757 F7200
G1 E2 F2400
G1 F3300
G1 X114.929 Y104.958 E2.02717
G1 X115.66 Y104.995 E2.05195
G1 X116.43 Y104.888 E2.07826
G1 X116.187 Y105.241 E2.09277
G1 X116.056 Y105.765 E2.11105
G1 X116.087 Y106.028 E2.12001
G1 X116.284 Y106.29 E2.13111
G1 X116.997 Y106.814 E2.16106
G1 X117.358 Y107.338 E2.1826
G1 X117.488 Y107.862 E2.20087
G1 X117.457 Y108.124 E2.2098
G1 X117.26 Y108.386 E2.2209
G1 X116.548 Y108.91 E2.25082
G1 X116.187 Y109.434 E2.27236
G1 X116.056 Y109.958 E2.29064
G1 X116.087 Y110.221 E2.2996
G1 X116.284 Y110.483 E2.3107
G1 X116.997 Y111.007 E2.34065
G1 X117.358 Y111.531 E2.36219
G1 X117.488 Y112.055 E2.38046
G1 X117.457 Y112.317 E2.38939
G1 X117.26 Y112.579 E2.40049
G1 X116.548 Y113.103 E2.43041
G1 X116.448 Y113.248 E2.43637
G1 X118.189 Y113.248 E2.4953
G1 X118.184 Y112.841 E2.50908
G1 X118.38 Y112.579 E2.52016
G1 X119.093 Y112.055 E2.55011
G1 X119.454 Y111.531 E2.57165
G1 X119.585 Y111.007 E2.58993
G1 X119.554 Y110.745 E2.59886
G1 X119.357 Y110.483 E2.60996
G1 X118.644 Y109.958 E2.63993
G1 X118.283 Y109.434 E2.66147
G1 X118.153 Y108.91 E2.67974
G1 X118.184 Y108.648 E2.68867
G1 X118.38 Y108.386 E2.69975
G1 X119.093 Y107.862 E2.7297
G1 X119.454 Y107.338 E2.75124
G1 X119.585 Y106.814 E2.76952
G1 X119.554 Y106.552 E2.77845
G1 X119.357 Y106.29 E2.78955
G1 X118.644 Y105.765 E2.81952
G1 X118.283 Y105.241 E2.84106
G1 X118.153 Y104.717 E2.85933
G1 X118.184 Y104.455 E2.86826
G1 X118.38 Y104.193 E2.87934
G1 X119.093 Y103.669 E2.90929
G1 X119.454 Y103.145 E2.93083
G1 X119.585 Y102.621 E2.94911
G1 X119.554 Y102.359 E2.95804
G1 X119.34 Y102.084 E2.96983
G1 X119.502 Y100.999 E3.00696
G1 X119.413 Y100.203 E3.03407
G1 X119.152 Y99.391 E3.06294
G1 X119.454 Y98.952 E3.08098
G1 X119.585 Y98.428 E3.09926
G1 X119.554 Y98.166 E3.10819
G1 X119.357 Y97.903 E3.11931
G1 X118.644 Y97.379 E3.14926
G1 X118.283 Y96.855 E3.1708
G1 X118.153 Y96.331 E3.18907
G1 X118.184 Y96.069 E3.198
G1 X118.38 Y95.807 E3.20908
G1 X119.093 Y95.283 E3.23903
G1 X119.454 Y94.759 E3.26057
G1 X119.585 Y94.235 E3.27885
G1 X119.554 Y93.973 E3.28778
G1 X119.357 Y93.71 E3.2989
G1 X118.644 Y93.186 E3.32885
G1 X118.283 Y92.662 E3.35039
G1 X118.153 Y92.138 E3.36866
G1 X118.173 Y91.969 E3.37442
G1 X118.721 Y91.364 E3.40205
G1 X119.093 Y91.09 E3.41769
G1 X119.454 Y90.566 E3.43923
G1 X119.585 Y90.042 E3.45751
G1 X119.554 Y89.779 E3.46647
G1 X119.441 Y89.629 E3.47283
G1 X119.502 Y89 E3.49422
G1 X119.433 Y88.295 E3.5182
G1 X119.098 Y87.247 E3.55544
G1 X118.946 Y87.005 E3.56511
G1 X119.193 Y86.752 E3.57708
G1 X119.748 Y86.752 E3.59587
G1 X119.748 Y88.639 E3.65974
G1 E1.65974 F2400
G92 E0
G1 X118.019 Y92.102 F7200
G1 E2 F2400
G1 F3300
G1 X117.079 Y92.672 E2.03721
G1 X116.497 Y92.874 E2.05806
G1 X116.12 Y92.929 E2.07096
G1 X116.056 Y93.186 E2.07992
G1 X116.087 Y93.448 E2.08885
G1 X116.284 Y93.71 E2.09995
G1 X116.997 Y94.235 E2.12992
G1 X117.358 Y94.759 E2.15146
G1 X117.488 Y95.283 E2.16973
G1 X117.457 Y95.545 E2.17866
G1 X117.26 Y95.807 E2.18976
G1 X116.548 Y96.331 E2.21968
G1 X116.187 Y96.855 E2.24122
G1 X116.138 Y97.051 E2.24806
G1 X115.337 Y97.003 E2.27522
G1 X114.62 Y97.096 E2.29969
G1 X114.326 Y97.198 E2.31022
G1 X114.09 Y96.855 E2.32431
G1 X113.96 Y96.331 E2.34258
G1 X113.991 Y96.069 E2.35151
G1 X114.187 Y95.807 E2.36259
G1 X114.9 Y95.283 E2.39254
G1 X115.261 Y94.759 E2.41408
G1 X115.392 Y94.235 E2.43236
G1 X115.361 Y93.973 E2.44129
G1 X115.164 Y93.71 E2.45241
G1 X114.451 Y93.186 E2.48236
G1 X114.16 Y92.763 E2.49974
G1 X113.38 Y92.389 E2.52902
G1 X112.727 Y91.864 E2.55738
G1 X112.355 Y92.138 E2.57302
G1 X111.994 Y92.662 E2.59456
G1 X111.863 Y93.186 E2.61284
G1 X111.894 Y93.448 E2.62177
G1 X112.091 Y93.71 E2.63287
G1 X112.804 Y94.235 E2.66284
G1 X113.165 Y94.759 E2.68438
G1 X113.295 Y95.283 E2.70265
G1 X113.264 Y95.545 E2.71158
G1 X113.067 Y95.807 E2.72268
G1 X112.355 Y96.331 E2.7526
G1 X111.994 Y96.855 E2.77414
G1 X111.863 Y97.379 E2.79242
G1 X111.894 Y97.641 E2.80135
G1 X112.091 Y97.903 E2.81245
G1 X112.592 Y98.272 E2.83351
G1 X112.057 Y98.961 E2.86304
G1 X111.767 Y99.557 E2.88548
G1 X111.549 Y100.433 E2.91604
G1 E.91604 F2400
G92 E0
G1 X111.727 Y87.678 F7200
G1 E2 F2400
G1 F3300
G1 X111.976 Y87.109 E2.02102
G1 X112.204 Y86.752 E2.03536
G1 X110.807 Y86.752 E2.08265
G1 X110.707 Y86.897 E2.08861
G1 X109.994 Y87.421 E2.11856
G1 X109.798 Y87.683 E2.12964
G1 X109.767 Y87.945 E2.13857
G1 X109.897 Y88.469 E2.15684
G1 X110.258 Y88.993 E2.17838
G1 X110.971 Y89.517 E2.20833
G1 X111.168 Y89.779 E2.21943
G1 X111.199 Y90.042 E2.22839
G1 X111.068 Y90.566 E2.24667
G1 X110.707 Y91.09 E2.26821
G1 X109.994 Y91.614 E2.29816
G1 X109.798 Y91.876 E2.30924
G1 X109.767 Y92.138 E2.31817
G1 X109.897 Y92.662 E2.33644
G1 X110.258 Y93.186 E2.35798
G1 X110.971 Y93.71 E2.38793
G1 X111.168 Y93.973 E2.39905
G1 X111.199 Y94.235 E2.40798
G1 X111.068 Y94.759 E2.42626
G1 X110.707 Y95.283 E2.4478
G1 X109.994 Y95.807 E2.47775
G1 X109.798 Y96.069 E2.48883
G1 X109.767 Y96.331 E2.49776
G1 X109.897 Y96.855 E2.51603
G1 X110.258 Y97.379 E2.53757
G1 X110.971 Y97.903 E2.56752
G1 X111.168 Y98.166 E2.57864
G1 X111.199 Y98.428 E2.58757
G1 X111.068 Y98.952 E2.60585
G1 X110.707 Y99.476 E2.62739
G1 X109.994 Y100 E2.65734
G1 X109.798 Y100.262 E2.66842
G1 X109.767 Y100.524 E2.67735
G1 X109.897 Y101.048 E2.69562
G1 X110.258 Y101.572 E2.71716
G1 X110.971 Y102.097 E2.74713
G1 X111.168 Y102.359 E2.75823
G1 X111.199 Y102.621 E2.76716
G1 X111.068 Y103.145 E2.78544
G1 X110.707 Y103.669 E2.80698
G1 X109.994 Y104.193 E2.83693
G1 X109.798 Y104.455 E2.84801
G1 X109.767 Y104.717 E2.85694
G1 X109.897 Y105.241 E2.87521
G1 X110.258 Y105.765 E2.89675
G1 X110.971 Y106.29 E2.92672
G1 X111.168 Y106.552 E2.93782
G1 X111.199 Y106.814 E2.94675
G1 X111.068 Y107.338 E2.96503
G1 X110.707 Y107.862 E2.98657
G1 X109.994 Y108.386 E3.01652
G1 X109.798 Y108.648 E3.0276
G1 X109.767 Y108.91 E3.03653
G1 X109.897 Y109.434 E3.0548
G1 X110.258 Y109.958 E3.07634
G1 X110.971 Y110.483 E3.10631
G1 X111.168 Y110.745 E3.11741
G1 X111.199 Y111.007 E3.12634
G1 X111.068 Y111.531 E3.14462
G1 X110.707 Y112.055 E3.16616
G1 X109.994 Y112.579 E3.19611
G1 X109.798 Y112.841 E3.20719
G1 X109.803 Y113.248 E3.22097
G1 X108.062 Y113.248 E3.2799
G1 X108.161 Y113.103 E3.28584
G1 X108.874 Y112.579 E3.31579
G1 X109.071 Y112.317 E3.32689
G1 X109.102 Y112.055 E3.33582
G1 X108.971 Y111.531 E3.3541
G1 X108.611 Y111.007 E3.37562
G1 X107.898 Y110.483 E3.40557
G1 X107.701 Y110.221 E3.41667
G1 X107.67 Y109.958 E3.42563
G1 X107.801 Y109.434 E3.44391
G1 X108.161 Y108.91 E3.46543
G1 X108.874 Y108.386 E3.49538
G1 X109.071 Y108.124 E3.50648
G1 X109.102 Y107.862 E3.51541
G1 X108.971 Y107.338 E3.53369
G1 X108.611 Y106.814 E3.55521
G1 X107.898 Y106.29 E3.58516
G1 X107.701 Y106.028 E3.59626
G1 X107.67 Y105.765 E3.60522
G1 X107.801 Y105.241 E3.6235
G1 X108.161 Y104.717 E3.64502
G1 X108.874 Y104.193 E3.67497
G1 X109.071 Y103.931 E3.68607
G1 X109.102 Y103.669 E3.695
G1 X108.971 Y103.145 E3.71328
G1 X108.611 Y102.621 E3.7348
G1 X107.898 Y102.097 E3.76475
G1 X107.701 Y101.834 E3.77587
G1 X107.67 Y101.572 E3.7848
G1 X107.801 Y101.048 E3.80308
G1 X108.161 Y100.524 E3.8246
G1 X108.874 Y100 E3.85455
G1 X109.071 Y99.738 E3.86565
G1 X109.102 Y99.476 E3.87458
G1 X108.971 Y98.952 E3.89286
G1 X108.611 Y98.428 E3.91438
G1 X107.898 Y97.903 E3.94435
G1 X107.701 Y97.641 E3.95545
G1 X107.67 Y97.379 E3.96438
G1 X107.801 Y96.855 E3.98266
G1 X108.161 Y96.331 E4.00418
G1 X108.874 Y95.807 E4.03413
G1 X109.071 Y95.545 E4.04523
G1 X109.102 Y95.283 E4.05416
G1 X108.971 Y94.759 E4.07244
G1 X108.611 Y94.235 E4.09396
G1 X107.898 Y93.71 E4.12393
G1 X107.701 Y93.448 E4.13503
G1 X107.67 Y93.186 E4.14396
G1 X107.801 Y92.662 E4.16224
G1 X108.161 Y92.138 E4.18376
G1 X108.874 Y91.614 E4.21371
G1 X109.071 Y91.352 E4.22481
G1 X109.102 Y91.09 E4.23374
G1 X108.971 Y90.566 E4.25202
G1 X108.611 Y90.042 E4.27354
G1 X107.898 Y89.517 E4.30351
G1 X107.701 Y89.255 E4.31461
G1 X107.67 Y88.993 E4.32354
G1 X107.801 Y88.469 E4.34182
G1 X108.161 Y87.945 E4.36334
G1 X108.874 Y87.421 E4.39329
G1 X109.071 Y87.159 E4.40439
G1 X109.066 Y86.752 E4.41817
G1 X106.614 Y86.752 E4.50117
G1 X106.514 Y86.897 E4.50713
G1 X105.801 Y87.421 E4.53708
G1 X105.605 Y87.683 E4.54816
G1 X105.574 Y87.945 E4.55709
G1 X105.704 Y88.469 E4.57536
G1 X106.065 Y88.993 E4.5969
G1 X106.778 Y89.517 E4.62685
G1 X106.975 Y89.779 E4.63795
G1 X107.006 Y90.042 E4.64691
G1 X106.875 Y90.566 E4.66519
G1 X106.514 Y91.09 E4.68673
G1 X105.801 Y91.614 E4.71668
G1 X105.605 Y91.876 E4.72776
G1 X105.574 Y92.138 E4.73669
G1 X105.704 Y92.662 E4.75496
G1 X106.065 Y93.186 E4.7765
G1 X106.778 Y93.71 E4.80645
G1 X106.975 Y93.973 E4.81757
G1 X107.006 Y94.235 E4.8265
G1 X106.875 Y94.759 E4.84478
G1 X106.514 Y95.283 E4.86632
G1 X105.801 Y95.807 E4.89627
G1 X105.605 Y96.069 E4.90735
G1 X105.574 Y96.331 E4.91628
G1 X105.704 Y96.855 E4.93455
G1 X106.065 Y97.379 E4.95609
G1 X106.778 Y97.903 E4.98604
G1 X106.975 Y98.166 E4.99716
G1 X107.006 Y98.428 E5.00609
G1 X106.875 Y98.952 E5.02437
G1 X106.514 Y99.476 E5.04591
G1 X105.801 Y100 E5.07586
G1 X105.605 Y100.262 E5.08694
G1 X105.574 Y100.524 E5.09587
G1 X105.704 Y101.048 E5.11414
G1 X106.065 Y101.572 E5.13568
G1 X106.778 Y102.097 E5.16565
G1 X106.975 Y102.359 E5.17675
G1 X107.006 Y102.621 E5.18568
G1 X106.875 Y103.145 E5.20396
G1 X106.514 Y103.669 E5.2255
G1 X105.801 Y104.193 E5.25545
G1 X105.605 Y104.455 E5.26653
G1 X105.574 Y104.717 E5.27546
G1 X105.704 Y105.241 E5.29373
G1 X106.065 Y105.765 E5.31527
G1 X106.778 Y106.29 E5.34524
G1 X106.975 Y106.552 E5.35634
G1 X107.006 Y106.814 E5.36527
G1 X106.875 Y107.338 E5.38355
G1 X106.514 Y107.862 E5.40509
G1 X105.801 Y108.386 E5.43504
G1 X105.605 Y108.648 E5.44612
G1 X105.574 Y108.91 E5.45505
G1 X105.704 Y109.434 E5.47332
G1 X106.065 Y109.958 E5.49486
G1 X106.778 Y110.483 E5.52483
G1 X106.975 Y110.745 E5.53593
G1 X107.006 Y111.007 E5.54486
G1 X106.875 Y111.531 E5.56314
G1 X106.514 Y112.055 E5.58468
G1 X105.801 Y112.579 E5.61463
G1 X105.605 Y112.841 E5.62571
G1 X105.61 Y113.248 E5.63949
G1 X103.869 Y113.248 E5.69842
G1 X103.968 Y113.103 E5.70436
G1 X104.681 Y112.579 E5.73431
G1 X104.878 Y112.317 E5.74541
G1 X104.909 Y112.055 E5.75434
G1 X104.778 Y111.531 E5.77262
G1 X104.418 Y111.007 E5.79414
G1 X103.705 Y110.483 E5.82409
G1 X103.508 Y110.221 E5.83519
G1 X103.477 Y109.958 E5.84415
G1 X103.608 Y109.434 E5.86243
G1 X103.968 Y108.91 E5.88395
G1 X104.681 Y108.386 E5.9139
G1 X104.878 Y108.124 E5.925
G1 X104.909 Y107.862 E5.93393
G1 X104.778 Y107.338 E5.95221
G1 X104.418 Y106.814 E5.97373
G1 X103.705 Y106.29 E6.00368
G1 X103.508 Y106.028 E6.01478
G1 X103.477 Y105.765 E6.02374
G1 X103.608 Y105.241 E6.04202
G1 X103.968 Y104.717 E6.06354
G1 X104.681 Y104.193 E6.09349
G1 X104.878 Y103.931 E6.10459
G1 X104.909 Y103.669 E6.11352
G1 X104.778 Y103.145 E6.1318
G1 X104.418 Y102.621 E6.15332
G1 X103.705 Y102.097 E6.18327
G1 X103.508 Y101.834 E6.19439
G1 X103.477 Y101.572 E6.20332
G1 X103.608 Y101.048 E6.2216
G1 X103.968 Y100.524 E6.24312
G1 X104.681 Y100 E6.27307
G1 X104.878 Y99.738 E6.28417
G1 X104.909 Y99.476 E6.2931
G1 X104.778 Y98.952 E6.31138
G1 X104.418 Y98.428 E6.3329
G1 X103.705 Y97.903 E6.36287
G1 X103.508 Y97.641 E6.37397
G1 X103.477 Y97.379 E6.3829
G1 X103.608 Y96.855 E6.40118
G1 X103.968 Y96.331 E6.4227
G1 X104.681 Y95.807 E6.45265
G1 X104.878 Y95.545 E6.46375
G1 X104.909 Y95.283 E6.47268
G1 X104.778 Y94.759 E6.49096
G1 X104.418 Y94.235 E6.51248
G1 X103.705 Y93.71 E6.54245
G1 X103.508 Y93.448 E6.55355
G1 X103.477 Y93.186 E6.56248
G1 X103.608 Y92.662 E6.58076
G1 X103.968 Y92.138 E6.60228
G1 X104.681 Y91.614 E6.63223
G1 X104.878 Y91.352 E6.64333
G1 X104.909 Y91.09 E6.65226
G1 X104.778 Y90.566 E6.67054
G1 X104.418 Y90.042 E6.69206
G1 X103.705 Y89.517 E6.72203
G1 X103.508 Y89.255 E6.73313
G1 X103.477 Y88.993 E6.74206
G1 X103.608 Y88.469 E6.76034
G1 X103.968 Y87.945 E6.78186
G1 X104.681 Y87.421 E6.81181
G1 X104.878 Y87.159 E6.82291
G1 X104.873 Y86.752 E6.83669
G1 X102.421 Y86.752 E6.91969
G1 X102.321 Y86.897 E6.92565
G1 X101.608 Y87.421 E6.9556
G1 X101.411 Y87.683 E6.9667
G1 X101.381 Y87.945 E6.97563
G1 X101.511 Y88.469 E6.9939
G1 X101.872 Y88.993 E7.01544
G1 X102.585 Y89.517 E7.04539
G1 X102.782 Y89.779 E7.05649
G1 X102.812 Y90.042 E7.06545
G1 X102.682 Y90.566 E7.08372
G1 X102.321 Y91.09 E7.10526
G1 X101.608 Y91.614 E7.13521
G1 X101.411 Y91.876 E7.14631
G1 X101.381 Y92.138 E7.15524
G1 X101.511 Y92.662 E7.17351
G1 X101.872 Y93.186 E7.19505
G1 X102.585 Y93.71 E7.225
G1 X102.782 Y93.973 E7.23612
G1 X102.812 Y94.235 E7.24505
G1 X102.682 Y94.759 E7.26332
G1 X102.321 Y95.283 E7.28486
G1 X101.608 Y95.807 E7.31481
G1 X101.411 Y96.069 E7.32591
G1 X101.381 Y96.331 E7.33484
G1 X101.511 Y96.855 E7.35311
G1 X101.872 Y97.379 E7.37465
G1 X102.585 Y97.903 E7.4046
G1 X102.782 Y98.166 E7.41572
G1 X102.812 Y98.428 E7.42465
G1 X102.682 Y98.952 E7.44292
G1 X102.321 Y99.476 E7.46446
G1 X101.608 Y100 E7.49441
G1 X101.411 Y100.262 E7.50551
G1 X101.381 Y100.524 E7.51444
G1 X101.511 Y101.048 E7.53271
G1 X101.872 Y101.572 E7.55425
G1 X102.585 Y102.097 E7.58422
G1 X102.782 Y102.359 E7.59532
G1 X102.812 Y102.621 E7.60425
G1 X102.682 Y103.145 E7.62252
G1 X102.321 Y103.669 E7.64406
G1 X101.608 Y104.193 E7.67401
G1 X101.411 Y104.455 E7.68511
G1 X101.381 Y104.717 E7.69404
G1 X101.511 Y105.241 E7.71231
G1 X101.872 Y105.765 E7.73385
G1 X102.585 Y106.29 E7.76382
G1 X102.782 Y106.552 E7.77492
G1 X102.812 Y106.814 E7.78385
G1 X102.682 Y107.338 E7.80212
G1 X102.321 Y107.862 E7.82366
G1 X101.608 Y108.386 E7.85361
G1 X101.411 Y108.648 E7.86471
G1 X101.381 Y108.91 E7.87364
G1 X101.511 Y109.434 E7.89191
G1 X101.872 Y109.958 E7.91345
G1 X102.585 Y110.483 E7.94342
G1 X102.782 Y110.745 E7.95452
G1 X102.812 Y111.007 E7.96345
G1 X102.682 Y111.531 E7.98172
G1 X102.321 Y112.055 E8.00326
G1 X101.608 Y112.579 E8.03321
G1 X101.411 Y112.841 E8.04431
G1 X101.417 Y113.248 E8.05809
G1 X99.675 Y113.248 E8.11705
G1 X99.775 Y113.103 E8.12301
G1 X100.488 Y112.579 E8.15296
G1 X100.685 Y112.317 E8.16406
G1 X100.716 Y112.055 E8.17299
G1 X100.585 Y111.531 E8.19127
G1 X100.225 Y111.007 E8.21279
G1 X99.512 Y110.483 E8.24274
G1 X99.315 Y110.221 E8.25384
G1 X99.284 Y109.958 E8.2628
G1 X99.415 Y109.434 E8.28108
G1 X99.775 Y108.91 E8.3026
G1 X100.488 Y108.386 E8.33255
G1 X100.685 Y108.124 E8.34365
G1 X100.716 Y107.862 E8.35258
G1 X100.585 Y107.338 E8.37086
G1 X100.225 Y106.814 E8.39238
G1 X99.512 Y106.29 E8.42233
G1 X99.315 Y106.028 E8.43343
G1 X99.284 Y105.765 E8.44239
G1 X99.415 Y105.241 E8.46067
G1 X99.775 Y104.717 E8.48219
G1 X100.488 Y104.193 E8.51214
G1 X100.685 Y103.931 E8.52324
G1 X100.716 Y103.669 E8.53217
G1 X100.585 Y103.145 E8.55045
G1 X100.225 Y102.621 E8.57197
G1 X99.512 Y102.097 E8.60192
G1 X99.315 Y101.834 E8.61304
G1 X99.284 Y101.572 E8.62197
G1 X99.415 Y101.048 E8.64025
G1 X99.775 Y100.524 E8.66177
G1 X100.488 Y100 E8.69172
G1 X100.685 Y99.738 E8.70282
G1 X100.716 Y99.476 E8.71175
G1 X100.585 Y98.952 E8.73003
G1 X100.225 Y98.428 E8.75155
G1 X99.512 Y97.903 E8.78152
G1 X99.315 Y97.641 E8.79262
G1 X99.284 Y97.379 E8.80155
G1 X99.415 Y96.855 E8.81983
G1 X99.775 Y96.331 E8.84135
G1 X100.488 Y95.807 E8.8713
G1 X100.685 Y95.545 E8.8824
G1 X100.716 Y95.283 E8.89133
G1 X100.585 Y94.759 E8.90961
G1 X100.225 Y94.235 E8.93113
G1 X99.512 Y93.71 E8.9611
G1 X99.315 Y93.448 E8.9722
G1 X99.284 Y93.186 E8.98113
G1 X99.415 Y92.662 E8.99941
G1 X99.775 Y92.138 E9.02093
G1 X100.488 Y91.614 E9.05088
G1 X100.685 Y91.352 E9.06198
G1 X100.716 Y91.09 E9.07091
G1 X100.585 Y90.566 E9.08919
G1 X100.225 Y90.042 E9.11071
G1 X99.512 Y89.517 E9.14068
G1 X99.315 Y89.255 E9.15178
G1 X99.284 Y88.993 E9.16071
G1 X99.415 Y88.469 E9.17899
G1 X99.775 Y87.945 E9.20051
G1 X100.488 Y87.421 E9.23046
G1 X100.685 Y87.159 E9.24156
G1 X100.68 Y86.752 E9.25534
G1 X98.228 Y86.752 E9.33834
G1 X98.128 Y86.897 E9.3443
G1 X97.415 Y87.421 E9.37425
G1 X97.218 Y87.683 E9.38535
G1 X97.188 Y87.945 E9.39428
G1 X97.318 Y88.469 E9.41255
G1 X97.679 Y88.993 E9.43409
G1 X98.392 Y89.517 E9.46404
G1 X98.589 Y89.779 E9.47514
G1 X98.619 Y90.042 E9.4841
G1 X98.489 Y90.566 E9.50237
G1 X98.128 Y91.09 E9.52391
G1 X97.415 Y91.614 E9.55386
G1 X97.218 Y91.876 E9.56496
G1 X97.188 Y92.138 E9.57389
G1 X97.318 Y92.662 E9.59216
G1 X97.679 Y93.186 E9.6137
G1 X98.392 Y93.71 E9.64365
G1 X98.589 Y93.973 E9.65477
G1 X98.619 Y94.235 E9.6637
G1 X98.489 Y94.759 E9.68197
G1 X98.128 Y95.283 E9.70351
G1 X97.415 Y95.807 E9.73346
G1 X97.218 Y96.069 E9.74456
G1 X97.188 Y96.331 E9.75349
G1 X97.318 Y96.855 E9.77176
G1 X97.679 Y97.379 E9.7933
G1 X98.392 Y97.903 E9.82325
G1 X98.589 Y98.166 E9.83437
G1 X98.619 Y98.428 E9.8433
G1 X98.489 Y98.952 E9.86157
G1 X98.128 Y99.476 E9.88311
G1 X97.415 Y100 E9.91306
G1 X97.218 Y100.262 E9.92416
G1 X97.188 Y100.524 E9.93309
G1 X97.318 Y101.048 E9.95136
G1 X97.679 Y101.572 E9.9729
G1 X98.392 Y102.097 E10.00287
G1 X98.589 Y102.359 E10.01397
G1 X98.619 Y102.621 E10.0229
G1 X98.489 Y103.145 E10.04117
G1 X98.128 Y103.669 E10.06271
G1 X97.415 Y104.193 E10.09266
G1 X97.218 Y104.455 E10.10376
G1 X97.188 Y104.717 E10.11269
G1 X97.318 Y105.241 E10.13096
G1 X97.679 Y105.765 E10.1525
G1 X98.392 Y106.29 E10.18247
G1 X98.589 Y106.552 E10.19357
G1 X98.619 Y106.814 E10.2025
G1 X98.489 Y107.338 E10.22077
G1 X98.128 Y107.862 E10.24231
G1 X97.415 Y108.386 E10.27226
G1 X97.218 Y108.648 E10.28336
G1 X97.188 Y108.91 E10.29229
G1 X97.318 Y109.434 E10.31056
G1 X97.679 Y109.958 E10.3321
G1 X98.392 Y110.483 E10.36207
G1 X98.589 Y110.745 E10.37317
G1 X98.619 Y111.007 E10.3821
G1 X98.489 Y111.531 E10.40037
G1 X98.128 Y112.055 E10.42191
G1 X97.415 Y112.579 E10.45186
G1 X97.218 Y112.841 E10.46296
G1 X97.224 Y113.248 E10.47674
G1 X95.482 Y113.248 E10.5357
G1 X95.582 Y113.103 E10.54166
G1 X96.295 Y112.579 E10.57161
G1 X96.492 Y112.317 E10.58271
G1 X96.523 Y112.055 E10.59164
G1 X96.392 Y111.531 E10.60992
G1 X96.032 Y111.007 E10.63144
G1 X95.319 Y110.483 E10.66139
G1 X95.122 Y110.221 E10.67249
G1 X95.091 Y109.958 E10.68145
G1 X95.222 Y109.434 E10.69973
G1 X95.582 Y108.91 E10.72125
G1 X96.295 Y108.386 E10.7512
G1 X96.492 Y108.124 E10.7623
G1 X96.523 Y107.862 E10.77123
G1 X96.392 Y107.338 E10.78951
G1 X96.032 Y106.814 E10.81103
G1 X95.319 Y106.29 E10.84098
G1 X95.122 Y106.028 E10.85208
G1 X95.091 Y105.765 E10.86104
G1 X95.222 Y105.241 E10.87932
G1 X95.582 Y104.717 E10.90084
G1 X96.295 Y104.193 E10.93079
G1 X96.492 Y103.931 E10.94189
G1 X96.523 Y103.669 E10.95082
G1 X96.392 Y103.145 E10.9691
G1 X96.032 Y102.621 E10.99062
G1 X95.319 Y102.097 E11.02057
G1 X95.122 Y101.834 E11.03169
G1 X95.091 Y101.572 E11.04062
G1 X95.222 Y101.048 E11.0589
G1 X95.582 Y100.524 E11.08042
G1 X96.295 Y100 E11.11037
G1 X96.492 Y99.738 E11.12147
G1 X96.523 Y99.476 E11.1304
G1 X96.392 Y98.952 E11.14868
G1 X96.032 Y98.428 E11.1702
G1 X95.319 Y97.903 E11.20017
G1 X95.122 Y97.641 E11.21127
G1 X95.091 Y97.379 E11.2202
G1 X95.222 Y96.855 E11.23848
G1 X95.582 Y96.331 E11.26
G1 X96.295 Y95.807 E11.28995
G1 X96.492 Y95.545 E11.30105
G1 X96.523 Y95.283 E11.30998
G1 X96.392 Y94.759 E11.32826
G1 X96.032 Y94.235 E11.34978
G1 X95.319 Y93.71 E11.37975
G1 X95.122 Y93.448 E11.39085
G1 X95.091 Y93.186 E11.39978
G1 X95.222 Y92.662 E11.41806
G1 X95.582 Y92.138 E11.43958
G1 X96.295 Y91.614 E11.46953
G1 X96.492 Y91.352 E11.48063
G1 X96.523 Y91.09 E11.48956
G1 X96.392 Y90.566 E11.50784
G1 X96.032 Y90.042 E11.52936
G1 X95.319 Y89.517 E11.55933
G1 X95.122 Y89.255 E11.57043
G1 X95.091 Y88.993 E11.57936
G1 X95.222 Y88.469 E11.59764
G1 X95.582 Y87.945 E11.61916
G1 X96.295 Y87.421 E11.64911
G1 X96.492 Y87.159 E11.66021
G1 X96.487 Y86.752 E11.67399
G1 X94.035 Y86.752 E11.75699
G1 X93.935 Y86.897 E11.76295
G1 X93.222 Y87.421 E11.7929
G1 X93.025 Y87.683 E11.804
G1 X92.995 Y87.945 E11.81293
G1 X93.125 Y88.469 E11.8312
G1 X93.486 Y88.993 E11.85274
G1 X94.199 Y89.517 E11.88269
G1 X94.396 Y89.779 E11.89379
G1 X94.426 Y90.042 E11.90275
G1 X94.296 Y90.566 E11.92102
G1 X93.935 Y91.09 E11.94256
G1 X93.222 Y91.614 E11.97251
G1 X93.025 Y91.876 E11.98361
G1 X92.995 Y92.138 E11.99254
G1 X93.125 Y92.662 E12.01081
G1 X93.486 Y93.186 E12.03235
G1 X94.199 Y93.71 E12.0623
G1 X94.396 Y93.973 E12.07342
G1 X94.426 Y94.235 E12.08235
G1 X94.296 Y94.759 E12.10062
G1 X93.935 Y95.283 E12.12216
G1 X93.222 Y95.807 E12.15211
G1 X93.025 Y96.069 E12.16321
G1 X92.995 Y96.331 E12.17214
G1 X93.125 Y96.855 E12.19041
G1 X93.486 Y97.379 E12.21195
G1 X94.199 Y97.903 E12.2419
G1 X94.396 Y98.166 E12.25302
G1 X94.426 Y98.428 E12.26195
G1 X94.296 Y98.952 E12.28022
G1 X93.935 Y99.476 E12.30176
G1 X93.222 Y100 E12.33171
G1 X93.025 Y100.262 E12.34281
G1 X92.995 Y100.524 E12.35174
G1 X93.125 Y101.048 E12.37001
G1 X93.486 Y101.572 E12.39155
G1 X94.199 Y102.097 E12.42152
G1 X94.396 Y102.359 E12.43262
G1 X94.426 Y102.621 E12.44155
G1 X94.296 Y103.145 E12.45982
G1 X93.935 Y103.669 E12.48136
G1 X93.222 Y104.193 E12.51131
G1 X93.025 Y104.455 E12.52241
G1 X92.995 Y104.717 E12.53134
G1 X93.125 Y105.241 E12.54961
G1 X93.486 Y105.765 E12.57115
G1 X94.199 Y106.29 E12.60112
G1 X94.396 Y106.552 E12.61222
G1 X94.426 Y106.814 E12.62115
G1 X94.296 Y107.338 E12.63942
G1 X93.935 Y107.862 E12.66096
G1 X93.222 Y108.386 E12.69091
G1 X93.025 Y108.648 E12.70201
G1 X92.995 Y108.91 E12.71094
G1 X93.125 Y109.434 E12.72921
G1 X93.486 Y109.958 E12.75075
G1 X94.199 Y110.483 E12.78072
G1 X94.396 Y110.745 E12.79182
G1 X94.426 Y111.007 E12.80075
G1 X94.296 Y111.531 E12.81902
G1 X93.935 Y112.055 E12.84056
G1 X93.222 Y112.579 E12.87051
G1 X93.025 Y112.841 E12.88161
G1 X93.031 Y113.248 E12.89539
G1 X91.289 Y113.248 E12.95435
G1 X91.389 Y113.103 E12.96031
G1 X92.102 Y112.579 E12.99026
G1 X92.299 Y112.317 E13.00136
G1 X92.33 Y112.055 E13.01029
G1 X92.199 Y111.531 E13.02857
G1 X91.839 Y111.007 E13.05009
G1 X91.126 Y110.483 E13.08004
G1 X90.929 Y110.221 E13.09114
G1 X90.898 Y109.958 E13.1001
G1 X91.029 Y109.434 E13.11838
G1 X91.389 Y108.91 E13.1399
G1 X92.102 Y108.386 E13.16985
G1 X92.299 Y108.124 E13.18095
G1 X92.33 Y107.862 E13.18988
G1 X92.199 Y107.338 E13.20816
G1 X91.839 Y106.814 E13.22968
G1 X91.126 Y106.29 E13.25963
G1 X90.929 Y106.028 E13.27073
G1 X90.898 Y105.765 E13.27969
G1 X91.029 Y105.241 E13.29797
G1 X91.389 Y104.717 E13.31949
G1 X92.102 Y104.193 E13.34944
G1 X92.299 Y103.931 E13.36054
G1 X92.33 Y103.669 E13.36947
G1 X92.199 Y103.145 E13.38775
G1 X91.839 Y102.621 E13.40927
G1 X91.126 Y102.097 E13.43922
G1 X90.929 Y101.834 E13.45034
G1 X90.898 Y101.572 E13.45927
G1 X91.029 Y101.048 E13.47755
G1 X91.389 Y100.524 E13.49907
G1 X92.102 Y100 E13.52902
G1 X92.299 Y99.738 E13.54012
G1 X92.33 Y99.476 E13.54905
G1 X92.199 Y98.952 E13.56733
G1 X91.839 Y98.428 E13.58885
G1 X91.126 Y97.903 E13.61882
G1 X90.929 Y97.641 E13.62992
G1 X90.898 Y97.379 E13.63885
G1 X91.029 Y96.855 E13.65713
G1 X91.389 Y96.331 E13.67865
G1 X92.102 Y95.807 E13.7086
G1 X92.299 Y95.545 E13.7197
G1 X92.33 Y95.283 E13.72863
G1 X92.199 Y94.759 E13.74691
G1 X91.839 Y94.235 E13.76843
G1 X91.126 Y93.71 E13.7984
G1 X90.929 Y93.448 E13.8095
G1 X90.898 Y93.186 E13.81843
G1 X91.029 Y92.662 E13.83671
G1 X91.389 Y92.138 E13.85823
G1 X92.102 Y91.614 E13.88818
G1 X92.299 Y91.352 E13.89928
G1 X92.33 Y91.09 E13.90821
G1 X92.199 Y90.566 E13.92649
G1 X91.839 Y90.042 E13.94801
G1 X91.126 Y89.517 E13.97798
G1 X90.929 Y89.255 E13.98908
G1 X90.898 Y88.993 E13.99801
G1 X91.029 Y88.469 E14.01629
G1 X91.389 Y87.945 E14.03781
G1 X92.102 Y87.421 E14.06776
G1 X92.299 Y87.159 E14.07886
G1 X92.294 Y86.752 E14.09264
G1 X89.842 Y86.752 E14.17564
G1 X89.742 Y86.897 E14.1816
G1 X89.029 Y87.421 E14.21155
G1 X88.832 Y87.683 E14.22265
G1 X88.801 Y87.945 E14.23158
G1 X88.932 Y88.469 E14.24986
G1 X89.293 Y88.993 E14.2714
G1 X90.006 Y89.517 E14.30135
G1 X90.202 Y89.779 E14.31243
G1 X90.233 Y90.042 E14.32139
G1 X90.103 Y90.566 E14.33966
G1 X89.742 Y91.09 E14.3612
G1 X89.029 Y91.614 E14.39115
G1 X88.832 Y91.876 E14.40225
G1 X88.801 Y92.138 E14.41118
G1 X88.932 Y92.662 E14.42946
G1 X89.293 Y93.186 E14.451
G1 X90.006 Y93.71 E14.48095
G1 X90.202 Y93.973 E14.49205
G1 X90.233 Y94.235 E14.50098
G1 X90.103 Y94.759 E14.51925
G1 X89.742 Y95.283 E14.54079
G1 X89.029 Y95.807 E14.57074
G1 X88.832 Y96.069 E14.58184
G1 X88.801 Y96.331 E14.59077
G1 X88.932 Y96.855 E14.60905
G1 X89.293 Y97.379 E14.63059
G1 X90.006 Y97.903 E14.66054
G1 X90.202 Y98.166 E14.67164
G1 X90.233 Y98.428 E14.68057
G1 X90.103 Y98.952 E14.69884
G1 X89.742 Y99.476 E14.72038
G1 X89.029 Y100 E14.75033
G1 X88.832 Y100.262 E14.76143
G1 X88.801 Y100.524 E14.77036
G1 X88.932 Y101.048 E14.78864
G1 X89.293 Y101.572 E14.81018
G1 X90.006 Y102.097 E14.84015
G1 X90.202 Y102.359 E14.85123
G1 X90.233 Y102.621 E14.86016
G1 X90.103 Y103.145 E14.87843
G1 X89.742 Y103.669 E14.89997
G1 X89.029 Y104.193 E14.92992
G1 X88.832 Y104.455 E14.94102
G1 X88.801 Y104.717 E14.94995
G1 X88.932 Y105.241 E14.96823
G1 X89.293 Y105.765 E14.98977
G1 X90.006 Y106.29 E15.01974
G1 X90.202 Y106.552 E15.03082
G1 X90.233 Y106.814 E15.03975
G1 X90.103 Y107.338 E15.05802
G1 X89.742 Y107.862 E15.07956
G1 X89.029 Y108.386 E15.10951
G1 X88.832 Y108.648 E15.12061
G1 X88.801 Y108.91 E15.12954
G1 X88.932 Y109.434 E15.14782
G1 X89.293 Y109.958 E15.16936
G1 X90.006 Y110.483 E15.19933
G1 X90.202 Y110.745 E15.21041
G1 X90.233 Y111.007 E15.21934
G1 X90.103 Y111.531 E15.23761
G1 X89.742 Y112.055 E15.25915
G1 X89.029 Y112.579 E15.2891
G1 X88.832 Y112.841 E15.3002
G1 X88.838 Y113.248 E15.31398
G1 X87.096 Y113.248 E15.37294
G1 X87.196 Y113.103 E15.3789
G1 X87.909 Y112.579 E15.40885
G1 X88.106 Y112.317 E15.41995
G1 X88.137 Y112.055 E15.42888
G1 X88.006 Y111.531 E15.44716
G1 X87.646 Y111.007 E15.46868
G1 X86.933 Y110.483 E15.49863
G1 X86.736 Y110.221 E15.50973
G1 X86.705 Y109.958 E15.51869
G1 X86.836 Y109.434 E15.53697
G1 X87.196 Y108.91 E15.55849
G1 X87.909 Y108.386 E15.58844
G1 X88.106 Y108.124 E15.59954
G1 X88.137 Y107.862 E15.60847
G1 X88.006 Y107.338 E15.62675
G1 X87.646 Y106.814 E15.64827
G1 X86.933 Y106.29 E15.67822
G1 X86.736 Y106.028 E15.68932
G1 X86.705 Y105.765 E15.69828
G1 X86.836 Y105.241 E15.71656
G1 X87.196 Y104.717 E15.73808
G1 X87.909 Y104.193 E15.76803
G1 X88.106 Y103.931 E15.77913
G1 X88.137 Y103.669 E15.78806
G1 X88.006 Y103.145 E15.80634
G1 X87.646 Y102.621 E15.82786
G1 X86.933 Y102.097 E15.85781
G1 X86.736 Y101.834 E15.86893
G1 X86.705 Y101.572 E15.87786
G1 X86.836 Y101.048 E15.89614
G1 X87.196 Y100.524 E15.91766
G1 X87.909 Y100 E15.94761
G1 X88.106 Y99.738 E15.95871
G1 X88.137 Y99.476 E15.96764
G1 X88.006 Y98.952 E15.98592
G1 X87.646 Y98.428 E16.00744
G1 X86.933 Y97.903 E16.03741
G1 X86.736 Y97.641 E16.04851
G1 X86.705 Y97.379 E16.05744
G1 X86.836 Y96.855 E16.07572
G1 X87.196 Y96.331 E16.09724
G1 X87.909 Y95.807 E16.12719
G1 X88.106 Y95.545 E16.13829
G1 X88.137 Y95.283 E16.14722
G1 X88.006 Y94.759 E16.1655
G1 X87.646 Y94.235 E16.18702
G1 X86.933 Y93.71 E16.21699
G1 X86.736 Y93.448 E16.22809
G1 X86.705 Y93.186 E16.23702
G1 X86.836 Y92.662 E16.2553
G1 X87.196 Y92.138 E16.27682
G1 X87.909 Y91.614 E16.30677
G1 X88.106 Y91.352 E16.31787
G1 X88.137 Y91.09 E16.3268
G1 X88.006 Y90.566 E16.34508
G1 X87.646 Y90.042 E16.3666
G1 X86.933 Y89.517 E16.39657
G1 X86.736 Y89.255 E16.40767
G1 X86.705 Y88.993 E16.4166
G1 X86.836 Y88.469 E16.43488
G1 X87.196 Y87.945 E16.4564
G1 X87.909 Y87.421 E16.48635
G1 X88.106 Y87.159 E16.49745
G1 X88.101 Y86.752 E16.51123
G1 X85.649 Y86.752 E16.59423
G1 X85.549 Y86.897 E16.60019
G1 X84.836 Y87.421 E16.63014
G1 X84.639 Y87.683 E16.64124
G1 X84.608 Y87.945 E16.65017
G1 X84.739 Y88.469 E16.66845
G1 X85.1 Y88.993 E16.68999
G1 X85.813 Y89.517 E16.71994
G1 X86.009 Y89.779 E16.73102
G1 X86.04 Y90.042 E16.73998
G1 X85.91 Y90.566 E16.75825
G1 X85.549 Y91.09 E16.77979
G1 X84.836 Y91.614 E16.80974
G1 X84.639 Y91.876 E16.82084
G1 X84.608 Y92.138 E16.82977
G1 X84.739 Y92.662 E16.84805
G1 X85.1 Y93.186 E16.86959
G1 X85.813 Y93.71 E16.89954
G1 X86.009 Y93.973 E16.91064
G1 X86.04 Y94.235 E16.91957
G1 X85.91 Y94.759 E16.93784
G1 X85.549 Y95.283 E16.95938
G1 X84.836 Y95.807 E16.98933
G1 X84.639 Y96.069 E17.00043
G1 X84.608 Y96.331 E17.00936
G1 X84.739 Y96.855 E17.02764
G1 X85.1 Y97.379 E17.04918
G1 X85.813 Y97.903 E17.07913
G1 X86.009 Y98.166 E17.09023
G1 X86.04 Y98.428 E17.09916
G1 X85.91 Y98.952 E17.11743
G1 X85.549 Y99.476 E17.13897
G1 X84.836 Y100 E17.16892
G1 X84.639 Y100.262 E17.18002
G1 X84.608 Y100.524 E17.18895
G1 X84.739 Y101.048 E17.20723
G1 X85.1 Y101.572 E17.22877
G1 X85.813 Y102.097 E17.25874
G1 X86.009 Y102.359 E17.26982
G1 X86.04 Y102.621 E17.27875
G1 X85.91 Y103.145 E17.29702
G1 X85.549 Y103.669 E17.31856
G1 X84.836 Y104.193 E17.34851
G1 X84.639 Y104.455 E17.35961
G1 X84.608 Y104.717 E17.36854
G1 X84.739 Y105.241 E17.38682
G1 X85.1 Y105.765 E17.40836
G1 X85.813 Y106.29 E17.43833
G1 X86.009 Y106.552 E17.44941
G1 X86.04 Y106.814 E17.45834
G1 X85.91 Y107.338 E17.47661
G1 X85.549 Y107.862 E17.49815
G1 X84.836 Y108.386 E17.5281
G1 X84.639 Y108.648 E17.5392
G1 X84.608 Y108.91 E17.54813
G1 X84.739 Y109.434 E17.56641
G1 X85.1 Y109.958 E17.58795
G1 X85.813 Y110.483 E17.61792
G1 X86.009 Y110.745 E17.629
G1 X86.04 Y111.007 E17.63793
G1 X85.91 Y111.531 E17.6562
G1 X85.549 Y112.055 E17.67774
G1 X84.836 Y112.579 E17.70769
G1 X84.639 Y112.841 E17.71879
G1 X84.645 Y113.248 E17.73257
G1 X82.903 Y113.248 E17.79153
G1 X83.003 Y113.103 E17.79749
G1 X83.716 Y112.579 E17.82744
G1 X83.913 Y112.317 E17.83854
G1 X83.944 Y112.055 E17.84747
G1 X83.813 Y111.531 E17.86575
G1 X83.452 Y111.007 E17.88729
G1 X82.74 Y110.483 E17.91721
G1 X82.543 Y110.221 E17.92831
G1 X82.512 Y109.958 E17.93727
G1 X82.642 Y109.434 E17.95554
G1 X83.003 Y108.91 E17.97708
G1 X83.716 Y108.386 E18.00703
G1 X83.913 Y108.124 E18.01813
G1 X83.944 Y107.862 E18.02706
G1 X83.813 Y107.338 E18.04534
G1 X83.452 Y106.814 E18.06688
G1 X82.74 Y106.29 E18.0968
G1 X82.543 Y106.028 E18.1079
G1 X82.512 Y105.765 E18.11686
G1 X82.642 Y105.241 E18.13513
G1 X83.003 Y104.717 E18.15667
G1 X83.716 Y104.193 E18.18662
G1 X83.913 Y103.931 E18.19772
G1 X83.944 Y103.669 E18.20665
G1 X83.813 Y103.145 E18.22493
G1 X83.452 Y102.621 E18.24647
G1 X82.74 Y102.097 E18.27639
G1 X82.543 Y101.834 E18.28751
G1 X82.512 Y101.572 E18.29644
G1 X82.642 Y101.048 E18.31471
G1 X83.003 Y100.524 E18.33625
G1 X83.716 Y100 E18.3662
G1 X83.913 Y99.738 E18.3773
G1 X83.944 Y99.476 E18.38623
G1 X83.813 Y98.952 E18.40451
G1 X83.452 Y98.428 E18.42605
G1 X82.74 Y97.903 E18.45599
G1 X82.543 Y97.641 E18.46709
G1 X82.512 Y97.379 E18.47602
G1 X82.642 Y96.855 E18.49429
G1 X83.003 Y96.331 E18.51583
G1 X83.716 Y95.807 E18.54578
G1 X83.913 Y95.545 E18.55688
G1 X83.944 Y95.283 E18.56581
G1 X83.813 Y94.759 E18.58409
G1 X83.452 Y94.235 E18.60563
G1 X82.74 Y93.71 E18.63557
G1 X82.543 Y93.448 E18.64667
G1 X82.512 Y93.186 E18.6556
G1 X82.642 Y92.662 E18.67387
G1 X83.003 Y92.138 E18.69541
G1 X83.716 Y91.614 E18.72536
G1 X83.913 Y91.352 E18.73646
G1 X83.944 Y91.09 E18.74539
G1 X83.813 Y90.566 E18.76367
G1 X83.452 Y90.042 E18.78521
G1 X82.74 Y89.517 E18.81515
G1 X82.543 Y89.255 E18.82625
G1 X82.512 Y88.993 E18.83518
G1 X82.642 Y88.469 E18.85345
G1 X83.003 Y87.945 E18.87499
G1 X83.716 Y87.421 E18.90494
G1 X83.913 Y87.159 E18.91604
G1 X83.944 Y86.897 E18.92497
G1 X83.908 Y86.752 E18.93003
G1 X81.456 Y86.752 E19.01303
G1 X81.356 Y86.897 E19.01899
G1 X80.643 Y87.421 E19.04894
G1 X80.446 Y87.683 E19.06004
G1 X80.415 Y87.945 E19.06897
G1 X80.546 Y88.469 E19.08725
G1 X80.907 Y88.993 E19.10879
G1 X81.62 Y89.517 E19.13874
G1 X81.816 Y89.779 E19.14982
G1 X81.847 Y90.042 E19.15878
G1 X81.717 Y90.566 E19.17705
G1 X81.356 Y91.09 E19.19859
G1 X80.643 Y91.614 E19.22854
G1 X80.446 Y91.876 E19.23964
G1 X80.415 Y92.138 E19.24857
G1 X80.546 Y92.662 E19.26685
G1 X80.907 Y93.186 E19.28839
G1 X81.62 Y93.71 E19.31834
G1 X81.816 Y93.973 E19.32944
G1 X81.847 Y94.235 E19.33837
G1 X81.717 Y94.759 E19.35664
G1 X81.356 Y95.283 E19.37818
G1 X80.643 Y95.807 E19.40813
G1 X80.446 Y96.069 E19.41923
G1 X80.415 Y96.331 E19.42816
G1 X80.546 Y96.855 E19.44644
G1 X80.907 Y97.379 E19.46798
G1 X81.62 Y97.903 E19.49793
G1 X81.816 Y98.166 E19.50903
G1 X81.847 Y98.428 E19.51796
G1 X81.717 Y98.952 E19.53623
G1 X81.356 Y99.476 E19.55777
G1 X80.643 Y100 E19.58772
G1 X80.446 Y100.262 E19.59882
G1 X80.415 Y100.524 E19.60775
G1 X80.546 Y101.048 E19.62603
G1 X80.907 Y101.572 E19.64757
G1 X81.62 Y102.097 E19.67754
G1 X81.816 Y102.359 E19.68862
G1 X81.847 Y102.621 E19.69755
G1 X81.717 Y103.145 E19.71582
G1 X81.356 Y103.669 E19.73736
G1 X80.643 Y104.193 E19.76731
G1 X80.446 Y104.455 E19.77841
G1 X80.415 Y104.717 E19.78734
G1 X80.546 Y105.241 E19.80562
G1 X80.907 Y105.765 E19.82716
G1 X81.62 Y106.29 E19.85713
G1 X81.816 Y106.552 E19.86821
G1 X81.847 Y106.814 E19.87714
G1 X81.717 Y107.338 E19.89541
G1 X81.356 Y107.862 E19.91695
G1 X80.643 Y108.386 E19.9469
G1 X80.446 Y108.648 E19.958
G1 X80.415 Y108.91 E19.96693
G1 X80.546 Y109.434 E19.98521
G1 X80.907 Y109.958 E20.00675
G1 X81.62 Y110.483 E20.03672
G1 X81.816 Y110.745 E20.0478
G1 X81.847 Y111.007 E20.05673
G1 X81.717 Y111.531 E20.075
G1 X81.356 Y112.055 E20.09654
G1 X80.643 Y112.579 E20.12649
G1 X80.446 Y112.841 E20.13759
G1 X80.452 Y113.248 E20.15137
G1 X80.252 Y113.248 E20.15814
G1 X80.252 Y111.006 E20.23403
;LAYER_CHANGE
;Z:4
;HEIGHT:0.2
G1 E18.23403 F2400
G92 E0
G1 Z4 F7200
G1 X116.845 Y97.573
G1 E2 F2400
;TYPE:Perimeter
;WIDTH:0.449999
G1 F1200
G1 X117.254 Y97.749 E2.01507
G1 X117.719 Y98.047 E2.03376
G1 X118.134 Y98.411 E2.05245
G1 X118.687 Y99.147 E2.08361
G1 X118.851 Y99.456 E2.09545
G1 X119.031 Y99.931 E2.11264
G1 X119.185 Y100.818 E2.14311
G1 X119.187 Y101.159 E2.15465
G1 X119.13 Y101.665 E2.17189
G1 X118.976 Y102.25 E2.19237
G1 X118.636 Y102.946 E2.21859
G1 X118.125 Y103.595 E2.24655
G1 X117.482 Y104.113 E2.2745
G1 X116.948 Y104.398 E2.29499
G1 X116.425 Y104.576 E2.31369
G1 X115.883 Y104.674 E2.33233
G1 X115.182 Y104.677 E2.35606
G1 X114.874 Y104.635 E2.36658
G1 X114.323 Y104.496 E2.38581
G1 X113.746 Y104.251 E2.40703
G1 X113.109 Y103.812 E2.43322
G1 X112.588 Y103.268 E2.45872
G1 X112.136 Y102.515 E2.48845
G1 X112.013 Y102.212 E2.49952
G1 X111.871 Y101.692 E2.51777
G1 X111.81 Y101.13 E2.5369
G1 X111.857 Y100.408 E2.56139
G1 X112.017 Y99.773 E2.58356
G1 X112.249 Y99.246 E2.60305
G1 X112.689 Y98.609 E2.62926
G1 X112.905 Y98.375 E2.64004
G1 X113.291 Y98.043 E2.65727
G1 X113.802 Y97.72 E2.67773
G1 X114.345 Y97.503 E2.69752
G1 X114.859 Y97.367 E2.71552
G1 X115.413 Y97.306 E2.73439
G1 X115.921 Y97.331 E2.75161
G1 X116.698 Y97.509 E2.77859
G1 X116.79 Y97.549 E2.78199
G1 X116.698 Y97.949 F7200
G1 F1200
G1 X117.077 Y98.116 E2.79601
G1 X117.608 Y98.478 E2.81776
G1 X118 Y98.873 E2.8366
G1 X118.353 Y99.379 E2.85748
G1 X118.651 Y100.076 E2.88314
G1 X118.781 Y100.87 E2.91037
G1 X118.726 Y101.619 E2.93579
G1 X118.587 Y102.13 E2.95372
G1 X118.276 Y102.756 E2.97738
G1 X117.816 Y103.329 E3.00225
G1 X117.24 Y103.786 E3.02714
G1 X116.771 Y104.031 E3.04505
G1 X116.157 Y104.221 E3.06681
G1 X115.642 Y104.282 E3.08436
G1 X115.082 Y104.261 E3.10333
G1 X114.422 Y104.102 E3.12631
G1 X113.923 Y103.884 E3.14474
G1 X113.351 Y103.484 E3.16837
G1 X112.894 Y102.999 E3.19093
G1 X112.493 Y102.319 E3.21765
G1 X112.285 Y101.67 E3.24072
G1 X112.215 Y101.093 E3.26039
G1 X112.262 Y100.449 E3.28225
G1 X112.408 Y99.887 E3.3019
G1 X112.616 Y99.423 E3.31911
G1 X113.016 Y98.851 E3.34274
G1 X113.556 Y98.352 E3.36763
G1 X114.005 Y98.072 E3.38554
G1 X114.479 Y97.888 E3.40275
G1 X114.909 Y97.771 E3.41783
G1 X115.421 Y97.713 E3.43527
G1 X116.028 Y97.754 E3.45586
G1 X116.593 Y97.902 E3.47563
G1 X116.643 Y97.924 E3.47748
G1 X116.55 Y98.325 F7200
G1 F1200
G1 X116.98 Y98.528 E3.49358
G1 X117.331 Y98.776 E3.50813
G1 X117.666 Y99.106 E3.52405
G1 X118.02 Y99.612 E3.54495
G1 X118.27 Y100.22 E3.5672
G1 X118.377 Y100.922 E3.59124
G1 X118.321 Y101.574 E3.61339
G1 X118.154 Y102.115 E3.63255
G1 X117.916 Y102.565 E3.64978
G1 X117.508 Y103.063 E3.67157
G1 X116.998 Y103.458 E3.69341
G1 X116.51 Y103.698 E3.71182
G1 X116.096 Y103.818 E3.72641
G1 X115.653 Y103.875 E3.74153
G1 X115.137 Y103.858 E3.75901
G1 X114.521 Y103.707 E3.78048
G1 X114.049 Y103.49 E3.79806
G1 X113.593 Y103.157 E3.81717
G1 X113.2 Y102.73 E3.83681
G1 X112.85 Y102.123 E3.86053
G1 X112.677 Y101.561 E3.88043
G1 X112.62 Y101.056 E3.89763
G1 X112.667 Y100.491 E3.91682
G1 X112.799 Y100 E3.93403
G1 X113.018 Y99.537 E3.95137
G1 X113.344 Y99.092 E3.97004
G1 X113.822 Y98.66 E3.99185
G1 X114.251 Y98.403 E4.00878
G1 X114.793 Y98.209 E4.02827
G1 X115.476 Y98.121 E4.05158
G1 X115.996 Y98.164 E4.06924
G1 X116.488 Y98.296 E4.08648
G1 X116.496 Y98.299 E4.08677
G1 X116.403 Y98.698 F7200
;TYPE:External perimeter
G1 F1200
G1 X116.75 Y98.865 E4.0998
G1 X117.054 Y99.075 E4.11231
G1 X117.332 Y99.339 E4.12529
G1 X117.686 Y99.845 E4.14619
G1 X117.889 Y100.365 E4.16509
G1 X117.973 Y100.974 E4.1859
G1 X117.917 Y101.528 E4.20475
G1 X117.794 Y101.925 E4.21882
G1 X117.557 Y102.375 E4.23604
G1 X117.199 Y102.798 E4.2548
G1 X116.757 Y103.131 E4.27353
G1 X116.39 Y103.309 E4.28734
G1 X116.036 Y103.416 E4.29986
G1 X115.665 Y103.469 E4.31255
G1 X115.171 Y103.45 E4.32928
G1 X114.621 Y103.312 E4.34847
G1 X114.244 Y103.131 E4.36263
G1 X113.834 Y102.829 E4.37987
G1 X113.492 Y102.444 E4.3973
G1 X113.207 Y101.928 E4.41725
G1 X113.066 Y101.439 E4.43448
G1 X113.026 Y100.979 E4.45011
G1 X113.079 Y100.496 E4.46656
G1 X113.202 Y100.082 E4.48118
G1 X113.369 Y99.743 E4.49397
G1 X113.671 Y99.334 E4.51118
G1 X114.088 Y98.969 E4.52994
G1 X114.447 Y98.762 E4.54397
G1 X114.928 Y98.593 E4.56123
G1 X115.452 Y98.527 E4.57911
G1 X115.891 Y98.557 E4.594
G1 X116.347 Y98.679 E4.60998
G1 X116.709 Y98.848 F7200
G1 E2.60998 F2400
G92 E0
G1 X112.702 Y88.361 F7200
G1 E2 F2400
;TYPE:Perimeter
G1 F1200
G1 X112.799 Y88 E2.01265
G1 X113.042 Y87.502 E2.03141
G1 X113.344 Y87.092 E2.04865
G1 X113.822 Y86.66 E2.07046
G1 X114.291 Y86.385 E2.08886
;WIDTH:0.497868
G1 X114.508 Y86.282 E2.09795
;WIDTH:0.545736
G1 X114.725 Y86.18 E2.10797
G1 X115.339 Y86.105 E2.13383
;WIDTH:0.502748
G1 X115.875 Y86.118 E2.15433
G1 X116.182 Y86.207 E2.16655
;WIDTH:0.476374
G1 X116.488 Y86.296 E2.17804
;WIDTH:0.449999
G1 X117.065 Y86.583 E2.19985
G1 X117.493 Y86.92 E2.21829
G1 X117.793 Y87.258 E2.23359
G1 X118.063 Y87.689 E2.25081
G1 X118.291 Y88.293 E2.27266
G1 X118.378 Y88.932 E2.29449
G1 X118.321 Y89.573 E2.31627
G1 X118.123 Y90.187 E2.33811
G1 X117.84 Y90.677 E2.35726
G1 X117.508 Y91.063 E2.37449
G1 X117.085 Y91.406 E2.39292
G1 X116.693 Y91.621 E2.40805
G1 X116.186 Y91.797 E2.42622
G1 X115.654 Y91.867 E2.44438
G1 X115.335 Y91.867 E2.45518
G1 X114.815 Y91.798 E2.47294
G1 X114.385 Y91.655 E2.48828
G1 X113.935 Y91.417 E2.50551
G1 X113.437 Y91.008 E2.52732
G1 X113.042 Y90.498 E2.54916
G1 X112.815 Y90.048 E2.56622
G1 X112.677 Y89.561 E2.58335
G1 X112.62 Y89.056 E2.60055
G1 X112.667 Y88.491 E2.61974
G1 X112.686 Y88.419 E2.62226
G1 X113.092 Y88.45 F7200
;TYPE:External perimeter
G1 F1200
G1 X113.202 Y88.082 E2.63526
G1 X113.369 Y87.743 E2.64805
G1 X113.671 Y87.334 E2.66526
G1 X114.088 Y86.969 E2.68402
G1 X114.44 Y86.764 E2.69781
G1 X114.798 Y86.629 E2.71076
G1 X115.408 Y86.53 E2.73168
G1 X115.891 Y86.557 E2.74805
G1 X116.383 Y86.689 E2.76529
G1 X116.875 Y86.943 E2.78403
G1 X117.194 Y87.196 E2.79781
G1 X117.448 Y87.475 E2.81058
G1 X117.719 Y87.906 E2.82781
G1 X117.907 Y88.427 E2.84656
G1 X117.974 Y88.977 E2.86531
G1 X117.917 Y89.528 E2.88406
G1 X117.739 Y90.053 E2.90282
G1 X117.531 Y90.412 E2.91686
G1 X117.199 Y90.798 E2.93409
G1 X116.881 Y91.053 E2.94789
G1 X116.555 Y91.238 E2.96058
G1 X116.089 Y91.401 E2.97729
G1 X115.524 Y91.474 E2.99657
G1 X114.972 Y91.417 E3.01535
G1 X114.575 Y91.295 E3.02941
G1 X114.125 Y91.057 E3.04664
G1 X113.702 Y90.699 E3.0654
G1 X113.369 Y90.257 E3.08413
G1 X113.189 Y89.884 E3.09815
G1 X113.062 Y89.416 E3.11456
G1 X113.026 Y89.018 E3.12809
G1 X113.078 Y88.508 E3.14544
G1 X113.192 Y88.125 F7200
G1 E1.14544 F2400
G92 E0
G1 X120.054 Y113.554 F7200
G1 E2 F2400
;TYPE:Perimeter
G1 F2700
G1 X79.946 Y113.554 E3.35761
G1 X79.946 Y86.446 E4.27518
G1 X112.839 Y86.446 E5.38857
G1 X112.689 Y86.609 E5.39607
G1 X112.249 Y87.246 E5.42228
G1 X112.017 Y87.773 E5.44177
G1 X111.857 Y88.408 E5.46394
G1 X111.81 Y89.13 E5.48843
G1 X111.892 Y89.779 E5.51057
G1 X112.102 Y90.448 E5.5343
G1 X112.387 Y90.982 E5.55479
G1 X112.689 Y91.391 E5.572
G1 X112.905 Y91.625 E5.58278
G1 X113.291 Y91.957 E5.60001
G1 X113.698 Y92.212 E5.61627
G1 X114.251 Y92.476 E5.63701
G1 X114.835 Y92.63 E5.65745
G1 X115.341 Y92.687 E5.67469
G1 X115.758 Y92.675 E5.68881
G1 X116.549 Y92.539 E5.71598
G1 X117.198 Y92.28 E5.73963
G1 X117.668 Y91.991 E5.75831
G1 X118.125 Y91.594 E5.7788
G1 X118.611 Y90.992 E5.80499
G1 X118.891 Y90.456 E5.82546
G1 X119.13 Y89.664 E5.85346
G1 X119.187 Y89.159 E5.87066
G1 X119.187 Y88.841 E5.88142
G1 X119.059 Y88.024 E5.90941
G1 X118.891 Y87.543 E5.92666
G1 X118.753 Y87.256 E5.93744
G1 X118.482 Y86.825 E5.95467
G1 X118.164 Y86.446 E5.97142
G1 X120.054 Y86.446 E6.03539
G1 X120.054 Y113.494 E6.95093
G1 X120.461 Y113.961 F7200
G1 F2700
G1 X79.539 Y113.961 E8.33609
G1 X79.539 Y86.039 E9.28122
G1 X114.074 Y86.039 E10.45019
G1 X113.556 Y86.352 E10.47068
G1 X113.016 Y86.851 E10.49557
G1 X112.616 Y87.423 E10.5192
G1 X112.408 Y87.887 E10.53641
G1 X112.262 Y88.449 E10.55606
G1 X112.215 Y89.093 E10.57792
G1 X112.285 Y89.67 E10.59759
G1 X112.468 Y90.271 E10.61886
G1 X112.714 Y90.74 E10.63679
G1 X113.171 Y91.316 E10.66168
G1 X113.745 Y91.777 E10.6866
G1 X114.296 Y92.061 E10.70758
G1 X114.78 Y92.209 E10.72471
G1 X115.289 Y92.272 E10.74207
G1 X115.706 Y92.271 E10.75618
G1 X116.267 Y92.196 E10.77534
G1 X116.832 Y92.004 E10.79554
G1 X117.414 Y91.672 E10.81822
G1 X117.817 Y91.329 E10.83613
G1 X118.258 Y90.788 E10.85976
G1 X118.507 Y90.322 E10.87764
G1 X118.726 Y89.619 E10.90256
G1 X118.783 Y88.886 E10.92745
G1 X118.675 Y88.158 E10.95236
G1 X118.408 Y87.472 E10.97728
G1 X118.137 Y87.042 E10.99448
G1 X117.791 Y86.643 E11.01236
G1 X117.414 Y86.328 E11.02899
G1 X116.906 Y86.039 E11.04877
G1 X120.461 Y86.039 E11.1691
G1 X120.461 Y113.901 E12.11219
G1 X120.868 Y114.368 F7200
G1 F2700
G1 X79.132 Y114.368 E13.5249
G1 X79.132 Y85.632 E14.49758
G1 X114.149 Y85.632 E15.68286
;WIDTH:0.497868
G1 X114.417 Y85.656 E15.69304
;WIDTH:0.545736
G1 X114.685 Y85.68 E15.70429
G1 X115.087 Y85.666 E15.72111
;WIDTH:0.518452
G1 X115.49 Y85.653 E15.73705
;WIDTH:0.517039
G1 X116.067 Y85.666 E15.7598
G1 X116.321 Y85.649 E15.76984
;WIDTH:0.483519
G1 X116.575 Y85.632 E15.77917
;WIDTH:0.449999
G1 X120.868 Y85.632 E15.92448
G1 X120.868 Y114.308 E16.89513
G1 X121.275 Y114.775 F7200
;TYPE:External perimeter
G1 F1800
G1 X78.725 Y114.775 E18.33539
G1 X78.725 Y85.225 E19.33562
G1 X121.275 Y85.225 E20.77588
G1 X121.275 Y114.715 E21.77408
G1 X120.879 Y114.774 F7200
G1 E19.77408 F2400
G92 E0
G1 X116.195 Y113.248 F7200
G1 E2 F2400
;TYPE:Internal infill
;WIDTH:0.45
G1 F3300
G1 X114.138 Y113.248 E2.06963
G1 X114.138 Y113.103 E2.07454
G1 X114.474 Y112.579 E2.09561
G1 X114.986 Y112.055 E2.12041
G1 X115.214 Y111.531 E2.13975
G1 X115.213 Y111.007 E2.15749
G1 X114.877 Y110.483 E2.17856
G1 X114.365 Y109.958 E2.20338
G1 X114.137 Y109.434 E2.22272
G1 X114.138 Y108.91 E2.24046
G1 X114.474 Y108.386 E2.26153
G1 X114.986 Y107.862 E2.28633
G1 X115.214 Y107.338 E2.30567
G1 X115.213 Y106.814 E2.32341
G1 X114.877 Y106.29 E2.34448
G1 X114.365 Y105.765 E2.3693
G1 X114.137 Y105.241 E2.38864
G1 X114.138 Y104.756 E2.40506
G1 X113.47 Y104.449 E2.42994
G1 X112.892 Y104.019 E2.45432
G1 X112.269 Y104.717 E2.48599
G1 X112.041 Y105.241 E2.50533
G1 X112.041 Y105.765 E2.52307
G1 X112.377 Y106.29 E2.54417
G1 X112.89 Y106.814 E2.56899
G1 X113.117 Y107.338 E2.58832
G1 X113.117 Y107.862 E2.60606
G1 X112.781 Y108.386 E2.62713
G1 X112.269 Y108.91 E2.65193
G1 X112.041 Y109.434 E2.67127
G1 X112.041 Y109.958 E2.68901
G1 X112.377 Y110.483 E2.71011
G1 X112.89 Y111.007 E2.73493
G1 X113.117 Y111.531 E2.75426
G1 X113.117 Y112.055 E2.772
G1 X112.781 Y112.579 E2.79307
G1 X112.269 Y113.103 E2.81787
G1 X112.205 Y113.248 E2.82323
G1 X110.148 Y113.248 E2.89286
G1 E.89286 F2400
G92 E0
G1 X119.748 Y88.688 F7200
G1 E2 F2400
G1 F3300
G1 X119.748 Y86.752 E2.06553
G1 X119.242 Y86.752 E2.08266
G1 X118.996 Y87.085 E2.09667
G1 X119.349 Y87.927 E2.12757
G1 X119.433 Y88.295 E2.14035
G1 X119.491 Y89.188 E2.17064
G1 X119.371 Y89.987 E2.19799
G1 X119.407 Y90.566 E2.21763
G1 X119.179 Y91.09 E2.23697
G1 X118.667 Y91.614 E2.26177
G1 X118.331 Y92.138 E2.28284
G1 X118.33 Y92.662 E2.30058
G1 X118.558 Y93.186 E2.31992
G1 X119.07 Y93.71 E2.34472
G1 X119.406 Y94.235 E2.36582
G1 X119.407 Y94.759 E2.38356
G1 X119.179 Y95.283 E2.4029
G1 X118.667 Y95.807 E2.4277
G1 X118.331 Y96.331 E2.44877
G1 X118.33 Y96.855 E2.46651
G1 X118.558 Y97.379 E2.48585
G1 X119.07 Y97.903 E2.51065
G1 X119.406 Y98.428 E2.53175
G1 X119.407 Y98.952 E2.54949
G1 X119.182 Y99.469 E2.56858
G1 X119.415 Y100.211 E2.5949
G1 X119.502 Y100.999 E2.62173
G1 X119.419 Y101.806 E2.64919
G1 X119.252 Y102.379 E2.66939
G1 X119.406 Y102.621 E2.6791
G1 X119.407 Y103.145 E2.69684
G1 X119.179 Y103.669 E2.71618
G1 X118.667 Y104.193 E2.74098
G1 X118.331 Y104.717 E2.76205
G1 X118.33 Y105.241 E2.77979
G1 X118.558 Y105.765 E2.79913
G1 X119.07 Y106.29 E2.82395
G1 X119.406 Y106.814 E2.84502
G1 X119.407 Y107.338 E2.86276
G1 X119.179 Y107.862 E2.8821
G1 X118.667 Y108.386 E2.9069
G1 X118.331 Y108.91 E2.92797
G1 X118.33 Y109.434 E2.94571
G1 X118.558 Y109.958 E2.96505
G1 X119.07 Y110.483 E2.98987
G1 X119.406 Y111.007 E3.01094
G1 X119.407 Y111.531 E3.02868
G1 X119.179 Y112.055 E3.04802
G1 X118.667 Y112.579 E3.07282
G1 X118.331 Y113.103 E3.09389
G1 X118.331 Y113.248 E3.0988
G1 X116.399 Y113.248 E3.1642
G1 X116.462 Y113.103 E3.16955
G1 X116.974 Y112.579 E3.19435
G1 X117.31 Y112.055 E3.21542
G1 X117.31 Y111.531 E3.23316
G1 X117.083 Y111.007 E3.25249
G1 X116.571 Y110.483 E3.27729
G1 X116.234 Y109.958 E3.29841
G1 X116.234 Y109.434 E3.31615
G1 X116.462 Y108.91 E3.33549
G1 X116.974 Y108.386 E3.36029
G1 X117.31 Y107.862 E3.38136
G1 X117.31 Y107.338 E3.3991
G1 X117.083 Y106.814 E3.41843
G1 X116.571 Y106.29 E3.44323
G1 X116.234 Y105.765 E3.46435
G1 X116.234 Y105.241 E3.48209
G1 X116.383 Y104.898 E3.49475
G1 X117.391 Y104.524 E3.53114
G1 X118.077 Y104.054 E3.55929
G1 X118.454 Y103.68 E3.57727
G1 E1.57727 F2400
G92 E0
G1 X111.561 Y100.33 F7200
G1 E2 F2400
G1 F3300
G1 X111.768 Y99.555 E2.02715
G1 X112.071 Y98.937 E2.05045
G1 X112.663 Y98.196 E2.08255
G1 X112.377 Y97.903 E2.09641
G1 X112.041 Y97.379 E2.11748
G1 X112.041 Y96.855 E2.13522
G1 X112.269 Y96.331 E2.15456
G1 X112.781 Y95.807 E2.17936
G1 X113.117 Y95.283 E2.20043
G1 X113.117 Y94.759 E2.21817
G1 X112.89 Y94.235 E2.2375
G1 X112.377 Y93.71 E2.26235
G1 X112.041 Y93.186 E2.28342
G1 X112.041 Y92.662 E2.30116
G1 X112.269 Y92.138 E2.3205
G1 X112.626 Y91.772 E2.33781
G1 X113.353 Y92.374 E2.36976
G1 X114.182 Y92.766 E2.4008
G1 X114.365 Y93.186 E2.41631
G1 X114.877 Y93.71 E2.44111
G1 X115.213 Y94.235 E2.46221
G1 X115.214 Y94.759 E2.47995
G1 X114.986 Y95.283 E2.49929
G1 X114.474 Y95.807 E2.52409
G1 X114.138 Y96.331 E2.54516
G1 X114.137 Y96.855 E2.5629
G1 X114.292 Y97.211 E2.57604
G1 X114.628 Y97.094 E2.58808
G1 X115.304 Y97.006 E2.61115
G1 X116.234 Y97.073 E2.64271
G1 X116.234 Y96.855 E2.65009
G1 X116.462 Y96.331 E2.66943
G1 X116.974 Y95.807 E2.69423
G1 X117.31 Y95.283 E2.7153
G1 X117.31 Y94.759 E2.73304
G1 X117.083 Y94.235 E2.75237
G1 X116.571 Y93.71 E2.77719
G1 X116.234 Y93.186 E2.79828
G1 X116.234 Y92.921 E2.80725
G1 X115.44 Y93.001 E2.83426
G1 X114.375 Y92.831 E2.87077
G1 E.87077 F2400
G92 E0
G1 X111.713 Y87.725 F7200
G1 E2 F2400
G1 F3300
G1 X111.976 Y87.109 E2.02267
G1 X112.204 Y86.752 E2.03701
G1 X110.856 Y86.752 E2.08264
G1 X110.793 Y86.897 E2.08799
G1 X110.281 Y87.421 E2.11279
G1 X109.945 Y87.945 E2.13386
G1 X109.944 Y88.469 E2.1516
G1 X110.172 Y88.993 E2.17094
G1 X110.684 Y89.517 E2.19574
G1 X111.02 Y90.042 E2.21684
G1 X111.021 Y90.566 E2.23458
G1 X110.793 Y91.09 E2.25392
G1 X110.281 Y91.614 E2.27872
G1 X109.945 Y92.138 E2.29979
G1 X109.944 Y92.662 E2.31753
G1 X110.172 Y93.186 E2.33687
G1 X110.684 Y93.71 E2.36167
G1 X111.02 Y94.235 E2.38277
G1 X111.021 Y94.759 E2.40051
G1 X110.793 Y95.283 E2.41985
G1 X110.281 Y95.807 E2.44465
G1 X109.945 Y96.331 E2.46572
G1 X109.944 Y96.855 E2.48346
G1 X110.172 Y97.379 E2.5028
G1 X110.684 Y97.903 E2.5276
G1 X111.02 Y98.428 E2.5487
G1 X111.021 Y98.952 E2.56644
G1 X110.793 Y99.476 E2.58578
G1 X110.281 Y100 E2.61058
G1 X109.945 Y100.524 E2.63165
G1 X109.944 Y101.048 E2.64939
G1 X110.172 Y101.572 E2.66873
G1 X110.684 Y102.097 E2.69355
G1 X111.02 Y102.621 E2.71462
G1 X111.021 Y103.145 E2.73236
G1 X110.793 Y103.669 E2.7517
G1 X110.281 Y104.193 E2.7765
G1 X109.945 Y104.717 E2.79757
G1 X109.944 Y105.241 E2.81531
G1 X110.172 Y105.765 E2.83465
G1 X110.684 Y106.29 E2.85947
G1 X111.02 Y106.814 E2.88054
G1 X111.021 Y107.338 E2.89828
G1 X110.793 Y107.862 E2.91762
G1 X110.281 Y108.386 E2.94242
G1 X109.945 Y108.91 E2.96349
G1 X109.944 Y109.434 E2.98123
G1 X110.172 Y109.958 E3.00057
G1 X110.684 Y110.483 E3.02539
G1 X111.02 Y111.007 E3.04646
G1 X111.021 Y111.531 E3.0642
G1 X110.793 Y112.055 E3.08354
G1 X110.281 Y112.579 E3.10834
G1 X109.945 Y113.103 E3.12941
G1 X109.945 Y113.248 E3.13432
G1 X108.012 Y113.248 E3.19975
G1 X108.075 Y113.103 E3.2051
G1 X108.588 Y112.579 E3.22992
G1 X108.924 Y112.055 E3.25099
G1 X108.924 Y111.531 E3.26873
G1 X108.697 Y111.007 E3.28806
G1 X108.184 Y110.483 E3.31288
G1 X107.848 Y109.958 E3.33398
G1 X107.848 Y109.434 E3.35172
G1 X108.075 Y108.91 E3.37105
G1 X108.588 Y108.386 E3.39587
G1 X108.924 Y107.862 E3.41694
G1 X108.924 Y107.338 E3.43468
G1 X108.697 Y106.814 E3.45401
G1 X108.184 Y106.29 E3.47883
G1 X107.848 Y105.765 E3.49993
G1 X107.848 Y105.241 E3.51767
G1 X108.075 Y104.717 E3.537
G1 X108.588 Y104.193 E3.56182
G1 X108.924 Y103.669 E3.58289
G1 X108.924 Y103.145 E3.60063
G1 X108.697 Y102.621 E3.61996
G1 X108.184 Y102.097 E3.64478
G1 X107.848 Y101.572 E3.66588
G1 X107.848 Y101.048 E3.68362
G1 X108.075 Y100.524 E3.70295
G1 X108.588 Y100 E3.72777
G1 X108.924 Y99.476 E3.74884
G1 X108.924 Y98.952 E3.76658
G1 X108.697 Y98.428 E3.78591
G1 X108.184 Y97.903 E3.81076
G1 X107.848 Y97.379 E3.83183
G1 X107.848 Y96.855 E3.84957
G1 X108.075 Y96.331 E3.8689
G1 X108.588 Y95.807 E3.89372
G1 X108.924 Y95.283 E3.91479
G1 X108.924 Y94.759 E3.93253
G1 X108.697 Y94.235 E3.95186
G1 X108.184 Y93.71 E3.97671
G1 X107.848 Y93.186 E3.99778
G1 X107.848 Y92.662 E4.01552
G1 X108.075 Y92.138 E4.03485
G1 X108.588 Y91.614 E4.05967
G1 X108.924 Y91.09 E4.08074
G1 X108.924 Y90.566 E4.09848
G1 X108.697 Y90.042 E4.11781
G1 X108.184 Y89.517 E4.14266
G1 X107.848 Y88.993 E4.16373
G1 X107.848 Y88.469 E4.18147
G1 X108.075 Y87.945 E4.2008
G1 X108.588 Y87.421 E4.22562
G1 X108.924 Y86.897 E4.24669
G1 X108.924 Y86.752 E4.2516
G1 X106.663 Y86.752 E4.32813
G1 X106.6 Y86.897 E4.33348
G1 X106.088 Y87.421 E4.35828
G1 X105.752 Y87.945 E4.37935
G1 X105.751 Y88.469 E4.39709
G1 X105.979 Y88.993 E4.41643
G1 X106.491 Y89.517 E4.44123
G1 X106.827 Y90.042 E4.46233
G1 X106.828 Y90.566 E4.48007
G1 X106.6 Y91.09 E4.49941
G1 X106.088 Y91.614 E4.52421
G1 X105.752 Y92.138 E4.54528
G1 X105.751 Y92.662 E4.56302
G1 X105.979 Y93.186 E4.58236
G1 X106.491 Y93.71 E4.60716
G1 X106.827 Y94.235 E4.62826
G1 X106.828 Y94.759 E4.646
G1 X106.6 Y95.283 E4.66534
G1 X106.088 Y95.807 E4.69014
G1 X105.752 Y96.331 E4.71121
G1 X105.751 Y96.855 E4.72895
G1 X105.979 Y97.379 E4.74829
G1 X106.491 Y97.903 E4.77309
G1 X106.827 Y98.428 E4.79419
G1 X106.828 Y98.952 E4.81193
G1 X106.6 Y99.476 E4.83127
G1 X106.088 Y100 E4.85607
G1 X105.752 Y100.524 E4.87714
G1 X105.751 Y101.048 E4.89488
G1 X105.979 Y101.572 E4.91422
G1 X106.491 Y102.097 E4.93904
G1 X106.827 Y102.621 E4.96011
G1 X106.828 Y103.145 E4.97785
G1 X106.6 Y103.669 E4.99719
G1 X106.088 Y104.193 E5.02199
G1 X105.752 Y104.717 E5.04306
G1 X105.751 Y105.241 E5.0608
G1 X105.979 Y105.765 E5.08014
G1 X106.491 Y106.29 E5.10496
G1 X106.827 Y106.814 E5.12603
G1 X106.828 Y107.338 E5.14377
G1 X106.6 Y107.862 E5.16311
G1 X106.088 Y108.386 E5.18791
G1 X105.752 Y108.91 E5.20898
G1 X105.751 Y109.434 E5.22672
G1 X105.979 Y109.958 E5.24606
G1 X106.491 Y110.483 E5.27088
G1 X106.827 Y111.007 E5.29195
G1 X106.828 Y111.531 E5.30969
G1 X106.6 Y112.055 E5.32903
G1 X106.088 Y112.579 E5.35383
G1 X105.752 Y113.103 E5.3749
G1 X105.752 Y113.248 E5.37981
G1 X103.819 Y113.248 E5.44524
G1 X103.882 Y113.103 E5.45059
G1 X104.395 Y112.579 E5.47541
G1 X104.731 Y112.055 E5.49648
G1 X104.731 Y111.531 E5.51422
G1 X104.504 Y111.007 E5.53355
G1 X103.991 Y110.483 E5.55837
G1 X103.655 Y109.958 E5.57947
G1 X103.655 Y109.434 E5.59721
G1 X103.882 Y108.91 E5.61654
G1 X104.395 Y108.386 E5.64136
G1 X104.731 Y107.862 E5.66243
G1 X104.731 Y107.338 E5.68017
G1 X104.504 Y106.814 E5.6995
G1 X103.991 Y106.29 E5.72432
G1 X103.655 Y105.765 E5.74542
G1 X103.655 Y105.241 E5.76316
G1 X103.882 Y104.717 E5.78249
G1 X104.395 Y104.193 E5.80731
G1 X104.731 Y103.669 E5.82838
G1 X104.731 Y103.145 E5.84612
G1 X104.504 Y102.621 E5.86545
G1 X103.991 Y102.097 E5.89027
G1 X103.655 Y101.572 E5.91137
G1 X103.655 Y101.048 E5.92911
G1 X103.882 Y100.524 E5.94844
G1 X104.395 Y100 E5.97326
G1 X104.731 Y99.476 E5.99433
G1 X104.731 Y98.952 E6.01207
G1 X104.504 Y98.428 E6.0314
G1 X103.991 Y97.903 E6.05625
G1 X103.655 Y97.379 E6.07732
G1 X103.655 Y96.855 E6.09506
G1 X103.882 Y96.331 E6.11439
G1 X104.395 Y95.807 E6.13921
G1 X104.731 Y95.283 E6.16028
G1 X104.731 Y94.759 E6.17802
G1 X104.504 Y94.235 E6.19735
G1 X103.991 Y93.71 E6.2222
G1 X103.655 Y93.186 E6.24327
G1 X103.655 Y92.662 E6.26101
G1 X103.882 Y92.138 E6.28034
G1 X104.395 Y91.614 E6.30516
G1 X104.731 Y91.09 E6.32623
G1 X104.731 Y90.566 E6.34397
G1 X104.504 Y90.042 E6.3633
G1 X103.991 Y89.517 E6.38815
G1 X103.655 Y88.993 E6.40922
G1 X103.655 Y88.469 E6.42696
G1 X103.882 Y87.945 E6.44629
G1 X104.395 Y87.421 E6.47111
G1 X104.731 Y86.897 E6.49218
G1 X104.731 Y86.752 E6.49709
G1 X102.47 Y86.752 E6.57362
G1 X102.407 Y86.897 E6.57897
G1 X101.895 Y87.421 E6.60377
G1 X101.559 Y87.945 E6.62484
G1 X101.558 Y88.469 E6.64258
G1 X101.786 Y88.993 E6.66192
G1 X102.298 Y89.517 E6.68672
G1 X102.634 Y90.042 E6.70782
G1 X102.635 Y90.566 E6.72556
G1 X102.407 Y91.09 E6.7449
G1 X101.895 Y91.614 E6.7697
G1 X101.559 Y92.138 E6.79077
G1 X101.558 Y92.662 E6.80851
G1 X101.786 Y93.186 E6.82785
G1 X102.298 Y93.71 E6.85265
G1 X102.634 Y94.235 E6.87375
G1 X102.635 Y94.759 E6.89149
G1 X102.407 Y95.283 E6.91083
G1 X101.895 Y95.807 E6.93563
G1 X101.559 Y96.331 E6.9567
G1 X101.558 Y96.855 E6.97444
G1 X101.786 Y97.379 E6.99378
G1 X102.298 Y97.903 E7.01858
G1 X102.634 Y98.428 E7.03968
G1 X102.635 Y98.952 E7.05742
G1 X102.407 Y99.476 E7.07676
G1 X101.895 Y100 E7.10156
G1 X101.559 Y100.524 E7.12263
G1 X101.558 Y101.048 E7.14037
G1 X101.786 Y101.572 E7.15971
G1 X102.298 Y102.097 E7.18453
G1 X102.634 Y102.621 E7.2056
G1 X102.635 Y103.145 E7.22334
G1 X102.407 Y103.669 E7.24268
G1 X101.895 Y104.193 E7.26748
G1 X101.559 Y104.717 E7.28855
G1 X101.558 Y105.241 E7.30629
G1 X101.786 Y105.765 E7.32563
G1 X102.298 Y106.29 E7.35045
G1 X102.634 Y106.814 E7.37152
G1 X102.635 Y107.338 E7.38926
G1 X102.407 Y107.862 E7.4086
G1 X101.895 Y108.386 E7.4334
G1 X101.559 Y108.91 E7.45447
G1 X101.558 Y109.434 E7.47221
G1 X101.786 Y109.958 E7.49155
G1 X102.298 Y110.483 E7.51637
G1 X102.634 Y111.007 E7.53744
G1 X102.635 Y111.531 E7.55518
G1 X102.407 Y112.055 E7.57452
G1 X101.895 Y112.579 E7.59932
G1 X101.559 Y113.103 E7.62039
G1 X101.559 Y113.248 E7.6253
G1 X99.626 Y113.248 E7.69073
G1 X99.689 Y113.103 E7.69608
G1 X100.202 Y112.579 E7.7209
G1 X100.538 Y112.055 E7.74197
G1 X100.538 Y111.531 E7.75971
G1 X100.311 Y111.007 E7.77904
G1 X99.798 Y110.483 E7.80386
G1 X99.462 Y109.958 E7.82496
G1 X99.462 Y109.434 E7.8427
G1 X99.689 Y108.91 E7.86203
G1 X100.202 Y108.386 E7.88685
G1 X100.538 Y107.862 E7.90792
G1 X100.538 Y107.338 E7.92566
G1 X100.311 Y106.814 E7.94499
G1 X99.798 Y106.29 E7.96981
G1 X99.462 Y105.765 E7.99091
G1 X99.462 Y105.241 E8.00865
G1 X99.689 Y104.717 E8.02798
G1 X100.202 Y104.193 E8.0528
G1 X100.538 Y103.669 E8.07387
G1 X100.538 Y103.145 E8.09161
G1 X100.311 Y102.621 E8.11094
G1 X99.798 Y102.097 E8.13576
G1 X99.462 Y101.572 E8.15686
G1 X99.462 Y101.048 E8.1746
G1 X99.689 Y100.524 E8.19393
G1 X100.202 Y100 E8.21875
G1 X100.538 Y99.476 E8.23982
G1 X100.538 Y98.952 E8.25756
G1 X100.311 Y98.428 E8.27689
G1 X99.798 Y97.903 E8.30174
G1 X99.462 Y97.379 E8.32281
G1 X99.462 Y96.855 E8.34055
G1 X99.689 Y96.331 E8.35988
G1 X100.202 Y95.807 E8.3847
G1 X100.538 Y95.283 E8.40577
G1 X100.538 Y94.759 E8.42351
G1 X100.311 Y94.235 E8.44284
G1 X99.798 Y93.71 E8.46769
G1 X99.462 Y93.186 E8.48876
G1 X99.462 Y92.662 E8.5065
G1 X99.689 Y92.138 E8.52583
G1 X100.202 Y91.614 E8.55065
G1 X100.538 Y91.09 E8.57172
G1 X100.538 Y90.566 E8.58946
G1 X100.311 Y90.042 E8.60879
G1 X99.798 Y89.517 E8.63364
G1 X99.462 Y88.993 E8.65471
G1 X99.462 Y88.469 E8.67245
G1 X99.689 Y87.945 E8.69178
G1 X100.202 Y87.421 E8.7166
G1 X100.538 Y86.897 E8.73767
G1 X100.538 Y86.752 E8.74258
G1 X98.277 Y86.752 E8.81911
G1 X98.214 Y86.897 E8.82446
G1 X97.702 Y87.421 E8.84926
G1 X97.366 Y87.945 E8.87033
G1 X97.365 Y88.469 E8.88807
G1 X97.593 Y88.993 E8.90741
G1 X98.105 Y89.517 E8.93221
G1 X98.441 Y90.042 E8.95331
G1 X98.442 Y90.566 E8.97105
G1 X98.214 Y91.09 E8.99039
G1 X97.702 Y91.614 E9.01519
G1 X97.366 Y92.138 E9.03626
G1 X97.365 Y92.662 E9.054
G1 X97.593 Y93.186 E9.07334
G1 X98.105 Y93.71 E9.09814
G1 X98.441 Y94.235 E9.11924
G1 X98.442 Y94.759 E9.13698
G1 X98.214 Y95.283 E9.15632
G1 X97.702 Y95.807 E9.18112
G1 X97.366 Y96.331 E9.20219
G1 X97.365 Y96.855 E9.21993
G1 X97.593 Y97.379 E9.23927
G1 X98.105 Y97.903 E9.26407
G1 X98.441 Y98.428 E9.28517
G1 X98.442 Y98.952 E9.30291
G1 X98.214 Y99.476 E9.32225
G1 X97.702 Y100 E9.34705
G1 X97.366 Y100.524 E9.36812
G1 X97.365 Y101.048 E9.38586
G1 X97.593 Y101.572 E9.4052
G1 X98.105 Y102.097 E9.43002
G1 X98.441 Y102.621 E9.45109
G1 X98.442 Y103.145 E9.46883
G1 X98.214 Y103.669 E9.48817
G1 X97.702 Y104.193 E9.51297
G1 X97.366 Y104.717 E9.53404
G1 X97.365 Y105.241 E9.55178
G1 X97.593 Y105.765 E9.57112
G1 X98.105 Y106.29 E9.59594
G1 X98.441 Y106.814 E9.61701
G1 X98.442 Y107.338 E9.63475
G1 X98.214 Y107.862 E9.65409
G1 X97.702 Y108.386 E9.67889
G1 X97.366 Y108.91 E9.69996
G1 X97.365 Y109.434 E9.7177
G1 X97.593 Y109.958 E9.73704
G1 X98.105 Y110.483 E9.76186
G1 X98.441 Y111.007 E9.78293
G1 X98.442 Y111.531 E9.80067
G1 X98.214 Y112.055 E9.82001
G1 X97.702 Y112.579 E9.84481
G1 X97.366 Y113.103 E9.86588
G1 X97.366 Y113.248 E9.87079
G1 X95.433 Y113.248 E9.93622
G1 X95.496 Y113.103 E9.94157
G1 X96.009 Y112.579 E9.96639
G1 X96.345 Y112.055 E9.98746
G1 X96.345 Y111.531 E10.0052
G1 X96.118 Y111.007 E10.02453
G1 X95.605 Y110.483 E10.04935
G1 X95.269 Y109.958 E10.07045
G1 X95.269 Y109.434 E10.08819
G1 X95.496 Y108.91 E10.10752
G1 X96.009 Y108.386 E10.13234
G1 X96.345 Y107.862 E10.15341
G1 X96.345 Y107.338 E10.17115
G1 X96.118 Y106.814 E10.19048
G1 X95.605 Y106.29 E10.2153
G1 X95.269 Y105.765 E10.2364
G1 X95.269 Y105.241 E10.25414
G1 X95.496 Y104.717 E10.27347
G1 X96.009 Y104.193 E10.29829
G1 X96.345 Y103.669 E10.31936
G1 X96.345 Y103.145 E10.3371
G1 X96.118 Y102.621 E10.35643
G1 X95.605 Y102.097 E10.38125
G1 X95.269 Y101.572 E10.40235
G1 X95.269 Y101.048 E10.42009
G1 X95.496 Y100.524 E10.43942
G1 X96.009 Y100 E10.46424
G1 X96.345 Y99.476 E10.48531
G1 X96.345 Y98.952 E10.50305
G1 X96.118 Y98.428 E10.52238
G1 X95.605 Y97.903 E10.54723
G1 X95.269 Y97.379 E10.5683
G1 X95.269 Y96.855 E10.58604
G1 X95.496 Y96.331 E10.60537
G1 X96.009 Y95.807 E10.63019
G1 X96.345 Y95.283 E10.65126
G1 X96.345 Y94.759 E10.669
G1 X96.118 Y94.235 E10.68833
G1 X95.605 Y93.71 E10.71318
G1 X95.269 Y93.186 E10.73425
G1 X95.269 Y92.662 E10.75199
G1 X95.496 Y92.138 E10.77132
G1 X96.009 Y91.614 E10.79614
G1 X96.345 Y91.09 E10.81721
G1 X96.345 Y90.566 E10.83495
G1 X96.118 Y90.042 E10.85428
G1 X95.605 Y89.517 E10.87913
G1 X95.269 Y88.993 E10.9002
G1 X95.269 Y88.469 E10.91794
G1 X95.496 Y87.945 E10.93727
G1 X96.009 Y87.421 E10.96209
G1 X96.345 Y86.897 E10.98316
G1 X96.345 Y86.752 E10.98807
G1 X94.084 Y86.752 E11.0646
G1 X94.021 Y86.897 E11.06995
G1 X93.509 Y87.421 E11.09475
G1 X93.173 Y87.945 E11.11582
G1 X93.172 Y88.469 E11.13356
G1 X93.4 Y88.993 E11.1529
G1 X93.912 Y89.517 E11.1777
G1 X94.248 Y90.042 E11.1988
G1 X94.249 Y90.566 E11.21654
G1 X94.021 Y91.09 E11.23588
G1 X93.509 Y91.614 E11.26068
G1 X93.173 Y92.138 E11.28175
G1 X93.172 Y92.662 E11.29949
G1 X93.4 Y93.186 E11.31883
G1 X93.912 Y93.71 E11.34363
G1 X94.248 Y94.235 E11.36473
G1 X94.249 Y94.759 E11.38247
G1 X94.021 Y95.283 E11.40181
G1 X93.509 Y95.807 E11.42661
G1 X93.173 Y96.331 E11.44768
G1 X93.172 Y96.855 E11.46542
G1 X93.4 Y97.379 E11.48476
G1 X93.912 Y97.903 E11.50956
G1 X94.248 Y98.428 E11.53066
G1 X94.249 Y98.952 E11.5484
G1 X94.021 Y99.476 E11.56774
G1 X93.509 Y100 E11.59254
G1 X93.173 Y100.524 E11.61361
G1 X93.172 Y101.048 E11.63135
G1 X93.4 Y101.572 E11.65069
G1 X93.912 Y102.097 E11.67551
G1 X94.248 Y102.621 E11.69658
G1 X94.249 Y103.145 E11.71432
G1 X94.021 Y103.669 E11.73366
G1 X93.509 Y104.193 E11.75846
G1 X93.173 Y104.717 E11.77953
G1 X93.172 Y105.241 E11.79727
G1 X93.4 Y105.765 E11.81661
G1 X93.912 Y106.29 E11.84143
G1 X94.248 Y106.814 E11.8625
G1 X94.249 Y107.338 E11.88024
G1 X94.021 Y107.862 E11.89958
G1 X93.509 Y108.386 E11.92438
G1 X93.173 Y108.91 E11.94545
G1 X93.172 Y109.434 E11.96319
G1 X93.4 Y109.958 E11.98253
G1 X93.912 Y110.483 E12.00735
G1 X94.248 Y111.007 E12.02842
G1 X94.249 Y111.531 E12.04616
G1 X94.021 Y112.055 E12.0655
G1 X93.509 Y112.579 E12.0903
G1 X93.173 Y113.103 E12.11137
G1 X93.173 Y113.248 E12.11628
G1 X91.24 Y113.248 E12.18171
G1 X91.303 Y113.103 E12.18706
G1 X91.816 Y112.579 E12.21188
G1 X92.152 Y112.055 E12.23295
G1 X92.152 Y111.531 E12.25069
G1 X91.925 Y111.007 E12.27002
G1 X91.412 Y110.483 E12.29484
G1 X91.076 Y109.958 E12.31594
G1 X91.076 Y109.434 E12.33368
G1 X91.303 Y108.91 E12.35301
G1 X91.816 Y108.386 E12.37783
G1 X92.152 Y107.862 E12.3989
G1 X92.152 Y107.338 E12.41664
G1 X91.925 Y106.814 E12.43597
G1 X91.412 Y106.29 E12.46079
G1 X91.076 Y105.765 E12.48189
G1 X91.076 Y105.241 E12.49963
G1 X91.303 Y104.717 E12.51896
G1 X91.816 Y104.193 E12.54378
G1 X92.152 Y103.669 E12.56485
G1 X92.152 Y103.145 E12.58259
G1 X91.925 Y102.621 E12.60192
G1 X91.412 Y102.097 E12.62674
G1 X91.076 Y101.572 E12.64784
G1 X91.076 Y101.048 E12.66558
G1 X91.303 Y100.524 E12.68491
G1 X91.816 Y100 E12.70973
G1 X92.152 Y99.476 E12.7308
G1 X92.152 Y98.952 E12.74854
G1 X91.925 Y98.428 E12.76787
G1 X91.412 Y97.903 E12.79272
G1 X91.076 Y97.379 E12.81379
G1 X91.076 Y96.855 E12.83153
G1 X91.303 Y96.331 E12.85086
G1 X91.816 Y95.807 E12.87568
G1 X92.152 Y95.283 E12.89675
G1 X92.152 Y94.759 E12.91449
G1 X91.925 Y94.235 E12.93382
G1 X91.412 Y93.71 E12.95867
G1 X91.076 Y93.186 E12.97974
G1 X91.076 Y92.662 E12.99748
G1 X91.303 Y92.138 E13.01681
G1 X91.816 Y91.614 E13.04163
G1 X92.152 Y91.09 E13.0627
G1 X92.152 Y90.566 E13.08044
G1 X91.925 Y90.042 E13.09977
G1 X91.412 Y89.517 E13.12462
G1 X91.076 Y88.993 E13.14569
G1 X91.076 Y88.469 E13.16343
G1 X91.303 Y87.945 E13.18276
G1 X91.816 Y87.421 E13.20758
G1 X92.152 Y86.897 E13.22865
G1 X92.152 Y86.752 E13.23356
G1 X89.891 Y86.752 E13.31009
G1 X89.828 Y86.897 E13.31544
G1 X89.316 Y87.421 E13.34024
G1 X88.98 Y87.945 E13.36131
G1 X88.979 Y88.469 E13.37905
G1 X89.207 Y88.993 E13.39839
G1 X89.719 Y89.517 E13.42319
G1 X90.055 Y90.042 E13.44429
G1 X90.056 Y90.566 E13.46203
G1 X89.828 Y91.09 E13.48137
G1 X89.316 Y91.614 E13.50617
G1 X88.98 Y92.138 E13.52724
G1 X88.979 Y92.662 E13.54498
G1 X89.207 Y93.186 E13.56432
G1 X89.719 Y93.71 E13.58912
G1 X90.055 Y94.235 E13.61022
G1 X90.056 Y94.759 E13.62796
G1 X89.828 Y95.283 E13.6473
G1 X89.316 Y95.807 E13.6721
G1 X88.98 Y96.331 E13.69317
G1 X88.979 Y96.855 E13.71091
G1 X89.207 Y97.379 E13.73025
G1 X89.719 Y97.903 E13.75505
G1 X90.055 Y98.428 E13.77615
G1 X90.056 Y98.952 E13.79389
G1 X89.828 Y99.476 E13.81323
G1 X89.316 Y100 E13.83803
G1 X88.98 Y100.524 E13.8591
G1 X88.979 Y101.048 E13.87684
G1 X89.207 Y101.572 E13.89618
G1 X89.719 Y102.097 E13.921
G1 X90.055 Y102.621 E13.94207
G1 X90.056 Y103.145 E13.95981
G1 X89.828 Y103.669 E13.97915
G1 X89.316 Y104.193 E14.00395
G1 X88.98 Y104.717 E14.02502
G1 X88.979 Y105.241 E14.04276
G1 X89.207 Y105.765 E14.0621
G1 X89.719 Y106.29 E14.08692
G1 X90.055 Y106.814 E14.10799
G1 X90.056 Y107.338 E14.12573
G1 X89.828 Y107.862 E14.14507
G1 X89.316 Y108.386 E14.16987
G1 X88.98 Y108.91 E14.19094
G1 X88.979 Y109.434 E14.20868
G1 X89.207 Y109.958 E14.22802
G1 X89.719 Y110.483 E14.25284
G1 X90.055 Y111.007 E14.27391
G1 X90.056 Y111.531 E14.29165
G1 X89.828 Y112.055 E14.31099
G1 X89.316 Y112.579 E14.33579
G1 X88.98 Y113.103 E14.35686
G1 X88.98 Y113.248 E14.36177
G1 X87.047 Y113.248 E14.4272
G1 X87.11 Y113.103 E14.43255
G1 X87.623 Y112.579 E14.45737
G1 X87.959 Y112.055 E14.47844
G1 X87.959 Y111.531 E14.49618
G1 X87.732 Y111.007 E14.51551
G1 X87.219 Y110.483 E14.54033
G1 X86.883 Y109.958 E14.56143
G1 X86.883 Y109.434 E14.57917
G1 X87.11 Y108.91 E14.5985
G1 X87.623 Y108.386 E14.62332
G1 X87.959 Y107.862 E14.64439
G1 X87.959 Y107.338 E14.66213
G1 X87.732 Y106.814 E14.68146
G1 X87.219 Y106.29 E14.70628
G1 X86.883 Y105.765 E14.72738
G1 X86.883 Y105.241 E14.74512
G1 X87.11 Y104.717 E14.76445
G1 X87.623 Y104.193 E14.78927
G1 X87.959 Y103.669 E14.81034
G1 X87.959 Y103.145 E14.82808
G1 X87.732 Y102.621 E14.84741
G1 X87.219 Y102.097 E14.87223
G1 X86.883 Y101.572 E14.89333
G1 X86.883 Y101.048 E14.91107
G1 X87.11 Y100.524 E14.9304
G1 X87.623 Y100 E14.95522
G1 X87.959 Y99.476 E14.97629
G1 X87.959 Y98.952 E14.99403
G1 X87.732 Y98.428 E15.01336
G1 X87.219 Y97.903 E15.03821
G1 X86.883 Y97.379 E15.05928
G1 X86.883 Y96.855 E15.07702
G1 X87.11 Y96.331 E15.09635
G1 X87.623 Y95.807 E15.12117
G1 X87.959 Y95.283 E15.14224
G1 X87.959 Y94.759 E15.15998
G1 X87.732 Y94.235 E15.17931
G1 X87.219 Y93.71 E15.20416
G1 X86.883 Y93.186 E15.22523
G1 X86.883 Y92.662 E15.24297
G1 X87.11 Y92.138 E15.2623
G1 X87.623 Y91.614 E15.28712
G1 X87.959 Y91.09 E15.30819
G1 X87.959 Y90.566 E15.32593
G1 X87.732 Y90.042 E15.34526
G1 X87.219 Y89.517 E15.37011
G1 X86.883 Y88.993 E15.39118
G1 X86.883 Y88.469 E15.40892
G1 X87.11 Y87.945 E15.42825
G1 X87.623 Y87.421 E15.45307
G1 X87.959 Y86.897 E15.47414
G1 X87.959 Y86.752 E15.47905
G1 X85.698 Y86.752 E15.55558
G1 X85.635 Y86.897 E15.56093
G1 X85.123 Y87.421 E15.58573
G1 X84.787 Y87.945 E15.6068
G1 X84.786 Y88.469 E15.62454
G1 X85.014 Y88.993 E15.64388
G1 X85.526 Y89.517 E15.66868
G1 X85.862 Y90.042 E15.68978
G1 X85.863 Y90.566 E15.70752
G1 X85.635 Y91.09 E15.72686
G1 X85.123 Y91.614 E15.75166
G1 X84.787 Y92.138 E15.77273
G1 X84.786 Y92.662 E15.79047
G1 X85.014 Y93.186 E15.80981
G1 X85.526 Y93.71 E15.83461
G1 X85.862 Y94.235 E15.85571
G1 X85.863 Y94.759 E15.87345
G1 X85.635 Y95.283 E15.89279
G1 X85.123 Y95.807 E15.91759
G1 X84.787 Y96.331 E15.93866
G1 X84.786 Y96.855 E15.9564
G1 X85.014 Y97.379 E15.97574
G1 X85.526 Y97.903 E16.00054
G1 X85.862 Y98.428 E16.02164
G1 X85.863 Y98.952 E16.03938
G1 X85.635 Y99.476 E16.05872
G1 X85.123 Y100 E16.08352
G1 X84.787 Y100.524 E16.10459
G1 X84.786 Y101.048 E16.12233
G1 X85.014 Y101.572 E16.14167
G1 X85.526 Y102.097 E16.16649
G1 X85.862 Y102.621 E16.18756
G1 X85.863 Y103.145 E16.2053
G1 X85.635 Y103.669 E16.22464
G1 X85.123 Y104.193 E16.24944
G1 X84.787 Y104.717 E16.27051
G1 X84.786 Y105.241 E16.28825
G1 X85.014 Y105.765 E16.30759
G1 X85.526 Y106.29 E16.33241
G1 X85.862 Y106.814 E16.35348
G1 X85.863 Y107.338 E16.37122
G1 X85.635 Y107.862 E16.39056
G1 X85.123 Y108.386 E16.41536
G1 X84.787 Y108.91 E16.43643
G1 X84.786 Y109.434 E16.45417
G1 X85.014 Y109.958 E16.47351
G1 X85.526 Y110.483 E16.49833
G1 X85.862 Y111.007 E16.5194
G1 X85.863 Y111.531 E16.53714
G1 X85.635 Y112.055 E16.55648
G1 X85.123 Y112.579 E16.58128
G1 X84.787 Y113.103 E16.60235
G1 X84.786 Y113.248 E16.60726
G1 X82.854 Y113.248 E16.67266
G1 X82.917 Y113.103 E16.67801
G1 X83.43 Y112.579 E16.70283
G1 X83.766 Y112.055 E16.7239
G1 X83.766 Y111.531 E16.74164
G1 X83.538 Y111.007 E16.76098
G1 X83.026 Y110.483 E16.78578
G1 X82.69 Y109.958 E16.80688
G1 X82.69 Y109.434 E16.82462
G1 X82.917 Y108.91 E16.84395
G1 X83.43 Y108.386 E16.86877
G1 X83.766 Y107.862 E16.88984
G1 X83.766 Y107.338 E16.90758
G1 X83.538 Y106.814 E16.92692
G1 X83.026 Y106.29 E16.95172
G1 X82.69 Y105.765 E16.97282
G1 X82.69 Y105.241 E16.99056
G1 X82.917 Y104.717 E17.00989
G1 X83.43 Y104.193 E17.03471
G1 X83.766 Y103.669 E17.05578
G1 X83.766 Y103.145 E17.07352
G1 X83.538 Y102.621 E17.09286
G1 X83.026 Y102.097 E17.11766
G1 X82.69 Y101.572 E17.13876
G1 X82.69 Y101.048 E17.1565
G1 X82.917 Y100.524 E17.17583
G1 X83.43 Y100 E17.20065
G1 X83.766 Y99.476 E17.22172
G1 X83.766 Y98.952 E17.23946
G1 X83.538 Y98.428 E17.2588
G1 X83.026 Y97.903 E17.28362
G1 X82.69 Y97.379 E17.30469
G1 X82.69 Y96.855 E17.32243
G1 X82.917 Y96.331 E17.34176
G1 X83.43 Y95.807 E17.36658
G1 X83.766 Y95.283 E17.38765
G1 X83.766 Y94.759 E17.40539
G1 X83.538 Y94.235 E17.42473
G1 X83.026 Y93.71 E17.44955
G1 X82.69 Y93.186 E17.47062
G1 X82.69 Y92.662 E17.48836
G1 X82.917 Y92.138 E17.50769
G1 X83.43 Y91.614 E17.53251
G1 X83.766 Y91.09 E17.55358
G1 X83.766 Y90.566 E17.57132
G1 X83.538 Y90.042 E17.59066
G1 X83.026 Y89.517 E17.61548
G1 X82.69 Y88.993 E17.63655
G1 X82.69 Y88.469 E17.65429
G1 X82.917 Y87.945 E17.67362
G1 X83.43 Y87.421 E17.69844
G1 X83.766 Y86.897 E17.71951
G1 X83.766 Y86.752 E17.72442
G1 X81.505 Y86.752 E17.80095
G1 X81.442 Y86.897 E17.8063
G1 X80.93 Y87.421 E17.8311
G1 X80.594 Y87.945 E17.85217
G1 X80.593 Y88.469 E17.86991
G1 X80.821 Y88.993 E17.88925
G1 X81.333 Y89.517 E17.91405
G1 X81.669 Y90.042 E17.93515
G1 X81.67 Y90.566 E17.95289
G1 X81.442 Y91.09 E17.97223
G1 X80.93 Y91.614 E17.99703
G1 X80.594 Y92.138 E18.0181
G1 X80.593 Y92.662 E18.03584
G1 X80.821 Y93.186 E18.05518
G1 X81.333 Y93.71 E18.07998
G1 X81.669 Y94.235 E18.10108
G1 X81.67 Y94.759 E18.11882
G1 X81.442 Y95.283 E18.13816
G1 X80.93 Y95.807 E18.16296
G1 X80.594 Y96.331 E18.18403
G1 X80.593 Y96.855 E18.20177
G1 X80.821 Y97.379 E18.22111
G1 X81.333 Y97.903 E18.24591
G1 X81.669 Y98.428 E18.26701
G1 X81.67 Y98.952 E18.28475
G1 X81.442 Y99.476 E18.30409
G1 X80.93 Y100 E18.32889
G1 X80.594 Y100.524 E18.34996
G1 X80.593 Y101.048 E18.3677
G1 X80.821 Y101.572 E18.38704
G1 X81.333 Y102.097 E18.41186
G1 X81.669 Y102.621 E18.43293
G1 X81.67 Y103.145 E18.45067
G1 X81.442 Y103.669 E18.47001
G1 X80.93 Y104.193 E18.49481
G1 X80.594 Y104.717 E18.51588
G1 X80.593 Y105.241 E18.53362
G1 X80.821 Y105.765 E18.55296
G1 X81.333 Y106.29 E18.57778
G1 X81.669 Y106.814 E18.59885
G1 X81.67 Y107.338 E18.61659
G1 X81.442 Y107.862 E18.63593
G1 X80.93 Y108.386 E18.66073
G1 X80.594 Y108.91 E18.6818
G1 X80.593 Y109.434 E18.69954
G1 X80.821 Y109.958 E18.71888
G1 X81.333 Y110.483 E18.7437
G1 X81.669 Y111.007 E18.76477
G1 X81.67 Y111.531 E18.78251
G1 X81.442 Y112.055 E18.80185
G1 X80.93 Y112.579 E18.82665
G1 X80.594 Y113.103 E18.84772
G1 X80.593 Y113.248 E18.85263
G1 X80.252 Y113.248 E18.86417
G1 X80.252 Y111.148 E18.93525
;LAYER_CHANGE
;Z:4.2
;HEIGHT:0.2
G1 E16.93525 F2400
G92 E0
G1 Z4.2 F7200
G1 X116.844 Y97.576
G1 E2 F2400
;TYPE:Perimeter
;WIDTH:0.449999
G1 F1200
G1 X117.254 Y97.749 E2.01506
G1 X117.719 Y98.047 E2.03375
G1 X118.283 Y98.576 E2.05992
G1 X118.721 Y99.198 E2.08567
G1 X119.052 Y100.004 E2.11516
G1 X119.187 Y100.84 E2.14382
G1 X119.187 Y101.159 E2.15462
G1 X119.13 Y101.665 E2.17186
G1 X118.976 Y102.25 E2.19234
G1 X118.636 Y102.946 E2.21856
G1 X118.125 Y103.595 E2.24652
G1 X117.482 Y104.113 E2.27447
G1 X116.948 Y104.398 E2.29496
G1 X116.426 Y104.576 E2.31363
G1 X115.66 Y104.687 E2.33983
G1 X115.341 Y104.687 E2.35063
G1 X114.835 Y104.63 E2.36787
G1 X114.25 Y104.476 E2.38835
G1 X113.554 Y104.136 E2.41457
G1 X113.291 Y103.957 E2.42534
G1 X112.905 Y103.625 E2.44257
G1 X112.689 Y103.391 E2.45335
G1 X112.387 Y102.982 E2.47056
G1 X112.102 Y102.448 E2.49105
G1 X111.891 Y101.772 E2.51502
G1 X111.809 Y101.128 E2.53699
G1 X111.858 Y100.401 E2.56165
G1 X112.018 Y99.771 E2.58365
G1 X112.249 Y99.246 E2.60306
G1 X112.689 Y98.609 E2.62927
G1 X112.905 Y98.375 E2.64005
G1 X113.291 Y98.043 E2.65728
G1 X113.802 Y97.72 E2.67774
G1 X114.487 Y97.454 E2.70261
G1 X114.823 Y97.371 E2.71433
G1 X115.36 Y97.308 E2.73263
G1 X115.923 Y97.332 E2.7517
G1 X116.662 Y97.5 E2.77735
G1 X116.789 Y97.553 E2.78201
G1 X116.696 Y97.952 F7200
G1 F1200
G1 X117.077 Y98.116 E2.79605
G1 X117.635 Y98.504 E2.81905
G1 X117.995 Y98.864 E2.83628
G1 X118.378 Y99.418 E2.85908
G1 X118.67 Y100.144 E2.88557
G1 X118.783 Y100.885 E2.91094
G1 X118.726 Y101.619 E2.93586
G1 X118.587 Y102.13 E2.95379
G1 X118.276 Y102.756 E2.97745
G1 X117.816 Y103.329 E3.00232
G1 X117.24 Y103.786 E3.02721
G1 X116.771 Y104.031 E3.04512
G1 X116.12 Y104.226 E3.06812
G1 X115.615 Y104.283 E3.08532
G1 X114.881 Y104.226 E3.11024
G1 X114.37 Y104.087 E3.12817
G1 X113.745 Y103.776 E3.1518
G1 X113.171 Y103.316 E3.1767
G1 X112.714 Y102.74 E3.20159
G1 X112.468 Y102.271 E3.21952
G1 X112.283 Y101.664 E3.241
G1 X112.215 Y101.091 E3.26053
G1 X112.263 Y100.443 E3.28252
G1 X112.408 Y99.885 E3.30203
G1 X112.616 Y99.423 E3.31918
G1 X113.016 Y98.851 E3.34281
G1 X113.556 Y98.352 E3.3677
G1 X114.005 Y98.072 E3.38561
G1 X114.622 Y97.838 E3.40795
G1 X115.212 Y97.734 E3.42823
G1 X115.758 Y97.73 E3.44671
G1 X116.05 Y97.758 E3.45664
G1 X116.557 Y97.893 E3.4744
G1 X116.641 Y97.929 E3.47749
G1 X116.548 Y98.33 F7200
G1 F1200
G1 X116.98 Y98.528 E3.49358
G1 X117.348 Y98.792 E3.50891
G1 X117.707 Y99.152 E3.52612
G1 X118.035 Y99.637 E3.54594
G1 X118.288 Y100.284 E3.56945
G1 X118.378 Y100.931 E3.59156
G1 X118.321 Y101.574 E3.61341
G1 X118.154 Y102.115 E3.63257
G1 X117.916 Y102.565 E3.6498
G1 X117.508 Y103.063 E3.67159
G1 X116.998 Y103.458 E3.69343
G1 X116.51 Y103.698 E3.71184
G1 X116.074 Y103.821 E3.72717
G1 X115.569 Y103.878 E3.74437
G1 X114.926 Y103.821 E3.76622
G1 X114.385 Y103.654 E3.78538
G1 X113.935 Y103.417 E3.8026
G1 X113.437 Y103.008 E3.82441
G1 X113.042 Y102.498 E3.84625
G1 X112.813 Y102.043 E3.86349
G1 X112.675 Y101.555 E3.88066
G1 X112.62 Y101.055 E3.89769
G1 X112.668 Y100.485 E3.91705
G1 X112.799 Y99.999 E3.93409
G1 X113.018 Y99.537 E3.9514
G1 X113.344 Y99.092 E3.97007
G1 X113.822 Y98.66 E3.99188
G1 X114.28 Y98.39 E4.00988
G1 X114.756 Y98.222 E4.02697
G1 X115.261 Y98.138 E4.0443
G1 X115.874 Y98.144 E4.06505
G1 X116.452 Y98.286 E4.0852
G1 X116.493 Y98.305 E4.08673
G1 X116.403 Y98.699 F7200
;TYPE:External perimeter
G1 F1200
G1 X116.75 Y98.865 E4.09975
G1 X117.06 Y99.08 E4.11252
G1 X117.42 Y99.439 E4.12973
G1 X117.712 Y99.897 E4.14812
G1 X117.906 Y100.424 E4.16713
G1 X117.974 Y100.977 E4.18599
G1 X117.917 Y101.528 E4.20474
G1 X117.794 Y101.925 E4.21881
G1 X117.557 Y102.375 E4.23603
G1 X117.199 Y102.798 E4.25479
G1 X116.757 Y103.131 E4.27352
G1 X116.39 Y103.309 E4.28733
G1 X116.029 Y103.417 E4.30008
G1 X115.523 Y103.474 E4.31732
G1 X114.972 Y103.417 E4.33607
G1 X114.575 Y103.294 E4.35014
G1 X114.125 Y103.057 E4.36736
G1 X113.702 Y102.699 E4.38612
G1 X113.369 Y102.257 E4.40485
G1 X113.189 Y101.884 E4.41887
G1 X113.061 Y101.41 E4.43549
G1 X113.026 Y100.979 E4.45013
G1 X113.08 Y100.491 E4.46675
G1 X113.202 Y100.082 E4.4812
G1 X113.369 Y99.743 E4.49399
G1 X113.671 Y99.334 E4.5112
G1 X114.088 Y98.969 E4.52996
G1 X114.447 Y98.762 E4.54399
G1 X114.928 Y98.593 E4.56125
G1 X115.426 Y98.528 E4.57825
G1 X115.88 Y98.555 E4.59364
G1 X116.347 Y98.679 E4.61
G1 X116.709 Y98.848 F7200
G1 E2.61 F2400
G92 E0
G1 X112.701 Y88.361 F7200
G1 E2 F2400
;TYPE:Perimeter
G1 F1200
G1 X112.799 Y87.999 E2.01269
G1 X113.042 Y87.502 E2.03142
G1 X113.344 Y87.092 E2.04866
G1 X113.822 Y86.66 E2.07047
G1 X114.313 Y86.377 E2.08965
;WIDTH:0.497026
G1 X114.785 Y86.187 E2.10886
;WIDTH:0.521016
G1 X114.917 Y86.144 E2.11438
G1 X115.446 Y86.1 E2.13548
;WIDTH:0.51704
G1 X116.005 Y86.132 E2.15755
G1 X116.247 Y86.214 E2.16762
;WIDTH:0.48352
G1 X116.488 Y86.296 E2.17695
;WIDTH:0.449999
G1 X117.065 Y86.583 E2.19876
G1 X117.508 Y86.937 E2.21795
G1 X117.84 Y87.323 E2.23518
G1 X118.102 Y87.786 E2.25319
G1 X118.204 Y88.012 E2.26158
G1 X118.336 Y88.503 E2.27879
G1 X118.378 Y89.068 E2.29797
G1 X118.321 Y89.574 E2.31521
G1 X118.165 Y90.095 E2.33362
G1 X117.958 Y90.498 E2.34896
G1 X117.656 Y90.908 E2.3662
G1 X117.178 Y91.34 E2.38801
G1 X116.688 Y91.623 E2.40716
G1 X116.208 Y91.791 E2.42437
G1 X115.708 Y91.863 E2.44147
G1 X115.116 Y91.855 E2.46151
G1 X114.55 Y91.714 E2.48125
G1 X114.079 Y91.493 E2.49886
G1 X113.822 Y91.34 E2.50898
G1 X113.437 Y91.008 E2.52619
G1 X113.042 Y90.498 E2.54803
G1 X112.815 Y90.048 E2.56509
G1 X112.675 Y89.555 E2.58244
G1 X112.62 Y89.055 E2.59947
G1 X112.668 Y88.485 E2.61883
G1 X112.686 Y88.419 E2.62115
G1 X113.092 Y88.45 F7200
;TYPE:External perimeter
G1 F1200
G1 X113.202 Y88.082 E2.63415
G1 X113.369 Y87.743 E2.64694
G1 X113.671 Y87.334 E2.66415
G1 X114.088 Y86.969 E2.68291
G1 X114.447 Y86.761 E2.69695
G1 X114.928 Y86.593 E2.7142
G1 X115.446 Y86.527 E2.73188
G1 X115.891 Y86.557 E2.74698
G1 X116.383 Y86.689 E2.76422
G1 X116.875 Y86.943 E2.78296
G1 X117.199 Y87.202 E2.797
G1 X117.531 Y87.588 E2.81423
G1 X117.794 Y88.075 E2.83296
G1 X117.943 Y88.609 E2.85173
G1 X117.974 Y89.022 E2.86575
G1 X117.917 Y89.528 E2.88299
G1 X117.798 Y89.918 E2.89679
G1 X117.631 Y90.257 E2.90958
G1 X117.329 Y90.666 E2.92679
G1 X116.912 Y91.031 E2.94555
G1 X116.553 Y91.238 E2.95958
G1 X116.073 Y91.407 E2.97681
G1 X115.523 Y91.474 E2.99556
G1 X115.109 Y91.443 E3.00961
G1 X114.617 Y91.311 E3.02685
G1 X114.125 Y91.057 E3.04559
G1 X113.702 Y90.699 E3.06435
G1 X113.369 Y90.257 E3.08308
G1 X113.189 Y89.884 E3.0971
G1 X113.061 Y89.41 E3.11372
G1 X113.026 Y89.018 E3.12704
G1 X113.078 Y88.509 E3.14436
G1 X113.192 Y88.125 F7200
G1 E1.14436 F2400
G92 E0
G1 X120.054 Y113.554 F7200
G1 E2 F2400
;TYPE:Perimeter
G1 F2700
G1 X79.946 Y113.554 E3.35761
G1 X79.946 Y86.446 E4.27518
G1 X112.839 Y86.446 E5.38857
G1 X112.689 Y86.609 E5.39607
G1 X112.249 Y87.246 E5.42228
G1 X112.018 Y87.771 E5.44169
G1 X111.858 Y88.401 E5.46369
G1 X111.809 Y89.128 E5.48835
G1 X111.891 Y89.772 E5.51032
G1 X112.102 Y90.448 E5.53429
G1 X112.387 Y90.982 E5.55478
G1 X112.689 Y91.391 E5.57199
G1 X112.905 Y91.625 E5.58277
G1 X113.291 Y91.957 E5.6
G1 X113.555 Y92.137 E5.61082
G1 X114.004 Y92.374 E5.62801
G1 X114.339 Y92.501 E5.64014
G1 X115.055 Y92.667 E5.66502
G1 X115.66 Y92.687 E5.68551
G1 X116.166 Y92.63 E5.70275
G1 X116.571 Y92.526 E5.7169
G1 X117.198 Y92.28 E5.7397
G1 X117.709 Y91.957 E5.76016
G1 X118.311 Y91.391 E5.78813
G1 X118.751 Y90.754 E5.81434
G1 X118.976 Y90.25 E5.83302
G1 X119.13 Y89.665 E5.8535
G1 X119.192 Y88.893 E5.87972
G1 X119.122 Y88.293 E5.90017
G1 X118.874 Y87.505 E5.92813
G1 X118.637 Y87.055 E5.94535
G1 X118.16 Y86.446 E5.97153
G1 X120.054 Y86.446 E6.03564
G1 X120.054 Y113.494 E6.95118
G1 X120.461 Y113.961 F7200
G1 F2700
G1 X79.539 Y113.961 E8.33634
G1 X79.539 Y86.039 E9.28147
G1 X114.077 Y86.039 E10.45054
G1 X113.557 Y86.352 E10.47108
G1 X113.016 Y86.851 E10.49599
G1 X112.616 Y87.423 E10.51962
G1 X112.408 Y87.885 E10.53677
G1 X112.263 Y88.443 E10.55628
G1 X112.215 Y89.091 E10.57827
G1 X112.283 Y89.664 E10.5978
G1 X112.468 Y90.271 E10.61928
G1 X112.714 Y90.74 E10.63721
G1 X113.171 Y91.316 E10.6621
G1 X113.557 Y91.648 E10.67933
G1 X113.889 Y91.853 E10.69254
G1 X114.445 Y92.108 E10.71324
G1 X115.085 Y92.261 E10.73551
G1 X115.614 Y92.283 E10.75343
G1 X116.12 Y92.226 E10.77067
G1 X116.436 Y92.142 E10.78174
G1 X116.995 Y91.928 E10.802
G1 X117.443 Y91.648 E10.81988
G1 X117.984 Y91.149 E10.84479
G1 X118.286 Y90.74 E10.862
G1 X118.587 Y90.13 E10.88502
G1 X118.726 Y89.619 E10.90295
G1 X118.786 Y88.924 E10.92656
G1 X118.729 Y88.398 E10.94447
G1 X118.597 Y87.907 E10.96168
G1 X118.462 Y87.596 E10.97316
G1 X118.149 Y87.057 E10.99426
G1 X117.817 Y86.671 E11.01149
G1 X117.414 Y86.328 E11.0294
G1 X116.906 Y86.039 E11.04918
G1 X120.461 Y86.039 E11.16951
G1 X120.461 Y113.901 E12.1126
G1 X120.868 Y114.368 F7200
G1 F2700
G1 X79.132 Y114.368 E13.52531
G1 X79.132 Y85.632 E14.49799
G1 X114.186 Y85.632 E15.68452
;WIDTH:0.485508
G1 X114.537 Y85.65 E15.69745
;WIDTH:0.521016
G1 X114.888 Y85.668 E15.71142
G1 X115.497 Y85.653 E15.73564
;WIDTH:0.51704
G1 X116.067 Y85.666 E15.75812
G1 X116.321 Y85.649 E15.76816
;WIDTH:0.48352
G1 X116.575 Y85.632 E15.77749
;WIDTH:0.449999
G1 X120.868 Y85.632 E15.9228
G1 X120.868 Y114.308 E16.89345
G1 X121.275 Y114.775 F7200
;TYPE:External perimeter
G1 F1800
G1 X78.725 Y114.775 E18.33371
G1 X78.725 Y85.225 E19.33394
G1 X121.275 Y85.225 E20.7742
G1 X121.275 Y114.715 E21.7724
G1 X120.879 Y114.774 F7200
G1 E19.7724 F2400
G92 E0
G1 X119.748 Y112.125 F7200
G1 E2 F2400
;TYPE:Internal infill
;WIDTH:0.45
G1 F3300
G1 X119.748 Y113.248 E2.03801
G1 X118.429 Y113.248 E2.08266
G1 X118.462 Y113.103 E2.08769
G1 X119.283 Y112.055 E2.13275
G1 X119.393 Y111.531 E2.15087
G1 X119.275 Y111.007 E2.16905
G1 X118.454 Y109.958 E2.21414
G1 X118.345 Y109.434 E2.23226
G1 X118.462 Y108.91 E2.25043
G1 X119.283 Y107.862 E2.29549
G1 X119.393 Y107.338 E2.31361
G1 X119.275 Y106.814 E2.33179
G1 X118.454 Y105.765 E2.37688
G1 X118.345 Y105.241 E2.395
G1 X118.462 Y104.717 E2.41317
G1 X119.283 Y103.669 E2.45823
G1 X119.393 Y103.145 E2.47635
G1 X119.275 Y102.621 E2.49453
G1 X119.194 Y102.518 E2.49897
G1 X119.419 Y101.806 E2.52425
G1 X119.502 Y101 E2.55168
G1 X119.433 Y100.295 E2.57566
G1 X119.216 Y99.563 E2.6015
G1 X119.283 Y99.476 E2.60522
G1 X119.393 Y98.952 E2.62334
G1 X119.275 Y98.428 E2.64152
G1 X118.454 Y97.379 E2.68661
G1 X118.345 Y96.855 E2.70473
G1 X118.462 Y96.331 E2.7229
G1 X119.283 Y95.283 E2.76796
G1 X119.393 Y94.759 E2.78608
G1 X119.275 Y94.235 E2.80426
G1 X118.454 Y93.186 E2.84935
G1 X118.345 Y92.662 E2.86747
G1 X118.462 Y92.138 E2.88564
G1 X119.283 Y91.09 E2.9307
G1 X119.393 Y90.566 E2.94882
G1 X119.308 Y90.189 E2.9619
G1 X119.491 Y89.188 E2.99634
G1 X119.471 Y88.527 E3.01872
G1 X119.284 Y87.717 E3.04686
G1 X119.054 Y87.192 E3.06626
G1 X119.283 Y86.897 E3.0789
G1 X119.314 Y86.752 E3.08392
G1 X119.748 Y86.752 E3.09861
G1 X119.748 Y88.759 E3.16654
G1 E1.16654 F2400
G92 E0
G1 X111.535 Y89.482 F7200
G1 E2 F2400
G1 F3300
G1 X111.769 Y90.447 E2.03361
G1 X112.103 Y91.111 E2.05877
G1 X112.526 Y91.673 E2.08258
G1 X112.164 Y92.138 E2.10253
G1 X112.055 Y92.662 E2.12065
G1 X112.172 Y93.186 E2.13882
G1 X112.994 Y94.235 E2.18393
G1 X113.103 Y94.759 E2.20205
G1 X112.986 Y95.283 E2.22022
G1 X112.164 Y96.331 E2.2653
G1 X112.055 Y96.855 E2.28342
G1 X112.172 Y97.379 E2.30159
G1 X112.753 Y98.118 E2.33341
G1 X113.21 Y97.718 E2.35397
G1 X113.768 Y97.392 E2.37584
G1 X114.23 Y97.231 E2.3924
G1 X114.152 Y96.855 E2.4054
G1 X114.269 Y96.331 E2.42357
G1 X115.09 Y95.283 E2.46863
G1 X115.2 Y94.759 E2.48675
G1 X115.082 Y94.235 E2.50493
G1 X114.261 Y93.186 E2.55002
G1 X114.174 Y92.768 E2.56447
G1 X114.877 Y92.953 E2.58908
G1 X115.477 Y93.002 E2.60946
G1 X116.304 Y92.913 E2.63761
G1 X116.365 Y93.186 E2.64708
G1 X117.187 Y94.235 E2.69219
G1 X117.296 Y94.759 E2.71031
G1 X117.179 Y95.283 E2.72848
G1 X116.357 Y96.331 E2.77356
G1 X116.248 Y96.855 E2.79168
G1 X116.301 Y97.094 E2.79997
G1 X117.078 Y97.325 E2.82741
G1 X117.605 Y97.6 E2.84753
G1 X118.4 Y98.261 E2.88253
G1 E.88253 F2400
G92 E0
G1 X118.411 Y103.73 F7200
G1 E2 F2400
G1 F3300
G1 X118.077 Y104.054 E2.01575
G1 X117.391 Y104.524 E2.0439
G1 X116.317 Y104.91 E2.08253
G1 X116.248 Y105.241 E2.09397
G1 X116.365 Y105.765 E2.11214
G1 X117.187 Y106.814 E2.15725
G1 X117.296 Y107.338 E2.17537
G1 X117.179 Y107.862 E2.19354
G1 X116.357 Y108.91 E2.23862
G1 X116.248 Y109.434 E2.25674
G1 X116.365 Y109.958 E2.27491
G1 X117.187 Y111.007 E2.32002
G1 X117.296 Y111.531 E2.33814
G1 X117.179 Y112.055 E2.35631
G1 X116.357 Y113.103 E2.40139
G1 X116.327 Y113.248 E2.4064
G1 X114.236 Y113.248 E2.47718
G1 X114.269 Y113.103 E2.48221
G1 X115.09 Y112.055 E2.52727
G1 X115.2 Y111.531 E2.54539
G1 X115.082 Y111.007 E2.56357
G1 X114.261 Y109.958 E2.60866
G1 X114.152 Y109.434 E2.62678
G1 X114.269 Y108.91 E2.64495
G1 X115.09 Y107.862 E2.69001
G1 X115.2 Y107.338 E2.70813
G1 X115.082 Y106.814 E2.72631
G1 X114.261 Y105.765 E2.7714
G1 X114.152 Y105.241 E2.78952
G1 X114.251 Y104.796 E2.80495
G1 X113.242 Y104.304 E2.84295
G1 X112.791 Y103.916 E2.86309
G1 X112.164 Y104.717 E2.89752
G1 X112.055 Y105.241 E2.91564
G1 X112.172 Y105.765 E2.93381
G1 X112.994 Y106.814 E2.97892
G1 X113.103 Y107.338 E2.99704
G1 X112.986 Y107.862 E3.01521
G1 X112.164 Y108.91 E3.06029
G1 X112.055 Y109.434 E3.07841
G1 X112.172 Y109.958 E3.09658
G1 X112.994 Y111.007 E3.14169
G1 X113.103 Y111.531 E3.15981
G1 X112.986 Y112.055 E3.17798
G1 X112.164 Y113.103 E3.22306
G1 X112.134 Y113.248 E3.22807
G1 X110.043 Y113.248 E3.29885
G1 X110.076 Y113.103 E3.30388
G1 X110.897 Y112.055 E3.34894
G1 X111.007 Y111.531 E3.36706
G1 X110.889 Y111.007 E3.38524
G1 X110.068 Y109.958 E3.43033
G1 X109.958 Y109.434 E3.44845
G1 X110.076 Y108.91 E3.46663
G1 X110.897 Y107.862 E3.51169
G1 X111.007 Y107.338 E3.52981
G1 X110.889 Y106.814 E3.54799
G1 X110.068 Y105.765 E3.59308
G1 X109.958 Y105.241 E3.6112
G1 X110.076 Y104.717 E3.62938
G1 X110.897 Y103.669 E3.67444
G1 X111.007 Y103.145 E3.69256
G1 X110.889 Y102.621 E3.71074
G1 X110.068 Y101.572 E3.75583
G1 X109.958 Y101.048 E3.77395
G1 X110.076 Y100.524 E3.79213
G1 X110.897 Y99.476 E3.83719
G1 X111.007 Y98.952 E3.85531
G1 X110.889 Y98.428 E3.87349
G1 X110.068 Y97.379 E3.91858
G1 X109.958 Y96.855 E3.9367
G1 X110.076 Y96.331 E3.95488
G1 X110.897 Y95.283 E3.99994
G1 X111.007 Y94.759 E4.01806
G1 X110.889 Y94.235 E4.03624
G1 X110.068 Y93.186 E4.08133
G1 X109.958 Y92.662 E4.09945
G1 X110.076 Y92.138 E4.11763
G1 X110.897 Y91.09 E4.16269
G1 X111.007 Y90.566 E4.18081
G1 X110.889 Y90.042 E4.19899
G1 X110.068 Y88.993 E4.24408
G1 X109.958 Y88.469 E4.2622
G1 X110.076 Y87.945 E4.28038
G1 X110.897 Y86.897 E4.32544
G1 X110.928 Y86.752 E4.33046
G1 X108.825 Y86.752 E4.40164
G1 X108.793 Y86.897 E4.40667
G1 X107.971 Y87.945 E4.45175
G1 X107.862 Y88.469 E4.46987
G1 X107.979 Y88.993 E4.48804
G1 X108.801 Y90.042 E4.53315
G1 X108.91 Y90.566 E4.55127
G1 X108.793 Y91.09 E4.56944
G1 X107.971 Y92.138 E4.61452
G1 X107.862 Y92.662 E4.63264
G1 X107.979 Y93.186 E4.65081
G1 X108.801 Y94.235 E4.69592
G1 X108.91 Y94.759 E4.71404
G1 X108.793 Y95.283 E4.73221
G1 X107.971 Y96.331 E4.77729
G1 X107.862 Y96.855 E4.79541
G1 X107.979 Y97.379 E4.81358
G1 X108.801 Y98.428 E4.85869
G1 X108.91 Y98.952 E4.87681
G1 X108.793 Y99.476 E4.89498
G1 X107.971 Y100.524 E4.94006
G1 X107.862 Y101.048 E4.95818
G1 X107.979 Y101.572 E4.97635
G1 X108.801 Y102.621 E5.02146
G1 X108.91 Y103.145 E5.03958
G1 X108.793 Y103.669 E5.05775
G1 X107.971 Y104.717 E5.10283
G1 X107.862 Y105.241 E5.12095
G1 X107.979 Y105.765 E5.13912
G1 X108.801 Y106.814 E5.18423
G1 X108.91 Y107.338 E5.20235
G1 X108.793 Y107.862 E5.22052
G1 X107.971 Y108.91 E5.2656
G1 X107.862 Y109.434 E5.28372
G1 X107.979 Y109.958 E5.30189
G1 X108.801 Y111.007 E5.347
G1 X108.91 Y111.531 E5.36512
G1 X108.793 Y112.055 E5.38329
G1 X107.971 Y113.103 E5.42837
G1 X107.941 Y113.248 E5.43338
G1 X105.85 Y113.248 E5.50416
G1 X105.883 Y113.103 E5.50919
G1 X106.704 Y112.055 E5.55425
G1 X106.814 Y111.531 E5.57237
G1 X106.696 Y111.007 E5.59055
G1 X105.875 Y109.958 E5.63564
G1 X105.765 Y109.434 E5.65376
G1 X105.883 Y108.91 E5.67194
G1 X106.704 Y107.862 E5.717
G1 X106.814 Y107.338 E5.73512
G1 X106.696 Y106.814 E5.7533
G1 X105.875 Y105.765 E5.79839
G1 X105.765 Y105.241 E5.81651
G1 X105.883 Y104.717 E5.83469
G1 X106.704 Y103.669 E5.87975
G1 X106.814 Y103.145 E5.89787
G1 X106.696 Y102.621 E5.91605
G1 X105.875 Y101.572 E5.96114
G1 X105.765 Y101.048 E5.97926
G1 X105.883 Y100.524 E5.99744
G1 X106.704 Y99.476 E6.0425
G1 X106.814 Y98.952 E6.06062
G1 X106.696 Y98.428 E6.0788
G1 X105.875 Y97.379 E6.12389
G1 X105.765 Y96.855 E6.14201
G1 X105.883 Y96.331 E6.16019
G1 X106.704 Y95.283 E6.20525
G1 X106.814 Y94.759 E6.22337
G1 X106.696 Y94.235 E6.24155
G1 X105.875 Y93.186 E6.28664
G1 X105.765 Y92.662 E6.30476
G1 X105.883 Y92.138 E6.32294
G1 X106.704 Y91.09 E6.368
G1 X106.814 Y90.566 E6.38612
G1 X106.696 Y90.042 E6.4043
G1 X105.875 Y88.993 E6.44939
G1 X105.765 Y88.469 E6.46751
G1 X105.883 Y87.945 E6.48569
G1 X106.704 Y86.897 E6.53075
G1 X106.735 Y86.752 E6.53577
G1 X104.632 Y86.752 E6.60695
G1 X104.6 Y86.897 E6.61198
G1 X103.778 Y87.945 E6.65706
G1 X103.669 Y88.469 E6.67518
G1 X103.786 Y88.993 E6.69335
G1 X104.608 Y90.042 E6.73846
G1 X104.717 Y90.566 E6.75658
G1 X104.6 Y91.09 E6.77475
G1 X103.778 Y92.138 E6.81983
G1 X103.669 Y92.662 E6.83795
G1 X103.786 Y93.186 E6.85612
G1 X104.608 Y94.235 E6.90123
G1 X104.717 Y94.759 E6.91935
G1 X104.6 Y95.283 E6.93752
G1 X103.778 Y96.331 E6.9826
G1 X103.669 Y96.855 E7.00072
G1 X103.786 Y97.379 E7.01889
G1 X104.608 Y98.428 E7.064
G1 X104.717 Y98.952 E7.08212
G1 X104.6 Y99.476 E7.10029
G1 X103.778 Y100.524 E7.14537
G1 X103.669 Y101.048 E7.16349
G1 X103.786 Y101.572 E7.18166
G1 X104.608 Y102.621 E7.22677
G1 X104.717 Y103.145 E7.24489
G1 X104.6 Y103.669 E7.26306
G1 X103.778 Y104.717 E7.30814
G1 X103.669 Y105.241 E7.32626
G1 X103.786 Y105.765 E7.34443
G1 X104.608 Y106.814 E7.38954
G1 X104.717 Y107.338 E7.40766
G1 X104.6 Y107.862 E7.42583
G1 X103.778 Y108.91 E7.47091
G1 X103.669 Y109.434 E7.48903
G1 X103.786 Y109.958 E7.5072
G1 X104.608 Y111.007 E7.55231
G1 X104.717 Y111.531 E7.57043
G1 X104.6 Y112.055 E7.5886
G1 X103.778 Y113.103 E7.63368
G1 X103.748 Y113.248 E7.63869
G1 X101.657 Y113.248 E7.70947
G1 X101.69 Y113.103 E7.7145
G1 X102.511 Y112.055 E7.75956
G1 X102.621 Y111.531 E7.77768
G1 X102.503 Y111.007 E7.79586
G1 X101.682 Y109.958 E7.84095
G1 X101.572 Y109.434 E7.85907
G1 X101.69 Y108.91 E7.87725
G1 X102.511 Y107.862 E7.92231
G1 X102.621 Y107.338 E7.94043
G1 X102.503 Y106.814 E7.95861
G1 X101.682 Y105.765 E8.0037
G1 X101.572 Y105.241 E8.02182
G1 X101.69 Y104.717 E8.04
G1 X102.511 Y103.669 E8.08506
G1 X102.621 Y103.145 E8.10318
G1 X102.503 Y102.621 E8.12136
G1 X101.682 Y101.572 E8.16645
G1 X101.572 Y101.048 E8.18457
G1 X101.69 Y100.524 E8.20275
G1 X102.511 Y99.476 E8.24781
G1 X102.621 Y98.952 E8.26593
G1 X102.503 Y98.428 E8.28411
G1 X101.682 Y97.379 E8.3292
G1 X101.572 Y96.855 E8.34732
G1 X101.69 Y96.331 E8.3655
G1 X102.511 Y95.283 E8.41056
G1 X102.621 Y94.759 E8.42868
G1 X102.503 Y94.235 E8.44686
G1 X101.682 Y93.186 E8.49195
G1 X101.572 Y92.662 E8.51007
G1 X101.69 Y92.138 E8.52825
G1 X102.511 Y91.09 E8.57331
G1 X102.621 Y90.566 E8.59143
G1 X102.503 Y90.042 E8.60961
G1 X101.682 Y88.993 E8.6547
G1 X101.572 Y88.469 E8.67282
G1 X101.69 Y87.945 E8.691
G1 X102.511 Y86.897 E8.73606
G1 X102.542 Y86.752 E8.74108
G1 X100.439 Y86.752 E8.81226
G1 X100.407 Y86.897 E8.81729
G1 X99.585 Y87.945 E8.86237
G1 X99.476 Y88.469 E8.88049
G1 X99.593 Y88.993 E8.89866
G1 X100.415 Y90.042 E8.94377
G1 X100.524 Y90.566 E8.96189
G1 X100.407 Y91.09 E8.98006
G1 X99.585 Y92.138 E9.02514
G1 X99.476 Y92.662 E9.04326
G1 X99.593 Y93.186 E9.06143
G1 X100.415 Y94.235 E9.10654
G1 X100.524 Y94.759 E9.12466
G1 X100.407 Y95.283 E9.14283
G1 X99.585 Y96.331 E9.18791
G1 X99.476 Y96.855 E9.20603
G1 X99.593 Y97.379 E9.2242
G1 X100.415 Y98.428 E9.26931
G1 X100.524 Y98.952 E9.28743
G1 X100.407 Y99.476 E9.3056
G1 X99.585 Y100.524 E9.35068
G1 X99.476 Y101.048 E9.3688
G1 X99.593 Y101.572 E9.38697
G1 X100.415 Y102.621 E9.43208
G1 X100.524 Y103.145 E9.4502
G1 X100.407 Y103.669 E9.46837
G1 X99.585 Y104.717 E9.51345
G1 X99.476 Y105.241 E9.53157
G1 X99.593 Y105.765 E9.54974
G1 X100.415 Y106.814 E9.59485
G1 X100.524 Y107.338 E9.61297
G1 X100.407 Y107.862 E9.63114
G1 X99.585 Y108.91 E9.67622
G1 X99.476 Y109.434 E9.69434
G1 X99.593 Y109.958 E9.71251
G1 X100.415 Y111.007 E9.75762
G1 X100.524 Y111.531 E9.77574
G1 X100.407 Y112.055 E9.79391
G1 X99.585 Y113.103 E9.83899
G1 X99.555 Y113.248 E9.844
G1 X97.464 Y113.248 E9.91478
G1 X97.497 Y113.103 E9.91981
G1 X98.318 Y112.055 E9.96487
G1 X98.428 Y111.531 E9.98299
G1 X98.31 Y111.007 E10.00117
G1 X97.489 Y109.958 E10.04626
G1 X97.379 Y109.434 E10.06438
G1 X97.497 Y108.91 E10.08256
G1 X98.318 Y107.862 E10.12762
G1 X98.428 Y107.338 E10.14574
G1 X98.31 Y106.814 E10.16392
G1 X97.489 Y105.765 E10.20901
G1 X97.379 Y105.241 E10.22713
G1 X97.497 Y104.717 E10.24531
G1 X98.318 Y103.669 E10.29037
G1 X98.428 Y103.145 E10.30849
G1 X98.31 Y102.621 E10.32667
G1 X97.489 Y101.572 E10.37176
G1 X97.379 Y101.048 E10.38988
G1 X97.497 Y100.524 E10.40806
G1 X98.318 Y99.476 E10.45312
G1 X98.428 Y98.952 E10.47124
G1 X98.31 Y98.428 E10.48942
G1 X97.489 Y97.379 E10.53451
G1 X97.379 Y96.855 E10.55263
G1 X97.497 Y96.331 E10.57081
G1 X98.318 Y95.283 E10.61587
G1 X98.428 Y94.759 E10.63399
G1 X98.31 Y94.235 E10.65217
G1 X97.489 Y93.186 E10.69726
G1 X97.379 Y92.662 E10.71538
G1 X97.497 Y92.138 E10.73356
G1 X98.318 Y91.09 E10.77862
G1 X98.428 Y90.566 E10.79674
G1 X98.31 Y90.042 E10.81492
G1 X97.489 Y88.993 E10.86001
G1 X97.379 Y88.469 E10.87813
G1 X97.497 Y87.945 E10.89631
G1 X98.318 Y86.897 E10.94137
G1 X98.349 Y86.752 E10.94639
G1 X96.246 Y86.752 E11.01757
G1 X96.214 Y86.897 E11.0226
G1 X95.392 Y87.945 E11.06768
G1 X95.283 Y88.469 E11.0858
G1 X95.4 Y88.993 E11.10397
G1 X96.222 Y90.042 E11.14908
G1 X96.331 Y90.566 E11.1672
G1 X96.214 Y91.09 E11.18537
G1 X95.392 Y92.138 E11.23045
G1 X95.283 Y92.662 E11.24857
G1 X95.4 Y93.186 E11.26674
G1 X96.222 Y94.235 E11.31185
G1 X96.331 Y94.759 E11.32997
G1 X96.214 Y95.283 E11.34814
G1 X95.392 Y96.331 E11.39322
G1 X95.283 Y96.855 E11.41134
G1 X95.4 Y97.379 E11.42951
G1 X96.222 Y98.428 E11.47462
G1 X96.331 Y98.952 E11.49274
G1 X96.214 Y99.476 E11.51091
G1 X95.392 Y100.524 E11.55599
G1 X95.283 Y101.048 E11.57411
G1 X95.4 Y101.572 E11.59228
G1 X96.222 Y102.621 E11.63739
G1 X96.331 Y103.145 E11.65551
G1 X96.214 Y103.669 E11.67368
G1 X95.392 Y104.717 E11.71876
G1 X95.283 Y105.241 E11.73688
G1 X95.4 Y105.765 E11.75505
G1 X96.222 Y106.814 E11.80016
G1 X96.331 Y107.338 E11.81828
G1 X96.214 Y107.862 E11.83645
G1 X95.392 Y108.91 E11.88153
G1 X95.283 Y109.434 E11.89965
G1 X95.4 Y109.958 E11.91782
G1 X96.222 Y111.007 E11.96293
G1 X96.331 Y111.531 E11.98105
G1 X96.214 Y112.055 E11.99922
G1 X95.392 Y113.103 E12.0443
G1 X95.362 Y113.248 E12.04931
G1 X93.271 Y113.248 E12.12009
G1 X93.304 Y113.103 E12.12512
G1 X94.125 Y112.055 E12.17018
G1 X94.235 Y111.531 E12.1883
G1 X94.117 Y111.007 E12.20648
G1 X93.296 Y109.958 E12.25157
G1 X93.186 Y109.434 E12.26969
G1 X93.304 Y108.91 E12.28787
G1 X94.125 Y107.862 E12.33293
G1 X94.235 Y107.338 E12.35105
G1 X94.117 Y106.814 E12.36923
G1 X93.296 Y105.765 E12.41432
G1 X93.186 Y105.241 E12.43244
G1 X93.304 Y104.717 E12.45062
G1 X94.125 Y103.669 E12.49568
G1 X94.235 Y103.145 E12.5138
G1 X94.117 Y102.621 E12.53198
G1 X93.296 Y101.572 E12.57707
G1 X93.186 Y101.048 E12.59519
G1 X93.304 Y100.524 E12.61337
G1 X94.125 Y99.476 E12.65843
G1 X94.235 Y98.952 E12.67655
G1 X94.117 Y98.428 E12.69473
G1 X93.296 Y97.379 E12.73982
G1 X93.186 Y96.855 E12.75794
G1 X93.304 Y96.331 E12.77612
G1 X94.125 Y95.283 E12.82118
G1 X94.235 Y94.759 E12.8393
G1 X94.117 Y94.235 E12.85748
G1 X93.296 Y93.186 E12.90257
G1 X93.186 Y92.662 E12.92069
G1 X93.304 Y92.138 E12.93887
G1 X94.125 Y91.09 E12.98393
G1 X94.235 Y90.566 E13.00205
G1 X94.117 Y90.042 E13.02023
G1 X93.296 Y88.993 E13.06532
G1 X93.186 Y88.469 E13.08344
G1 X93.304 Y87.945 E13.10162
G1 X94.125 Y86.897 E13.14668
G1 X94.156 Y86.752 E13.1517
G1 X92.257 Y86.752 E13.21598
G1 E11.21598 F2400
G92 E0
G1 X93.068 Y113.248 F7200
G1 E2 F2400
G1 F3300
G1 X91.169 Y113.248 E2.06428
G1 X91.199 Y113.103 E2.06929
G1 X92.021 Y112.055 E2.11437
G1 X92.138 Y111.531 E2.13254
G1 X92.029 Y111.007 E2.15066
G1 X91.207 Y109.958 E2.19577
G1 X91.09 Y109.434 E2.21394
G1 X91.199 Y108.91 E2.23206
G1 X92.021 Y107.862 E2.27714
G1 X92.138 Y107.338 E2.29531
G1 X92.029 Y106.814 E2.31343
G1 X91.207 Y105.765 E2.35854
G1 X91.09 Y105.241 E2.37671
G1 X91.199 Y104.717 E2.39483
G1 X92.021 Y103.669 E2.43991
G1 X92.138 Y103.145 E2.45808
G1 X92.029 Y102.621 E2.4762
G1 X91.207 Y101.572 E2.52131
G1 X91.09 Y101.048 E2.53948
G1 X91.199 Y100.524 E2.5576
G1 X92.021 Y99.476 E2.60268
G1 X92.138 Y98.952 E2.62085
G1 X92.029 Y98.428 E2.63897
G1 X91.207 Y97.379 E2.68408
G1 X91.09 Y96.855 E2.70225
G1 X91.199 Y96.331 E2.72037
G1 X92.021 Y95.283 E2.76545
G1 X92.138 Y94.759 E2.78362
G1 X92.029 Y94.235 E2.80174
G1 X91.207 Y93.186 E2.84685
G1 X91.09 Y92.662 E2.86502
G1 X91.199 Y92.138 E2.88314
G1 X92.021 Y91.09 E2.92822
G1 X92.138 Y90.566 E2.94639
G1 X92.029 Y90.042 E2.96451
G1 X91.207 Y88.993 E3.00962
G1 X91.09 Y88.469 E3.02779
G1 X91.199 Y87.945 E3.04591
G1 X92.021 Y86.897 E3.09099
G1 X92.053 Y86.752 E3.09602
G1 X89.962 Y86.752 E3.1668
G1 X89.932 Y86.897 E3.17181
G1 X89.111 Y87.945 E3.21687
G1 X88.993 Y88.469 E3.23505
G1 X89.103 Y88.993 E3.25317
G1 X89.924 Y90.042 E3.29826
G1 X90.042 Y90.566 E3.31644
G1 X89.932 Y91.09 E3.33456
G1 X89.111 Y92.138 E3.37962
G1 X88.993 Y92.662 E3.3978
G1 X89.103 Y93.186 E3.41592
G1 X89.924 Y94.235 E3.46101
G1 X90.042 Y94.759 E3.47919
G1 X89.932 Y95.283 E3.49731
G1 X89.111 Y96.331 E3.54237
G1 X88.993 Y96.855 E3.56055
G1 X89.103 Y97.379 E3.57867
G1 X89.924 Y98.428 E3.62376
G1 X90.042 Y98.952 E3.64194
G1 X89.932 Y99.476 E3.66006
G1 X89.111 Y100.524 E3.70512
G1 X88.993 Y101.048 E3.7233
G1 X89.103 Y101.572 E3.74142
G1 X89.924 Y102.621 E3.78651
G1 X90.042 Y103.145 E3.80469
G1 X89.932 Y103.669 E3.82281
G1 X89.111 Y104.717 E3.86787
G1 X88.993 Y105.241 E3.88605
G1 X89.103 Y105.765 E3.90417
G1 X89.924 Y106.814 E3.94926
G1 X90.042 Y107.338 E3.96744
G1 X89.932 Y107.862 E3.98556
G1 X89.111 Y108.91 E4.03062
G1 X88.993 Y109.434 E4.0488
G1 X89.103 Y109.958 E4.06692
G1 X89.924 Y111.007 E4.11201
G1 X90.042 Y111.531 E4.13019
G1 X89.932 Y112.055 E4.14831
G1 X89.111 Y113.103 E4.19337
G1 X89.078 Y113.248 E4.1984
G1 X86.976 Y113.248 E4.26955
G1 X87.006 Y113.103 E4.27456
G1 X87.828 Y112.055 E4.31964
G1 X87.945 Y111.531 E4.33781
G1 X87.836 Y111.007 E4.35593
G1 X87.014 Y109.958 E4.40104
G1 X86.897 Y109.434 E4.41921
G1 X87.006 Y108.91 E4.43733
G1 X87.828 Y107.862 E4.48241
G1 X87.945 Y107.338 E4.50058
G1 X87.836 Y106.814 E4.5187
G1 X87.014 Y105.765 E4.56381
G1 X86.897 Y105.241 E4.58198
G1 X87.006 Y104.717 E4.6001
G1 X87.828 Y103.669 E4.64518
G1 X87.945 Y103.145 E4.66335
G1 X87.836 Y102.621 E4.68147
G1 X87.014 Y101.572 E4.72658
G1 X86.897 Y101.048 E4.74475
G1 X87.006 Y100.524 E4.76287
G1 X87.828 Y99.476 E4.80795
G1 X87.945 Y98.952 E4.82612
G1 X87.836 Y98.428 E4.84424
G1 X87.014 Y97.379 E4.88935
G1 X86.897 Y96.855 E4.90752
G1 X87.006 Y96.331 E4.92564
G1 X87.828 Y95.283 E4.97072
G1 X87.945 Y94.759 E4.98889
G1 X87.836 Y94.235 E5.00701
G1 X87.014 Y93.186 E5.05212
G1 X86.897 Y92.662 E5.07029
G1 X87.006 Y92.138 E5.08841
G1 X87.828 Y91.09 E5.13349
G1 X87.945 Y90.566 E5.15166
G1 X87.836 Y90.042 E5.16978
G1 X87.014 Y88.993 E5.21489
G1 X86.897 Y88.469 E5.23306
G1 X87.006 Y87.945 E5.25118
G1 X87.828 Y86.897 E5.29626
G1 X87.86 Y86.752 E5.30129
G1 X85.769 Y86.752 E5.37207
G1 X85.739 Y86.897 E5.37708
G1 X84.918 Y87.945 E5.42214
G1 X84.8 Y88.469 E5.44032
G1 X84.91 Y88.993 E5.45844
G1 X85.731 Y90.042 E5.50353
G1 X85.849 Y90.566 E5.52171
G1 X85.739 Y91.09 E5.53983
G1 X84.918 Y92.138 E5.58489
G1 X84.8 Y92.662 E5.60307
G1 X84.91 Y93.186 E5.62119
G1 X85.731 Y94.235 E5.66628
G1 X85.849 Y94.759 E5.68446
G1 X85.739 Y95.283 E5.70258
G1 X84.918 Y96.331 E5.74764
G1 X84.8 Y96.855 E5.76582
G1 X84.91 Y97.379 E5.78394
G1 X85.731 Y98.428 E5.82903
G1 X85.849 Y98.952 E5.84721
G1 X85.739 Y99.476 E5.86533
G1 X84.918 Y100.524 E5.91039
G1 X84.8 Y101.048 E5.92857
G1 X84.91 Y101.572 E5.94669
G1 X85.731 Y102.621 E5.99178
G1 X85.849 Y103.145 E6.00996
G1 X85.739 Y103.669 E6.02808
G1 X84.918 Y104.717 E6.07314
G1 X84.8 Y105.241 E6.09132
G1 X84.91 Y105.765 E6.10944
G1 X85.731 Y106.814 E6.15453
G1 X85.849 Y107.338 E6.17271
G1 X85.739 Y107.862 E6.19083
G1 X84.918 Y108.91 E6.23589
G1 X84.8 Y109.434 E6.25407
G1 X84.91 Y109.958 E6.27219
G1 X85.731 Y111.007 E6.31728
G1 X85.849 Y111.531 E6.33546
G1 X85.739 Y112.055 E6.35358
G1 X84.918 Y113.103 E6.39864
G1 X84.885 Y113.248 E6.40367
G1 X82.783 Y113.248 E6.47482
G1 X82.813 Y113.103 E6.47983
G1 X83.635 Y112.055 E6.52491
G1 X83.752 Y111.531 E6.54308
G1 X83.643 Y111.007 E6.5612
G1 X82.821 Y109.958 E6.60631
G1 X82.704 Y109.434 E6.62448
G1 X82.813 Y108.91 E6.6426
G1 X83.635 Y107.862 E6.68768
G1 X83.752 Y107.338 E6.70585
G1 X83.643 Y106.814 E6.72397
G1 X82.821 Y105.765 E6.76908
G1 X82.704 Y105.241 E6.78725
G1 X82.813 Y104.717 E6.80537
G1 X83.635 Y103.669 E6.85045
G1 X83.752 Y103.145 E6.86862
G1 X83.643 Y102.621 E6.88674
G1 X82.821 Y101.572 E6.93185
G1 X82.704 Y101.048 E6.95002
G1 X82.813 Y100.524 E6.96814
G1 X83.635 Y99.476 E7.01322
G1 X83.752 Y98.952 E7.03139
G1 X83.643 Y98.428 E7.04951
G1 X82.821 Y97.379 E7.09462
G1 X82.704 Y96.855 E7.11279
G1 X82.813 Y96.331 E7.13091
G1 X83.635 Y95.283 E7.17599
G1 X83.752 Y94.759 E7.19416
G1 X83.643 Y94.235 E7.21228
G1 X82.821 Y93.186 E7.25739
G1 X82.704 Y92.662 E7.27556
G1 X82.813 Y92.138 E7.29368
G1 X83.635 Y91.09 E7.33876
G1 X83.752 Y90.566 E7.35693
G1 X83.643 Y90.042 E7.37505
G1 X82.821 Y88.993 E7.42016
G1 X82.704 Y88.469 E7.43833
G1 X82.813 Y87.945 E7.45645
G1 X83.635 Y86.897 E7.50153
G1 X83.667 Y86.752 E7.50656
G1 X81.576 Y86.752 E7.57734
G1 X81.546 Y86.897 E7.58235
G1 X80.725 Y87.945 E7.62741
G1 X80.607 Y88.469 E7.64559
G1 X80.717 Y88.993 E7.66371
G1 X81.538 Y90.042 E7.7088
G1 X81.655 Y90.566 E7.72697
G1 X81.546 Y91.09 E7.74509
G1 X80.725 Y92.138 E7.79015
G1 X80.607 Y92.662 E7.80833
G1 X80.717 Y93.186 E7.82645
G1 X81.538 Y94.235 E7.87154
G1 X81.655 Y94.759 E7.88971
G1 X81.546 Y95.283 E7.90783
G1 X80.725 Y96.331 E7.95289
G1 X80.607 Y96.855 E7.97107
G1 X80.717 Y97.379 E7.98919
G1 X81.538 Y98.428 E8.03428
G1 X81.655 Y98.952 E8.05245
G1 X81.546 Y99.476 E8.07057
G1 X80.725 Y100.524 E8.11563
G1 X80.607 Y101.048 E8.13381
G1 X80.717 Y101.572 E8.15193
G1 X81.538 Y102.621 E8.19702
G1 X81.655 Y103.145 E8.21519
G1 X81.546 Y103.669 E8.23331
G1 X80.725 Y104.717 E8.27837
G1 X80.607 Y105.241 E8.29655
G1 X80.717 Y105.765 E8.31467
G1 X81.538 Y106.814 E8.35976
G1 X81.655 Y107.338 E8.37793
G1 X81.546 Y107.862 E8.39605
G1 X80.725 Y108.91 E8.44111
G1 X80.607 Y109.434 E8.45929
G1 X80.717 Y109.958 E8.47741
G1 X81.538 Y111.007 E8.5225
G1 X81.655 Y111.531 E8.54067
G1 X81.546 Y112.055 E8.55879
G1 X80.725 Y113.103 E8.60385
G1 X80.692 Y113.248 E8.60888
G1 X80.252 Y113.248 E8.62377
G1 X80.252 Y111.246 E8.69154
M106 S114.75
;LAYER_CHANGE
;Z:4.4
;HEIGHT:0.2
G1 E6.69154 F2400
G92 E0
G1 Z4.4 F7200
G1 X116.845 Y97.573
G1 E2 F2400
;TYPE:Perimeter
;WIDTH:0.449999
G1 F1200
G1 X117.254 Y97.749 E2.01507
G1 X117.892 Y98.189 E2.0413
G1 X118.457 Y98.791 E2.06925
G1 X118.874 Y99.504 E2.09721
G1 X119.122 Y100.292 E2.12517
G1 X119.192 Y100.893 E2.14565
G1 X119.13 Y101.665 E2.17187
G1 X118.976 Y102.25 E2.19235
G1 X118.751 Y102.754 E2.21103
G1 X118.312 Y103.391 E2.23722
G1 X117.709 Y103.957 E2.26521
G1 X116.996 Y104.374 E2.29317
G1 X116.425 Y104.576 E2.31367
G1 X115.659 Y104.687 E2.33987
G1 X115.341 Y104.687 E2.35063
G1 X114.835 Y104.63 E2.36787
G1 X114.25 Y104.476 E2.38835
G1 X113.746 Y104.251 E2.40703
G1 X113.108 Y103.811 E2.43326
G1 X112.875 Y103.594 E2.44404
G1 X112.543 Y103.209 E2.46125
G1 X112.364 Y102.945 E2.47205
G1 X112.126 Y102.495 E2.48928
G1 X111.889 Y101.766 E2.51523
G1 X111.809 Y101.126 E2.53706
G1 X111.859 Y100.394 E2.5619
G1 X112.018 Y99.769 E2.58373
G1 X112.249 Y99.246 E2.60308
G1 X112.689 Y98.609 E2.62929
G1 X112.905 Y98.375 E2.64007
G1 X113.291 Y98.043 E2.6573
G1 X113.802 Y97.72 E2.67776
G1 X114.345 Y97.503 E2.69755
G1 X114.854 Y97.367 E2.71538
G1 X115.424 Y97.306 E2.73478
G1 X115.925 Y97.332 E2.75176
G1 X116.698 Y97.509 E2.7786
G1 X116.79 Y97.549 E2.782
G1 X116.698 Y97.949 F7200
G1 F1200
G1 X117.077 Y98.116 E2.79602
G1 X117.65 Y98.516 E2.81967
G1 X118.148 Y99.057 E2.84456
G1 X118.514 Y99.694 E2.86943
G1 X118.729 Y100.398 E2.89435
G1 X118.786 Y100.924 E2.91226
G1 X118.726 Y101.619 E2.93587
G1 X118.587 Y102.13 E2.9538
G1 X118.286 Y102.74 E2.97682
G1 X117.984 Y103.149 E2.99403
G1 X117.443 Y103.648 E3.01894
G1 X116.806 Y104.014 E3.04381
G1 X116.305 Y104.187 E3.06175
G1 X115.614 Y104.283 E3.08536
G1 X114.881 Y104.226 E3.11025
G1 X114.37 Y104.087 E3.12818
G1 X113.838 Y103.838 E3.14806
G1 X113.35 Y103.484 E3.16847
G1 X112.852 Y102.943 E3.19336
G1 X112.486 Y102.305 E3.21826
G1 X112.282 Y101.657 E3.24126
G1 X112.215 Y101.09 E3.26059
G1 X112.264 Y100.436 E3.28279
G1 X112.409 Y99.884 E3.30211
G1 X112.616 Y99.423 E3.31922
G1 X113.016 Y98.851 E3.34285
G1 X113.556 Y98.352 E3.36774
G1 X114.005 Y98.072 E3.38565
G1 X114.479 Y97.888 E3.40286
G1 X114.903 Y97.771 E3.41775
G1 X115.432 Y97.713 E3.43576
G1 X116.01 Y97.751 E3.45537
G1 X116.593 Y97.902 E3.47575
G1 X116.643 Y97.924 E3.4776
G1 X116.55 Y98.326 F7200
G1 F1200
G1 X116.998 Y98.542 E3.49443
G1 X117.408 Y98.844 E3.51167
G1 X117.84 Y99.322 E3.53348
G1 X118.154 Y99.884 E3.55527
G1 X118.336 Y100.503 E3.57711
G1 X118.378 Y101.068 E3.59629
G1 X118.321 Y101.574 E3.61353
G1 X118.165 Y102.095 E3.63194
G1 X117.959 Y102.498 E3.64726
G1 X117.656 Y102.908 E3.66452
G1 X117.178 Y103.34 E3.68633
G1 X116.615 Y103.654 E3.70815
G1 X116.074 Y103.821 E3.72731
G1 X115.568 Y103.878 E3.74455
G1 X114.926 Y103.821 E3.76637
G1 X114.405 Y103.665 E3.78478
G1 X114.002 Y103.458 E3.80012
G1 X113.592 Y103.156 E3.81736
G1 X113.16 Y102.678 E3.83917
G1 X112.846 Y102.115 E3.86099
G1 X112.674 Y101.549 E3.88101
G1 X112.62 Y101.054 E3.89786
G1 X112.669 Y100.478 E3.91743
G1 X112.815 Y99.952 E3.93591
G1 X113.042 Y99.502 E3.95297
G1 X113.344 Y99.092 E3.97021
G1 X113.822 Y98.66 E3.99202
G1 X114.251 Y98.403 E4.00895
G1 X114.793 Y98.209 E4.02844
G1 X115.379 Y98.124 E4.04848
G1 X115.884 Y98.145 E4.06559
G1 X116.488 Y98.296 E4.08666
G1 X116.496 Y98.299 E4.08695
G1 X116.403 Y98.698 F7200
;TYPE:External perimeter
G1 F1200
G1 X116.757 Y98.869 E4.10026
G1 X117.166 Y99.171 E4.11747
G1 X117.531 Y99.588 E4.13623
G1 X117.794 Y100.075 E4.15496
G1 X117.943 Y100.609 E4.17373
G1 X117.974 Y101.022 E4.18775
G1 X117.917 Y101.528 E4.20499
G1 X117.798 Y101.918 E4.21879
G1 X117.631 Y102.256 E4.23155
G1 X117.329 Y102.666 E4.24879
G1 X116.912 Y103.031 E4.26755
G1 X116.425 Y103.294 E4.28628
G1 X116.028 Y103.417 E4.30035
G1 X115.523 Y103.474 E4.31755
G1 X114.972 Y103.417 E4.3363
G1 X114.582 Y103.298 E4.3501
G1 X114.243 Y103.131 E4.36289
G1 X113.834 Y102.829 E4.3801
G1 X113.469 Y102.412 E4.39886
G1 X113.205 Y101.925 E4.41761
G1 X113.067 Y101.44 E4.43468
G1 X113.026 Y101.018 E4.44903
G1 X113.076 Y100.509 E4.46634
G1 X113.202 Y100.082 E4.48141
G1 X113.369 Y99.743 E4.4942
G1 X113.671 Y99.334 E4.51141
G1 X114.088 Y98.969 E4.53017
G1 X114.447 Y98.762 E4.5442
G1 X114.928 Y98.593 E4.56146
G1 X115.427 Y98.528 E4.57849
G1 X115.892 Y98.558 E4.59426
G1 X116.347 Y98.679 E4.6102
G1 X116.709 Y98.849 F7200
G1 E2.6102 F2400
G92 E0
G1 X112.701 Y88.361 F7200
G1 E2 F2400
;TYPE:Perimeter
G1 F1200
G1 X112.777 Y88.071 E2.01015
G1 X113.045 Y87.501 E2.03147
G1 X113.352 Y87.081 E2.04908
G1 X113.822 Y86.66 E2.07044
G1 X114.291 Y86.385 E2.08884
;WIDTH:0.497788
G1 X114.509 Y86.282 E2.09796
;WIDTH:0.545577
G1 X114.726 Y86.179 E2.108
G1 X115.352 Y86.105 E2.13435
;WIDTH:0.502822
G1 X115.877 Y86.118 E2.15443
G1 X116.183 Y86.207 E2.16662
;WIDTH:0.476411
G1 X116.488 Y86.296 E2.17807
;WIDTH:0.449999
G1 X117.065 Y86.583 E2.19988
G1 X117.493 Y86.92 E2.21832
G1 X117.793 Y87.258 E2.23362
G1 X118.063 Y87.689 E2.25084
G1 X118.291 Y88.293 E2.27269
G1 X118.378 Y88.932 E2.29452
G1 X118.321 Y89.574 E2.31634
G1 X118.165 Y90.095 E2.33475
G1 X117.958 Y90.498 E2.35009
G1 X117.656 Y90.908 E2.36733
G1 X117.178 Y91.34 E2.38914
G1 X116.615 Y91.654 E2.41096
G1 X115.997 Y91.836 E2.43277
G1 X115.354 Y91.869 E2.45456
G1 X114.815 Y91.798 E2.47296
G1 X114.385 Y91.655 E2.4883
G1 X113.935 Y91.417 E2.50553
G1 X113.437 Y91.008 E2.52734
G1 X113.042 Y90.498 E2.54918
G1 X112.815 Y90.048 E2.56624
G1 X112.674 Y89.549 E2.58379
G1 X112.62 Y88.955 E2.60398
G1 X112.659 Y88.526 E2.61856
G1 X112.686 Y88.419 E2.6223
G1 X113.095 Y88.451 F7200
;TYPE:External perimeter
G1 F1200
G1 X113.145 Y88.244 E2.62951
G1 X113.413 Y87.675 E2.6508
G1 X113.702 Y87.301 E2.6668
G1 X114.088 Y86.969 E2.68403
G1 X114.44 Y86.764 E2.69782
G1 X114.798 Y86.629 E2.71077
G1 X115.42 Y86.529 E2.73209
G1 X115.891 Y86.557 E2.74806
G1 X116.383 Y86.689 E2.7653
G1 X116.875 Y86.943 E2.78404
G1 X117.194 Y87.196 E2.79782
G1 X117.448 Y87.475 E2.81059
G1 X117.719 Y87.906 E2.82782
G1 X117.907 Y88.427 E2.84657
G1 X117.974 Y88.977 E2.86532
G1 X117.917 Y89.528 E2.88407
G1 X117.798 Y89.918 E2.89787
G1 X117.631 Y90.257 E2.91066
G1 X117.329 Y90.666 E2.92787
G1 X116.912 Y91.031 E2.94663
G1 X116.425 Y91.294 E2.96536
G1 X115.891 Y91.443 E2.98413
G1 X115.399 Y91.465 E3.0008
G1 X114.792 Y91.365 E3.02162
G1 X114.269 Y91.133 E3.04099
G1 X114.088 Y91.031 E3.04802
G1 X113.702 Y90.699 E3.06525
G1 X113.369 Y90.257 E3.08398
G1 X113.189 Y89.884 E3.098
G1 X113.06 Y89.404 E3.11482
G1 X113.025 Y88.985 E3.12905
G1 X113.055 Y88.616 E3.14158
G1 X113.081 Y88.509 E3.14531
G1 X113.207 Y88.13 F7200
G1 E1.14531 F2400
G92 E0
G1 X120.054 Y113.554 F7200
G1 E2 F2400
;TYPE:Perimeter
G1 F2700
G1 X79.946 Y113.554 E3.35761
G1 X79.946 Y86.446 E4.27518
G1 X112.838 Y86.446 E5.38853
G1 X112.708 Y86.583 E5.39492
G1 X112.308 Y87.154 E5.41852
G1 X111.94 Y88.014 E5.45018
G1 X111.833 Y88.555 E5.46885
G1 X111.809 Y89.126 E5.48819
G1 X111.889 Y89.766 E5.51002
G1 X112.102 Y90.448 E5.5342
G1 X112.387 Y90.982 E5.55469
G1 X112.689 Y91.391 E5.5719
G1 X112.905 Y91.625 E5.58268
G1 X113.291 Y91.957 E5.59991
G1 X113.698 Y92.212 E5.61617
G1 X114.251 Y92.476 E5.63691
G1 X114.835 Y92.63 E5.65735
G1 X115.607 Y92.692 E5.68357
G1 X116.207 Y92.622 E5.70402
G1 X116.996 Y92.374 E5.73201
G1 X117.709 Y91.957 E5.75997
G1 X118.311 Y91.391 E5.78794
G1 X118.751 Y90.754 E5.81415
G1 X118.976 Y90.25 E5.83283
G1 X119.13 Y89.665 E5.85331
G1 X119.187 Y89.159 E5.87055
G1 X119.187 Y88.841 E5.88131
G1 X119.059 Y88.024 E5.9093
G1 X118.891 Y87.543 E5.92655
G1 X118.753 Y87.256 E5.93733
G1 X118.482 Y86.825 E5.95456
G1 X118.164 Y86.446 E5.97131
G1 X120.054 Y86.446 E6.03528
G1 X120.054 Y113.494 E6.95082
G1 X120.461 Y113.961 F7200
G1 F2700
G1 X79.539 Y113.961 E8.33598
G1 X79.539 Y86.039 E9.28111
G1 X114.074 Y86.039 E10.45008
G1 X113.556 Y86.352 E10.47057
G1 X113.03 Y86.832 E10.49467
G1 X112.677 Y87.328 E10.51528
G1 X112.337 Y88.104 E10.54396
G1 X112.239 Y88.585 E10.56058
G1 X112.215 Y89.09 E10.57769
G1 X112.282 Y89.657 E10.59702
G1 X112.468 Y90.271 E10.61874
G1 X112.714 Y90.74 E10.63667
G1 X113.171 Y91.316 E10.66156
G1 X113.556 Y91.648 E10.67877
G1 X113.888 Y91.852 E10.69196
G1 X114.371 Y92.087 E10.71014
G1 X114.881 Y92.226 E10.72803
G1 X115.576 Y92.286 E10.75164
G1 X116.102 Y92.229 E10.76955
G1 X116.805 Y92.014 E10.79443
G1 X117.443 Y91.648 E10.81933
G1 X117.984 Y91.149 E10.84424
G1 X118.286 Y90.74 E10.86145
G1 X118.587 Y90.13 E10.88447
G1 X118.726 Y89.619 E10.9024
G1 X118.783 Y88.886 E10.92729
G1 X118.675 Y88.158 E10.9522
G1 X118.408 Y87.472 E10.97712
G1 X118.137 Y87.042 E10.99432
G1 X117.791 Y86.643 E11.0122
G1 X117.414 Y86.328 E11.02883
G1 X116.906 Y86.039 E11.04861
G1 X120.461 Y86.039 E11.16894
G1 X120.461 Y113.901 E12.11203
G1 X120.868 Y114.368 F7200
G1 F2700
G1 X79.132 Y114.368 E13.52474
G1 X79.132 Y85.632 E14.49742
G1 X114.149 Y85.632 E15.6827
;WIDTH:0.497788
G1 X114.418 Y85.656 E15.69291
;WIDTH:0.545577
G1 X114.687 Y85.68 E15.7042
G1 X115.095 Y85.666 E15.72126
;WIDTH:0.518302
G1 X115.504 Y85.653 E15.73744
;WIDTH:0.517041
G1 X116.067 Y85.666 E15.75964
G1 X116.321 Y85.649 E15.76968
;WIDTH:0.48352
G1 X116.575 Y85.632 E15.77901
;WIDTH:0.449999
G1 X120.868 Y85.632 E15.92432
G1 X120.868 Y114.308 E16.89497
G1 X121.275 Y114.775 F7200
;TYPE:External perimeter
G1 F1800
G1 X78.725 Y114.775 E18.33523
G1 X78.725 Y85.225 E19.33546
G1 X121.275 Y85.225 E20.77572
G1 X121.275 Y114.715 E21.77392
G1 X120.879 Y114.774 F7200
G1 E19.77392 F2400
G92 E0
G1 X119.748 Y112.055 F7200
G1 E2 F2400
;TYPE:Internal infill
;WIDTH:0.45
G1 F3300
G1 X119.748 Y113.248 E2.04038
G1 X118.499 Y113.248 E2.08266
G1 X118.565 Y113.103 E2.08805
G1 X119.086 Y112.579 E2.11306
G1 X119.417 Y112.055 E2.13404
G1 X119.409 Y111.531 E2.15178
G1 X119.173 Y111.007 E2.17123
G1 X118.651 Y110.483 E2.19627
G1 X118.32 Y109.958 E2.21728
G1 X118.328 Y109.434 E2.23502
G1 X118.565 Y108.91 E2.25449
G1 X119.086 Y108.386 E2.2795
G1 X119.417 Y107.862 E2.30048
G1 X119.409 Y107.338 E2.31822
G1 X119.173 Y106.814 E2.33767
G1 X118.651 Y106.29 E2.36271
G1 X118.32 Y105.765 E2.38372
G1 X118.328 Y105.241 E2.40146
G1 X118.565 Y104.717 E2.42093
G1 X119.086 Y104.193 E2.44594
G1 X119.417 Y103.669 E2.46692
G1 X119.409 Y103.145 E2.48466
G1 X119.16 Y102.608 E2.5047
G1 X119.419 Y101.806 E2.53323
G1 X119.502 Y101.002 E2.56059
G1 X119.418 Y100.218 E2.58728
G1 X119.277 Y99.698 E2.60552
G1 X119.417 Y99.476 E2.6144
G1 X119.409 Y98.952 E2.63214
G1 X119.173 Y98.428 E2.65159
G1 X118.651 Y97.903 E2.67665
G1 X118.32 Y97.379 E2.69763
G1 X118.328 Y96.855 E2.71537
G1 X118.565 Y96.331 E2.73484
G1 X119.086 Y95.807 E2.75985
G1 X119.417 Y95.283 E2.78083
G1 X119.409 Y94.759 E2.79857
G1 X119.173 Y94.235 E2.81802
G1 X118.651 Y93.71 E2.84308
G1 X118.32 Y93.186 E2.86406
G1 X118.328 Y92.662 E2.8818
G1 X118.565 Y92.138 E2.90127
G1 X119.086 Y91.614 E2.92628
G1 X119.417 Y91.09 E2.94726
G1 X119.409 Y90.566 E2.965
G1 X119.279 Y90.276 E2.97576
G1 X119.433 Y89.703 E2.99584
G1 X119.502 Y89 E3.01975
G1 X119.433 Y88.296 E3.04369
G1 X119.134 Y87.345 E3.07743
G1 X119.417 Y86.897 E3.09537
G1 X119.415 Y86.752 E3.10028
G1 X119.748 Y86.752 E3.11155
G1 X119.748 Y88.86 E3.1829
G1 E1.1829 F2400
G92 E0
G1 X111.52 Y89.322 F7200
G1 E2 F2400
G1 F3300
G1 X111.594 Y89.843 E2.01781
G1 X111.769 Y90.447 E2.0391
G1 X112.103 Y91.111 E2.06426
G1 X112.43 Y91.545 E2.08265
G1 X112.031 Y92.138 E2.10684
G1 X112.039 Y92.662 E2.12458
G1 X112.275 Y93.186 E2.14403
G1 X112.797 Y93.71 E2.16907
G1 X113.127 Y94.235 E2.19006
G1 X113.12 Y94.759 E2.2078
G1 X112.883 Y95.283 E2.22727
G1 X112.361 Y95.807 E2.25231
G1 X112.031 Y96.331 E2.27327
G1 X112.039 Y96.855 E2.29101
G1 X112.275 Y97.379 E2.31046
G1 X112.868 Y98.017 E2.33994
G1 X113.21 Y97.718 E2.35532
G1 X113.769 Y97.392 E2.37722
G1 X114.129 Y97.267 E2.39012
G1 X114.135 Y96.855 E2.40407
G1 X114.372 Y96.331 E2.42354
G1 X114.893 Y95.807 E2.44855
G1 X115.224 Y95.283 E2.46953
G1 X115.216 Y94.759 E2.48727
G1 X114.98 Y94.235 E2.50672
G1 X114.458 Y93.71 E2.53178
G1 X114.127 Y93.186 E2.55276
G1 X114.134 Y92.75 E2.56752
G1 X114.784 Y92.932 E2.59037
G1 X115.446 Y93.001 E2.6129
G1 X116.338 Y92.898 E2.64329
G1 X116.468 Y93.186 E2.65399
G1 X116.99 Y93.71 E2.67903
G1 X117.321 Y94.235 E2.70004
G1 X117.313 Y94.759 E2.71778
G1 X117.076 Y95.283 E2.73725
G1 X116.554 Y95.807 E2.76229
G1 X116.224 Y96.331 E2.78325
G1 X116.232 Y96.855 E2.80099
G1 X116.344 Y97.103 E2.8102
G1 X116.807 Y97.222 E2.82638
G1 X117.391 Y97.476 E2.84794
G1 X118.077 Y97.947 E2.87611
G1 X118.43 Y98.292 E2.89282
G1 E.89282 F2400
G92 E0
G1 X118.349 Y103.798 F7200
G1 E2 F2400
G1 F3300
G1 X117.593 Y104.404 E2.0328
G1 X116.844 Y104.766 E2.06096
G1 X116.227 Y104.928 E2.08255
G1 X116.232 Y105.241 E2.09315
G1 X116.468 Y105.765 E2.1126
G1 X116.99 Y106.29 E2.13766
G1 X117.321 Y106.814 E2.15864
G1 X117.313 Y107.338 E2.17638
G1 X117.076 Y107.862 E2.19585
G1 X116.554 Y108.386 E2.22089
G1 X116.224 Y108.91 E2.24185
G1 X116.232 Y109.434 E2.25959
G1 X116.468 Y109.958 E2.27904
G1 X116.99 Y110.483 E2.3041
G1 X117.321 Y111.007 E2.32508
G1 X117.313 Y111.531 E2.34282
G1 X117.076 Y112.055 E2.36229
G1 X116.554 Y112.579 E2.38733
G1 X116.224 Y113.103 E2.40829
G1 X116.226 Y113.248 E2.4132
G1 X114.306 Y113.248 E2.47819
G1 X114.372 Y113.103 E2.48358
G1 X114.893 Y112.579 E2.50859
G1 X115.224 Y112.055 E2.52957
G1 X115.216 Y111.531 E2.54731
G1 X114.98 Y111.007 E2.56676
G1 X114.458 Y110.483 E2.5918
G1 X114.127 Y109.958 E2.61281
G1 X114.135 Y109.434 E2.63055
G1 X114.372 Y108.91 E2.65002
G1 X114.893 Y108.386 E2.67503
G1 X115.224 Y107.862 E2.69601
G1 X115.216 Y107.338 E2.71375
G1 X114.98 Y106.814 E2.7332
G1 X114.458 Y106.29 E2.75824
G1 X114.127 Y105.765 E2.77925
G1 X114.135 Y105.241 E2.79699
G1 X114.326 Y104.819 E2.81267
G1 X113.468 Y104.448 E2.84431
G1 X112.704 Y103.849 E2.87717
G1 X112.361 Y104.193 E2.89361
G1 X112.031 Y104.717 E2.91457
G1 X112.039 Y105.241 E2.93231
G1 X112.275 Y105.765 E2.95176
G1 X112.797 Y106.29 E2.97682
G1 X113.127 Y106.814 E2.99778
G1 X113.12 Y107.338 E3.01552
G1 X112.883 Y107.862 E3.03499
G1 X112.361 Y108.386 E3.06003
G1 X112.031 Y108.91 E3.08099
G1 X112.039 Y109.434 E3.09873
G1 X112.275 Y109.958 E3.11818
G1 X112.797 Y110.483 E3.14324
G1 X113.127 Y111.007 E3.1642
G1 X113.12 Y111.531 E3.18194
G1 X112.883 Y112.055 E3.20141
G1 X112.361 Y112.579 E3.22645
G1 X112.031 Y113.103 E3.24741
G1 X112.033 Y113.248 E3.25232
G1 X110.113 Y113.248 E3.31731
G1 X110.178 Y113.103 E3.32269
G1 X110.7 Y112.579 E3.34773
G1 X111.031 Y112.055 E3.36871
G1 X111.023 Y111.531 E3.38645
G1 X110.787 Y111.007 E3.4059
G1 X110.265 Y110.483 E3.43094
G1 X109.934 Y109.958 E3.45195
G1 X109.942 Y109.434 E3.46969
G1 X110.178 Y108.91 E3.48914
G1 X110.7 Y108.386 E3.51418
G1 X111.031 Y107.862 E3.53516
G1 X111.023 Y107.338 E3.5529
G1 X110.787 Y106.814 E3.57235
G1 X110.265 Y106.29 E3.59739
G1 X109.934 Y105.765 E3.6184
G1 X109.942 Y105.241 E3.63614
G1 X110.178 Y104.717 E3.65559
G1 X110.7 Y104.193 E3.68063
G1 X111.031 Y103.669 E3.70161
G1 X111.023 Y103.145 E3.71935
G1 X110.787 Y102.621 E3.7388
G1 X110.265 Y102.097 E3.76384
G1 X109.934 Y101.572 E3.78485
G1 X109.942 Y101.048 E3.80259
G1 X110.178 Y100.524 E3.82204
G1 X110.7 Y100 E3.84708
G1 X111.031 Y99.476 E3.86806
G1 X111.023 Y98.952 E3.8858
G1 X110.787 Y98.428 E3.90525
G1 X110.265 Y97.903 E3.93031
G1 X109.934 Y97.379 E3.95129
G1 X109.942 Y96.855 E3.96903
G1 X110.178 Y96.331 E3.98848
G1 X110.7 Y95.807 E4.01352
G1 X111.031 Y95.283 E4.0345
G1 X111.023 Y94.759 E4.05224
G1 X110.787 Y94.235 E4.07169
G1 X110.265 Y93.71 E4.09675
G1 X109.934 Y93.186 E4.11773
G1 X109.942 Y92.662 E4.13547
G1 X110.178 Y92.138 E4.15492
G1 X110.7 Y91.614 E4.17996
G1 X111.031 Y91.09 E4.20094
G1 X111.023 Y90.566 E4.21868
G1 X110.787 Y90.042 E4.23813
G1 X110.265 Y89.517 E4.26319
G1 X109.934 Y88.993 E4.28417
G1 X109.942 Y88.469 E4.30191
G1 X110.178 Y87.945 E4.32136
G1 X110.7 Y87.421 E4.3464
G1 X111.031 Y86.897 E4.36738
G1 X111.029 Y86.752 E4.37229
G1 X108.756 Y86.752 E4.44923
G1 X108.69 Y86.897 E4.45462
G1 X108.168 Y87.421 E4.47966
G1 X107.838 Y87.945 E4.50062
G1 X107.846 Y88.469 E4.51836
G1 X108.082 Y88.993 E4.53781
G1 X108.604 Y89.517 E4.56285
G1 X108.934 Y90.042 E4.58384
G1 X108.927 Y90.566 E4.60158
G1 X108.69 Y91.09 E4.62105
G1 X108.168 Y91.614 E4.64609
G1 X107.838 Y92.138 E4.66705
G1 X107.846 Y92.662 E4.68479
G1 X108.082 Y93.186 E4.70424
G1 X108.604 Y93.71 E4.72928
G1 X108.934 Y94.235 E4.75027
G1 X108.927 Y94.759 E4.76801
G1 X108.69 Y95.283 E4.78748
G1 X108.168 Y95.807 E4.81252
G1 X107.838 Y96.331 E4.83348
G1 X107.846 Y96.855 E4.85122
G1 X108.082 Y97.379 E4.87067
G1 X108.604 Y97.903 E4.89571
G1 X108.934 Y98.428 E4.9167
G1 X108.927 Y98.952 E4.93444
G1 X108.69 Y99.476 E4.95391
G1 X108.168 Y100 E4.97895
G1 X107.838 Y100.524 E4.99991
G1 X107.846 Y101.048 E5.01765
G1 X108.082 Y101.572 E5.0371
G1 X108.604 Y102.097 E5.06216
G1 X108.934 Y102.621 E5.08312
G1 X108.927 Y103.145 E5.10086
G1 X108.69 Y103.669 E5.12033
G1 X108.168 Y104.193 E5.14537
G1 X107.838 Y104.717 E5.16633
G1 X107.846 Y105.241 E5.18407
G1 X108.082 Y105.765 E5.20352
G1 X108.604 Y106.29 E5.22858
G1 X108.934 Y106.814 E5.24954
G1 X108.927 Y107.338 E5.26728
G1 X108.69 Y107.862 E5.28675
G1 X108.168 Y108.386 E5.31179
G1 X107.838 Y108.91 E5.33275
G1 X107.846 Y109.434 E5.35049
G1 X108.082 Y109.958 E5.36994
G1 X108.604 Y110.483 E5.395
G1 X108.934 Y111.007 E5.41596
G1 X108.927 Y111.531 E5.4337
G1 X108.69 Y112.055 E5.45317
G1 X108.168 Y112.579 E5.47821
G1 X107.838 Y113.103 E5.49917
G1 X107.84 Y113.248 E5.50408
G1 X105.92 Y113.248 E5.56907
G1 X105.985 Y113.103 E5.57445
G1 X106.507 Y112.579 E5.59949
G1 X106.838 Y112.055 E5.62047
G1 X106.83 Y111.531 E5.63821
G1 X106.594 Y111.007 E5.65766
G1 X106.072 Y110.483 E5.6827
G1 X105.741 Y109.958 E5.70371
G1 X105.749 Y109.434 E5.72145
G1 X105.985 Y108.91 E5.7409
G1 X106.507 Y108.386 E5.76594
G1 X106.838 Y107.862 E5.78692
G1 X106.83 Y107.338 E5.80466
G1 X106.594 Y106.814 E5.82411
G1 X106.072 Y106.29 E5.84915
G1 X105.741 Y105.765 E5.87016
G1 X105.749 Y105.241 E5.8879
G1 X105.985 Y104.717 E5.90735
G1 X106.507 Y104.193 E5.93239
G1 X106.838 Y103.669 E5.95337
G1 X106.83 Y103.145 E5.97111
G1 X106.594 Y102.621 E5.99056
G1 X106.072 Y102.097 E6.0156
G1 X105.741 Y101.572 E6.03661
G1 X105.749 Y101.048 E6.05435
G1 X105.985 Y100.524 E6.0738
G1 X106.507 Y100 E6.09884
G1 X106.838 Y99.476 E6.11982
G1 X106.83 Y98.952 E6.13756
G1 X106.594 Y98.428 E6.15701
G1 X106.072 Y97.903 E6.18207
G1 X105.741 Y97.379 E6.20305
G1 X105.749 Y96.855 E6.22079
G1 X105.985 Y96.331 E6.24024
G1 X106.507 Y95.807 E6.26528
G1 X106.838 Y95.283 E6.28626
G1 X106.83 Y94.759 E6.304
G1 X106.594 Y94.235 E6.32345
G1 X106.072 Y93.71 E6.34851
G1 X105.741 Y93.186 E6.36949
G1 X105.749 Y92.662 E6.38723
G1 X105.985 Y92.138 E6.40668
G1 X106.507 Y91.614 E6.43172
G1 X106.838 Y91.09 E6.4527
G1 X106.83 Y90.566 E6.47044
G1 X106.594 Y90.042 E6.48989
G1 X106.072 Y89.517 E6.51495
G1 X105.741 Y88.993 E6.53593
G1 X105.749 Y88.469 E6.55367
G1 X105.985 Y87.945 E6.57312
G1 X106.507 Y87.421 E6.59816
G1 X106.838 Y86.897 E6.61914
G1 X106.836 Y86.752 E6.62405
G1 X104.563 Y86.752 E6.70099
G1 X104.497 Y86.897 E6.70638
G1 X103.975 Y87.421 E6.73142
G1 X103.645 Y87.945 E6.75238
G1 X103.653 Y88.469 E6.77012
G1 X103.889 Y88.993 E6.78957
G1 X104.411 Y89.517 E6.81461
G1 X104.741 Y90.042 E6.8356
G1 X104.733 Y90.566 E6.85334
G1 X104.497 Y91.09 E6.87279
G1 X103.975 Y91.614 E6.89783
G1 X103.645 Y92.138 E6.91879
G1 X103.653 Y92.662 E6.93653
G1 X103.889 Y93.186 E6.95598
G1 X104.411 Y93.71 E6.98102
G1 X104.741 Y94.235 E7.00201
G1 X104.733 Y94.759 E7.01975
G1 X104.497 Y95.283 E7.0392
G1 X103.975 Y95.807 E7.06424
G1 X103.645 Y96.331 E7.0852
G1 X103.653 Y96.855 E7.10294
G1 X103.889 Y97.379 E7.12239
G1 X104.411 Y97.903 E7.14743
G1 X104.741 Y98.428 E7.16842
G1 X104.733 Y98.952 E7.18616
G1 X104.497 Y99.476 E7.20561
G1 X103.975 Y100 E7.23065
G1 X103.645 Y100.524 E7.25161
G1 X103.653 Y101.048 E7.26935
G1 X103.889 Y101.572 E7.2888
G1 X104.411 Y102.097 E7.31386
G1 X104.741 Y102.621 E7.33482
G1 X104.733 Y103.145 E7.35256
G1 X104.497 Y103.669 E7.37201
G1 X103.975 Y104.193 E7.39705
G1 X103.645 Y104.717 E7.41801
G1 X103.653 Y105.241 E7.43575
G1 X103.889 Y105.765 E7.4552
G1 X104.411 Y106.29 E7.48026
G1 X104.741 Y106.814 E7.50122
G1 X104.733 Y107.338 E7.51896
G1 X104.497 Y107.862 E7.53841
G1 X103.975 Y108.386 E7.56345
G1 X103.645 Y108.91 E7.58441
G1 X103.653 Y109.434 E7.60215
G1 X103.889 Y109.958 E7.6216
G1 X104.411 Y110.483 E7.64666
G1 X104.741 Y111.007 E7.66762
G1 X104.733 Y111.531 E7.68536
G1 X104.497 Y112.055 E7.70481
G1 X103.975 Y112.579 E7.72985
G1 X103.645 Y113.103 E7.75081
G1 X103.647 Y113.248 E7.75572
G1 X101.727 Y113.248 E7.82071
G1 X101.792 Y113.103 E7.82609
G1 X102.314 Y112.579 E7.85113
G1 X102.645 Y112.055 E7.87211
G1 X102.637 Y111.531 E7.88985
G1 X102.401 Y111.007 E7.9093
G1 X101.879 Y110.483 E7.93434
G1 X101.548 Y109.958 E7.95535
G1 X101.556 Y109.434 E7.97309
G1 X101.792 Y108.91 E7.99254
G1 X102.314 Y108.386 E8.01758
G1 X102.645 Y107.862 E8.03856
G1 X102.637 Y107.338 E8.0563
G1 X102.401 Y106.814 E8.07575
G1 X101.879 Y106.29 E8.10079
G1 X101.548 Y105.765 E8.1218
G1 X101.556 Y105.241 E8.13954
G1 X101.792 Y104.717 E8.15899
G1 X102.314 Y104.193 E8.18403
G1 X102.645 Y103.669 E8.20501
G1 X102.637 Y103.145 E8.22275
G1 X102.401 Y102.621 E8.2422
G1 X101.879 Y102.097 E8.26724
G1 X101.548 Y101.572 E8.28825
G1 X101.556 Y101.048 E8.30599
G1 X101.792 Y100.524 E8.32544
G1 X102.314 Y100 E8.35048
G1 X102.645 Y99.476 E8.37146
G1 X102.637 Y98.952 E8.3892
G1 X102.401 Y98.428 E8.40865
G1 X101.879 Y97.903 E8.43371
G1 X101.548 Y97.379 E8.45469
G1 X101.556 Y96.855 E8.47243
G1 X101.792 Y96.331 E8.49188
G1 X102.314 Y95.807 E8.51692
G1 X102.645 Y95.283 E8.5379
G1 X102.637 Y94.759 E8.55564
G1 X102.401 Y94.235 E8.57509
G1 X101.879 Y93.71 E8.60015
G1 X101.548 Y93.186 E8.62113
G1 X101.556 Y92.662 E8.63887
G1 X101.792 Y92.138 E8.65832
G1 X102.314 Y91.614 E8.68336
G1 X102.645 Y91.09 E8.70434
G1 X102.637 Y90.566 E8.72208
G1 X102.401 Y90.042 E8.74153
G1 X101.879 Y89.517 E8.76659
G1 X101.548 Y88.993 E8.78757
G1 X101.556 Y88.469 E8.80531
G1 X101.792 Y87.945 E8.82476
G1 X102.314 Y87.421 E8.8498
G1 X102.645 Y86.897 E8.87078
G1 X102.643 Y86.752 E8.87569
G1 X100.37 Y86.752 E8.95263
G1 X100.304 Y86.897 E8.95802
G1 X99.782 Y87.421 E8.98306
G1 X99.452 Y87.945 E9.00402
G1 X99.46 Y88.469 E9.02176
G1 X99.696 Y88.993 E9.04121
G1 X100.218 Y89.517 E9.06625
G1 X100.548 Y90.042 E9.08724
G1 X100.54 Y90.566 E9.10498
G1 X100.304 Y91.09 E9.12443
G1 X99.782 Y91.614 E9.14947
G1 X99.452 Y92.138 E9.17043
G1 X99.46 Y92.662 E9.18817
G1 X99.696 Y93.186 E9.20762
G1 X100.218 Y93.71 E9.23266
G1 X100.548 Y94.235 E9.25365
G1 X100.54 Y94.759 E9.27139
G1 X100.304 Y95.283 E9.29084
G1 X99.782 Y95.807 E9.31588
G1 X99.452 Y96.331 E9.33684
G1 X99.46 Y96.855 E9.35458
G1 X99.696 Y97.379 E9.37403
G1 X100.218 Y97.903 E9.39907
G1 X100.548 Y98.428 E9.42006
G1 X100.54 Y98.952 E9.4378
G1 X100.304 Y99.476 E9.45725
G1 X99.782 Y100 E9.48229
G1 X99.452 Y100.524 E9.50325
G1 X99.46 Y101.048 E9.52099
G1 X99.696 Y101.572 E9.54044
G1 X100.218 Y102.097 E9.5655
G1 X100.548 Y102.621 E9.58646
G1 X100.54 Y103.145 E9.6042
G1 X100.304 Y103.669 E9.62365
G1 X99.782 Y104.193 E9.64869
G1 X99.452 Y104.717 E9.66965
G1 X99.46 Y105.241 E9.68739
G1 X99.696 Y105.765 E9.70684
G1 X100.218 Y106.29 E9.7319
G1 X100.548 Y106.814 E9.75286
G1 X100.54 Y107.338 E9.7706
G1 X100.304 Y107.862 E9.79005
G1 X99.782 Y108.386 E9.81509
G1 X99.452 Y108.91 E9.83605
G1 X99.46 Y109.434 E9.85379
G1 X99.696 Y109.958 E9.87324
G1 X100.218 Y110.483 E9.8983
G1 X100.548 Y111.007 E9.91926
G1 X100.54 Y111.531 E9.937
G1 X100.304 Y112.055 E9.95645
G1 X99.782 Y112.579 E9.98149
G1 X99.452 Y113.103 E10.00245
G1 X99.454 Y113.248 E10.00736
G1 X97.534 Y113.248 E10.07235
G1 X97.599 Y113.103 E10.07773
G1 X98.121 Y112.579 E10.10277
G1 X98.452 Y112.055 E10.12375
G1 X98.444 Y111.531 E10.14149
G1 X98.208 Y111.007 E10.16094
G1 X97.686 Y110.483 E10.18598
G1 X97.355 Y109.958 E10.20699
G1 X97.363 Y109.434 E10.22473
G1 X97.599 Y108.91 E10.24418
G1 X98.121 Y108.386 E10.26922
G1 X98.452 Y107.862 E10.2902
G1 X98.444 Y107.338 E10.30794
G1 X98.208 Y106.814 E10.32739
G1 X97.686 Y106.29 E10.35243
G1 X97.355 Y105.765 E10.37344
G1 X97.363 Y105.241 E10.39118
G1 X97.599 Y104.717 E10.41063
G1 X98.121 Y104.193 E10.43567
G1 X98.452 Y103.669 E10.45665
G1 X98.444 Y103.145 E10.47439
G1 X98.208 Y102.621 E10.49384
G1 X97.686 Y102.097 E10.51888
G1 X97.355 Y101.572 E10.53989
G1 X97.363 Y101.048 E10.55763
G1 X97.599 Y100.524 E10.57708
G1 X98.121 Y100 E10.60212
G1 X98.452 Y99.476 E10.6231
G1 X98.444 Y98.952 E10.64084
G1 X98.208 Y98.428 E10.66029
G1 X97.686 Y97.903 E10.68535
G1 X97.355 Y97.379 E10.70633
G1 X97.363 Y96.855 E10.72407
G1 X97.599 Y96.331 E10.74352
G1 X98.121 Y95.807 E10.76856
G1 X98.452 Y95.283 E10.78954
G1 X98.444 Y94.759 E10.80728
G1 X98.208 Y94.235 E10.82673
G1 X97.686 Y93.71 E10.85179
G1 X97.355 Y93.186 E10.87277
G1 X97.363 Y92.662 E10.89051
G1 X97.599 Y92.138 E10.90996
G1 X98.121 Y91.614 E10.935
G1 X98.452 Y91.09 E10.95598
G1 X98.444 Y90.566 E10.97372
G1 X98.208 Y90.042 E10.99317
G1 X97.686 Y89.517 E11.01823
G1 X97.355 Y88.993 E11.03921
G1 X97.363 Y88.469 E11.05695
G1 X97.599 Y87.945 E11.0764
G1 X98.121 Y87.421 E11.10144
G1 X98.452 Y86.897 E11.12242
G1 X98.45 Y86.752 E11.12733
G1 X96.177 Y86.752 E11.20427
G1 X96.111 Y86.897 E11.20966
G1 X95.589 Y87.421 E11.2347
G1 X95.259 Y87.945 E11.25566
G1 X95.267 Y88.469 E11.2734
G1 X95.503 Y88.993 E11.29285
G1 X96.025 Y89.517 E11.31789
G1 X96.355 Y90.042 E11.33888
G1 X96.347 Y90.566 E11.35662
G1 X96.111 Y91.09 E11.37607
G1 X95.589 Y91.614 E11.40111
G1 X95.259 Y92.138 E11.42207
G1 X95.267 Y92.662 E11.43981
G1 X95.503 Y93.186 E11.45926
G1 X96.025 Y93.71 E11.4843
G1 X96.355 Y94.235 E11.50529
G1 X96.347 Y94.759 E11.52303
G1 X96.111 Y95.283 E11.54248
G1 X95.589 Y95.807 E11.56752
G1 X95.259 Y96.331 E11.58848
G1 X95.267 Y96.855 E11.60622
G1 X95.503 Y97.379 E11.62567
G1 X96.025 Y97.903 E11.65071
G1 X96.355 Y98.428 E11.6717
G1 X96.347 Y98.952 E11.68944
G1 X96.111 Y99.476 E11.70889
G1 X95.589 Y100 E11.73393
G1 X95.259 Y100.524 E11.75489
G1 X95.267 Y101.048 E11.77263
G1 X95.503 Y101.572 E11.79208
G1 X96.025 Y102.097 E11.81714
G1 X96.355 Y102.621 E11.8381
G1 X96.347 Y103.145 E11.85584
G1 X96.111 Y103.669 E11.87529
G1 X95.589 Y104.193 E11.90033
G1 X95.259 Y104.717 E11.92129
G1 X95.267 Y105.241 E11.93903
G1 X95.503 Y105.765 E11.95848
G1 X96.025 Y106.29 E11.98354
G1 X96.355 Y106.814 E12.0045
G1 X96.347 Y107.338 E12.02224
G1 X96.111 Y107.862 E12.04169
G1 X95.589 Y108.386 E12.06673
G1 X95.259 Y108.91 E12.08769
G1 X95.267 Y109.434 E12.10543
G1 X95.503 Y109.958 E12.12488
G1 X96.025 Y110.483 E12.14994
G1 X96.355 Y111.007 E12.1709
G1 X96.347 Y111.531 E12.18864
G1 X96.111 Y112.055 E12.20809
G1 X95.589 Y112.579 E12.23313
G1 X95.259 Y113.103 E12.25409
G1 X95.261 Y113.248 E12.259
G1 X93.341 Y113.248 E12.32399
G1 X93.406 Y113.103 E12.32937
G1 X93.928 Y112.579 E12.35441
G1 X94.259 Y112.055 E12.37539
G1 X94.251 Y111.531 E12.39313
G1 X94.015 Y111.007 E12.41258
G1 X93.493 Y110.483 E12.43762
G1 X93.162 Y109.958 E12.45863
G1 X93.17 Y109.434 E12.47637
G1 X93.406 Y108.91 E12.49582
G1 X93.928 Y108.386 E12.52086
G1 X94.259 Y107.862 E12.54184
G1 X94.251 Y107.338 E12.55958
G1 X94.015 Y106.814 E12.57903
G1 X93.493 Y106.29 E12.60407
G1 X93.162 Y105.765 E12.62508
G1 X93.17 Y105.241 E12.64282
G1 X93.406 Y104.717 E12.66227
G1 X93.928 Y104.193 E12.68731
G1 X94.259 Y103.669 E12.70829
G1 X94.251 Y103.145 E12.72603
G1 X94.015 Y102.621 E12.74548
G1 X93.493 Y102.097 E12.77052
G1 X93.162 Y101.572 E12.79153
G1 X93.17 Y101.048 E12.80927
G1 X93.406 Y100.524 E12.82872
G1 X93.928 Y100 E12.85376
G1 X94.259 Y99.476 E12.87474
G1 X94.251 Y98.952 E12.89248
G1 X94.015 Y98.428 E12.91193
G1 X93.493 Y97.903 E12.93699
G1 X93.162 Y97.379 E12.95797
G1 X93.17 Y96.855 E12.97571
G1 X93.406 Y96.331 E12.99516
G1 X93.928 Y95.807 E13.0202
G1 X94.259 Y95.283 E13.04118
G1 X94.251 Y94.759 E13.05892
G1 X94.015 Y94.235 E13.07837
G1 X93.493 Y93.71 E13.10343
G1 X93.162 Y93.186 E13.12441
G1 X93.17 Y92.662 E13.14215
G1 X93.406 Y92.138 E13.1616
G1 X93.928 Y91.614 E13.18664
G1 X94.259 Y91.09 E13.20762
G1 X94.251 Y90.566 E13.22536
G1 X94.015 Y90.042 E13.24481
G1 X93.493 Y89.517 E13.26987
G1 X93.162 Y88.993 E13.29085
G1 X93.17 Y88.469 E13.30859
G1 X93.406 Y87.945 E13.32804
G1 X93.928 Y87.421 E13.35308
G1 X94.259 Y86.897 E13.37406
G1 X94.257 Y86.752 E13.37897
G1 X91.984 Y86.752 E13.45591
G1 X91.918 Y86.897 E13.4613
G1 X91.396 Y87.421 E13.48634
G1 X91.066 Y87.945 E13.5073
G1 X91.073 Y88.469 E13.52504
G1 X91.31 Y88.993 E13.54451
G1 X91.832 Y89.517 E13.56955
G1 X92.162 Y90.042 E13.59054
G1 X92.154 Y90.566 E13.60828
G1 X91.918 Y91.09 E13.62773
G1 X91.396 Y91.614 E13.65277
G1 X91.066 Y92.138 E13.67373
G1 X91.073 Y92.662 E13.69147
G1 X91.31 Y93.186 E13.71094
G1 X91.832 Y93.71 E13.73598
G1 X92.162 Y94.235 E13.75697
G1 X92.154 Y94.759 E13.77471
G1 X91.918 Y95.283 E13.79416
G1 X91.396 Y95.807 E13.8192
G1 X91.066 Y96.331 E13.84016
G1 X91.073 Y96.855 E13.8579
G1 X91.31 Y97.379 E13.87737
G1 X91.832 Y97.903 E13.90241
G1 X92.162 Y98.428 E13.9234
G1 X92.154 Y98.952 E13.94114
G1 X91.918 Y99.476 E13.96059
G1 X91.396 Y100 E13.98563
G1 X91.066 Y100.524 E14.00659
G1 X91.073 Y101.048 E14.02433
G1 X91.31 Y101.572 E14.0438
G1 X91.832 Y102.097 E14.06886
G1 X92.162 Y102.621 E14.08982
G1 X92.154 Y103.145 E14.10756
G1 X91.918 Y103.669 E14.12701
G1 X91.396 Y104.193 E14.15205
G1 X91.066 Y104.717 E14.17301
G1 X91.073 Y105.241 E14.19075
G1 X91.31 Y105.765 E14.21022
G1 X91.832 Y106.29 E14.23528
G1 X92.162 Y106.814 E14.25624
G1 X92.154 Y107.338 E14.27398
G1 X91.918 Y107.862 E14.29343
G1 X91.396 Y108.386 E14.31847
G1 X91.066 Y108.91 E14.33943
G1 X91.073 Y109.434 E14.35717
G1 X91.31 Y109.958 E14.37664
G1 X91.832 Y110.483 E14.4017
G1 X92.162 Y111.007 E14.42266
G1 X92.154 Y111.531 E14.4404
G1 X91.918 Y112.055 E14.45985
G1 X91.396 Y112.579 E14.48489
G1 X91.066 Y113.103 E14.50585
G1 X91.068 Y113.248 E14.51076
G1 X89.148 Y113.248 E14.57575
G1 X89.213 Y113.103 E14.58113
G1 X89.735 Y112.579 E14.60617
G1 X90.066 Y112.055 E14.62715
G1 X90.058 Y111.531 E14.64489
G1 X89.822 Y111.007 E14.66434
G1 X89.3 Y110.483 E14.68938
G1 X88.969 Y109.958 E14.71039
G1 X88.977 Y109.434 E14.72813
G1 X89.213 Y108.91 E14.74758
G1 X89.735 Y108.386 E14.77262
G1 X90.066 Y107.862 E14.7936
G1 X90.058 Y107.338 E14.81134
G1 X89.822 Y106.814 E14.83079
G1 X89.3 Y106.29 E14.85583
G1 X88.969 Y105.765 E14.87684
G1 X88.977 Y105.241 E14.89458
G1 X89.213 Y104.717 E14.91403
G1 X89.735 Y104.193 E14.93907
G1 X90.066 Y103.669 E14.96005
G1 X90.058 Y103.145 E14.97779
G1 X89.822 Y102.621 E14.99724
G1 X89.3 Y102.097 E15.02228
G1 X88.969 Y101.572 E15.04329
G1 X88.977 Y101.048 E15.06103
G1 X89.213 Y100.524 E15.08048
G1 X89.735 Y100 E15.10552
G1 X90.066 Y99.476 E15.1265
G1 X90.058 Y98.952 E15.14424
G1 X89.822 Y98.428 E15.16369
G1 X89.3 Y97.903 E15.18875
G1 X88.969 Y97.379 E15.20973
G1 X88.977 Y96.855 E15.22747
G1 X89.213 Y96.331 E15.24692
G1 X89.735 Y95.807 E15.27196
G1 X90.066 Y95.283 E15.29294
G1 X90.058 Y94.759 E15.31068
G1 X89.822 Y94.235 E15.33013
G1 X89.3 Y93.71 E15.35519
G1 X88.969 Y93.186 E15.37617
G1 X88.977 Y92.662 E15.39391
G1 X89.213 Y92.138 E15.41336
G1 X89.735 Y91.614 E15.4384
G1 X90.066 Y91.09 E15.45938
G1 X90.058 Y90.566 E15.47712
G1 X89.822 Y90.042 E15.49657
G1 X89.3 Y89.517 E15.52163
G1 X88.969 Y88.993 E15.54261
G1 X88.977 Y88.469 E15.56035
G1 X89.213 Y87.945 E15.5798
G1 X89.735 Y87.421 E15.60484
G1 X90.066 Y86.897 E15.62582
G1 X90.064 Y86.752 E15.63073
G1 X87.79 Y86.752 E15.7077
G1 X87.725 Y86.897 E15.71308
G1 X87.203 Y87.421 E15.73812
G1 X86.873 Y87.945 E15.75908
G1 X86.88 Y88.469 E15.77682
G1 X87.117 Y88.993 E15.79629
G1 X87.639 Y89.517 E15.82133
G1 X87.969 Y90.042 E15.84232
G1 X87.961 Y90.566 E15.86006
G1 X87.725 Y91.09 E15.87951
G1 X87.203 Y91.614 E15.90455
G1 X86.873 Y92.138 E15.92551
G1 X86.88 Y92.662 E15.94325
G1 X87.117 Y93.186 E15.96272
G1 X87.639 Y93.71 E15.98776
G1 X87.969 Y94.235 E16.00875
G1 X87.961 Y94.759 E16.02649
G1 X87.725 Y95.283 E16.04594
G1 X87.203 Y95.807 E16.07098
G1 X86.873 Y96.331 E16.09194
G1 X86.88 Y96.855 E16.10968
G1 X87.117 Y97.379 E16.12915
G1 X87.639 Y97.903 E16.15419
G1 X87.969 Y98.428 E16.17518
G1 X87.961 Y98.952 E16.19292
G1 X87.725 Y99.476 E16.21237
G1 X87.203 Y100 E16.23741
G1 X86.873 Y100.524 E16.25837
G1 X86.88 Y101.048 E16.27611
G1 X87.117 Y101.572 E16.29558
G1 X87.639 Y102.097 E16.32064
G1 X87.969 Y102.621 E16.3416
G1 X87.961 Y103.145 E16.35934
G1 X87.725 Y103.669 E16.37879
G1 X87.203 Y104.193 E16.40383
G1 X86.873 Y104.717 E16.42479
G1 X86.88 Y105.241 E16.44253
G1 X87.117 Y105.765 E16.462
G1 X87.639 Y106.29 E16.48706
G1 X87.969 Y106.814 E16.50802
G1 X87.961 Y107.338 E16.52576
G1 X87.725 Y107.862 E16.54521
G1 X87.203 Y108.386 E16.57025
G1 X86.873 Y108.91 E16.59121
G1 X86.88 Y109.434 E16.60895
G1 X87.117 Y109.958 E16.62842
G1 X87.639 Y110.483 E16.65348
G1 X87.969 Y111.007 E16.67444
G1 X87.961 Y111.531 E16.69218
G1 X87.725 Y112.055 E16.71163
G1 X87.203 Y112.579 E16.73667
G1 X86.873 Y113.103 E16.75763
G1 X86.875 Y113.248 E16.76254
G1 X84.955 Y113.248 E16.82753
G1 X85.02 Y113.103 E16.83291
G1 X85.542 Y112.579 E16.85795
G1 X85.873 Y112.055 E16.87893
G1 X85.865 Y111.531 E16.89667
G1 X85.629 Y111.007 E16.91612
G1 X85.107 Y110.483 E16.94116
G1 X84.776 Y109.958 E16.96217
G1 X84.784 Y109.434 E16.97991
G1 X85.02 Y108.91 E16.99936
G1 X85.542 Y108.386 E17.0244
G1 X85.873 Y107.862 E17.04538
G1 X85.865 Y107.338 E17.06312
G1 X85.629 Y106.814 E17.08257
G1 X85.107 Y106.29 E17.10761
G1 X84.776 Y105.765 E17.12862
G1 X84.784 Y105.241 E17.14636
G1 X85.02 Y104.717 E17.16581
G1 X85.542 Y104.193 E17.19085
G1 X85.873 Y103.669 E17.21183
G1 X85.865 Y103.145 E17.22957
G1 X85.629 Y102.621 E17.24902
G1 X85.107 Y102.097 E17.27406
G1 X84.776 Y101.572 E17.29507
G1 X84.784 Y101.048 E17.31281
G1 X85.02 Y100.524 E17.33226
G1 X85.542 Y100 E17.3573
G1 X85.873 Y99.476 E17.37828
G1 X85.865 Y98.952 E17.39602
G1 X85.629 Y98.428 E17.41547
G1 X85.107 Y97.903 E17.44053
G1 X84.776 Y97.379 E17.46151
G1 X84.784 Y96.855 E17.47925
G1 X85.02 Y96.331 E17.4987
G1 X85.542 Y95.807 E17.52374
G1 X85.873 Y95.283 E17.54472
G1 X85.865 Y94.759 E17.56246
G1 X85.629 Y94.235 E17.58191
G1 X85.107 Y93.71 E17.60697
G1 X84.776 Y93.186 E17.62795
G1 X84.784 Y92.662 E17.64569
G1 X85.02 Y92.138 E17.66514
G1 X85.542 Y91.614 E17.69018
G1 X85.873 Y91.09 E17.71116
G1 X85.865 Y90.566 E17.7289
G1 X85.629 Y90.042 E17.74835
G1 X85.107 Y89.517 E17.77341
G1 X84.776 Y88.993 E17.79439
G1 X84.784 Y88.469 E17.81213
G1 X85.02 Y87.945 E17.83158
G1 X85.542 Y87.421 E17.85662
G1 X85.873 Y86.897 E17.8776
G1 X85.871 Y86.752 E17.88251
G1 X83.597 Y86.752 E17.95948
G1 X83.532 Y86.897 E17.96486
G1 X83.01 Y87.421 E17.9899
G1 X82.68 Y87.945 E18.01086
G1 X82.687 Y88.469 E18.0286
G1 X82.924 Y88.993 E18.04807
G1 X83.446 Y89.517 E18.07311
G1 X83.776 Y90.042 E18.0941
G1 X83.768 Y90.566 E18.11184
G1 X83.532 Y91.09 E18.13129
G1 X83.01 Y91.614 E18.15633
G1 X82.68 Y92.138 E18.17729
G1 X82.687 Y92.662 E18.19503
G1 X82.924 Y93.186 E18.2145
G1 X83.446 Y93.71 E18.23954
G1 X83.776 Y94.235 E18.26053
G1 X83.768 Y94.759 E18.27827
G1 X83.532 Y95.283 E18.29772
G1 X83.01 Y95.807 E18.32276
G1 X82.68 Y96.331 E18.34372
G1 X82.687 Y96.855 E18.36146
G1 X82.924 Y97.379 E18.38093
G1 X83.446 Y97.903 E18.40597
G1 X83.776 Y98.428 E18.42696
G1 X83.768 Y98.952 E18.4447
G1 X83.532 Y99.476 E18.46415
G1 X83.01 Y100 E18.48919
G1 X82.68 Y100.524 E18.51015
G1 X82.687 Y101.048 E18.52789
G1 X82.924 Y101.572 E18.54736
G1 X83.446 Y102.097 E18.57242
G1 X83.776 Y102.621 E18.59338
G1 X83.768 Y103.145 E18.61112
G1 X83.532 Y103.669 E18.63057
G1 X83.01 Y104.193 E18.65561
G1 X82.68 Y104.717 E18.67657
G1 X82.687 Y105.241 E18.69431
G1 X82.924 Y105.765 E18.71378
G1 X83.446 Y106.29 E18.73884
G1 X83.776 Y106.814 E18.7598
G1 X83.768 Y107.338 E18.77754
G1 X83.532 Y107.862 E18.79699
G1 X83.01 Y108.386 E18.82203
G1 X82.68 Y108.91 E18.84299
G1 X82.687 Y109.434 E18.86073
G1 X82.924 Y109.958 E18.8802
G1 X83.446 Y110.483 E18.90526
G1 X83.776 Y111.007 E18.92622
G1 X83.768 Y111.531 E18.94396
G1 X83.532 Y112.055 E18.96341
G1 X83.01 Y112.579 E18.98845
G1 X82.68 Y113.103 E19.00941
G1 X82.682 Y113.248 E19.01432
G1 X80.762 Y113.248 E19.07931
G1 X80.827 Y113.103 E19.08469
G1 X81.349 Y112.579 E19.10973
G1 X81.68 Y112.055 E19.13071
G1 X81.672 Y111.531 E19.14845
G1 X81.435 Y111.007 E19.16792
G1 X80.914 Y110.483 E19.19293
G1 X80.583 Y109.958 E19.21394
G1 X80.591 Y109.434 E19.23168
G1 X80.827 Y108.91 E19.25113
G1 X81.349 Y108.386 E19.27617
G1 X81.68 Y107.862 E19.29715
G1 X81.672 Y107.338 E19.31489
G1 X81.435 Y106.814 E19.33436
G1 X80.914 Y106.29 E19.35937
G1 X80.583 Y105.765 E19.38038
G1 X80.591 Y105.241 E19.39812
G1 X80.827 Y104.717 E19.41757
G1 X81.349 Y104.193 E19.44261
G1 X81.68 Y103.669 E19.46359
G1 X81.672 Y103.145 E19.48133
G1 X81.435 Y102.621 E19.5008
G1 X80.914 Y102.097 E19.52581
G1 X80.583 Y101.572 E19.54682
G1 X80.591 Y101.048 E19.56456
G1 X80.827 Y100.524 E19.58401
G1 X81.349 Y100 E19.60905
G1 X81.68 Y99.476 E19.63003
G1 X81.672 Y98.952 E19.64777
G1 X81.435 Y98.428 E19.66724
G1 X80.914 Y97.903 E19.69228
G1 X80.583 Y97.379 E19.71326
G1 X80.591 Y96.855 E19.731
G1 X80.827 Y96.331 E19.75045
G1 X81.349 Y95.807 E19.77549
G1 X81.68 Y95.283 E19.79647
G1 X81.672 Y94.759 E19.81421
G1 X81.435 Y94.235 E19.83368
G1 X80.914 Y93.71 E19.85872
G1 X80.583 Y93.186 E19.8797
G1 X80.591 Y92.662 E19.89744
G1 X80.827 Y92.138 E19.91689
G1 X81.349 Y91.614 E19.94193
G1 X81.68 Y91.09 E19.96291
G1 X81.672 Y90.566 E19.98065
G1 X81.435 Y90.042 E20.00012
G1 X80.914 Y89.517 E20.02516
G1 X80.583 Y88.993 E20.04614
G1 X80.591 Y88.469 E20.06388
G1 X80.827 Y87.945 E20.08333
G1 X81.349 Y87.421 E20.10837
G1 X81.68 Y86.897 E20.12935
G1 X81.677 Y86.752 E20.13426
G1 X80.252 Y86.752 E20.18249
G1 X80.252 Y87.768 E20.21688
M106 S112.2
;LAYER_CHANGE
;Z:4.6
;HEIGHT:0.2
G1 E18.21688 F2400
G92 E0
G1 Z4.6 F7200
G1 X116.844 Y97.576
G1 E2 F2400
;TYPE:Perimeter
;WIDTH:0.449999
G1 F1200
G1 X117.254 Y97.749 E2.01506
G1 X117.891 Y98.189 E2.04127
G1 X118.457 Y98.791 E2.06924
G1 X118.78 Y99.302 E2.0897
G1 X119.059 Y100.024 E2.1159
G1 X119.187 Y100.841 E2.14389
G1 X119.187 Y101.159 E2.15465
G1 X119.13 Y101.665 E2.17189
G1 X118.976 Y102.25 E2.19237
G1 X118.636 Y102.946 E2.21859
G1 X118.125 Y103.595 E2.24655
G1 X117.482 Y104.113 E2.2745
G1 X116.948 Y104.398 E2.29499
G1 X116.425 Y104.576 E2.31369
G1 X115.659 Y104.687 E2.33989
G1 X115.341 Y104.687 E2.35065
G1 X114.835 Y104.63 E2.36789
G1 X114.25 Y104.476 E2.38837
G1 X113.554 Y104.136 E2.41459
G1 X113.291 Y103.956 E2.42538
G1 X112.905 Y103.625 E2.44259
G1 X112.689 Y103.391 E2.45337
G1 X112.387 Y102.982 E2.47058
G1 X112.102 Y102.448 E2.49107
G1 X111.878 Y101.708 E2.51724
G1 X111.808 Y101.106 E2.53775
G1 X111.861 Y100.387 E2.56215
G1 X112.019 Y99.767 E2.58381
G1 X112.249 Y99.246 E2.60309
G1 X112.689 Y98.609 E2.6293
G1 X112.905 Y98.375 E2.64008
G1 X113.291 Y98.043 E2.65731
G1 X113.802 Y97.72 E2.67777
G1 X114.345 Y97.503 E2.69756
G1 X114.852 Y97.368 E2.71532
G1 X115.43 Y97.306 E2.735
G1 X116.061 Y97.347 E2.7564
G1 X116.662 Y97.5 E2.77739
G1 X116.789 Y97.553 E2.78205
G1 X116.696 Y97.952 F7200
G1 F1200
G1 X117.077 Y98.116 E2.79609
G1 X117.649 Y98.516 E2.81972
G1 X118.148 Y99.057 E2.84463
G1 X118.428 Y99.505 E2.86251
G1 X118.675 Y100.158 E2.88614
G1 X118.783 Y100.886 E2.91105
G1 X118.726 Y101.619 E2.93594
G1 X118.587 Y102.13 E2.95387
G1 X118.276 Y102.756 E2.97753
G1 X117.816 Y103.329 E3.0024
G1 X117.24 Y103.786 E3.02729
G1 X116.771 Y104.031 E3.0452
G1 X116.119 Y104.226 E3.06824
G1 X115.614 Y104.283 E3.08544
G1 X114.881 Y104.226 E3.11033
G1 X114.37 Y104.087 E3.12826
G1 X113.744 Y103.776 E3.15192
G1 X113.171 Y103.316 E3.17679
G1 X112.714 Y102.74 E3.20168
G1 X112.469 Y102.272 E3.21956
G1 X112.271 Y101.602 E3.24321
G1 X112.214 Y101.076 E3.26112
G1 X112.265 Y100.429 E3.28309
G1 X112.409 Y99.882 E3.30224
G1 X112.616 Y99.423 E3.31928
G1 X113.016 Y98.851 E3.34291
G1 X113.556 Y98.352 E3.3678
G1 X114.005 Y98.072 E3.38571
G1 X114.479 Y97.888 E3.40292
G1 X114.9 Y97.772 E3.4177
G1 X115.438 Y97.713 E3.43602
G1 X115.997 Y97.749 E3.45498
G1 X116.557 Y97.893 E3.47455
G1 X116.641 Y97.929 E3.47764
G1 X116.548 Y98.331 F7200
G1 F1200
G1 X116.998 Y98.542 E3.49446
G1 X117.408 Y98.844 E3.5117
G1 X117.84 Y99.322 E3.53351
G1 X118.123 Y99.812 E3.55266
G1 X118.291 Y100.293 E3.56991
G1 X118.378 Y100.932 E3.59174
G1 X118.321 Y101.574 E3.61356
G1 X118.154 Y102.115 E3.63272
G1 X117.916 Y102.565 E3.64995
G1 X117.508 Y103.063 E3.67174
G1 X116.998 Y103.458 E3.69358
G1 X116.51 Y103.698 E3.71199
G1 X116.074 Y103.821 E3.72732
G1 X115.568 Y103.878 E3.74456
G1 X114.926 Y103.821 E3.76638
G1 X114.385 Y103.654 E3.78554
G1 X113.935 Y103.416 E3.80277
G1 X113.437 Y103.008 E3.82456
G1 X113.042 Y102.498 E3.8464
G1 X112.813 Y102.041 E3.8637
G1 X112.664 Y101.497 E3.88279
G1 X112.619 Y100.959 E3.90106
G1 X112.675 Y100.437 E3.91883
G1 X112.815 Y99.952 E3.93592
G1 X113.042 Y99.502 E3.95298
G1 X113.344 Y99.092 E3.97022
G1 X113.822 Y98.66 E3.99203
G1 X114.251 Y98.403 E4.00896
G1 X114.793 Y98.209 E4.02845
G1 X115.385 Y98.124 E4.04869
G1 X115.933 Y98.151 E4.06726
G1 X116.452 Y98.286 E4.08541
G1 X116.493 Y98.305 E4.08694
G1 X116.403 Y98.699 F7200
;TYPE:External perimeter
G1 F1200
G1 X116.757 Y98.869 E4.10023
G1 X117.166 Y99.171 E4.11744
G1 X117.531 Y99.588 E4.1362
G1 X117.738 Y99.947 E4.15023
G1 X117.907 Y100.427 E4.16746
G1 X117.974 Y100.977 E4.18621
G1 X117.917 Y101.528 E4.20496
G1 X117.794 Y101.925 E4.21903
G1 X117.557 Y102.375 E4.23625
G1 X117.199 Y102.798 E4.25501
G1 X116.757 Y103.131 E4.27374
G1 X116.39 Y103.309 E4.28755
G1 X116.028 Y103.417 E4.30034
G1 X115.523 Y103.474 E4.31754
G1 X114.972 Y103.417 E4.33629
G1 X114.575 Y103.294 E4.35036
G1 X114.125 Y103.057 E4.36758
G1 X113.702 Y102.699 E4.38634
G1 X113.369 Y102.257 E4.40507
G1 X113.189 Y101.883 E4.41912
G1 X113.057 Y101.391 E4.43636
G1 X113.026 Y100.978 E4.45038
G1 X113.082 Y100.479 E4.46738
G1 X113.202 Y100.082 E4.48142
G1 X113.369 Y99.743 E4.49421
G1 X113.671 Y99.334 E4.51142
G1 X114.088 Y98.969 E4.53018
G1 X114.447 Y98.762 E4.54421
G1 X114.928 Y98.593 E4.56147
G1 X115.433 Y98.528 E4.5787
G1 X115.87 Y98.553 E4.59352
G1 X116.347 Y98.679 E4.61022
G1 X116.709 Y98.849 F7200
G1 E2.61022 F2400
G92 E0
G1 X112.702 Y88.361 F7200
G1 E2 F2400
;TYPE:Perimeter
G1 F1200
G1 X112.835 Y87.905 E2.01608
G1 X113.042 Y87.502 E2.03142
G1 X113.344 Y87.092 E2.04866
G1 X113.822 Y86.66 E2.07047
G1 X114.313 Y86.377 E2.08965
;WIDTH:0.49702
G1 X114.785 Y86.187 E2.10886
;WIDTH:0.520905
G1 X114.918 Y86.144 E2.11442
G1 X115.457 Y86.099 E2.13592
;WIDTH:0.517043
G1 X116.005 Y86.132 E2.15756
G1 X116.247 Y86.214 E2.16763
;WIDTH:0.483521
G1 X116.488 Y86.296 E2.17696
;WIDTH:0.449999
G1 X117.065 Y86.583 E2.19877
G1 X117.493 Y86.92 E2.21721
G1 X117.793 Y87.258 E2.23251
G1 X118.063 Y87.689 E2.24973
G1 X118.291 Y88.293 E2.27158
G1 X118.378 Y88.932 E2.29341
G1 X118.321 Y89.574 E2.31523
G1 X118.165 Y90.095 E2.33364
G1 X117.958 Y90.498 E2.34898
G1 X117.656 Y90.908 E2.36622
G1 X117.178 Y91.34 E2.38803
G1 X116.688 Y91.623 E2.40718
G1 X116.208 Y91.791 E2.42439
G1 X115.569 Y91.878 E2.44622
G1 X114.926 Y91.821 E2.46807
G1 X114.446 Y91.682 E2.48498
G1 X113.935 Y91.417 E2.50446
G1 X113.437 Y91.008 E2.52627
G1 X113.042 Y90.498 E2.54811
G1 X112.815 Y90.046 E2.56523
G1 X112.664 Y89.497 E2.5845
G1 X112.62 Y89.045 E2.59987
G1 X112.67 Y88.472 E2.61934
G1 X112.686 Y88.419 E2.62121
G1 X113.094 Y88.451 F7200
;TYPE:External perimeter
G1 F1200
G1 X113.202 Y88.082 E2.63422
G1 X113.369 Y87.743 E2.64701
G1 X113.671 Y87.334 E2.66422
G1 X114.088 Y86.969 E2.68298
G1 X114.447 Y86.761 E2.69702
G1 X114.928 Y86.593 E2.71427
G1 X115.433 Y86.528 E2.7315
G1 X115.891 Y86.557 E2.74703
G1 X116.383 Y86.689 E2.76427
G1 X116.875 Y86.943 E2.78301
G1 X117.194 Y87.196 E2.79679
G1 X117.448 Y87.475 E2.80956
G1 X117.719 Y87.906 E2.82679
G1 X117.907 Y88.427 E2.84554
G1 X117.974 Y88.977 E2.86429
G1 X117.917 Y89.528 E2.88304
G1 X117.798 Y89.918 E2.89684
G1 X117.631 Y90.257 E2.90963
G1 X117.329 Y90.666 E2.92684
G1 X116.912 Y91.031 E2.9456
G1 X116.553 Y91.238 E2.95963
G1 X116.073 Y91.407 E2.97686
G1 X115.523 Y91.474 E2.99561
G1 X114.972 Y91.417 E3.01436
G1 X114.575 Y91.295 E3.02842
G1 X114.125 Y91.057 E3.04565
G1 X113.702 Y90.699 E3.06441
G1 X113.369 Y90.257 E3.08314
G1 X113.189 Y89.883 E3.09719
G1 X113.057 Y89.391 E3.11443
G1 X113.025 Y89.015 E3.1272
G1 X113.075 Y88.515 E3.14421
G1 X113.077 Y88.508 E3.14446
G1 X113.192 Y88.125 F7200
G1 E1.14446 F2400
G92 E0
G1 X120.054 Y113.554 F7200
G1 E2 F2400
;TYPE:Perimeter
G1 F2700
G1 X79.946 Y113.554 E3.35761
G1 X79.946 Y86.446 E4.27518
G1 X112.839 Y86.446 E5.38857
G1 X112.689 Y86.609 E5.39607
G1 X112.249 Y87.246 E5.42228
G1 X112.019 Y87.767 E5.44156
G1 X111.861 Y88.387 E5.46322
G1 X111.808 Y89.106 E5.48762
G1 X111.878 Y89.708 E5.50813
G1 X112.102 Y90.448 E5.5343
G1 X112.387 Y90.982 E5.55479
G1 X112.689 Y91.391 E5.572
G1 X112.905 Y91.625 E5.58278
G1 X113.291 Y91.957 E5.60001
G1 X113.698 Y92.212 E5.61627
G1 X114.146 Y92.44 E5.63329
G1 X114.696 Y92.608 E5.65276
G1 X115.272 Y92.68 E5.67241
G1 X115.659 Y92.687 E5.68551
G1 X116.166 Y92.63 E5.70278
G1 X116.571 Y92.526 E5.71693
G1 X117.198 Y92.28 E5.73973
G1 X117.709 Y91.957 E5.76019
G1 X118.311 Y91.391 E5.78816
G1 X118.751 Y90.754 E5.81437
G1 X118.976 Y90.25 E5.83305
G1 X119.13 Y89.665 E5.85353
G1 X119.187 Y89.159 E5.87077
G1 X119.187 Y88.841 E5.88153
G1 X119.059 Y88.024 E5.90952
G1 X118.891 Y87.543 E5.92677
G1 X118.753 Y87.256 E5.93755
G1 X118.482 Y86.825 E5.95478
G1 X118.164 Y86.446 E5.97153
G1 X120.054 Y86.446 E6.0355
G1 X120.054 Y113.494 E6.95104
G1 X120.461 Y113.961 F7200
G1 F2700
G1 X79.539 Y113.961 E8.3362
G1 X79.539 Y86.039 E9.28133
G1 X114.077 Y86.039 E10.4504
G1 X113.557 Y86.352 E10.47094
G1 X113.016 Y86.851 E10.49585
G1 X112.616 Y87.423 E10.51948
G1 X112.409 Y87.882 E10.53652
G1 X112.265 Y88.429 E10.55567
G1 X112.214 Y89.076 E10.57764
G1 X112.271 Y89.602 E10.59555
G1 X112.469 Y90.272 E10.6192
G1 X112.714 Y90.74 E10.63708
G1 X113.171 Y91.316 E10.66197
G1 X113.557 Y91.648 E10.6792
G1 X113.888 Y91.852 E10.69236
G1 X114.371 Y92.087 E10.71054
G1 X114.881 Y92.226 E10.72843
G1 X115.613 Y92.283 E10.75328
G1 X116.12 Y92.226 E10.77055
G1 X116.436 Y92.142 E10.78162
G1 X116.995 Y91.928 E10.80188
G1 X117.443 Y91.648 E10.81976
G1 X117.984 Y91.149 E10.84467
G1 X118.286 Y90.74 E10.86188
G1 X118.587 Y90.13 E10.8849
G1 X118.726 Y89.619 E10.90283
G1 X118.783 Y88.886 E10.92772
G1 X118.675 Y88.158 E10.95263
G1 X118.408 Y87.472 E10.97755
G1 X118.137 Y87.042 E10.99475
G1 X117.791 Y86.643 E11.01263
G1 X117.414 Y86.328 E11.02926
G1 X116.906 Y86.039 E11.04904
G1 X120.461 Y86.039 E11.16937
G1 X120.461 Y113.901 E12.11246
G1 X120.868 Y114.368 F7200
G1 F2700
G1 X79.132 Y114.368 E13.52517
G1 X79.132 Y85.632 E14.49785
G1 X114.186 Y85.632 E15.68438
;WIDTH:0.485452
G1 X114.538 Y85.65 E15.69735
;WIDTH:0.520905
G1 X114.89 Y85.668 E15.71136
G1 X115.511 Y85.653 E15.73605
;WIDTH:0.517043
G1 X116.067 Y85.666 E15.75798
G1 X116.321 Y85.649 E15.76802
;WIDTH:0.483521
G1 X116.575 Y85.632 E15.77735
;WIDTH:0.449999
G1 X120.868 Y85.632 E15.92266
G1 X120.868 Y114.308 E16.89331
G1 X121.275 Y114.775 F7200
;TYPE:External perimeter
G1 F1800
G1 X78.725 Y114.775 E18.33357
G1 X78.725 Y85.225 E19.3338
G1 X121.275 Y85.225 E20.77406
G1 X121.275 Y114.715 E21.77226
G1 X120.879 Y114.774 F7200
G1 E19.77226 F2400
G92 E0
G1 X116.284 Y113.248 F7200
G1 E2 F2400
;TYPE:Internal infill
;WIDTH:0.45
G1 F3300
G1 X118.547 Y113.248 E2.0766
G1 X118.65 Y113.103 E2.08262
G1 X119.385 Y112.579 E2.11317
G1 X119.577 Y112.317 E2.12416
G1 X119.6 Y112.055 E2.13306
G1 X119.459 Y111.531 E2.15143
G1 X119.088 Y111.007 E2.17316
G1 X118.353 Y110.483 E2.20371
G1 X118.16 Y110.221 E2.21472
G1 X118.138 Y109.958 E2.22365
G1 X118.279 Y109.434 E2.24202
G1 X118.65 Y108.91 E2.26375
G1 X119.385 Y108.386 E2.2943
G1 X119.577 Y108.124 E2.30529
G1 X119.6 Y107.862 E2.31419
G1 X119.459 Y107.338 E2.33256
G1 X119.088 Y106.814 E2.35429
G1 X118.353 Y106.29 E2.38484
G1 X118.16 Y106.028 E2.39585
G1 X118.138 Y105.765 E2.40478
G1 X118.279 Y105.241 E2.42315
G1 X118.65 Y104.717 E2.44488
G1 X119.385 Y104.193 E2.47543
G1 X119.577 Y103.931 E2.48642
G1 X119.6 Y103.669 E2.49532
G1 X119.459 Y103.145 E2.51369
G1 X119.125 Y102.674 E2.53323
G1 X119.419 Y101.806 E2.56425
G1 X119.502 Y101 E2.59168
G1 X119.368 Y100.012 E2.62543
G1 X119.577 Y99.738 E2.63709
G1 X119.6 Y99.476 E2.64599
G1 X119.459 Y98.952 E2.66436
G1 X119.088 Y98.428 E2.68609
G1 X118.353 Y97.903 E2.71666
G1 X118.16 Y97.641 E2.72767
G1 X118.138 Y97.379 E2.73657
G1 X118.279 Y96.855 E2.75494
G1 X118.65 Y96.331 E2.77667
G1 X119.385 Y95.807 E2.80722
G1 X119.577 Y95.545 E2.81821
G1 X119.6 Y95.283 E2.82711
G1 X119.459 Y94.759 E2.84548
G1 X119.088 Y94.235 E2.86721
G1 X118.353 Y93.71 E2.89778
G1 X118.16 Y93.448 E2.90879
G1 X118.138 Y93.186 E2.91769
G1 X118.279 Y92.662 E2.93606
G1 X118.65 Y92.138 E2.95779
G1 X119.385 Y91.614 E2.98834
G1 X119.577 Y91.352 E2.99933
G1 X119.6 Y91.09 E3.00823
G1 X119.459 Y90.566 E3.0266
G1 X119.27 Y90.3 E3.03765
G1 X119.433 Y89.703 E3.0586
G1 X119.502 Y89 E3.08251
G1 X119.433 Y88.296 E3.10645
G1 X119.208 Y87.547 E3.13292
G1 X119.385 Y87.421 E3.14027
G1 X119.577 Y87.159 E3.15126
G1 X119.561 Y86.752 E3.16505
G1 X119.748 Y86.752 E3.17138
G1 X119.748 Y89.006 E3.24768
G1 E1.24768 F2400
G92 E0
G1 X111.506 Y89.166 F7200
G1 E2 F2400
G1 F3300
G1 X111.582 Y89.783 E2.02104
G1 X111.767 Y90.442 E2.04421
G1 X112.103 Y91.111 E2.06955
G1 X112.336 Y91.419 E2.08262
G1 X112.063 Y91.614 E2.09398
G1 X111.871 Y91.876 E2.10497
G1 X111.848 Y92.138 E2.11387
G1 X111.989 Y92.662 E2.13224
G1 X112.36 Y93.186 E2.15397
G1 X113.095 Y93.71 E2.18452
G1 X113.288 Y93.973 E2.19556
G1 X113.31 Y94.235 E2.20446
G1 X113.169 Y94.759 E2.22283
G1 X112.798 Y95.283 E2.24456
G1 X112.063 Y95.807 E2.27511
G1 X111.871 Y96.069 E2.2861
G1 X111.848 Y96.331 E2.295
G1 X111.989 Y96.855 E2.31337
G1 X112.36 Y97.379 E2.3351
G1 X113.042 Y97.865 E2.36345
G1 X113.21 Y97.718 E2.37101
G1 X113.959 Y97.326 E2.39963
G1 X114.086 Y96.855 E2.41614
G1 X114.457 Y96.331 E2.43787
G1 X115.192 Y95.807 E2.46842
G1 X115.384 Y95.545 E2.47941
G1 X115.407 Y95.283 E2.48831
G1 X115.266 Y94.759 E2.50668
G1 X114.895 Y94.235 E2.52841
G1 X114.159 Y93.71 E2.55901
G1 X113.967 Y93.448 E2.57
G1 X113.945 Y93.186 E2.5789
G1 X114.068 Y92.727 E2.59498
G1 X114.785 Y92.932 E2.62022
G1 X115.447 Y93.001 E2.64275
G1 X116.356 Y92.907 E2.67368
G1 X116.553 Y93.186 E2.68524
G1 X117.288 Y93.71 E2.71579
G1 X117.481 Y93.973 E2.72683
G1 X117.503 Y94.235 E2.73573
G1 X117.362 Y94.759 E2.7541
G1 X116.991 Y95.283 E2.77583
G1 X116.256 Y95.807 E2.80638
G1 X116.064 Y96.069 E2.81737
G1 X116.041 Y96.331 E2.82627
G1 X116.182 Y96.855 E2.84464
G1 X116.362 Y97.109 E2.85518
G1 X116.109 Y97.045 E2.86401
G1 X115.318 Y97.005 E2.89082
G1 X114.631 Y97.093 E2.91426
G1 X114.152 Y97.259 E2.93142
G1 E.93142 F2400
G92 E0
G1 X118.258 Y103.886 F7200
G1 E2 F2400
G1 F3300
G1 X117.391 Y104.524 E2.03644
G1 X116.512 Y104.869 E2.0684
G1 X116.102 Y104.944 E2.08251
G1 X116.182 Y105.241 E2.09292
G1 X116.553 Y105.765 E2.11465
G1 X117.288 Y106.29 E2.14522
G1 X117.481 Y106.552 E2.15623
G1 X117.503 Y106.814 E2.16513
G1 X117.362 Y107.338 E2.1835
G1 X116.991 Y107.862 E2.20523
G1 X116.256 Y108.386 E2.23578
G1 X116.064 Y108.648 E2.24677
G1 X116.041 Y108.91 E2.25567
G1 X116.182 Y109.434 E2.27404
G1 X116.553 Y109.958 E2.29577
G1 X117.288 Y110.483 E2.32634
G1 X117.481 Y110.745 E2.33735
G1 X117.503 Y111.007 E2.34625
G1 X117.362 Y111.531 E2.36462
G1 X116.991 Y112.055 E2.38635
G1 X116.256 Y112.579 E2.4169
G1 X116.064 Y112.841 E2.42789
G1 X116.08 Y113.248 E2.44168
G1 X114.354 Y113.248 E2.5001
G1 X114.457 Y113.103 E2.50612
G1 X115.192 Y112.579 E2.53667
G1 X115.384 Y112.317 E2.54766
G1 X115.407 Y112.055 E2.55656
G1 X115.266 Y111.531 E2.57493
G1 X114.895 Y111.007 E2.59666
G1 X114.159 Y110.483 E2.62724
G1 X113.967 Y110.221 E2.63823
G1 X113.945 Y109.958 E2.64716
G1 X114.086 Y109.434 E2.66553
G1 X114.457 Y108.91 E2.68726
G1 X115.192 Y108.386 E2.71781
G1 X115.384 Y108.124 E2.7288
G1 X115.407 Y107.862 E2.7377
G1 X115.266 Y107.338 E2.75607
G1 X114.895 Y106.814 E2.7778
G1 X114.159 Y106.29 E2.80838
G1 X113.967 Y106.028 E2.81937
G1 X113.945 Y105.765 E2.8283
G1 X114.086 Y105.241 E2.84667
G1 X114.374 Y104.834 E2.86355
G1 X113.865 Y104.646 E2.88192
G1 X113.242 Y104.304 E2.90598
G1 X112.638 Y103.783 E2.93298
G1 X112.063 Y104.193 E2.95688
G1 X111.871 Y104.455 E2.96787
G1 X111.848 Y104.717 E2.97677
G1 X111.989 Y105.241 E2.99514
G1 X112.36 Y105.765 E3.01687
G1 X113.095 Y106.29 E3.04744
G1 X113.288 Y106.552 E3.05845
G1 X113.31 Y106.814 E3.06735
G1 X113.169 Y107.338 E3.08572
G1 X112.798 Y107.862 E3.10745
G1 X112.063 Y108.386 E3.138
G1 X111.871 Y108.648 E3.14899
G1 X111.848 Y108.91 E3.15789
G1 X111.989 Y109.434 E3.17626
G1 X112.36 Y109.958 E3.19799
G1 X113.095 Y110.483 E3.22856
G1 X113.288 Y110.745 E3.23957
G1 X113.31 Y111.007 E3.24847
G1 X113.169 Y111.531 E3.26684
G1 X112.798 Y112.055 E3.28857
G1 X112.063 Y112.579 E3.31912
G1 X111.871 Y112.841 E3.33011
G1 X111.887 Y113.248 E3.3439
G1 X110.161 Y113.248 E3.40232
G1 X110.264 Y113.103 E3.40834
G1 X110.999 Y112.579 E3.43889
G1 X111.191 Y112.317 E3.44988
G1 X111.213 Y112.055 E3.45878
G1 X111.073 Y111.531 E3.47714
G1 X110.702 Y111.007 E3.49887
G1 X109.966 Y110.483 E3.52945
G1 X109.774 Y110.221 E3.54044
G1 X109.752 Y109.958 E3.54937
G1 X109.893 Y109.434 E3.56774
G1 X110.264 Y108.91 E3.58947
G1 X110.999 Y108.386 E3.62002
G1 X111.191 Y108.124 E3.63101
G1 X111.213 Y107.862 E3.63991
G1 X111.073 Y107.338 E3.65827
G1 X110.702 Y106.814 E3.68
G1 X109.966 Y106.29 E3.71058
G1 X109.774 Y106.028 E3.72157
G1 X109.752 Y105.765 E3.7305
G1 X109.893 Y105.241 E3.74887
G1 X110.264 Y104.717 E3.7706
G1 X110.999 Y104.193 E3.80115
G1 X111.191 Y103.931 E3.81214
G1 X111.213 Y103.669 E3.82104
G1 X111.073 Y103.145 E3.8394
G1 X110.702 Y102.621 E3.86113
G1 X109.966 Y102.097 E3.89171
G1 X109.774 Y101.834 E3.90273
G1 X109.752 Y101.572 E3.91163
G1 X109.893 Y101.048 E3.93
G1 X110.264 Y100.524 E3.95173
G1 X110.999 Y100 E3.98228
G1 X111.191 Y99.738 E3.99327
G1 X111.213 Y99.476 E4.00217
G1 X111.073 Y98.952 E4.02053
G1 X110.702 Y98.428 E4.04226
G1 X109.966 Y97.903 E4.07286
G1 X109.774 Y97.641 E4.08385
G1 X109.752 Y97.379 E4.09275
G1 X109.893 Y96.855 E4.11112
G1 X110.264 Y96.331 E4.13285
G1 X110.999 Y95.807 E4.1634
G1 X111.191 Y95.545 E4.17439
G1 X111.213 Y95.283 E4.18329
G1 X111.073 Y94.759 E4.20165
G1 X110.702 Y94.235 E4.22338
G1 X109.966 Y93.71 E4.25398
G1 X109.774 Y93.448 E4.26497
G1 X109.752 Y93.186 E4.27387
G1 X109.893 Y92.662 E4.29224
G1 X110.264 Y92.138 E4.31397
G1 X110.999 Y91.614 E4.34452
G1 X111.191 Y91.352 E4.35551
G1 X111.213 Y91.09 E4.36441
G1 X111.073 Y90.566 E4.38277
G1 X110.702 Y90.042 E4.4045
G1 X109.966 Y89.517 E4.4351
G1 X109.774 Y89.255 E4.44609
G1 X109.752 Y88.993 E4.45499
G1 X109.893 Y88.469 E4.47336
G1 X110.264 Y87.945 E4.49509
G1 X110.999 Y87.421 E4.52564
G1 X111.191 Y87.159 E4.53663
G1 X111.213 Y86.897 E4.54553
G1 X111.174 Y86.752 E4.55061
G1 X108.708 Y86.752 E4.63408
G1 X108.605 Y86.897 E4.6401
G1 X107.87 Y87.421 E4.67065
G1 X107.678 Y87.683 E4.68164
G1 X107.655 Y87.945 E4.69054
G1 X107.796 Y88.469 E4.70891
G1 X108.167 Y88.993 E4.73064
G1 X108.902 Y89.517 E4.76119
G1 X109.094 Y89.779 E4.77218
G1 X109.117 Y90.042 E4.78112
G1 X108.976 Y90.566 E4.79949
G1 X108.605 Y91.09 E4.82122
G1 X107.87 Y91.614 E4.85177
G1 X107.678 Y91.876 E4.86276
G1 X107.655 Y92.138 E4.87166
G1 X107.796 Y92.662 E4.89003
G1 X108.167 Y93.186 E4.91176
G1 X108.902 Y93.71 E4.94231
G1 X109.094 Y93.973 E4.95333
G1 X109.117 Y94.235 E4.96223
G1 X108.976 Y94.759 E4.9806
G1 X108.605 Y95.283 E5.00233
G1 X107.87 Y95.807 E5.03288
G1 X107.678 Y96.069 E5.04387
G1 X107.655 Y96.331 E5.05277
G1 X107.796 Y96.855 E5.07114
G1 X108.167 Y97.379 E5.09287
G1 X108.902 Y97.903 E5.12342
G1 X109.094 Y98.166 E5.13444
G1 X109.117 Y98.428 E5.14334
G1 X108.976 Y98.952 E5.16171
G1 X108.605 Y99.476 E5.18344
G1 X107.87 Y100 E5.21399
G1 X107.678 Y100.262 E5.22498
G1 X107.655 Y100.524 E5.23388
G1 X107.796 Y101.048 E5.25225
G1 X108.167 Y101.572 E5.27398
G1 X108.902 Y102.097 E5.30455
G1 X109.094 Y102.359 E5.31554
G1 X109.117 Y102.621 E5.32444
G1 X108.976 Y103.145 E5.34281
G1 X108.605 Y103.669 E5.36454
G1 X107.87 Y104.193 E5.39509
G1 X107.678 Y104.455 E5.40608
G1 X107.655 Y104.717 E5.41498
G1 X107.796 Y105.241 E5.43335
G1 X108.167 Y105.765 E5.45508
G1 X108.902 Y106.29 E5.48565
G1 X109.094 Y106.552 E5.49664
G1 X109.117 Y106.814 E5.50554
G1 X108.976 Y107.338 E5.52391
G1 X108.605 Y107.862 E5.54564
G1 X107.87 Y108.386 E5.57619
G1 X107.678 Y108.648 E5.58718
G1 X107.655 Y108.91 E5.59608
G1 X107.796 Y109.434 E5.61445
G1 X108.167 Y109.958 E5.63618
G1 X108.902 Y110.483 E5.66675
G1 X109.094 Y110.745 E5.67774
G1 X109.117 Y111.007 E5.68664
G1 X108.976 Y111.531 E5.70501
G1 X108.605 Y112.055 E5.72674
G1 X107.87 Y112.579 E5.75729
G1 X107.678 Y112.841 E5.76828
G1 X107.694 Y113.248 E5.78207
G1 X105.968 Y113.248 E5.84049
G1 X106.07 Y113.103 E5.84649
G1 X106.806 Y112.579 E5.87707
G1 X106.998 Y112.317 E5.88806
G1 X107.02 Y112.055 E5.89696
G1 X106.88 Y111.531 E5.91532
G1 X106.509 Y111.007 E5.93705
G1 X105.773 Y110.483 E5.96763
G1 X105.581 Y110.221 E5.97862
G1 X105.559 Y109.958 E5.98755
G1 X105.7 Y109.434 E6.00592
G1 X106.07 Y108.91 E6.02763
G1 X106.806 Y108.386 E6.05821
G1 X106.998 Y108.124 E6.0692
G1 X107.02 Y107.862 E6.0781
G1 X106.88 Y107.338 E6.09646
G1 X106.509 Y106.814 E6.11819
G1 X105.773 Y106.29 E6.14877
G1 X105.581 Y106.028 E6.15976
G1 X105.559 Y105.765 E6.16869
G1 X105.7 Y105.241 E6.18706
G1 X106.07 Y104.717 E6.20877
G1 X106.806 Y104.193 E6.23935
G1 X106.998 Y103.931 E6.25034
G1 X107.02 Y103.669 E6.25924
G1 X106.88 Y103.145 E6.2776
G1 X106.509 Y102.621 E6.29933
G1 X105.773 Y102.097 E6.32991
G1 X105.581 Y101.834 E6.34093
G1 X105.559 Y101.572 E6.34983
G1 X105.7 Y101.048 E6.3682
G1 X106.07 Y100.524 E6.38991
G1 X106.806 Y100 E6.42049
G1 X106.998 Y99.738 E6.43148
G1 X107.02 Y99.476 E6.44038
G1 X106.88 Y98.952 E6.45874
G1 X106.509 Y98.428 E6.48047
G1 X105.773 Y97.903 E6.51107
G1 X105.581 Y97.641 E6.52206
G1 X105.559 Y97.379 E6.53096
G1 X105.7 Y96.855 E6.54933
G1 X106.07 Y96.331 E6.57104
G1 X106.806 Y95.807 E6.60162
G1 X106.998 Y95.545 E6.61261
G1 X107.02 Y95.283 E6.62151
G1 X106.88 Y94.759 E6.63987
G1 X106.509 Y94.235 E6.6616
G1 X105.773 Y93.71 E6.6922
G1 X105.581 Y93.448 E6.70319
G1 X105.559 Y93.186 E6.71209
G1 X105.7 Y92.662 E6.73046
G1 X106.07 Y92.138 E6.75217
G1 X106.806 Y91.614 E6.78275
G1 X106.998 Y91.352 E6.79374
G1 X107.02 Y91.09 E6.80264
G1 X106.88 Y90.566 E6.821
G1 X106.509 Y90.042 E6.84273
G1 X105.773 Y89.517 E6.87333
G1 X105.581 Y89.255 E6.88432
G1 X105.559 Y88.993 E6.89322
G1 X105.7 Y88.469 E6.91159
G1 X106.07 Y87.945 E6.9333
G1 X106.806 Y87.421 E6.96388
G1 X106.998 Y87.159 E6.97487
G1 X107.02 Y86.897 E6.98377
G1 X106.981 Y86.752 E6.98885
G1 X104.515 Y86.752 E7.07232
G1 X104.412 Y86.897 E7.07834
G1 X103.677 Y87.421 E7.10889
G1 X103.485 Y87.683 E7.11988
G1 X103.462 Y87.945 E7.12878
G1 X103.603 Y88.469 E7.14715
G1 X103.974 Y88.993 E7.16888
G1 X104.709 Y89.517 E7.19943
G1 X104.901 Y89.779 E7.21042
G1 X104.924 Y90.042 E7.21936
G1 X104.783 Y90.566 E7.23773
G1 X104.412 Y91.09 E7.25946
G1 X103.677 Y91.614 E7.29001
G1 X103.485 Y91.876 E7.301
G1 X103.462 Y92.138 E7.3099
G1 X103.603 Y92.662 E7.32827
G1 X103.974 Y93.186 E7.35
G1 X104.709 Y93.71 E7.38055
G1 X104.901 Y93.973 E7.39157
G1 X104.924 Y94.235 E7.40047
G1 X104.783 Y94.759 E7.41884
G1 X104.412 Y95.283 E7.44057
G1 X103.677 Y95.807 E7.47112
G1 X103.485 Y96.069 E7.48211
G1 X103.462 Y96.331 E7.49101
G1 X103.603 Y96.855 E7.50938
G1 X103.974 Y97.379 E7.53111
G1 X104.709 Y97.903 E7.56166
G1 X104.901 Y98.166 E7.57268
G1 X104.924 Y98.428 E7.58158
G1 X104.783 Y98.952 E7.59995
G1 X104.412 Y99.476 E7.62168
G1 X103.677 Y100 E7.65223
G1 X103.485 Y100.262 E7.66322
G1 X103.462 Y100.524 E7.67212
G1 X103.603 Y101.048 E7.69049
G1 X103.974 Y101.572 E7.71222
G1 X104.709 Y102.097 E7.74279
G1 X104.901 Y102.359 E7.75378
G1 X104.924 Y102.621 E7.76268
G1 X104.783 Y103.145 E7.78105
G1 X104.412 Y103.669 E7.80278
G1 X103.677 Y104.193 E7.83333
G1 X103.485 Y104.455 E7.84432
G1 X103.462 Y104.717 E7.85322
G1 X103.603 Y105.241 E7.87159
G1 X103.974 Y105.765 E7.89332
G1 X104.709 Y106.29 E7.92389
G1 X104.901 Y106.552 E7.93488
G1 X104.924 Y106.814 E7.94378
G1 X104.783 Y107.338 E7.96215
G1 X104.412 Y107.862 E7.98388
G1 X103.677 Y108.386 E8.01443
G1 X103.485 Y108.648 E8.02542
G1 X103.462 Y108.91 E8.03432
G1 X103.603 Y109.434 E8.05269
G1 X103.974 Y109.958 E8.07442
G1 X104.709 Y110.483 E8.10499
G1 X104.901 Y110.745 E8.11598
G1 X104.924 Y111.007 E8.12488
G1 X104.783 Y111.531 E8.14325
G1 X104.412 Y112.055 E8.16498
G1 X103.677 Y112.579 E8.19553
G1 X103.485 Y112.841 E8.20652
G1 X103.501 Y113.248 E8.22031
G1 X101.775 Y113.248 E8.27873
G1 X101.877 Y113.103 E8.28473
G1 X102.613 Y112.579 E8.31531
G1 X102.805 Y112.317 E8.3263
G1 X102.827 Y112.055 E8.3352
G1 X102.687 Y111.531 E8.35356
G1 X102.316 Y111.007 E8.37529
G1 X101.58 Y110.483 E8.40587
G1 X101.388 Y110.221 E8.41686
G1 X101.366 Y109.958 E8.42579
G1 X101.507 Y109.434 E8.44416
G1 X101.877 Y108.91 E8.46587
G1 X102.613 Y108.386 E8.49645
G1 X102.805 Y108.124 E8.50744
G1 X102.827 Y107.862 E8.51634
G1 X102.687 Y107.338 E8.5347
G1 X102.316 Y106.814 E8.55643
G1 X101.58 Y106.29 E8.58701
G1 X101.388 Y106.028 E8.598
G1 X101.366 Y105.765 E8.60693
G1 X101.507 Y105.241 E8.6253
G1 X101.877 Y104.717 E8.64701
G1 X102.613 Y104.193 E8.67759
G1 X102.805 Y103.931 E8.68858
G1 X102.827 Y103.669 E8.69748
G1 X102.687 Y103.145 E8.71584
G1 X102.316 Y102.621 E8.73757
G1 X101.58 Y102.097 E8.76815
G1 X101.388 Y101.834 E8.77917
G1 X101.366 Y101.572 E8.78807
G1 X101.507 Y101.048 E8.80644
G1 X101.877 Y100.524 E8.82815
G1 X102.613 Y100 E8.85873
G1 X102.805 Y99.738 E8.86972
G1 X102.827 Y99.476 E8.87862
G1 X102.687 Y98.952 E8.89698
G1 X102.316 Y98.428 E8.91871
G1 X101.58 Y97.903 E8.94931
G1 X101.388 Y97.641 E8.9603
G1 X101.366 Y97.379 E8.9692
G1 X101.507 Y96.855 E8.98757
G1 X101.877 Y96.331 E9.00928
G1 X102.613 Y95.807 E9.03986
G1 X102.805 Y95.545 E9.05085
G1 X102.827 Y95.283 E9.05975
G1 X102.687 Y94.759 E9.07811
G1 X102.316 Y94.235 E9.09984
G1 X101.58 Y93.71 E9.13044
G1 X101.388 Y93.448 E9.14143
G1 X101.366 Y93.186 E9.15033
G1 X101.507 Y92.662 E9.1687
G1 X101.877 Y92.138 E9.19041
G1 X102.613 Y91.614 E9.22099
G1 X102.805 Y91.352 E9.23198
G1 X102.827 Y91.09 E9.24088
G1 X102.687 Y90.566 E9.25924
G1 X102.316 Y90.042 E9.28097
G1 X101.58 Y89.517 E9.31157
G1 X101.388 Y89.255 E9.32256
G1 X101.366 Y88.993 E9.33146
G1 X101.507 Y88.469 E9.34983
G1 X101.877 Y87.945 E9.37154
G1 X102.613 Y87.421 E9.40212
G1 X102.805 Y87.159 E9.41311
G1 X102.827 Y86.897 E9.42201
G1 X102.788 Y86.752 E9.42709
G1 X100.322 Y86.752 E9.51056
G1 X100.219 Y86.897 E9.51658
G1 X99.484 Y87.421 E9.54713
G1 X99.292 Y87.683 E9.55812
G1 X99.269 Y87.945 E9.56702
G1 X99.41 Y88.469 E9.58539
G1 X99.781 Y88.993 E9.60712
G1 X100.516 Y89.517 E9.63767
G1 X100.708 Y89.779 E9.64866
G1 X100.731 Y90.042 E9.6576
G1 X100.59 Y90.566 E9.67597
G1 X100.219 Y91.09 E9.6977
G1 X99.484 Y91.614 E9.72825
G1 X99.292 Y91.876 E9.73924
G1 X99.269 Y92.138 E9.74814
G1 X99.41 Y92.662 E9.76651
G1 X99.781 Y93.186 E9.78824
G1 X100.516 Y93.71 E9.81879
G1 X100.708 Y93.973 E9.82981
G1 X100.731 Y94.235 E9.83871
G1 X100.59 Y94.759 E9.85708
G1 X100.219 Y95.283 E9.87881
G1 X99.484 Y95.807 E9.90936
G1 X99.292 Y96.069 E9.92035
G1 X99.269 Y96.331 E9.92925
G1 X99.41 Y96.855 E9.94762
G1 X99.781 Y97.379 E9.96935
G1 X100.516 Y97.903 E9.9999
G1 X100.708 Y98.166 E10.01092
G1 X100.731 Y98.428 E10.01982
G1 X100.59 Y98.952 E10.03819
G1 X100.219 Y99.476 E10.05992
G1 X99.484 Y100 E10.09047
G1 X99.292 Y100.262 E10.10146
G1 X99.269 Y100.524 E10.11036
G1 X99.41 Y101.048 E10.12873
G1 X99.781 Y101.572 E10.15046
G1 X100.516 Y102.097 E10.18103
G1 X100.708 Y102.359 E10.19202
G1 X100.731 Y102.621 E10.20092
G1 X100.59 Y103.145 E10.21929
G1 X100.219 Y103.669 E10.24102
G1 X99.484 Y104.193 E10.27157
G1 X99.292 Y104.455 E10.28256
G1 X99.269 Y104.717 E10.29146
G1 X99.41 Y105.241 E10.30983
G1 X99.781 Y105.765 E10.33156
G1 X100.516 Y106.29 E10.36213
G1 X100.708 Y106.552 E10.37312
G1 X100.731 Y106.814 E10.38202
G1 X100.59 Y107.338 E10.40039
G1 X100.219 Y107.862 E10.42212
G1 X99.484 Y108.386 E10.45267
G1 X99.292 Y108.648 E10.46366
G1 X99.269 Y108.91 E10.47256
G1 X99.41 Y109.434 E10.49093
G1 X99.781 Y109.958 E10.51266
G1 X100.516 Y110.483 E10.54323
G1 X100.708 Y110.745 E10.55422
G1 X100.731 Y111.007 E10.56312
G1 X100.59 Y111.531 E10.58149
G1 X100.219 Y112.055 E10.60322
G1 X99.484 Y112.579 E10.63377
G1 X99.292 Y112.841 E10.64476
G1 X99.308 Y113.248 E10.65855
G1 X97.582 Y113.248 E10.71697
G1 X97.684 Y113.103 E10.72297
G1 X98.42 Y112.579 E10.75355
G1 X98.612 Y112.317 E10.76454
G1 X98.634 Y112.055 E10.77344
G1 X98.494 Y111.531 E10.7918
G1 X98.123 Y111.007 E10.81353
G1 X97.387 Y110.483 E10.84411
G1 X97.195 Y110.221 E10.8551
G1 X97.173 Y109.958 E10.86403
G1 X97.313 Y109.434 E10.88239
G1 X97.684 Y108.91 E10.90412
G1 X98.42 Y108.386 E10.9347
G1 X98.612 Y108.124 E10.94569
G1 X98.634 Y107.862 E10.95459
G1 X98.494 Y107.338 E10.97295
G1 X98.123 Y106.814 E10.99468
G1 X97.387 Y106.29 E11.02526
G1 X97.195 Y106.028 E11.03625
G1 X97.173 Y105.765 E11.04518
G1 X97.313 Y105.241 E11.06354
G1 X97.684 Y104.717 E11.08527
G1 X98.42 Y104.193 E11.11585
G1 X98.612 Y103.931 E11.12684
G1 X98.634 Y103.669 E11.13574
G1 X98.494 Y103.145 E11.1541
G1 X98.123 Y102.621 E11.17583
G1 X97.387 Y102.097 E11.20641
G1 X97.195 Y101.834 E11.21743
G1 X97.173 Y101.572 E11.22633
G1 X97.313 Y101.048 E11.24469
G1 X97.684 Y100.524 E11.26642
G1 X98.42 Y100 E11.297
G1 X98.612 Y99.738 E11.30799
G1 X98.634 Y99.476 E11.31689
G1 X98.494 Y98.952 E11.33525
G1 X98.123 Y98.428 E11.35698
G1 X97.387 Y97.903 E11.38758
G1 X97.195 Y97.641 E11.39857
G1 X97.173 Y97.379 E11.40747
G1 X97.313 Y96.855 E11.42583
G1 X97.684 Y96.331 E11.44756
G1 X98.42 Y95.807 E11.47814
G1 X98.612 Y95.545 E11.48913
G1 X98.634 Y95.283 E11.49803
G1 X98.494 Y94.759 E11.51639
G1 X98.123 Y94.235 E11.53812
G1 X97.387 Y93.71 E11.56872
G1 X97.195 Y93.448 E11.57971
G1 X97.173 Y93.186 E11.58861
G1 X97.313 Y92.662 E11.60697
G1 X97.684 Y92.138 E11.6287
G1 X98.42 Y91.614 E11.65928
G1 X98.612 Y91.352 E11.67027
G1 X98.634 Y91.09 E11.67917
G1 X98.494 Y90.566 E11.69753
G1 X98.123 Y90.042 E11.71926
G1 X97.387 Y89.517 E11.74986
G1 X97.195 Y89.255 E11.76085
G1 X97.173 Y88.993 E11.76975
G1 X97.313 Y88.469 E11.78811
G1 X97.684 Y87.945 E11.80984
G1 X98.42 Y87.421 E11.84042
G1 X98.612 Y87.159 E11.85141
G1 X98.634 Y86.897 E11.86031
G1 X98.595 Y86.752 E11.86539
G1 X96.129 Y86.752 E11.94886
G1 X96.026 Y86.897 E11.95488
G1 X95.291 Y87.421 E11.98543
G1 X95.099 Y87.683 E11.99642
G1 X95.076 Y87.945 E12.00532
G1 X95.217 Y88.469 E12.02369
G1 X95.588 Y88.993 E12.04542
G1 X96.323 Y89.517 E12.07597
G1 X96.515 Y89.779 E12.08696
G1 X96.538 Y90.042 E12.0959
G1 X96.397 Y90.566 E12.11427
G1 X96.026 Y91.09 E12.136
G1 X95.291 Y91.614 E12.16655
G1 X95.099 Y91.876 E12.17754
G1 X95.076 Y92.138 E12.18644
G1 X95.217 Y92.662 E12.20481
G1 X95.588 Y93.186 E12.22654
G1 X96.323 Y93.71 E12.25709
G1 X96.515 Y93.973 E12.26811
G1 X96.538 Y94.235 E12.27701
G1 X96.397 Y94.759 E12.29538
G1 X96.026 Y95.283 E12.31711
G1 X95.291 Y95.807 E12.34766
G1 X95.099 Y96.069 E12.35865
G1 X95.076 Y96.331 E12.36755
G1 X95.217 Y96.855 E12.38592
G1 X95.588 Y97.379 E12.40765
G1 X96.323 Y97.903 E12.4382
G1 X96.515 Y98.166 E12.44922
G1 X96.538 Y98.428 E12.45812
G1 X96.397 Y98.952 E12.47649
G1 X96.026 Y99.476 E12.49822
G1 X95.291 Y100 E12.52877
G1 X95.099 Y100.262 E12.53976
G1 X95.076 Y100.524 E12.54866
G1 X95.217 Y101.048 E12.56703
G1 X95.588 Y101.572 E12.58876
G1 X96.323 Y102.097 E12.61933
G1 X96.515 Y102.359 E12.63032
G1 X96.538 Y102.621 E12.63922
G1 X96.397 Y103.145 E12.65759
G1 X96.026 Y103.669 E12.67932
G1 X95.291 Y104.193 E12.70987
G1 X95.099 Y104.455 E12.72086
G1 X95.076 Y104.717 E12.72976
G1 X95.217 Y105.241 E12.74813
G1 X95.588 Y105.765 E12.76986
G1 X96.323 Y106.29 E12.80043
G1 X96.515 Y106.552 E12.81142
G1 X96.538 Y106.814 E12.82032
G1 X96.397 Y107.338 E12.83869
G1 X96.026 Y107.862 E12.86042
G1 X95.291 Y108.386 E12.89097
G1 X95.099 Y108.648 E12.90196
G1 X95.076 Y108.91 E12.91086
G1 X95.217 Y109.434 E12.92923
G1 X95.588 Y109.958 E12.95096
G1 X96.323 Y110.483 E12.98153
G1 X96.515 Y110.745 E12.99252
G1 X96.538 Y111.007 E13.00142
G1 X96.397 Y111.531 E13.01979
G1 X96.026 Y112.055 E13.04152
G1 X95.291 Y112.579 E13.07207
G1 X95.099 Y112.841 E13.08306
G1 X95.115 Y113.248 E13.09685
G1 X93.389 Y113.248 E13.15527
G1 X93.491 Y113.103 E13.16127
G1 X94.227 Y112.579 E13.19185
G1 X94.419 Y112.317 E13.20284
G1 X94.441 Y112.055 E13.21174
G1 X94.3 Y111.531 E13.23011
G1 X93.93 Y111.007 E13.25182
G1 X93.194 Y110.483 E13.2824
G1 X93.002 Y110.221 E13.29339
G1 X92.98 Y109.958 E13.30232
G1 X93.12 Y109.434 E13.32068
G1 X93.491 Y108.91 E13.34241
G1 X94.227 Y108.386 E13.37299
G1 X94.419 Y108.124 E13.38398
G1 X94.441 Y107.862 E13.39288
G1 X94.3 Y107.338 E13.41125
G1 X93.93 Y106.814 E13.43296
G1 X93.194 Y106.29 E13.46354
G1 X93.002 Y106.028 E13.47453
G1 X92.98 Y105.765 E13.48346
G1 X93.12 Y105.241 E13.50182
G1 X93.491 Y104.717 E13.52355
G1 X94.227 Y104.193 E13.55413
G1 X94.419 Y103.931 E13.56512
G1 X94.441 Y103.669 E13.57402
G1 X94.3 Y103.145 E13.59239
G1 X93.93 Y102.621 E13.6141
G1 X93.194 Y102.097 E13.64468
G1 X93.002 Y101.834 E13.6557
G1 X92.98 Y101.572 E13.6646
G1 X93.12 Y101.048 E13.68296
G1 X93.491 Y100.524 E13.70469
G1 X94.227 Y100 E13.73527
G1 X94.419 Y99.738 E13.74626
G1 X94.441 Y99.476 E13.75516
G1 X94.3 Y98.952 E13.77353
G1 X93.93 Y98.428 E13.79524
G1 X93.194 Y97.903 E13.82584
G1 X93.002 Y97.641 E13.83683
G1 X92.98 Y97.379 E13.84573
G1 X93.12 Y96.855 E13.86409
G1 X93.491 Y96.331 E13.88582
G1 X94.227 Y95.807 E13.9164
G1 X94.419 Y95.545 E13.92739
G1 X94.441 Y95.283 E13.93629
G1 X94.3 Y94.759 E13.95466
G1 X93.93 Y94.235 E13.97637
G1 X93.194 Y93.71 E14.00697
G1 X93.002 Y93.448 E14.01796
G1 X92.98 Y93.186 E14.02686
G1 X93.12 Y92.662 E14.04522
G1 X93.491 Y92.138 E14.06695
G1 X94.227 Y91.614 E14.09753
G1 X94.419 Y91.352 E14.10852
G1 X94.441 Y91.09 E14.11742
G1 X94.3 Y90.566 E14.13579
G1 X93.93 Y90.042 E14.1575
G1 X93.194 Y89.517 E14.1881
G1 X93.002 Y89.255 E14.19909
G1 X92.98 Y88.993 E14.20799
G1 X93.12 Y88.469 E14.22635
G1 X93.491 Y87.945 E14.24808
G1 X94.227 Y87.421 E14.27866
G1 X94.419 Y87.159 E14.28965
G1 X94.441 Y86.897 E14.29855
G1 X94.402 Y86.752 E14.30363
G1 X91.936 Y86.752 E14.3871
G1 X91.833 Y86.897 E14.39312
G1 X91.098 Y87.421 E14.42367
G1 X90.906 Y87.683 E14.43466
G1 X90.883 Y87.945 E14.44356
G1 X91.024 Y88.469 E14.46193
G1 X91.395 Y88.993 E14.48366
G1 X92.13 Y89.517 E14.51421
G1 X92.322 Y89.779 E14.5252
G1 X92.345 Y90.042 E14.53414
G1 X92.204 Y90.566 E14.55251
G1 X91.833 Y91.09 E14.57424
G1 X91.098 Y91.614 E14.60479
G1 X90.906 Y91.876 E14.61578
G1 X90.883 Y92.138 E14.62468
G1 X91.024 Y92.662 E14.64305
G1 X91.395 Y93.186 E14.66478
G1 X92.13 Y93.71 E14.69533
G1 X92.322 Y93.973 E14.70635
G1 X92.345 Y94.235 E14.71525
G1 X92.204 Y94.759 E14.73362
G1 X91.833 Y95.283 E14.75535
G1 X91.098 Y95.807 E14.7859
G1 X90.906 Y96.069 E14.79689
G1 X90.883 Y96.331 E14.80579
G1 X91.024 Y96.855 E14.82416
G1 X91.395 Y97.379 E14.84589
G1 X92.13 Y97.903 E14.87644
G1 X92.322 Y98.166 E14.88746
G1 X92.345 Y98.428 E14.89636
G1 X92.204 Y98.952 E14.91473
G1 X91.833 Y99.476 E14.93646
G1 X91.098 Y100 E14.96701
G1 X90.906 Y100.262 E14.978
G1 X90.883 Y100.524 E14.9869
G1 X91.024 Y101.048 E15.00527
G1 X91.395 Y101.572 E15.027
G1 X92.13 Y102.097 E15.05757
G1 X92.322 Y102.359 E15.06856
G1 X92.345 Y102.621 E15.07746
G1 X92.204 Y103.145 E15.09583
G1 X91.833 Y103.669 E15.11756
G1 X91.098 Y104.193 E15.14811
G1 X90.906 Y104.455 E15.1591
G1 X90.883 Y104.717 E15.168
G1 X91.024 Y105.241 E15.18637
G1 X91.395 Y105.765 E15.2081
G1 X92.13 Y106.29 E15.23867
G1 X92.322 Y106.552 E15.24966
G1 X92.345 Y106.814 E15.25856
G1 X92.204 Y107.338 E15.27693
G1 X91.833 Y107.862 E15.29866
G1 X91.098 Y108.386 E15.32921
G1 X90.906 Y108.648 E15.3402
G1 X90.883 Y108.91 E15.3491
G1 X91.024 Y109.434 E15.36747
G1 X91.395 Y109.958 E15.3892
G1 X92.13 Y110.483 E15.41977
G1 X92.322 Y110.745 E15.43076
G1 X92.345 Y111.007 E15.43966
G1 X92.204 Y111.531 E15.45803
G1 X91.833 Y112.055 E15.47976
G1 X91.098 Y112.579 E15.51031
G1 X90.906 Y112.841 E15.5213
G1 X90.922 Y113.248 E15.53509
G1 X89.196 Y113.248 E15.59351
G1 X89.298 Y113.103 E15.59951
G1 X90.034 Y112.579 E15.63009
G1 X90.226 Y112.317 E15.64108
G1 X90.248 Y112.055 E15.64998
G1 X90.107 Y111.531 E15.66835
G1 X89.737 Y111.007 E15.69006
G1 X89.001 Y110.483 E15.72064
G1 X88.809 Y110.221 E15.73163
G1 X88.787 Y109.958 E15.74056
G1 X88.927 Y109.434 E15.75892
G1 X89.298 Y108.91 E15.78065
G1 X90.034 Y108.386 E15.81123
G1 X90.226 Y108.124 E15.82222
G1 X90.248 Y107.862 E15.83112
G1 X90.107 Y107.338 E15.84949
G1 X89.737 Y106.814 E15.8712
G1 X89.001 Y106.29 E15.90178
G1 X88.809 Y106.028 E15.91277
G1 X88.787 Y105.765 E15.9217
G1 X88.927 Y105.241 E15.94006
G1 X89.298 Y104.717 E15.96179
G1 X90.034 Y104.193 E15.99237
G1 X90.226 Y103.931 E16.00336
G1 X90.248 Y103.669 E16.01226
G1 X90.107 Y103.145 E16.03063
G1 X89.737 Y102.621 E16.05234
G1 X89.001 Y102.097 E16.08292
G1 X88.809 Y101.834 E16.09394
G1 X88.787 Y101.572 E16.10284
G1 X88.927 Y101.048 E16.1212
G1 X89.298 Y100.524 E16.14293
G1 X90.034 Y100 E16.17351
G1 X90.226 Y99.738 E16.1845
G1 X90.248 Y99.476 E16.1934
G1 X90.107 Y98.952 E16.21177
G1 X89.737 Y98.428 E16.23348
G1 X89.001 Y97.903 E16.26408
G1 X88.809 Y97.641 E16.27507
G1 X88.787 Y97.379 E16.28397
G1 X88.927 Y96.855 E16.30233
G1 X89.298 Y96.331 E16.32406
G1 X90.034 Y95.807 E16.35464
G1 X90.226 Y95.545 E16.36563
G1 X90.248 Y95.283 E16.37453
G1 X90.107 Y94.759 E16.3929
G1 X89.737 Y94.235 E16.41461
G1 X89.001 Y93.71 E16.44521
G1 X88.809 Y93.448 E16.4562
G1 X88.787 Y93.186 E16.4651
G1 X88.927 Y92.662 E16.48346
G1 X89.298 Y92.138 E16.50519
G1 X90.034 Y91.614 E16.53577
G1 X90.226 Y91.352 E16.54676
G1 X90.248 Y91.09 E16.55566
G1 X90.107 Y90.566 E16.57403
G1 X89.737 Y90.042 E16.59574
G1 X89.001 Y89.517 E16.62634
G1 X88.809 Y89.255 E16.63733
G1 X88.787 Y88.993 E16.64623
G1 X88.927 Y88.469 E16.66459
G1 X89.298 Y87.945 E16.68632
G1 X90.034 Y87.421 E16.7169
G1 X90.226 Y87.159 E16.72789
G1 X90.248 Y86.897 E16.73679
G1 X90.209 Y86.752 E16.74187
G1 X87.743 Y86.752 E16.82534
G1 X87.64 Y86.897 E16.83136
G1 X86.905 Y87.421 E16.86191
G1 X86.713 Y87.683 E16.8729
G1 X86.69 Y87.945 E16.8818
G1 X86.831 Y88.469 E16.90017
G1 X87.202 Y88.993 E16.9219
G1 X87.937 Y89.517 E16.95245
G1 X88.129 Y89.779 E16.96344
G1 X88.152 Y90.042 E16.97238
G1 X88.011 Y90.566 E16.99075
G1 X87.64 Y91.09 E17.01248
G1 X86.905 Y91.614 E17.04303
G1 X86.713 Y91.876 E17.05402
G1 X86.69 Y92.138 E17.06292
G1 X86.831 Y92.662 E17.08129
G1 X87.202 Y93.186 E17.10302
G1 X87.937 Y93.71 E17.13357
G1 X88.129 Y93.973 E17.14459
G1 X88.152 Y94.235 E17.15349
G1 X88.011 Y94.759 E17.17186
G1 X87.64 Y95.283 E17.19359
G1 X86.905 Y95.807 E17.22414
G1 X86.713 Y96.069 E17.23513
G1 X86.69 Y96.331 E17.24403
G1 X86.831 Y96.855 E17.2624
G1 X87.202 Y97.379 E17.28413
G1 X87.937 Y97.903 E17.31468
G1 X88.129 Y98.166 E17.3257
G1 X88.152 Y98.428 E17.3346
G1 X88.011 Y98.952 E17.35297
G1 X87.64 Y99.476 E17.3747
G1 X86.905 Y100 E17.40525
G1 X86.713 Y100.262 E17.41624
G1 X86.69 Y100.524 E17.42514
G1 X86.831 Y101.048 E17.44351
G1 X87.202 Y101.572 E17.46524
G1 X87.937 Y102.097 E17.49581
G1 X88.129 Y102.359 E17.5068
G1 X88.152 Y102.621 E17.5157
G1 X88.011 Y103.145 E17.53407
G1 X87.64 Y103.669 E17.5558
G1 X86.905 Y104.193 E17.58635
G1 X86.713 Y104.455 E17.59734
G1 X86.69 Y104.717 E17.60624
G1 X86.831 Y105.241 E17.62461
G1 X87.202 Y105.765 E17.64634
G1 X87.937 Y106.29 E17.67691
G1 X88.129 Y106.552 E17.6879
G1 X88.152 Y106.814 E17.6968
G1 X88.011 Y107.338 E17.71517
G1 X87.64 Y107.862 E17.7369
G1 X86.905 Y108.386 E17.76745
G1 X86.713 Y108.648 E17.77844
G1 X86.69 Y108.91 E17.78734
G1 X86.831 Y109.434 E17.80571
G1 X87.202 Y109.958 E17.82744
G1 X87.937 Y110.483 E17.85801
G1 X88.129 Y110.745 E17.869
G1 X88.152 Y111.007 E17.8779
G1 X88.011 Y111.531 E17.89627
G1 X87.64 Y112.055 E17.918
G1 X86.905 Y112.579 E17.94855
G1 X86.713 Y112.841 E17.95954
G1 X86.729 Y113.248 E17.97333
G1 X85.003 Y113.248 E18.03175
G1 X85.105 Y113.103 E18.03775
G1 X85.841 Y112.579 E18.06833
G1 X86.033 Y112.317 E18.07932
G1 X86.055 Y112.055 E18.08822
G1 X85.914 Y111.531 E18.10659
G1 X85.543 Y111.007 E18.12832
G1 X84.808 Y110.483 E18.15887
G1 X84.616 Y110.221 E18.16986
G1 X84.594 Y109.958 E18.17879
G1 X84.734 Y109.434 E18.19715
G1 X85.105 Y108.91 E18.21888
G1 X85.841 Y108.386 E18.24946
G1 X86.033 Y108.124 E18.26045
G1 X86.055 Y107.862 E18.26935
G1 X85.914 Y107.338 E18.28772
G1 X85.543 Y106.814 E18.30945
G1 X84.808 Y106.29 E18.34
G1 X84.616 Y106.028 E18.35099
G1 X84.594 Y105.765 E18.35992
G1 X84.734 Y105.241 E18.37828
G1 X85.105 Y104.717 E18.40001
G1 X85.841 Y104.193 E18.43059
G1 X86.033 Y103.931 E18.44158
G1 X86.055 Y103.669 E18.45048
G1 X85.914 Y103.145 E18.46885
G1 X85.543 Y102.621 E18.49058
G1 X84.808 Y102.097 E18.52113
G1 X84.616 Y101.834 E18.53215
G1 X84.594 Y101.572 E18.54105
G1 X84.734 Y101.048 E18.55941
G1 X85.105 Y100.524 E18.58114
G1 X85.841 Y100 E18.61172
G1 X86.033 Y99.738 E18.62271
G1 X86.055 Y99.476 E18.63161
G1 X85.914 Y98.952 E18.64998
G1 X85.543 Y98.428 E18.67171
G1 X84.808 Y97.903 E18.70228
G1 X84.616 Y97.641 E18.71327
G1 X84.594 Y97.379 E18.72217
G1 X84.734 Y96.855 E18.74053
G1 X85.105 Y96.331 E18.76226
G1 X85.841 Y95.807 E18.79284
G1 X86.033 Y95.545 E18.80383
G1 X86.055 Y95.283 E18.81273
G1 X85.914 Y94.759 E18.8311
G1 X85.543 Y94.235 E18.85283
G1 X84.808 Y93.71 E18.8834
G1 X84.616 Y93.448 E18.89439
G1 X84.594 Y93.186 E18.90329
G1 X84.734 Y92.662 E18.92165
G1 X85.105 Y92.138 E18.94338
G1 X85.841 Y91.614 E18.97396
G1 X86.033 Y91.352 E18.98495
G1 X86.055 Y91.09 E18.99385
G1 X85.914 Y90.566 E19.01222
G1 X85.543 Y90.042 E19.03395
G1 X84.808 Y89.517 E19.06452
G1 X84.616 Y89.255 E19.07551
G1 X84.594 Y88.993 E19.08441
G1 X84.734 Y88.469 E19.10277
G1 X85.105 Y87.945 E19.1245
G1 X85.841 Y87.421 E19.15508
G1 X86.033 Y87.159 E19.16607
G1 X86.055 Y86.897 E19.17497
G1 X86.016 Y86.752 E19.18005
G1 X83.55 Y86.752 E19.26352
G1 X83.447 Y86.897 E19.26954
G1 X82.712 Y87.421 E19.30009
G1 X82.519 Y87.683 E19.3111
G1 X82.497 Y87.945 E19.32
G1 X82.638 Y88.469 E19.33837
G1 X83.009 Y88.993 E19.3601
G1 X83.744 Y89.517 E19.39065
G1 X83.936 Y89.779 E19.40164
G1 X83.959 Y90.042 E19.41058
G1 X83.818 Y90.566 E19.42895
G1 X83.447 Y91.09 E19.45068
G1 X82.712 Y91.614 E19.48123
G1 X82.519 Y91.876 E19.49224
G1 X82.497 Y92.138 E19.50114
G1 X82.638 Y92.662 E19.51951
G1 X83.009 Y93.186 E19.54124
G1 X83.744 Y93.71 E19.57179
G1 X83.936 Y93.973 E19.58281
G1 X83.959 Y94.235 E19.59171
G1 X83.818 Y94.759 E19.61008
G1 X83.447 Y95.283 E19.63181
G1 X82.712 Y95.807 E19.66236
G1 X82.519 Y96.069 E19.67337
G1 X82.497 Y96.331 E19.68227
G1 X82.638 Y96.855 E19.70064
G1 X83.009 Y97.379 E19.72237
G1 X83.744 Y97.903 E19.75292
G1 X83.936 Y98.166 E19.76394
G1 X83.959 Y98.428 E19.77284
G1 X83.818 Y98.952 E19.79121
G1 X83.447 Y99.476 E19.81294
G1 X82.712 Y100 E19.84349
G1 X82.519 Y100.262 E19.8545
G1 X82.497 Y100.524 E19.8634
G1 X82.638 Y101.048 E19.88177
G1 X83.009 Y101.572 E19.9035
G1 X83.744 Y102.097 E19.93407
G1 X83.936 Y102.359 E19.94506
G1 X83.959 Y102.621 E19.95396
G1 X83.818 Y103.145 E19.97233
G1 X83.447 Y103.669 E19.99406
G1 X82.712 Y104.193 E20.02461
G1 X82.519 Y104.455 E20.03562
G1 X82.497 Y104.717 E20.04452
G1 X82.638 Y105.241 E20.06289
G1 X83.009 Y105.765 E20.08462
G1 X83.744 Y106.29 E20.11519
G1 X83.936 Y106.552 E20.12618
G1 X83.959 Y106.814 E20.13508
G1 X83.818 Y107.338 E20.15345
G1 X83.447 Y107.862 E20.17518
G1 X82.712 Y108.386 E20.20573
G1 X82.519 Y108.648 E20.21674
G1 X82.497 Y108.91 E20.22564
G1 X82.638 Y109.434 E20.24401
G1 X83.009 Y109.958 E20.26574
G1 X83.744 Y110.483 E20.29631
G1 X83.936 Y110.745 E20.3073
G1 X83.959 Y111.007 E20.3162
G1 X83.818 Y111.531 E20.33457
G1 X83.447 Y112.055 E20.3563
G1 X82.712 Y112.579 E20.38685
G1 X82.519 Y112.841 E20.39786
G1 X82.536 Y113.248 E20.41165
G1 X80.809 Y113.248 E20.47011
G1 X80.912 Y113.103 E20.47613
G1 X81.648 Y112.579 E20.50671
G1 X81.84 Y112.317 E20.5177
G1 X81.862 Y112.055 E20.5266
G1 X81.721 Y111.531 E20.54497
G1 X81.35 Y111.007 E20.5667
G1 X80.615 Y110.483 E20.59725
G1 X80.423 Y110.221 E20.60824
G1 X80.4 Y109.958 E20.61718
G1 X80.541 Y109.434 E20.63555
G1 X80.912 Y108.91 E20.65728
G1 X81.648 Y108.386 E20.68786
G1 X81.84 Y108.124 E20.69885
G1 X81.862 Y107.862 E20.70775
G1 X81.721 Y107.338 E20.72612
G1 X81.35 Y106.814 E20.74785
G1 X80.615 Y106.29 E20.7784
G1 X80.423 Y106.028 E20.78939
G1 X80.4 Y105.765 E20.79833
G1 X80.541 Y105.241 E20.8167
G1 X80.912 Y104.717 E20.83843
G1 X81.648 Y104.193 E20.86901
G1 X81.84 Y103.931 E20.88
G1 X81.862 Y103.669 E20.8889
G1 X81.721 Y103.145 E20.90727
G1 X81.35 Y102.621 E20.929
G1 X80.615 Y102.097 E20.95955
G1 X80.423 Y101.834 E20.97057
G1 X80.4 Y101.572 E20.97947
G1 X80.541 Y101.048 E20.99784
G1 X80.912 Y100.524 E21.01957
G1 X81.648 Y100 E21.05015
G1 X81.84 Y99.738 E21.06114
G1 X81.862 Y99.476 E21.07004
G1 X81.721 Y98.952 E21.08841
G1 X81.35 Y98.428 E21.11014
G1 X80.615 Y97.903 E21.14071
G1 X80.423 Y97.641 E21.1517
G1 X80.4 Y97.379 E21.1606
G1 X80.541 Y96.855 E21.17897
G1 X80.912 Y96.331 E21.2007
G1 X81.648 Y95.807 E21.23128
G1 X81.84 Y95.545 E21.24227
G1 X81.862 Y95.283 E21.25117
G1 X81.721 Y94.759 E21.26954
G1 X81.35 Y94.235 E21.29127
G1 X80.615 Y93.71 E21.32184
G1 X80.423 Y93.448 E21.33283
G1 X80.4 Y93.186 E21.34173
G1 X80.541 Y92.662 E21.3601
G1 X80.912 Y92.138 E21.38183
G1 X81.648 Y91.614 E21.41241
G1 X81.84 Y91.352 E21.4234
G1 X81.862 Y91.09 E21.4323
G1 X81.721 Y90.566 E21.45067
G1 X81.35 Y90.042 E21.4724
G1 X80.615 Y89.517 E21.50297
G1 X80.423 Y89.255 E21.51396
G1 X80.4 Y88.993 E21.52286
G1 X80.541 Y88.469 E21.54123
G1 X80.912 Y87.945 E21.56296
G1 X81.648 Y87.421 E21.59354
G1 X81.84 Y87.159 E21.60453
G1 X81.823 Y86.752 E21.61832
G1 X80.252 Y86.752 E21.6715
G1 X80.252 Y87.622 E21.70095
;LAYER_CHANGE
;Z:4.8
;HEIGHT:0.2
G1 E19.70095 F2400
G92 E0
G1 Z4.8 F7200
G1 X116.842 Y97.582
G1 E2 F2400
;TYPE:Perimeter
;WIDTH:0.449999
G1 F1200
G1 X117.205 Y97.727 E2.01323
G1 X117.719 Y98.047 E2.03372
G1 X118.134 Y98.411 E2.05241
G1 X118.701 Y99.172 E2.08453
G1 X118.869 Y99.497 E2.09691
G1 X119.054 Y100.01 E2.11537
G1 X119.187 Y100.84 E2.14382
G1 X119.187 Y101.159 E2.15462
G1 X119.13 Y101.665 E2.17186
G1 X118.976 Y102.25 E2.19234
G1 X118.636 Y102.946 E2.21856
G1 X118.125 Y103.595 E2.24652
G1 X117.482 Y104.113 E2.27447
G1 X116.948 Y104.398 E2.29496
G1 X116.425 Y104.576 E2.31366
G1 X115.659 Y104.687 E2.33986
G1 X115.341 Y104.687 E2.35062
G1 X114.835 Y104.63 E2.36786
G1 X114.25 Y104.476 E2.38834
G1 X113.554 Y104.136 E2.41456
G1 X113.291 Y103.956 E2.42535
G1 X112.905 Y103.625 E2.44256
G1 X112.689 Y103.391 E2.45334
G1 X112.387 Y102.982 E2.47055
G1 X112.102 Y102.448 E2.49104
G1 X111.878 Y101.708 E2.51721
G1 X111.808 Y101.106 E2.53772
G1 X111.862 Y100.38 E2.56236
G1 X112.019 Y99.765 E2.58384
G1 X112.249 Y99.246 E2.60306
G1 X112.547 Y98.781 E2.62175
G1 X113.076 Y98.217 E2.64792
G1 X113.326 Y98.018 E2.65874
G1 X113.759 Y97.745 E2.67607
G1 X114.345 Y97.503 E2.69753
G1 X114.827 Y97.37 E2.71445
G1 X115.346 Y97.31 E2.73213
G1 X115.929 Y97.332 E2.75188
G1 X116.486 Y97.44 E2.77108
G1 X116.786 Y97.56 E2.78202
G1 X116.696 Y97.952 F7200
G1 F1200
G1 X117.043 Y98.1 E2.79479
G1 X117.489 Y98.383 E2.81267
G1 X117.858 Y98.709 E2.82934
G1 X118.366 Y99.403 E2.85845
G1 X118.672 Y100.148 E2.88571
G1 X118.783 Y100.885 E2.91094
G1 X118.726 Y101.619 E2.93586
G1 X118.587 Y102.13 E2.95379
G1 X118.276 Y102.756 E2.97745
G1 X117.816 Y103.329 E3.00232
G1 X117.24 Y103.786 E3.02721
G1 X116.771 Y104.031 E3.04512
G1 X116.119 Y104.226 E3.06816
G1 X115.614 Y104.283 E3.08536
G1 X114.881 Y104.226 E3.11025
G1 X114.37 Y104.087 E3.12818
G1 X113.744 Y103.776 E3.15184
G1 X113.171 Y103.316 E3.17671
G1 X112.714 Y102.74 E3.2016
G1 X112.469 Y102.272 E3.21948
G1 X112.271 Y101.602 E3.24313
G1 X112.214 Y101.076 E3.26104
G1 X112.267 Y100.423 E3.28322
G1 X112.41 Y99.881 E3.30219
G1 X112.616 Y99.423 E3.31919
G1 X112.924 Y98.955 E3.33815
G1 X113.364 Y98.505 E3.35945
G1 X113.973 Y98.092 E3.38436
G1 X114.479 Y97.888 E3.40283
G1 X114.897 Y97.772 E3.41751
G1 X115.443 Y97.712 E3.4361
G1 X115.991 Y97.748 E3.45469
G1 X116.49 Y97.863 E3.47202
G1 X116.641 Y97.928 E3.47758
G1 X116.548 Y98.329 F7200
G1 F1200
G1 X116.88 Y98.473 E3.48983
G1 X117.331 Y98.776 E3.50822
G1 X117.668 Y99.108 E3.52423
G1 X118.032 Y99.634 E3.54588
G1 X118.289 Y100.287 E3.56963
G1 X118.378 Y100.931 E3.59164
G1 X118.321 Y101.574 E3.61349
G1 X118.154 Y102.115 E3.63265
G1 X117.916 Y102.565 E3.64988
G1 X117.508 Y103.063 E3.67167
G1 X116.998 Y103.458 E3.69351
G1 X116.51 Y103.698 E3.71192
G1 X116.074 Y103.821 E3.72725
G1 X115.568 Y103.878 E3.74449
G1 X114.926 Y103.821 E3.76631
G1 X114.385 Y103.654 E3.78547
G1 X113.935 Y103.416 E3.8027
G1 X113.437 Y103.008 E3.82449
G1 X113.042 Y102.498 E3.84633
G1 X112.813 Y102.041 E3.86363
G1 X112.664 Y101.497 E3.88272
G1 X112.62 Y101.045 E3.89809
G1 X112.671 Y100.466 E3.91776
G1 X112.815 Y99.952 E3.93583
G1 X113.029 Y99.52 E3.95215
G1 X113.358 Y99.086 E3.97058
G1 X113.719 Y98.734 E3.98765
G1 X114.19 Y98.436 E4.00652
G1 X114.793 Y98.209 E4.02833
G1 X115.391 Y98.123 E4.04878
G1 X115.892 Y98.146 E4.06576
G1 X116.413 Y98.27 E4.08389
G1 X116.493 Y98.305 E4.08685
G1 X116.4 Y98.708 F7200
;TYPE:External perimeter
G1 F1200
G1 X116.717 Y98.846 E4.09855
G1 X117.054 Y99.075 E4.11234
G1 X117.333 Y99.34 E4.12536
G1 X117.697 Y99.866 E4.14701
G1 X117.906 Y100.425 E4.16721
G1 X117.974 Y100.977 E4.18604
G1 X117.917 Y101.528 E4.20479
G1 X117.794 Y101.925 E4.21886
G1 X117.557 Y102.375 E4.23608
G1 X117.199 Y102.798 E4.25484
G1 X116.757 Y103.131 E4.27357
G1 X116.39 Y103.309 E4.28738
G1 X116.028 Y103.417 E4.30017
G1 X115.523 Y103.474 E4.31737
G1 X114.972 Y103.417 E4.33612
G1 X114.575 Y103.294 E4.35019
G1 X114.125 Y103.056 E4.36742
G1 X113.702 Y102.699 E4.38616
G1 X113.369 Y102.257 E4.40489
G1 X113.189 Y101.883 E4.41894
G1 X113.057 Y101.391 E4.43618
G1 X113.025 Y101.015 E4.44895
G1 X113.076 Y100.509 E4.46616
G1 X113.202 Y100.082 E4.48123
G1 X113.365 Y99.749 E4.49378
G1 X113.646 Y99.374 E4.50964
G1 X113.975 Y99.052 E4.52522
G1 X114.407 Y98.781 E4.54248
G1 X114.928 Y98.593 E4.56123
G1 X115.439 Y98.528 E4.57867
G1 X116.025 Y98.588 E4.59861
G1 X116.251 Y98.643 E4.60648
G1 X116.345 Y98.684 E4.60995
G1 X116.708 Y98.851 F7200
G1 E2.60995 F2400
G92 E0
G1 X112.703 Y88.362 F7200
G1 E2 F2400
;TYPE:Perimeter
G1 F1200
G1 X112.8 Y87.997 E2.01278
G1 X113.042 Y87.502 E2.03143
G1 X113.344 Y87.092 E2.04867
G1 X113.822 Y86.66 E2.07048
G1 X114.291 Y86.385 E2.08888
;WIDTH:0.497712
G1 X114.509 Y86.282 E2.098
;WIDTH:0.545424
G1 X114.728 Y86.179 E2.10811
G1 X115.046 Y86.142 E2.12149
;WIDTH:0.520341
G1 X115.364 Y86.104 E2.1342
;WIDTH:0.502906
G1 X115.879 Y86.118 E2.1539
G1 X116.184 Y86.207 E2.16605
;WIDTH:0.476453
G1 X116.488 Y86.296 E2.17747
;WIDTH:0.449999
G1 X117.065 Y86.583 E2.19928
G1 X117.493 Y86.92 E2.21772
G1 X117.793 Y87.258 E2.23302
G1 X118.063 Y87.689 E2.25024
G1 X118.291 Y88.293 E2.27209
G1 X118.378 Y88.932 E2.29392
G1 X118.321 Y89.574 E2.31574
G1 X118.165 Y90.095 E2.33415
G1 X117.958 Y90.498 E2.34949
G1 X117.656 Y90.908 E2.36673
G1 X117.178 Y91.34 E2.38854
G1 X116.615 Y91.654 E2.41036
G1 X115.997 Y91.836 E2.43217
G1 X115.483 Y91.882 E2.44964
G1 X114.926 Y91.821 E2.46861
G1 X114.415 Y91.669 E2.48666
G1 X113.935 Y91.417 E2.50501
G1 X113.536 Y91.11 E2.52205
G1 X113.244 Y90.794 E2.53661
G1 X112.975 Y90.384 E2.55321
G1 X112.761 Y89.894 E2.57131
G1 X112.636 Y89.29 E2.59219
G1 X112.669 Y88.489 E2.61933
G1 X112.688 Y88.42 E2.62175
G1 X113.095 Y88.451 F7200
;TYPE:External perimeter
G1 F1200
G1 X113.202 Y88.082 E2.63475
G1 X113.369 Y87.743 E2.64754
G1 X113.671 Y87.334 E2.66475
G1 X114.088 Y86.969 E2.68351
G1 X114.44 Y86.764 E2.6973
G1 X114.798 Y86.628 E2.71026
G1 X115.431 Y86.529 E2.73195
G1 X115.891 Y86.557 E2.74755
G1 X116.383 Y86.689 E2.76479
G1 X116.875 Y86.943 E2.78353
G1 X117.194 Y87.196 E2.79731
G1 X117.448 Y87.475 E2.81008
G1 X117.719 Y87.906 E2.82731
G1 X117.907 Y88.427 E2.84606
G1 X117.974 Y88.977 E2.86481
G1 X117.917 Y89.528 E2.88356
G1 X117.798 Y89.918 E2.89736
G1 X117.631 Y90.257 E2.91015
G1 X117.329 Y90.666 E2.92736
G1 X116.912 Y91.031 E2.94612
G1 X116.425 Y91.294 E2.96485
G1 X115.891 Y91.443 E2.98362
G1 X115.418 Y91.467 E2.99965
G1 X114.792 Y91.365 E3.02112
G1 X114.575 Y91.295 E3.02884
G1 X114.125 Y91.057 E3.04607
G1 X113.742 Y90.735 E3.06301
G1 X113.347 Y90.219 E3.08501
G1 X113.142 Y89.744 E3.10252
G1 X113.035 Y89.21 E3.12095
G1 X113.075 Y88.517 E3.14445
G1 X113.078 Y88.509 E3.14474
G1 X113.192 Y88.125 F7200
G1 E1.14474 F2400
G92 E0
G1 X120.054 Y113.554 F7200
G1 E2 F2400
;TYPE:Perimeter
G1 F2700
G1 X79.946 Y113.554 E3.35761
G1 X79.946 Y86.446 E4.27518
G1 X112.839 Y86.446 E5.38857
G1 X112.689 Y86.609 E5.39607
G1 X112.249 Y87.246 E5.42228
G1 X112.019 Y87.765 E5.4415
G1 X111.857 Y88.434 E5.4648
G1 X111.813 Y89.073 E5.48648
G1 X111.838 Y89.449 E5.49924
G1 X111.944 Y89.984 E5.5177
G1 X112.039 Y90.282 E5.52829
G1 X112.356 Y90.939 E5.55298
G1 X112.68 Y91.385 E5.57164
G1 X113.067 Y91.779 E5.59033
G1 X113.555 Y92.137 E5.61082
G1 X114.251 Y92.476 E5.63702
G1 X114.835 Y92.63 E5.65746
G1 X115.369 Y92.69 E5.67565
G1 X115.904 Y92.67 E5.69377
G1 X116.395 Y92.572 E5.71072
G1 X116.996 Y92.374 E5.73214
G1 X117.709 Y91.957 E5.7601
G1 X118.311 Y91.391 E5.78807
G1 X118.751 Y90.754 E5.81428
G1 X118.976 Y90.25 E5.83296
G1 X119.13 Y89.665 E5.85344
G1 X119.187 Y89.159 E5.87068
G1 X119.187 Y88.841 E5.88144
G1 X119.059 Y88.024 E5.90943
G1 X118.891 Y87.543 E5.92668
G1 X118.753 Y87.256 E5.93746
G1 X118.482 Y86.825 E5.95469
G1 X118.164 Y86.446 E5.97144
G1 X120.054 Y86.446 E6.03541
G1 X120.054 Y113.494 E6.95095
G1 X120.461 Y113.961 F7200
G1 F2700
G1 X79.539 Y113.961 E8.33611
G1 X79.539 Y86.039 E9.28124
G1 X114.074 Y86.039 E10.45021
G1 X113.556 Y86.352 E10.4707
G1 X113.016 Y86.851 E10.49559
G1 X112.616 Y87.423 E10.51922
G1 X112.41 Y87.881 E10.53622
G1 X112.263 Y88.462 E10.55651
G1 X112.22 Y89.101 E10.57819
G1 X112.237 Y89.37 E10.58731
G1 X112.374 Y90.02 E10.6098
G1 X112.603 Y90.549 E10.62931
G1 X112.924 Y91.045 E10.64931
G1 X113.32 Y91.461 E10.66875
G1 X113.745 Y91.777 E10.68668
G1 X114.296 Y92.061 E10.70766
G1 X114.782 Y92.21 E10.72487
G1 X115.327 Y92.276 E10.74345
G1 X115.873 Y92.264 E10.76194
G1 X116.29 Y92.179 E10.77635
G1 X116.805 Y92.014 E10.79465
G1 X117.443 Y91.648 E10.81955
G1 X117.984 Y91.149 E10.84446
G1 X118.286 Y90.74 E10.86167
G1 X118.587 Y90.13 E10.88469
G1 X118.726 Y89.619 E10.90262
G1 X118.783 Y88.886 E10.92751
G1 X118.675 Y88.158 E10.95242
G1 X118.408 Y87.472 E10.97734
G1 X118.137 Y87.042 E10.99454
G1 X117.791 Y86.643 E11.01242
G1 X117.414 Y86.328 E11.02905
G1 X116.906 Y86.039 E11.04883
G1 X120.461 Y86.039 E11.16916
G1 X120.461 Y113.901 E12.11225
G1 X120.868 Y114.368 F7200
G1 F2700
G1 X79.132 Y114.368 E13.52496
G1 X79.132 Y85.632 E14.49764
G1 X114.149 Y85.632 E15.68292
;WIDTH:0.497712
G1 X114.419 Y85.656 E15.69317
;WIDTH:0.545424
G1 X114.689 Y85.68 E15.7045
G1 X115.103 Y85.666 E15.72181
;WIDTH:0.518159
G1 X115.518 Y85.653 E15.73822
;WIDTH:0.517045
G1 X116.067 Y85.666 E15.75987
G1 X116.321 Y85.649 E15.76991
;WIDTH:0.483522
G1 X116.575 Y85.632 E15.77924
;WIDTH:0.449999
G1 X120.868 Y85.632 E15.92455
G1 X120.868 Y114.308 E16.8952
G1 X121.275 Y114.775 F7200
;TYPE:External perimeter
G1 F1800
G1 X78.725 Y114.775 E18.33546
G1 X78.725 Y85.225 E19.33569
G1 X121.275 Y85.225 E20.77595
G1 X121.275 Y114.715 E21.77415
G1 X120.879 Y114.774 F7200
G1 E19.77415 F2400
G92 E0
G1 X111.547 Y101.573 F7200
G1 E2 F2400
;TYPE:Internal infill
;WIDTH:0.45
G1 F3300
G1 X111.762 Y102.428 E2.02984
G1 X112.049 Y103.026 E2.05229
G1 X112.579 Y103.747 E2.08258
G1 X112.055 Y103.914 E2.1012
G1 X111.793 Y103.916 E2.11007
G1 X111.531 Y103.74 E2.12075
G1 X111.007 Y102.939 E2.15315
G1 X110.483 Y102.542 E2.1754
G1 X109.958 Y102.375 E2.19405
G1 X109.696 Y102.374 E2.20292
G1 X109.434 Y102.55 E2.2136
G1 X108.91 Y103.351 E2.246
G1 X108.386 Y103.747 E2.26823
G1 X107.862 Y103.914 E2.28685
G1 X107.6 Y103.916 E2.29572
G1 X107.338 Y103.74 E2.3064
G1 X106.814 Y102.939 E2.3388
G1 X106.29 Y102.542 E2.36105
G1 X105.765 Y102.375 E2.3797
G1 X105.503 Y102.374 E2.38857
G1 X105.241 Y102.55 E2.39925
G1 X104.717 Y103.351 E2.43165
G1 X104.193 Y103.747 E2.45388
G1 X103.669 Y103.914 E2.4725
G1 X103.407 Y103.916 E2.48137
G1 X103.145 Y103.74 E2.49205
G1 X102.621 Y102.939 E2.52445
G1 X102.097 Y102.542 E2.5467
G1 X101.572 Y102.375 E2.56535
G1 X101.31 Y102.374 E2.57422
G1 X101.048 Y102.55 E2.5849
G1 X100.524 Y103.351 E2.6173
G1 X100 Y103.747 E2.63953
G1 X99.476 Y103.914 E2.65815
G1 X99.214 Y103.916 E2.66702
G1 X98.952 Y103.74 E2.6777
G1 X98.428 Y102.939 E2.7101
G1 X97.903 Y102.542 E2.73238
G1 X97.379 Y102.375 E2.751
G1 X97.117 Y102.374 E2.75987
G1 X96.855 Y102.55 E2.77055
G1 X96.331 Y103.351 E2.80295
G1 X95.807 Y103.747 E2.82518
G1 X95.283 Y103.914 E2.8438
G1 X95.021 Y103.916 E2.85267
G1 X94.759 Y103.74 E2.86335
G1 X94.235 Y102.939 E2.89575
G1 X93.71 Y102.542 E2.91803
G1 X93.186 Y102.375 E2.93665
G1 X92.924 Y102.374 E2.94552
G1 X92.662 Y102.55 E2.9562
G1 X92.138 Y103.351 E2.9886
G1 X91.614 Y103.747 E3.01083
G1 X91.09 Y103.914 E3.02945
G1 X90.828 Y103.916 E3.03832
G1 X90.566 Y103.74 E3.049
G1 X90.042 Y102.939 E3.0814
G1 X89.517 Y102.542 E3.10368
G1 X88.993 Y102.375 E3.1223
G1 X88.731 Y102.374 E3.13117
G1 X88.469 Y102.55 E3.14185
G1 X87.945 Y103.351 E3.17425
G1 X87.421 Y103.747 E3.19648
G1 X86.897 Y103.914 E3.2151
G1 X86.635 Y103.916 E3.22397
G1 X86.373 Y103.74 E3.23465
G1 X85.848 Y102.939 E3.26707
G1 X85.324 Y102.542 E3.28932
G1 X84.8 Y102.375 E3.30794
G1 X84.538 Y102.374 E3.31681
G1 X84.276 Y102.55 E3.32749
G1 X83.752 Y103.351 E3.35989
G1 X83.228 Y103.747 E3.38212
G1 X82.704 Y103.914 E3.40074
G1 X82.442 Y103.916 E3.40961
G1 X82.18 Y103.74 E3.42029
G1 X81.655 Y102.939 E3.45271
G1 X81.131 Y102.542 E3.47496
G1 X80.607 Y102.375 E3.49358
G1 X80.345 Y102.374 E3.50245
G1 X80.252 Y102.437 E3.50625
G1 X80.252 Y101.386 E3.54183
G1 X80.607 Y100.843 E3.56379
G1 X81.131 Y100.446 E3.58604
G1 X81.655 Y100.279 E3.60466
G1 X81.918 Y100.277 E3.61356
G1 X82.18 Y100.453 E3.62424
G1 X82.704 Y101.254 E3.65664
G1 X83.228 Y101.651 E3.67889
G1 X83.752 Y101.818 E3.69751
G1 X84.014 Y101.819 E3.70638
G1 X84.276 Y101.643 E3.71706
G1 X84.8 Y100.843 E3.74943
G1 X85.324 Y100.446 E3.77168
G1 X85.848 Y100.279 E3.7903
G1 X86.111 Y100.277 E3.7992
G1 X86.373 Y100.453 E3.80988
G1 X86.897 Y101.254 E3.84228
G1 X87.421 Y101.651 E3.86453
G1 X87.945 Y101.818 E3.88315
G1 X88.207 Y101.819 E3.89202
G1 X88.469 Y101.643 E3.9027
G1 X88.993 Y100.843 E3.93507
G1 X89.517 Y100.446 E3.95732
G1 X90.042 Y100.279 E3.97597
G1 X90.304 Y100.277 E3.98484
G1 X90.566 Y100.453 E3.99552
G1 X91.09 Y101.254 E4.02792
G1 X91.614 Y101.651 E4.05017
G1 X92.138 Y101.818 E4.06879
G1 X92.4 Y101.819 E4.07766
G1 X92.662 Y101.643 E4.08834
G1 X93.186 Y100.843 E4.12071
G1 X93.71 Y100.446 E4.14296
G1 X94.235 Y100.279 E4.16161
G1 X94.497 Y100.277 E4.17048
G1 X94.759 Y100.453 E4.18116
G1 X95.283 Y101.254 E4.21356
G1 X95.807 Y101.651 E4.23581
G1 X96.331 Y101.818 E4.25443
G1 X96.593 Y101.819 E4.2633
G1 X96.855 Y101.643 E4.27398
G1 X97.379 Y100.843 E4.30635
G1 X97.903 Y100.446 E4.3286
G1 X98.428 Y100.279 E4.34725
G1 X98.69 Y100.277 E4.35612
G1 X98.952 Y100.453 E4.3668
G1 X99.476 Y101.254 E4.3992
G1 X100 Y101.651 E4.42145
G1 X100.524 Y101.818 E4.44007
G1 X100.786 Y101.819 E4.44894
G1 X101.048 Y101.643 E4.45962
G1 X101.572 Y100.843 E4.49199
G1 X102.097 Y100.446 E4.51427
G1 X102.621 Y100.279 E4.53289
G1 X102.883 Y100.277 E4.54176
G1 X103.145 Y100.453 E4.55244
G1 X103.669 Y101.254 E4.58484
G1 X104.193 Y101.651 E4.60709
G1 X104.717 Y101.818 E4.62571
G1 X104.979 Y101.819 E4.63458
G1 X105.241 Y101.643 E4.64526
G1 X105.765 Y100.843 E4.67763
G1 X106.29 Y100.446 E4.69991
G1 X106.814 Y100.279 E4.71853
G1 X107.076 Y100.277 E4.7274
G1 X107.338 Y100.453 E4.73808
G1 X107.862 Y101.254 E4.77048
G1 X108.386 Y101.651 E4.79273
G1 X108.91 Y101.818 E4.81135
G1 X109.172 Y101.819 E4.82022
G1 X109.434 Y101.643 E4.8309
G1 X109.958 Y100.843 E4.86327
G1 X110.483 Y100.446 E4.88555
G1 X111.007 Y100.279 E4.90417
G1 X111.269 Y100.277 E4.91304
G1 X111.549 Y100.48 E4.92475
G1 X111.732 Y99.682 E4.95246
G1 X111.531 Y99.547 E4.96066
G1 X111.007 Y98.746 E4.99306
G1 X110.483 Y98.349 E5.01531
G1 X109.958 Y98.182 E5.03396
G1 X109.696 Y98.181 E5.04283
G1 X109.434 Y98.357 E5.05351
G1 X108.91 Y99.158 E5.08591
G1 X108.386 Y99.554 E5.10814
G1 X107.862 Y99.721 E5.12676
G1 X107.6 Y99.723 E5.13563
G1 X107.338 Y99.547 E5.14631
G1 X106.814 Y98.746 E5.17871
G1 X106.29 Y98.349 E5.20096
G1 X105.765 Y98.182 E5.21961
G1 X105.503 Y98.181 E5.22848
G1 X105.241 Y98.357 E5.23916
G1 X104.717 Y99.158 E5.27156
G1 X104.193 Y99.554 E5.29379
G1 X103.669 Y99.721 E5.31241
G1 X103.407 Y99.723 E5.32128
G1 X103.145 Y99.547 E5.33196
G1 X102.621 Y98.746 E5.36436
G1 X102.097 Y98.349 E5.38661
G1 X101.572 Y98.182 E5.40526
G1 X101.31 Y98.181 E5.41413
G1 X101.048 Y98.357 E5.42481
G1 X100.524 Y99.158 E5.45721
G1 X100 Y99.554 E5.47944
G1 X99.476 Y99.721 E5.49806
G1 X99.214 Y99.723 E5.50693
G1 X98.952 Y99.547 E5.51761
G1 X98.428 Y98.746 E5.55001
G1 X97.903 Y98.349 E5.57229
G1 X97.379 Y98.182 E5.59091
G1 X97.117 Y98.181 E5.59978
G1 X96.855 Y98.357 E5.61046
G1 X96.331 Y99.158 E5.64286
G1 X95.807 Y99.554 E5.66509
G1 X95.283 Y99.721 E5.68371
G1 X95.021 Y99.723 E5.69258
G1 X94.759 Y99.547 E5.70326
G1 X94.235 Y98.746 E5.73566
G1 X93.71 Y98.349 E5.75794
G1 X93.186 Y98.182 E5.77656
G1 X92.924 Y98.181 E5.78543
G1 X92.662 Y98.357 E5.79611
G1 X92.138 Y99.158 E5.82851
G1 X91.614 Y99.554 E5.85074
G1 X91.09 Y99.721 E5.86936
G1 X90.828 Y99.723 E5.87823
G1 X90.566 Y99.547 E5.88891
G1 X90.042 Y98.746 E5.92131
G1 X89.517 Y98.349 E5.94359
G1 X88.993 Y98.182 E5.96221
G1 X88.731 Y98.181 E5.97108
G1 X88.469 Y98.357 E5.98176
G1 X87.945 Y99.158 E6.01416
G1 X87.421 Y99.554 E6.03639
G1 X86.897 Y99.721 E6.05501
G1 X86.635 Y99.723 E6.06388
G1 X86.373 Y99.547 E6.07456
G1 X85.848 Y98.746 E6.10698
G1 X85.324 Y98.349 E6.12923
G1 X84.8 Y98.182 E6.14785
G1 X84.538 Y98.181 E6.15672
G1 X84.276 Y98.357 E6.1674
G1 X83.752 Y99.158 E6.1998
G1 X83.228 Y99.554 E6.22203
G1 X82.704 Y99.721 E6.24065
G1 X82.442 Y99.723 E6.24952
G1 X82.18 Y99.547 E6.2602
G1 X81.655 Y98.746 E6.29262
G1 X81.131 Y98.349 E6.31487
G1 X80.607 Y98.182 E6.33349
G1 X80.345 Y98.181 E6.34236
G1 X80.252 Y98.244 E6.34616
G1 X80.252 Y97.193 E6.38174
G1 X80.607 Y96.649 E6.40373
G1 X81.131 Y96.253 E6.42596
G1 X81.655 Y96.086 E6.44458
G1 X81.918 Y96.084 E6.45348
G1 X82.18 Y96.26 E6.46416
G1 X82.704 Y97.061 E6.49656
G1 X83.228 Y97.458 E6.51881
G1 X83.752 Y97.625 E6.53743
G1 X84.014 Y97.626 E6.5463
G1 X84.276 Y97.45 E6.55698
G1 X84.8 Y96.649 E6.58938
G1 X85.324 Y96.253 E6.61161
G1 X85.848 Y96.086 E6.63023
G1 X86.111 Y96.084 E6.63913
G1 X86.373 Y96.26 E6.64981
G1 X86.897 Y97.061 E6.68221
G1 X87.421 Y97.458 E6.70446
G1 X87.945 Y97.625 E6.72308
G1 X88.207 Y97.626 E6.73195
G1 X88.469 Y97.45 E6.74263
G1 X88.993 Y96.649 E6.77503
G1 X89.517 Y96.253 E6.79726
G1 X90.042 Y96.086 E6.81591
G1 X90.304 Y96.084 E6.82478
G1 X90.566 Y96.26 E6.83546
G1 X91.09 Y97.061 E6.86786
G1 X91.614 Y97.458 E6.89011
G1 X92.138 Y97.625 E6.90873
G1 X92.4 Y97.626 E6.9176
G1 X92.662 Y97.45 E6.92828
G1 X93.186 Y96.649 E6.96068
G1 X93.71 Y96.253 E6.98291
G1 X94.235 Y96.086 E7.00156
G1 X94.497 Y96.084 E7.01043
G1 X94.759 Y96.26 E7.02111
G1 X95.283 Y97.061 E7.05351
G1 X95.807 Y97.458 E7.07576
G1 X96.331 Y97.625 E7.09438
G1 X96.593 Y97.626 E7.10325
G1 X96.855 Y97.45 E7.11393
G1 X97.379 Y96.649 E7.14633
G1 X97.903 Y96.253 E7.16856
G1 X98.428 Y96.086 E7.18721
G1 X98.69 Y96.084 E7.19608
G1 X98.952 Y96.26 E7.20676
G1 X99.476 Y97.061 E7.23916
G1 X100 Y97.458 E7.26141
G1 X100.524 Y97.625 E7.28003
G1 X100.786 Y97.626 E7.2889
G1 X101.048 Y97.45 E7.29958
G1 X101.572 Y96.649 E7.33198
G1 X102.097 Y96.253 E7.35424
G1 X102.621 Y96.086 E7.37286
G1 X102.883 Y96.084 E7.38173
G1 X103.145 Y96.26 E7.39241
G1 X103.669 Y97.061 E7.42481
G1 X104.193 Y97.458 E7.44706
G1 X104.717 Y97.625 E7.46568
G1 X104.979 Y97.626 E7.47455
G1 X105.241 Y97.45 E7.48523
G1 X105.765 Y96.649 E7.51763
G1 X106.29 Y96.253 E7.53989
G1 X106.814 Y96.086 E7.55851
G1 X107.076 Y96.084 E7.56738
G1 X107.338 Y96.26 E7.57806
G1 X107.862 Y97.061 E7.61046
G1 X108.386 Y97.458 E7.63271
G1 X108.91 Y97.625 E7.65133
G1 X109.172 Y97.626 E7.6602
G1 X109.434 Y97.45 E7.67088
G1 X109.958 Y96.649 E7.70328
G1 X110.483 Y96.253 E7.72554
G1 X111.007 Y96.086 E7.74416
G1 X111.269 Y96.084 E7.75303
G1 X111.531 Y96.26 E7.76371
G1 X112.055 Y97.061 E7.79611
G1 X112.579 Y97.458 E7.81836
G1 X113.103 Y97.625 E7.83698
G1 X113.365 Y97.626 E7.84585
G1 X113.627 Y97.45 E7.85653
G1 X114.152 Y96.649 E7.88895
G1 X114.676 Y96.253 E7.91118
G1 X115.2 Y96.086 E7.9298
G1 X115.462 Y96.084 E7.93867
G1 X115.724 Y96.26 E7.94935
G1 X116.276 Y97.082 E7.98287
G1 X115.322 Y97.005 E8.01527
G1 X114.631 Y97.093 E8.03885
G1 X114.139 Y97.264 E8.05648
G1 E6.05648 F2400
G92 E0
G1 X118.4 Y91.742 F7200
G1 E2 F2400
G1 F3300
G1 X117.593 Y92.404 E2.03533
G1 X116.809 Y92.777 E2.06472
G1 X116.299 Y92.906 E2.08253
G1 X116.772 Y93.265 E2.10263
G1 X117.296 Y93.432 E2.12125
G1 X117.558 Y93.433 E2.13012
G1 X117.82 Y93.257 E2.1408
G1 X118.345 Y92.456 E2.17322
G1 X118.869 Y92.06 E2.19545
G1 X119.393 Y91.893 E2.21407
G1 X119.655 Y91.891 E2.22294
G1 X119.748 Y91.954 E2.22674
G1 X119.748 Y90.903 E2.26232
G1 X119.393 Y90.36 E2.28428
G1 X119.279 Y90.274 E2.28911
G1 X119.433 Y89.703 E2.30913
G1 X119.502 Y89 E2.33304
G1 X119.433 Y88.296 E2.35698
G1 X119.279 Y87.736 E2.37664
G1 X119.393 Y87.7 E2.38069
G1 X119.655 Y87.698 E2.38956
G1 X119.748 Y87.761 E2.39336
G1 X119.748 Y90.204 E2.47605
G1 E.47605 F2400
G92 E0
G1 X80.252 Y87.407 F7200
G1 E2 F2400
G1 F3300
G1 X80.252 Y86.752 E2.02217
G1 X82.038 Y86.752 E2.08262
G1 X82.18 Y86.968 E2.09137
G1 X82.442 Y87.143 E2.10203
G1 X82.704 Y87.142 E2.1109
G1 X83.228 Y86.975 E2.12952
G1 X83.523 Y86.752 E2.14204
G1 X86.231 Y86.752 E2.2337
G1 X86.373 Y86.968 E2.24245
G1 X86.635 Y87.143 E2.25311
G1 X86.897 Y87.142 E2.26198
G1 X87.421 Y86.975 E2.2806
G1 X87.716 Y86.752 E2.29312
G1 X90.424 Y86.752 E2.38478
G1 X90.566 Y86.968 E2.39353
G1 X90.828 Y87.143 E2.40419
G1 X91.09 Y87.142 E2.41306
G1 X91.614 Y86.975 E2.43168
G1 X91.909 Y86.752 E2.4442
G1 X94.617 Y86.752 E2.53586
G1 X94.759 Y86.968 E2.54461
G1 X95.021 Y87.143 E2.55527
G1 X95.283 Y87.142 E2.56414
G1 X95.807 Y86.975 E2.58276
G1 X96.102 Y86.752 E2.59528
G1 X98.81 Y86.752 E2.68694
G1 X98.952 Y86.968 E2.69569
G1 X99.214 Y87.143 E2.70635
G1 X99.476 Y87.142 E2.71522
G1 X100 Y86.975 E2.73384
G1 X100.295 Y86.752 E2.74636
G1 X103.003 Y86.752 E2.83802
G1 X103.145 Y86.968 E2.84677
G1 X103.407 Y87.143 E2.85743
G1 X103.669 Y87.142 E2.8663
G1 X104.193 Y86.975 E2.88492
G1 X104.488 Y86.752 E2.89744
G1 X107.196 Y86.752 E2.9891
G1 X107.338 Y86.968 E2.99785
G1 X107.6 Y87.143 E3.00851
G1 X107.862 Y87.142 E3.01738
G1 X108.386 Y86.975 E3.036
G1 X108.681 Y86.752 E3.04852
G1 X111.389 Y86.752 E3.14018
G1 X111.531 Y86.968 E3.14893
G1 X111.793 Y87.143 E3.15959
G1 X111.96 Y87.142 E3.16524
G1 X111.626 Y88.02 E3.19704
G1 X111.531 Y87.874 E3.20294
G1 X111.269 Y87.698 E3.21362
G1 X111.007 Y87.7 E3.22249
G1 X110.483 Y87.867 E3.24111
G1 X109.958 Y88.263 E3.26337
G1 X109.434 Y89.064 E3.29577
G1 X109.172 Y89.24 E3.30645
G1 X108.91 Y89.238 E3.31532
G1 X108.386 Y89.072 E3.33393
G1 X107.862 Y88.675 E3.35618
G1 X107.338 Y87.874 E3.38858
G1 X107.076 Y87.698 E3.39926
G1 X106.814 Y87.7 E3.40813
G1 X106.29 Y87.867 E3.42675
G1 X105.765 Y88.263 E3.44901
G1 X105.241 Y89.064 E3.48141
G1 X104.979 Y89.24 E3.49209
G1 X104.717 Y89.238 E3.50096
G1 X104.193 Y89.072 E3.51957
G1 X103.669 Y88.675 E3.54182
G1 X103.145 Y87.874 E3.57422
G1 X102.883 Y87.698 E3.5849
G1 X102.621 Y87.7 E3.59377
G1 X102.097 Y87.867 E3.61239
G1 X101.572 Y88.263 E3.63465
G1 X101.048 Y89.064 E3.66705
G1 X100.786 Y89.24 E3.67773
G1 X100.524 Y89.238 E3.6866
G1 X100 Y89.072 E3.70521
G1 X99.476 Y88.675 E3.72746
G1 X98.952 Y87.874 E3.75986
G1 X98.69 Y87.698 E3.77054
G1 X98.428 Y87.7 E3.77941
G1 X97.903 Y87.867 E3.79806
G1 X97.379 Y88.263 E3.82029
G1 X96.855 Y89.064 E3.85269
G1 X96.593 Y89.24 E3.86337
G1 X96.331 Y89.238 E3.87224
G1 X95.807 Y89.072 E3.89085
G1 X95.283 Y88.675 E3.9131
G1 X94.759 Y87.874 E3.9455
G1 X94.497 Y87.698 E3.95618
G1 X94.235 Y87.7 E3.96505
G1 X93.71 Y87.867 E3.9837
G1 X93.186 Y88.263 E4.00593
G1 X92.662 Y89.064 E4.03833
G1 X92.4 Y89.24 E4.04901
G1 X92.138 Y89.238 E4.05788
G1 X91.614 Y89.072 E4.07649
G1 X91.09 Y88.675 E4.09874
G1 X90.566 Y87.874 E4.13114
G1 X90.304 Y87.698 E4.14182
G1 X90.042 Y87.7 E4.15069
G1 X89.517 Y87.867 E4.16934
G1 X88.993 Y88.263 E4.19157
G1 X88.469 Y89.064 E4.22397
G1 X88.207 Y89.24 E4.23465
G1 X87.945 Y89.238 E4.24352
G1 X87.421 Y89.072 E4.26213
G1 X86.897 Y88.675 E4.28438
G1 X86.373 Y87.874 E4.31678
G1 X86.111 Y87.698 E4.32746
G1 X85.848 Y87.7 E4.33636
G1 X85.324 Y87.867 E4.35498
G1 X84.8 Y88.263 E4.37721
G1 X84.276 Y89.064 E4.40961
G1 X84.014 Y89.24 E4.42029
G1 X83.752 Y89.238 E4.42916
G1 X83.228 Y89.072 E4.44777
G1 X82.704 Y88.675 E4.47002
G1 X82.18 Y87.874 E4.50242
G1 X81.918 Y87.698 E4.5131
G1 X81.655 Y87.7 E4.522
G1 X81.131 Y87.867 E4.54062
G1 X80.607 Y88.263 E4.56285
G1 X80.252 Y88.807 E4.58484
G1 X80.252 Y89.858 E4.62042
G1 X80.345 Y89.795 E4.62422
G1 X80.607 Y89.796 E4.63309
G1 X81.131 Y89.963 E4.65171
G1 X81.655 Y90.36 E4.67396
G1 X82.18 Y91.161 E4.70638
G1 X82.442 Y91.336 E4.71704
G1 X82.704 Y91.335 E4.72591
G1 X83.228 Y91.168 E4.74453
G1 X83.752 Y90.771 E4.76678
G1 X84.276 Y89.971 E4.79915
G1 X84.538 Y89.795 E4.80983
G1 X84.8 Y89.796 E4.8187
G1 X85.324 Y89.963 E4.83732
G1 X85.848 Y90.36 E4.85957
G1 X86.373 Y91.161 E4.89199
G1 X86.635 Y91.336 E4.90265
G1 X86.897 Y91.335 E4.91152
G1 X87.421 Y91.168 E4.93014
G1 X87.945 Y90.771 E4.95239
G1 X88.469 Y89.971 E4.98476
G1 X88.731 Y89.795 E4.99544
G1 X88.993 Y89.796 E5.00431
G1 X89.517 Y89.963 E5.02293
G1 X90.042 Y90.36 E5.04521
G1 X90.566 Y91.161 E5.07761
G1 X90.828 Y91.336 E5.08827
G1 X91.09 Y91.335 E5.09714
G1 X91.614 Y91.168 E5.11576
G1 X92.138 Y90.771 E5.13801
G1 X92.662 Y89.971 E5.17038
G1 X92.924 Y89.795 E5.18106
G1 X93.186 Y89.796 E5.18993
G1 X93.71 Y89.963 E5.20855
G1 X94.235 Y90.36 E5.23083
G1 X94.759 Y91.161 E5.26323
G1 X95.021 Y91.336 E5.27389
G1 X95.283 Y91.335 E5.28276
G1 X95.807 Y91.168 E5.30138
G1 X96.331 Y90.771 E5.32363
G1 X96.855 Y89.971 E5.356
G1 X97.117 Y89.795 E5.36668
G1 X97.379 Y89.796 E5.37555
G1 X97.903 Y89.963 E5.39417
G1 X98.428 Y90.36 E5.41645
G1 X98.952 Y91.161 E5.44885
G1 X99.214 Y91.336 E5.45951
G1 X99.476 Y91.335 E5.46838
G1 X100 Y91.168 E5.487
G1 X100.524 Y90.771 E5.50925
G1 X101.048 Y89.971 E5.54162
G1 X101.31 Y89.795 E5.5523
G1 X101.572 Y89.796 E5.56117
G1 X102.097 Y89.963 E5.57982
G1 X102.621 Y90.36 E5.60207
G1 X103.145 Y91.161 E5.63447
G1 X103.407 Y91.336 E5.64513
G1 X103.669 Y91.335 E5.654
G1 X104.193 Y91.168 E5.67262
G1 X104.717 Y90.771 E5.69487
G1 X105.241 Y89.971 E5.72724
G1 X105.503 Y89.795 E5.73792
G1 X105.765 Y89.796 E5.74679
G1 X106.29 Y89.963 E5.76544
G1 X106.814 Y90.36 E5.78769
G1 X107.338 Y91.161 E5.82009
G1 X107.6 Y91.336 E5.83075
G1 X107.862 Y91.335 E5.83962
G1 X108.386 Y91.168 E5.85824
G1 X108.91 Y90.771 E5.88049
G1 X109.434 Y89.971 E5.91286
G1 X109.696 Y89.795 E5.92354
G1 X109.958 Y89.796 E5.93241
G1 X110.483 Y89.963 E5.95106
G1 X111.007 Y90.36 E5.97331
G1 X111.531 Y91.161 E6.00571
G1 X111.793 Y91.336 E6.01637
G1 X112.227 Y91.28 E6.03118
G1 X112.818 Y91.969 E6.06191
G1 X113.253 Y92.312 E6.08066
G1 X113.993 Y92.699 E6.10893
G1 X113.627 Y93.257 E6.13152
G1 X113.365 Y93.433 E6.1422
G1 X113.103 Y93.432 E6.15107
G1 X112.579 Y93.265 E6.16969
G1 X112.055 Y92.868 E6.19194
G1 X111.531 Y92.067 E6.22434
G1 X111.269 Y91.891 E6.23502
G1 X111.007 Y91.893 E6.24389
G1 X110.483 Y92.06 E6.26251
G1 X109.958 Y92.456 E6.28477
G1 X109.434 Y93.257 E6.31717
G1 X109.172 Y93.433 E6.32785
G1 X108.91 Y93.432 E6.33672
G1 X108.386 Y93.265 E6.35534
G1 X107.862 Y92.868 E6.37759
G1 X107.338 Y92.067 E6.40999
G1 X107.076 Y91.891 E6.42067
G1 X106.814 Y91.893 E6.42954
G1 X106.29 Y92.06 E6.44816
G1 X105.765 Y92.456 E6.47042
G1 X105.241 Y93.257 E6.50282
G1 X104.979 Y93.433 E6.5135
G1 X104.717 Y93.432 E6.52237
G1 X104.193 Y93.265 E6.54099
G1 X103.669 Y92.868 E6.56324
G1 X103.145 Y92.067 E6.59564
G1 X102.883 Y91.891 E6.60632
G1 X102.621 Y91.893 E6.61519
G1 X102.097 Y92.06 E6.63381
G1 X101.572 Y92.456 E6.65607
G1 X101.048 Y93.257 E6.68847
G1 X100.786 Y93.433 E6.69915
G1 X100.524 Y93.432 E6.70802
G1 X100 Y93.265 E6.72664
G1 X99.476 Y92.868 E6.74889
G1 X98.952 Y92.067 E6.78129
G1 X98.69 Y91.891 E6.79197
G1 X98.428 Y91.893 E6.80084
G1 X97.903 Y92.06 E6.81949
G1 X97.379 Y92.456 E6.84172
G1 X96.855 Y93.257 E6.87412
G1 X96.593 Y93.433 E6.8848
G1 X96.331 Y93.432 E6.89367
G1 X95.807 Y93.265 E6.91229
G1 X95.283 Y92.868 E6.93454
G1 X94.759 Y92.067 E6.96694
G1 X94.497 Y91.891 E6.97762
G1 X94.235 Y91.893 E6.98649
G1 X93.71 Y92.06 E7.00514
G1 X93.186 Y92.456 E7.02737
G1 X92.662 Y93.257 E7.05977
G1 X92.4 Y93.433 E7.07045
G1 X92.138 Y93.432 E7.07932
G1 X91.614 Y93.265 E7.09794
G1 X91.09 Y92.868 E7.12019
G1 X90.566 Y92.067 E7.15259
G1 X90.304 Y91.891 E7.16327
G1 X90.042 Y91.893 E7.17214
G1 X89.517 Y92.06 E7.19079
G1 X88.993 Y92.456 E7.21302
G1 X88.469 Y93.257 E7.24542
G1 X88.207 Y93.433 E7.2561
G1 X87.945 Y93.432 E7.26497
G1 X87.421 Y93.265 E7.28359
G1 X86.897 Y92.868 E7.30584
G1 X86.373 Y92.067 E7.33824
G1 X86.111 Y91.891 E7.34892
G1 X85.848 Y91.893 E7.35782
G1 X85.324 Y92.06 E7.37644
G1 X84.8 Y92.456 E7.39867
G1 X84.276 Y93.257 E7.43107
G1 X84.014 Y93.433 E7.44175
G1 X83.752 Y93.432 E7.45062
G1 X83.228 Y93.265 E7.46924
G1 X82.704 Y92.868 E7.49149
G1 X82.18 Y92.067 E7.52389
G1 X81.918 Y91.891 E7.53457
G1 X81.655 Y91.893 E7.54347
G1 X81.131 Y92.06 E7.56209
G1 X80.607 Y92.456 E7.58432
G1 X80.252 Y93 E7.60631
G1 X80.252 Y94.051 E7.64189
G1 X80.345 Y93.988 E7.64569
G1 X80.607 Y93.989 E7.65456
G1 X81.131 Y94.156 E7.67318
G1 X81.655 Y94.553 E7.69543
G1 X82.18 Y95.354 E7.72785
G1 X82.442 Y95.529 E7.73851
G1 X82.704 Y95.528 E7.74738
G1 X83.228 Y95.361 E7.766
G1 X83.752 Y94.964 E7.78825
G1 X84.276 Y94.164 E7.82062
G1 X84.538 Y93.988 E7.8313
G1 X84.8 Y93.989 E7.84017
G1 X85.324 Y94.156 E7.85879
G1 X85.848 Y94.553 E7.88104
G1 X86.373 Y95.354 E7.91346
G1 X86.635 Y95.529 E7.92412
G1 X86.897 Y95.528 E7.93299
G1 X87.421 Y95.361 E7.95161
G1 X87.945 Y94.964 E7.97386
G1 X88.469 Y94.164 E8.00623
G1 X88.731 Y93.988 E8.01691
G1 X88.993 Y93.989 E8.02578
G1 X89.517 Y94.156 E8.0444
G1 X90.042 Y94.553 E8.06668
G1 X90.566 Y95.354 E8.09908
G1 X90.828 Y95.529 E8.10974
G1 X91.09 Y95.528 E8.11861
G1 X91.614 Y95.361 E8.13723
G1 X92.138 Y94.964 E8.15948
G1 X92.662 Y94.164 E8.19185
G1 X92.924 Y93.988 E8.20253
G1 X93.186 Y93.989 E8.2114
G1 X93.71 Y94.156 E8.23002
G1 X94.235 Y94.553 E8.2523
G1 X94.759 Y95.354 E8.2847
G1 X95.021 Y95.529 E8.29536
G1 X95.283 Y95.528 E8.30423
G1 X95.807 Y95.361 E8.32285
G1 X96.331 Y94.964 E8.3451
G1 X96.855 Y94.164 E8.37747
G1 X97.117 Y93.988 E8.38815
G1 X97.379 Y93.989 E8.39702
G1 X97.903 Y94.156 E8.41564
G1 X98.428 Y94.553 E8.43792
G1 X98.952 Y95.354 E8.47032
G1 X99.214 Y95.529 E8.48098
G1 X99.476 Y95.528 E8.48985
G1 X100 Y95.361 E8.50847
G1 X100.524 Y94.964 E8.53072
G1 X101.048 Y94.164 E8.56309
G1 X101.31 Y93.988 E8.57377
G1 X101.572 Y93.989 E8.58264
G1 X102.097 Y94.156 E8.60129
G1 X102.621 Y94.553 E8.62354
G1 X103.145 Y95.354 E8.65594
G1 X103.407 Y95.529 E8.6666
G1 X103.669 Y95.528 E8.67547
G1 X104.193 Y95.361 E8.69409
G1 X104.717 Y94.964 E8.71634
G1 X105.241 Y94.164 E8.74871
G1 X105.503 Y93.988 E8.75939
G1 X105.765 Y93.989 E8.76826
G1 X106.29 Y94.156 E8.78691
G1 X106.814 Y94.553 E8.80916
G1 X107.338 Y95.354 E8.84156
G1 X107.6 Y95.529 E8.85222
G1 X107.862 Y95.528 E8.86109
G1 X108.386 Y95.361 E8.87971
G1 X108.91 Y94.964 E8.90196
G1 X109.434 Y94.164 E8.93433
G1 X109.696 Y93.988 E8.94501
G1 X109.958 Y93.989 E8.95388
G1 X110.483 Y94.156 E8.97253
G1 X111.007 Y94.553 E8.99478
G1 X111.531 Y95.354 E9.02718
G1 X111.793 Y95.529 E9.03784
G1 X112.055 Y95.528 E9.04671
G1 X112.579 Y95.361 E9.06533
G1 X113.103 Y94.964 E9.08758
G1 X113.627 Y94.164 E9.11995
G1 X113.889 Y93.988 E9.13063
G1 X114.152 Y93.989 E9.13953
G1 X114.676 Y94.156 E9.15815
G1 X115.2 Y94.553 E9.1804
G1 X115.724 Y95.354 E9.2128
G1 X115.986 Y95.529 E9.22346
G1 X116.248 Y95.528 E9.23233
G1 X116.772 Y95.361 E9.25095
G1 X117.296 Y94.964 E9.2732
G1 X117.82 Y94.164 E9.30557
G1 X118.083 Y93.988 E9.31628
G1 X118.345 Y93.989 E9.32515
G1 X118.869 Y94.156 E9.34377
G1 X119.393 Y94.553 E9.36602
G1 X119.748 Y95.096 E9.38798
G1 X119.748 Y96.147 E9.42356
G1 X119.655 Y96.084 E9.42736
G1 X119.393 Y96.086 E9.43623
G1 X118.869 Y96.253 E9.45485
G1 X118.345 Y96.649 E9.47708
G1 X117.82 Y97.45 E9.5095
G1 X117.601 Y97.598 E9.51845
G1 X118.337 Y98.182 E9.55025
G1 X118.869 Y98.349 E9.56912
G1 X119.393 Y98.746 E9.59137
G1 X119.748 Y99.289 E9.61333
G1 X119.748 Y100.34 E9.64891
G1 X119.655 Y100.277 E9.65271
G1 X119.429 Y100.279 E9.66036
G1 X119.502 Y101 E9.68489
G1 X119.419 Y101.806 E9.71232
G1 X119.102 Y102.719 E9.74503
G1 X119.393 Y102.939 E9.75738
G1 X119.748 Y103.482 E9.77934
G1 X119.748 Y104.533 E9.81492
G1 X119.655 Y104.471 E9.8187
G1 X119.393 Y104.472 E9.82757
G1 X118.869 Y104.639 E9.84619
G1 X118.345 Y105.036 E9.86844
G1 X117.82 Y105.836 E9.90083
G1 X117.558 Y106.012 E9.91151
G1 X117.296 Y106.011 E9.92038
G1 X116.772 Y105.844 E9.939
G1 X116.248 Y105.447 E9.96125
G1 X115.93 Y104.961 E9.98091
G1 X115.535 Y105.002 E9.99435
G1 X114.405 Y104.843 E10.03298
G1 X114.152 Y105.036 E10.04375
G1 X113.627 Y105.836 E10.07614
G1 X113.365 Y106.012 E10.08682
G1 X113.103 Y106.011 E10.09569
G1 X112.579 Y105.844 E10.11431
G1 X112.055 Y105.447 E10.13656
G1 X111.531 Y104.646 E10.16896
G1 X111.269 Y104.471 E10.17962
G1 X111.007 Y104.472 E10.18849
G1 X110.483 Y104.639 E10.20711
G1 X109.958 Y105.036 E10.22939
G1 X109.434 Y105.836 E10.26176
G1 X109.172 Y106.012 E10.27244
G1 X108.91 Y106.011 E10.28131
G1 X108.386 Y105.844 E10.29993
G1 X107.862 Y105.447 E10.32218
G1 X107.338 Y104.646 E10.35458
G1 X107.076 Y104.471 E10.36524
G1 X106.814 Y104.472 E10.37411
G1 X106.29 Y104.639 E10.39273
G1 X105.765 Y105.036 E10.41501
G1 X105.241 Y105.836 E10.44738
G1 X104.979 Y106.012 E10.45806
G1 X104.717 Y106.011 E10.46693
G1 X104.193 Y105.844 E10.48555
G1 X103.669 Y105.447 E10.5078
G1 X103.145 Y104.646 E10.5402
G1 X102.883 Y104.471 E10.55086
G1 X102.621 Y104.472 E10.55973
G1 X102.097 Y104.639 E10.57835
G1 X101.572 Y105.036 E10.60063
G1 X101.048 Y105.836 E10.633
G1 X100.786 Y106.012 E10.64368
G1 X100.524 Y106.011 E10.65255
G1 X100 Y105.844 E10.67117
G1 X99.476 Y105.447 E10.69342
G1 X98.952 Y104.646 E10.72582
G1 X98.69 Y104.471 E10.73648
G1 X98.428 Y104.472 E10.74535
G1 X97.903 Y104.639 E10.764
G1 X97.379 Y105.036 E10.78625
G1 X96.855 Y105.836 E10.81862
G1 X96.593 Y106.012 E10.8293
G1 X96.331 Y106.011 E10.83817
G1 X95.807 Y105.844 E10.85679
G1 X95.283 Y105.447 E10.87904
G1 X94.759 Y104.646 E10.91144
G1 X94.497 Y104.471 E10.9221
G1 X94.235 Y104.472 E10.93097
G1 X93.71 Y104.639 E10.94962
G1 X93.186 Y105.036 E10.97187
G1 X92.662 Y105.836 E11.00424
G1 X92.4 Y106.012 E11.01492
G1 X92.138 Y106.011 E11.02379
G1 X91.614 Y105.844 E11.04241
G1 X91.09 Y105.447 E11.06466
G1 X90.566 Y104.646 E11.09706
G1 X90.304 Y104.471 E11.10772
G1 X90.042 Y104.472 E11.11659
G1 X89.517 Y104.639 E11.13524
G1 X88.993 Y105.036 E11.15749
G1 X88.469 Y105.836 E11.18986
G1 X88.207 Y106.012 E11.20054
G1 X87.945 Y106.011 E11.20941
G1 X87.421 Y105.844 E11.22803
G1 X86.897 Y105.447 E11.25028
G1 X86.373 Y104.646 E11.28268
G1 X86.111 Y104.471 E11.29334
G1 X85.848 Y104.472 E11.30224
G1 X85.324 Y104.639 E11.32086
G1 X84.8 Y105.036 E11.34311
G1 X84.276 Y105.836 E11.37548
G1 X84.014 Y106.012 E11.38616
G1 X83.752 Y106.011 E11.39503
G1 X83.228 Y105.844 E11.41365
G1 X82.704 Y105.447 E11.4359
G1 X82.18 Y104.646 E11.4683
G1 X81.918 Y104.471 E11.47896
G1 X81.655 Y104.472 E11.48786
G1 X81.131 Y104.639 E11.50648
G1 X80.607 Y105.036 E11.52873
G1 X80.252 Y105.579 E11.55069
G1 X80.252 Y106.63 E11.58627
G1 X80.345 Y106.567 E11.59007
G1 X80.607 Y106.569 E11.59894
G1 X81.131 Y106.735 E11.61755
G1 X81.655 Y107.132 E11.6398
G1 X82.18 Y107.933 E11.67222
G1 X82.442 Y108.109 E11.6829
G1 X82.704 Y108.107 E11.69177
G1 X83.228 Y107.94 E11.71039
G1 X83.752 Y107.544 E11.73262
G1 X84.276 Y106.743 E11.76502
G1 X84.538 Y106.567 E11.7757
G1 X84.8 Y106.569 E11.78457
G1 X85.324 Y106.735 E11.80318
G1 X85.848 Y107.132 E11.82543
G1 X86.373 Y107.933 E11.85785
G1 X86.635 Y108.109 E11.86853
G1 X86.897 Y108.107 E11.8774
G1 X87.421 Y107.94 E11.89602
G1 X87.945 Y107.544 E11.91825
G1 X88.469 Y106.743 E11.95065
G1 X88.731 Y106.567 E11.96133
G1 X88.993 Y106.569 E11.9702
G1 X89.517 Y106.735 E11.98881
G1 X90.042 Y107.132 E12.01109
G1 X90.566 Y107.933 E12.04349
G1 X90.828 Y108.109 E12.05417
G1 X91.09 Y108.107 E12.06304
G1 X91.614 Y107.94 E12.08166
G1 X92.138 Y107.544 E12.10389
G1 X92.662 Y106.743 E12.13629
G1 X92.924 Y106.567 E12.14697
G1 X93.186 Y106.569 E12.15584
G1 X93.71 Y106.735 E12.17445
G1 X94.235 Y107.132 E12.19673
G1 X94.759 Y107.933 E12.22913
G1 X95.021 Y108.109 E12.23981
G1 X95.283 Y108.107 E12.24868
G1 X95.807 Y107.94 E12.2673
G1 X96.331 Y107.544 E12.28953
G1 X96.855 Y106.743 E12.32193
G1 X97.117 Y106.567 E12.33261
G1 X97.379 Y106.569 E12.34148
G1 X97.903 Y106.735 E12.36009
G1 X98.428 Y107.132 E12.38237
G1 X98.952 Y107.933 E12.41477
G1 X99.214 Y108.109 E12.42545
G1 X99.476 Y108.107 E12.43432
G1 X100 Y107.94 E12.45294
G1 X100.524 Y107.544 E12.47517
G1 X101.048 Y106.743 E12.50757
G1 X101.31 Y106.567 E12.51825
G1 X101.572 Y106.569 E12.52712
G1 X102.097 Y106.735 E12.54576
G1 X102.621 Y107.132 E12.56801
G1 X103.145 Y107.933 E12.60041
G1 X103.407 Y108.109 E12.61109
G1 X103.669 Y108.107 E12.61996
G1 X104.193 Y107.94 E12.63858
G1 X104.717 Y107.544 E12.66081
G1 X105.241 Y106.743 E12.69321
G1 X105.503 Y106.567 E12.70389
G1 X105.765 Y106.569 E12.71276
G1 X106.29 Y106.735 E12.7314
G1 X106.814 Y107.132 E12.75365
G1 X107.338 Y107.933 E12.78605
G1 X107.6 Y108.109 E12.79673
G1 X107.862 Y108.107 E12.8056
G1 X108.386 Y107.94 E12.82422
G1 X108.91 Y107.544 E12.84645
G1 X109.434 Y106.743 E12.87885
G1 X109.696 Y106.567 E12.88953
G1 X109.958 Y106.569 E12.8984
G1 X110.483 Y106.735 E12.91704
G1 X111.007 Y107.132 E12.93929
G1 X111.531 Y107.933 E12.97169
G1 X111.793 Y108.109 E12.98237
G1 X112.055 Y108.107 E12.99124
G1 X112.579 Y107.94 E13.00986
G1 X113.103 Y107.544 E13.03209
G1 X113.627 Y106.743 E13.06449
G1 X113.889 Y106.567 E13.07517
G1 X114.152 Y106.569 E13.08407
G1 X114.676 Y106.735 E13.10268
G1 X115.2 Y107.132 E13.12493
G1 X115.724 Y107.933 E13.15733
G1 X115.986 Y108.109 E13.16801
G1 X116.248 Y108.107 E13.17688
G1 X116.772 Y107.94 E13.1955
G1 X117.296 Y107.544 E13.21773
G1 X117.82 Y106.743 E13.25013
G1 X118.083 Y106.567 E13.26084
G1 X118.345 Y106.569 E13.26971
G1 X118.869 Y106.735 E13.28832
G1 X119.393 Y107.132 E13.31057
G1 X119.748 Y107.675 E13.33253
G1 X119.748 Y108.726 E13.36811
G1 X119.655 Y108.664 E13.37189
G1 X119.393 Y108.665 E13.38076
G1 X118.869 Y108.832 E13.39938
G1 X118.345 Y109.229 E13.42163
G1 X117.82 Y110.029 E13.45402
G1 X117.558 Y110.205 E13.4647
G1 X117.296 Y110.204 E13.47357
G1 X116.772 Y110.037 E13.49219
G1 X116.248 Y109.64 E13.51444
G1 X115.724 Y108.839 E13.54684
G1 X115.462 Y108.664 E13.5575
G1 X115.2 Y108.665 E13.56637
G1 X114.676 Y108.832 E13.58499
G1 X114.152 Y109.229 E13.60724
G1 X113.627 Y110.029 E13.63963
G1 X113.365 Y110.205 E13.65031
G1 X113.103 Y110.204 E13.65918
G1 X112.579 Y110.037 E13.6778
G1 X112.055 Y109.64 E13.70005
G1 X111.531 Y108.839 E13.73245
G1 X111.269 Y108.664 E13.74311
G1 X111.007 Y108.665 E13.75198
G1 X110.483 Y108.832 E13.7706
G1 X109.958 Y109.229 E13.79288
G1 X109.434 Y110.029 E13.82525
G1 X109.172 Y110.205 E13.83593
G1 X108.91 Y110.204 E13.8448
G1 X108.386 Y110.037 E13.86342
G1 X107.862 Y109.64 E13.88567
G1 X107.338 Y108.839 E13.91807
G1 X107.076 Y108.664 E13.92873
G1 X106.814 Y108.665 E13.9376
G1 X106.29 Y108.832 E13.95622
G1 X105.765 Y109.229 E13.9785
G1 X105.241 Y110.029 E14.01087
G1 X104.979 Y110.205 E14.02155
G1 X104.717 Y110.204 E14.03042
G1 X104.193 Y110.037 E14.04904
G1 X103.669 Y109.64 E14.07129
G1 X103.145 Y108.839 E14.10369
G1 X102.883 Y108.664 E14.11435
G1 X102.621 Y108.665 E14.12322
G1 X102.097 Y108.832 E14.14184
G1 X101.572 Y109.229 E14.16412
G1 X101.048 Y110.029 E14.19649
G1 X100.786 Y110.205 E14.20717
G1 X100.524 Y110.204 E14.21604
G1 X100 Y110.037 E14.23466
G1 X99.476 Y109.64 E14.25691
G1 X98.952 Y108.839 E14.28931
G1 X98.69 Y108.664 E14.29997
G1 X98.428 Y108.665 E14.30884
G1 X97.903 Y108.832 E14.32749
G1 X97.379 Y109.229 E14.34974
G1 X96.855 Y110.029 E14.38211
G1 X96.593 Y110.205 E14.39279
G1 X96.331 Y110.204 E14.40166
G1 X95.807 Y110.037 E14.42028
G1 X95.283 Y109.64 E14.44253
G1 X94.759 Y108.839 E14.47493
G1 X94.497 Y108.664 E14.48559
G1 X94.235 Y108.665 E14.49446
G1 X93.71 Y108.832 E14.51311
G1 X93.186 Y109.229 E14.53536
G1 X92.662 Y110.029 E14.56773
G1 X92.4 Y110.205 E14.57841
G1 X92.138 Y110.204 E14.58728
G1 X91.614 Y110.037 E14.6059
G1 X91.09 Y109.64 E14.62815
G1 X90.566 Y108.839 E14.66055
G1 X90.304 Y108.664 E14.67121
G1 X90.042 Y108.665 E14.68008
G1 X89.517 Y108.832 E14.69873
G1 X88.993 Y109.229 E14.72098
G1 X88.469 Y110.029 E14.75335
G1 X88.207 Y110.205 E14.76403
G1 X87.945 Y110.204 E14.7729
G1 X87.421 Y110.037 E14.79152
G1 X86.897 Y109.64 E14.81377
G1 X86.373 Y108.839 E14.84617
G1 X86.111 Y108.664 E14.85683
G1 X85.848 Y108.665 E14.86573
G1 X85.324 Y108.832 E14.88435
G1 X84.8 Y109.229 E14.9066
G1 X84.276 Y110.029 E14.93897
G1 X84.014 Y110.205 E14.94965
G1 X83.752 Y110.204 E14.95852
G1 X83.228 Y110.037 E14.97714
G1 X82.704 Y109.64 E14.99939
G1 X82.18 Y108.839 E15.03179
G1 X81.918 Y108.664 E15.04245
G1 X81.655 Y108.665 E15.05135
G1 X81.131 Y108.832 E15.06997
G1 X80.607 Y109.229 E15.09222
G1 X80.252 Y109.772 E15.11418
G1 X80.252 Y110.823 E15.14976
G1 X80.345 Y110.76 E15.15356
G1 X80.607 Y110.762 E15.16243
G1 X81.131 Y110.928 E15.18104
G1 X81.655 Y111.325 E15.20329
G1 X82.18 Y112.126 E15.23571
G1 X82.442 Y112.302 E15.24639
G1 X82.704 Y112.3 E15.25526
G1 X83.228 Y112.133 E15.27388
G1 X83.752 Y111.737 E15.29611
G1 X84.276 Y110.936 E15.32851
G1 X84.538 Y110.76 E15.33919
G1 X84.8 Y110.762 E15.34806
G1 X85.324 Y110.928 E15.36667
G1 X85.848 Y111.325 E15.38892
G1 X86.373 Y112.126 E15.42134
G1 X86.635 Y112.302 E15.43202
G1 X86.897 Y112.3 E15.44089
G1 X87.421 Y112.133 E15.45951
G1 X87.945 Y111.737 E15.48174
G1 X88.469 Y110.936 E15.51414
G1 X88.731 Y110.76 E15.52482
G1 X88.993 Y110.762 E15.53369
G1 X89.517 Y110.928 E15.5523
G1 X90.042 Y111.325 E15.57458
G1 X90.566 Y112.126 E15.60698
G1 X90.828 Y112.302 E15.61766
G1 X91.09 Y112.3 E15.62653
G1 X91.614 Y112.133 E15.64515
G1 X92.138 Y111.737 E15.66738
G1 X92.662 Y110.936 E15.69978
G1 X92.924 Y110.76 E15.71046
G1 X93.186 Y110.762 E15.71933
G1 X93.71 Y110.928 E15.73794
G1 X94.235 Y111.325 E15.76022
G1 X94.759 Y112.126 E15.79262
G1 X95.021 Y112.302 E15.8033
G1 X95.283 Y112.3 E15.81217
G1 X95.807 Y112.133 E15.83079
G1 X96.331 Y111.737 E15.85302
G1 X96.855 Y110.936 E15.88542
G1 X97.117 Y110.76 E15.8961
G1 X97.379 Y110.762 E15.90497
G1 X97.903 Y110.928 E15.92358
G1 X98.428 Y111.325 E15.94586
G1 X98.952 Y112.126 E15.97826
G1 X99.214 Y112.302 E15.98894
G1 X99.476 Y112.3 E15.99781
G1 X100 Y112.133 E16.01643
G1 X100.524 Y111.737 E16.03866
G1 X101.048 Y110.936 E16.07106
G1 X101.31 Y110.76 E16.08174
G1 X101.572 Y110.762 E16.09061
G1 X102.097 Y110.928 E16.10925
G1 X102.621 Y111.325 E16.1315
G1 X103.145 Y112.126 E16.1639
G1 X103.407 Y112.302 E16.17458
G1 X103.669 Y112.3 E16.18345
G1 X104.193 Y112.133 E16.20207
G1 X104.717 Y111.737 E16.2243
G1 X105.241 Y110.936 E16.2567
G1 X105.503 Y110.76 E16.26738
G1 X105.765 Y110.762 E16.27625
G1 X106.29 Y110.928 E16.29489
G1 X106.814 Y111.325 E16.31714
G1 X107.338 Y112.126 E16.34954
G1 X107.6 Y112.302 E16.36022
G1 X107.862 Y112.3 E16.36909
G1 X108.386 Y112.133 E16.38771
G1 X108.91 Y111.737 E16.40994
G1 X109.434 Y110.936 E16.44234
G1 X109.696 Y110.76 E16.45302
G1 X109.958 Y110.762 E16.46189
G1 X110.483 Y110.928 E16.48053
G1 X111.007 Y111.325 E16.50278
G1 X111.531 Y112.126 E16.53518
G1 X111.793 Y112.302 E16.54586
G1 X112.055 Y112.3 E16.55473
G1 X112.579 Y112.133 E16.57335
G1 X113.103 Y111.737 E16.59558
G1 X113.627 Y110.936 E16.62798
G1 X113.889 Y110.76 E16.63866
G1 X114.152 Y110.762 E16.64756
G1 X114.676 Y110.928 E16.66617
G1 X115.2 Y111.325 E16.68842
G1 X115.724 Y112.126 E16.72082
G1 X115.986 Y112.302 E16.7315
G1 X116.248 Y112.3 E16.74037
G1 X116.772 Y112.133 E16.75899
G1 X117.296 Y111.737 E16.78122
G1 X117.82 Y110.936 E16.81362
G1 X118.083 Y110.76 E16.82433
G1 X118.345 Y110.762 E16.8332
G1 X118.869 Y110.928 E16.85181
G1 X119.393 Y111.325 E16.87406
G1 X119.748 Y111.868 E16.89602
G1 X119.748 Y112.919 E16.9316
G1 X119.655 Y112.857 E16.93538
G1 X119.393 Y112.858 E16.94425
G1 X118.367 Y113.248 E16.9814
G1 X116.225 Y113.248 E17.0539
G1 X115.462 Y112.857 E17.08292
G1 X115.2 Y112.858 E17.09179
G1 X114.174 Y113.248 E17.12894
G1 X112.032 Y113.248 E17.20144
G1 X111.269 Y112.857 E17.23046
G1 X111.007 Y112.858 E17.23933
G1 X109.981 Y113.248 E17.27648
G1 X107.839 Y113.248 E17.34898
G1 X107.076 Y112.857 E17.378
G1 X106.814 Y112.858 E17.38687
G1 X105.788 Y113.248 E17.42402
G1 X103.646 Y113.248 E17.49652
G1 X102.883 Y112.857 E17.52554
G1 X102.621 Y112.858 E17.53441
G1 X101.595 Y113.248 E17.57156
G1 X99.453 Y113.248 E17.64406
G1 X98.69 Y112.857 E17.67308
G1 X98.428 Y112.858 E17.68195
G1 X97.401 Y113.248 E17.71913
G1 X95.26 Y113.248 E17.7916
G1 X94.497 Y112.857 E17.82062
G1 X94.235 Y112.858 E17.82949
G1 X93.208 Y113.248 E17.86667
G1 X91.067 Y113.248 E17.93914
G1 X90.304 Y112.857 E17.96816
G1 X90.042 Y112.858 E17.97703
G1 X89.015 Y113.248 E18.01421
G1 X86.874 Y113.248 E18.08668
G1 X86.111 Y112.857 E18.1157
G1 X85.848 Y112.858 E18.1246
G1 X84.822 Y113.248 E18.16175
G1 X82.681 Y113.248 E18.23422
G1 X81.918 Y112.857 E18.26324
G1 X81.655 Y112.858 E18.27214
G1 X80.629 Y113.248 E18.30929
G1 X80.252 Y113.248 E18.32205
G1 X80.252 Y111.184 E18.39191
M106 S107.1
;LAYER_CHANGE
;Z:5
;HEIGHT:0.2
G1 E16.39191 F2400
G92 E0
G1 Z5 F7200
G1 X116.844 Y97.576
G1 E2 F2400
;TYPE:Perimeter
;WIDTH:0.449999
G1 F1200
G1 X117.254 Y97.749 E2.01506
G1 X117.719 Y98.047 E2.03375
G1 X118.134 Y98.411 E2.05244
G1 X118.705 Y99.178 E2.08481
G1 X118.873 Y99.504 E2.09722
G1 X119.055 Y100.012 E2.11549
G1 X119.187 Y100.841 E2.1439
G1 X119.187 Y101.159 E2.15466
G1 X119.13 Y101.665 E2.1719
G1 X118.976 Y102.25 E2.19238
G1 X118.636 Y102.946 E2.2186
G1 X118.125 Y103.595 E2.24656
G1 X117.482 Y104.113 E2.27451
G1 X116.948 Y104.398 E2.295
G1 X116.425 Y104.576 E2.3137
G1 X115.659 Y104.687 E2.3399
G1 X115.341 Y104.687 E2.35066
G1 X114.835 Y104.63 E2.3679
G1 X114.25 Y104.476 E2.38838
G1 X113.746 Y104.251 E2.40706
G1 X113.483 Y104.086 E2.41757
G1 X112.975 Y103.686 E2.43946
G1 X112.718 Y103.423 E2.45191
G1 X112.393 Y102.991 E2.47021
G1 X112.209 Y102.663 E2.48294
G1 X111.97 Y102.063 E2.5048
G1 X111.879 Y101.708 E2.5172
G1 X111.814 Y101.171 E2.53551
G1 X111.812 Y100.847 E2.54648
G1 X111.874 Y100.291 E2.56542
G1 X112.02 Y99.763 E2.58396
G1 X112.249 Y99.246 E2.6031
G1 X112.689 Y98.609 E2.62931
G1 X112.905 Y98.375 E2.64009
G1 X113.291 Y98.043 E2.65732
G1 X113.802 Y97.72 E2.67778
G1 X114.345 Y97.503 E2.69757
G1 X114.828 Y97.37 E2.71453
G1 X115.35 Y97.31 E2.73232
G1 X115.931 Y97.332 E2.752
G1 X116.662 Y97.5 E2.77739
G1 X116.789 Y97.553 E2.78205
G1 X116.696 Y97.952 F7200
G1 F1200
G1 X117.077 Y98.116 E2.79609
G1 X117.608 Y98.478 E2.81784
G1 X118.003 Y98.877 E2.83684
G1 X118.37 Y99.409 E2.85872
G1 X118.672 Y100.15 E2.88581
G1 X118.783 Y100.886 E2.911
G1 X118.726 Y101.619 E2.93589
G1 X118.587 Y102.13 E2.95382
G1 X118.276 Y102.756 E2.97748
G1 X117.816 Y103.329 E3.00235
G1 X117.24 Y103.786 E3.02724
G1 X116.771 Y104.031 E3.04515
G1 X116.119 Y104.226 E3.06819
G1 X115.614 Y104.283 E3.08539
G1 X114.881 Y104.226 E3.11028
G1 X114.37 Y104.087 E3.12821
G1 X113.824 Y103.83 E3.14864
G1 X113.227 Y103.367 E3.17421
G1 X113.043 Y103.178 E3.18314
G1 X112.719 Y102.747 E3.20139
G1 X112.587 Y102.512 E3.21051
G1 X112.348 Y101.913 E3.23234
G1 X112.283 Y101.659 E3.24121
G1 X112.218 Y101.122 E3.25952
G1 X112.268 Y100.416 E3.28348
G1 X112.41 Y99.879 E3.30228
G1 X112.616 Y99.423 E3.31922
G1 X113.016 Y98.851 E3.34285
G1 X113.556 Y98.352 E3.36774
G1 X114.005 Y98.072 E3.38565
G1 X114.479 Y97.888 E3.40286
G1 X114.895 Y97.772 E3.41748
G1 X115.449 Y97.712 E3.43634
G1 X115.997 Y97.749 E3.45493
G1 X116.557 Y97.893 E3.4745
G1 X116.641 Y97.929 E3.47759
G1 X116.548 Y98.33 F7200
G1 F1200
G1 X116.98 Y98.528 E3.49368
G1 X117.331 Y98.776 E3.50823
G1 X117.668 Y99.109 E3.52427
G1 X118.035 Y99.64 E3.54612
G1 X118.289 Y100.288 E3.56968
G1 X118.378 Y100.932 E3.59169
G1 X118.321 Y101.574 E3.61351
G1 X118.154 Y102.115 E3.63267
G1 X117.916 Y102.565 E3.6499
G1 X117.508 Y103.063 E3.67169
G1 X116.998 Y103.458 E3.69353
G1 X116.51 Y103.698 E3.71194
G1 X116.074 Y103.821 E3.72727
G1 X115.568 Y103.878 E3.74451
G1 X114.926 Y103.821 E3.76633
G1 X114.405 Y103.665 E3.78474
G1 X113.987 Y103.447 E3.8007
G1 X113.479 Y103.047 E3.82259
G1 X113.044 Y102.502 E3.84619
G1 X112.726 Y101.762 E3.87345
G1 X112.622 Y101.073 E3.89704
G1 X112.672 Y100.46 E3.91786
G1 X112.816 Y99.951 E3.93577
G1 X113.042 Y99.502 E3.95278
G1 X113.344 Y99.092 E3.97002
G1 X113.822 Y98.66 E3.99183
G1 X114.251 Y98.403 E4.00876
G1 X114.793 Y98.209 E4.02825
G1 X115.397 Y98.123 E4.0489
G1 X115.933 Y98.151 E4.06707
G1 X116.452 Y98.286 E4.08522
G1 X116.493 Y98.305 E4.08675
G1 X116.403 Y98.698 F7200
;TYPE:External perimeter
G1 F1200
G1 X116.75 Y98.865 E4.09978
G1 X117.054 Y99.075 E4.11229
G1 X117.333 Y99.34 E4.12531
G1 X117.699 Y99.871 E4.14714
G1 X117.906 Y100.426 E4.16719
G1 X117.974 Y100.977 E4.18598
G1 X117.917 Y101.528 E4.20473
G1 X117.794 Y101.925 E4.2188
G1 X117.557 Y102.375 E4.23602
G1 X117.199 Y102.798 E4.25478
G1 X116.757 Y103.131 E4.27351
G1 X116.39 Y103.309 E4.28732
G1 X116.028 Y103.417 E4.30011
G1 X115.523 Y103.474 E4.31731
G1 X114.972 Y103.417 E4.33606
G1 X114.582 Y103.298 E4.34986
G1 X114.239 Y103.127 E4.36283
G1 X113.731 Y102.727 E4.38472
G1 X113.37 Y102.258 E4.40475
G1 X113.105 Y101.611 E4.42842
G1 X113.026 Y101.024 E4.44847
G1 X113.077 Y100.504 E4.46616
G1 X113.202 Y100.082 E4.48106
G1 X113.369 Y99.743 E4.49385
G1 X113.671 Y99.334 E4.51106
G1 X114.088 Y98.969 E4.52982
G1 X114.447 Y98.762 E4.54385
G1 X114.928 Y98.593 E4.56111
G1 X115.445 Y98.527 E4.57875
G1 X115.891 Y98.557 E4.59388
G1 X116.347 Y98.679 E4.60986
G1 X116.709 Y98.848 F7200
G1 E2.60986 F2400
G92 E0
G1 X112.698 Y88.36 F7200
G1 E2 F2400
;TYPE:Perimeter
G1 F1200
G1 X112.835 Y87.905 E2.01608
G1 X113.042 Y87.502 E2.03142
G1 X113.344 Y87.092 E2.04866
G1 X113.822 Y86.66 E2.07047
G1 X114.291 Y86.385 E2.08887
;WIDTH:0.497676
G1 X114.51 Y86.282 E2.09802
;WIDTH:0.545352
G1 X114.728 Y86.179 E2.10809
G1 X115.05 Y86.142 E2.12163
;WIDTH:0.520218
G1 X115.371 Y86.104 E2.13446
;WIDTH:0.502952
G1 X115.88 Y86.118 E2.15394
G1 X116.184 Y86.207 E2.16606
;WIDTH:0.476476
G1 X116.488 Y86.296 E2.17748
;WIDTH:0.449999
G1 X117.065 Y86.583 E2.19929
G1 X117.493 Y86.92 E2.21773
G1 X117.791 Y87.256 E2.23293
G1 X118.083 Y87.724 E2.2516
G1 X118.289 Y88.288 E2.27192
G1 X118.378 Y88.932 E2.29393
G1 X118.321 Y89.574 E2.31575
G1 X118.123 Y90.187 E2.33755
G1 X117.793 Y90.741 E2.35938
G1 X117.426 Y91.143 E2.3778
G1 X117.085 Y91.406 E2.39238
G1 X116.688 Y91.623 E2.40769
G1 X116.208 Y91.791 E2.4249
G1 X115.569 Y91.878 E2.44673
G1 X114.926 Y91.821 E2.46858
G1 X114.446 Y91.682 E2.48549
G1 X113.935 Y91.417 E2.50497
G1 X113.437 Y91.008 E2.52678
G1 X113.042 Y90.498 E2.54862
G1 X112.815 Y90.046 E2.56574
G1 X112.664 Y89.497 E2.58501
G1 X112.622 Y88.932 E2.60419
G1 X112.679 Y88.426 E2.62143
G1 X112.681 Y88.418 E2.62171
G1 X113.09 Y88.45 F7200
;TYPE:External perimeter
G1 F1200
G1 X113.202 Y88.082 E2.63473
G1 X113.369 Y87.743 E2.64752
G1 X113.671 Y87.334 E2.66473
G1 X114.088 Y86.969 E2.68349
G1 X114.44 Y86.764 E2.69728
G1 X114.799 Y86.628 E2.71027
G1 X115.437 Y86.529 E2.73212
G1 X115.891 Y86.557 E2.74752
G1 X116.383 Y86.689 E2.76476
G1 X116.875 Y86.943 E2.7835
G1 X117.194 Y87.196 E2.79728
G1 X117.447 Y87.474 E2.81
G1 X117.716 Y87.899 E2.82703
G1 X117.906 Y88.426 E2.84599
G1 X117.974 Y88.977 E2.86478
G1 X117.917 Y89.528 E2.88353
G1 X117.739 Y90.053 E2.90229
G1 X117.448 Y90.525 E2.92106
G1 X117.172 Y90.824 E2.93483
G1 X116.881 Y91.053 E2.94736
G1 X116.553 Y91.238 E2.96011
G1 X116.073 Y91.407 E2.97734
G1 X115.523 Y91.474 E2.99609
G1 X114.972 Y91.417 E3.01484
G1 X114.575 Y91.295 E3.0289
G1 X114.125 Y91.057 E3.04613
G1 X113.702 Y90.699 E3.06489
G1 X113.369 Y90.257 E3.08362
G1 X113.189 Y89.883 E3.09767
G1 X113.057 Y89.391 E3.11491
G1 X113.026 Y88.978 E3.12893
G1 X113.079 Y88.509 E3.14491
G1 X113.192 Y88.125 F7200
G1 E1.14491 F2400
G92 E0
G1 X120.054 Y113.554 F7200
G1 E2 F2400
;TYPE:Perimeter
G1 F2700
G1 X79.946 Y113.554 E3.35761
G1 X79.946 Y86.446 E4.27518
G1 X112.839 Y86.446 E5.38857
G1 X112.689 Y86.609 E5.39607
G1 X112.249 Y87.246 E5.42228
G1 X112.024 Y87.75 E5.44096
G1 X111.87 Y88.335 E5.46144
G1 X111.808 Y89.107 E5.48766
G1 X111.878 Y89.708 E5.50814
G1 X112.102 Y90.448 E5.53431
G1 X112.387 Y90.982 E5.5548
G1 X112.689 Y91.391 E5.57201
G1 X112.905 Y91.625 E5.58279
G1 X113.291 Y91.957 E5.60002
G1 X113.698 Y92.212 E5.61628
G1 X114.146 Y92.44 E5.6333
G1 X114.698 Y92.608 E5.65283
G1 X115.291 Y92.682 E5.67306
G1 X115.654 Y92.688 E5.68535
G1 X116.166 Y92.63 E5.70279
G1 X116.571 Y92.526 E5.71694
G1 X117.198 Y92.28 E5.73974
G1 X117.668 Y91.991 E5.75842
G1 X118.089 Y91.634 E5.7771
G1 X118.482 Y91.174 E5.79758
G1 X118.891 Y90.456 E5.82555
G1 X119.13 Y89.665 E5.85352
G1 X119.187 Y89.159 E5.87076
G1 X119.187 Y88.841 E5.88152
G1 X119.055 Y88.012 E5.90993
G1 X118.818 Y87.374 E5.93297
G1 X118.478 Y86.819 E5.955
G1 X118.164 Y86.446 E5.9715
G1 X120.054 Y86.446 E6.03547
G1 X120.054 Y113.494 E6.95101
G1 X120.461 Y113.961 F7200
G1 F2700
G1 X79.539 Y113.961 E8.33617
G1 X79.539 Y86.039 E9.2813
G1 X114.074 Y86.039 E10.45027
G1 X113.557 Y86.352 E10.47073
G1 X113.016 Y86.851 E10.49564
G1 X112.714 Y87.26 E10.51285
G1 X112.413 Y87.87 E10.53587
G1 X112.274 Y88.381 E10.5538
G1 X112.214 Y89.076 E10.57741
G1 X112.271 Y89.602 E10.59532
G1 X112.469 Y90.272 E10.61897
G1 X112.714 Y90.74 E10.63685
G1 X113.171 Y91.316 E10.66174
G1 X113.745 Y91.777 E10.68666
G1 X114.296 Y92.061 E10.70764
G1 X114.783 Y92.21 E10.72488
G1 X115.336 Y92.277 E10.74374
G1 X115.776 Y92.265 E10.75864
G1 X116.342 Y92.175 E10.77804
G1 X116.822 Y92.007 E10.79525
G1 X117.288 Y91.758 E10.81313
G1 X117.791 Y91.357 E10.8349
G1 X118.138 Y90.958 E10.8528
G1 X118.507 Y90.322 E10.87769
G1 X118.726 Y89.619 E10.90261
G1 X118.783 Y88.886 E10.9275
G1 X118.672 Y88.15 E10.95269
G1 X118.451 Y87.549 E10.97436
G1 X118.135 Y87.038 E10.9947
G1 X117.791 Y86.643 E11.01243
G1 X117.414 Y86.328 E11.02906
G1 X116.906 Y86.039 E11.04884
G1 X120.461 Y86.039 E11.16917
G1 X120.461 Y113.901 E12.11226
G1 X120.868 Y114.368 F7200
G1 F2700
G1 X79.132 Y114.368 E13.52497
G1 X79.132 Y85.632 E14.49765
G1 X114.149 Y85.632 E15.68293
;WIDTH:0.497676
G1 X114.419 Y85.656 E15.69318
;WIDTH:0.545352
G1 X114.689 Y85.68 E15.7045
G1 X115.107 Y85.666 E15.72197
;WIDTH:0.518091
G1 X115.524 Y85.652 E15.73846
;WIDTH:0.517048
G1 X116.067 Y85.666 E15.75987
G1 X116.321 Y85.649 E15.76991
;WIDTH:0.483524
G1 X116.575 Y85.632 E15.77924
;WIDTH:0.449999
G1 X120.868 Y85.632 E15.92455
G1 X120.868 Y114.308 E16.8952
G1 X121.275 Y114.775 F7200
;TYPE:External perimeter
G1 F1800
G1 X78.725 Y114.775 E18.33546
G1 X78.725 Y85.225 E19.33569
G1 X121.275 Y85.225 E20.77595
G1 X121.275 Y114.715 E21.77415
G1 X120.879 Y114.774 F7200
G1 E19.77415 F2400
G92 E0
G1 X118.82 Y103.879 F7200
G1 E2 F2400
;TYPE:Internal infill
;WIDTH:0.45
G1 F3300
G1 X119.341 Y103.136 E2.03072
G1 X119.341 Y104.669 E2.08261
G1 X118.869 Y104.695 E2.09861
G1 X118.345 Y104.953 E2.11838
G1 X117.82 Y105.5 E2.14404
G1 X117.296 Y105.817 E2.16477
G1 X116.772 Y105.788 E2.18253
G1 X116.248 Y105.53 E2.2023
G1 X116.081 Y105.355 E2.21049
G1 X115.537 Y105.411 E2.229
G1 X114.737 Y105.337 E2.25619
G1 X113.985 Y105.127 E2.28262
G1 X113.627 Y105.5 E2.30012
G1 X113.103 Y105.817 E2.32085
G1 X112.579 Y105.788 E2.33861
G1 X112.055 Y105.53 E2.35838
G1 X111.531 Y104.982 E2.38404
G1 X111.007 Y104.666 E2.40475
G1 X110.483 Y104.695 E2.42251
G1 X109.958 Y104.953 E2.44231
G1 X109.434 Y105.5 E2.46795
G1 X108.91 Y105.817 E2.48868
G1 X108.386 Y105.788 E2.50644
G1 X107.862 Y105.53 E2.52621
G1 X107.338 Y104.982 E2.55187
G1 X106.814 Y104.666 E2.57258
G1 X106.29 Y104.695 E2.59034
G1 X105.765 Y104.953 E2.61014
G1 X105.241 Y105.5 E2.63578
G1 X104.717 Y105.817 E2.65651
G1 X104.193 Y105.788 E2.67427
G1 X103.669 Y105.53 E2.69404
G1 X103.145 Y104.982 E2.7197
G1 X102.621 Y104.666 E2.74041
G1 X102.097 Y104.695 E2.75817
G1 X101.572 Y104.953 E2.77797
G1 X101.048 Y105.5 E2.80361
G1 X100.524 Y105.817 E2.82434
G1 X100 Y105.788 E2.8421
G1 X99.476 Y105.53 E2.86187
G1 X98.952 Y104.982 E2.88753
G1 X98.428 Y104.666 E2.90824
G1 X97.903 Y104.695 E2.92604
G1 X97.379 Y104.953 E2.94581
G1 X96.855 Y105.5 E2.97145
G1 X96.331 Y105.817 E2.99218
G1 X95.807 Y105.788 E3.00994
G1 X95.283 Y105.53 E3.02971
G1 X94.759 Y104.982 E3.05537
G1 X94.235 Y104.666 E3.07608
G1 X93.71 Y104.695 E3.09388
G1 X93.186 Y104.953 E3.11365
G1 X92.662 Y105.5 E3.13929
G1 X92.138 Y105.817 E3.16002
G1 X91.614 Y105.788 E3.17778
G1 X91.09 Y105.53 E3.19755
G1 X90.566 Y104.982 E3.22321
G1 X90.042 Y104.666 E3.24392
G1 X89.517 Y104.695 E3.26172
G1 X88.993 Y104.953 E3.28149
G1 X88.469 Y105.5 E3.30713
G1 X87.945 Y105.817 E3.32786
G1 X87.421 Y105.788 E3.34562
G1 X86.897 Y105.53 E3.36539
G1 X86.373 Y104.982 E3.39105
G1 X85.848 Y104.666 E3.41179
G1 X85.324 Y104.695 E3.42955
G1 X84.8 Y104.953 E3.44932
G1 X84.276 Y105.5 E3.47496
G1 X83.752 Y105.817 E3.49569
G1 X83.228 Y105.788 E3.51345
G1 X82.704 Y105.53 E3.53322
G1 X82.18 Y104.982 E3.55888
G1 X81.655 Y104.666 E3.57962
G1 X81.131 Y104.695 E3.59738
G1 X80.659 Y104.927 E3.61518
G1 X80.659 Y106.765 E3.67739
G1 X81.131 Y106.791 E3.69339
G1 X81.655 Y107.049 E3.71316
G1 X82.18 Y107.597 E3.73885
G1 X82.704 Y107.913 E3.75956
G1 X83.228 Y107.884 E3.77732
G1 X83.752 Y107.626 E3.79709
G1 X84.276 Y107.079 E3.82273
G1 X84.8 Y106.762 E3.84346
G1 X85.324 Y106.791 E3.86122
G1 X85.848 Y107.049 E3.88099
G1 X86.373 Y107.597 E3.90668
G1 X86.897 Y107.913 E3.92739
G1 X87.421 Y107.884 E3.94515
G1 X87.945 Y107.626 E3.96492
G1 X88.469 Y107.079 E3.99056
G1 X88.993 Y106.762 E4.01129
G1 X89.517 Y106.791 E4.02905
G1 X90.042 Y107.049 E4.04885
G1 X90.566 Y107.597 E4.07451
G1 X91.09 Y107.913 E4.09522
G1 X91.614 Y107.884 E4.11298
G1 X92.138 Y107.626 E4.13275
G1 X92.662 Y107.079 E4.15839
G1 X93.186 Y106.762 E4.17912
G1 X93.71 Y106.791 E4.19688
G1 X94.235 Y107.049 E4.21668
G1 X94.759 Y107.597 E4.24234
G1 X95.283 Y107.913 E4.26305
G1 X95.807 Y107.884 E4.28081
G1 X96.331 Y107.626 E4.30058
G1 X96.855 Y107.079 E4.32622
G1 X97.379 Y106.762 E4.34695
G1 X97.903 Y106.791 E4.36471
G1 X98.428 Y107.049 E4.38451
G1 X98.952 Y107.597 E4.41017
G1 X99.476 Y107.913 E4.43088
G1 X100 Y107.884 E4.44864
G1 X100.524 Y107.626 E4.46841
G1 X101.048 Y107.079 E4.49405
G1 X101.572 Y106.762 E4.51478
G1 X102.097 Y106.791 E4.53258
G1 X102.621 Y107.049 E4.55235
G1 X103.145 Y107.597 E4.57801
G1 X103.669 Y107.913 E4.59872
G1 X104.193 Y107.884 E4.61648
G1 X104.717 Y107.626 E4.63625
G1 X105.241 Y107.079 E4.66189
G1 X105.765 Y106.762 E4.68262
G1 X106.29 Y106.791 E4.70042
G1 X106.814 Y107.049 E4.72019
G1 X107.338 Y107.597 E4.74585
G1 X107.862 Y107.913 E4.76656
G1 X108.386 Y107.884 E4.78432
G1 X108.91 Y107.626 E4.80409
G1 X109.434 Y107.079 E4.82973
G1 X109.958 Y106.762 E4.85046
G1 X110.483 Y106.791 E4.86826
G1 X111.007 Y107.049 E4.88803
G1 X111.531 Y107.597 E4.91369
G1 X112.055 Y107.913 E4.9344
G1 X112.579 Y107.884 E4.95216
G1 X113.103 Y107.626 E4.97193
G1 X113.627 Y107.079 E4.99757
G1 X114.152 Y106.762 E5.01833
G1 X114.676 Y106.791 E5.03609
G1 X115.2 Y107.049 E5.05586
G1 X115.724 Y107.597 E5.08152
G1 X116.248 Y107.913 E5.10223
G1 X116.772 Y107.884 E5.11999
G1 X117.296 Y107.626 E5.13976
G1 X117.82 Y107.079 E5.1654
G1 X118.345 Y106.762 E5.18616
G1 X118.869 Y106.791 E5.20392
G1 X119.341 Y107.024 E5.22174
G1 X119.341 Y108.862 E5.28395
G1 X118.869 Y108.888 E5.29995
G1 X118.345 Y109.146 E5.31972
G1 X117.82 Y109.693 E5.34538
G1 X117.296 Y110.01 E5.36611
G1 X116.772 Y109.981 E5.38387
G1 X116.248 Y109.723 E5.40364
G1 X115.724 Y109.176 E5.42928
G1 X115.2 Y108.859 E5.45001
G1 X114.676 Y108.888 E5.46777
G1 X114.152 Y109.146 E5.48754
G1 X113.627 Y109.693 E5.5132
G1 X113.103 Y110.01 E5.53393
G1 X112.579 Y109.981 E5.55169
G1 X112.055 Y109.723 E5.57146
G1 X111.531 Y109.176 E5.5971
G1 X111.007 Y108.859 E5.61783
G1 X110.483 Y108.888 E5.63559
G1 X109.958 Y109.146 E5.65539
G1 X109.434 Y109.693 E5.68103
G1 X108.91 Y110.01 E5.70176
G1 X108.386 Y109.981 E5.71952
G1 X107.862 Y109.723 E5.73929
G1 X107.338 Y109.176 E5.76493
G1 X106.814 Y108.859 E5.78566
G1 X106.29 Y108.888 E5.80342
G1 X105.765 Y109.146 E5.82322
G1 X105.241 Y109.693 E5.84886
G1 X104.717 Y110.01 E5.86959
G1 X104.193 Y109.981 E5.88735
G1 X103.669 Y109.723 E5.90712
G1 X103.145 Y109.176 E5.93276
G1 X102.621 Y108.859 E5.95349
G1 X102.097 Y108.888 E5.97125
G1 X101.572 Y109.146 E5.99105
G1 X101.048 Y109.693 E6.01669
G1 X100.524 Y110.01 E6.03742
G1 X100 Y109.981 E6.05518
G1 X99.476 Y109.723 E6.07495
G1 X98.952 Y109.176 E6.10059
G1 X98.428 Y108.859 E6.12132
G1 X97.903 Y108.888 E6.13912
G1 X97.379 Y109.146 E6.15889
G1 X96.855 Y109.693 E6.18453
G1 X96.331 Y110.01 E6.20526
G1 X95.807 Y109.981 E6.22302
G1 X95.283 Y109.723 E6.24279
G1 X94.759 Y109.176 E6.26843
G1 X94.235 Y108.859 E6.28916
G1 X93.71 Y108.888 E6.30696
G1 X93.186 Y109.146 E6.32673
G1 X92.662 Y109.693 E6.35237
G1 X92.138 Y110.01 E6.3731
G1 X91.614 Y109.981 E6.39086
G1 X91.09 Y109.723 E6.41063
G1 X90.566 Y109.176 E6.43627
G1 X90.042 Y108.859 E6.457
G1 X89.517 Y108.888 E6.4748
G1 X88.993 Y109.146 E6.49457
G1 X88.469 Y109.693 E6.52021
G1 X87.945 Y110.01 E6.54094
G1 X87.421 Y109.981 E6.5587
G1 X86.897 Y109.723 E6.57847
G1 X86.373 Y109.176 E6.60411
G1 X85.848 Y108.859 E6.62487
G1 X85.324 Y108.888 E6.64263
G1 X84.8 Y109.146 E6.6624
G1 X84.276 Y109.693 E6.68804
G1 X83.752 Y110.01 E6.70877
G1 X83.228 Y109.981 E6.72653
G1 X82.704 Y109.723 E6.7463
G1 X82.18 Y109.176 E6.77194
G1 X81.655 Y108.859 E6.7927
G1 X81.131 Y108.888 E6.81046
G1 X80.659 Y109.121 E6.82828
G1 X80.659 Y110.958 E6.89046
G1 X81.131 Y110.984 E6.90646
G1 X81.655 Y111.242 E6.92623
G1 X82.18 Y111.79 E6.95192
G1 X82.704 Y112.106 E6.97263
G1 X83.228 Y112.077 E6.99039
G1 X83.752 Y111.819 E7.01016
G1 X84.276 Y111.272 E7.0358
G1 X84.8 Y110.955 E7.05653
G1 X85.324 Y110.984 E7.07429
G1 X85.848 Y111.242 E7.09406
G1 X86.373 Y111.79 E7.11975
G1 X86.897 Y112.106 E7.14046
G1 X87.421 Y112.077 E7.15822
G1 X87.945 Y111.819 E7.17799
G1 X88.469 Y111.272 E7.20363
G1 X88.993 Y110.955 E7.22436
G1 X89.517 Y110.984 E7.24212
G1 X90.042 Y111.242 E7.26192
G1 X90.566 Y111.79 E7.28758
G1 X91.09 Y112.106 E7.30829
G1 X91.614 Y112.077 E7.32605
G1 X92.138 Y111.819 E7.34582
G1 X92.662 Y111.272 E7.37146
G1 X93.186 Y110.955 E7.39219
G1 X93.71 Y110.984 E7.40995
G1 X94.235 Y111.242 E7.42975
G1 X94.759 Y111.79 E7.45541
G1 X95.283 Y112.106 E7.47612
G1 X95.807 Y112.077 E7.49388
G1 X96.331 Y111.819 E7.51365
G1 X96.855 Y111.272 E7.53929
G1 X97.379 Y110.955 E7.56002
G1 X97.903 Y110.984 E7.57778
G1 X98.428 Y111.242 E7.59758
G1 X98.952 Y111.79 E7.62324
G1 X99.476 Y112.106 E7.64395
G1 X100 Y112.077 E7.66171
G1 X100.524 Y111.819 E7.68148
G1 X101.048 Y111.272 E7.70712
G1 X101.572 Y110.955 E7.72785
G1 X102.097 Y110.984 E7.74565
G1 X102.621 Y111.242 E7.76542
G1 X103.145 Y111.79 E7.79108
G1 X103.669 Y112.106 E7.81179
G1 X104.193 Y112.077 E7.82955
G1 X104.717 Y111.819 E7.84932
G1 X105.241 Y111.272 E7.87496
G1 X105.765 Y110.955 E7.89569
G1 X106.29 Y110.984 E7.91349
G1 X106.814 Y111.242 E7.93326
G1 X107.338 Y111.79 E7.95892
G1 X107.862 Y112.106 E7.97963
G1 X108.386 Y112.077 E7.99739
G1 X108.91 Y111.819 E8.01716
G1 X109.434 Y111.272 E8.0428
G1 X109.958 Y110.955 E8.06353
G1 X110.483 Y110.984 E8.08133
G1 X111.007 Y111.242 E8.1011
G1 X111.531 Y111.79 E8.12676
G1 X112.055 Y112.106 E8.14747
G1 X112.579 Y112.077 E8.16523
G1 X113.103 Y111.819 E8.185
G1 X113.627 Y111.272 E8.21064
G1 X114.152 Y110.955 E8.2314
G1 X114.676 Y110.984 E8.24916
G1 X115.2 Y111.242 E8.26893
G1 X115.724 Y111.79 E8.29459
G1 X116.248 Y112.106 E8.3153
G1 X116.772 Y112.077 E8.33306
G1 X117.296 Y111.819 E8.35283
G1 X117.82 Y111.272 E8.37847
G1 X118.345 Y110.955 E8.39923
G1 X118.869 Y110.984 E8.41699
G1 X119.341 Y111.217 E8.43481
G1 X119.341 Y112.841 E8.48978
G1 X98.331 Y112.841 E9.20094
G1 X98.242 Y113.062 E9.209
G1 X97.903 Y113.081 E9.22049
G1 X97.408 Y113.248 E9.23817
G1 X96.853 Y113.248 E9.25696
G1 X97.16 Y112.841 E9.27422
G1 X95.783 Y112.841 E9.32083
G1 X96.343 Y113.248 F7200
;TYPE:Solid infill
;WIDTH:0.450008
G1 F2400
G1 X80.455 Y113.248 E9.85863
;WIDTH:0.484932
G1 X80.371 Y113.231 E9.86178
;WIDTH:0.519856
G1 X80.286 Y113.214 E9.86522
G1 X80.269 Y113.129 E9.86866
;WIDTH:0.484933
G1 X80.252 Y113.045 E9.87181
;WIDTH:0.45001
G1 X80.252 Y86.955 E10.75495
;WIDTH:0.48493
G1 X80.269 Y86.871 E10.7581
;WIDTH:0.519852
G1 X80.286 Y86.786 E10.76154
G1 X80.371 Y86.769 E10.76498
;WIDTH:0.48493
G1 X80.455 Y86.752 E10.76813
;WIDTH:0.450008
G1 X111.831 Y86.752 E11.83019
;WIDTH:0.491576
G1 X111.911 Y86.78 E11.83335
;WIDTH:0.533143
G1 X111.99 Y86.808 E11.83677
;WIDTH:0.57471
G1 X112.069 Y86.836 E11.84048
G1 X112.042 Y86.929 E11.84476
;WIDTH:0.541278
G1 X112.014 Y87.023 E11.84882
;WIDTH:0.507845
G1 X111.986 Y87.116 E11.85257
;WIDTH:0.474412
G1 X111.744 Y87.636 E11.87315
;WIDTH:0.4473
G1 X111.572 Y88.278 E11.8955
;WIDTH:0.452778
G1 X111.51 Y88.81 E11.91375
G1 X111.536 Y89.454 E11.93572
;WIDTH:0.43445
G1 X111.637 Y89.995 E11.95364
;WIDTH:0.449522
G1 X111.811 Y90.535 E11.97282
G1 X112.093 Y91.09 E11.99387
;WIDTH:0.450012
G1 X112.534 Y91.683 E12.01889
G1 X113.085 Y92.182 E12.04405
;WIDTH:0.449832
G1 X113.365 Y92.38 E12.05565
;WIDTH:0.449996
G1 X113.92 Y92.672 E12.07688
;WIDTH:0.451138
G1 X114.487 Y92.868 E12.09724
G1 X115.431 Y92.997 E12.12958
;WIDTH:0.445602
G1 X116.111 Y92.944 E12.15242
;WIDTH:0.43114
G1 X116.793 Y92.77 E12.17514
;WIDTH:0.434436
G1 X117.329 Y92.547 E12.19404
G1 X117.836 Y92.231 E12.21349
;WIDTH:0.446466
G1 X118.53 Y91.605 E12.24485
;WIDTH:0.45001
G1 X119.008 Y90.912 E12.27335
G1 X119.241 Y90.381 E12.29298
;WIDTH:0.487998
G1 X119.341 Y90.103 E12.30391
G1 X119.748 Y90.128 E12.319
;WIDTH:0.450008
G1 X119.748 Y99.809 E12.6467
G1 X119.331 Y99.911 E12.66123
;WIDTH:0.476306
G1 X119.555 Y100.021 E12.67022
;WIDTH:0.463058
G1 X119.748 Y99.809 E12.68024
;WIDTH:0.450008
G1 X119.772 Y100.293 E12.69664
;WIDTH:0.403858
G1 X119.788 Y101.033 E12.71885
;WIDTH:0.414594
G1 X119.766 Y101.419 E12.7308
;WIDTH:0.458154
G1 X119.731 Y102.119 E12.755
;WIDTH:0.472733
G1 X119.567 Y101.973 E12.76285
G1 X119.38 Y102.061 E12.77024
;WIDTH:0.491245
G1 X119.434 Y101.829 E12.77912
G1 X119.42 Y101.773 E12.78127
;WIDTH:0.449292
G1 X119.406 Y101.718 E12.78319
;WIDTH:0.407339
G1 X119.461 Y100.983 E12.80552
;WIDTH:0.403858
G1 X119.411 Y100.311 E12.82574
;WIDTH:0.440139
G1 X119.371 Y100.11 E12.83251
;WIDTH:0.476306
G1 X119.331 Y99.911 E12.83982
G1 X119.168 Y99.424 E12.85833
;WIDTH:0.449466
G1 X118.952 Y98.999 E12.87445
;WIDTH:0.450006
G1 X118.602 Y98.492 E12.8953
G1 X118.334 Y98.18 E12.90922
G1 X117.881 Y97.789 E12.92948
G1 X117.374 Y97.469 E12.94977
G1 X116.796 Y97.22 E12.97107
G1 X116.09 Y97.045 E12.99569
;WIDTH:0.466422
G1 X115.325 Y97.014 E13.02265
;WIDTH:0.466838
G1 X114.635 Y97.101 E13.04716
G1 X113.771 Y97.395 E13.07933
;WIDTH:0.45828
G1 X113.196 Y97.731 E13.10233
;WIDTH:0.449956
G1 X112.486 Y98.382 E13.13493
;WIDTH:0.46004
G1 X112.07 Y98.951 E13.15938
G1 X111.766 Y99.565 E13.18314
;WIDTH:0.449982
G1 X111.572 Y100.255 E13.2074
;WIDTH:0.45978
G1 X111.507 Y101.044 E13.23484
G1 X111.576 Y101.743 E13.25919
;WIDTH:0.448988
G1 X111.785 Y102.438 E13.28369
;WIDTH:0.447524
G1 X112.071 Y103.058 E13.30666
G1 X112.554 Y103.7 E13.33369
;WIDTH:0.450016
G1 X112.947 Y104.05 E13.3515
G1 X113.363 Y104.37 E13.36927
G1 X113.939 Y104.675 E13.39133
;WIDTH:0.449808
G1 X114.474 Y104.864 E13.41053
;WIDTH:0.472648
G1 X114.785 Y104.919 E13.42182
G1 X115.509 Y104.999 E13.44785
;WIDTH:0.450032
G1 X115.837 Y104.971 E13.45899
;WIDTH:0.474192
G1 X116.515 Y104.855 E13.48366
G1 X117.056 Y104.682 E13.50403
;WIDTH:0.464572
G1 X117.384 Y104.519 E13.51687
G1 X117.826 Y104.233 E13.53533
;WIDTH:0.458772
G1 X118.366 Y103.782 E13.55966
;WIDTH:0.45023
G1 X118.909 Y103.084 E13.58961
;WIDTH:0.467448
G1 X119.138 Y102.632 E13.6075
G1 X119.38 Y102.061 E13.62939
;WIDTH:0.457338
G1 X119.731 Y102.119 E13.64165
;WIDTH:0.450008
G1 X119.748 Y102.187 E13.64402
G1 X119.748 Y113.045 E14.01156
;WIDTH:0.48493
G1 X119.731 Y113.129 E14.01471
;WIDTH:0.519854
G1 X119.714 Y113.214 E14.01815
G1 X119.629 Y113.231 E14.02159
;WIDTH:0.484931
G1 X119.545 Y113.248 E14.02474
;WIDTH:0.45001
G1 X98.606 Y113.248 E14.73352
G1 E12.73352
G92 E0
G1 X119.341 Y90.103 F7200
G1 E2 F2400
;WIDTH:0.487998
G1 X119.424 Y89.776 E2.01249
;WIDTH:0.469628
G1 X119.418 Y89.732 E2.01407
;WIDTH:0.436708
G1 X119.412 Y89.689 E2.01549
;WIDTH:0.403787
G1 X119.461 Y88.984 E2.0367
;WIDTH:0.420389
G1 X119.443 Y88.603 E2.04867
;WIDTH:0.469841
G1 X119.425 Y88.221 E2.06225
G1 X119.357 Y87.923 E2.0731
G1 X119.556 Y88.025 E2.08104
G1 X119.723 Y87.855 E2.0895
;WIDTH:0.447856
G1 X119.772 Y88.294 E2.10437
;WIDTH:0.403781
G1 X119.788 Y89.032 E2.12652
;WIDTH:0.405053
G1 X119.76 Y89.579 E2.14301
;WIDTH:0.43917
G1 X119.732 Y90.127 E2.16109
;WIDTH:0.469628
G1 X119.564 Y89.979 E2.16903
;WIDTH:0.473337
G1 X119.519 Y90.004 E2.17087
G1 E.17087
G92 E0
G1 X118.97 Y87.018 F7200
G1 E2 F2400
;WIDTH:0.476064
G1 X118.982 Y87.063 E2.00168
;WIDTH:0.44973
G1 X119.104 Y87.267 E2.00972
;WIDTH:0.448348
G1 X119.357 Y87.923 E2.03342
;WIDTH:0.447856
G1 X119.723 Y87.855 E2.04595
;WIDTH:0.470668
G1 X119.738 Y87.819 E2.04734
G1 X119.748 Y86.955 E2.07807
;WIDTH:0.484931
G1 X119.731 Y86.871 E2.08122
;WIDTH:0.519854
G1 X119.714 Y86.786 E2.08466
G1 X119.434 Y86.769 E2.09578
;WIDTH:0.48493
G1 X119.155 Y86.752 E2.10605
;WIDTH:0.497085
G1 X119.075 Y86.775 E2.10919
;WIDTH:0.544164
G1 X118.995 Y86.799 E2.11267
;WIDTH:0.591242
G1 X118.915 Y86.822 E2.11647
G1 E.11647
G92 E0
G1 X119.341 Y94.241 F7200
G1 E2 F2400
;TYPE:Internal infill
;WIDTH:0.45
G1 F3300
G1 X119.341 Y92.09 E2.07281
G1 X118.869 Y92.116 E2.08881
G1 X118.345 Y92.374 E2.10858
G1 X117.82 Y92.921 E2.13424
G1 X117.296 Y93.238 E2.15497
G1 X116.765 Y93.205 E2.17298
G1 X116.33 Y93.321 E2.18822
G1 X115.44 Y93.409 E2.21849
G1 X114.355 Y93.254 E2.25559
G1 E.25559 F2400
G92 E0
G1 X109.978 Y87.159 F7200
G1 E2 F2400
G1 F3300
G1 X111.509 Y87.159 E2.05182
G1 X111.209 Y88.016 E2.08255
G1 X111.007 Y87.894 E2.09054
G1 X110.483 Y87.923 E2.1083
G1 X109.958 Y88.181 E2.1281
G1 X109.434 Y88.728 E2.15374
G1 X108.91 Y89.045 E2.17447
G1 X108.386 Y89.016 E2.19223
G1 X107.862 Y88.758 E2.212
G1 X107.338 Y88.21 E2.23766
G1 X106.814 Y87.894 E2.25837
G1 X106.29 Y87.923 E2.27613
G1 X105.765 Y88.181 E2.29593
G1 X105.241 Y88.728 E2.32157
G1 X104.717 Y89.045 E2.3423
G1 X104.193 Y89.016 E2.36006
G1 X103.669 Y88.758 E2.37983
G1 X103.145 Y88.21 E2.40549
G1 X102.621 Y87.894 E2.4262
G1 X102.097 Y87.923 E2.44396
G1 X101.572 Y88.181 E2.46376
G1 X101.048 Y88.728 E2.4894
G1 X100.524 Y89.045 E2.51013
G1 X100 Y89.016 E2.52789
G1 X99.476 Y88.758 E2.54766
G1 X98.952 Y88.21 E2.57332
G1 X98.428 Y87.894 E2.59403
G1 X97.903 Y87.923 E2.61183
G1 X97.379 Y88.181 E2.6316
G1 X96.855 Y88.728 E2.65724
G1 X96.331 Y89.045 E2.67797
G1 X95.807 Y89.016 E2.69573
G1 X95.283 Y88.758 E2.7155
G1 X94.759 Y88.21 E2.74116
G1 X94.235 Y87.894 E2.76187
G1 X93.71 Y87.923 E2.77967
G1 X93.186 Y88.181 E2.79944
G1 X92.662 Y88.728 E2.82508
G1 X92.138 Y89.045 E2.84581
G1 X91.614 Y89.016 E2.86357
G1 X91.09 Y88.758 E2.88334
G1 X90.566 Y88.21 E2.909
G1 X90.042 Y87.894 E2.92971
G1 X89.517 Y87.923 E2.94751
G1 X88.993 Y88.181 E2.96728
G1 X88.469 Y88.728 E2.99292
G1 X87.945 Y89.045 E3.01365
G1 X87.421 Y89.016 E3.03141
G1 X86.897 Y88.758 E3.05118
G1 X86.373 Y88.21 E3.07684
G1 X85.848 Y87.894 E3.09758
G1 X85.324 Y87.923 E3.11534
G1 X84.8 Y88.181 E3.13511
G1 X84.276 Y88.728 E3.16075
G1 X83.752 Y89.045 E3.18148
G1 X83.228 Y89.016 E3.19924
G1 X82.704 Y88.758 E3.21901
G1 X82.18 Y88.21 E3.24467
G1 X81.655 Y87.894 E3.26541
G1 X81.131 Y87.923 E3.28317
G1 X80.659 Y88.155 E3.30097
G1 X80.659 Y89.993 E3.36318
G1 X81.131 Y90.019 E3.37918
G1 X81.655 Y90.277 E3.39895
G1 X82.18 Y90.825 E3.42464
G1 X82.704 Y91.141 E3.44535
G1 X83.228 Y91.112 E3.46311
G1 X83.752 Y90.854 E3.48288
G1 X84.276 Y90.307 E3.50852
G1 X84.8 Y89.99 E3.52925
G1 X85.324 Y90.019 E3.54701
G1 X85.848 Y90.277 E3.56678
G1 X86.373 Y90.825 E3.59247
G1 X86.897 Y91.141 E3.61318
G1 X87.421 Y91.112 E3.63094
G1 X87.945 Y90.854 E3.65071
G1 X88.469 Y90.307 E3.67635
G1 X88.993 Y89.99 E3.69708
G1 X89.517 Y90.019 E3.71484
G1 X90.042 Y90.277 E3.73464
G1 X90.566 Y90.825 E3.7603
G1 X91.09 Y91.141 E3.78101
G1 X91.614 Y91.112 E3.79877
G1 X92.138 Y90.854 E3.81854
G1 X92.662 Y90.307 E3.84418
G1 X93.186 Y89.99 E3.86491
G1 X93.71 Y90.019 E3.88267
G1 X94.235 Y90.277 E3.90247
G1 X94.759 Y90.825 E3.92813
G1 X95.283 Y91.141 E3.94884
G1 X95.807 Y91.112 E3.9666
G1 X96.331 Y90.854 E3.98637
G1 X96.855 Y90.307 E4.01201
G1 X97.379 Y89.99 E4.03274
G1 X97.903 Y90.019 E4.0505
G1 X98.428 Y90.277 E4.0703
G1 X98.952 Y90.825 E4.09596
G1 X99.476 Y91.141 E4.11667
G1 X100 Y91.112 E4.13443
G1 X100.524 Y90.854 E4.1542
G1 X101.048 Y90.307 E4.17984
G1 X101.572 Y89.99 E4.20057
G1 X102.097 Y90.019 E4.21837
G1 X102.621 Y90.277 E4.23814
G1 X103.145 Y90.825 E4.2638
G1 X103.669 Y91.141 E4.28451
G1 X104.193 Y91.112 E4.30227
G1 X104.717 Y90.854 E4.32204
G1 X105.241 Y90.307 E4.34768
G1 X105.765 Y89.99 E4.36841
G1 X106.29 Y90.019 E4.38621
G1 X106.814 Y90.277 E4.40598
G1 X107.338 Y90.825 E4.43164
G1 X107.862 Y91.141 E4.45235
G1 X108.386 Y91.112 E4.47011
G1 X108.91 Y90.854 E4.48988
G1 X109.434 Y90.307 E4.51552
G1 X109.958 Y89.99 E4.53625
G1 X110.483 Y90.019 E4.55405
G1 X111.007 Y90.277 E4.57382
G1 X111.463 Y90.754 E4.59616
G1 X111.762 Y91.334 E4.61825
G1 X112.311 Y92.037 E4.64844
G1 X112.843 Y92.511 E4.67256
G1 X113.577 Y92.951 E4.70153
G1 X113.103 Y93.238 E4.72029
G1 X112.579 Y93.209 E4.73805
G1 X112.055 Y92.951 E4.75782
G1 X111.531 Y92.403 E4.78348
G1 X111.007 Y92.087 E4.80419
G1 X110.483 Y92.116 E4.82195
G1 X109.958 Y92.374 E4.84175
G1 X109.434 Y92.921 E4.86739
G1 X108.91 Y93.238 E4.88812
G1 X108.386 Y93.209 E4.90588
G1 X107.862 Y92.951 E4.92565
G1 X107.338 Y92.403 E4.95131
G1 X106.814 Y92.087 E4.97202
G1 X106.29 Y92.116 E4.98978
G1 X105.765 Y92.374 E5.00958
G1 X105.241 Y92.921 E5.03522
G1 X104.717 Y93.238 E5.05595
G1 X104.193 Y93.209 E5.07371
G1 X103.669 Y92.951 E5.09348
G1 X103.145 Y92.403 E5.11914
G1 X102.621 Y92.087 E5.13985
G1 X102.097 Y92.116 E5.15761
G1 X101.572 Y92.374 E5.17741
G1 X101.048 Y92.921 E5.20305
G1 X100.524 Y93.238 E5.22378
G1 X100 Y93.209 E5.24154
G1 X99.476 Y92.951 E5.26131
G1 X98.952 Y92.403 E5.28697
G1 X98.428 Y92.087 E5.30768
G1 X97.903 Y92.116 E5.32548
G1 X97.379 Y92.374 E5.34525
G1 X96.855 Y92.921 E5.37089
G1 X96.331 Y93.238 E5.39162
G1 X95.807 Y93.209 E5.40938
G1 X95.283 Y92.951 E5.42915
G1 X94.759 Y92.403 E5.45481
G1 X94.235 Y92.087 E5.47552
G1 X93.71 Y92.116 E5.49332
G1 X93.186 Y92.374 E5.51309
G1 X92.662 Y92.921 E5.53873
G1 X92.138 Y93.238 E5.55946
G1 X91.614 Y93.209 E5.57722
G1 X91.09 Y92.951 E5.59699
G1 X90.566 Y92.403 E5.62265
G1 X90.042 Y92.087 E5.64336
G1 X89.517 Y92.116 E5.66116
G1 X88.993 Y92.374 E5.68093
G1 X88.469 Y92.921 E5.70657
G1 X87.945 Y93.238 E5.7273
G1 X87.421 Y93.209 E5.74506
G1 X86.897 Y92.951 E5.76483
G1 X86.373 Y92.403 E5.79049
G1 X85.848 Y92.087 E5.81123
G1 X85.324 Y92.116 E5.82899
G1 X84.8 Y92.374 E5.84876
G1 X84.276 Y92.921 E5.8744
G1 X83.752 Y93.238 E5.89513
G1 X83.228 Y93.209 E5.91289
G1 X82.704 Y92.951 E5.93266
G1 X82.18 Y92.403 E5.95832
G1 X81.655 Y92.087 E5.97906
G1 X81.131 Y92.116 E5.99682
G1 X80.659 Y92.348 E6.01462
G1 X80.659 Y94.186 E6.07683
G1 X81.131 Y94.212 E6.09283
G1 X81.655 Y94.47 E6.1126
G1 X82.18 Y95.018 E6.13829
G1 X82.704 Y95.334 E6.159
G1 X83.228 Y95.305 E6.17676
G1 X83.752 Y95.047 E6.19653
G1 X84.276 Y94.5 E6.22217
G1 X84.8 Y94.183 E6.2429
G1 X85.324 Y94.212 E6.26066
G1 X85.848 Y94.47 E6.28043
G1 X86.373 Y95.018 E6.30612
G1 X86.897 Y95.334 E6.32683
G1 X87.421 Y95.305 E6.34459
G1 X87.945 Y95.047 E6.36436
G1 X88.469 Y94.5 E6.39
G1 X88.993 Y94.183 E6.41073
G1 X89.517 Y94.212 E6.42849
G1 X90.042 Y94.47 E6.44829
G1 X90.566 Y95.018 E6.47395
G1 X91.09 Y95.334 E6.49466
G1 X91.614 Y95.305 E6.51242
G1 X92.138 Y95.047 E6.53219
G1 X92.662 Y94.5 E6.55783
G1 X93.186 Y94.183 E6.57856
G1 X93.71 Y94.212 E6.59632
G1 X94.235 Y94.47 E6.61612
G1 X94.759 Y95.018 E6.64178
G1 X95.283 Y95.334 E6.66249
G1 X95.807 Y95.305 E6.68025
G1 X96.331 Y95.047 E6.70002
G1 X96.855 Y94.5 E6.72566
G1 X97.379 Y94.183 E6.74639
G1 X97.903 Y94.212 E6.76415
G1 X98.428 Y94.47 E6.78395
G1 X98.952 Y95.018 E6.80961
G1 X99.476 Y95.334 E6.83032
G1 X100 Y95.305 E6.84808
G1 X100.524 Y95.047 E6.86785
G1 X101.048 Y94.5 E6.89349
G1 X101.572 Y94.183 E6.91422
G1 X102.097 Y94.212 E6.93202
G1 X102.621 Y94.47 E6.95179
G1 X103.145 Y95.018 E6.97745
G1 X103.669 Y95.334 E6.99816
G1 X104.193 Y95.305 E7.01592
G1 X104.717 Y95.047 E7.03569
G1 X105.241 Y94.5 E7.06133
G1 X105.765 Y94.183 E7.08206
G1 X106.29 Y94.212 E7.09986
G1 X106.814 Y94.47 E7.11963
G1 X107.338 Y95.018 E7.14529
G1 X107.862 Y95.334 E7.166
G1 X108.386 Y95.305 E7.18376
G1 X108.91 Y95.047 E7.20353
G1 X109.434 Y94.5 E7.22917
G1 X109.958 Y94.183 E7.2499
G1 X110.483 Y94.212 E7.2677
G1 X111.007 Y94.47 E7.28747
G1 X111.531 Y95.018 E7.31313
G1 X112.055 Y95.334 E7.33384
G1 X112.579 Y95.305 E7.3516
G1 X113.103 Y95.047 E7.37137
G1 X113.627 Y94.5 E7.39701
G1 X114.152 Y94.183 E7.41777
G1 X114.676 Y94.212 E7.43553
G1 X115.2 Y94.47 E7.4553
G1 X115.724 Y95.018 E7.48096
G1 X116.248 Y95.334 E7.50167
G1 X116.772 Y95.305 E7.51943
G1 X117.296 Y95.047 E7.5392
G1 X117.82 Y94.5 E7.56484
G1 X118.345 Y94.183 E7.5856
G1 X118.869 Y94.212 E7.60336
G1 X119.341 Y94.445 E7.62118
G1 X119.341 Y96.283 E7.68339
G1 X118.869 Y96.309 E7.69939
G1 X118.345 Y96.567 E7.71916
G1 X117.697 Y97.189 E7.74956
G1 X116.93 Y96.834 E7.77817
G1 X116.187 Y96.644 E7.80413
G1 X115.734 Y96.607 E7.81951
G1 X115.2 Y96.28 E7.84071
G1 X114.676 Y96.309 E7.85847
G1 X114.152 Y96.567 E7.87824
G1 X113.777 Y96.958 E7.89658
G1 X112.931 Y97.421 E7.92922
G1 X112.579 Y97.402 E7.94115
G1 X112.055 Y97.144 E7.96092
G1 X111.531 Y96.596 E7.98658
G1 X111.007 Y96.28 E8.00729
G1 X110.483 Y96.309 E8.02505
G1 X109.958 Y96.567 E8.04485
G1 X109.434 Y97.114 E8.07049
G1 X108.91 Y97.431 E8.09122
G1 X108.386 Y97.402 E8.10898
G1 X107.862 Y97.144 E8.12875
G1 X107.338 Y96.596 E8.15441
G1 X106.814 Y96.28 E8.17512
G1 X106.29 Y96.309 E8.19288
G1 X105.765 Y96.567 E8.21268
G1 X105.241 Y97.114 E8.23832
G1 X104.717 Y97.431 E8.25905
G1 X104.193 Y97.402 E8.27681
G1 X103.669 Y97.144 E8.29658
G1 X103.145 Y96.596 E8.32224
G1 X102.621 Y96.28 E8.34295
G1 X102.097 Y96.309 E8.36071
G1 X101.572 Y96.567 E8.38051
G1 X101.048 Y97.114 E8.40615
G1 X100.524 Y97.431 E8.42688
G1 X100 Y97.402 E8.44464
G1 X99.476 Y97.144 E8.46441
G1 X98.952 Y96.596 E8.49007
G1 X98.428 Y96.28 E8.51078
G1 X97.903 Y96.309 E8.52858
G1 X97.379 Y96.567 E8.54835
G1 X96.855 Y97.114 E8.57399
G1 X96.331 Y97.431 E8.59472
G1 X95.807 Y97.402 E8.61248
G1 X95.283 Y97.144 E8.63225
G1 X94.759 Y96.596 E8.65791
G1 X94.235 Y96.28 E8.67862
G1 X93.71 Y96.309 E8.69642
G1 X93.186 Y96.567 E8.71619
G1 X92.662 Y97.114 E8.74183
G1 X92.138 Y97.431 E8.76256
G1 X91.614 Y97.402 E8.78032
G1 X91.09 Y97.144 E8.80009
G1 X90.566 Y96.596 E8.82575
G1 X90.042 Y96.28 E8.84646
G1 X89.517 Y96.309 E8.86426
G1 X88.993 Y96.567 E8.88403
G1 X88.469 Y97.114 E8.90967
G1 X87.945 Y97.431 E8.9304
G1 X87.421 Y97.402 E8.94816
G1 X86.897 Y97.144 E8.96793
G1 X86.373 Y96.596 E8.99359
G1 X85.848 Y96.28 E9.01433
G1 X85.324 Y96.309 E9.03209
G1 X84.8 Y96.567 E9.05186
G1 X84.276 Y97.114 E9.0775
G1 X83.752 Y97.431 E9.09823
G1 X83.228 Y97.402 E9.11599
G1 X82.704 Y97.144 E9.13576
G1 X82.18 Y96.596 E9.16142
G1 X81.655 Y96.28 E9.18216
G1 X81.131 Y96.309 E9.19992
G1 X80.659 Y96.541 E9.21772
G1 X80.659 Y98.379 E9.27993
G1 X81.131 Y98.405 E9.29593
G1 X81.655 Y98.663 E9.3157
G1 X82.18 Y99.211 E9.34139
G1 X82.704 Y99.527 E9.3621
G1 X83.228 Y99.498 E9.37986
G1 X83.752 Y99.24 E9.39963
G1 X84.276 Y98.693 E9.42527
G1 X84.8 Y98.376 E9.446
G1 X85.324 Y98.405 E9.46376
G1 X85.848 Y98.663 E9.48353
G1 X86.373 Y99.211 E9.50922
G1 X86.897 Y99.527 E9.52993
G1 X87.421 Y99.498 E9.54769
G1 X87.945 Y99.24 E9.56746
G1 X88.469 Y98.693 E9.5931
G1 X88.993 Y98.376 E9.61383
G1 X89.517 Y98.405 E9.63159
G1 X90.042 Y98.663 E9.65139
G1 X90.566 Y99.211 E9.67705
G1 X91.09 Y99.527 E9.69776
G1 X91.614 Y99.498 E9.71552
G1 X92.138 Y99.24 E9.73529
G1 X92.662 Y98.693 E9.76093
G1 X93.186 Y98.376 E9.78166
G1 X93.71 Y98.405 E9.79942
G1 X94.235 Y98.663 E9.81922
G1 X94.759 Y99.211 E9.84488
G1 X95.283 Y99.527 E9.86559
G1 X95.807 Y99.498 E9.88335
G1 X96.331 Y99.24 E9.90312
G1 X96.855 Y98.693 E9.92876
G1 X97.379 Y98.376 E9.94949
G1 X97.903 Y98.405 E9.96725
G1 X98.428 Y98.663 E9.98705
G1 X98.952 Y99.211 E10.01271
G1 X99.476 Y99.527 E10.03342
G1 X100 Y99.498 E10.05118
G1 X100.524 Y99.24 E10.07095
G1 X101.048 Y98.693 E10.09659
G1 X101.572 Y98.376 E10.11732
G1 X102.097 Y98.405 E10.13512
G1 X102.621 Y98.663 E10.15489
G1 X103.145 Y99.211 E10.18055
G1 X103.669 Y99.527 E10.20126
G1 X104.193 Y99.498 E10.21902
G1 X104.717 Y99.24 E10.23879
G1 X105.241 Y98.693 E10.26443
G1 X105.765 Y98.376 E10.28516
G1 X106.29 Y98.405 E10.30296
G1 X106.814 Y98.663 E10.32273
G1 X107.338 Y99.211 E10.34839
G1 X107.862 Y99.527 E10.3691
G1 X108.386 Y99.498 E10.38686
G1 X108.91 Y99.24 E10.40663
G1 X109.434 Y98.693 E10.43227
G1 X109.958 Y98.376 E10.453
G1 X110.483 Y98.405 E10.4708
G1 X111.007 Y98.663 E10.49057
G1 X111.499 Y99.178 E10.51468
G1 X111.172 Y100.159 E10.54968
G1 X111.134 Y100.549 E10.56294
G1 X111.007 Y100.473 E10.56795
G1 X110.483 Y100.502 E10.58571
G1 X109.958 Y100.76 E10.60551
G1 X109.434 Y101.307 E10.63115
G1 X108.91 Y101.624 E10.65188
G1 X108.386 Y101.595 E10.66964
G1 X107.862 Y101.337 E10.68941
G1 X107.338 Y100.789 E10.71507
G1 X106.814 Y100.473 E10.73578
G1 X106.29 Y100.502 E10.75354
G1 X105.765 Y100.76 E10.77334
G1 X105.241 Y101.307 E10.79898
G1 X104.717 Y101.624 E10.81971
G1 X104.193 Y101.595 E10.83747
G1 X103.669 Y101.337 E10.85724
G1 X103.145 Y100.789 E10.8829
G1 X102.621 Y100.473 E10.90361
G1 X102.097 Y100.502 E10.92137
G1 X101.572 Y100.76 E10.94117
G1 X101.048 Y101.307 E10.96681
G1 X100.524 Y101.624 E10.98754
G1 X100 Y101.595 E11.0053
G1 X99.476 Y101.337 E11.02507
G1 X98.952 Y100.789 E11.05073
G1 X98.428 Y100.473 E11.07144
G1 X97.903 Y100.502 E11.08924
G1 X97.379 Y100.76 E11.10901
G1 X96.855 Y101.307 E11.13465
G1 X96.331 Y101.624 E11.15538
G1 X95.807 Y101.595 E11.17314
G1 X95.283 Y101.337 E11.19291
G1 X94.759 Y100.789 E11.21857
G1 X94.235 Y100.473 E11.23928
G1 X93.71 Y100.502 E11.25708
G1 X93.186 Y100.76 E11.27685
G1 X92.662 Y101.307 E11.30249
G1 X92.138 Y101.624 E11.32322
G1 X91.614 Y101.595 E11.34098
G1 X91.09 Y101.337 E11.36075
G1 X90.566 Y100.789 E11.38641
G1 X90.042 Y100.473 E11.40712
G1 X89.517 Y100.502 E11.42492
G1 X88.993 Y100.76 E11.44469
G1 X88.469 Y101.307 E11.47033
G1 X87.945 Y101.624 E11.49106
G1 X87.421 Y101.595 E11.50882
G1 X86.897 Y101.337 E11.52859
G1 X86.373 Y100.789 E11.55425
G1 X85.848 Y100.473 E11.57499
G1 X85.324 Y100.502 E11.59275
G1 X84.8 Y100.76 E11.61252
G1 X84.276 Y101.307 E11.63816
G1 X83.752 Y101.624 E11.65889
G1 X83.228 Y101.595 E11.67665
G1 X82.704 Y101.337 E11.69642
G1 X82.18 Y100.789 E11.72208
G1 X81.655 Y100.473 E11.74282
G1 X81.131 Y100.502 E11.76058
G1 X80.659 Y100.734 E11.77838
G1 X80.659 Y102.572 E11.84059
G1 X81.131 Y102.598 E11.85659
G1 X81.655 Y102.856 E11.87636
G1 X82.18 Y103.404 E11.90205
G1 X82.704 Y103.72 E11.92276
G1 X83.228 Y103.691 E11.94052
G1 X83.752 Y103.433 E11.96029
G1 X84.276 Y102.886 E11.98593
G1 X84.8 Y102.569 E12.00666
G1 X85.324 Y102.598 E12.02442
G1 X85.848 Y102.856 E12.04419
G1 X86.373 Y103.404 E12.06988
G1 X86.897 Y103.72 E12.09059
G1 X87.421 Y103.691 E12.10835
G1 X87.945 Y103.433 E12.12812
G1 X88.469 Y102.886 E12.15376
G1 X88.993 Y102.569 E12.17449
G1 X89.517 Y102.598 E12.19225
G1 X90.042 Y102.856 E12.21205
G1 X90.566 Y103.404 E12.23771
G1 X91.09 Y103.72 E12.25842
G1 X91.614 Y103.691 E12.27618
G1 X92.138 Y103.433 E12.29595
G1 X92.662 Y102.886 E12.32159
G1 X93.186 Y102.569 E12.34232
G1 X93.71 Y102.598 E12.36008
G1 X94.235 Y102.856 E12.37988
G1 X94.759 Y103.404 E12.40554
G1 X95.283 Y103.72 E12.42625
G1 X95.807 Y103.691 E12.44401
G1 X96.331 Y103.433 E12.46378
G1 X96.855 Y102.886 E12.48942
G1 X97.379 Y102.569 E12.51015
G1 X97.903 Y102.598 E12.52791
G1 X98.428 Y102.856 E12.54771
G1 X98.952 Y103.404 E12.57337
G1 X99.476 Y103.72 E12.59408
G1 X100 Y103.691 E12.61184
G1 X100.524 Y103.433 E12.63161
G1 X101.048 Y102.886 E12.65725
G1 X101.572 Y102.569 E12.67798
G1 X102.097 Y102.598 E12.69578
G1 X102.621 Y102.856 E12.71555
G1 X103.145 Y103.404 E12.74121
G1 X103.669 Y103.72 E12.76192
G1 X104.193 Y103.691 E12.77968
G1 X104.717 Y103.433 E12.79945
G1 X105.241 Y102.886 E12.82509
G1 X105.765 Y102.569 E12.84582
G1 X106.29 Y102.598 E12.86362
G1 X106.814 Y102.856 E12.88339
G1 X107.338 Y103.404 E12.90905
G1 X107.862 Y103.72 E12.92976
G1 X108.386 Y103.691 E12.94752
G1 X108.91 Y103.433 E12.96729
G1 X109.434 Y102.886 E12.99293
G1 X109.958 Y102.569 E13.01366
G1 X110.483 Y102.598 E13.03146
G1 X111.007 Y102.856 E13.05123
G1 X111.531 Y103.404 E13.07689
G1 X112.058 Y103.72 E13.09769
G1 X112.297 Y104.027 E13.11086
G1 X113.142 Y104.714 E13.14772
G1 X113.794 Y105.057 E13.17266
M107
;LAYER_CHANGE
;Z:5.2
;HEIGHT:0.2
G1 E11.17266 F2400
G92 E0
G1 Z5.2 F7200
G1 X116.845 Y97.573
G1 E2 F2400
;TYPE:Perimeter
;WIDTH:0.449999
G1 F1200
G1 X117.254 Y97.749 E2.01507
G1 X117.719 Y98.047 E2.03376
G1 X118.134 Y98.411 E2.05245
G1 X118.708 Y99.184 E2.08504
G1 X118.876 Y99.511 E2.09748
G1 X119.056 Y100.014 E2.11556
G1 X119.187 Y100.84 E2.14387
G1 X119.187 Y101.159 E2.15467
G1 X119.13 Y101.665 E2.17191
G1 X118.976 Y102.25 E2.19239
G1 X118.636 Y102.946 E2.21861
G1 X118.125 Y103.595 E2.24657
G1 X117.482 Y104.113 E2.27452
G1 X116.948 Y104.398 E2.29501
G1 X116.426 Y104.576 E2.31368
G1 X115.66 Y104.687 E2.33988
G1 X115.341 Y104.687 E2.35068
G1 X114.835 Y104.63 E2.36792
G1 X114.25 Y104.476 E2.3884
G1 X113.554 Y104.136 E2.41462
G1 X113.291 Y103.956 E2.42541
G1 X112.905 Y103.625 E2.44262
G1 X112.689 Y103.391 E2.4534
G1 X112.387 Y102.982 E2.47061
G1 X112.102 Y102.448 E2.4911
G1 X111.878 Y101.708 E2.51727
G1 X111.808 Y101.106 E2.53778
G1 X111.864 Y100.366 E2.5629
G1 X112.021 Y99.761 E2.58406
G1 X112.249 Y99.246 E2.60312
G1 X112.533 Y98.801 E2.62099
G1 X112.75 Y98.544 E2.63238
G1 X113.226 Y98.099 E2.65444
G1 X113.683 Y97.789 E2.67313
G1 X114.043 Y97.609 E2.68675
G1 X114.524 Y97.441 E2.704
G1 X115.309 Y97.314 E2.73092
G1 X115.933 Y97.332 E2.75205
G1 X116.698 Y97.509 E2.77863
G1 X116.79 Y97.549 E2.78203
G1 X116.698 Y97.949 F7200
G1 F1200
G1 X117.077 Y98.116 E2.79605
G1 X117.608 Y98.478 E2.8178
G1 X118.004 Y98.878 E2.83685
G1 X118.373 Y99.415 E2.8589
G1 X118.673 Y100.151 E2.8858
G1 X118.783 Y100.885 E2.91092
G1 X118.726 Y101.619 E2.93584
G1 X118.587 Y102.13 E2.95377
G1 X118.276 Y102.756 E2.97743
G1 X117.816 Y103.329 E3.0023
G1 X117.24 Y103.786 E3.02719
G1 X116.771 Y104.031 E3.0451
G1 X116.12 Y104.226 E3.0681
G1 X115.615 Y104.283 E3.0853
G1 X114.881 Y104.226 E3.11022
G1 X114.37 Y104.087 E3.12815
G1 X113.744 Y103.776 E3.15181
G1 X113.171 Y103.316 E3.17668
G1 X112.714 Y102.74 E3.20157
G1 X112.469 Y102.272 E3.21945
G1 X112.271 Y101.602 E3.2431
G1 X112.214 Y101.076 E3.26101
G1 X112.269 Y100.41 E3.28363
G1 X112.411 Y99.878 E3.30227
G1 X112.644 Y99.368 E3.32125
G1 X112.967 Y98.904 E3.34039
G1 X113.504 Y98.396 E3.36541
G1 X113.998 Y98.076 E3.38533
G1 X114.479 Y97.888 E3.40281
G1 X114.892 Y97.773 E3.41732
G1 X115.389 Y97.715 E3.43426
G1 X115.906 Y97.738 E3.45178
G1 X116.593 Y97.902 E3.47569
G1 X116.643 Y97.924 E3.47754
G1 X116.55 Y98.325 F7200
G1 F1200
G1 X116.98 Y98.528 E3.49364
G1 X117.331 Y98.776 E3.50819
G1 X117.668 Y99.109 E3.52423
G1 X118.038 Y99.645 E3.54628
G1 X118.289 Y100.288 E3.56964
G1 X118.378 Y100.931 E3.59161
G1 X118.321 Y101.574 E3.61346
G1 X118.154 Y102.115 E3.63262
G1 X117.916 Y102.565 E3.64985
G1 X117.508 Y103.063 E3.67164
G1 X116.998 Y103.458 E3.69348
G1 X116.51 Y103.698 E3.71189
G1 X116.074 Y103.821 E3.72722
G1 X115.569 Y103.878 E3.74442
G1 X114.926 Y103.821 E3.76627
G1 X114.385 Y103.654 E3.78543
G1 X113.935 Y103.416 E3.80266
G1 X113.437 Y103.008 E3.82445
G1 X113.042 Y102.498 E3.84629
G1 X112.813 Y102.041 E3.86359
G1 X112.664 Y101.497 E3.88268
G1 X112.619 Y100.959 E3.90095
G1 X112.674 Y100.454 E3.91814
G1 X112.816 Y99.951 E3.93583
G1 X113.028 Y99.52 E3.95209
G1 X113.306 Y99.138 E3.96808
G1 X113.782 Y98.693 E3.99014
G1 X114.251 Y98.403 E4.0088
G1 X114.793 Y98.209 E4.02829
G1 X115.403 Y98.123 E4.04914
G1 X115.941 Y98.152 E4.06738
G1 X116.488 Y98.296 E4.08653
G1 X116.496 Y98.299 E4.08682
G1 X116.403 Y98.698 F7200
;TYPE:External perimeter
G1 F1200
G1 X116.75 Y98.865 E4.09985
G1 X117.054 Y99.075 E4.11236
G1 X117.333 Y99.34 E4.12538
G1 X117.702 Y99.876 E4.14741
G1 X117.906 Y100.426 E4.16727
G1 X117.974 Y100.977 E4.18606
G1 X117.917 Y101.528 E4.20481
G1 X117.794 Y101.925 E4.21888
G1 X117.557 Y102.375 E4.2361
G1 X117.199 Y102.798 E4.25486
G1 X116.757 Y103.131 E4.27359
G1 X116.39 Y103.309 E4.2874
G1 X116.029 Y103.417 E4.30015
G1 X115.523 Y103.474 E4.31739
G1 X114.972 Y103.417 E4.33614
G1 X114.575 Y103.294 E4.35021
G1 X114.125 Y103.057 E4.36743
G1 X113.702 Y102.699 E4.38619
G1 X113.369 Y102.257 E4.40492
G1 X113.189 Y101.883 E4.41897
G1 X113.057 Y101.391 E4.43621
G1 X113.026 Y100.978 E4.45023
G1 X113.082 Y100.474 E4.46739
G1 X113.202 Y100.082 E4.48127
G1 X113.365 Y99.75 E4.49379
G1 X113.585 Y99.436 E4.50677
G1 X114.061 Y98.99 E4.52885
G1 X114.447 Y98.762 E4.54402
G1 X114.928 Y98.593 E4.56128
G1 X115.451 Y98.527 E4.57912
G1 X115.892 Y98.558 E4.59408
G1 X116.347 Y98.679 E4.61002
G1 X116.709 Y98.848 F7200
G1 E2.61002 F2400
G92 E0
G1 X112.701 Y88.361 F7200
G1 E2 F2400
;TYPE:Perimeter
G1 F1200
G1 X112.835 Y87.905 E2.01609
G1 X113.042 Y87.502 E2.03143
G1 X113.344 Y87.092 E2.04867
G1 X113.822 Y86.66 E2.07048
G1 X114.291 Y86.385 E2.08888
;WIDTH:0.497639
G1 X114.51 Y86.282 E2.09803
;WIDTH:0.545279
G1 X114.729 Y86.179 E2.10814
G1 X115.053 Y86.141 E2.12177
;WIDTH:0.520094
G1 X115.377 Y86.104 E2.13471
;WIDTH:0.502998
G1 X115.881 Y86.118 E2.154
G1 X116.184 Y86.207 E2.16608
;WIDTH:0.476499
G1 X116.488 Y86.296 E2.1775
;WIDTH:0.449999
G1 X117.065 Y86.583 E2.19931
G1 X117.493 Y86.92 E2.21775
G1 X117.793 Y87.258 E2.23305
G1 X118.063 Y87.689 E2.25027
G1 X118.291 Y88.293 E2.27212
G1 X118.378 Y88.932 E2.29395
G1 X118.321 Y89.573 E2.31573
G1 X118.123 Y90.188 E2.3376
G1 X117.81 Y90.718 E2.35843
G1 X117.426 Y91.142 E2.37779
G1 X117.065 Y91.417 E2.39315
G1 X116.615 Y91.654 E2.41037
G1 X115.997 Y91.836 E2.43218
G1 X115.484 Y91.882 E2.44961
G1 X114.926 Y91.821 E2.46861
G1 X114.446 Y91.682 E2.48552
G1 X113.935 Y91.417 E2.505
G1 X113.437 Y91.008 E2.52681
G1 X113.056 Y90.518 E2.54782
G1 X112.802 Y90.01 E2.56704
G1 X112.679 Y89.574 E2.58237
G1 X112.622 Y89.068 E2.59961
G1 X112.674 Y88.454 E2.62047
G1 X112.684 Y88.419 E2.6217
G1 X113.092 Y88.45 F7200
;TYPE:External perimeter
G1 F1200
G1 X113.202 Y88.082 E2.6347
G1 X113.369 Y87.743 E2.64749
G1 X113.671 Y87.334 E2.6647
G1 X114.088 Y86.969 E2.68346
G1 X114.44 Y86.764 E2.69725
G1 X114.799 Y86.628 E2.71024
G1 X115.443 Y86.528 E2.7323
G1 X115.891 Y86.557 E2.7475
G1 X116.382 Y86.689 E2.76471
G1 X116.875 Y86.943 E2.78348
G1 X117.194 Y87.196 E2.79726
G1 X117.448 Y87.475 E2.81003
G1 X117.719 Y87.906 E2.82726
G1 X117.907 Y88.427 E2.84601
G1 X117.974 Y88.977 E2.86476
G1 X117.917 Y89.528 E2.88351
G1 X117.739 Y90.053 E2.90227
G1 X117.464 Y90.503 E2.92012
G1 X117.172 Y90.824 E2.93481
G1 X116.875 Y91.057 E2.94759
G1 X116.425 Y91.294 E2.96481
G1 X115.891 Y91.443 E2.98358
G1 X115.436 Y91.469 E2.99901
G1 X114.935 Y91.409 E3.01609
G1 X114.575 Y91.295 E3.02887
G1 X114.125 Y91.057 E3.0461
G1 X113.702 Y90.699 E3.06486
G1 X113.383 Y90.276 E3.08279
G1 X113.191 Y89.89 E3.09738
G1 X113.083 Y89.529 E3.11013
G1 X113.026 Y89.022 E3.1274
G1 X113.077 Y88.508 E3.14488
G1 X113.192 Y88.125 F7200
G1 E1.14488 F2400
G92 E0
G1 X120.054 Y113.554 F7200
G1 E2 F2400
;TYPE:Perimeter
G1 F2700
G1 X79.946 Y113.554 E3.35761
G1 X79.946 Y86.446 E4.27518
G1 X112.839 Y86.446 E5.38857
G1 X112.689 Y86.609 E5.39607
G1 X112.249 Y87.246 E5.42228
G1 X112.021 Y87.761 E5.44134
G1 X111.864 Y88.366 E5.4625
G1 X111.813 Y89.159 E5.4894
G1 X111.924 Y89.926 E5.51563
G1 X112.102 Y90.448 E5.5343
G1 X112.387 Y90.982 E5.55479
G1 X112.689 Y91.391 E5.572
G1 X112.905 Y91.625 E5.58278
G1 X113.291 Y91.957 E5.60001
G1 X113.667 Y92.196 E5.61509
G1 X114.251 Y92.476 E5.63701
G1 X114.835 Y92.63 E5.65745
G1 X115.607 Y92.692 E5.68367
G1 X116.207 Y92.622 E5.70412
G1 X116.995 Y92.374 E5.73208
G1 X117.668 Y91.991 E5.75829
G1 X118.097 Y91.626 E5.77736
G1 X118.501 Y91.149 E5.79852
G1 X118.891 Y90.456 E5.82544
G1 X119.13 Y89.664 E5.85344
G1 X119.187 Y89.159 E5.87064
G1 X119.187 Y88.841 E5.8814
G1 X119.059 Y88.024 E5.90939
G1 X118.891 Y87.543 E5.92664
G1 X118.753 Y87.256 E5.93742
G1 X118.482 Y86.825 E5.95465
G1 X118.164 Y86.446 E5.9714
G1 X120.054 Y86.446 E6.03537
G1 X120.054 Y113.494 E6.95091
G1 X120.461 Y113.961 F7200
G1 F2700
G1 X79.539 Y113.961 E8.33607
G1 X79.539 Y86.039 E9.2812
G1 X114.074 Y86.039 E10.45017
G1 X113.556 Y86.352 E10.47066
G1 X113.016 Y86.851 E10.49555
G1 X112.714 Y87.26 E10.51276
G1 X112.411 Y87.878 E10.53606
G1 X112.269 Y88.41 E10.5547
G1 X112.217 Y89.114 E10.57859
G1 X112.274 Y89.62 E10.59583
G1 X112.469 Y90.271 E10.61883
G1 X112.728 Y90.76 E10.63756
G1 X113.171 Y91.316 E10.66162
G1 X113.557 Y91.648 E10.67885
G1 X113.857 Y91.836 E10.69083
G1 X114.371 Y92.087 E10.71019
G1 X114.881 Y92.226 E10.72808
G1 X115.576 Y92.286 E10.75169
G1 X116.102 Y92.229 E10.7696
G1 X116.805 Y92.014 E10.79448
G1 X117.255 Y91.777 E10.8117
G1 X117.797 Y91.351 E10.83503
G1 X118.155 Y90.934 E10.85363
G1 X118.507 Y90.322 E10.87753
G1 X118.726 Y89.619 E10.90245
G1 X118.783 Y88.886 E10.92734
G1 X118.675 Y88.158 E10.95225
G1 X118.408 Y87.472 E10.97717
G1 X118.137 Y87.042 E10.99437
G1 X117.791 Y86.643 E11.01225
G1 X117.414 Y86.328 E11.02888
G1 X116.906 Y86.039 E11.04866
G1 X120.461 Y86.039 E11.16899
G1 X120.461 Y113.901 E12.11208
G1 X120.868 Y114.368 F7200
G1 F2700
G1 X79.132 Y114.368 E13.52479
G1 X79.132 Y85.632 E14.49747
G1 X114.149 Y85.632 E15.68275
;WIDTH:0.497639
G1 X114.42 Y85.656 E15.69304
;WIDTH:0.545279
G1 X114.69 Y85.68 E15.70436
G1 X115.111 Y85.666 E15.72196
;WIDTH:0.518025
G1 X115.531 Y85.652 E15.73856
;WIDTH:0.517044
G1 X116.067 Y85.666 E15.7597
G1 X116.321 Y85.649 E15.76974
;WIDTH:0.483522
G1 X116.575 Y85.632 E15.77907
;WIDTH:0.449999
G1 X120.868 Y85.632 E15.92438
G1 X120.868 Y114.308 E16.89503
G1 X121.275 Y114.775 F7200
;TYPE:External perimeter
G1 F1800
G1 X78.725 Y114.775 E18.33529
G1 X78.725 Y85.225 E19.33552
G1 X121.275 Y85.225 E20.77578
G1 X121.275 Y114.715 E21.77398
G1 X120.879 Y114.774 F7200
G1 E19.77398 F2400
G92 E0
G1 X119.117 Y113.429 F7200
G1 E2 F2400
;TYPE:Bridge infill
;WIDTH:0.403377
;HEIGHT:0.4
M106 S255
G1 F1500
G1 X119.727 Y112.621 E2.05379
G1 X119.727 Y111.869 E2.09374
G1 X118.702 Y113.227 E2.18414
G1 X118.134 Y113.227 E2.21432
G1 X119.727 Y111.116 E2.35483
G1 X119.727 Y110.363 E2.39484
G1 X117.566 Y113.227 E2.58546
G1 X116.998 Y113.227 E2.61564
G1 X119.727 Y109.611 E2.85633
G1 X119.727 Y108.858 E2.89634
G1 X116.43 Y113.227 E3.18715
G1 X115.862 Y113.227 E3.21733
G1 X119.727 Y108.106 E3.55821
G1 X119.727 Y107.353 E3.59822
G1 X115.294 Y113.227 E3.98921
G1 X114.726 Y113.227 E4.01939
G1 X119.727 Y106.6 E4.46049
G1 X119.727 Y105.848 E4.50044
G1 X114.158 Y113.227 E4.99161
G1 X113.59 Y113.227 E5.02179
G1 X119.727 Y105.095 E5.56308
G1 X119.727 Y104.343 E5.60303
G1 X113.022 Y113.227 E6.19439
G1 X112.454 Y113.227 E6.22457
G1 X119.727 Y103.59 E6.86604
G1 X119.727 Y102.837 E6.90605
G1 X111.886 Y113.227 E7.59764
G1 X111.318 Y113.227 E7.62782
G1 X119.727 Y102.085 E8.36948
G1 X119.727 Y101.332 E8.40949
G1 X119.452 Y101.697 E8.43377
G1 X119.44 Y101.81 E8.43981
G1 X119.287 Y102.35 E8.46963
G1 X119.166 Y102.643 E8.48647
G1 X118.922 Y103.105 E8.51423
G1 X118.709 Y103.417 E8.5343
G1 X118.368 Y103.813 E8.56207
G1 X118.091 Y104.07 E8.58215
G1 X117.671 Y104.38 E8.60989
G1 X117.248 Y104.616 E8.63563
G1 X110.75 Y113.227 E9.20879
G1 X110.182 Y113.227 E9.23897
G1 X116.466 Y104.9 E9.79323
G1 X116.207 Y104.954 E9.80729
G1 X115.828 Y104.993 E9.82753
G1 X109.613 Y113.227 E10.37564
G1 X109.045 Y113.227 E10.40582
G1 X115.257 Y104.997 E10.95366
G1 X114.731 Y104.942 E10.98176
G1 X108.477 Y113.227 E11.53328
G1 X107.909 Y113.227 E11.56346
G1 X114.255 Y104.819 E12.12314
G1 X113.819 Y104.645 E12.14808
G1 X107.341 Y113.227 E12.71937
G1 X106.773 Y113.227 E12.74955
G1 X113.417 Y104.425 E13.33548
G1 X113.229 Y104.322 E13.34687
G1 X113.046 Y104.164 E13.35972
G1 X106.205 Y113.227 E13.96302
G1 X105.637 Y113.227 E13.9932
G1 X112.702 Y103.867 E14.61627
G1 X112.547 Y103.734 E14.62712
G1 X112.392 Y103.525 E14.64094
G1 X105.069 Y113.227 E15.28677
G1 X104.501 Y113.227 E15.31695
G1 X112.111 Y103.145 E15.98808
G1 X112.03 Y103.037 E15.99525
G1 X111.872 Y102.708 E16.01464
G1 X103.933 Y113.227 E16.71483
G1 X103.365 Y113.227 E16.74501
G1 X111.68 Y102.21 E17.47836
G1 X111.533 Y101.653 E17.50897
G1 X102.797 Y113.227 E18.27941
G1 X102.229 Y113.227 E18.30959
G1 X111.714 Y100.661 E19.14607
M107
G1 E17.14607 F2400
G92 E0
G1 X119.306 Y101.138 F7200
G1 E2 F2400
M106 S255
G1 F1500
G1 X119.727 Y100.58 E2.03714
G1 X119.727 Y99.827 E2.07715
G1 X119.436 Y100.213 E2.10283
G1 X119.366 Y99.91 E2.11935
G1 X119.279 Y99.668 E2.13301
G1 X119.727 Y99.074 E2.17254
G1 X119.727 Y98.322 E2.21249
G1 X119.075 Y99.186 E2.27
G1 X118.982 Y99.005 E2.28081
G1 X118.82 Y98.771 E2.29593
G1 X119.727 Y97.569 E2.37593
G1 X119.727 Y96.817 E2.41588
G1 X118.543 Y98.386 E2.52031
G1 X118.36 Y98.174 E2.53519
G1 X118.224 Y98.056 E2.54476
G1 X119.727 Y96.064 E2.67734
G1 X119.727 Y95.311 E2.71735
G1 X117.878 Y97.761 E2.88043
G1 X117.495 Y97.517 E2.90456
G1 X119.727 Y94.559 E3.10144
G1 X119.727 Y93.806 E3.14145
G1 X117.086 Y97.306 E3.37441
G1 X116.814 Y97.202 E3.38988
G1 X116.632 Y97.155 E3.39987
G1 X119.727 Y93.054 E3.67285
G1 X119.727 Y92.301 E3.71286
G1 X116.156 Y97.033 E4.02783
G1 X115.624 Y96.984 E4.05622
G1 X119.727 Y91.549 E4.41803
G1 X119.727 Y90.796 E4.45804
G1 X115.028 Y97.022 E4.87247
G1 X114.628 Y97.072 E4.89389
G1 X114.349 Y97.168 E4.90957
G1 X119.929 Y89.775 E5.40169
M107
G1 X119.175 Y90.022 F7200
M106 S255
G1 F1500
G1 X119.727 Y89.291 E5.45036
G1 X119.727 Y88.538 E5.49037
G1 X119.507 Y88.83 E5.50979
G1 X119.429 Y88.18 E5.54457
G1 X119.727 Y87.786 E5.57082
G1 X119.727 Y87.033 E5.61083
G1 X119.267 Y87.643 E5.65142
G1 X119.117 Y87.238 E5.67437
G1 X119.066 Y87.156 E5.6795
G1 X119.508 Y86.571 E5.71846
M107
G1 E3.71846 F2400
G92 E0
G1 X117.492 Y92.253 F7200
G1 E2 F2400
M106 S255
G1 F1500
G1 X113.522 Y97.513 E2.35013
G1 X113.174 Y97.718 E2.37159
G1 X112.42 Y98.414 E2.42611
G1 X112.039 Y98.949 E2.46101
G1 X111.751 Y99.54 E2.49594
G1 X111.603 Y100.055 E2.52441
G1 X101.661 Y113.227 E3.40122
G1 X101.093 Y113.227 E3.4314
G1 X116.439 Y92.894 E4.78486
G1 X116.134 Y92.973 E4.8016
G1 X115.793 Y92.998 E4.81977
G1 X100.525 Y113.227 E6.16632
G1 X99.957 Y113.227 E6.1965
G1 X115.224 Y92.999 E7.54298
G1 X114.704 Y92.936 E7.57081
G1 X99.389 Y113.227 E8.9215
G1 X98.821 Y113.227 E8.95168
G1 X114.234 Y92.806 E10.31102
G1 X113.939 Y92.706 E10.32757
G1 X113.797 Y92.632 E10.33608
G1 X99.076 Y112.137 E11.63442
G1 X99.086 Y112.112 E11.63585
G1 X98.753 Y111.812 E11.65966
G1 X113.391 Y92.417 E12.95068
G1 X113.021 Y92.155 E12.97477
G1 X98.425 Y111.494 E14.26207
G1 X98.101 Y111.17 E14.28641
G1 X112.677 Y91.858 E15.57193
G1 X112.504 Y91.684 E15.58497
G1 X112.373 Y91.508 E15.59663
G1 X95.981 Y113.227 E17.04235
G1 X95.413 Y113.227 E17.07253
G1 X112.091 Y91.13 E18.54343
G1 X111.855 Y90.689 E18.57
G1 X94.845 Y113.227 E20.07023
G1 X94.277 Y113.227 E20.10041
G1 X111.668 Y90.185 E21.63421
G1 X111.611 Y90.019 E21.64354
G1 X111.535 Y89.609 E21.66569
G1 X93.709 Y113.227 E23.23784
G1 X93.141 Y113.227 E23.26802
G1 X111.487 Y88.92 E24.88603
G1 X111.54 Y88.325 E24.91777
G1 X111.605 Y88.011 E24.93481
G1 X92.573 Y113.227 E26.61333
G1 X92.005 Y113.227 E26.64351
G1 X111.971 Y86.773 E28.40442
G1 X111.403 Y86.773 E28.4346
G1 X91.437 Y113.227 E30.19551
G1 X90.869 Y113.227 E30.22569
G1 X110.835 Y86.773 E31.9866
G1 X110.267 Y86.773 E32.01678
G1 X90.301 Y113.227 E33.77769
G1 X89.733 Y113.227 E33.80787
G1 X109.699 Y86.773 E35.56878
G1 X109.131 Y86.773 E35.59896
G1 X89.165 Y113.227 E37.35987
G1 X88.597 Y113.227 E37.39005
G1 X108.563 Y86.773 E39.15096
G1 X107.995 Y86.773 E39.18114
G1 X88.029 Y113.227 E40.94205
G1 X87.461 Y113.227 E40.97223
G1 X107.427 Y86.773 E42.73314
G1 X106.859 Y86.773 E42.76332
G1 X86.893 Y113.227 E44.52423
G1 X86.325 Y113.227 E44.55441
G1 X106.291 Y86.773 E46.31532
G1 X105.723 Y86.773 E46.3455
G1 X85.757 Y113.227 E48.10641
G1 X85.189 Y113.227 E48.13659
G1 X105.155 Y86.773 E49.8975
G1 X104.587 Y86.773 E49.92768
G1 X84.621 Y113.227 E51.68859
G1 X84.053 Y113.227 E51.71877
G1 X104.019 Y86.773 E53.47968
G1 X103.451 Y86.773 E53.50986
G1 X83.485 Y113.227 E55.27077
G1 X82.917 Y113.227 E55.30095
G1 X102.883 Y86.773 E57.06186
G1 X102.315 Y86.773 E57.09204
G1 X82.349 Y113.227 E58.85295
G1 X81.781 Y113.227 E58.88313
G1 X101.747 Y86.773 E60.64404
G1 X101.179 Y86.773 E60.67422
G1 X81.213 Y113.227 E62.43513
G1 X80.645 Y113.227 E62.46531
G1 X100.611 Y86.773 E64.22622
G1 X100.043 Y86.773 E64.2564
G1 X80.273 Y112.967 E66.00001
G1 X80.273 Y112.214 E66.04002
G1 X99.475 Y86.773 E67.73352
G1 X98.907 Y86.773 E67.7637
G1 X80.273 Y111.462 E69.40713
G1 X80.273 Y110.709 E69.44714
G1 X98.339 Y86.773 E71.04045
G1 X97.771 Y86.773 E71.07063
G1 X80.273 Y109.957 E72.61387
G1 X80.273 Y109.204 E72.65388
G1 X97.203 Y86.773 E74.14701
G1 X96.635 Y86.773 E74.17719
G1 X80.273 Y108.451 E75.62021
G1 X80.273 Y107.699 E75.66016
G1 X96.067 Y86.773 E77.05311
G1 X95.499 Y86.773 E77.08329
G1 X80.273 Y106.946 E78.42612
G1 X80.273 Y106.194 E78.46607
G1 X94.931 Y86.773 E79.75883
G1 X94.363 Y86.773 E79.78901
G1 X80.273 Y105.441 E81.03166
G1 X80.273 Y104.688 E81.07167
G1 X93.795 Y86.773 E82.26421
G1 X93.227 Y86.773 E82.29439
G1 X80.273 Y103.936 E83.43686
G1 X80.273 Y103.183 E83.47687
G1 X92.659 Y86.773 E84.56922
G1 X92.091 Y86.773 E84.5994
G1 X80.273 Y102.431 E85.64168
G1 X80.273 Y101.678 E85.68169
G1 X91.523 Y86.773 E86.67386
G1 X90.954 Y86.773 E86.70409
G1 X80.273 Y100.926 E87.64616
G1 X80.273 Y100.173 E87.68617
G1 X90.386 Y86.773 E88.57812
G1 X89.818 Y86.773 E88.6083
G1 X80.273 Y99.42 E89.45014
G1 X80.273 Y98.668 E89.49009
G1 X89.25 Y86.773 E90.28186
G1 X88.682 Y86.773 E90.31204
G1 X80.273 Y97.915 E91.0537
G1 X80.273 Y97.163 E91.09365
G1 X88.114 Y86.773 E91.78524
G1 X87.546 Y86.773 E91.81542
G1 X80.273 Y96.41 E92.45689
G1 X80.273 Y95.657 E92.4969
G1 X86.978 Y86.773 E93.08826
G1 X86.41 Y86.773 E93.11844
G1 X80.273 Y94.905 E93.65973
G1 X80.273 Y94.152 E93.69974
G1 X85.842 Y86.773 E94.19091
G1 X85.274 Y86.773 E94.22109
G1 X80.273 Y93.4 E94.66219
G1 X80.273 Y92.647 E94.7022
G1 X84.706 Y86.773 E95.09319
G1 X84.138 Y86.773 E95.12337
G1 X80.273 Y91.894 E95.46425
G1 X80.273 Y91.142 E95.5042
G1 X83.57 Y86.773 E95.79501
G1 X83.002 Y86.773 E95.82519
G1 X80.273 Y90.389 E96.06588
G1 X80.273 Y89.637 E96.10583
G1 X82.434 Y86.773 E96.29645
G1 X81.866 Y86.773 E96.32663
G1 X80.273 Y88.884 E96.46714
G1 X80.273 Y88.131 E96.50715
G1 X81.298 Y86.773 E96.59755
G1 X80.73 Y86.773 E96.62773
G1 X80.071 Y87.647 E96.68589
M107
G1 E94.68589 F2400
G92 E0
G1 X98.014 Y111.711 F7200
G1 E2 F2400
;TYPE:Internal infill
;WIDTH:0.45
;HEIGHT:0.2
G1 F3300
G1 X98.577 Y112.23 E2.02592
G1 X98.205 Y113.154 E2.05964
G1 X97.903 Y113.103 E2.07001
G1 X97.369 Y113.248 E2.08874
G1 X96.853 Y113.248 E2.10621
G1 X98.014 Y111.711 E2.17141
;LAYER_CHANGE
;Z:5.4
;HEIGHT:0.2
G1 E.17141 F2400
G92 E0
G1 Z5.4 F7200
G1 X116.844 Y97.575
G1 E2 F2400
;TYPE:Perimeter
;WIDTH:0.449999
G1 F1200
G1 X117.205 Y97.727 E2.01326
G1 X117.719 Y98.047 E2.03375
G1 X118.134 Y98.411 E2.05244
G1 X118.712 Y99.19 E2.08527
G1 X118.879 Y99.518 E2.09773
G1 X119.057 Y100.016 E2.11563
G1 X119.187 Y100.84 E2.14387
G1 X119.187 Y101.159 E2.15467
G1 X119.13 Y101.665 E2.17191
G1 X118.976 Y102.25 E2.19239
G1 X118.636 Y102.946 E2.21861
G1 X118.125 Y103.595 E2.24657
G1 X117.482 Y104.113 E2.27452
G1 X116.948 Y104.398 E2.29501
G1 X116.426 Y104.576 E2.31368
G1 X115.66 Y104.687 E2.33988
G1 X115.341 Y104.687 E2.35068
G1 X114.835 Y104.63 E2.36792
G1 X114.25 Y104.476 E2.3884
G1 X113.554 Y104.136 E2.41462
G1 X113.291 Y103.956 E2.42541
G1 X112.905 Y103.625 E2.44262
G1 X112.689 Y103.391 E2.4534
G1 X112.387 Y102.982 E2.47061
G1 X112.208 Y102.661 E2.48305
G1 X111.966 Y102.05 E2.50529
G1 X111.876 Y101.693 E2.51775
G1 X111.814 Y101.168 E2.53564
G1 X111.813 Y100.841 E2.54671
G1 X111.87 Y100.335 E2.56395
G1 X112.024 Y99.75 E2.58443
G1 X112.249 Y99.246 E2.60311
G1 X112.689 Y98.609 E2.62932
G1 X112.905 Y98.375 E2.6401
G1 X113.291 Y98.043 E2.65733
G1 X113.802 Y97.72 E2.67779
G1 X114.345 Y97.503 E2.69758
G1 X114.831 Y97.37 E2.71464
G1 X115.328 Y97.312 E2.73158
G1 X115.936 Y97.332 E2.75217
G1 X116.595 Y97.47 E2.77496
G1 X116.789 Y97.551 E2.78208
G1 X116.696 Y97.952 F7200
G1 F1200
G1 X117.043 Y98.1 E2.79485
G1 X117.489 Y98.383 E2.81273
G1 X117.858 Y98.709 E2.8294
G1 X118.376 Y99.421 E2.8592
G1 X118.673 Y100.153 E2.88594
G1 X118.783 Y100.885 E2.911
G1 X118.726 Y101.619 E2.93592
G1 X118.587 Y102.13 E2.95385
G1 X118.276 Y102.756 E2.97751
G1 X117.816 Y103.329 E3.00238
G1 X117.24 Y103.786 E3.02727
G1 X116.771 Y104.031 E3.04518
G1 X116.12 Y104.226 E3.06818
G1 X115.615 Y104.283 E3.08538
G1 X114.881 Y104.226 E3.1103
G1 X114.37 Y104.087 E3.12823
G1 X113.744 Y103.776 E3.15189
G1 X113.171 Y103.316 E3.17676
G1 X112.714 Y102.74 E3.20165
G1 X112.587 Y102.511 E3.21051
G1 X112.345 Y101.9 E3.23275
G1 X112.28 Y101.645 E3.24166
G1 X112.218 Y101.12 E3.25955
G1 X112.274 Y100.381 E3.28464
G1 X112.413 Y99.87 E3.30257
G1 X112.644 Y99.368 E3.32127
G1 X113.016 Y98.851 E3.34283
G1 X113.556 Y98.352 E3.36772
G1 X114.005 Y98.072 E3.38563
G1 X114.479 Y97.888 E3.40284
G1 X114.89 Y97.773 E3.41729
G1 X115.394 Y97.715 E3.43446
G1 X115.908 Y97.739 E3.45188
G1 X116.49 Y97.863 E3.47202
G1 X116.641 Y97.928 E3.47758
G1 X116.548 Y98.329 F7200
G1 F1200
G1 X116.88 Y98.473 E3.48983
G1 X117.331 Y98.776 E3.50822
G1 X117.669 Y99.11 E3.5243
G1 X118.041 Y99.651 E3.54652
G1 X118.29 Y100.289 E3.5697
G1 X118.378 Y100.931 E3.59163
G1 X118.321 Y101.574 E3.61348
G1 X118.154 Y102.115 E3.63264
G1 X117.916 Y102.565 E3.64987
G1 X117.508 Y103.063 E3.67166
G1 X116.998 Y103.458 E3.6935
G1 X116.51 Y103.698 E3.71191
G1 X116.074 Y103.821 E3.72724
G1 X115.569 Y103.878 E3.74444
G1 X114.926 Y103.821 E3.76629
G1 X114.385 Y103.654 E3.78545
G1 X113.935 Y103.416 E3.80268
G1 X113.437 Y103.008 E3.82447
G1 X113.042 Y102.498 E3.84631
G1 X112.723 Y101.75 E3.87384
G1 X112.622 Y101.072 E3.89704
G1 X112.679 Y100.426 E3.91899
G1 X112.835 Y99.905 E3.9374
G1 X113.042 Y99.502 E3.95274
G1 X113.344 Y99.092 E3.96998
G1 X113.822 Y98.66 E3.99179
G1 X114.251 Y98.403 E4.00872
G1 X114.793 Y98.209 E4.02821
G1 X115.41 Y98.123 E4.0493
G1 X115.93 Y98.15 E4.06693
G1 X116.413 Y98.27 E4.08378
G1 X116.493 Y98.305 E4.08674
G1 X116.4 Y98.708 F7200
;TYPE:External perimeter
G1 F1200
G1 X116.717 Y98.846 E4.09844
G1 X117.054 Y99.075 E4.11223
G1 X117.333 Y99.34 E4.12525
G1 X117.705 Y99.881 E4.14747
G1 X117.906 Y100.426 E4.16713
G1 X117.974 Y100.977 E4.18592
G1 X117.917 Y101.528 E4.20467
G1 X117.794 Y101.925 E4.21874
G1 X117.557 Y102.375 E4.23596
G1 X117.199 Y102.798 E4.25472
G1 X116.757 Y103.131 E4.27345
G1 X116.39 Y103.309 E4.28726
G1 X116.029 Y103.417 E4.30001
G1 X115.523 Y103.474 E4.31725
G1 X114.972 Y103.417 E4.336
G1 X114.575 Y103.294 E4.35007
G1 X114.125 Y103.057 E4.36729
G1 X113.702 Y102.699 E4.38605
G1 X113.369 Y102.257 E4.40478
G1 X113.101 Y101.6 E4.4288
G1 X113.026 Y101.024 E4.44846
G1 X113.083 Y100.472 E4.46724
G1 X113.202 Y100.082 E4.48104
G1 X113.369 Y99.743 E4.49383
G1 X113.671 Y99.334 E4.51104
G1 X114.088 Y98.969 E4.5298
G1 X114.447 Y98.762 E4.54383
G1 X114.928 Y98.593 E4.56109
G1 X115.456 Y98.527 E4.5791
G1 X115.869 Y98.553 E4.59311
G1 X116.251 Y98.643 E4.60639
G1 X116.345 Y98.684 E4.60986
G1 X116.708 Y98.851 F7200
G1 E2.60986 F2400
G92 E0
G1 X112.7 Y88.361 F7200
G1 E2 F2400
;TYPE:Perimeter
G1 F1200
G1 X112.835 Y87.905 E2.0161
G1 X113.042 Y87.502 E2.03144
G1 X113.344 Y87.092 E2.04868
G1 X113.822 Y86.66 E2.07049
G1 X114.291 Y86.385 E2.08889
;WIDTH:0.497604
G1 X114.51 Y86.282 E2.09804
;WIDTH:0.545209
G1 X114.73 Y86.179 E2.10819
G1 X115.056 Y86.141 E2.1219
;WIDTH:0.519973
G1 X115.383 Y86.104 E2.13495
;WIDTH:0.517052
G1 X116.005 Y86.132 E2.1595
G1 X116.247 Y86.214 E2.16957
;WIDTH:0.483526
G1 X116.488 Y86.296 E2.1789
;WIDTH:0.449999
G1 X117.065 Y86.583 E2.20071
G1 X117.493 Y86.92 E2.21915
G1 X117.792 Y87.257 E2.2344
G1 X118.087 Y87.731 E2.2533
G1 X118.29 Y88.29 E2.27343
G1 X118.378 Y88.932 E2.29536
G1 X118.321 Y89.573 E2.31714
G1 X118.123 Y90.187 E2.33898
G1 X117.84 Y90.677 E2.35813
G1 X117.508 Y91.063 E2.37536
G1 X117.065 Y91.417 E2.39455
G1 X116.615 Y91.654 E2.41177
G1 X115.997 Y91.836 E2.43358
G1 X115.485 Y91.882 E2.45098
G1 X114.926 Y91.821 E2.47001
G1 X114.446 Y91.682 E2.48692
G1 X113.935 Y91.417 E2.5064
G1 X113.437 Y91.008 E2.52821
G1 X113.042 Y90.498 E2.55005
G1 X112.723 Y89.75 E2.57758
G1 X112.622 Y89.071 E2.60082
G1 X112.675 Y88.448 E2.62198
G1 X112.683 Y88.418 E2.62303
G1 X113.092 Y88.45 F7200
;TYPE:External perimeter
G1 F1200
G1 X113.202 Y88.082 E2.63603
G1 X113.369 Y87.743 E2.64882
G1 X113.671 Y87.334 E2.66603
G1 X114.088 Y86.969 E2.68479
G1 X114.44 Y86.764 E2.69858
G1 X114.799 Y86.628 E2.71157
G1 X115.449 Y86.528 E2.73383
G1 X115.891 Y86.557 E2.74882
G1 X116.383 Y86.689 E2.76606
G1 X116.875 Y86.943 E2.7848
G1 X117.194 Y87.196 E2.79858
G1 X117.448 Y87.475 E2.81135
G1 X117.72 Y87.908 E2.82866
G1 X117.906 Y88.426 E2.84729
G1 X117.974 Y88.977 E2.86608
G1 X117.917 Y89.528 E2.88483
G1 X117.739 Y90.053 E2.90359
G1 X117.531 Y90.412 E2.91763
G1 X117.199 Y90.798 E2.93486
G1 X116.875 Y91.057 E2.9489
G1 X116.425 Y91.294 E2.96612
G1 X115.891 Y91.443 E2.98489
G1 X115.445 Y91.47 E3.00001
G1 X114.935 Y91.409 E3.0174
G1 X114.575 Y91.295 E3.03018
G1 X114.125 Y91.057 E3.04741
G1 X113.702 Y90.699 E3.06617
G1 X113.369 Y90.257 E3.0849
G1 X113.101 Y89.6 E3.10892
G1 X113.026 Y89.024 E3.12858
G1 X113.078 Y88.508 E3.14613
G1 X113.192 Y88.125 F7200
G1 E1.14613 F2400
G92 E0
G1 X120.054 Y113.554 F7200
G1 E2 F2400
;TYPE:Perimeter
G1 F2700
G1 X79.946 Y113.554 E3.35761
G1 X79.946 Y86.446 E4.27518
G1 X112.839 Y86.446 E5.38857
G1 X112.689 Y86.609 E5.39607
G1 X112.249 Y87.246 E5.42228
G1 X112.021 Y87.759 E5.44128
G1 X111.865 Y88.359 E5.46226
G1 X111.814 Y89.167 E5.48966
G1 X111.876 Y89.692 E5.50755
G1 X111.966 Y90.05 E5.52004
G1 X112.208 Y90.661 E5.54228
G1 X112.387 Y90.982 E5.55472
G1 X112.689 Y91.391 E5.57193
G1 X112.905 Y91.625 E5.58271
G1 X113.291 Y91.957 E5.59994
G1 X113.698 Y92.212 E5.6162
G1 X114.251 Y92.476 E5.63694
G1 X114.835 Y92.63 E5.65738
G1 X115.372 Y92.69 E5.67567
G1 X115.922 Y92.669 E5.6943
G1 X116.395 Y92.572 E5.71064
G1 X116.995 Y92.374 E5.73203
G1 X117.668 Y91.991 E5.75824
G1 X118.125 Y91.594 E5.77873
G1 X118.611 Y90.992 E5.80492
G1 X118.891 Y90.456 E5.82539
G1 X119.13 Y89.664 E5.85339
G1 X119.187 Y89.159 E5.87059
G1 X119.187 Y88.841 E5.88135
G1 X119.057 Y88.016 E5.90962
G1 X118.82 Y87.377 E5.93269
G1 X118.48 Y86.822 E5.95472
G1 X118.164 Y86.446 E5.97134
G1 X120.054 Y86.446 E6.03531
G1 X120.054 Y113.494 E6.95085
G1 X120.461 Y113.961 F7200
G1 F2700
G1 X79.539 Y113.961 E8.33601
G1 X79.539 Y86.039 E9.28114
G1 X114.074 Y86.039 E10.45011
G1 X113.557 Y86.352 E10.47057
G1 X113.016 Y86.851 E10.49548
G1 X112.714 Y87.26 E10.51269
G1 X112.411 Y87.876 E10.53593
G1 X112.27 Y88.403 E10.5544
G1 X112.218 Y89.119 E10.5787
G1 X112.28 Y89.645 E10.59663
G1 X112.345 Y89.9 E10.60554
G1 X112.587 Y90.511 E10.62778
G1 X112.714 Y90.74 E10.63664
G1 X113.171 Y91.316 E10.66153
G1 X113.557 Y91.648 E10.67876
G1 X113.888 Y91.852 E10.69192
G1 X114.371 Y92.087 E10.7101
G1 X114.878 Y92.226 E10.72789
G1 X115.387 Y92.283 E10.74523
G1 X115.891 Y92.263 E10.7623
G1 X116.29 Y92.179 E10.7761
G1 X116.805 Y92.014 E10.7944
G1 X117.414 Y91.672 E10.81804
G1 X117.817 Y91.329 E10.83595
G1 X118.258 Y90.788 E10.85958
G1 X118.507 Y90.322 E10.87746
G1 X118.726 Y89.619 E10.90238
G1 X118.783 Y88.886 E10.92727
G1 X118.673 Y88.153 E10.95236
G1 X118.454 Y87.554 E10.97395
G1 X118.136 Y87.039 E10.99444
G1 X117.791 Y86.643 E11.01222
G1 X117.414 Y86.328 E11.02885
G1 X116.906 Y86.039 E11.04863
G1 X120.461 Y86.039 E11.16896
G1 X120.461 Y113.901 E12.11205
G1 X120.868 Y114.368 F7200
G1 F2700
G1 X79.132 Y114.368 E13.52476
G1 X79.132 Y85.632 E14.49744
G1 X114.149 Y85.632 E15.68272
;WIDTH:0.497604
G1 X114.42 Y85.656 E15.69301
;WIDTH:0.545209
G1 X114.691 Y85.68 E15.70437
G1 X115.115 Y85.666 E15.72209
;WIDTH:0.51796
G1 X115.539 Y85.652 E15.73885
;WIDTH:0.517052
G1 X116.067 Y85.666 E15.75967
G1 X116.321 Y85.649 E15.76971
;WIDTH:0.483526
G1 X116.575 Y85.632 E15.77904
;WIDTH:0.449999
G1 X120.868 Y85.632 E15.92435
G1 X120.868 Y114.308 E16.895
G1 X121.275 Y114.775 F7200
;TYPE:External perimeter
G1 F1800
G1 X78.725 Y114.775 E18.33526
G1 X78.725 Y85.225 E19.33549
G1 X121.275 Y85.225 E20.77575
G1 X121.275 Y114.715 E21.77395
G1 X120.879 Y114.774 F7200
G1 E19.77395 F2400
G92 E0
G1 X98.163 Y112.999 F7200
G1 E2 F2400
;TYPE:Internal infill
;WIDTH:0.45
G1 F3300
G1 X98.163 Y112.087 E2.03087
G1 X97.837 Y112.087 E2.0419
G1 X97.837 Y113.096 E2.07605
G1 X98.163 Y113.203 E2.08766
G1 X98.163 Y113.248 E2.08918
G1 X97.889 Y113.248 E2.09845
G1 E.09845 F2400
G92 E0
G1 X80.285 Y113.138 F7200
G1 E2 F2400
;TYPE:Solid infill
;WIDTH:0.548766
G1 X80.24 Y113.183 E2.00268
G1 X80.256 Y113.244 E2.00533
G1 X80.317 Y113.26 E2.00798
G1 X80.362 Y113.215 E2.01066
G1 X80.346 Y113.154 E2.01331
G1 X81.141 Y113.381 F7200
;WIDTH:0.38292
G1 F2400
G1 X81.122 Y113.452 E2.01539
G1 X81.193 Y113.433 E2.01747
G1 X81.182 Y113.392 E2.01867
;WIDTH:0.41646
G1 X81.089 Y113.32 E2.02232
;WIDTH:0.449999
G1 X80.996 Y113.248 E2.0263
G1 X80.252 Y112.504 E2.06191
G1 X80.18 Y112.411 E2.06589
;WIDTH:0.41646
G1 X80.108 Y112.318 E2.06954
;WIDTH:0.38292
G1 X80.119 Y112.359 E2.07074
G1 X80.048 Y112.378 E2.07282
G1 X80.067 Y112.307 E2.0749
;WIDTH:0.449999
G1 X80.252 Y111.928 E2.08918
G1 X81.572 Y113.248 E2.15237
G1 X82.147 Y113.248 E2.17183
G1 X80.252 Y111.353 E2.26254
G1 X80.252 Y110.777 E2.28204
G1 X82.723 Y113.248 E2.40033
G1 X83.299 Y113.248 E2.41983
G1 X80.252 Y110.201 E2.56569
G1 X80.252 Y109.626 E2.58515
G1 X83.874 Y113.248 E2.75853
G1 X84.45 Y113.248 E2.77803
G1 X80.252 Y109.05 E2.97899
G1 X80.252 Y108.474 E2.99849
G1 X85.026 Y113.248 E3.22702
G1 X85.601 Y113.248 E3.24648
G1 X80.252 Y107.899 E3.50253
G1 X80.252 Y107.323 E3.52203
G1 X86.177 Y113.248 E3.80566
G1 X86.753 Y113.248 E3.82516
G1 X80.252 Y106.747 E4.13636
G1 X80.252 Y106.171 E4.15586
G1 X87.329 Y113.248 E4.49463
G1 X87.904 Y113.248 E4.51409
G1 X80.252 Y105.596 E4.88039
G1 X80.252 Y105.02 E4.89989
G1 X88.48 Y113.248 E5.29376
G1 X89.056 Y113.248 E5.31326
G1 X80.252 Y104.444 E5.7347
G1 X80.252 Y103.869 E5.75416
G1 X89.631 Y113.248 E6.20313
G1 X90.207 Y113.248 E6.22263
G1 X80.252 Y103.293 E6.69917
G1 X80.252 Y102.717 E6.71867
G1 X90.783 Y113.248 E7.22278
G1 X91.358 Y113.248 E7.24224
G1 X80.252 Y102.142 E7.77388
G1 X80.252 Y101.566 E7.79338
G1 X91.934 Y113.248 E8.35259
G1 X92.51 Y113.248 E8.37209
G1 X80.252 Y100.99 E8.95887
G1 X80.252 Y100.415 E8.97833
G1 X93.085 Y113.248 E9.59264
G1 X93.661 Y113.248 E9.61214
G1 X80.252 Y99.839 E10.25402
G1 X80.252 Y99.263 E10.27352
G1 X94.237 Y113.248 E10.94297
G1 X94.813 Y113.248 E10.96247
G1 X80.252 Y98.687 E11.6595
G1 X80.252 Y98.112 E11.67896
G1 X95.388 Y113.248 E12.40351
G1 X95.964 Y113.248 E12.42301
G1 X80.252 Y97.536 E13.17513
G1 X80.252 Y96.96 E13.19463
G1 X96.54 Y113.248 E13.97433
G1 X97.545 Y113.304 F7200
;WIDTH:0.38292
G1 F2400
G1 X97.556 Y113.345 E13.97553
G1 X97.485 Y113.364 E13.97761
G1 X97.504 Y113.293 E13.97969
;WIDTH:0.41646
G1 X97.31 Y113.271 E13.98575
;WIDTH:0.449999
G1 X97.115 Y113.248 E13.9924
G1 X80.252 Y96.385 E14.79962
G1 X80.252 Y95.809 E14.81912
G1 X97.43 Y112.987 E15.64142
G1 X97.43 Y112.412 E15.66088
G1 X80.252 Y95.233 E16.4832
G1 X80.252 Y94.658 E16.50266
G1 X97.462 Y111.868 E17.32649
G1 X98.631 Y113.1 F7200
;WIDTH:0.609566
G1 F2400
G1 X98.581 Y113.15 E17.32982
G1 X98.6 Y113.219 E17.33319
G1 X98.668 Y113.237 E17.3365
G1 X98.718 Y113.187 E17.33983
G1 X98.7 Y113.119 E17.34314
;WIDTH:0.449999
G1 X99.418 Y113.248 E17.36783
G1 X98.57 Y112.4 E17.40842
G1 X98.525 Y112.241 E17.41401
;WIDTH:0.41646
G1 X98.481 Y112.082 E17.41913
;WIDTH:0.38292
G1 X98.492 Y112.124 E17.42036
G1 X98.421 Y112.143 E17.42244
G1 X98.44 Y112.071 E17.42455
;WIDTH:0.449999
G1 X98.162 Y111.762 E17.43862
;WIDTH:0.38292
G1 X98.173 Y111.803 E17.43982
G1 X98.102 Y111.822 E17.4419
G1 X98.121 Y111.751 E17.44398
;WIDTH:0.41646
G1 X97.985 Y111.716 E17.44834
;WIDTH:0.449999
G1 X97.85 Y111.68 E17.45307
G1 X80.252 Y94.082 E18.29548
G1 X80.252 Y93.506 E18.31498
G1 X100.066 Y113.315 E19.26334
;WIDTH:0.41646
G1 X100.139 Y113.381 E19.2664
;WIDTH:0.38292
G1 X100.12 Y113.452 E19.26848
G1 X100.191 Y113.433 E19.27056
G1 X100.18 Y113.392 E19.27176
;WIDTH:0.449999
G1 X100.57 Y113.248 E19.28583
G1 X80.252 Y92.93 E20.25844
G1 X80.252 Y92.355 E20.2779
G1 X101.145 Y113.248 E21.27803
G1 X101.721 Y113.248 E21.29753
G1 X80.252 Y91.779 E22.32524
G1 X80.252 Y91.203 E22.34474
G1 X102.297 Y113.248 E23.40002
G1 X102.872 Y113.248 E23.41948
G1 X80.252 Y90.628 E24.50229
G1 X80.252 Y90.052 E24.52179
G1 X103.448 Y113.248 E25.63217
G1 X104.024 Y113.248 E25.65167
G1 X80.252 Y89.476 E26.78962
G1 X80.252 Y88.901 E26.80908
G1 X104.599 Y113.248 E27.97456
G1 X105.175 Y113.248 E27.99406
G1 X80.252 Y88.325 E29.18711
G1 X80.252 Y87.749 E29.20661
G1 X105.751 Y113.248 E30.42723
G1 X106.327 Y113.248 E30.44673
G1 X80.252 Y87.173 E31.69492
G1 X80.134 Y86.604 E31.71459
;WIDTH:0.38292
G1 X80.115 Y86.675 E31.71667
G1 X80.186 Y86.656 E31.71875
G1 X80.175 Y86.615 E31.71995
;WIDTH:0.41646
G1 X80.29 Y86.683 E31.7241
;WIDTH:0.449999
G1 X80.405 Y86.752 E31.72864
G1 X106.902 Y113.248 E32.99701
G1 X107.478 Y113.248 E33.01651
G1 X80.981 Y86.752 E34.28488
G1 X81.557 Y86.752 E34.30438
G1 X108.054 Y113.248 E35.57275
G1 X108.629 Y113.248 E35.59221
G1 X82.132 Y86.752 E36.86058
G1 X82.708 Y86.752 E36.88008
G1 X109.205 Y113.248 E38.14845
G1 X109.781 Y113.248 E38.16795
G1 X83.284 Y86.752 E39.43632
G1 X83.859 Y86.752 E39.45578
G1 X110.356 Y113.248 E40.72415
G1 X110.932 Y113.248 E40.74365
G1 X84.435 Y86.752 E42.01202
G1 X85.011 Y86.752 E42.03152
G1 X111.508 Y113.248 E43.29989
G1 X112.083 Y113.248 E43.31935
G1 X85.587 Y86.752 E44.5877
G1 X86.162 Y86.752 E44.60716
G1 X112.659 Y113.248 E45.87553
G1 X113.235 Y113.248 E45.89503
G1 X86.738 Y86.752 E47.1634
G1 X87.314 Y86.752 E47.1829
G1 X113.811 Y113.248 E48.45127
G1 X114.386 Y113.248 E48.47073
G1 X87.889 Y86.752 E49.7391
G1 X88.465 Y86.752 E49.7586
G1 X114.962 Y113.248 E51.02697
G1 X115.538 Y113.248 E51.04647
G1 X89.041 Y86.752 E52.31484
G1 X89.616 Y86.752 E52.3343
G1 X116.113 Y113.248 E53.60267
G1 X116.689 Y113.248 E53.62217
G1 X90.192 Y86.752 E54.89054
G1 X90.768 Y86.752 E54.91004
G1 X117.265 Y113.248 E56.17841
G1 X117.84 Y113.248 E56.19787
G1 X91.344 Y86.752 E57.46622
G1 X91.919 Y86.752 E57.48568
G1 X118.416 Y113.248 E58.75405
G1 X118.992 Y113.248 E58.77355
G1 X92.495 Y86.752 E60.04192
G1 X93.071 Y86.752 E60.06142
G1 X119.568 Y113.248 E61.32979
G1 X119.702 Y113.277 E61.33443
;WIDTH:0.41646
G1 X119.836 Y113.306 E61.33869
;WIDTH:0.38292
G1 X119.817 Y113.377 E61.34077
G1 X119.888 Y113.358 E61.34285
G1 X119.877 Y113.317 E61.34405
;WIDTH:0.449999
G1 X119.748 Y112.854 E61.36032
G1 X93.646 Y86.752 E62.60981
G1 X94.222 Y86.752 E62.62931
G1 X119.748 Y112.278 E63.85122
G1 X119.748 Y111.702 E63.87072
G1 X94.798 Y86.752 E65.06506
G1 X95.373 Y86.752 E65.08452
G1 X119.748 Y111.127 E66.25134
G1 X119.83 Y111.184 E66.25472
;WIDTH:0.41646
G1 X119.911 Y111.242 E66.25781
;WIDTH:0.38292
G1 X119.892 Y111.313 E66.25989
G1 X119.963 Y111.294 E66.26197
G1 X119.952 Y111.253 E66.26317
G1 E64.26317
G92 E0
G1 X111.896 Y102.699 F7200
G1 E2 F2400
;WIDTH:0.449999
G1 X95.949 Y86.752 E2.76337
G1 X96.525 Y86.752 E2.78287
G1 X111.595 Y101.822 E3.50426
G1 X111.674 Y101.944 E3.50918
;WIDTH:0.41646
G1 X111.754 Y102.066 E3.51371
;WIDTH:0.38292
G1 X111.735 Y102.137 E3.51579
G1 X111.806 Y102.118 E3.51787
G1 X111.795 Y102.077 E3.51907
G1 X111.509 Y101.16 F7200
;WIDTH:0.449999
G1 F2400
G1 X97.101 Y86.752 E4.20877
G1 X97.676 Y86.752 E4.22823
G1 X111.533 Y100.608 E4.89153
G1 X111.607 Y100.107 E4.90867
G1 X98.252 Y86.752 E5.54797
G1 X98.828 Y86.752 E5.56747
G1 X111.738 Y99.662 E6.18546
G1 X111.912 Y99.26 E6.20029
G1 X99.403 Y86.752 E6.79906
G1 X99.979 Y86.752 E6.81856
G1 X112.111 Y98.884 E7.39931
G1 X112.357 Y98.554 E7.41324
G1 X100.555 Y86.752 E7.97819
G1 X101.13 Y86.752 E7.99765
G1 X112.616 Y98.237 E8.54745
G1 X112.923 Y97.969 E8.56124
G1 X101.706 Y86.752 E9.09819
G1 X102.282 Y86.752 E9.11769
G1 X113.234 Y97.704 E9.64196
G1 X113.598 Y97.492 E9.65622
G1 X102.857 Y86.752 E10.17036
G1 X103.433 Y86.752 E10.18986
G1 X113.995 Y97.314 E10.69546
G1 X114.423 Y97.166 E10.71079
G1 X104.009 Y86.752 E11.2093
G1 X104.585 Y86.752 E11.2288
G1 X114.893 Y97.06 E11.72224
G1 X115.413 Y97.004 E11.73994
G1 X105.16 Y86.752 E12.23072
G1 X105.736 Y86.752 E12.25022
G1 X116.021 Y97.037 E12.74256
G1 X117.063 Y97.411 F7200
;WIDTH:0.38292
G1 F2400
G1 X116.987 Y97.427 E12.74476
G1 X116.675 Y97.353 E12.75383
;WIDTH:0.41646
G1 X116.725 Y97.284 E12.75648
;WIDTH:0.449999
G1 X116.775 Y97.215 E12.75936
G1 X106.312 Y86.752 E13.26022
G1 X106.887 Y86.752 E13.27968
G1 X118.085 Y97.949 E13.8157
G1 X118.137 Y98.089 E13.82076
;WIDTH:0.41646
G1 X118.19 Y98.229 E13.82541
;WIDTH:0.38292
G1 X118.372 Y98.047 E13.83269
G1 E11.83269
G92 E0
G1 X112.106 Y102.987 F7200
G1 E2 F2400
G1 X112.661 Y103.639 E2.02421
G1 X113.53 Y104.404 E2.05694
;WIDTH:0.41646
G1 X113.673 Y104.512 E2.06251
;WIDTH:0.449999
G1 X113.817 Y104.62 E2.0686
G1 X119.748 Y110.551 E2.35251
G1 X119.803 Y110.674 E2.35707
;WIDTH:0.41646
G1 X119.857 Y110.798 E2.36127
;WIDTH:0.38292
G1 X119.838 Y110.869 E2.36335
G1 X119.909 Y110.85 E2.36543
G1 X119.898 Y110.809 E2.36663
G1 X119.748 Y109.975 F7200
;WIDTH:0.449999
G1 F2400
G1 X114.683 Y104.91 E2.60909
G1 X114.554 Y104.813 E2.61455
;WIDTH:0.41646
G1 X114.425 Y104.717 E2.61954
;WIDTH:0.38292
G1 X114.436 Y104.758 E2.62074
G1 X114.365 Y104.777 E2.62282
G1 X114.384 Y104.706 E2.6249
G1 X115.332 Y104.983 F7200
;WIDTH:0.449999
G1 F2400
G1 X119.748 Y109.399 E2.83629
G1 X119.748 Y108.824 E2.85575
G1 X115.89 Y104.965 E3.04045
G1 X116.394 Y104.894 E3.05768
G1 X119.748 Y108.248 E3.21823
G1 X119.748 Y107.672 E3.23773
G1 X116.834 Y104.758 E3.37722
G1 X117.246 Y104.594 E3.39223
G1 X119.748 Y107.097 E3.51202
G1 X119.952 Y106.647 E3.52874
;WIDTH:0.38292
G1 X119.963 Y106.688 E3.52994
G1 X119.892 Y106.707 E3.53202
G1 X119.911 Y106.636 E3.5341
;WIDTH:0.41646
G1 X119.83 Y106.579 E3.53718
;WIDTH:0.449999
G1 X119.748 Y106.521 E3.54058
G1 X117.616 Y104.388 E3.64266
G1 X117.942 Y104.138 E3.65657
G1 X118.427 Y103.704 E3.6786
G1 X118.912 Y103.077 E3.70543
G1 X119.27 Y102.332 E3.73341
G1 X119.401 Y101.787 E3.75238
;WIDTH:0.410858
G1 X119.461 Y100.983 E3.77705
G1 X119.408 Y100.275 E3.79877
;WIDTH:0.437863
G1 X119.326 Y99.959 E3.80949
;WIDTH:0.464786
G1 X119.244 Y99.644 E3.82091
G1 X119.432 Y99.672 E3.82758
G1 X119.626 Y99.491 E3.83689
G1 X119.741 Y99.508 E3.84097
G1 X119.756 Y100.017 E3.85883
;WIDTH:0.434317
G1 X119.772 Y100.293 E3.86783
;WIDTH:0.403847
G1 X119.788 Y101.033 E3.89004
;WIDTH:0.417142
G1 X119.765 Y101.869 E3.91606
;WIDTH:0.449999
G1 X119.748 Y102.398 E3.93398
G1 X119.748 Y105.945 E4.05404
G1 X118.085 Y104.282 E4.13365
G1 X118.641 Y104.171 E4.15284
;WIDTH:0.578802
G1 X119.277 Y103.378 E4.19814
G1 X119.277 Y104.807 E4.26181
G1 X118.785 Y104.315 E4.29281
G1 E2.29281
G92 E0
G1 X119.333 Y99.198 F7200
G1 E2 F2400
;WIDTH:0.449999
G1 X118.47 Y98.334 E2.04134
G1 X119.898 Y98.719 F7200
;WIDTH:0.38292
G1 F2400
G1 X119.909 Y98.76 E2.04254
G1 X119.838 Y98.779 E2.04462
G1 X119.857 Y98.708 E2.0467
;WIDTH:0.41646
G1 X119.803 Y98.873 E2.05209
;WIDTH:0.449999
G1 X119.748 Y99.037 E2.05795
G1 X107.463 Y86.752 E2.64603
G1 X108.039 Y86.752 E2.66553
G1 X111.841 Y90.554 E2.84753
G1 X111.937 Y90.698 E2.85339
;WIDTH:0.41646
G1 X112.034 Y90.841 E2.85876
;WIDTH:0.38292
G1 X112.106 Y90.945 E2.86234
G1 X111.766 Y89.975 F7200
G1 F2400
G1 X111.777 Y90.016 E2.86354
G1 X111.706 Y90.035 E2.86562
G1 X111.725 Y89.964 E2.8677
;WIDTH:0.41646
G1 X111.654 Y89.842 E2.87208
;WIDTH:0.449999
G1 X111.583 Y89.72 E2.87686
G1 X108.614 Y86.752 E3.01896
G1 X109.19 Y86.752 E3.03846
G1 X111.509 Y89.071 E3.14947
G1 X111.54 Y88.526 E3.16795
G1 X109.766 Y86.752 E3.25287
G1 X109.703 Y86.65 E3.25693
;WIDTH:0.41646
G1 X109.64 Y86.548 E3.26065
;WIDTH:0.38292
G1 X109.651 Y86.589 E3.26185
G1 X109.58 Y86.608 E3.26393
G1 X109.599 Y86.537 E3.26601
;WIDTH:0.449999
G1 X110.342 Y86.752 E3.29219
G1 X112.218 Y86.752 E3.35569
G1 X111.97 Y87.123 E3.3708
G1 X111.736 Y87.653 E3.39041
G1 X111.633 Y88.043 E3.40406
G1 X110.485 Y86.895 E3.45901
G1 X111.421 Y87.145 F7200
;WIDTH:0.543634
G1 F2400
G1 X111.377 Y87.189 E3.4616
G1 X111.393 Y87.25 E3.46423
G1 X111.454 Y87.266 E3.46686
G1 X111.498 Y87.222 E3.46945
G1 X111.482 Y87.161 E3.47208
G1 E1.47208
G92 E0
G1 X113.177 Y92.082 F7200
G1 E2 F2400
;WIDTH:0.38292
G1 X113.699 Y92.492 E2.01877
;WIDTH:0.41646
G1 X113.843 Y92.596 E2.02429
;WIDTH:0.449999
G1 X113.987 Y92.7 E2.0303
G1 X119.748 Y98.461 E2.30608
G1 X119.748 Y97.886 E2.32554
G1 X114.796 Y92.933 E2.56261
G1 X114.667 Y92.837 E2.56805
;WIDTH:0.41646
G1 X114.538 Y92.74 E2.57306
;WIDTH:0.38292
G1 X114.549 Y92.781 E2.57426
G1 X114.478 Y92.8 E2.57634
G1 X114.497 Y92.729 E2.57842
;WIDTH:0.449999
G1 X115.284 Y92.777 E2.60511
;WIDTH:0.38292
G1 X115.265 Y92.848 E2.60719
G1 X115.336 Y92.829 E2.60927
G1 X115.325 Y92.788 E2.61047
;WIDTH:0.41646
G1 X115.381 Y92.893 E2.61417
;WIDTH:0.449999
G1 X115.438 Y92.999 E2.61824
G1 X119.748 Y97.31 E2.82458
G1 X119.748 Y96.734 E2.84408
G1 X115.98 Y92.965 E3.02448
G1 X116.456 Y92.866 E3.04094
G1 X119.748 Y96.158 E3.19853
G1 X119.748 Y95.583 E3.21799
G1 X116.904 Y92.739 E3.35413
G1 X117.3 Y92.559 E3.36885
G1 X119.748 Y95.007 E3.48603
G1 X119.952 Y94.558 E3.50272
;WIDTH:0.38292
G1 X119.963 Y94.599 E3.50392
G1 X119.892 Y94.618 E3.506
G1 X119.911 Y94.547 E3.50808
;WIDTH:0.41646
G1 X119.83 Y94.489 E3.51117
;WIDTH:0.449999
G1 X119.748 Y94.431 E3.51457
G1 X117.67 Y92.353 E3.61404
G1 X117.997 Y92.104 E3.62795
G1 X118.463 Y91.661 E3.64971
G1 X118.882 Y91.132 E3.67255
G1 X119.184 Y90.543 E3.69495
G1 X119.412 Y89.688 E3.7249
;WIDTH:0.403738
G1 X119.461 Y88.984 E3.74607
;WIDTH:0.413708
G1 X119.403 Y88.445 E3.76278
;WIDTH:0.45649
G1 X119.345 Y87.905 E3.78146
;WIDTH:0.497595
G1 X119.284 Y87.684 E3.79013
;WIDTH:0.5387
G1 X119.224 Y87.462 E3.79961
;WIDTH:0.579805
G1 X119.163 Y87.241 E3.80984
;WIDTH:0.590371
G1 X118.914 Y86.822 E3.83203
G1 X119.678 Y86.822 E3.86681
G1 X119.684 Y87.147 E3.88161
;WIDTH:0.579805
G1 X119.706 Y87.434 E3.89446
;WIDTH:0.535794
G1 X119.728 Y87.72 E3.90622
;WIDTH:0.491783
G1 X119.75 Y88.007 E3.91696
;WIDTH:0.447772
G1 X119.772 Y88.294 E3.92665
;WIDTH:0.403761
G1 X119.788 Y89.032 E3.9488
;WIDTH:0.411881
G1 X119.768 Y89.776 E3.97163
;WIDTH:0.449999
G1 X119.748 Y90.626 E4.00041
G1 X119.748 Y93.856 E4.10974
G1 X118.141 Y92.248 E4.18669
G1 X118.674 Y92.127 E4.20519
;WIDTH:0.561384
G1 X119.286 Y91.356 E4.24763
G1 X119.286 Y92.738 E4.30721
G1 X118.818 Y92.271 E4.33571
;LAYER_CHANGE
;Z:5.6
;HEIGHT:0.2
G1 E2.33571 F2400
G92 E0
G1 Z5.6 F7200
G1 X116.844 Y97.576
G1 E2 F2400
;TYPE:Perimeter
;WIDTH:0.449999
G1 F1200
G1 X117.254 Y97.749 E2.01506
G1 X117.891 Y98.189 E2.04127
G1 X118.456 Y98.791 E2.06922
G1 X118.874 Y99.504 E2.0972
G1 X119.076 Y100.075 E2.1177
G1 X119.187 Y100.841 E2.1439
G1 X119.187 Y101.159 E2.15466
G1 X119.13 Y101.665 E2.1719
G1 X118.976 Y102.25 E2.19238
G1 X118.751 Y102.754 E2.21106
G1 X118.312 Y103.391 E2.23725
G1 X118.057 Y103.656 E2.2497
G1 X117.539 Y104.071 E2.27217
G1 X116.954 Y104.396 E2.29482
G1 X116.224 Y104.619 E2.32066
G1 X115.613 Y104.692 E2.34149
G1 X114.835 Y104.63 E2.36791
G1 X114.477 Y104.542 E2.38039
G1 X113.86 Y104.302 E2.4028
G1 X113.536 Y104.124 E2.41531
G1 X113.114 Y103.815 E2.43301
G1 X112.844 Y103.557 E2.44565
G1 X112.429 Y103.039 E2.46812
G1 X112.104 Y102.454 E2.49077
G1 X111.881 Y101.724 E2.51661
G1 X111.808 Y101.113 E2.53744
G1 X111.87 Y100.335 E2.56386
G1 X112.024 Y99.75 E2.58434
G1 X112.249 Y99.246 E2.60302
G1 X112.533 Y98.801 E2.62089
G1 X112.752 Y98.542 E2.63237
G1 X113.237 Y98.09 E2.65481
G1 X113.674 Y97.794 E2.67268
G1 X114.043 Y97.609 E2.68665
G1 X114.524 Y97.441 E2.7039
G1 X114.841 Y97.369 E2.7149
G1 X115.364 Y97.309 E2.73272
G1 X115.938 Y97.333 E2.75217
G1 X116.662 Y97.5 E2.77732
G1 X116.789 Y97.553 E2.78198
G1 X116.696 Y97.952 F7200
G1 F1200
G1 X117.077 Y98.116 E2.79602
G1 X117.649 Y98.516 E2.81965
G1 X118.148 Y99.056 E2.84454
G1 X118.514 Y99.694 E2.86944
G1 X118.687 Y100.195 E2.88738
G1 X118.783 Y100.886 E2.91099
G1 X118.726 Y101.619 E2.93588
G1 X118.587 Y102.13 E2.95381
G1 X118.286 Y102.74 E2.97683
G1 X117.984 Y103.149 E2.99404
G1 X117.285 Y103.754 E3.02533
G1 X116.775 Y104.03 E3.04496
G1 X116.118 Y104.226 E3.06817
G1 X115.581 Y104.286 E3.08646
G1 X114.881 Y104.226 E3.11024
G1 X114.625 Y104.163 E3.11916
G1 X114.008 Y103.922 E3.14158
G1 X113.776 Y103.795 E3.15053
G1 X113.354 Y103.487 E3.16821
G1 X113.161 Y103.302 E3.17726
G1 X112.746 Y102.785 E3.1997
G1 X112.47 Y102.275 E3.21933
G1 X112.274 Y101.618 E3.24254
G1 X112.214 Y101.081 E3.26083
G1 X112.274 Y100.381 E3.28461
G1 X112.413 Y99.87 E3.30254
G1 X112.644 Y99.368 E3.32124
G1 X112.968 Y98.903 E3.34042
G1 X113.515 Y98.388 E3.36585
G1 X114.001 Y98.075 E3.38542
G1 X114.479 Y97.888 E3.40279
G1 X114.887 Y97.773 E3.41714
G1 X115.399 Y97.715 E3.43458
G1 X115.91 Y97.739 E3.4519
G1 X116.557 Y97.893 E3.47441
G1 X116.641 Y97.929 E3.4775
G1 X116.548 Y98.331 F7200
G1 F1200
G1 X116.998 Y98.542 E3.49432
G1 X117.408 Y98.844 E3.51156
G1 X117.839 Y99.322 E3.53335
G1 X118.154 Y99.885 E3.55519
G1 X118.321 Y100.426 E3.57435
G1 X118.378 Y100.932 E3.59159
G1 X118.321 Y101.574 E3.61341
G1 X118.165 Y102.095 E3.63182
G1 X117.959 Y102.498 E3.64714
G1 X117.657 Y102.907 E3.66435
G1 X117.03 Y103.436 E3.69212
G1 X116.489 Y103.704 E3.71256
G1 X115.901 Y103.852 E3.73308
G1 X115.432 Y103.878 E3.74898
G1 X114.926 Y103.821 E3.76622
G1 X114.155 Y103.543 E3.79396
G1 X113.595 Y103.158 E3.81696
G1 X113.064 Y102.53 E3.8448
G1 X112.813 Y102.042 E3.86338
G1 X112.667 Y101.512 E3.88199
G1 X112.618 Y100.988 E3.8998
G1 X112.679 Y100.426 E3.91893
G1 X112.835 Y99.905 E3.93734
G1 X113.028 Y99.52 E3.95192
G1 X113.307 Y99.138 E3.96793
G1 X113.792 Y98.685 E3.99039
G1 X114.251 Y98.403 E4.00862
G1 X114.793 Y98.209 E4.02811
G1 X115.416 Y98.122 E4.0494
G1 X115.881 Y98.145 E4.06516
G1 X116.452 Y98.286 E4.08507
G1 X116.493 Y98.305 E4.0866
G1 X116.401 Y98.704 F7200
;TYPE:External perimeter
G1 F1200
G1 X116.757 Y98.869 E4.09988
G1 X117.166 Y99.171 E4.11709
G1 X117.531 Y99.587 E4.13582
G1 X117.794 Y100.075 E4.15458
G1 X117.917 Y100.472 E4.16865
G1 X117.974 Y100.977 E4.18585
G1 X117.917 Y101.528 E4.2046
G1 X117.798 Y101.918 E4.2184
G1 X117.631 Y102.256 E4.23116
G1 X117.329 Y102.666 E4.2484
G1 X116.775 Y103.118 E4.2726
G1 X116.383 Y103.311 E4.28739
G1 X115.869 Y103.446 E4.30538
G1 X115.478 Y103.474 E4.31865
G1 X114.972 Y103.417 E4.33589
G1 X114.303 Y103.164 E4.3601
G1 X113.835 Y102.83 E4.37956
G1 X113.382 Y102.275 E4.40381
G1 X113.189 Y101.883 E4.4186
G1 X113.057 Y101.393 E4.43578
G1 X113.026 Y100.978 E4.44987
G1 X113.083 Y100.472 E4.46711
G1 X113.202 Y100.082 E4.48091
G1 X113.365 Y99.75 E4.49343
G1 X113.585 Y99.435 E4.50644
G1 X114.07 Y98.983 E4.52888
G1 X114.447 Y98.762 E4.54367
G1 X114.928 Y98.593 E4.56093
G1 X115.462 Y98.527 E4.57914
G1 X115.852 Y98.551 E4.59237
G1 X116.346 Y98.679 E4.60964
G1 X116.709 Y98.849 F7200
G1 E2.60964 F2400
G92 E0
G1 X112.7 Y88.377 F7200
G1 E2 F2400
;TYPE:Perimeter
G1 F1200
G1 X112.795 Y88.015 E2.01267
G1 X113.042 Y87.502 E2.03194
G1 X113.344 Y87.092 E2.04918
G1 X113.822 Y86.66 E2.07099
G1 X114.312 Y86.377 E2.09014
;WIDTH:0.497009
G1 X114.785 Y86.187 E2.10939
;WIDTH:0.52066
G1 X114.921 Y86.144 E2.11506
G1 X115.486 Y86.099 E2.13758
;WIDTH:0.517053
G1 X116.005 Y86.132 E2.15808
G1 X116.247 Y86.214 E2.16815
;WIDTH:0.483526
G1 X116.488 Y86.296 E2.17748
;WIDTH:0.449999
G1 X117.065 Y86.583 E2.19929
G1 X117.493 Y86.92 E2.21773
G1 X117.793 Y87.258 E2.23303
G1 X118.064 Y87.689 E2.25026
G1 X118.291 Y88.293 E2.2721
G1 X118.378 Y88.932 E2.29393
G1 X118.321 Y89.573 E2.31571
G1 X118.123 Y90.188 E2.33758
G1 X117.802 Y90.728 E2.35884
G1 X117.426 Y91.143 E2.3778
G1 X117.085 Y91.406 E2.39238
G1 X116.688 Y91.623 E2.40769
G1 X116.208 Y91.791 E2.4249
G1 X115.569 Y91.878 E2.44673
G1 X114.926 Y91.821 E2.46858
G1 X114.414 Y91.669 E2.48666
G1 X113.935 Y91.417 E2.50498
G1 X113.437 Y91.008 E2.52679
G1 X113.056 Y90.518 E2.5478
G1 X112.814 Y90.046 E2.56575
G1 X112.667 Y89.512 E2.5845
G1 X112.62 Y89.048 E2.60029
G1 X112.662 Y88.52 E2.61822
G1 X112.684 Y88.435 E2.62119
G1 X113.097 Y88.467 F7200
;TYPE:External perimeter
G1 F1200
G1 X113.189 Y88.118 E2.63341
G1 X113.369 Y87.743 E2.64749
G1 X113.671 Y87.334 E2.6647
G1 X114.088 Y86.969 E2.68346
G1 X114.447 Y86.761 E2.6975
G1 X114.928 Y86.593 E2.71475
G1 X115.462 Y86.527 E2.73296
G1 X115.891 Y86.557 E2.74752
G1 X116.383 Y86.689 E2.76476
G1 X116.875 Y86.943 E2.7835
G1 X117.194 Y87.196 E2.79728
G1 X117.448 Y87.475 E2.81005
G1 X117.719 Y87.906 E2.82728
G1 X117.907 Y88.428 E2.84606
G1 X117.974 Y88.977 E2.86478
G1 X117.917 Y89.528 E2.88353
G1 X117.739 Y90.053 E2.90229
G1 X117.457 Y90.513 E2.92055
G1 X117.172 Y90.824 E2.93483
G1 X116.881 Y91.053 E2.94736
G1 X116.553 Y91.238 E2.96011
G1 X116.073 Y91.407 E2.97734
G1 X115.523 Y91.474 E2.99609
G1 X114.972 Y91.417 E3.01484
G1 X114.575 Y91.295 E3.0289
G1 X114.125 Y91.057 E3.04613
G1 X113.702 Y90.699 E3.06489
G1 X113.383 Y90.276 E3.08282
G1 X113.189 Y89.883 E3.09766
G1 X113.054 Y89.369 E3.11565
G1 X113.026 Y89.016 E3.12764
G1 X113.055 Y88.624 E3.14094
G1 X113.082 Y88.525 E3.14441
G1 X113.19 Y88.139 F7200
G1 E1.14441 F2400
G92 E0
G1 X120.054 Y113.554 F7200
G1 E2 F2400
;TYPE:Perimeter
G1 F2700
G1 X79.946 Y113.554 E3.35761
G1 X79.946 Y86.446 E4.27518
G1 X112.839 Y86.446 E5.38857
G1 X112.689 Y86.609 E5.39607
G1 X112.249 Y87.246 E5.42228
G1 X112.008 Y87.807 E5.44295
G1 X111.831 Y88.572 E5.46953
G1 X111.808 Y89.113 E5.48786
G1 X111.881 Y89.724 E5.50869
G1 X112.102 Y90.448 E5.53431
G1 X112.387 Y90.982 E5.5548
G1 X112.689 Y91.391 E5.57201
G1 X112.905 Y91.625 E5.58279
G1 X113.291 Y91.957 E5.60002
G1 X113.68 Y92.203 E5.6156
G1 X114.147 Y92.44 E5.63333
G1 X114.7 Y92.608 E5.65289
G1 X115.318 Y92.685 E5.67397
G1 X115.66 Y92.687 E5.68555
G1 X116.166 Y92.63 E5.70279
G1 X116.571 Y92.526 E5.71694
G1 X117.198 Y92.28 E5.73974
G1 X117.668 Y91.991 E5.75842
G1 X118.094 Y91.63 E5.77732
G1 X118.493 Y91.16 E5.79819
G1 X118.891 Y90.456 E5.82556
G1 X119.13 Y89.664 E5.85356
G1 X119.187 Y89.159 E5.87076
G1 X119.187 Y88.841 E5.88152
G1 X119.059 Y88.024 E5.90951
G1 X118.891 Y87.544 E5.92672
G1 X118.753 Y87.256 E5.93753
G1 X118.482 Y86.825 E5.95476
G1 X118.164 Y86.446 E5.97151
G1 X120.054 Y86.446 E6.03548
G1 X120.054 Y113.494 E6.95102
G1 X120.461 Y113.961 F7200
G1 F2700
G1 X79.539 Y113.961 E8.33618
G1 X79.539 Y86.039 E9.28131
G1 X114.077 Y86.039 E10.45038
G1 X113.557 Y86.352 E10.47092
G1 X113.016 Y86.851 E10.49583
G1 X112.616 Y87.423 E10.51946
G1 X112.401 Y87.911 E10.53751
G1 X112.268 Y88.417 E10.55522
G1 X112.214 Y89.081 E10.57777
G1 X112.274 Y89.618 E10.59606
G1 X112.468 Y90.271 E10.61912
G1 X112.728 Y90.759 E10.63784
G1 X113.171 Y91.316 E10.66193
G1 X113.745 Y91.777 E10.68685
G1 X114.296 Y92.061 E10.70783
G1 X114.784 Y92.21 E10.7251
G1 X115.363 Y92.28 E10.74484
G1 X115.794 Y92.262 E10.75944
G1 X116.342 Y92.175 E10.77822
G1 X116.822 Y92.007 E10.79543
G1 X117.288 Y91.758 E10.81331
G1 X117.794 Y91.354 E10.83523
G1 X118.147 Y90.944 E10.85354
G1 X118.507 Y90.322 E10.87787
G1 X118.726 Y89.619 E10.90279
G1 X118.783 Y88.886 E10.92768
G1 X118.675 Y88.159 E10.95256
G1 X118.408 Y87.473 E10.97748
G1 X118.137 Y87.042 E10.99471
G1 X117.791 Y86.643 E11.01259
G1 X117.414 Y86.328 E11.02922
G1 X116.906 Y86.039 E11.049
G1 X120.461 Y86.039 E11.16933
G1 X120.461 Y113.901 E12.11242
G1 X120.868 Y114.368 F7200
G1 F2700
G1 X79.132 Y114.368 E13.52513
G1 X79.132 Y85.632 E14.49781
G1 X114.186 Y85.632 E15.68434
;WIDTH:0.48533
G1 X114.54 Y85.65 E15.69738
;WIDTH:0.52066
G1 X114.894 Y85.667 E15.71146
G1 X115.546 Y85.652 E15.73737
;WIDTH:0.517053
G1 X116.067 Y85.666 E15.75792
G1 X116.321 Y85.649 E15.76796
;WIDTH:0.483526
G1 X116.575 Y85.632 E15.77729
;WIDTH:0.449999
G1 X120.868 Y85.632 E15.9226
G1 X120.868 Y114.308 E16.89325
G1 X121.275 Y114.775 F7200
;TYPE:External perimeter
G1 F1800
G1 X78.725 Y114.775 E18.33351
G1 X78.725 Y85.225 E19.33374
G1 X121.275 Y85.225 E20.774
G1 X121.275 Y114.715 E21.7722
G1 X120.879 Y114.774 F7200
G1 E19.7722 F2400
G92 E0
G1 X98.163 Y113.024 F7200
G1 E2 F2400
;TYPE:Internal infill
;WIDTH:0.45
G1 F3300
G1 X98.163 Y112.087 E2.03172
G1 X97.837 Y112.087 E2.04275
G1 X97.837 Y113.039 E2.07497
G1 X98.163 Y113.248 E2.08808
G1 X97.837 Y113.243 E2.09912
G1 E.09912 F2400
G92 E0
G1 X118.913 Y86.822 F7200
G1 E2 F2400
;TYPE:Solid infill
;WIDTH:0.590099
G1 X119.678 Y86.822 E2.03481
G1 X119.684 Y87.152 E2.04983
;WIDTH:0.578392
G1 X119.706 Y87.437 E2.06256
;WIDTH:0.53473
G1 X119.728 Y87.723 E2.07429
;WIDTH:0.491068
G1 X119.75 Y88.009 E2.08498
;WIDTH:0.447406
G1 X119.772 Y88.294 E2.09459
;WIDTH:0.403744
G1 X119.788 Y89.032 E2.11674
;WIDTH:0.40745
G1 X119.77 Y89.752 E2.13857
;WIDTH:0.456787
G1 X119.745 Y90.56 E2.16639
G1 X119.637 Y90.439 E2.17197
G1 X119.511 Y90.373 E2.17686
G1 X119.337 Y90.432 E2.18318
G1 X119.123 Y90.645 E2.19357
G1 X119.346 Y90.092 E2.21409
G1 X119.379 Y89.89 E2.22113
;WIDTH:0.430263
G1 X119.412 Y89.688 E2.22772
;WIDTH:0.403739
G1 X119.461 Y88.984 E2.24889
;WIDTH:0.412831
G1 X119.404 Y88.45 E2.26541
;WIDTH:0.454737
G1 X119.347 Y87.915 E2.28383
;WIDTH:0.495956
G1 X119.286 Y87.692 E2.29254
;WIDTH:0.537174
G1 X119.226 Y87.468 E2.30207
;WIDTH:0.578392
G1 X119.165 Y87.245 E2.31236
;WIDTH:0.585261
G1 X119.018 Y86.996 E2.3254
G1 E.3254
G92 E0
G1 X80.362 Y86.785 F7200
G1 E2 F2400
;WIDTH:0.548766
G1 X80.317 Y86.74 E2.00268
G1 X80.256 Y86.756 E2.00533
G1 X80.24 Y86.817 E2.00798
G1 X80.285 Y86.862 E2.01066
G1 X80.346 Y86.846 E2.01331
G1 X80.119 Y87.641 F7200
;WIDTH:0.38292
G1 F2400
G1 X80.048 Y87.622 E2.01539
G1 X80.067 Y87.693 E2.01747
G1 X80.108 Y87.682 E2.01867
;WIDTH:0.41646
G1 X80.18 Y87.589 E2.02232
;WIDTH:0.449999
G1 X80.252 Y87.496 E2.0263
G1 X80.996 Y86.752 E2.06191
G1 X81.089 Y86.68 E2.06589
;WIDTH:0.41646
G1 X81.182 Y86.608 E2.06954
;WIDTH:0.38292
G1 X81.141 Y86.619 E2.07074
G1 X81.122 Y86.548 E2.07282
G1 X81.193 Y86.567 E2.0749
;WIDTH:0.449999
G1 X81.572 Y86.752 E2.08918
G1 X80.252 Y88.072 E2.15237
G1 X80.252 Y88.647 E2.17183
G1 X82.147 Y86.752 E2.26254
G1 X82.723 Y86.752 E2.28204
G1 X80.252 Y89.223 E2.40033
G1 X80.252 Y89.799 E2.41983
G1 X83.299 Y86.752 E2.56569
G1 X83.874 Y86.752 E2.58515
G1 X80.252 Y90.374 E2.75853
G1 X80.252 Y90.95 E2.77803
G1 X84.45 Y86.752 E2.97899
G1 X85.026 Y86.752 E2.99849
G1 X80.252 Y91.526 E3.22702
G1 X80.252 Y92.101 E3.24648
G1 X85.601 Y86.752 E3.50253
G1 X86.177 Y86.752 E3.52203
G1 X80.252 Y92.677 E3.80566
G1 X80.252 Y93.253 E3.82516
G1 X86.753 Y86.752 E4.13636
G1 X87.329 Y86.752 E4.15586
G1 X80.252 Y93.829 E4.49463
G1 X80.252 Y94.404 E4.51409
G1 X87.904 Y86.752 E4.88039
G1 X88.48 Y86.752 E4.89989
G1 X80.252 Y94.98 E5.29376
G1 X80.252 Y95.556 E5.31326
G1 X89.056 Y86.752 E5.7347
G1 X89.631 Y86.752 E5.75416
G1 X80.252 Y96.131 E6.20313
G1 X80.252 Y96.707 E6.22263
G1 X90.207 Y86.752 E6.69917
G1 X90.783 Y86.752 E6.71867
G1 X80.252 Y97.283 E7.22278
G1 X80.252 Y97.858 E7.24224
G1 X91.358 Y86.752 E7.77388
G1 X91.934 Y86.752 E7.79338
G1 X80.252 Y98.434 E8.35259
G1 X80.252 Y99.01 E8.37209
G1 X92.51 Y86.752 E8.95887
G1 X93.085 Y86.752 E8.97833
G1 X80.252 Y99.585 E9.59264
G1 X80.252 Y100.161 E9.61214
G1 X93.661 Y86.752 E10.25402
G1 X94.237 Y86.752 E10.27352
G1 X80.252 Y100.737 E10.94297
G1 X80.252 Y101.313 E10.96247
G1 X94.813 Y86.752 E11.6595
G1 X95.388 Y86.752 E11.67896
G1 X80.252 Y101.888 E12.40351
G1 X80.252 Y102.464 E12.42301
G1 X95.964 Y86.752 E13.17513
G1 X96.54 Y86.752 E13.19463
G1 X80.252 Y103.04 E13.97433
G1 X80.252 Y103.615 E13.99379
G1 X97.115 Y86.752 E14.80101
G1 X97.691 Y86.752 E14.82051
G1 X80.252 Y104.191 E15.6553
G1 X80.252 Y104.767 E15.6748
G1 X98.267 Y86.752 E16.53717
G1 X98.842 Y86.752 E16.55663
G1 X80.252 Y105.342 E17.44652
G1 X80.252 Y105.918 E17.46602
G1 X99.418 Y86.752 E18.38348
G1 X99.994 Y86.752 E18.40298
G1 X80.252 Y106.494 E19.34802
G1 X80.252 Y107.07 E19.36752
G1 X100.57 Y86.752 E20.34013
G1 X101.145 Y86.752 E20.35959
G1 X80.252 Y107.645 E21.35972
G1 X80.252 Y108.221 E21.37922
G1 X101.721 Y86.752 E22.40693
G1 X102.297 Y86.752 E22.42643
G1 X80.252 Y108.797 E23.48171
G1 X80.252 Y109.372 E23.50117
G1 X102.872 Y86.752 E24.58398
G1 X103.448 Y86.752 E24.60348
G1 X80.252 Y109.948 E25.71386
G1 X80.252 Y110.524 E25.73336
G1 X104.024 Y86.752 E26.87131
G1 X104.599 Y86.752 E26.89077
G1 X80.252 Y111.099 E28.05625
G1 X80.252 Y111.675 E28.07575
G1 X105.175 Y86.752 E29.2688
G1 X105.751 Y86.752 E29.2883
G1 X80.252 Y112.251 E30.50892
G1 X80.252 Y112.827 E30.52842
G1 X106.327 Y86.752 E31.77661
G1 X106.902 Y86.752 E31.79607
G1 X80.405 Y113.248 E33.06444
G1 X80.296 Y113.296 E33.06847
;WIDTH:0.41646
G1 X80.186 Y113.344 E33.0722
;WIDTH:0.38292
G1 X80.115 Y113.325 E33.07428
G1 X80.134 Y113.396 E33.07636
G1 X80.175 Y113.385 E33.07756
G1 X80.981 Y113.248 F7200
;WIDTH:0.449999
G1 F2400
G1 X107.478 Y86.752 E34.34593
G1 X108.054 Y86.752 E34.36543
G1 X81.557 Y113.248 E35.6338
G1 X82.132 Y113.248 E35.65326
G1 X108.629 Y86.752 E36.92163
G1 X109.205 Y86.752 E36.94113
G1 X82.708 Y113.248 E38.2095
G1 X83.284 Y113.248 E38.229
G1 X109.781 Y86.752 E39.49737
G1 X110.356 Y86.752 E39.51683
G1 X83.859 Y113.248 E40.7852
G1 X84.435 Y113.248 E40.8047
G1 X110.932 Y86.752 E42.07307
G1 X111.508 Y86.752 E42.09257
G1 X85.011 Y113.248 E43.36094
G1 X85.587 Y113.248 E43.38044
G1 X112.083 Y86.752 E44.64879
G1 X112.263 Y86.715 E44.65501
;WIDTH:0.41646
G1 X112.442 Y86.679 E44.66068
;WIDTH:0.38292
G1 X112.401 Y86.69 E44.66188
G1 X112.382 Y86.619 E44.66396
G1 X112.453 Y86.638 E44.66604
G1 X111.925 Y87.393 F7200
G1 F2400
G1 X111.937 Y87.552 E44.67055
G1 X111.881 Y87.719 E44.67553
;WIDTH:0.41646
G1 X111.806 Y87.7 E44.67793
;WIDTH:0.449999
G1 X111.73 Y87.681 E44.68058
G1 X86.162 Y113.248 E45.90448
G1 X86.738 Y113.248 E45.92398
G1 X111.544 Y88.442 E47.11143
G1 X111.506 Y89.056 E47.13225
G1 X87.314 Y113.248 E48.29031
G1 X87.889 Y113.248 E48.30977
G1 X111.549 Y89.589 E49.44234
G1 X111.658 Y90.056 E49.45857
G1 X88.465 Y113.248 E50.56878
G1 X89.041 Y113.248 E50.58828
G1 X111.792 Y90.497 E51.67736
G1 X111.975 Y90.889 E51.692
G1 X89.616 Y113.248 E52.76231
G1 X90.192 Y113.248 E52.78181
G1 X112.2 Y91.24 E53.83532
G1 X112.446 Y91.57 E53.84925
G1 X90.768 Y113.248 E54.88696
G1 X91.344 Y113.248 E54.90646
G1 X112.722 Y91.87 E55.92981
G1 X113.031 Y92.136 E55.94361
G1 X91.919 Y113.248 E56.95423
G1 X92.495 Y113.248 E56.97373
G1 X113.364 Y92.379 E57.97272
G1 X113.741 Y92.578 E57.98715
G1 X93.071 Y113.248 E58.97661
G1 X93.646 Y113.248 E58.99607
G1 X114.142 Y92.752 E59.9772
G1 X114.582 Y92.889 E59.9928
G1 X94.222 Y113.248 E60.9674
G1 X94.798 Y113.248 E60.9869
G1 X115.083 Y92.963 E61.95793
G1 X115.627 Y92.995 E61.97638
G1 X95.373 Y113.248 E62.9459
G1 X95.823 Y113.452 E62.96262
;WIDTH:0.38292
G1 X95.782 Y113.463 E62.96382
G1 X95.763 Y113.392 E62.9659
G1 X95.834 Y113.411 E62.96798
;WIDTH:0.41646
G1 X95.891 Y113.33 E62.97106
;WIDTH:0.449999
G1 X95.949 Y113.248 E62.97446
G1 X116.281 Y92.917 E63.94772
G1 X116.439 Y92.848 E63.95356
;WIDTH:0.41646
G1 X116.596 Y92.78 E63.95887
;WIDTH:0.38292
G1 X116.555 Y92.791 E63.96007
G1 X116.536 Y92.72 E63.96215
G1 X116.607 Y92.739 E63.96423
G1 E61.96423
G92 E0
G1 X97.43 Y112.343 F7200
G1 E2 F2400
;WIDTH:0.449999
G1 X96.525 Y113.248 E2.04332
G1 X96.401 Y113.303 E2.04791
;WIDTH:0.41646
G1 X96.278 Y113.357 E2.05208
;WIDTH:0.38292
G1 X96.207 Y113.338 E2.05416
G1 X96.226 Y113.409 E2.05624
G1 X96.267 Y113.398 E2.05744
;WIDTH:0.449999
G1 X96.985 Y113.411 E2.08175
;WIDTH:0.38292
G1 X96.914 Y113.392 E2.08383
G1 X96.933 Y113.463 E2.08591
G1 X96.974 Y113.452 E2.08711
;WIDTH:0.41646
G1 X97.037 Y113.35 E2.09083
;WIDTH:0.449999
G1 X97.101 Y113.248 E2.09491
G1 X97.43 Y112.919 E2.11066
G1 X97.532 Y112.856 E2.11472
;WIDTH:0.41646
G1 X97.634 Y112.793 E2.11844
;WIDTH:0.38292
G1 X97.593 Y112.804 E2.11964
G1 X97.574 Y112.733 E2.12172
G1 X97.645 Y112.752 E2.1238
;WIDTH:0.449999
G1 X97.579 Y112.086 E2.14645
;WIDTH:0.38292
G1 X97.538 Y112.097 E2.14765
G1 X97.519 Y112.025 E2.14976
G1 X97.59 Y112.044 E2.15184
G1 X97.794 Y111.837 E2.16006
G1 X97.775 Y111.766 E2.16214
G1 X97.847 Y111.785 E2.16425
;WIDTH:0.41646
G1 X97.97 Y111.733 E2.1684
;WIDTH:0.449999
G1 X98.093 Y111.68 E2.17293
G1 X117.124 Y92.649 E3.08393
G1 X117.268 Y92.543 E3.08998
;WIDTH:0.41646
G1 X117.412 Y92.436 E3.09555
;WIDTH:0.38292
G1 X118.038 Y91.92 E3.11849
G1 X118.47 Y91.483 E3.13586
G1 X119.483 Y90.866 F7200
;WIDTH:0.449999
G1 F2400
G1 X98.51 Y111.839 E4.13982
G1 E2.13982
G92 E0
G1 X113.197 Y97.728 F7200
G1 E2 F2400
G1 X119.748 Y91.176 E2.31362
G1 X119.748 Y91.752 E2.33312
G1 X114.304 Y97.196 E2.59372
G1 X114.162 Y97.289 E2.59947
;WIDTH:0.41646
G1 X114.019 Y97.382 E2.60477
;WIDTH:0.38292
G1 X114.173 Y97.401 E2.60916
G1 X114.355 Y97.351 E2.6145
;WIDTH:0.449999
G1 X115.033 Y97.043 E2.63971
G1 X119.748 Y92.328 E2.86541
G1 X119.748 Y92.903 E2.88487
G1 X115.645 Y97.006 E3.08128
G1 X116.168 Y97.06 E3.09908
G1 X119.748 Y93.479 E3.27048
G1 X119.748 Y94.055 E3.28998
G1 X116.627 Y97.176 E3.43938
G1 X117.06 Y97.319 E3.45482
G1 X119.748 Y94.63 E3.58352
G1 X119.748 Y95.206 E3.60302
G1 X117.445 Y97.509 E3.71326
G1 E1.71326
G92 E0
G1 X119.605 Y95.926 F7200
G1 E2 F2400
G1 X117.788 Y97.742 E2.08695
G1 X118.334 Y98.185 E2.11075
G1 X118.889 Y98.886 E2.14101
G1 X119.258 Y99.636 E2.1693
G1 X119.409 Y100.282 E2.19176
;WIDTH:0.408997
G1 X119.461 Y100.984 E2.21319
;WIDTH:0.410857
G1 X119.401 Y101.787 E2.23783
;WIDTH:0.459577
G1 X119.274 Y102.334 E2.25728
G1 X119.081 Y102.775 E2.27396
G1 X119.425 Y102.432 E2.29079
G1 X119.547 Y102.385 E2.29532
G1 X119.744 Y102.484 E2.30296
G1 X119.765 Y101.869 E2.32428
;WIDTH:0.41694
G1 X119.788 Y101.033 E2.35029
;WIDTH:0.403817
G1 X119.772 Y100.293 E2.3725
;WIDTH:0.449999
G1 X119.748 Y99.612 E2.39557
G1 X119.748 Y95.782 E2.52521
G1 X119.341 Y96.765 F7200
G1 F2400
G1 X119.341 Y98.875 E2.59663
G1 X119.21 Y98.635 E2.60589
G1 X118.687 Y97.967 E2.63461
G1 X118.395 Y97.711 E2.64775
G1 X119.197 Y96.908 E2.68617
G1 E.68617
G92 E0
G1 X112.909 Y98.004 F7200
G1 E2 F2400
;WIDTH:0.433324
G1 X112.548 Y98.35 E2.01623
;WIDTH:0.449999
G1 X112.287 Y98.638 E2.02939
G1 X98.57 Y112.355 E2.68601
G1 X98.57 Y112.93 E2.70547
G1 X111.696 Y99.804 E3.3338
G1 X111.786 Y99.769 E3.33707
;WIDTH:0.41646
G1 X111.876 Y99.735 E3.34006
;WIDTH:0.38292
G1 X111.873 Y99.516 E3.34625
G1 X111.549 Y100.527 F7200
;WIDTH:0.449999
G1 F2400
G1 X98.828 Y113.248 E3.9552
G1 X99.403 Y113.248 E3.97466
G1 X111.508 Y101.144 E4.55409
G1 X111.558 Y101.67 E4.57197
G1 X99.979 Y113.248 E5.12623
G1 X100.555 Y113.248 E5.14573
G1 X111.675 Y102.128 E5.67804
G1 X111.819 Y102.56 E5.69345
G1 X101.13 Y113.248 E6.2051
G1 X101.706 Y113.248 E6.2246
G1 X112.011 Y102.943 E6.71789
G1 X112.245 Y103.286 E6.73194
G1 X102.282 Y113.248 E7.20884
G1 X102.857 Y113.248 E7.2283
G1 X112.497 Y103.609 E7.68974
G1 X112.763 Y103.918 E7.70354
G1 X103.433 Y113.248 E8.15016
G1 X104.009 Y113.248 E8.16966
G1 X113.09 Y104.168 E8.60434
G1 X113.421 Y104.412 E8.61826
G1 X104.585 Y113.248 E9.04123
G1 X105.16 Y113.248 E9.06069
G1 X113.803 Y104.606 E9.4744
G1 X114.222 Y104.762 E9.48953
G1 X105.736 Y113.248 E9.89575
G1 X106.312 Y113.248 E9.91525
G1 X114.655 Y104.905 E10.31462
G1 X115.164 Y104.972 E10.332
G1 X106.887 Y113.248 E10.72819
G1 X107.463 Y113.248 E10.74769
G1 X115.724 Y104.988 E11.14311
G1 X116.428 Y104.71 E11.16873
;WIDTH:0.38292
G1 X116.594 Y104.693 E11.17345
G1 X116.684 Y104.719 E11.1761
;WIDTH:0.41646
G1 X116.542 Y104.804 E11.18124
;WIDTH:0.449999
G1 X116.399 Y104.888 E11.18685
G1 X108.039 Y113.248 E11.58704
G1 X108.614 Y113.248 E11.6065
G1 X117.293 Y104.57 E12.02193
G1 X117.437 Y104.455 E12.02817
;WIDTH:0.41646
G1 X117.581 Y104.339 E12.03391
;WIDTH:0.38292
G1 X118.178 Y103.824 E12.0562
G1 X118.488 Y103.508 E12.06871
G1 X119.558 Y102.881 F7200
;WIDTH:0.449999
G1 F2400
G1 X109.19 Y113.248 E12.565
G1 X109.766 Y113.248 E12.5845
G1 X119.748 Y103.266 E13.06233
G1 X119.748 Y103.842 E13.08183
G1 X110.342 Y113.248 E13.53209
G1 X110.917 Y113.248 E13.55155
G1 X119.748 Y104.417 E13.97428
G1 X119.748 Y104.993 E13.99378
G1 X111.493 Y113.248 E14.38894
G1 X112.069 Y113.248 E14.40844
G1 X119.748 Y105.569 E14.77603
G1 X119.748 Y106.144 E14.79549
G1 X112.644 Y113.248 E15.13555
G1 X113.22 Y113.248 E15.15505
G1 X119.748 Y106.72 E15.46754
G1 X119.748 Y107.296 E15.48704
G1 X113.796 Y113.248 E15.77196
G1 X114.371 Y113.248 E15.79142
G1 X119.748 Y107.871 E16.04881
G1 X119.748 Y108.447 E16.06831
G1 X114.947 Y113.248 E16.29813
G1 X115.523 Y113.248 E16.31763
G1 X119.748 Y109.023 E16.51988
G1 X119.748 Y109.598 E16.53934
G1 X116.098 Y113.248 E16.71406
G1 X116.674 Y113.248 E16.73356
G1 X119.748 Y110.174 E16.88071
G1 X119.748 Y110.75 E16.90021
G1 X117.25 Y113.248 E17.01979
G1 X117.699 Y113.452 E17.03648
;WIDTH:0.38292
G1 X117.658 Y113.463 E17.03768
G1 X117.639 Y113.392 E17.03976
G1 X117.71 Y113.411 E17.04184
;WIDTH:0.41646
G1 X117.768 Y113.33 E17.04493
;WIDTH:0.449999
G1 X117.826 Y113.248 E17.04833
G1 X119.748 Y111.326 E17.14033
G1 X119.748 Y113.248 E17.20539
G1 X118.401 Y113.248 E17.25098
G1 X119.605 Y112.045 E17.30859
;LAYER_CHANGE
;Z:5.8
;HEIGHT:0.2
G1 E15.30859 F2400
G92 E0
G1 Z5.8 F7200
G1 X116.841 Y97.582
G1 E2 F2400
;TYPE:Perimeter
G1 F1200
G1 X117.202 Y97.725 E2.01314
G1 X117.891 Y98.189 E2.04126
G1 X118.457 Y98.791 E2.06923
G1 X118.78 Y99.302 E2.08969
G1 X119.059 Y100.024 E2.11589
G1 X119.187 Y100.841 E2.14388
G1 X119.187 Y101.159 E2.15464
G1 X119.13 Y101.665 E2.17188
G1 X118.976 Y102.25 E2.19236
G1 X118.636 Y102.946 E2.21858
G1 X118.125 Y103.595 E2.24654
G1 X117.482 Y104.113 E2.27449
G1 X116.948 Y104.398 E2.29498
G1 X116.425 Y104.576 E2.31368
G1 X115.659 Y104.687 E2.33988
G1 X115.341 Y104.687 E2.35064
G1 X114.835 Y104.63 E2.36788
G1 X114.25 Y104.476 E2.38836
G1 X113.554 Y104.136 E2.41458
G1 X113.291 Y103.956 E2.42537
G1 X112.905 Y103.625 E2.44258
G1 X112.689 Y103.391 E2.45336
G1 X112.387 Y102.982 E2.47057
G1 X112.207 Y102.658 E2.48312
G1 X111.962 Y102.036 E2.50575
G1 X111.872 Y101.677 E2.51828
G1 X111.813 Y101.163 E2.53579
G1 X111.812 Y100.842 E2.54666
G1 X111.879 Y100.263 E2.56639
G1 X112.023 Y99.754 E2.5843
G1 X112.249 Y99.246 E2.60312
G1 X112.689 Y98.609 E2.62933
G1 X112.905 Y98.375 E2.64011
G1 X113.291 Y98.043 E2.65734
G1 X113.802 Y97.72 E2.6778
G1 X114.524 Y97.441 E2.704
G1 X114.839 Y97.369 E2.71494
G1 X115.369 Y97.309 E2.73299
G1 X115.941 Y97.333 E2.75237
G1 X116.477 Y97.438 E2.77086
G1 X116.786 Y97.56 E2.7821
G1 X116.696 Y97.954 F7200
G1 F1200
G1 X117.04 Y98.099 E2.79474
G1 X117.649 Y98.516 E2.81972
G1 X118.148 Y99.057 E2.84463
G1 X118.428 Y99.505 E2.86251
G1 X118.675 Y100.158 E2.88614
G1 X118.783 Y100.886 E2.91105
G1 X118.726 Y101.619 E2.93594
G1 X118.587 Y102.13 E2.95387
G1 X118.276 Y102.756 E2.97753
G1 X117.816 Y103.329 E3.0024
G1 X117.24 Y103.786 E3.02729
G1 X116.771 Y104.031 E3.0452
G1 X116.119 Y104.226 E3.06824
G1 X115.614 Y104.283 E3.08544
G1 X114.881 Y104.226 E3.11033
G1 X114.37 Y104.087 E3.12826
G1 X113.744 Y103.776 E3.15192
G1 X113.171 Y103.316 E3.17679
G1 X112.714 Y102.74 E3.20168
G1 X112.586 Y102.509 E3.21062
G1 X112.341 Y101.887 E3.23325
G1 X112.277 Y101.631 E3.24218
G1 X112.217 Y101.116 E3.25973
G1 X112.272 Y100.391 E3.28434
G1 X112.412 Y99.873 E3.3025
G1 X112.644 Y99.368 E3.32131
G1 X113.016 Y98.851 E3.34287
G1 X113.556 Y98.352 E3.36776
G1 X114.005 Y98.072 E3.38567
G1 X114.659 Y97.825 E3.40933
G1 X115.376 Y97.718 E3.43387
G1 X115.912 Y97.739 E3.45203
G1 X116.458 Y97.854 E3.47092
G1 X116.64 Y97.931 E3.47761
G1 X116.548 Y98.329 F7200
G1 F1200
G1 X116.878 Y98.473 E3.4898
G1 X117.408 Y98.844 E3.5117
G1 X117.84 Y99.322 E3.53351
G1 X118.123 Y99.812 E3.55266
G1 X118.291 Y100.293 E3.56991
G1 X118.378 Y100.932 E3.59174
G1 X118.321 Y101.574 E3.61356
G1 X118.154 Y102.115 E3.63272
G1 X117.916 Y102.565 E3.64995
G1 X117.508 Y103.063 E3.67174
G1 X116.998 Y103.458 E3.69358
G1 X116.51 Y103.698 E3.71199
G1 X116.074 Y103.821 E3.72732
G1 X115.568 Y103.878 E3.74456
G1 X114.926 Y103.821 E3.76638
G1 X114.385 Y103.654 E3.78554
G1 X113.935 Y103.416 E3.80277
G1 X113.437 Y103.008 E3.82456
G1 X113.042 Y102.498 E3.8464
G1 X112.72 Y101.738 E3.87434
G1 X112.622 Y101.07 E3.89719
G1 X112.677 Y100.436 E3.91873
G1 X112.816 Y99.949 E3.93587
G1 X113.042 Y99.502 E3.95282
G1 X113.344 Y99.092 E3.97006
G1 X113.822 Y98.66 E3.99187
G1 X114.257 Y98.4 E4.00902
G1 X114.793 Y98.209 E4.02828
G1 X115.422 Y98.122 E4.04977
G1 X115.934 Y98.151 E4.06713
G1 X116.404 Y98.267 E4.08352
G1 X116.493 Y98.306 E4.08681
G1 X116.399 Y98.709 F7200
;TYPE:External perimeter
G1 F1200
G1 X116.717 Y98.846 E4.09853
G1 X117.166 Y99.171 E4.11729
G1 X117.531 Y99.588 E4.13605
G1 X117.738 Y99.947 E4.15008
G1 X117.907 Y100.427 E4.16731
G1 X117.974 Y100.977 E4.18606
G1 X117.917 Y101.528 E4.20481
G1 X117.794 Y101.925 E4.21888
G1 X117.557 Y102.375 E4.2361
G1 X117.199 Y102.798 E4.25486
G1 X116.757 Y103.131 E4.27359
G1 X116.39 Y103.309 E4.2874
G1 X116.028 Y103.417 E4.30019
G1 X115.523 Y103.474 E4.31739
G1 X114.972 Y103.417 E4.33614
G1 X114.575 Y103.294 E4.35021
G1 X114.125 Y103.056 E4.36744
G1 X113.702 Y102.699 E4.38618
G1 X113.369 Y102.257 E4.40491
G1 X113.098 Y101.589 E4.42931
G1 X113.026 Y101.023 E4.44862
G1 X113.081 Y100.481 E4.46706
G1 X113.202 Y100.082 E4.48117
G1 X113.369 Y99.743 E4.49396
G1 X113.671 Y99.334 E4.51117
G1 X114.088 Y98.969 E4.52993
G1 X114.448 Y98.761 E4.544
G1 X114.928 Y98.593 E4.56121
G1 X115.468 Y98.527 E4.57962
G1 X115.884 Y98.555 E4.59373
G1 X116.242 Y98.64 E4.60618
G1 X116.344 Y98.685 E4.60995
G1 X116.707 Y98.853 F7200
G1 E2.60995 F2400
G92 E0
G1 X112.7 Y88.371 F7200
G1 E2 F2400
;TYPE:Perimeter
G1 F1200
G1 X112.835 Y87.905 E2.01642
G1 X113.042 Y87.502 E2.03176
G1 X113.344 Y87.092 E2.049
G1 X113.822 Y86.66 E2.07081
G1 X114.291 Y86.385 E2.08921
;WIDTH:0.497537
G1 X114.511 Y86.282 E2.09839
;WIDTH:0.545074
G1 X114.731 Y86.179 E2.10853
G1 X115.063 Y86.141 E2.12248
;WIDTH:0.519735
G1 X115.396 Y86.103 E2.13577
;WIDTH:0.517057
G1 X116.005 Y86.132 E2.15981
G1 X116.247 Y86.214 E2.16988
;WIDTH:0.483528
G1 X116.488 Y86.296 E2.17921
;WIDTH:0.449999
G1 X117.065 Y86.583 E2.20102
G1 X117.493 Y86.92 E2.21946
G1 X117.793 Y87.259 E2.23478
G1 X118.064 Y87.69 E2.25201
G1 X118.291 Y88.293 E2.27382
G1 X118.378 Y88.932 E2.29565
G1 X118.321 Y89.574 E2.31747
G1 X118.127 Y90.178 E2.33894
G1 X117.84 Y90.677 E2.35842
G1 X117.508 Y91.063 E2.37565
G1 X117.085 Y91.406 E2.39408
G1 X116.688 Y91.623 E2.40939
G1 X116.208 Y91.791 E2.4266
G1 X115.569 Y91.878 E2.44843
G1 X114.927 Y91.821 E2.47025
G1 X114.313 Y91.623 E2.49209
G1 X113.864 Y91.373 E2.50949
G1 X113.437 Y91.008 E2.5285
G1 X113.042 Y90.498 E2.55034
G1 X112.802 Y90.01 E2.56875
G1 X112.682 Y89.596 E2.58334
G1 X112.626 Y89.126 E2.59936
G1 X112.675 Y88.459 E2.622
G1 X112.684 Y88.428 E2.62309
G1 X113.09 Y88.459 F7200
;TYPE:External perimeter
G1 F1200
G1 X113.202 Y88.082 E2.6364
G1 X113.369 Y87.743 E2.64919
G1 X113.671 Y87.334 E2.6664
G1 X114.088 Y86.969 E2.68516
G1 X114.44 Y86.764 E2.69895
G1 X114.799 Y86.628 E2.71194
G1 X115.46 Y86.528 E2.73457
G1 X115.891 Y86.557 E2.74919
G1 X116.383 Y86.689 E2.76643
G1 X116.875 Y86.943 E2.78517
G1 X117.194 Y87.196 E2.79895
G1 X117.448 Y87.475 E2.81172
G1 X117.719 Y87.907 E2.82898
G1 X117.907 Y88.428 E2.84773
G1 X117.974 Y88.977 E2.86645
G1 X117.917 Y89.529 E2.88523
G1 X117.742 Y90.044 E2.90364
G1 X117.531 Y90.412 E2.918
G1 X117.199 Y90.798 E2.93523
G1 X116.881 Y91.053 E2.94903
G1 X116.553 Y91.238 E2.96178
G1 X116.073 Y91.407 E2.97901
G1 X115.523 Y91.474 E2.99776
G1 X114.972 Y91.417 E3.01651
G1 X114.447 Y91.239 E3.03527
G1 X114.088 Y91.031 E3.04931
G1 X113.702 Y90.699 E3.06654
G1 X113.369 Y90.257 E3.08527
G1 X113.191 Y89.89 E3.09908
G1 X113.084 Y89.536 E3.1116
G1 X113.032 Y89.155 E3.12462
G1 X113.079 Y88.517 E3.14627
G1 X113.189 Y88.133 F7200
G1 E1.14627 F2400
G92 E0
G1 X120.054 Y113.554 F7200
G1 E2 F2400
;TYPE:Perimeter
G1 F2700
G1 X79.946 Y113.554 E3.35761
G1 X79.946 Y86.446 E4.27518
G1 X112.839 Y86.446 E5.38857
G1 X112.689 Y86.609 E5.39607
G1 X112.249 Y87.246 E5.42228
G1 X112.023 Y87.754 E5.4411
G1 X111.863 Y88.399 E5.46359
G1 X111.826 Y89.383 E5.49692
G1 X111.924 Y89.925 E5.51556
G1 X112.102 Y90.448 E5.53426
G1 X112.387 Y90.982 E5.55475
G1 X112.689 Y91.391 E5.57196
G1 X112.905 Y91.625 E5.58274
G1 X113.508 Y92.111 E5.60895
G1 X114.044 Y92.391 E5.62942
G1 X114.673 Y92.603 E5.65189
G1 X115.326 Y92.686 E5.67417
G1 X115.66 Y92.687 E5.68548
G1 X116.166 Y92.63 E5.70272
G1 X116.574 Y92.525 E5.71698
G1 X117.198 Y92.28 E5.73967
G1 X117.668 Y91.991 E5.75835
G1 X118.125 Y91.594 E5.77884
G1 X118.613 Y90.988 E5.80518
G1 X118.896 Y90.446 E5.82588
G1 X119.13 Y89.665 E5.85348
G1 X119.187 Y89.159 E5.87072
G1 X119.187 Y88.841 E5.88148
G1 X119.06 Y88.025 E5.90943
G1 X118.892 Y87.544 E5.92668
G1 X118.753 Y87.257 E5.93747
G1 X118.482 Y86.826 E5.9547
G1 X118.164 Y86.446 E5.97147
G1 X120.054 Y86.446 E6.03544
G1 X120.054 Y113.494 E6.95098
G1 X120.461 Y113.961 F7200
G1 F2700
G1 X79.539 Y113.961 E8.33614
G1 X79.539 Y86.039 E9.28127
G1 X114.074 Y86.039 E10.45024
G1 X113.557 Y86.352 E10.4707
G1 X113.016 Y86.851 E10.49561
G1 X112.714 Y87.26 E10.51282
G1 X112.412 Y87.873 E10.53595
G1 X112.269 Y88.429 E10.55538
G1 X112.22 Y89.096 E10.57802
G1 X112.279 Y89.657 E10.59711
G1 X112.469 Y90.271 E10.61887
G1 X112.714 Y90.74 E10.63678
G1 X113.171 Y91.316 E10.66167
G1 X113.712 Y91.758 E10.68532
G1 X114.178 Y92.007 E10.7032
G1 X114.765 Y92.206 E10.72418
G1 X115.372 Y92.281 E10.74488
G1 X115.801 Y92.262 E10.75942
G1 X116.342 Y92.175 E10.77797
G1 X116.822 Y92.007 E10.79518
G1 X117.414 Y91.672 E10.8182
G1 X117.817 Y91.329 E10.83611
G1 X118.26 Y90.786 E10.85983
G1 X118.511 Y90.312 E10.87798
G1 X118.726 Y89.62 E10.90251
G1 X118.783 Y88.886 E10.92743
G1 X118.675 Y88.159 E10.95231
G1 X118.408 Y87.473 E10.97723
G1 X118.138 Y87.042 E10.99445
G1 X117.791 Y86.643 E11.01235
G1 X117.414 Y86.328 E11.02898
G1 X116.906 Y86.039 E11.04876
G1 X120.461 Y86.039 E11.16909
G1 X120.461 Y113.901 E12.11218
G1 X120.868 Y114.368 F7200
G1 F2700
G1 X79.132 Y114.368 E13.52489
G1 X79.132 Y85.632 E14.49757
G1 X114.149 Y85.632 E15.68285
;WIDTH:0.497537
G1 X114.421 Y85.656 E15.69317
;WIDTH:0.545074
G1 X114.693 Y85.68 E15.70457
G1 X115.123 Y85.666 E15.72253
;WIDTH:0.517839
G1 X115.553 Y85.652 E15.73952
;WIDTH:0.517057
G1 X116.067 Y85.666 E15.75979
G1 X116.321 Y85.649 E15.76983
;WIDTH:0.483528
G1 X116.575 Y85.632 E15.77916
;WIDTH:0.449999
G1 X120.868 Y85.632 E15.92447
G1 X120.868 Y114.308 E16.89512
G1 X121.275 Y114.775 F7200
;TYPE:External perimeter
G1 F1800
G1 X78.725 Y114.775 E18.33538
G1 X78.725 Y85.225 E19.33561
G1 X121.275 Y85.225 E20.77587
G1 X121.275 Y114.715 E21.77407
G1 X120.879 Y114.774 F7200
G1 E19.77407 F2400
G92 E0
G1 X98.163 Y112.998 F7200
G1 E2 F2400
;TYPE:Internal infill
;WIDTH:0.45
G1 F3300
G1 X98.163 Y112.087 E2.03084
G1 X97.837 Y112.087 E2.04187
G1 X97.837 Y112.961 E2.07145
G1 X98.091 Y113.103 E2.0813
G1 X98.163 Y113.248 E2.08678
G1 X97.837 Y113.248 E2.09781
G1 X97.837 Y113.165 E2.10062
G1 E.10062 F2400
G92 E0
G1 X80.285 Y113.138 F7200
G1 E2 F2400
;TYPE:Solid infill
;WIDTH:0.548766
G1 X80.24 Y113.183 E2.00268
G1 X80.256 Y113.244 E2.00533
G1 X80.317 Y113.26 E2.00798
G1 X80.362 Y113.215 E2.01066
G1 X80.346 Y113.154 E2.01331
G1 X81.141 Y113.381 F7200
;WIDTH:0.38292
G1 F2400
G1 X81.122 Y113.452 E2.01539
G1 X81.193 Y113.433 E2.01747
G1 X81.182 Y113.392 E2.01867
;WIDTH:0.41646
G1 X81.089 Y113.32 E2.02232
;WIDTH:0.449999
G1 X80.996 Y113.248 E2.0263
G1 X80.252 Y112.504 E2.06191
G1 X80.18 Y112.411 E2.06589
;WIDTH:0.41646
G1 X80.108 Y112.318 E2.06954
;WIDTH:0.38292
G1 X80.119 Y112.359 E2.07074
G1 X80.048 Y112.378 E2.07282
G1 X80.067 Y112.307 E2.0749
;WIDTH:0.449999
G1 X80.252 Y111.928 E2.08918
G1 X81.572 Y113.248 E2.15237
G1 X82.147 Y113.248 E2.17183
G1 X80.252 Y111.353 E2.26254
G1 X80.252 Y110.777 E2.28204
G1 X82.723 Y113.248 E2.40033
G1 X83.299 Y113.248 E2.41983
G1 X80.252 Y110.201 E2.56569
G1 X80.252 Y109.626 E2.58515
G1 X83.874 Y113.248 E2.75853
G1 X84.45 Y113.248 E2.77803
G1 X80.252 Y109.05 E2.97899
G1 X80.252 Y108.474 E2.99849
G1 X85.026 Y113.248 E3.22702
G1 X85.601 Y113.248 E3.24648
G1 X80.252 Y107.899 E3.50253
G1 X80.252 Y107.323 E3.52203
G1 X86.177 Y113.248 E3.80566
G1 X86.753 Y113.248 E3.82516
G1 X80.252 Y106.747 E4.13636
G1 X80.252 Y106.171 E4.15586
G1 X87.329 Y113.248 E4.49463
G1 X87.904 Y113.248 E4.51409
G1 X80.252 Y105.596 E4.88039
G1 X80.252 Y105.02 E4.89989
G1 X88.48 Y113.248 E5.29376
G1 X89.056 Y113.248 E5.31326
G1 X80.252 Y104.444 E5.7347
G1 X80.252 Y103.869 E5.75416
G1 X89.631 Y113.248 E6.20313
G1 X90.207 Y113.248 E6.22263
G1 X80.252 Y103.293 E6.69917
G1 X80.252 Y102.717 E6.71867
G1 X90.783 Y113.248 E7.22278
G1 X91.358 Y113.248 E7.24224
G1 X80.252 Y102.142 E7.77388
G1 X80.252 Y101.566 E7.79338
G1 X91.934 Y113.248 E8.35259
G1 X92.51 Y113.248 E8.37209
G1 X80.252 Y100.99 E8.95887
G1 X80.252 Y100.415 E8.97833
G1 X93.085 Y113.248 E9.59264
G1 X93.661 Y113.248 E9.61214
G1 X80.252 Y99.839 E10.25402
G1 X80.252 Y99.263 E10.27352
G1 X94.237 Y113.248 E10.94297
G1 X94.813 Y113.248 E10.96247
G1 X80.252 Y98.687 E11.6595
G1 X80.252 Y98.112 E11.67896
G1 X95.388 Y113.248 E12.40351
G1 X95.964 Y113.248 E12.42301
G1 X80.252 Y97.536 E13.17513
G1 X80.252 Y96.96 E13.19463
G1 X96.54 Y113.248 E13.97433
G1 X97.545 Y113.304 F7200
;WIDTH:0.38292
G1 F2400
G1 X97.556 Y113.345 E13.97553
G1 X97.485 Y113.364 E13.97761
G1 X97.504 Y113.293 E13.97969
;WIDTH:0.41646
G1 X97.31 Y113.271 E13.98575
;WIDTH:0.449999
G1 X97.115 Y113.248 E13.9924
G1 X80.252 Y96.385 E14.79962
G1 X80.252 Y95.809 E14.81912
G1 X97.43 Y112.987 E15.64142
G1 X97.43 Y112.412 E15.66088
G1 X80.252 Y95.233 E16.4832
G1 X80.252 Y94.658 E16.50266
G1 X97.462 Y111.868 E17.32649
G1 X98.631 Y113.1 F7200
;WIDTH:0.609566
G1 F2400
G1 X98.581 Y113.15 E17.32982
G1 X98.6 Y113.219 E17.33319
G1 X98.668 Y113.237 E17.3365
G1 X98.718 Y113.187 E17.33983
G1 X98.7 Y113.119 E17.34314
;WIDTH:0.449999
G1 X99.418 Y113.248 E17.36783
G1 X98.57 Y112.4 E17.40842
G1 X98.525 Y112.241 E17.41401
;WIDTH:0.41646
G1 X98.481 Y112.082 E17.41913
;WIDTH:0.38292
G1 X98.492 Y112.124 E17.42036
G1 X98.421 Y112.143 E17.42244
G1 X98.44 Y112.071 E17.42455
;WIDTH:0.449999
G1 X98.162 Y111.762 E17.43862
;WIDTH:0.38292
G1 X98.173 Y111.803 E17.43982
G1 X98.102 Y111.822 E17.4419
G1 X98.121 Y111.751 E17.44398
;WIDTH:0.41646
G1 X97.985 Y111.716 E17.44834
;WIDTH:0.449999
G1 X97.85 Y111.68 E17.45307
G1 X80.252 Y94.082 E18.29548
G1 X80.252 Y93.506 E18.31498
G1 X100.066 Y113.315 E19.26334
;WIDTH:0.41646
G1 X100.139 Y113.381 E19.2664
;WIDTH:0.38292
G1 X100.12 Y113.452 E19.26848
G1 X100.191 Y113.433 E19.27056
G1 X100.18 Y113.392 E19.27176
;WIDTH:0.449999
G1 X100.57 Y113.248 E19.28583
G1 X80.252 Y92.93 E20.25844
G1 X80.252 Y92.355 E20.2779
G1 X101.145 Y113.248 E21.27803
G1 X101.721 Y113.248 E21.29753
G1 X80.252 Y91.779 E22.32524
G1 X80.252 Y91.203 E22.34474
G1 X102.297 Y113.248 E23.40002
G1 X102.872 Y113.248 E23.41948
G1 X80.252 Y90.628 E24.50229
G1 X80.252 Y90.052 E24.52179
G1 X103.448 Y113.248 E25.63217
G1 X104.024 Y113.248 E25.65167
G1 X80.252 Y89.476 E26.78962
G1 X80.252 Y88.901 E26.80908
G1 X104.599 Y113.248 E27.97456
G1 X105.175 Y113.248 E27.99406
G1 X80.252 Y88.325 E29.18711
G1 X80.252 Y87.749 E29.20661
G1 X105.751 Y113.248 E30.42723
G1 X106.327 Y113.248 E30.44673
G1 X80.252 Y87.173 E31.69492
G1 X80.134 Y86.604 E31.71459
;WIDTH:0.38292
G1 X80.115 Y86.675 E31.71667
G1 X80.186 Y86.656 E31.71875
G1 X80.175 Y86.615 E31.71995
;WIDTH:0.41646
G1 X80.29 Y86.683 E31.7241
;WIDTH:0.449999
G1 X80.405 Y86.752 E31.72864
G1 X106.902 Y113.248 E32.99701
G1 X107.478 Y113.248 E33.01651
G1 X80.981 Y86.752 E34.28488
G1 X81.557 Y86.752 E34.30438
G1 X108.054 Y113.248 E35.57275
G1 X108.629 Y113.248 E35.59221
G1 X82.132 Y86.752 E36.86058
G1 X82.708 Y86.752 E36.88008
G1 X109.205 Y113.248 E38.14845
G1 X109.781 Y113.248 E38.16795
G1 X83.284 Y86.752 E39.43632
G1 X83.859 Y86.752 E39.45578
G1 X110.356 Y113.248 E40.72415
G1 X110.932 Y113.248 E40.74365
G1 X84.435 Y86.752 E42.01202
G1 X85.011 Y86.752 E42.03152
G1 X111.508 Y113.248 E43.29989
G1 X112.083 Y113.248 E43.31935
G1 X85.587 Y86.752 E44.5877
G1 X86.162 Y86.752 E44.60716
G1 X112.659 Y113.248 E45.87553
G1 X113.235 Y113.248 E45.89503
G1 X86.738 Y86.752 E47.1634
G1 X87.314 Y86.752 E47.1829
G1 X113.811 Y113.248 E48.45127
G1 X114.386 Y113.248 E48.47073
G1 X87.889 Y86.752 E49.7391
G1 X88.465 Y86.752 E49.7586
G1 X114.962 Y113.248 E51.02697
G1 X115.538 Y113.248 E51.04647
G1 X89.041 Y86.752 E52.31484
G1 X89.616 Y86.752 E52.3343
G1 X116.113 Y113.248 E53.60267
G1 X116.689 Y113.248 E53.62217
G1 X90.192 Y86.752 E54.89054
G1 X90.768 Y86.752 E54.91004
G1 X117.265 Y113.248 E56.17841
G1 X117.84 Y113.248 E56.19787
G1 X91.344 Y86.752 E57.46622
G1 X91.919 Y86.752 E57.48568
G1 X118.416 Y113.248 E58.75405
G1 X118.992 Y113.248 E58.77355
G1 X92.495 Y86.752 E60.04192
G1 X93.071 Y86.752 E60.06142
G1 X119.568 Y113.248 E61.32979
G1 X119.702 Y113.277 E61.33443
;WIDTH:0.41646
G1 X119.836 Y113.306 E61.33869
;WIDTH:0.38292
G1 X119.817 Y113.377 E61.34077
G1 X119.888 Y113.358 E61.34285
G1 X119.877 Y113.317 E61.34405
;WIDTH:0.449999
G1 X119.748 Y112.854 E61.36032
G1 X93.646 Y86.752 E62.60981
G1 X94.222 Y86.752 E62.62931
G1 X119.748 Y112.278 E63.85122
G1 X119.748 Y111.702 E63.87072
G1 X94.798 Y86.752 E65.06506
G1 X95.373 Y86.752 E65.08452
G1 X119.748 Y111.127 E66.25134
G1 X119.83 Y111.184 E66.25472
;WIDTH:0.41646
G1 X119.911 Y111.242 E66.25781
;WIDTH:0.38292
G1 X119.892 Y111.313 E66.25989
G1 X119.963 Y111.294 E66.26197
G1 X119.952 Y111.253 E66.26317
G1 E64.26317
G92 E0
G1 X111.897 Y102.699 F7200
G1 E2 F2400
;WIDTH:0.449999
G1 X95.949 Y86.752 E2.7634
G1 X96.525 Y86.752 E2.7829
G1 X111.593 Y101.82 E3.5042
G1 X111.673 Y101.942 E3.50914
;WIDTH:0.41646
G1 X111.753 Y102.064 E3.51367
;WIDTH:0.38292
G1 X111.734 Y102.135 E3.51575
G1 X111.805 Y102.116 E3.51783
G1 X111.794 Y102.075 E3.51903
G1 X111.51 Y101.161 F7200
;WIDTH:0.449999
G1 F2400
G1 X97.101 Y86.752 E4.20878
G1 X97.676 Y86.752 E4.22824
G1 X111.532 Y100.608 E4.89152
G1 X111.608 Y100.108 E4.90864
G1 X98.252 Y86.752 E5.54798
G1 X98.828 Y86.752 E5.56748
G1 X111.738 Y99.662 E6.18547
G1 X111.912 Y99.26 E6.2003
G1 X99.403 Y86.752 E6.79907
G1 X99.979 Y86.752 E6.81857
G1 X112.111 Y98.884 E7.39932
G1 X112.357 Y98.554 E7.41325
G1 X100.555 Y86.752 E7.9782
G1 X101.13 Y86.752 E7.99766
G1 X112.616 Y98.237 E8.54746
G1 X112.923 Y97.969 E8.56125
G1 X101.706 Y86.752 E9.0982
G1 X102.282 Y86.752 E9.1177
G1 X113.234 Y97.704 E9.64197
G1 X113.599 Y97.493 E9.65624
G1 X102.857 Y86.752 E10.17043
G1 X103.433 Y86.752 E10.18993
G1 X113.993 Y97.312 E10.69543
G1 X114.42 Y97.163 E10.71074
G1 X104.009 Y86.752 E11.20911
G1 X104.585 Y86.752 E11.22861
G1 X114.895 Y97.062 E11.72214
G1 X115.413 Y97.004 E11.73978
G1 X105.16 Y86.752 E12.23056
G1 X105.736 Y86.752 E12.25006
G1 X116.022 Y97.037 E12.74242
G1 X117.063 Y97.407 F7200
;WIDTH:0.38292
G1 F2400
G1 X116.982 Y97.422 E12.74475
G1 X116.748 Y97.37 E12.75153
;WIDTH:0.41646
G1 X116.761 Y97.293 E12.75396
;WIDTH:0.449999
G1 X116.775 Y97.215 E12.75664
G1 X106.312 Y86.752 E13.2575
G1 X106.887 Y86.752 E13.27696
G1 X118.147 Y98.012 E13.81597
G1 E11.81597
G92 E0
G1 X112.105 Y102.987 F7200
G1 E2 F2400
;WIDTH:0.38292
G1 X112.661 Y103.639 E2.02422
G1 X113.53 Y104.404 E2.05695
;WIDTH:0.41646
G1 X113.673 Y104.512 E2.06252
;WIDTH:0.449999
G1 X113.817 Y104.62 E2.06861
G1 X119.748 Y110.551 E2.35252
G1 X119.803 Y110.674 E2.35708
;WIDTH:0.41646
G1 X119.857 Y110.798 E2.36128
;WIDTH:0.38292
G1 X119.838 Y110.869 E2.36336
G1 X119.909 Y110.85 E2.36544
G1 X119.898 Y110.809 E2.36664
G1 X119.748 Y109.975 F7200
;WIDTH:0.449999
G1 F2400
G1 X114.683 Y104.91 E2.6091
G1 X114.554 Y104.813 E2.61456
;WIDTH:0.41646
G1 X114.425 Y104.717 E2.61955
;WIDTH:0.38292
G1 X114.436 Y104.758 E2.62075
G1 X114.365 Y104.777 E2.62283
G1 X114.384 Y104.706 E2.62491
G1 X115.332 Y104.983 F7200
;WIDTH:0.449999
G1 F2400
G1 X119.748 Y109.399 E2.8363
G1 X119.748 Y108.824 E2.85576
G1 X115.89 Y104.965 E3.04046
G1 X116.394 Y104.894 E3.05769
G1 X119.748 Y108.248 E3.21824
G1 X119.748 Y107.672 E3.23774
G1 X116.834 Y104.758 E3.37723
G1 X117.246 Y104.594 E3.39224
G1 X119.748 Y107.097 E3.51203
G1 X119.952 Y106.647 E3.52875
;WIDTH:0.38292
G1 X119.963 Y106.688 E3.52995
G1 X119.892 Y106.707 E3.53203
G1 X119.911 Y106.636 E3.53411
;WIDTH:0.41646
G1 X119.83 Y106.579 E3.53719
;WIDTH:0.449999
G1 X119.748 Y106.521 E3.54059
G1 X117.616 Y104.388 E3.64267
G1 X117.942 Y104.138 E3.65658
G1 X118.427 Y103.704 E3.67861
G1 X118.912 Y103.077 E3.70544
G1 X119.27 Y102.332 E3.73342
G1 X119.401 Y101.787 E3.75239
;WIDTH:0.410858
G1 X119.461 Y100.984 E3.77703
;WIDTH:0.379814
G1 X119.406 Y100.382 E3.79396
G1 X119.682 Y100.631 E3.80437
G1 X119.784 Y100.611 E3.80728
G1 X119.788 Y101.033 E3.8191
;WIDTH:0.417141
G1 X119.765 Y101.869 E3.84512
;WIDTH:0.449999
G1 X119.748 Y102.398 E3.86304
G1 X119.748 Y105.945 E3.9831
G1 X118.085 Y104.282 E4.06271
G1 X118.641 Y104.171 E4.0819
;WIDTH:0.5788
G1 X119.277 Y103.378 E4.1272
G1 X119.277 Y104.807 E4.19087
G1 X118.785 Y104.315 E4.22187
G1 E2.22187
G92 E0
G1 X119.748 Y100.188 F7200
G1 E2 F2400
;WIDTH:0.449999
G1 X119.274 Y99.714 E2.02269
G1 X119.195 Y99.555 E2.0287
;WIDTH:0.41646
G1 X119.116 Y99.396 E2.03421
;WIDTH:0.38292
G1 X119.127 Y99.438 E2.03544
G1 X119.056 Y99.457 E2.03752
G1 X119.075 Y99.385 E2.03963
;WIDTH:0.449999
G1 X119.748 Y99.613 E2.06368
G1 X118.444 Y98.308 E2.12613
G1 X119.898 Y98.719 F7200
;WIDTH:0.38292
G1 F2400
G1 X119.909 Y98.76 E2.12733
G1 X119.838 Y98.779 E2.12941
G1 X119.857 Y98.708 E2.13149
;WIDTH:0.41646
G1 X119.803 Y98.873 E2.13688
;WIDTH:0.449999
G1 X119.748 Y99.037 E2.14274
G1 X107.463 Y86.752 E2.73082
G1 X108.039 Y86.752 E2.75032
G1 X111.815 Y90.528 E2.93107
G1 X111.917 Y90.672 E2.93704
;WIDTH:0.41646
G1 X112.019 Y90.815 E2.9425
;WIDTH:0.38292
G1 X112.195 Y91.057 E2.95096
G1 X111.75 Y89.736 F7200
G1 F2400
G1 X111.767 Y89.841 E2.95397
G1 X111.736 Y89.99 E2.95827
;WIDTH:0.41646
G1 X111.651 Y89.847 E2.96344
;WIDTH:0.449999
G1 X111.566 Y89.703 E2.9691
G1 X108.614 Y86.752 E3.11039
G1 X109.19 Y86.752 E3.12989
G1 X111.51 Y89.071 E3.24092
G1 X111.547 Y88.533 E3.25917
G1 X109.766 Y86.752 E3.34443
G1 X109.703 Y86.65 E3.34849
;WIDTH:0.41646
G1 X109.64 Y86.548 E3.35221
;WIDTH:0.38292
G1 X109.651 Y86.589 E3.35341
G1 X109.58 Y86.608 E3.35549
G1 X109.599 Y86.537 E3.35757
;WIDTH:0.449999
G1 X110.342 Y86.752 E3.38375
G1 X112.218 Y86.752 E3.44725
G1 X111.987 Y87.092 E3.46116
G1 X111.82 Y87.437 E3.47413
G1 X111.622 Y88.032 E3.49536
G1 X110.485 Y86.895 E3.54979
G1 X111.415 Y87.143 F7200
;WIDTH:0.537984
G1 F2400
G1 X111.371 Y87.187 E3.55235
G1 X111.387 Y87.246 E3.55487
G1 X111.447 Y87.262 E3.55743
G1 X111.49 Y87.219 E3.55993
G1 X111.474 Y87.159 E3.56249
G1 E1.56249
G92 E0
G1 X113.177 Y92.082 F7200
G1 E2 F2400
;WIDTH:0.38292
G1 X113.683 Y92.482 E2.01824
;WIDTH:0.41646
G1 X113.826 Y92.582 E2.02366
;WIDTH:0.449999
G1 X113.97 Y92.683 E2.02961
G1 X119.748 Y98.461 E2.3062
G1 X119.748 Y97.886 E2.32566
G1 X114.796 Y92.933 E2.56273
G1 X114.727 Y92.836 E2.56676
;WIDTH:0.41646
G1 X114.657 Y92.739 E2.57048
;WIDTH:0.38292
G1 X114.508 Y92.767 E2.57477
G1 X115.437 Y92.999 F7200
;WIDTH:0.449999
G1 F2400
G1 X119.748 Y97.31 E2.78113
G1 X119.748 Y96.734 E2.80063
G1 X115.969 Y92.955 E2.98153
G1 X116.47 Y92.88 E2.99868
G1 X119.748 Y96.158 E3.1556
G1 X119.748 Y95.583 E3.17506
G1 X116.899 Y92.734 E3.31144
G1 X117.307 Y92.565 E3.32639
G1 X119.748 Y95.007 E3.44326
G1 X119.952 Y94.558 E3.45995
;WIDTH:0.38292
G1 X119.963 Y94.599 E3.46115
G1 X119.892 Y94.618 E3.46323
G1 X119.911 Y94.547 E3.46531
;WIDTH:0.41646
G1 X119.83 Y94.489 E3.4684
;WIDTH:0.449999
G1 X119.748 Y94.431 E3.4718
G1 X117.666 Y92.349 E3.57146
G1 X117.996 Y92.103 E3.58539
G1 X118.463 Y91.661 E3.60715
G1 X118.884 Y91.128 E3.63014
G1 X119.188 Y90.533 E3.65276
G1 X119.412 Y89.689 E3.68232
;WIDTH:0.403806
G1 X119.461 Y88.984 E3.70353
;WIDTH:0.412826
G1 X119.404 Y88.45 E3.72005
;WIDTH:0.454725
G1 X119.347 Y87.915 E3.73847
;WIDTH:0.495946
G1 X119.286 Y87.692 E3.74718
;WIDTH:0.537167
G1 X119.226 Y87.468 E3.75671
;WIDTH:0.578387
G1 X119.165 Y87.245 E3.767
;WIDTH:0.590113
G1 X118.913 Y86.822 E3.7894
G1 X119.678 Y86.822 E3.82421
G1 X119.684 Y87.152 E3.83923
;WIDTH:0.578387
G1 X119.706 Y87.438 E3.852
;WIDTH:0.534726
G1 X119.728 Y87.723 E3.86369
;WIDTH:0.491064
G1 X119.75 Y88.009 E3.87438
;WIDTH:0.447402
G1 X119.772 Y88.294 E3.88399
;WIDTH:0.40374
G1 X119.788 Y89.032 E3.90614
;WIDTH:0.411882
G1 X119.768 Y89.776 E3.92897
;WIDTH:0.449999
G1 X119.748 Y90.615 E3.95738
G1 X119.748 Y93.856 E4.06708
G1 X118.14 Y92.247 E4.14408
G1 X118.674 Y92.127 E4.16261
;WIDTH:0.561424
G1 X119.286 Y91.356 E4.20505
G1 X119.286 Y92.738 E4.26463
G1 X118.818 Y92.271 E4.29313
;LAYER_CHANGE
;Z:6
;HEIGHT:0.2
G1 E2.29313 F2400
G92 E0
G1 Z6 F7200
G1 X116.845 Y97.573
G1 E2 F2400
;TYPE:Perimeter
;WIDTH:0.449999
G1 F1200
G1 X117.254 Y97.749 E2.01507
G1 X117.891 Y98.189 E2.04128
G1 X118.457 Y98.791 E2.06925
G1 X118.78 Y99.302 E2.08971
G1 X119.059 Y100.023 E2.11588
G1 X119.187 Y100.84 E2.14387
G1 X119.187 Y101.159 E2.15467
G1 X119.13 Y101.665 E2.17191
G1 X118.976 Y102.25 E2.19239
G1 X118.751 Y102.754 E2.21107
G1 X118.311 Y103.392 E2.2373
G1 X117.709 Y103.957 E2.26525
G1 X116.996 Y104.374 E2.29321
G1 X116.211 Y104.622 E2.32108
G1 X115.608 Y104.692 E2.34163
G1 X114.835 Y104.63 E2.36788
G1 X114.25 Y104.476 E2.38836
G1 X113.554 Y104.136 E2.41458
G1 X113.291 Y103.956 E2.42537
G1 X112.905 Y103.625 E2.44258
G1 X112.689 Y103.392 E2.45333
G1 X112.388 Y102.985 E2.47046
G1 X112.103 Y102.45 E2.49098
G1 X111.878 Y101.711 E2.51713
G1 X111.808 Y101.108 E2.53768
G1 X111.869 Y100.339 E2.56379
G1 X112.024 Y99.751 E2.58437
G1 X112.249 Y99.246 E2.60308
G1 X112.688 Y98.609 E2.62927
G1 X112.907 Y98.374 E2.64014
G1 X113.289 Y98.044 E2.65723
G1 X113.801 Y97.72 E2.67774
G1 X114.345 Y97.503 E2.69756
G1 X114.834 Y97.37 E2.71471
G1 X115.339 Y97.313 E2.73191
G1 X115.943 Y97.333 E2.75237
G1 X116.698 Y97.509 E2.77861
G1 X116.79 Y97.549 E2.78201
G1 X116.698 Y97.949 F7200
G1 F1200
G1 X117.077 Y98.116 E2.79603
G1 X117.649 Y98.516 E2.81966
G1 X118.148 Y99.056 E2.84455
G1 X118.428 Y99.505 E2.86246
G1 X118.675 Y100.158 E2.88609
G1 X118.783 Y100.885 E2.91097
G1 X118.726 Y101.619 E2.93589
G1 X118.587 Y102.13 E2.95382
G1 X118.286 Y102.74 E2.97684
G1 X117.984 Y103.15 E2.99408
G1 X117.443 Y103.648 E3.01897
G1 X116.806 Y104.014 E3.04384
G1 X116.105 Y104.229 E3.06866
G1 X115.577 Y104.286 E3.08664
G1 X114.881 Y104.226 E3.11029
G1 X114.37 Y104.087 E3.12822
G1 X113.744 Y103.776 E3.15188
G1 X113.171 Y103.316 E3.17675
G1 X112.716 Y102.743 E3.20152
G1 X112.469 Y102.273 E3.21949
G1 X112.272 Y101.605 E3.24306
G1 X112.214 Y101.077 E3.26104
G1 X112.274 Y100.384 E3.28458
G1 X112.413 Y99.871 E3.30257
G1 X112.644 Y99.368 E3.32131
G1 X113.016 Y98.851 E3.34287
G1 X113.554 Y98.354 E3.36766
G1 X114.004 Y98.073 E3.38562
G1 X114.479 Y97.887 E3.40289
G1 X114.883 Y97.774 E3.41709
G1 X115.384 Y97.717 E3.43416
G1 X115.913 Y97.739 E3.45208
G1 X116.593 Y97.902 E3.47575
G1 X116.643 Y97.924 E3.4776
G1 X116.55 Y98.326 F7200
G1 F1200
G1 X116.998 Y98.542 E3.49443
G1 X117.408 Y98.844 E3.51167
G1 X117.84 Y99.322 E3.53348
G1 X118.123 Y99.812 E3.55263
G1 X118.291 Y100.292 E3.56984
G1 X118.378 Y100.931 E3.59167
G1 X118.321 Y101.574 E3.61352
G1 X118.165 Y102.095 E3.63193
G1 X117.958 Y102.498 E3.64727
G1 X117.656 Y102.908 E3.66451
G1 X117.178 Y103.34 E3.68632
G1 X116.616 Y103.654 E3.70811
G1 X116 Y103.835 E3.72984
G1 X115.5 Y103.882 E3.74684
G1 X114.926 Y103.821 E3.76638
G1 X114.385 Y103.654 E3.78554
G1 X113.935 Y103.416 E3.80277
G1 X113.437 Y103.008 E3.82456
G1 X113.043 Y102.501 E3.84629
G1 X112.813 Y102.041 E3.8637
G1 X112.665 Y101.5 E3.88269
G1 X112.62 Y101.047 E3.8981
G1 X112.678 Y100.429 E3.91911
G1 X112.817 Y99.948 E3.93606
G1 X113.046 Y99.495 E3.95324
G1 X113.344 Y99.092 E3.97021
G1 X113.82 Y98.662 E3.99192
G1 X114.251 Y98.403 E4.00894
G1 X114.792 Y98.209 E4.02839
G1 X115.428 Y98.122 E4.05012
G1 X115.941 Y98.152 E4.06751
G1 X116.488 Y98.296 E4.08666
G1 X116.496 Y98.299 E4.08695
G1 X116.403 Y98.698 F7200
;TYPE:External perimeter
G1 F1200
G1 X116.757 Y98.869 E4.10026
G1 X117.166 Y99.171 E4.11747
G1 X117.531 Y99.588 E4.13623
G1 X117.738 Y99.947 E4.15026
G1 X117.907 Y100.427 E4.16749
G1 X117.974 Y100.977 E4.18624
G1 X117.917 Y101.528 E4.20499
G1 X117.798 Y101.918 E4.21879
G1 X117.631 Y102.257 E4.23158
G1 X117.329 Y102.666 E4.24879
G1 X116.912 Y103.031 E4.26755
G1 X116.425 Y103.294 E4.28628
G1 X115.894 Y103.442 E4.30494
G1 X115.478 Y103.474 E4.31906
G1 X114.972 Y103.417 E4.3363
G1 X114.575 Y103.294 E4.35037
G1 X114.125 Y103.057 E4.36759
G1 X113.702 Y102.699 E4.38635
G1 X113.371 Y102.259 E4.40499
G1 X113.189 Y101.883 E4.41913
G1 X113.058 Y101.394 E4.43627
G1 X113.026 Y101.016 E4.44911
G1 X113.083 Y100.475 E4.46752
G1 X113.202 Y100.082 E4.48142
G1 X113.374 Y99.737 E4.49447
G1 X113.671 Y99.334 E4.51142
G1 X114.085 Y98.971 E4.53006
G1 X114.447 Y98.762 E4.54421
G1 X114.927 Y98.593 E4.56144
G1 X115.474 Y98.526 E4.58009
G1 X115.892 Y98.558 E4.59428
G1 X116.347 Y98.679 E4.61022
G1 X116.709 Y98.849 F7200
G1 E2.61022 F2400
G92 E0
G1 X112.698 Y88.364 F7200
G1 E2 F2400
;TYPE:Perimeter
G1 F1200
G1 X112.835 Y87.905 E2.01621
G1 X113.042 Y87.502 E2.03155
G1 X113.344 Y87.092 E2.04879
G1 X113.822 Y86.66 E2.0706
G1 X114.313 Y86.377 E2.08978
;WIDTH:0.497088
G1 X114.785 Y86.187 E2.10899
;WIDTH:0.520655
G1 X114.922 Y86.144 E2.11469
G1 X115.426 Y86.101 E2.13478
;WIDTH:0.517058
G1 X116.005 Y86.132 E2.15764
G1 X116.247 Y86.214 E2.16771
;WIDTH:0.483529
G1 X116.488 Y86.296 E2.17704
;WIDTH:0.449999
G1 X117.065 Y86.583 E2.19885
G1 X117.493 Y86.92 E2.21729
G1 X117.793 Y87.259 E2.23261
G1 X118.064 Y87.69 E2.24984
G1 X118.291 Y88.293 E2.27165
G1 X118.378 Y88.932 E2.29348
G1 X118.321 Y89.574 E2.3153
G1 X118.123 Y90.187 E2.3371
G1 X117.793 Y90.741 E2.35893
G1 X117.426 Y91.143 E2.37735
G1 X117.065 Y91.417 E2.39269
G1 X116.615 Y91.654 E2.40991
G1 X115.997 Y91.836 E2.43172
G1 X115.488 Y91.882 E2.44902
G1 X114.926 Y91.821 E2.46815
G1 X114.446 Y91.682 E2.48506
G1 X113.935 Y91.417 E2.50454
G1 X113.437 Y91.008 E2.52635
G1 X113.043 Y90.501 E2.54808
G1 X112.802 Y90.01 E2.56659
G1 X112.679 Y89.574 E2.58192
G1 X112.622 Y89.068 E2.59916
G1 X112.678 Y88.429 E2.62087
G1 X112.681 Y88.421 E2.62116
G1 X113.089 Y88.453 F7200
;TYPE:External perimeter
G1 F1200
G1 X113.202 Y88.082 E2.63429
G1 X113.369 Y87.743 E2.64708
G1 X113.671 Y87.334 E2.66429
G1 X114.088 Y86.969 E2.68305
G1 X114.447 Y86.761 E2.69709
G1 X114.927 Y86.593 E2.7143
G1 X115.474 Y86.526 E2.73295
G1 X115.891 Y86.557 E2.7471
G1 X116.383 Y86.689 E2.76434
G1 X116.875 Y86.943 E2.78308
G1 X117.194 Y87.196 E2.79686
G1 X117.448 Y87.475 E2.80963
G1 X117.719 Y87.907 E2.82689
G1 X117.907 Y88.428 E2.84564
G1 X117.974 Y88.977 E2.86436
G1 X117.917 Y89.528 E2.88311
G1 X117.739 Y90.053 E2.90187
G1 X117.448 Y90.525 E2.92064
G1 X117.172 Y90.824 E2.93441
G1 X116.875 Y91.057 E2.94719
G1 X116.425 Y91.294 E2.96441
G1 X115.891 Y91.443 E2.98318
G1 X115.472 Y91.473 E2.9974
G1 X114.972 Y91.417 E3.01443
G1 X114.575 Y91.295 E3.02849
G1 X114.125 Y91.057 E3.04572
G1 X113.702 Y90.699 E3.06448
G1 X113.371 Y90.259 E3.08312
G1 X113.191 Y89.89 E3.09702
G1 X113.083 Y89.528 E3.10981
G1 X113.026 Y89.023 E3.12701
G1 X113.079 Y88.512 E3.1444
G1 X113.191 Y88.128 F7200
G1 E1.1444 F2400
G92 E0
G1 X120.054 Y113.554 F7200
G1 E2 F2400
;TYPE:Perimeter
G1 F2700
G1 X79.946 Y113.554 E3.35761
G1 X79.946 Y86.446 E4.27518
G1 X112.839 Y86.446 E5.38857
G1 X112.689 Y86.609 E5.39607
G1 X112.249 Y87.246 E5.42228
G1 X112.024 Y87.751 E5.44099
G1 X111.869 Y88.338 E5.46154
G1 X111.813 Y89.159 E5.48939
G1 X111.924 Y89.925 E5.51559
G1 X112.102 Y90.449 E5.53432
G1 X112.387 Y90.984 E5.55484
G1 X112.686 Y91.387 E5.57183
G1 X112.905 Y91.624 E5.58275
G1 X113.287 Y91.953 E5.59981
G1 X113.695 Y92.21 E5.61613
G1 X114.251 Y92.476 E5.63699
G1 X114.835 Y92.63 E5.65743
G1 X115.607 Y92.692 E5.68365
G1 X116.207 Y92.622 E5.7041
G1 X116.996 Y92.374 E5.73209
G1 X117.668 Y91.991 E5.75827
G1 X118.089 Y91.634 E5.77695
G1 X118.482 Y91.174 E5.79743
G1 X118.891 Y90.456 E5.8254
G1 X119.13 Y89.665 E5.85337
G1 X119.187 Y89.159 E5.87061
G1 X119.187 Y88.841 E5.88137
G1 X119.06 Y88.025 E5.90932
G1 X118.892 Y87.544 E5.92657
G1 X118.753 Y87.257 E5.93736
G1 X118.482 Y86.826 E5.95459
G1 X118.164 Y86.446 E5.97136
G1 X120.054 Y86.446 E6.03533
G1 X120.054 Y113.494 E6.95087
G1 X120.461 Y113.961 F7200
G1 F2700
G1 X79.539 Y113.961 E8.33603
G1 X79.539 Y86.039 E9.28116
G1 X114.077 Y86.039 E10.45023
G1 X113.556 Y86.352 E10.4708
G1 X113.016 Y86.851 E10.49569
G1 X112.714 Y87.26 E10.5129
G1 X112.413 Y87.871 E10.53596
G1 X112.274 Y88.384 E10.55395
G1 X112.217 Y89.114 E10.57873
G1 X112.274 Y89.619 E10.59593
G1 X112.469 Y90.272 E10.619
G1 X112.716 Y90.743 E10.637
G1 X113.171 Y91.316 E10.66177
G1 X113.552 Y91.645 E10.67881
G1 X113.885 Y91.85 E10.69205
G1 X114.371 Y92.087 E10.71035
G1 X114.881 Y92.226 E10.72824
G1 X115.576 Y92.286 E10.75185
G1 X116.102 Y92.229 E10.76976
G1 X116.805 Y92.014 E10.79464
G1 X117.255 Y91.777 E10.81186
G1 X117.791 Y91.357 E10.83491
G1 X118.138 Y90.958 E10.85281
G1 X118.507 Y90.322 E10.8777
G1 X118.726 Y89.619 E10.90262
G1 X118.783 Y88.886 E10.92751
G1 X118.675 Y88.159 E10.95239
G1 X118.409 Y87.473 E10.97729
G1 X118.138 Y87.042 E10.99452
G1 X117.791 Y86.643 E11.01242
G1 X117.414 Y86.328 E11.02905
G1 X116.906 Y86.039 E11.04883
G1 X120.461 Y86.039 E11.16916
G1 X120.461 Y113.901 E12.11225
G1 X120.868 Y114.368 F7200
G1 F2700
G1 X79.132 Y114.368 E13.52496
G1 X79.132 Y85.632 E14.49764
G1 X114.186 Y85.632 E15.68417
;WIDTH:0.485327
G1 X114.541 Y85.65 E15.69725
;WIDTH:0.520655
G1 X114.895 Y85.667 E15.71133
G1 X115.56 Y85.652 E15.73775
;WIDTH:0.517058
G1 X116.067 Y85.666 E15.75775
G1 X116.321 Y85.649 E15.76779
;WIDTH:0.483529
G1 X116.575 Y85.632 E15.77712
;WIDTH:0.449999
G1 X120.868 Y85.632 E15.92243
G1 X120.868 Y114.308 E16.89308
G1 X121.275 Y114.775 F7200
;TYPE:External perimeter
G1 F1800
G1 X78.725 Y114.775 E18.33334
G1 X78.725 Y85.225 E19.33357
G1 X121.275 Y85.225 E20.77383
G1 X121.275 Y114.715 E21.77203
G1 X120.879 Y114.774 F7200
G1 E19.77203 F2400
G92 E0
G1 X119.932 Y112.608 F7200
G1 E2 F2400
;TYPE:Top solid infill
;WIDTH:0.450164
G1 F1800
G1 X119.292 Y113.248 E2.03065
G1 X118.716 Y113.248 E2.05015
G1 X119.748 Y112.216 E2.09957
G1 X119.748 Y111.64 E2.11907
G1 X118.14 Y113.248 E2.19608
G1 X117.564 Y113.248 E2.21558
G1 X119.748 Y111.064 E2.32017
G1 X119.748 Y110.488 E2.33967
G1 X116.988 Y113.248 E2.47184
G1 X116.412 Y113.248 E2.49134
G1 X119.748 Y109.912 E2.6511
G1 X119.748 Y109.336 E2.6706
G1 X115.836 Y113.248 E2.85794
G1 X115.26 Y113.248 E2.87744
G1 X119.748 Y108.76 E3.09236
G1 X119.748 Y108.184 E3.11186
G1 X114.684 Y113.248 E3.35437
G1 X114.108 Y113.248 E3.37387
G1 X119.748 Y107.608 E3.64396
G1 X119.748 Y107.032 E3.66346
G1 X113.532 Y113.248 E3.96114
G1 X112.956 Y113.248 E3.98064
G1 X119.748 Y106.456 E4.3059
G1 X119.748 Y105.88 E4.3254
G1 X112.38 Y113.248 E4.67824
G1 X111.804 Y113.248 E4.69774
G1 X119.748 Y105.304 E5.07817
G1 X119.748 Y104.729 E5.09764
G1 X111.229 Y113.248 E5.5056
G1 X110.653 Y113.248 E5.5251
G1 X119.748 Y104.153 E5.96065
G1 X119.748 Y103.577 E5.98015
G1 X110.077 Y113.248 E6.44328
G1 X109.501 Y113.248 E6.46278
G1 X119.748 Y103.001 E6.9535
G1 X119.748 Y102.425 E6.973
G1 X108.925 Y113.248 E7.4913
G1 X108.349 Y113.248 E7.5108
G1 X116.833 Y104.765 E7.91706
G1 X117.134 Y104.646 E7.92802
G1 X117.593 Y104.404 E7.94559
G1 X117.904 Y104.192 E7.95834
G1 X118.298 Y103.853 E7.97594
G1 X118.553 Y103.577 E7.98866
G1 X118.862 Y103.159 E8.00626
G1 X119.024 Y102.891 E8.01686
G1 X119.272 Y102.326 E8.03775
G1 X119.748 Y101.849 E8.06057
G1 X119.748 Y101.273 E8.08007
G1 X119.442 Y101.579 E8.09472
G1 X119.497 Y100.948 E8.11617
G1 X119.748 Y100.697 E8.12819
G1 X119.748 Y100.121 E8.14769
G1 X119.446 Y100.424 E8.16218
G1 X119.352 Y99.941 E8.17884
G1 X119.748 Y99.545 E8.1978
G1 X119.748 Y98.969 E8.2173
G1 X119.204 Y99.514 E8.24338
G1 X119.026 Y99.116 E8.25814
G1 X119.748 Y98.393 E8.29274
G1 X119.748 Y97.817 E8.31224
G1 X118.807 Y98.759 E8.35733
G1 X118.554 Y98.436 E8.37122
G1 X119.748 Y97.241 E8.42842
G1 X119.748 Y96.666 E8.44789
G1 X118.28 Y98.134 E8.51819
G1 X117.97 Y97.868 E8.53202
G1 X119.748 Y96.09 E8.61717
G1 X119.748 Y95.514 E8.63667
G1 X117.637 Y97.625 E8.73776
G1 X117.269 Y97.417 E8.75207
G1 X119.748 Y94.938 E8.87079
G1 X119.748 Y94.362 E8.89029
G1 X116.866 Y97.245 E9.02833
G1 X116.413 Y97.121 E9.04423
G1 X119.748 Y93.786 E9.20394
G1 X119.748 Y93.21 E9.22344
G1 X115.928 Y97.03 E9.40638
G1 X115.622 Y97.003 E9.41678
G1 X115.378 Y97.004 E9.42504
G1 X119.748 Y92.634 E9.63431
G1 X119.748 Y92.058 E9.65381
G1 X114.48 Y97.327 E9.90611
G1 E7.90611 F2400
G92 E0
G1 X116.296 Y104.725 F7200
G1 E2 F2400
G1 F1800
G1 X107.773 Y113.248 E2.40816
G1 X107.197 Y113.248 E2.42766
G1 X115.452 Y104.994 E2.82296
G1 X114.924 Y104.945 E2.84092
G1 X106.621 Y113.248 E3.23854
G1 X106.045 Y113.248 E3.25804
G1 X114.44 Y104.854 E3.66004
G1 X114.011 Y104.706 E3.67541
G1 X105.469 Y113.248 E4.08448
G1 X104.893 Y113.248 E4.10398
G1 X113.627 Y104.515 E4.52222
G1 X113.255 Y104.311 E4.53659
G1 X104.317 Y113.248 E4.9646
G1 X103.741 Y113.248 E4.9841
G1 X112.943 Y104.047 E5.42475
G1 X112.634 Y103.78 E5.43858
G1 X103.166 Y113.248 E5.89199
G1 X102.59 Y113.248 E5.91149
G1 X112.374 Y103.464 E6.38003
G1 X112.128 Y103.134 E6.39397
G1 X102.014 Y113.248 E6.87832
G1 X101.438 Y113.248 E6.89782
G1 X111.923 Y102.763 E7.39993
G1 X111.745 Y102.366 E7.41466
G1 X100.862 Y113.248 E7.93581
G1 X100.286 Y113.248 E7.95531
G1 X111.621 Y101.913 E8.49813
G1 X111.557 Y101.678 E8.50638
G1 X111.535 Y101.424 E8.51501
G1 X99.71 Y113.248 E9.08127
G1 X99.134 Y113.248 E9.10077
G1 X111.511 Y100.871 E9.69349
G1 X111.577 Y100.229 E9.71534
G1 X98.558 Y113.248 E10.3388
G1 X97.982 Y113.248 E10.3583
G1 X111.855 Y99.375 E11.02266
G1 X112.071 Y98.938 E11.03917
G1 X112.445 Y98.424 E11.0607
G1 X112.62 Y98.223 E11.06972
G1 X113.208 Y97.72 E11.09592
G1 X113.768 Y97.392 E11.1179
G1 X113.879 Y97.352 E11.1219
G1 X119.748 Y91.482 E11.40298
G1 X119.748 Y90.906 E11.42248
G1 X97.406 Y113.248 E12.49241
G1 X96.83 Y113.248 E12.51191
G1 X119.932 Y90.147 E13.61821
G1 X119.006 Y90.497 F7200
G1 F1800
G1 X119.748 Y89.754 E13.65377
G1 X119.748 Y89.178 E13.67327
G1 X119.456 Y89.471 E13.68728
G1 X119.502 Y89 E13.70331
G1 X119.489 Y88.862 E13.708
G1 X119.748 Y88.603 E13.7204
G1 X119.748 Y88.027 E13.7399
G1 X119.437 Y88.338 E13.75479
G1 X119.328 Y87.871 E13.77103
G1 X119.748 Y87.451 E13.79114
G1 X119.748 Y86.875 E13.81064
G1 X119.173 Y87.45 E13.83818
G1 X119.098 Y87.247 E13.84551
G1 X118.983 Y87.064 E13.85283
G1 X119.479 Y86.568 E13.87658
G1 E11.87658 F2400
G92 E0
G1 X117 Y92.503 F7200
G1 E2 F2400
G1 F1800
G1 X96.254 Y113.248 E2.99348
G1 X95.678 Y113.248 E3.01298
G1 X115.962 Y92.964 E3.98436
G1 X115.467 Y93.002 E4.00117
G1 X115.36 Y92.991 E4.00481
G1 X95.103 Y113.248 E4.97489
G1 X94.527 Y113.248 E4.99439
G1 X114.838 Y92.938 E5.96703
G1 X114.37 Y92.829 E5.9833
G1 X93.951 Y113.248 E6.96114
G1 X93.375 Y113.248 E6.98064
G1 X113.94 Y92.683 E7.96547
G1 X113.563 Y92.484 E7.97991
G1 X92.799 Y113.248 E8.97427
G1 X92.223 Y113.248 E8.99377
G1 X113.203 Y92.268 E9.99848
G1 X112.889 Y92.007 E10.01231
G1 X91.647 Y113.248 E11.02954
G1 X91.071 Y113.248 E11.04904
G1 X112.584 Y91.735 E12.07927
G1 X112.331 Y91.413 E12.09314
G1 X90.495 Y113.248 E13.13882
G1 X89.919 Y113.248 E13.15832
G1 X112.086 Y91.081 E14.21987
G1 X111.887 Y90.705 E14.23428
G1 X89.343 Y113.248 E15.31386
G1 X88.767 Y113.248 E15.33336
G1 X111.726 Y90.289 E16.43284
G1 X111.631 Y90.012 E16.44276
G1 X111.596 Y89.844 E16.44857
G1 X88.191 Y113.248 E17.56938
G1 X87.615 Y113.248 E17.58888
G1 X111.526 Y89.338 E18.73392
G1 X111.509 Y89.188 E18.73903
G1 X111.513 Y88.775 E18.75302
G1 X87.039 Y113.248 E19.92503
G1 X86.464 Y113.248 E19.9445
G1 X111.607 Y88.106 E21.14854
G1 X111.734 Y87.656 E21.16437
G1 X111.935 Y87.201 E21.18121
G1 X85.888 Y113.248 E22.42857
G1 X85.312 Y113.248 E22.44807
G1 X111.809 Y86.752 E23.71695
G1 X111.233 Y86.752 E23.73645
G1 X84.736 Y113.248 E25.00533
G1 X84.16 Y113.248 E25.02483
G1 X110.657 Y86.752 E26.29371
G1 X110.081 Y86.752 E26.31321
G1 X83.584 Y113.248 E27.58209
G1 X83.008 Y113.248 E27.60159
G1 X109.505 Y86.752 E28.87047
G1 X108.929 Y86.752 E28.88997
G1 X82.432 Y113.248 E30.15885
G1 X81.856 Y113.248 E30.17835
G1 X108.353 Y86.752 E31.44723
G1 X107.777 Y86.752 E31.46673
G1 X81.28 Y113.248 E32.73561
G1 X80.704 Y113.248 E32.75511
G1 X107.201 Y86.752 E34.02399
G1 X106.625 Y86.752 E34.04349
G1 X80.252 Y113.125 E35.30646
G1 X80.252 Y112.549 E35.32596
G1 X106.049 Y86.752 E36.56135
G1 X105.473 Y86.752 E36.58085
G1 X80.252 Y111.973 E37.78865
G1 X80.252 Y111.397 E37.80815
G1 X104.897 Y86.752 E38.98837
G1 X104.322 Y86.752 E39.00784
G1 X80.252 Y110.822 E40.16052
G1 X80.252 Y110.246 E40.18002
G1 X103.746 Y86.752 E41.30512
G1 X103.17 Y86.752 E41.32462
G1 X80.252 Y109.67 E42.42213
G1 X80.252 Y109.094 E42.44163
G1 X102.594 Y86.752 E43.51156
G1 X102.018 Y86.752 E43.53106
G1 X80.252 Y108.518 E44.57341
G1 X80.252 Y107.942 E44.59291
G1 X101.442 Y86.752 E45.60767
G1 X100.866 Y86.752 E45.62717
G1 X80.252 Y107.366 E46.61435
G1 X80.252 Y106.79 E46.63385
G1 X100.29 Y86.752 E47.59345
G1 X99.714 Y86.752 E47.61295
G1 X80.252 Y106.214 E48.54496
G1 X80.252 Y105.638 E48.56446
G1 X99.138 Y86.752 E49.46889
G1 X98.562 Y86.752 E49.48839
G1 X80.252 Y105.062 E50.36523
G1 X80.252 Y104.486 E50.38473
G1 X97.986 Y86.752 E51.23399
G1 X97.41 Y86.752 E51.25349
G1 X80.252 Y103.91 E52.07517
G1 X80.252 Y103.334 E52.09467
G1 X96.834 Y86.752 E52.88876
G1 X96.259 Y86.752 E52.90823
G1 X80.252 Y102.759 E53.67479
G1 X80.252 Y102.183 E53.69429
G1 X95.683 Y86.752 E54.43326
G1 X95.107 Y86.752 E54.45276
G1 X80.252 Y101.607 E55.16415
G1 X80.252 Y101.031 E55.18365
G1 X94.531 Y86.752 E55.86745
G1 X93.955 Y86.752 E55.88695
G1 X80.252 Y100.455 E56.54317
G1 X80.252 Y99.879 E56.56267
G1 X93.379 Y86.752 E57.19131
G1 X92.803 Y86.752 E57.21081
G1 X80.252 Y99.303 E57.81186
G1 X80.252 Y98.727 E57.83136
G1 X92.227 Y86.752 E58.40483
G1 X91.651 Y86.752 E58.42433
G1 X80.252 Y98.151 E58.97021
G1 X80.252 Y97.575 E58.98971
G1 X91.075 Y86.752 E59.50801
G1 X90.499 Y86.752 E59.52751
G1 X80.252 Y96.999 E60.01823
G1 X80.252 Y96.423 E60.03773
G1 X89.923 Y86.752 E60.50086
G1 X89.347 Y86.752 E60.52036
G1 X80.252 Y95.847 E60.95591
G1 X80.252 Y95.271 E60.97541
G1 X88.771 Y86.752 E61.38337
G1 X88.196 Y86.752 E61.40284
G1 X80.252 Y94.696 E61.78327
G1 X80.252 Y94.12 E61.80277
G1 X87.62 Y86.752 E62.15561
G1 X87.044 Y86.752 E62.17511
G1 X80.252 Y93.544 E62.50037
G1 X80.252 Y92.968 E62.51987
G1 X86.468 Y86.752 E62.81755
G1 X85.892 Y86.752 E62.83705
G1 X80.252 Y92.392 E63.10714
G1 X80.252 Y91.816 E63.12664
G1 X85.316 Y86.752 E63.36915
G1 X84.74 Y86.752 E63.38865
G1 X80.252 Y91.24 E63.60357
G1 X80.252 Y90.664 E63.62307
G1 X84.164 Y86.752 E63.81041
G1 X83.588 Y86.752 E63.82991
G1 X80.252 Y90.088 E63.98967
G1 X80.252 Y89.512 E64.00917
G1 X83.012 Y86.752 E64.14134
G1 X82.436 Y86.752 E64.16084
G1 X80.252 Y88.936 E64.26543
G1 X80.252 Y88.36 E64.28493
G1 X81.86 Y86.752 E64.36194
G1 X81.284 Y86.752 E64.38144
G1 X80.252 Y87.784 E64.43086
G1 X80.252 Y87.208 E64.45036
G1 X80.892 Y86.568 E64.48101
M106 S150.45
;LAYER_CHANGE
;Z:6.2
;HEIGHT:0.2
G1 E62.48101 F2400
G92 E0
G1 Z6.2 F7200
G1 X97.446 Y111.696
G1 E2 F2400
;TYPE:Perimeter
;WIDTH:0.449999
G1 F600
G1 X98.554 Y111.696 E2.0375
G1 X98.554 Y113.554 E2.10039
G1 X97.446 Y113.554 E2.13789
G1 X97.446 Y111.756 E2.19875
G1 X97.039 Y111.289 F7200
G1 F600
G1 X98.961 Y111.289 E2.26381
G1 X98.961 Y113.961 E2.35425
G1 X97.039 Y113.961 E2.41931
G1 X97.039 Y111.349 E2.50772
G1 X96.632 Y110.882 F7200
G1 F600
G1 X99.368 Y110.882 E2.60033
G1 X99.368 Y114.368 E2.71833
G1 X96.632 Y114.368 E2.81094
G1 X96.632 Y110.942 E2.92691
G1 X96.225 Y110.475 F7200
;TYPE:External perimeter
G1 F600
G1 X99.775 Y110.475 E3.04707
G1 X99.775 Y114.775 E3.19262
G1 X96.225 Y114.775 E3.31278
G1 X96.225 Y110.535 E3.4563
G1 X96.621 Y110.476 F7200
G1 X97.774 Y112.024
;TYPE:Solid infill
;WIDTH:0.494915
G1 F600
G1 X98.226 Y112.024 E3.47329
G1 X98.226 Y113.226 E3.51847
G1 X97.774 Y113.226 E3.53546
G1 X97.774 Y112.228 E3.57297
M106 S153
;LAYER_CHANGE
;Z:6.4
;HEIGHT:0.2
G1 Z6.4 F7200
G1 X97.446 Y111.696
;TYPE:Perimeter
;WIDTH:0.449999
G1 F600
G1 X98.554 Y111.696 E3.61047
G1 X98.554 Y113.554 E3.67336
G1 X97.446 Y113.554 E3.71086
G1 X97.446 Y111.756 E3.77172
G1 X97.039 Y111.289 F7200
G1 F600
G1 X98.961 Y111.289 E3.83678
G1 X98.961 Y113.961 E3.92722
G1 X97.039 Y113.961 E3.99228
G1 X97.039 Y111.349 E4.08069
G1 X96.632 Y110.882 F7200
G1 F600
G1 X99.368 Y110.882 E4.1733
G1 X99.368 Y114.368 E4.2913
G1 X96.632 Y114.368 E4.38391
G1 X96.632 Y110.942 E4.49988
G1 X96.225 Y110.475 F7200
;TYPE:External perimeter
G1 F600
G1 X99.775 Y110.475 E4.62004
G1 X99.775 Y114.775 E4.76559
G1 X96.225 Y114.775 E4.88575
G1 X96.225 Y110.535 E5.02927
G1 X96.621 Y110.476 F7200
G1 E3.02927 F2400
G92 E0
G1 X98.226 Y112.024 F7200
G1 E2 F2400
;TYPE:Solid infill
;WIDTH:0.494915
G1 F600
G1 X98.226 Y113.226 E2.04518
G1 X97.774 Y113.226 E2.06217
G1 X97.774 Y112.024 E2.10735
G1 X98.022 Y112.024 E2.11667
;LAYER_CHANGE
;Z:6.6
;HEIGHT:0.2
G1 Z6.6 F7200
G1 X97.446 Y111.696
;TYPE:Perimeter
;WIDTH:0.449999
G1 F600
G1 X98.554 Y111.696 E2.15417
G1 X98.554 Y113.554 E2.21706
G1 X97.446 Y113.554 E2.25456
G1 X97.446 Y111.756 E2.31542
G1 X97.039 Y111.289 F7200
G1 F600
G1 X98.961 Y111.289 E2.38048
G1 X98.961 Y113.961 E2.47092
G1 X97.039 Y113.961 E2.53598
G1 X97.039 Y111.349 E2.62439
G1 X96.632 Y110.882 F7200
G1 F600
G1 X99.368 Y110.882 E2.717
G1 X99.368 Y114.368 E2.835
G1 X96.632 Y114.368 E2.92761
G1 X96.632 Y110.942 E3.04358
G1 X96.225 Y110.475 F7200
;TYPE:External perimeter
G1 F600
G1 X99.775 Y110.475 E3.16374
G1 X99.775 Y114.775 E3.30929
G1 X96.225 Y114.775 E3.42945
G1 X96.225 Y110.535 E3.57297
G1 X96.621 Y110.476 F7200
G1 X97.774 Y112.024
;TYPE:Solid infill
;WIDTH:0.494915
G1 F600
G1 X98.226 Y112.024 E3.58996
G1 X98.226 Y113.226 E3.63514
G1 X97.774 Y113.226 E3.65213
G1 X97.774 Y112.228 E3.68964
;LAYER_CHANGE
;Z:6.8
;HEIGHT:0.2
G1 Z6.8 F7200
G1 X97.446 Y111.696
;TYPE:Perimeter
;WIDTH:0.449999
G1 F600
G1 X98.554 Y111.696 E3.72714
G1 X98.554 Y113.554 E3.79003
G1 X97.446 Y113.554 E3.82753
G1 X97.446 Y111.756 E3.88839
G1 X97.039 Y111.289 F7200
G1 F600
G1 X98.961 Y111.289 E3.95345
G1 X98.961 Y113.961 E4.04389
G1 X97.039 Y113.961 E4.10895
G1 X97.039 Y111.349 E4.19736
G1 X96.632 Y110.882 F7200
G1 F600
G1 X99.368 Y110.882 E4.28997
G1 X99.368 Y114.368 E4.40797
G1 X96.632 Y114.368 E4.50058
G1 X96.632 Y110.942 E4.61655
G1 X96.225 Y110.475 F7200
;TYPE:External perimeter
G1 F600
G1 X99.775 Y110.475 E4.73671
G1 X99.775 Y114.775 E4.88226
G1 X96.225 Y114.775 E5.00242
G1 X96.225 Y110.535 E5.14594
G1 X96.621 Y110.476 F7200
G1 E3.14594 F2400
G92 E0
G1 X98.226 Y112.024 F7200
G1 E2 F2400
;TYPE:Solid infill
;WIDTH:0.494915
G1 F600
G1 X98.226 Y113.226 E2.04518
G1 X97.774 Y113.226 E2.06217
G1 X97.774 Y112.024 E2.10735
G1 X98.022 Y112.024 E2.11667
;LAYER_CHANGE
;Z:7
;HEIGHT:0.2
G1 Z7 F7200
G1 X97.446 Y111.696
;TYPE:Perimeter
;WIDTH:0.449999
G1 F600
G1 X98.554 Y111.696 E2.15417
G1 X98.554 Y113.554 E2.21706
G1 X97.446 Y113.554 E2.25456
G1 X97.446 Y111.756 E2.31542
G1 X97.039 Y111.289 F7200
G1 F600
G1 X98.961 Y111.289 E2.38048
G1 X98.961 Y113.961 E2.47092
G1 X97.039 Y113.961 E2.53598
G1 X97.039 Y111.349 E2.62439
G1 X96.632 Y110.882 F7200
G1 F600
G1 X99.368 Y110.882 E2.717
G1 X99.368 Y114.368 E2.835
G1 X96.632 Y114.368 E2.92761
G1 X96.632 Y110.942 E3.04358
G1 X96.225 Y110.475 F7200
;TYPE:External perimeter
G1 F600
G1 X99.775 Y110.475 E3.16374
G1 X99.775 Y114.775 E3.30929
G1 X96.225 Y114.775 E3.42945
G1 X96.225 Y110.535 E3.57297
G1 X96.621 Y110.476 F7200
G1 X97.774 Y112.024
;TYPE:Solid infill
;WIDTH:0.494915
G1 F600
G1 X98.226 Y112.024 E3.58996
G1 X98.226 Y113.226 E3.63514
G1 X97.774 Y113.226 E3.65213
G1 X97.774 Y112.228 E3.68964
;LAYER_CHANGE
;Z:7.2
;HEIGHT:0.2
G1 Z7.2 F7200
G1 X97.446 Y111.696
;TYPE:Perimeter
;WIDTH:0.449999
G1 F600
G1 X98.554 Y111.696 E3.72714
G1 X98.554 Y113.554 E3.79003
G1 X97.446 Y113.554 E3.82753
G1 X97.446 Y111.756 E3.88839
G1 X97.039 Y111.289 F7200
G1 F600
G1 X98.961 Y111.289 E3.95345
G1 X98.961 Y113.961 E4.04389
G1 X97.039 Y113.961 E4.10895
G1 X97.039 Y111.349 E4.19736
G1 X96.632 Y110.882 F7200
G1 F600
G1 X99.368 Y110.882 E4.28997
G1 X99.368 Y114.368 E4.40797
G1 X96.632 Y114.368 E4.50058
G1 X96.632 Y110.942 E4.61655
G1 X96.225 Y110.475 F7200
;TYPE:External perimeter
G1 F600
G1 X99.775 Y110.475 E4.73671
G1 X99.775 Y114.775 E4.88226
G1 X96.225 Y114.775 E5.00242
G1 X96.225 Y110.535 E5.14594
G1 X96.621 Y110.476 F7200
G1 E3.14594 F2400
G92 E0
G1 X98.226 Y112.024 F7200
G1 E2 F2400
;TYPE:Solid infill
;WIDTH:0.494915
G1 F600
G1 X98.226 Y113.226 E2.04518
G1 X97.774 Y113.226 E2.06217
G1 X97.774 Y112.024 E2.10735
G1 X98.022 Y112.024 E2.11667
;LAYER_CHANGE
;Z:7.4
;HEIGHT:0.2
G1 Z7.4 F7200
G1 X97.446 Y111.696
;TYPE:Perimeter
;WIDTH:0.449999
G1 F600
G1 X98.554 Y111.696 E2.15417
G1 X98.554 Y113.554 E2.21706
G1 X97.446 Y113.554 E2.25456
G1 X97.446 Y111.756 E2.31542
G1 X97.039 Y111.289 F7200
G1 F600
G1 X98.961 Y111.289 E2.38048
G1 X98.961 Y113.961 E2.47092
G1 X97.039 Y113.961 E2.53598
G1 X97.039 Y111.349 E2.62439
G1 X96.632 Y110.882 F7200
G1 F600
G1 X99.368 Y110.882 E2.717
G1 X99.368 Y114.368 E2.835
G1 X96.632 Y114.368 E2.92761
G1 X96.632 Y110.942 E3.04358
G1 X96.225 Y110.475 F7200
;TYPE:External perimeter
G1 F600
G1 X99.775 Y110.475 E3.16374
G1 X99.775 Y114.775 E3.30929
G1 X96.225 Y114.775 E3.42945
G1 X96.225 Y110.535 E3.57297
G1 X96.621 Y110.476 F7200
G1 E1.57297 F2400
G92 E0
G1 X98.432 Y112.737 F7200
G1 E2 F2400
;TYPE:Top solid infill
;WIDTH:0.49511
G1 F600
G1 X97.752 Y112.057 E2.03616
G1 X97.752 Y112.696 E2.06019
G1 X98.432 Y113.376 E2.09635
G1 E.09635 F2400
G92 E0
M107
;TYPE:Custom
; Filament-specific end gcode 
;END gcode for filament
; ESTIMATE END
; objects_info = {"objects":[]}
; filament used [mm] = 2043.38
; filament used [cm3] = 4.91
; filament used [g] = 6.24
; total filament used [g] = 6.24
; total filament cost = 0.00
; total filament used for wipe tower [g] = 0.00
; estimated printing time (normal mode) = 34m 18s
; estimated printing time (silent mode) = 34m 23s
; estimated first layer printing time (normal mode) = 3m 37s
; estimated first layer printing time (silent mode) = 3m 37s

; prusaslicer_config = begin
; arc_fitting = disabled
; autoemit_temperature_commands = 1
; automatic_extrusion_widths = 0
; automatic_infill_combination = 0
; automatic_infill_combination_max_layer_height = 100%
; avoid_crossing_curled_overhangs = 0
; avoid_crossing_perimeters = 0
; avoid_crossing_perimeters_max_detour = 0
; bed_shape = 0x0,200x0,200x200,0x200
; bed_temperature = 80
; bed_temperature_extruder = 0
; before_layer_gcode = 
; between_objects_gcode = 
; binary_gcode = 0
; bottom_fill_pattern = monotonic
; bottom_solid_layers = 5
; bottom_solid_min_thickness = 0
; bridge_acceleration = 0
; bridge_angle = 0
; bridge_fan_speed = 100
; bridge_flow_ratio = 1
; bridge_speed = 25
; brim_separation = 0.1
; brim_type = outer_only
; brim_width = 3
; chamber_minimal_temperature = 0
; chamber_temperature = 0
; color_change_gcode = M600
; colorprint_heights = 
; complete_objects = 0
; cooling = 1
; cooling_perimeter_transition_distance = 0
; cooling_slowdown_logic = uniform_cooling
; cooling_tube_length = 5
; cooling_tube_retraction = 91.5
; custom_parameters_filament = ""
; custom_parameters_print = 
; custom_parameters_printer = 
; default_acceleration = 500
; deretract_speed = 0
; disable_fan_first_layers = 3
; dont_support_bridges = 1
; draft_shield = disabled
; duplicate_distance = 6
; elefant_foot_compensation = 0
; enable_dynamic_fan_speeds = 0
; enable_dynamic_overhang_speeds = 0
; end_filament_gcode = "; Filament-specific end gcode \n;END gcode for filament\n"
; end_gcode = ; ESTIMATE END
; ensure_vertical_shell_thickness = enabled
; external_perimeter_acceleration = 0
; external_perimeter_extrusion_width = 0.45
; external_perimeter_speed = 30
; external_perimeters_first = 0
; extra_loading_move = -2
; extra_perimeters = 1
; extra_perimeters_on_overhangs = 0
; extruder_clearance_height = 20
; extruder_clearance_radius = 20
; extruder_colour = ""
; extruder_offset = 0x0
; extrusion_axis = E
; extrusion_multiplier = 1
; extrusion_width = 0.45
; fan_always_on = 0
; fan_below_layer_time = 60
; filament_abrasive = 0
; filament_colour = #29B2B2
; filament_cooling_final_speed = 3.4
; filament_cooling_initial_speed = 2.2
; filament_cooling_moves = 4
; filament_cost = 0
; filament_density = 1.27
; filament_diameter = 1.75
; filament_flush_speed = 0
; filament_flush_volume = 0
; filament_infill_max_crossing_speed = 0
; filament_infill_max_speed = 0
; filament_load_time = 0
; filament_loading_speed = 28
; filament_loading_speed_start = 3
; filament_max_volumetric_speed = 8
; filament_minimal_purge_on_wipe_tower = 15
; filament_multitool_ramming = 0
; filament_multitool_ramming_flow = 10
; filament_multitool_ramming_volume = 10
; filament_notes = ""
; filament_purge_multiplier = 100%
; filament_ramming_parameters = "120 100 6.6 6.8 7.2 7.6 7.9 8.2 8.7 9.4 9.9 10.0| 0.05 6.6 0.45 6.8 0.95 7.8 1.45 8.3 1.95 9.7 2.45 10 2.95 7.6 3.45 7.6 3.95 7.6 4.45 7.6 4.95 7.6"
; filament_seam_gap_distance = 15%
; filament_settings_id = ""
; filament_shrinkage_compensation_xy = 0%
; filament_shrinkage_compensation_z = 0%
; filament_soluble = 0
; filament_spool_weight = 0
; filament_stamping_distance = 0
; filament_stamping_loading_speed = 20
; filament_toolchange_delay = 0
; filament_type = PETG
; filament_unload_time = 0
; filament_unloading_speed = 90
; filament_unloading_speed_start = 100
; fill_angle = 45
; fill_density = 25%
; fill_pattern = gyroid
; first_layer_acceleration = 0
; first_layer_acceleration_over_raft = 0
; first_layer_bed_temperature = 80
; first_layer_extrusion_width = 0.45
; first_layer_height = 0.2
; first_layer_infill_speed = 0
; first_layer_speed = 20
; first_layer_speed_over_raft = 30
; first_layer_temperature = 240
; full_fan_speed_layer = 0
; fuzzy_skin = none
; fuzzy_skin_point_dist = 0.8
; fuzzy_skin_thickness = 0.3
; gap_fill_enabled = 1
; gap_fill_speed = 20
; gcode_comments = 0
; gcode_flavor = marlin2
; gcode_label_objects = disabled
; gcode_resolution = 0.0125
; gcode_substitutions = 
; high_current_on_filament_swap = 0
; idle_temperature = nil
; infill_acceleration = 0
; infill_anchor = 600%
; infill_anchor_max = 50
; infill_every_layers = 1
; infill_extruder = 1
; infill_extrusion_width = 0.45
; infill_first = 0
; infill_overlap = 25%
; infill_speed = 55
; interface_shells = 0
; interlocking_beam = 0
; interlocking_beam_layer_count = 2
; interlocking_beam_width = 0.8
; interlocking_boundary_avoidance = 2
; interlocking_depth = 2
; interlocking_orientation = 22.5
; ironing = 0
; ironing_flowrate = 15%
; ironing_spacing = 0.1
; ironing_speed = 15
; ironing_type = top
; layer_gcode = 
; layer_height = 0.2
; machine_limits_usage = time_estimate_only
; machine_max_acceleration_e = 10000,5000
; machine_max_acceleration_extruding = 1500,1250
; machine_max_acceleration_retracting = 1500,1250
; machine_max_acceleration_travel = 1500,1250
; machine_max_acceleration_x = 9000,1000
; machine_max_acceleration_y = 9000,1000
; machine_max_acceleration_z = 500,200
; machine_max_feedrate_e = 120,120
; machine_max_feedrate_x = 500,200
; machine_max_feedrate_y = 500,200
; machine_max_feedrate_z = 12,12
; machine_max_jerk_e = 2.5,2.5
; machine_max_jerk_x = 10,10
; machine_max_jerk_y = 10,10
; machine_max_jerk_z = 0.2,0.4
; machine_max_junction_deviation = 0,0
; machine_min_extruding_rate = 0,0
; machine_min_travel_rate = 0,0
; max_fan_speed = 60
; max_layer_height = 0
; max_print_height = 200
; max_print_speed = 80
; max_volumetric_extrusion_rate_slope_negative = 0
; max_volumetric_extrusion_rate_slope_positive = 0
; max_volumetric_speed = 0
; min_bead_width = 85%
; min_fan_speed = 30
; min_feature_size = 25%
; min_layer_height = 0.07
; min_print_speed = 10
; min_skirt_length = 0
; mmu_segmented_region_interlocking_depth = 0
; mmu_segmented_region_max_width = 0
; multimaterial_purging = 140
; notes = 
; nozzle_diameter = 0.4
; nozzle_high_flow = 0
; only_one_perimeter_first_layer = 0
; only_retract_when_crossing_perimeters = 0
; ooze_prevention = 0
; output_filename_format = [input_filename_base].gcode
; over_bridge_speed = 0
; overhang_fan_speed_0 = 0
; overhang_fan_speed_1 = 0
; overhang_fan_speed_2 = 0
; overhang_fan_speed_3 = 0
; overhang_speed_0 = 15
; overhang_speed_1 = 15
; overhang_speed_2 = 20
; overhang_speed_3 = 25
; overhangs = 1
; parking_pos_retraction = 92
; pause_print_gcode = M601
; perimeter_acceleration = 0
; perimeter_extruder = 1
; perimeter_extrusion_width = 0.45
; perimeter_generator = arachne
; perimeter_speed = 45
; perimeters = 4
; physical_printer_settings_id = 
; post_process = 
; prefer_clockwise_movements = 0
; print_settings_id = 
; printer_model = 
; printer_notes = 
; printer_settings_id = 
; printer_technology = FFF
; raft_contact_distance = 0.1
; raft_expansion = 1.5
; raft_first_layer_density = 90%
; raft_first_layer_expansion = 3
; raft_layers = 0
; remaining_times = 0
; resolution = 0
; retract_before_travel = 2
; retract_before_wipe = 0%
; retract_layer_change = 0
; retract_length = 2
; retract_length_toolchange = 10
; retract_lift = 0
; retract_lift_above = 0
; retract_lift_below = 0
; retract_restart_extra = 0
; retract_restart_extra_toolchange = 0
; retract_speed = 40
; scarf_seam_entire_loop = 0
; scarf_seam_length = 20
; scarf_seam_max_segment_length = 1
; scarf_seam_on_inner_perimeters = 0
; scarf_seam_only_on_smooth = 1
; scarf_seam_placement = nowhere
; scarf_seam_start_height = 0%
; seam_gap_distance = 15%
; seam_position = aligned
; silent_mode = 1
; single_extruder_multi_material = 0
; single_extruder_multi_material_priming = 1
; skirt_distance = 6
; skirt_height = 1
; skirts = 0
; slice_closing_radius = 0.049
; slicing_mode = regular
; slowdown_below_layer_time = 5
; small_perimeter_speed = 20
; solid_infill_acceleration = 0
; solid_infill_below_area = 70
; solid_infill_every_layers = 0
; solid_infill_extruder = 1
; solid_infill_extrusion_width = 0.45
; solid_infill_speed = 40
; spiral_vase = 0
; staggered_inner_seams = 0
; standby_temperature_delta = -5
; start_filament_gcode = "; Filament gcode\n"
; start_gcode = ; OFFLINE ESTIMATE ONLY - NOT FOR PRINTING
; support_material = 0
; support_material_angle = 0
; support_material_auto = 1
; support_material_bottom_contact_distance = 0
; support_material_bottom_interface_layers = -1
; support_material_buildplate_only = 0
; support_material_closing_radius = 2
; support_material_contact_distance = 0.25
; support_material_enforce_layers = 0
; support_material_extruder = 1
; support_material_extrusion_width = 0.45
; support_material_interface_contact_loops = 0
; support_material_interface_extruder = 1
; support_material_interface_layers = 2
; support_material_interface_pattern = rectilinear
; support_material_interface_spacing = 0
; support_material_interface_speed = 100%
; support_material_pattern = rectilinear
; support_material_spacing = 2.5
; support_material_speed = 35
; support_material_style = snug
; support_material_synchronize_layers = 0
; support_material_threshold = 45
; support_material_with_sheath = 1
; support_material_xy_spacing = 0.35
; support_tree_angle = 40
; support_tree_angle_slow = 25
; support_tree_branch_diameter = 2
; support_tree_branch_diameter_angle = 5
; support_tree_branch_diameter_double_wall = 3
; support_tree_branch_distance = 1
; support_tree_tip_diameter = 0.8
; support_tree_top_rate = 15%
; temperature = 240
; template_custom_gcode = 
; thick_bridges = 1
; thin_walls = 1
; thumbnails = 
; thumbnails_format = PNG
; toolchange_gcode = 
; toolchange_ordering = optimized
; top_fill_pattern = monotonic
; top_infill_extrusion_width = 0.45
; top_one_perimeter_type = none
; top_solid_infill_acceleration = 0
; top_solid_infill_speed = 30
; top_solid_layers = 5
; top_solid_min_thickness = 0
; travel_acceleration = 0
; travel_lift_before_obstacle = 0
; travel_max_lift = 0
; travel_ramping_lift = 0
; travel_short_distance_acceleration = 0
; travel_slope = 0
; travel_speed = 120
; travel_speed_z = 0
; use_firmware_retraction = 0
; use_relative_e_distances = 0
; use_volumetric_e = 0
; variable_layer_height = 1
; wall_distribution_count = 1
; wall_transition_angle = 10
; wall_transition_filter_deviation = 25%
; wall_transition_length = 100%
; wipe = 0
; wipe_into_infill = 0
; wipe_into_objects = 0
; wipe_tower = 0
; wipe_tower_acceleration = 0
; wipe_tower_bridging = 10
; wipe_tower_brim_width = 2
; wipe_tower_cone_angle = 0
; wipe_tower_extra_flow = 100%
; wipe_tower_extra_spacing = 100%
; wipe_tower_extruder = 0
; wipe_tower_no_sparse_layers = 0
; wipe_tower_width = 60
; wiping_volumes_matrix = 0,140,140,140,140,140,0,140,140,140,140,140,0,140,140,140,140,140,0,140,140,140,140,140,0
; wiping_volumes_use_custom_matrix = 0
; xy_size_compensation = 0
; z_offset = 0
; prusaslicer_config = end
