============================================================
   Tang Dynasty, V6.2.178840
   Copyright (c) 2012-2025 Anlogic Inc.
   Executable = D:/td6.2.1/bin/td_commands_prompt.exe
   Built at =   14:07:58 Sep  4 2025
   Run by =     Li47
   Run Date =   Thu Oct  8 21:32:05 2026

   Run on =     LI474747
============================================================
RUN-1002 : start command "import_device ph1_35p.db -package PH1P35MDG324 -speed 3"
ARC-1001 : Device Initialization.
ARC-1001 : ----------------------------------------------------------------
ARC-1001 :           OPTION          |          IO           |   SETTING   
ARC-1001 : ----------------------------------------------------------------
ARC-1001 :   non_jtag_persist(none)  |        35 IOs         |    gpio    
ARC-1001 :            jtag           |  P13/P15/L14/R13/T13  |  dedicate  
ARC-1001 : ----------------------------------------------------------------
RUN-1003 : finish command "import_device ph1_35p.db -package PH1P35MDG324 -speed 3" in  1.678713s wall, 1.078125s user + 0.140625s system = 1.218750s CPU (72.6%)

RUN-1004 : used memory is 333 MB, reserved memory is 330 MB, peak memory is 333 MB
RUN-1002 : start command "open_project hdmi_tpg.prj -noanalyze"
PRJ-5611 WARNING: ../../hdmi_tpg.sdc and ../../pin.adc have the same CompileOrder value.
RUN-1002 : start command "import_db ../syn_1/hdmi_tpg_gate.db"
RUN-1001 : Importing database generated by Tang Dynasty, V6.2.178840.
RUN-1001 : Database version number 46207
RUN-1001 : Import flow parameters
RUN-1001 : Import netlist
RUN-1001 : Import timing constraints
RUN-1001 : Import IO constraints
RUN-1001 : Import Inst constraints
RUN-1001 : Import ChipWatcher
RUN-1001 : Import design success TD_VERSION=6.2.178840 , DB_VERSION=46207
RUN-1002 : start command "commit_param -step place"
RUN-1001 : Print Global Property
RUN-1001 : -------------------------------------------------------------
RUN-1001 :     Parameters    |   Settings   |  Default Values  |  Note  
RUN-1001 : -------------------------------------------------------------
RUN-1001 :    enable_seed    |     off      |       off        |        
RUN-1001 :    hfn_to_clock   |  1000000000  |    1000000000    |        
RUN-1001 :      message      |   standard   |     standard     |        
RUN-1001 :    qor_monitor    |      on      |        on        |        
RUN-1001 :   speedup_effort  |      0       |        0         |        
RUN-1001 :    syn_ip_flow    |     off      |       off        |        
RUN-1001 :       thread      |     auto     |       auto       |        
RUN-1001 : -------------------------------------------------------------
RUN-1001 : Print Place Property
RUN-1001 : --------------------------------------------------------------
RUN-1001 :      Parameters      |  Settings  |  Default Values  |  Note  
RUN-1001 : --------------------------------------------------------------
RUN-1001 :        effort        |   medium   |      medium      |        
RUN-1001 :       floorplan      |    off     |       off        |        
RUN-1001 :    hfn_opt_effort    |   medium   |      medium      |        
RUN-1001 :    logic_level_opt   |    off     |       off        |        
RUN-1001 :   macro_performance  |    auto    |       auto       |        
RUN-1001 :      max_fanout      |   999999   |      999999      |        
RUN-1001 :      opt_timing      |   medium   |      medium      |        
RUN-1001 :    post_place_opt    |    auto    |       auto       |        
RUN-1001 :      pr_strategy     |     1      |        1         |        
RUN-1001 : --------------------------------------------------------------
RUN-1002 : start command "insert_debugger"
RUN-1002 : start command "place"
RUN-1001 : Open license file D:/td6.2.1/license/Anlogic.lic
PHY-3001 : Placer runs in 20 thread(s).
PHY-1001 : Stage 1 | Initialize Design
PHY-1001 : Stage 1.1 | Build Design
PHY-1001 : 841 luts, 1079 seqs, 16 mslices, 56 lslices, 8 pads, 5 brams, 0 dsps
RUN-1002 : start command "legalize_phy_inst"
SYN-1011 : Flatten model hdmi_tpg_top
PHY-1001 : Remove keep and sweep redundant instances ...
PHY-1001 : 841 luts, 1079 seqs, 16 mslices, 56 lslices, 8 pads, 5 brams, 0 dsps
PHY-1001 : End Stage 1.1 | Build Design; Time: 0.005016s wall, 0.000000s user + 0.000000s system = 0.000000s CPU (n/a%); Memory(MB): used = 351, reserved = 347, peak = 351;

PHY-1001 : Stage 1.2 | Optimize Design
OPT-1001 : Stage 1.2.1 | Simplify Lut
OPT-1001 : End Stage 1.2.1 | Simplify Lut; Time: 0.002325s wall, 0.000000s user + 0.000000s system = 0.000000s CPU (n/a%); Memory(MB): used = 352, reserved = 347, peak = 352;

OPT-1001 : Stage 1.2.2 | Sweep
OPT-1001 : End Stage 1.2.2 | Sweep; Time: 0.000631s wall, 0.000000s user + 0.000000s system = 0.000000s CPU (n/a%); Memory(MB): used = 352, reserved = 347, peak = 352;

OPT-1001 : Stage 1.2.3 | Merge Lut
OPT-1001 : Start remap optimization ...
RUN-1001 :   Added 0 lut1 for undup drivers
OPT-1001 : skip lut merge since lut number 841 is similar to or less than reg number 1079
OPT-1001 : End Stage 1.2.3 | Merge Lut; Time: 0.001288s wall, 0.000000s user + 0.000000s system = 0.000000s CPU (n/a%); Memory(MB): used = 352, reserved = 347, peak = 352;

OPT-1001 : Stage 1.2.4 | Synthesize High-fanout Net
OPT-1001 : Start high-fanout net optimization in pre-place flow with medium effort ...
RUN-1001 : HFN opt statistic
RUN-1001 : ------------------------------------------------------
RUN-1001 :   DriverCell type  |  HFN count  |  Duplicated count  
RUN-1001 : ------------------------------------------------------
RUN-1001 :       LSLICE       |      0      |         0          
RUN-1001 :       MSLICE       |      0      |         0          
RUN-1001 :        TOTAL       |      0      |         0          
RUN-1001 : ------------------------------------------------------
OPT-1001 : End high-fanout net optimization;  0.000381s wall, 0.000000s user + 0.000000s system = 0.000000s CPU (n/a%)

OPT-1001 : Current memory(MB): used = 352, reserved = 347, peak = 352.
OPT-1001 : End Stage 1.2.4 | Synthesize High-fanout Net; Time: 0.000851s wall, 0.000000s user + 0.000000s system = 0.000000s CPU (n/a%); Memory(MB): used = 352, reserved = 347, peak = 352;

OPT-1001 : End physical optimization;  0.006334s wall, 0.000000s user + 0.000000s system = 0.000000s CPU (n/a%)

PHY-1001 : End Stage 1.2 | Optimize Design; Time: 0.007705s wall, 0.000000s user + 0.000000s system = 0.000000s CPU (n/a%); Memory(MB): used = 352, reserved = 347, peak = 352;

PHY-1001 : Stage 1.3 | Initialize Clock
PHY-1001 : Start to synthesize physical clock networks.
RUN-1002 : start command "start_timer"
USR-6136 CRITICAL-WARNING: 'derive_pll_clocks' is obsolete. Please use 'derive_clocks' instead, which handles more types of clock deriving resources. 
Launching timing wizard will update this command automatically.
USR-1002 : Derived clock:  create_generated_clock -name {u_hdmi_pll/u_ref/ph1p_phy_pll_wrapper_25a56e5ce2f9_Inst/u_PH1P_PHY_PLL.clkc[0]} -source [get_ports I_sys_clk] -master_clock {sys_clk_50m} -divide_by 1.4815 -duty_cycle 50.0000 [get_pins {u_hdmi_pll/u_ref/ph1p_phy_pll_wrapper_25a56e5ce2f9_Inst/u_PH1P_PHY_PLL.clkc[0]}]
USR-1002 : Derived clock:  create_generated_clock -name {u_hdmi_pll/u_output/ph1p_phy_pll_wrapper_25a56e5ce2f9_Inst/u_PH1P_PHY_PLL.clkc[0]} -source [get_pins {u_hdmi_pll/u_ref/ph1p_phy_pll_wrapper_25a56e5ce2f9_Inst/u_PH1P_PHY_PLL.clkc[0]}] -master_clock {u_hdmi_pll/u_ref/ph1p_phy_pll_wrapper_25a56e5ce2f9_Inst/u_PH1P_PHY_PLL.clkc[0]} -multiply_by 2.2000 -duty_cycle 50.0000 [get_pins {u_hdmi_pll/u_output/ph1p_phy_pll_wrapper_25a56e5ce2f9_Inst/u_PH1P_PHY_PLL.clkc[0]}]
USR-1002 : Derived clock:  create_generated_clock -name {u_hdmi_pll/u_output/ph1p_phy_pll_wrapper_25a56e5ce2f9_Inst/u_PH1P_PHY_PLL.clkc[1]} -source [get_pins {u_hdmi_pll/u_ref/ph1p_phy_pll_wrapper_25a56e5ce2f9_Inst/u_PH1P_PHY_PLL.clkc[0]}] -master_clock {u_hdmi_pll/u_ref/ph1p_phy_pll_wrapper_25a56e5ce2f9_Inst/u_PH1P_PHY_PLL.clkc[0]} -multiply_by 11.0000 -duty_cycle 50.0000 [get_pins {u_hdmi_pll/u_output/ph1p_phy_pll_wrapper_25a56e5ce2f9_Inst/u_PH1P_PHY_PLL.clkc[1]}]
TMR-2502 : Net delay update with mode: Synthesized
PHY-1001 : Populate physical database on model hdmi_tpg_top.
RUN-1001 : There are total 2017 instances
RUN-0007 : 841 luts, 1079 seqs, 16 mslices, 56 lslices, 8 pads, 5 brams, 0 dsps
RUN-1001 : There are total 2240 nets
RUN-1001 : 1705 nets have 2 pins
RUN-1001 : 307 nets have [3 - 5] pins
RUN-1001 : 186 nets have [6 - 10] pins
RUN-1001 : 17 nets have [11 - 20] pins
RUN-1001 : 21 nets have [21 - 99] pins
RUN-1001 : 4 nets have 100+ pins
PHY-1001 : End Stage 1.3 | Initialize Clock; Time: 0.093279s wall, 0.062500s user + 0.015625s system = 0.078125s CPU (83.8%); Memory(MB): used = 355, reserved = 347, peak = 355;

PHY-1001 : End Stage 1 | Initialize Design; Time: 0.108250s wall, 0.062500s user + 0.015625s system = 0.078125s CPU (72.2%); Memory(MB): used = 355, reserved = 347, peak = 355;

PHY-1001 : Stage 2 | Global Placement
RUN-1001 : Report Control nets information:
RUN-1001 : DFF Distribution
RUN-1001 : -------------------------------------
RUN-1001 :   CE   |  SSR  |  ASR  |  DFF Count  
RUN-1001 : -------------------------------------
RUN-1001 :   No   |  No   |  No   |     416     
RUN-1001 :   No   |  No   |  Yes  |     554     
RUN-1001 :   No   |  Yes  |  No   |      8      
RUN-1001 :   Yes  |  No   |  No   |      0      
RUN-1001 :   Yes  |  No   |  Yes  |     133     
RUN-1001 :   Yes  |  Yes  |  No   |      0      
RUN-1001 : -------------------------------------
RUN-1001 : Control Group Statistic
RUN-1001 : -----------------------------
RUN-1001 :   #CLK  |  #CE  |  #SSR/ASR  
RUN-1001 : -----------------------------
RUN-1001 :    2    |   6   |     6      
RUN-1001 : -----------------------------
RUN-0007 : Control Set = 14
PHY-1001 : Stage 2.1 | Place Fixed Instances
PHY-5016 WARNING: PLL clkc is driving an IO without location.
PHY-5016 WARNING: PLL clkc is not driving a clock-capable IO.
PHY-5016 WARNING: PLL clkc is driving an IO without location.
PHY-1001 : End Stage 2.1 | Place Fixed Instances; Time: 0.006787s wall, 0.000000s user + 0.000000s system = 0.000000s CPU (n/a%); Memory(MB): used = 361, reserved = 353, peak = 361;

PHY-1001 : Stage 2.2 | Pre-Place DRC Check
PHY-1001 : Stage 2.2.1 | Force Route Constraint Check
PHY-1001 : Check Pass.
PHY-1001 : End Stage 2.2.1 | Force Route Constraint Check; Time: 0.000165s wall, 0.000000s user + 0.000000s system = 0.000000s CPU (n/a%); Memory(MB): used = 361, reserved = 353, peak = 361;

PHY-1001 : Stage 2.2.2 | Sigmap Check
PHY-1001 : Check pass.
PHY-1001 : End Stage 2.2.2 | Sigmap Check; Time: 0.002673s wall, 0.000000s user + 0.000000s system = 0.000000s CPU (n/a%); Memory(MB): used = 362, reserved = 353, peak = 362;

PHY-1001 : End Stage 2.2 | Pre-Place DRC Check; Time: 0.003306s wall, 0.000000s user + 0.000000s system = 0.000000s CPU (n/a%); Memory(MB): used = 362, reserved = 353, peak = 362;

PHY-1001 : Clock GCLK Statistics:
RUN-1001 : GCLK Index: 
RUN-1001 : --------------------------------------------------------------------------------
RUN-1001 :   Index  |                       Clock GCLK                       |  Location   
RUN-1001 : --------------------------------------------------------------------------------
RUN-1001 :     1    |           u_hdmi_pll/u_output/bufg_feedback            |  x23y39z0   
RUN-1001 :     2    |  u_phy/u0_lane_lvds_8_1/I_serial_clk_created_gclkinst  |  x23y39z1   
RUN-1001 :     3    |             u_hdmi_pll/u_ref/bufg_feedback             |  x23y39z16  
RUN-1001 : --------------------------------------------------------------------------------
RUN-1001 : Clock Nets Connect To GCLK Statistics: 
RUN-1001 : ---------------------------------------------------------------------------------------------------------------------------------------------------------------------
RUN-1001 :   Index  |              Leading Net              |  CLK/DATA/IO/PLL Sink(s)  |                       Following Net                       |  CLK/DATA/IO/PLL Sink(s)  
RUN-1001 : ---------------------------------------------------------------------------------------------------------------------------------------------------------------------
RUN-1001 :     1    |     u_hdmi_pll/u_output/clk0_buf      |          1/0/0/0          |                    u_core/I_pixel_clk                     |        1061/0/0/0         
RUN-1001 :     2    |  u_phy/u0_lane_lvds_8_1/I_serial_clk  |          1/0/0/0          |         u_phy/u0_lane_lvds_8_1/I_serial_clk_syn_1         |         54/0/0/0          
RUN-1001 :     3    |       u_hdmi_pll/u_ref/clk0_buf       |          1/0/0/0          | u_hdmi_pll/u_output/ph1p_phy_pll_wrapper_25a56e5ce2f9...  |          1/0/0/0          
RUN-1001 : ---------------------------------------------------------------------------------------------------------------------------------------------------------------------
PHY-1001 : Stage 2.3 | Global Placement Step 1
PHY-3001 : Target density is 60%
PHY-1001 : Stage 2.3.1 | Update Timing
RUN-1002 : start command "start_timer"
PHY-1001 : SWNS: 470, STNS: 0, FEP: 0
PHY-3001 : tot_pins 17796 tot_hfn_pins 794 perc. 4 tot_hhfn_pins 0 perc. 0
PHY-1001 : End Stage 2.3.1 | Update Timing; Time: 0.082998s wall, 0.093750s user + 0.000000s system = 0.093750s CPU (113.0%); Memory(MB): used = 367, reserved = 358, peak = 367;

PHY-0007 : Cell area utilization is 2%
PHY-3001 : Clustering ...
PHY-3001 : End clustering;  0.000043s wall, 0.000000s user + 0.000000s system = 0.000000s CPU (n/a%)

PHY-3001 : Target density is 60%
PHY-1001 : Stage 2.3.2 | GP Iteration
PHY-1001 : End Stage 2.3.2 | GP Iteration; Time: 0.149706s wall, 0.343750s user + 0.203125s system = 0.546875s CPU (365.3%); Memory(MB): used = 368, reserved = 360, peak = 368;

PHY-3001 : Multithread accelerating rate: 3.55
PHY-3001 : Low accelerating rate: 3.55. This may happen when it is heavy-loaded.
RUN-1002 : start command "start_timer"
PHY-3001 : No need to merge 9x9 Dsps.
PHY-1001 : Populate physical database on model hdmi_tpg_top.
PHY-1001 : End Stage 2.3 | Global Placement Step 1; Time: 0.350847s wall, 0.531250s user + 0.203125s system = 0.734375s CPU (209.3%); Memory(MB): used = 374, reserved = 366, peak = 374;

PHY-1001 : Stage 2.4 | RAM/DSP Legalization and Detailed Placement
PHY-1001 : Stage 2.4.1 | Legalization
PHY-3001 : Before Legalized: Len = 184630
PHY-3001 : After Legalized: Len = 189382, Over = 0 with grid_size = 640
PHY-1001 : End Stage 2.4.1 | Legalization; Time: 0.060978s wall, 0.062500s user + 0.000000s system = 0.062500s CPU (102.5%); Memory(MB): used = 375, reserved = 366, peak = 375;

PHY-1001 : Stage 2.4.2 | Detailed Placement
PHY-1001 : Stage 2.4.2.1 | Simulated Annealing Based DP
PHY-0007 : Initial: WL Cost = 14900.4, TD Cost = 14289.5, SWNS = -460, STNS = -2758, Nums per T = 50, Range Limit = 2x32
PHY-0007 : Finally: WL Cost = 14900.4, TD Cost = 14289.5, WL Ratio = 1, TD Ratio = 1, SWNS = -460, STNS = -2758
RUN-1001 : Print Detailed placement's Summary information
RUN-1001 : -------------------------------------------------------------------------------------------------------------------------------
RUN-1001 :             |  Total  |  Accept  |  Reject by overFlow  |  Reject by worseCost  |  Failed by noTarget  |  Failed by gridCheck  
RUN-1001 : -------------------------------------------------------------------------------------------------------------------------------
RUN-1001 :   RAM/DSPs  |   50    |    0     |          0           |          50           |          0           |           0           
RUN-1001 :    Macros   |    0    |    0     |          0           |           0           |          0           |           0           
RUN-1001 : -------------------------------------------------------------------------------------------------------------------------------
PHY-1001 : End Stage 2.4.2.1 | Simulated Annealing Based DP; Time: 0.008944s wall, 0.015625s user + 0.000000s system = 0.015625s CPU (174.7%); Memory(MB): used = 375, reserved = 366, peak = 375;

PHY-3001 : End Detailed Place; 
PHY-1001 : End Stage 2.4.2 | Detailed Placement; Time: 0.016676s wall, 0.015625s user + 0.000000s system = 0.015625s CPU (93.7%); Memory(MB): used = 375, reserved = 366, peak = 375;

PHY-1001 : End Stage 2.4 | RAM/DSP Legalization and Detailed Placement; Time: 0.078142s wall, 0.078125s user + 0.000000s system = 0.078125s CPU (100.0%); Memory(MB): used = 375, reserved = 366, peak = 375;

PHY-1001 : Stage 2.5 | Global Placement Step 2
PHY-3001 : Target density is 60%
PHY-1001 : Stage 2.5.1 | Update Timing
PHY-1001 : SWNS: -460, STNS: -2758, FEP: 8
PHY-1001 : End Stage 2.5.1 | Update Timing; Time: 0.005893s wall, 0.015625s user + 0.000000s system = 0.015625s CPU (265.1%); Memory(MB): used = 376, reserved = 367, peak = 376;

PHY-1001 : Stage 2.5.2 | Refresh Congestion
RUN-1001 : Generating global routing grids ...
RUN-1001 : Building simple global routing graph ...
PHY-1001 : Generate routing nets ...
PHY-1001 : Reuse net number 0/1844.
PHY-1001 : Global iterations in 20 thread ...
PHY-1002 : len = 211360, over cnt = 124(0%), over = 349, worst = 13
PHY-1001 : End global iterations;  0.104152s wall, 0.078125s user + 0.015625s system = 0.093750s CPU (90.0%)

PHY-1001 : Congestion index:
PHY-1001 : top1  = 53.95(S 33.06, N 44.20, E 45.31, W 27.63, I 44.76, O 50.33)
PHY-1001 : top5  = 31.42(S 17.62, N 23.67, E 24.25, W 14.44, I 17.63, O 21.50)
PHY-1001 : top10 = 21.95(S 11.58, N 15.53, E 15.85, W 9.43, I 10.25, O 12.97)
PHY-1001 : top15 = 16.99(S 8.65, N 11.54, E 11.69, W 7.09, I 7.20, O 9.26)
PHY-1001 : End Stage 2.5.2 | Refresh Congestion; Time: 0.308172s wall, 0.281250s user + 0.015625s system = 0.296875s CPU (96.3%); Memory(MB): used = 423, reserved = 414, peak = 423;

PHY-1001 : Stage 2.5.3 | GP Iteration
PHY-1001 : End Stage 2.5.3 | GP Iteration; Time: 0.375000s wall, 1.500000s user + 0.937500s system = 2.437500s CPU (650.0%); Memory(MB): used = 424, reserved = 415, peak = 424;

PHY-3001 : Multithread accelerating rate: 6.44
PHY-1001 : End Stage 2.5 | Global Placement Step 2; Time: 0.752085s wall, 1.843750s user + 0.953125s system = 2.796875s CPU (371.9%); Memory(MB): used = 424, reserved = 415, peak = 424;

PHY-1001 : Stage 2.6 | RAM/DSP Detailed Placement
PHY-1001 : Stage 2.6.1 | Detailed Placement
PHY-1001 : Stage 2.6.1.1 | Simulated Annealing Based DP
PHY-0007 : Initial: WL Cost = 6124.25, TD Cost = 2400.36, SWNS = 339, STNS = 0, Nums per T = 50, Range Limit = 2x32
PHY-0007 : Finally: WL Cost = 6124.25, TD Cost = 2400.36, WL Ratio = 1, TD Ratio = 1, SWNS = 339, STNS = 0
RUN-1001 : Print Detailed placement's Summary information
RUN-1001 : -------------------------------------------------------------------------------------------------------------------------------
RUN-1001 :             |  Total  |  Accept  |  Reject by overFlow  |  Reject by worseCost  |  Failed by noTarget  |  Failed by gridCheck  
RUN-1001 : -------------------------------------------------------------------------------------------------------------------------------
RUN-1001 :   RAM/DSPs  |   50    |    0     |          0           |          50           |          0           |           0           
RUN-1001 :    Macros   |    0    |    0     |          0           |           0           |          0           |           0           
RUN-1001 : -------------------------------------------------------------------------------------------------------------------------------
PHY-1001 : End Stage 2.6.1.1 | Simulated Annealing Based DP; Time: 0.007848s wall, 0.015625s user + 0.000000s system = 0.015625s CPU (199.1%); Memory(MB): used = 425, reserved = 416, peak = 425;

PHY-3001 : End Detailed Place; 
PHY-1001 : End Stage 2.6.1 | Detailed Placement; Time: 0.013982s wall, 0.015625s user + 0.000000s system = 0.015625s CPU (111.7%); Memory(MB): used = 425, reserved = 416, peak = 425;

PHY-1001 : Stage 2.6.2 | Spreading
OPT-1001 : Total overflow 28.62 peak overflow 1.97
PHY-3001 : Spreading for sector grids.
PHY-3001 : Iter 1, total overflow: 0
PHY-3001 : tot_capacity: 36, usage_cnt: 4, movable_cnt: 36
PHY-3001 : End spreading;  0.005000s wall, 0.015625s user + 0.000000s system = 0.015625s CPU (312.5%)

PHY-1001 : End Stage 2.6.2 | Spreading; Time: 0.005075s wall, 0.015625s user + 0.000000s system = 0.015625s CPU (307.9%); Memory(MB): used = 425, reserved = 416, peak = 425;

PHY-1001 : End Stage 2.6 | RAM/DSP Detailed Placement; Time: 0.026967s wall, 0.031250s user + 0.000000s system = 0.031250s CPU (115.9%); Memory(MB): used = 425, reserved = 416, peak = 425;

PHY-1001 : Stage 2.7 | Optimize Design
OPT-1001 : Start physical optimization ...
OPT-1001 : Total overflow 28.62 peak overflow 1.97
OPT-1001 : Stage 2.7.1 | Synthesize High-fanout Net
OPT-1001 : Start high-fanout net optimization in pre-pack flow with medium effort ...
OPT-1001 : Update timing in Manhattan mode
OPT-1001 : End timing update;  0.056852s wall, 0.062500s user + 0.000000s system = 0.062500s CPU (109.9%)

OPT-1001 : Start: SWNS 339 STNS 0 NUM_FEPS 0
OPT-1001 : Total overflow 28.62 peak overflow 1.97
DBG-001 :  select 1 high fanout candidates
DBG-001 :  crit level 1 net count 1 (fanout thres 50)
DBG-001 :  crit level 2 net count 0 (fanout thres 50)
DBG-001 :  crit level 3 net count 0 (fanout thres 40)
DBG-001 :  crit level 4 net count 0 (fanout thres 30)
DBG-001 :  crit level 5 net count 0 (fanout thres 30)
DBG-001 :  crit level 6 net count 0 (fanout thres 30)
PHY-1001 : Populate physical database on model hdmi_tpg_top.
OPT-1001 : 1 high-fanout net processed.
PHY-3001 : Start incremental placement ...
PHY-1001 : Populate physical database on model hdmi_tpg_top.
PHY-3001 : Target density is 60%
PHY-3001 : Target density is 60%
PHY-1001 : Stage 2.7.1.1 | Update Timing
PHY-1001 : SWNS: 339, STNS: 0, FEP: 0
PHY-1001 : End Stage 2.7.1.1 | Update Timing; Time: 0.006234s wall, 0.000000s user + 0.000000s system = 0.000000s CPU (n/a%); Memory(MB): used = 426, reserved = 417, peak = 426;

PHY-1001 : Stage 2.7.1.2 | Refresh Congestion
RUN-1001 : Generating global routing grids ...
PHY-1001 : Generate routing nets ...
PHY-1001 : Reuse net number 12/1558.
PHY-1001 : Global iterations in 20 thread ...
PHY-1002 : len = 80400, over cnt = 144(0%), over = 483, worst = 18
PHY-1001 : End global iterations;  0.059704s wall, 0.046875s user + 0.015625s system = 0.062500s CPU (104.7%)

PHY-1001 : Congestion index:
PHY-1001 : top1  = 52.30(S 16.57, N 40.42, E 47.86, W 26.73, I 50.60, O 61.02)
PHY-1001 : top5  = 30.41(S 7.50, N 20.41, E 23.27, W 12.03, I 21.16, O 28.42)
PHY-1001 : top10 = 18.56(S 4.04, N 11.70, E 12.86, W 6.46, I 11.39, O 15.62)
PHY-1001 : top15 = 12.48(S 2.69, N 7.80, E 8.57, W 4.31, I 7.60, O 10.42)
PHY-1001 : End Stage 2.7.1.2 | Refresh Congestion; Time: 0.085818s wall, 0.062500s user + 0.015625s system = 0.078125s CPU (91.0%); Memory(MB): used = 426, reserved = 417, peak = 426;

PHY-1001 : Stage 2.7.1.3 | GP Iteration
PHY-1001 : End Stage 2.7.1.3 | GP Iteration; Time: 0.109605s wall, 0.203125s user + 0.109375s system = 0.312500s CPU (285.1%); Memory(MB): used = 426, reserved = 417, peak = 426;

PHY-3001 : Multithread accelerating rate: 2.93
PHY-3001 : Low accelerating rate: 2.93. This may happen when it is heavy-loaded.
OPT-1001 : Total overflow 29.59 peak overflow 2.50
PHY-3001 : Spreading for sector grids.
PHY-3001 : Iter 1, total overflow: 0
PHY-3001 : tot_capacity: 36, usage_cnt: 4, movable_cnt: 36
PHY-3001 : End spreading;  0.003007s wall, 0.000000s user + 0.015625s system = 0.015625s CPU (519.7%)

PHY-3001 : Final: Len = 71950.1, Over = 3.03125
PHY-3001 : End incremental placement;  0.220868s wall, 0.281250s user + 0.140625s system = 0.421875s CPU (191.0%)

OPT-1001 : Total overflow 29.59 peak overflow 2.50
RUN-1001 : HFN opt statistic
RUN-1001 : ------------------------------------------------------
RUN-1001 :   DriverCell type  |  HFN count  |  Duplicated count  
RUN-1001 : ------------------------------------------------------
RUN-1001 :         REG        |      1      |         5          
RUN-1001 :        LUT6        |      0      |         0          
RUN-1001 :        LUT5        |      0      |         0          
RUN-1001 :        LUT4        |      0      |         0          
RUN-1001 :        LUT3        |      0      |         0          
RUN-1001 :        LUT2        |      0      |         0          
RUN-1001 :        TOTAL       |      1      |         5          
RUN-1001 : ------------------------------------------------------
OPT-1001 : End high-fanout net optimization;  0.306949s wall, 0.453125s user + 0.343750s system = 0.796875s CPU (259.6%)

OPT-1001 : Update timing in Manhattan mode
OPT-1001 : End timing update;  0.059668s wall, 0.046875s user + 0.015625s system = 0.062500s CPU (104.7%)

OPT-1001 : Current memory(MB): used = 426, reserved = 417, peak = 426.
OPT-1001 : End Stage 2.7.1 | Synthesize High-fanout Net; Time: 0.373102s wall, 0.500000s user + 0.359375s system = 0.859375s CPU (230.3%); Memory(MB): used = 426, reserved = 417, peak = 426;

OPT-1001 : Stage 2.7.2 | Global Optimization
OPT-1001 : Start global optimization ...
OPT-0007 : Start: SWNS 400 STNS 0 NUM_FEPS 0
OPT-1001 : Start congestion update ...
RUN-1001 : Generating global routing grids ...
PHY-1001 : Generate routing nets ...
PHY-1001 : Reuse net number 1182/1530.
PHY-1001 : Global iterations in 20 thread ...
PHY-1002 : len = 80528, over cnt = 131(0%), over = 382, worst = 17
PHY-1002 : len = 86640, over cnt = 72(0%), over = 125, worst = 9
PHY-1002 : len = 88640, over cnt = 2(0%), over = 2, worst = 1
PHY-1002 : len = 88672, over cnt = 0(0%), over = 0, worst = 0
PHY-1001 : End global iterations;  0.053609s wall, 0.046875s user + 0.000000s system = 0.046875s CPU (87.4%)

PHY-1001 : Congestion index:
PHY-1001 : top1  = 42.43(S 18.01, N 36.27, E 37.75, W 26.56, I 51.40, O 61.35)
PHY-1001 : top5  = 26.83(S 8.98, N 20.00, E 20.61, W 13.54, I 21.13, O 28.34)
PHY-1001 : top10 = 17.41(S 5.10, N 12.08, E 12.21, W 7.46, I 11.40, O 15.61)
PHY-1001 : top15 = 11.91(S 3.40, N 8.07, E 8.14, W 4.97, I 7.60, O 10.41)
OPT-1001 : End congestion update;  0.086007s wall, 0.093750s user + 0.000000s system = 0.093750s CPU (109.0%)

OPT-0007 : Iter 1: improved SWNS 400 STNS 0 NUM_FEPS 0 with 2 cells processed and 116 slack improved
OPT-0007 : Iter 2: improved SWNS 400 STNS 0 NUM_FEPS 0 with 0 cells processed and 0 slack improved
OPT-1001 : Overall commit ratio 0.50
OPT-1001 : End global optimization;  0.093765s wall, 0.093750s user + 0.000000s system = 0.093750s CPU (100.0%)

OPT-1001 : Current memory(MB): used = 427, reserved = 417, peak = 427.
OPT-1001 : End Stage 2.7.2 | Global Optimization; Time: 0.111567s wall, 0.109375s user + 0.000000s system = 0.109375s CPU (98.0%); Memory(MB): used = 427, reserved = 417, peak = 427;

OPT-0007 : End flow prepack: SWNS 400 STNS 0 NUM_FEPS 0
OPT-1001 : End physical optimization;  0.488120s wall, 0.609375s user + 0.359375s system = 0.968750s CPU (198.5%)

PHY-1001 : End Stage 2.7 | Optimize Design; Time: 0.488296s wall, 0.609375s user + 0.359375s system = 0.968750s CPU (198.4%); Memory(MB): used = 427, reserved = 417, peak = 427;

PHY-1001 : Stage 2.8 | Pack and Legalization
PHY-1001 : Stage 2.8.1 | Direct Legalization
PHY-3001 : Start Direct Legalization ...
PHY-3001 : Get top1 grid util = 0.185889, top1_avg = 0.185889.
PHY-1001 : Populate physical database on model hdmi_tpg_top.
PHY-3001 : Target density is 60%
PHY-3001 : Before Legalization for Slice Macros, Len = 71859.8.
RUN-1001 : Legalization top10 inst displacement:
RUN-1001 : ----------------------------------------------------------------------------------------------------------------------------------------------------------------------------------------------
RUN-1001 :   Index  |  Bounded  |  Height  |        Location        |  Disp. (slots)  |  Disp. (grids)  |                                              Name                                              
RUN-1001 : ----------------------------------------------------------------------------------------------------------------------------------------------------------------------------------------------
RUN-1001 :     1    |     N     |    8     |  x18y30z0 to x17y30z0  |        8        |        1        |  u_core/u_hdmi_tx_controller_wrapper/u_hdmi_video_data_assemble/S_island_guard_band_1d_syn_10  
RUN-1001 :     2    |     N     |    8     |  x21y30z5 to x21y31z0  |        3        |        1        |  u_core/u_hdmi_tx_controller_wrapper/u_hdmi_video_data_assemble/S_island_guard_band_1d_syn_36  
RUN-1001 :     3    |     N     |    14    |  x29y25z2 to x29y25z0  |        2        |        0        |              u_core/u_hdmi_tx_controller_wrapper/u_hdmi_video_source/add1_syn_86               
RUN-1001 :     4    |     N     |    14    |  x17y22z5 to x17y22z4  |        1        |        0        |              u_core/u_hdmi_tx_controller_wrapper/u_hdmi_video_source/add0_syn_86               
RUN-1001 :     5    |     N     |    14    |  x17y41z5 to x17y41z4  |        1        |        0        |  u_core/u_hdmi_tx_controller_wrapper/u_hdmi_video_tpg_gen/u_video_tpg_rgb444_gen/add2_syn_86   
RUN-1001 :     6    |     N     |    14    |  x19y43z4 to x19y43z4  |        0        |        0        |  u_core/u_hdmi_tx_controller_wrapper/u_hdmi_video_tpg_gen/u_video_tpg_rgb444_gen/add0_syn_86   
RUN-1001 : ----------------------------------------------------------------------------------------------------------------------------------------------------------------------------------------------
PHY-3001 : After Legalization for Slice Macros, Len = 72185.8.
RUN-1001 : Generating global routing grids ...
PHY-1001 : Generate routing nets ...
PHY-1001 : Reuse net number 1466/1526.
RUN-1002 : start command "update_timing -mode MANHATTAN"
RUN-1002 : start command "start_timer"
PHY-1001 : Global iterations in 20 thread ...
PHY-1002 : len = 88912, over cnt = 5(0%), over = 13, worst = 4
PHY-1002 : len = 89040, over cnt = 2(0%), over = 2, worst = 1
PHY-1002 : len = 89104, over cnt = 0(0%), over = 0, worst = 0
PHY-1001 : End global iterations;  0.011247s wall, 0.031250s user + 0.000000s system = 0.031250s CPU (277.8%)

PHY-1001 : Congestion index:
PHY-1001 : top1  = 42.23(S 17.93, N 36.23, E 37.75, W 26.89, I 52.28, O 62.34)
PHY-1001 : top5  = 26.65(S 8.94, N 19.99, E 20.62, W 13.85, I 21.00, O 28.48)
PHY-1001 : top10 = 17.32(S 5.08, N 12.07, E 12.27, W 7.62, I 11.31, O 15.64)
PHY-1001 : top15 = 11.86(S 3.39, N 8.06, E 8.18, W 5.08, I 7.54, O 10.43)
PHY-3001 : Total Iter 87, legal = 1889 / 1889 (100.00%), avg_move = 36.52, max_move = 360.
PHY-3001 : There are no illegal insts.
PHY-1001 : Populate physical database on model hdmi_tpg_top.
PHY-3001 : End Direct Legalization;  2.477009s wall, 24.000000s user + 0.109375s system = 24.109375s CPU (973.3%)

RUN-1001 : Summary of LUT-FF Pairs
RUN-1001 : --------------------------------------------------------------
RUN-1001 :   Num of Fanout Seqs  |  1x   |  2x  |  3~5  |  6~10  |  >10  
RUN-1001 : --------------------------------------------------------------
RUN-1001 :         Total         |  660  |  0   |   0   |   0    |   0   
RUN-1001 :          Grid         |  660  |  0   |   0   |   0    |   0   
RUN-1001 :          Bank         |  638  |  0   |   0   |   0    |   0   
RUN-1001 :         Paired        |  635  |  0   |   0   |   0    |   0   
RUN-1001 : --------------------------------------------------------------
RUN-1001 : Summary of LUT Pairs
RUN-1001 : ---------------------------------------------------------------------------------------------------------------------
RUN-1001 :            |           |           |           |           |           |  O5 + O6  |  Only O5  |  Only O6  |  Total  
RUN-1001 : ---------------------------------------------------------------------------------------------------------------------
RUN-1001 :   5 Share  |  4 Share  |  3 Share  |  2 Share  |  1 Share  |  0 Share  |           |           |           |         
RUN-1001 :      7     |    16     |    27     |    38     |    143    |    72     |    303    |    203    |    144    |   650   
RUN-1001 : ---------------------------------------------------------------------------------------------------------------------
PHY-1001 : End Stage 2.8.1 | Direct Legalization; Time: 2.480013s wall, 24.000000s user + 0.109375s system = 24.109375s CPU (972.1%); Memory(MB): used = 451, reserved = 440, peak = 452;

PHY-3001 : Target density is 60%
PHY-3001 : After Direct Legalization, Len = 102193.
PHY-1001 : End Stage 2.8 | Pack and Legalization; Time: 2.486207s wall, 24.015625s user + 0.109375s system = 24.125000s CPU (970.4%); Memory(MB): used = 452, reserved = 440, peak = 452;

RUN-1002 : start command "start_timer"
PHY-1001 : End Stage 2 | Global Placement; Time: 4.371874s wall, 27.250000s user + 1.640625s system = 28.890625s CPU (660.8%); Memory(MB): used = 452, reserved = 440, peak = 452;

PHY-1001 : Stage 3 | Detailed Placement
PHY-1001 : Stage 3.1 | SLICE Detailed Placement
PHY-1001 : Stage 3.1.1 | Spreading
PHY-3001 : Design contains 5 ce signals.
PHY-3001 : Spreading for sector grids.
PHY-3001 : Iter 1, total overflow: 0
PHY-3001 : tot_capacity: 12, usage_cnt: 2, movable_cnt: 12
PHY-3001 : Spreading for clock grids.
PHY-3001 : clock grid count for 24 x 4 grids
PHY-3001 : Spreading for plb grids.
PHY-3001 : total displace: 0, max displace: 0.
PHY-3001 : End spreading;  0.012124s wall, 0.015625s user + 0.000000s system = 0.015625s CPU (128.9%)

PHY-1001 : End Stage 3.1.1 | Spreading; Time: 0.012200s wall, 0.015625s user + 0.000000s system = 0.015625s CPU (128.1%); Memory(MB): used = 452, reserved = 440, peak = 452;

PHY-1001 : Stage 3.1.2 | Simulated Annealing Based DP
RUN-1001 : Generating global routing grids ...
PHY-1001 : Generate routing nets ...
PHY-1001 : Reuse net number 39/903.
PHY-1001 : Global iterations in 20 thread ...
PHY-1002 : len = 105840, over cnt = 47(0%), over = 79, worst = 4
PHY-1002 : len = 106800, over cnt = 26(0%), over = 26, worst = 1
PHY-1002 : len = 107152, over cnt = 1(0%), over = 1, worst = 1
PHY-1002 : len = 107152, over cnt = 0(0%), over = 0, worst = 0
PHY-1001 : End global iterations;  0.072807s wall, 0.078125s user + 0.000000s system = 0.078125s CPU (107.3%)

PHY-1001 : Congestion index:
PHY-1001 : top1  = 36.76(S 15.01, N 28.99, E 32.73, W 25.90, I 41.94, O 47.70)
PHY-1001 : top5  = 23.10(S 7.01, N 15.80, E 17.79, W 12.02, I 17.78, O 23.89)
PHY-1001 : top10 = 15.47(S 3.88, N 9.53, E 10.89, W 6.58, I 8.93, O 12.07)
PHY-1001 : top15 = 11.10(S 2.59, N 6.43, E 7.26, W 4.39, I 5.95, O 8.05)
PHY-0007 : Initial: WL Cost = 7789.35, TD Cost = 2691.72, SWNS = 403, STNS = 0, Nums per T = 7630, Range Limit = 4x8
PHY-0007 : Finally: WL Cost = 5495.36, TD Cost = 1134.95, WL Ratio = 0.705496, TD Ratio = 0.421645, SWNS = 823, STNS = 0
RUN-1001 : Print Detailed placement's Summary information
RUN-1001 : -----------------------------------------------------------------------------------------------------------------------------
RUN-1001 :           |  Total  |  Accept  |  Reject by overFlow  |  Reject by worseCost  |  Failed by noTarget  |  Failed by gridCheck  
RUN-1001 : -----------------------------------------------------------------------------------------------------------------------------
RUN-1001 :   Slices  |  68670  |   2907   |          0           |         64837         |          0           |          926          
RUN-1001 :   Macros  |   526   |    4     |          0           |          522          |          0           |           0           
RUN-1001 : -----------------------------------------------------------------------------------------------------------------------------
PHY-1001 : End Stage 3.1.2 | Simulated Annealing Based DP; Time: 0.685658s wall, 0.671875s user + 0.000000s system = 0.671875s CPU (98.0%); Memory(MB): used = 452, reserved = 440, peak = 452;

PHY-3001 : End Detailed Place; 
PHY-3001 : Final: Len = 71034, Over = 0
PHY-1001 : End Stage 3.1 | SLICE Detailed Placement; Time: 0.712770s wall, 0.718750s user + 0.000000s system = 0.718750s CPU (100.8%); Memory(MB): used = 452, reserved = 440, peak = 452;

PHY-3001 : End Detailed Place; 
PHY-1001 : Stage 3.2 | Optimize Design
OPT-1001 : Start physical optimization ...
OPT-1001 : Total overflow 0.00 peak overflow 0.00
OPT-1001 : Stage 3.2.1 | Physical Optimization
OPT-1001 : Start high-fanout net optimization in optimize equivalent flow with medium effort ...
OPT-1001 : Clean unloaded insts before merging registers
PHY-1001 : Populate physical database on model hdmi_tpg_top.
PHY-1001 : Populate physical database on model hdmi_tpg_top.
OPT-1001 : Total overflow 0.00 peak overflow 0.00
OPT-1001 : End optimize duplicated nets. Total 2 instances are merged and 17 sinks are reconnected,  0.102984s wall, 0.093750s user + 0.000000s system = 0.093750s CPU (91.0%)

OPT-1001 : End high-fanout net optimization;  0.103169s wall, 0.093750s user + 0.000000s system = 0.093750s CPU (90.9%)

OPT-1001 : Update timing in Manhattan mode
RUN-1002 : start command "start_timer"
OPT-1001 : End timing update;  0.157432s wall, 0.156250s user + 0.000000s system = 0.156250s CPU (99.2%)

OPT-1001 : Current memory(MB): used = 452, reserved = 440, peak = 452.
OPT-1001 : End Stage 3.2.1 | Physical Optimization; Time: 0.265948s wall, 0.250000s user + 0.000000s system = 0.250000s CPU (94.0%); Memory(MB): used = 452, reserved = 440, peak = 452;

OPT-1001 : Stage 3.2.2 | Synthesize High-fanout Net
OPT-1001 : Start high-fanout net optimization in post-pack flow with medium effort ...
OPT-1001 : Start: SWNS 823 STNS 0 NUM_FEPS 0
OPT-1001 : Total overflow 0.00 peak overflow 0.00
DBG-001 :  select 1 high fanout candidates
DBG-001 :  crit level 1 net count 0 (fanout thres 50)
DBG-001 :  crit level 2 net count 1 (fanout thres 50)
DBG-001 :  crit level 3 net count 0 (fanout thres 40)
DBG-001 :  crit level 4 net count 0 (fanout thres 30)
DBG-001 :  crit level 5 net count 0 (fanout thres 30)
DBG-001 :  crit level 6 net count 0 (fanout thres 30)
PHY-1001 : Populate physical database on model hdmi_tpg_top.
OPT-1001 : 1 high-fanout net processed.
OPT-1001 : Total overflow 0.00 peak overflow 0.00
RUN-1001 : HFN opt statistic
RUN-1001 : ------------------------------------------------------
RUN-1001 :   DriverCell type  |  HFN count  |  Duplicated count  
RUN-1001 : ------------------------------------------------------
RUN-1001 :       LSLICE       |      0      |         0          
RUN-1001 :       MSLICE       |      0      |         0          
RUN-1001 :        OTHER       |      1      |         8          
RUN-1001 :        TOTAL       |      1      |         8          
RUN-1001 : ------------------------------------------------------
OPT-1001 : End high-fanout net optimization;  0.063821s wall, 0.078125s user + 0.000000s system = 0.078125s CPU (122.4%)

OPT-1001 : Current memory(MB): used = 452, reserved = 440, peak = 452.
OPT-1001 : End Stage 3.2.2 | Synthesize High-fanout Net; Time: 0.071477s wall, 0.078125s user + 0.000000s system = 0.078125s CPU (109.3%); Memory(MB): used = 452, reserved = 440, peak = 452;

OPT-1001 : Stage 3.2.3 | Optimize Path
OPT-1001 : Start unpack path based optimization ...
OPT-0007 : Start: SWNS 823 STNS 0 NUM_FEPS 0 with mode 2
OPT-1001 : Start congestion update ...
RUN-1001 : Generating global routing grids ...
PHY-1001 : Generate routing nets ...
PHY-1001 : Reuse net number 238/1071.
PHY-1001 : Global iterations in 20 thread ...
PHY-1002 : len = 82256, over cnt = 61(0%), over = 104, worst = 5
PHY-1002 : len = 83008, over cnt = 33(0%), over = 53, worst = 4
PHY-1002 : len = 83760, over cnt = 7(0%), over = 12, worst = 4
PHY-1002 : len = 84048, over cnt = 0(0%), over = 0, worst = 0
PHY-1001 : End global iterations;  0.060546s wall, 0.046875s user + 0.000000s system = 0.046875s CPU (77.4%)

PHY-1001 : Congestion index:
PHY-1001 : top1  = 35.73(S 15.05, N 29.89, E 31.66, W 23.85, I 38.35, O 42.02)
PHY-1001 : top5  = 23.04(S 6.98, N 16.76, E 17.38, W 11.41, I 17.23, O 22.66)
PHY-1001 : top10 = 14.58(S 3.77, N 9.62, E 10.07, W 6.03, I 8.95, O 12.12)
PHY-1001 : top15 = 9.89(S 2.52, N 6.41, E 6.71, W 4.02, I 5.96, O 8.08)
OPT-1001 : End congestion update;  0.093990s wall, 0.078125s user + 0.000000s system = 0.078125s CPU (83.1%)

OPT-0007 : Iter 1: improved SWNS 856 STNS 0 NUM_FEPS 0 with 27(122) cells and 61(61) paths processed with 3783 slack improved, crit_thod: 1652 ratio: 0.76(29/38) rt: 0.0s
OPT-0007 : Iter 2: improved SWNS 856 STNS 0 NUM_FEPS 0 with 15(86) cells and 43(43) paths processed with 2956 slack improved, crit_thod: 1604 ratio: 0.62(15/24) rt: 0.0s
OPT-0007 : Iter 3: improved SWNS 856 STNS 0 NUM_FEPS 0 with 15(120) cells and 60(60) paths processed with 2058 slack improved, crit_thod: 1684 ratio: 0.84(16/19) rt: 0.0s
OPT-0007 : Iter 4: improved SWNS 856 STNS 0 NUM_FEPS 0 with 7(128) cells and 64(64) paths processed with 1088 slack improved, crit_thod: 1707 ratio: 0.78(7/9) rt: 0.0s
OPT-0007 : Iter 5: improved SWNS 856 STNS 0 NUM_FEPS 0 with 6(140) cells and 70(70) paths processed with 597 slack improved, crit_thod: 1745 ratio: 1.00(6/6) rt: 0.0s
OPT-1001 : End path based optimization;  0.220508s wall, 0.187500s user + 0.015625s system = 0.203125s CPU (92.1%)

OPT-1001 : Current memory(MB): used = 452, reserved = 440, peak = 452.
OPT-1001 : End Stage 3.2.3 | Optimize Path; Time: 0.226937s wall, 0.203125s user + 0.015625s system = 0.218750s CPU (96.4%); Memory(MB): used = 452, reserved = 440, peak = 452;

OPT-1001 : Stage 3.2.4 | Optimize Duplicated Nets
OPT-1001 : Start: WNS 856 TNS 0 NUM_FEPS 0
OPT-1001 : Clean unloaded insts before merging registers
PHY-1001 : Populate physical database on model hdmi_tpg_top.
PHY-1001 : Populate physical database on model hdmi_tpg_top.
OPT-1001 : Total overflow 0.00 peak overflow 0.00
OPT-1001 : End optimize duplicated nets. Total 0 instances are merged and 272 sinks are reconnected,  0.115848s wall, 0.109375s user + 0.000000s system = 0.109375s CPU (94.4%)

OPT-1001 : Update timing in Manhattan mode
RUN-1002 : start command "start_timer"
OPT-1001 : End timing update;  0.155120s wall, 0.156250s user + 0.000000s system = 0.156250s CPU (100.7%)

OPT-1001 : Current memory(MB): used = 452, reserved = 440, peak = 452.
OPT-1001 : End Stage 3.2.4 | Optimize Duplicated Nets; Time: 0.276643s wall, 0.265625s user + 0.000000s system = 0.265625s CPU (96.0%); Memory(MB): used = 452, reserved = 440, peak = 452;

OPT-1001 : Stage 3.2.5 | Swap Pins
OPT-1001 : Start pin optimization...
OPT-1001 : Start: SWNS 856 STNS 0 NUM_FEPS 0
OPT-1001 : Successfully optimized 4 instances
OPT-1001 : Successfully optimized 1 instances
OPT-1001 : End pin optimization;  0.024231s wall, 0.031250s user + 0.000000s system = 0.031250s CPU (129.0%)

OPT-1001 : Current memory(MB): used = 452, reserved = 440, peak = 452.
OPT-1001 : End Stage 3.2.5 | Swap Pins; Time: 0.029039s wall, 0.031250s user + 0.000000s system = 0.031250s CPU (107.6%); Memory(MB): used = 452, reserved = 440, peak = 452;

OPT-1001 : Stage 3.2.6 | Optimize Beeline
OPT-1001 : Start beeline optimization...
OPT-1001 : Start: SWNS 862 STNS 0 NUM_FEPS 0
PHY-1001 : Beeline DP, 131 out of 308 (42.53)%; hop = 179.
PHY-1001 : Beeline DP, 40 out of 186 (21.51)%; hop = 52.
PHY-1001 : Beeline DP, 15 out of 157 (9.55)%; hop = 19.
PHY-1001 : Beeline DP, 9 out of 145 (6.21)%; hop = 12.
PHY-1001 : Beeline DP, 10 out of 148 (6.76)%; hop = 13.
PHY-1001 : Beeline optimization intraPLB, 254 1-hop(38.96%), 278 2-hop(42.64%), 61 3-hop( 9.36%), 59 others ( 9.05%)
PHY-1001 :  0.717058s wall, 0.718750s user + 0.000000s system = 0.718750s CPU (100.2%)

RUN-1001 : Beeline optimization outerPLB: 1-hop 165, 2-hop 277, 3-hop 185, 4-hop 66, other 131 
OPT-1001 : End beeline optimization;  0.762818s wall, 0.765625s user + 0.000000s system = 0.765625s CPU (100.4%)

OPT-1001 : Update timing in Manhattan mode
OPT-1001 : End timing update;  0.061409s wall, 0.062500s user + 0.000000s system = 0.062500s CPU (101.8%)

OPT-1001 : End Stage 3.2.6 | Optimize Beeline; Time: 0.839851s wall, 0.843750s user + 0.000000s system = 0.843750s CPU (100.5%); Memory(MB): used = 465, reserved = 454, peak = 465;

OPT-0007 : End flow postpack: SWNS 862 STNS 0 NUM_FEPS 0
RUN-1001 : Generating global routing grids ...
PHY-1001 : Generate routing nets ...
PHY-1001 : Reuse net number 650/939.
PHY-1001 : Global iterations in 20 thread ...
PHY-1002 : len = 92464, over cnt = 28(0%), over = 36, worst = 3
PHY-1002 : len = 92704, over cnt = 13(0%), over = 14, worst = 2
PHY-1002 : len = 92848, over cnt = 3(0%), over = 3, worst = 1
PHY-1002 : len = 92896, over cnt = 0(0%), over = 0, worst = 0
PHY-1001 : End global iterations;  0.037059s wall, 0.031250s user + 0.000000s system = 0.031250s CPU (84.3%)

PHY-1001 : Congestion index:
PHY-1001 : top1  = 37.34(S 14.35, N 30.26, E 32.24, W 24.34, I 38.79, O 44.82)
PHY-1001 : top5  = 23.11(S 6.62, N 17.55, E 17.06, W 10.86, I 17.51, O 23.27)
PHY-1001 : top10 = 14.91(S 3.58, N 10.52, E 10.17, W 5.64, I 8.94, O 12.10)
PHY-1001 : top15 = 10.28(S 2.39, N 7.01, E 6.78, W 3.76, I 5.96, O 8.07)
RUN-1001 : QoR Analysis:
OPT-0007 :   SWNS 862 STNS 0 NUM_FEPS 0
RUN-1001 :   No local congestion issue, and most congested 1% tile average routing util is 36.894737
RUN-1001 :   Top critical paths
RUN-1001 :       #1 path slack 862ps with logic level 2 
RUN-1001 :       #2 path slack 863ps with logic level 2 
RUN-1001 :       #3 path slack 943ps with logic level 2 
RUN-1001 :       #4 path slack 943ps with logic level 2 
OPT-1001 : End physical optimization;  1.790383s wall, 1.750000s user + 0.015625s system = 1.765625s CPU (98.6%)

PHY-1001 : End Stage 3.2 | Optimize Design; Time: 1.790493s wall, 1.750000s user + 0.015625s system = 1.765625s CPU (98.6%); Memory(MB): used = 465, reserved = 454, peak = 465;

RUN-1001 : Report Control nets information:
RUN-1001 : DFF Distribution
RUN-1001 : -------------------------------------
RUN-1001 :   CE   |  SSR  |  ASR  |  DFF Count  
RUN-1001 : -------------------------------------
RUN-1001 :   No   |  No   |  No   |     32      
RUN-1001 :   No   |  No   |  Yes  |      0      
RUN-1001 :   No   |  Yes  |  No   |      0      
RUN-1001 :   Yes  |  No   |  No   |     387     
RUN-1001 :   Yes  |  No   |  Yes  |     693     
RUN-1001 :   Yes  |  Yes  |  No   |      8      
RUN-1001 : -------------------------------------
RUN-1001 : Control Group Statistic
RUN-1001 : -----------------------------
RUN-1001 :   #CLK  |  #CE  |  #SSR/ASR  
RUN-1001 : -----------------------------
RUN-1001 :    2    |  19   |     13     
RUN-1001 : -----------------------------
RUN-0007 : Control Set = 48
PHY-1001 : End Stage 3 | Detailed Placement; Time: 2.510991s wall, 2.468750s user + 0.015625s system = 2.484375s CPU (98.9%); Memory(MB): used = 465, reserved = 454, peak = 465;

PHY-1001 : Populate physical database on model hdmi_tpg_top.
PHY-1001 : Stage 4 | Optimize Design
PHY-3001 : Start incremental legalization ...
PHY-1001 : Populate physical database on model hdmi_tpg_top.
PHY-3001 : Target density is 60%
PHY-3001 : Target density is 60%
PHY-3001 : Initial: Len = 84091.8, Over = 0
PHY-1001 : Stage 4.1 | Spreading
PHY-3001 : Design contains 5 ce signals.
PHY-3001 : Spreading for sector grids.
PHY-3001 : Iter 1, total overflow: 0
PHY-3001 : tot_capacity: 48, usage_cnt: 5, movable_cnt: 48
PHY-3001 : Spreading for clock grids.
PHY-3001 : clock grid count for 24 x 4 grids
PHY-3001 : Spreading for plb grids.
PHY-3001 : total displace: 0, max displace: 0.
PHY-3001 : End spreading;  0.017100s wall, 0.015625s user + 0.015625s system = 0.031250s CPU (182.7%)

PHY-1001 : End Stage 4.1 | Spreading; Time: 0.017209s wall, 0.015625s user + 0.015625s system = 0.031250s CPU (181.6%); Memory(MB): used = 465, reserved = 454, peak = 465;

PHY-3001 : Final: Len = 84091.8, Over = 0
PHY-3001 : End incremental legalization;  0.033212s wall, 0.015625s user + 0.015625s system = 0.031250s CPU (94.1%)

RUN-1002 : start command "report_qor -step place -file place.qor"
RUN-1002 : start command "start_timer"
TMR-2502 : Net delay update with mode: Placed
RUN-1001 : Generating global routing grids ...
-----------------------------------------------------------
| QoR metrics               |         value               |
-----------------------------------------------------------
| Timing                    |                             |
|     Setup WNS             |          862                |
|     Setup TNS             |            0                |
|     Num of violated S-EP  |            0                |
|     FMAX                  |   546.150MHz                |
|     SWNS path clock period |       2693ps                |
|     Hold WNS              |         -187                |
|     Hold TNS              |        -2823                |
|     Num of violated H-EP  |           29                |
-----------------------------------------------------------
| Routing Resource          |                             |
|     Wire length           |        83794                |
|     Route Net Num         |         1496                |
|     DontRoute Net Num     |          134                |
|     RouteSinks Num        |         4645                |
-----------------------------------------------------------
| Utilization               |                             |
|     #slices               |          839                |
|     slices percentage     |        3.95%                |
|     #RAMs                 |            5                |
|     #DSPs                 |            0                |
|     #DRAMHARDCON          |            0                |
-----------------------------------------------------------
| Congestion                |                             |
|     Top 1% tile util      |           31                |
|     Top 1% tile avg util  |       36.89%                |
|     Over 100% util #tile  |            0                |
-----------------------------------------------------------
Report place stage QoR done.

PHY-1001 : End Stage 4 | Optimize Design; Time: 0.239958s wall, 0.218750s user + 0.015625s system = 0.234375s CPU (97.7%); Memory(MB): used = 466, reserved = 454, peak = 466;

PHY-1001 : Stage 5 | DRC Check
PHY-1001 : Stage 5.1 | Slice Attributes Check
PHY-1035 : Redundant attributes/nets in slice detected. You can use tcl "check_slice_attr -verbose" to get full message.
PHY-1039 : Found 16 mslices getting no used reg attributes, eg: u_core/u_hdmi_tx_controller_wrapper/u_hdmi_video_data_assemble/S_island_guard_band_1d_syn_10.
PHY-1039 : Found 16 mslices getting no used ce attributes, eg: u_core/u_hdmi_tx_controller_wrapper/u_hdmi_video_data_assemble/S_island_guard_band_1d_syn_10.
PHY-1001 : End Stage 5.1 | Slice Attributes Check; Time: 0.002744s wall, 0.000000s user + 0.000000s system = 0.000000s CPU (n/a%); Memory(MB): used = 466, reserved = 454, peak = 466;

PHY-1001 : Stage 5.2 | Clock Bound Check
PHY-1001 : Check pass.
PHY-1001 : End Stage 5.2 | Clock Bound Check; Time: 0.000156s wall, 0.000000s user + 0.000000s system = 0.000000s CPU (n/a%); Memory(MB): used = 466, reserved = 454, peak = 466;

PHY-1001 : Stage 5.3 | Force Route Constraint Check
PHY-1001 : Check Pass.
PHY-1001 : End Stage 5.3 | Force Route Constraint Check; Time: 0.000194s wall, 0.000000s user + 0.000000s system = 0.000000s CPU (n/a%); Memory(MB): used = 466, reserved = 454, peak = 466;

PHY-1001 : Stage 5.4 | Sigmap Check
PHY-1001 : Check pass.
PHY-1001 : End Stage 5.4 | Sigmap Check; Time: 0.002825s wall, 0.000000s user + 0.000000s system = 0.000000s CPU (n/a%); Memory(MB): used = 466, reserved = 454, peak = 466;

PHY-1001 : Stage 5.5 | Duplicated SelfDriven Check
PHY-1001 : Check pass.
PHY-1001 : End Stage 5.5 | Duplicated SelfDriven Check; Time: 0.019388s wall, 0.015625s user + 0.000000s system = 0.015625s CPU (80.6%); Memory(MB): used = 466, reserved = 454, peak = 466;

PHY-1001 : Stage 5.6 | Clock Rule Check
PHY-1001 : End Stage 5.6 | Clock Rule Check; Time: 0.003950s wall, 0.000000s user + 0.000000s system = 0.000000s CPU (n/a%); Memory(MB): used = 466, reserved = 454, peak = 466;

PHY-1001 : End Stage 5 | DRC Check; Time: 0.047620s wall, 0.031250s user + 0.000000s system = 0.031250s CPU (65.6%); Memory(MB): used = 466, reserved = 454, peak = 466;

OPT-1001 : QoR tracer report on placement steps:
    SWNS [   incr ]    STNS [   incr ]    FEPS [   incr ]    CRIT [   incr ]      CELL [     incr ]        WL [     incr ]    CONG [   incr ]    PDES [   incr ]   RT(s) [   incr ]   MEM(mb) [     incr ]
       0 [      0 ]       0 [      0 ]       0 [      0 ]       0 [      0 ]      2016 [        0 ]         0 [        0 ]    0.00 [   0.00 ]       0 [      0 ]       0 [      0 ]       352 [        0 ] : preplace:simplify_lut
       0 [      0 ]       0 [      0 ]       0 [      0 ]       0 [      0 ]      2016 [        0 ]         0 [        0 ]    0.00 [   0.00 ]       0 [      0 ]       0 [      0 ]       352 [        0 ] : preplace:sweep
       0 [      0 ]       0 [      0 ]       0 [      0 ]       0 [      0 ]      2016 [        0 ]         0 [        0 ]    0.00 [   0.00 ]       0 [      0 ]       0 [      0 ]       352 [        0 ] : preplace:lut_merge
       0 [      0 ]       0 [      0 ]       0 [      0 ]       0 [      0 ]      2016 [        0 ]         0 [        0 ]    0.00 [   0.00 ]       0 [      0 ]       0 [      0 ]       352 [        0 ] : preplace:hfn_opt
    -460 [   -460 ]   -2758 [  -2758 ]       8 [      8 ]    8994 [   8994 ]      2017 [        1 ]    184204 [   184204 ]    0.00 [   0.00 ]       0 [      0 ]       0 [      0 ]       374 [       22 ] : step1_gp
    -460 [      0 ]   -2758 [      0 ]       8 [      0 ]    8994 [      0 ]      2017 [        0 ]    188975 [     4771 ]    0.00 [   0.00 ]       0 [      0 ]       0 [      0 ]       375 [        1 ] : step1_legal
    -460 [      0 ]   -2758 [      0 ]       8 [      0 ]    8994 [      0 ]      2017 [        0 ]    188975 [        0 ]    0.00 [   0.00 ]       0 [      0 ]       0 [      0 ]       375 [        0 ] : step1_dp
     339 [    799 ]       0 [   2758 ]       0 [     -8 ]    8897 [    -97 ]      2017 [        0 ]     70869 [  -118106 ]   53.55 [  53.55 ]       0 [      0 ]       1 [      1 ]       424 [       49 ] : step2_gp
     339 [      0 ]       0 [      0 ]       0 [      0 ]    8897 [      0 ]      2017 [        0 ]     70869 [        0 ]   53.55 [   0.00 ]       0 [      0 ]       1 [      0 ]       425 [        1 ] : step2_dp
     339 [      0 ]       0 [      0 ]       0 [      0 ]    8897 [      0 ]      2017 [        0 ]     70869 [        0 ]   53.55 [   0.00 ]       0 [      0 ]       1 [      0 ]       425 [        0 ] : prepack_spreading
     400 [     61 ]       0 [      0 ]       0 [      0 ]    8973 [     76 ]      2022 [        5 ]     71521 [      652 ]   51.84 [  -1.71 ]       0 [      0 ]       1 [      0 ]       426 [        1 ] : prepack:hfn_opt
     400 [      0 ]       0 [      0 ]       0 [      0 ]    8973 [      0 ]      2022 [        0 ]     71583 [       62 ]   41.95 [  -9.89 ]       0 [      0 ]       1 [      0 ]       427 [        1 ] : prepack:global_opt
     403 [      3 ]       0 [      0 ]       0 [      0 ]    7084 [  -1889 ]       854 [    -1168 ]    101896 [    30313 ]   41.74 [  -0.21 ]       0 [      0 ]       4 [      3 ]       452 [       25 ] : direct_legalization
     403 [      0 ]       0 [      0 ]       0 [      0 ]    7084 [      0 ]       854 [        0 ]    101896 [        0 ]   41.74 [   0.00 ]       0 [      0 ]       4 [      0 ]       452 [        0 ] : post_pack_spreading
     823 [    420 ]       0 [      0 ]       0 [      0 ]    8504 [   1420 ]       854 [        0 ]     70737 [   -31159 ]   36.34 [  -5.39 ]       0 [      0 ]       5 [      1 ]       452 [        0 ] : post_pack_dp
     823 [      0 ]       0 [      0 ]       0 [      0 ]    8504 [      0 ]       854 [        0 ]     70537 [     -200 ]   36.34 [   0.00 ]       0 [      0 ]       5 [      0 ]       452 [        0 ] : postpack:optimize_equivalent_quick
     823 [      0 ]       0 [      0 ]       0 [      0 ]    8504 [      0 ]       862 [        8 ]     72705 [     2168 ]   36.34 [   0.00 ]       0 [      0 ]       5 [      0 ]       452 [        0 ] : postpack:hfn_opt
     856 [     33 ]       0 [      0 ]       0 [      0 ]    8504 [      0 ]       865 [        3 ]     82107 [     9402 ]   35.21 [  -1.13 ]       0 [      0 ]       5 [      0 ]       452 [        0 ] : postpack:path_opt
     856 [      0 ]       0 [      0 ]       0 [      0 ]    8504 [      0 ]       864 [       -1 ]     80721 [    -1386 ]   35.21 [   0.00 ]       0 [      0 ]       6 [      1 ]       452 [        0 ] : postpack:optimize_equivalent
     862 [      6 ]       0 [      0 ]       0 [      0 ]    8504 [      0 ]       864 [        0 ]     80721 [        0 ]   35.21 [   0.00 ]       0 [      0 ]       6 [      0 ]       452 [        0 ] : postpack:pin_opt
     862 [      0 ]       0 [      0 ]       0 [      0 ]    8504 [      0 ]       864 [        0 ]     83794 [     3073 ]   35.21 [   0.00 ]       0 [      0 ]       6 [      0 ]       465 [       13 ] : postpack:beeline_opt

RUN-1003 : finish command "place" in  7.316535s wall, 30.062500s user + 1.687500s system = 31.750000s CPU (433.9%)

RUN-1004 : used memory is 466 MB, reserved memory is 454 MB, peak memory is 466 MB
RUN-1002 : start command "update_timing -mode manhattan"
RUN-1002 : start command "start_timer"
RUN-1002 : start command "report_timing_status -file hdmi_tpg_place.ts"
RUN-1002 : start command "report_timing_summary -file hdmi_tpg_place.timing"
RUN-1002 : start command "report_area -io_info -file hdmi_tpg_phy.area"
SYN-4034 : The count of slices with lut is 594.
SYN-4035 : The count of slices with lut+ripple is 56.
RUN-1001 : standard
***Report Model: hdmi_tpg_top Device: PH1P35MDG324***

Design Statistics
#IO                         6   out of    160    3.75%
  #input                    2
  #output                   4
  #inout                    0
#lut6                     666   out of  21216    3.14%
#reg                     1088
  #slice reg             1088   out of  42432    2.56%
  #pad reg                  0

Utilization Statistics
#slice                    839   out of  21216    3.95%
  #used ram                16
    #dram lut               0
    #shifter lut           16
  #used logic             823
    #with luts            594
    #with adder            56
    #reg only             173
#f7mux                      0   out of  10608    0.00%
#f8mux                      0   out of   5304    0.00%
#eram                       5   out of    108    4.63%
  #eram20k                  5
  #fifo20k                  0
#dsp                        0   out of     40    0.00%
#ddr_byte                   0   out of     12    0.00%
#mipi_tx                    0   out of      2    0.00%
#mipi_rx                    0   out of      2    0.00%
#pad                       10   out of    160    6.25%
#pll                        2   out of      6   33.33%
#gclk                       3   out of     32    9.38%
#lclk                       0   out of     12    0.00%
#sclk                       0   out of     48    0.00%
#mlclk                      0   out of      6    0.00%
#ioclk                      0   out of     18    0.00%

RUN-1002 : start command "flow_status -file place_flow.status"
Location         : C:\Users\Li47\Desktop\aa\native_1080p30_hdmi_tpg_r2_20261008\td_project\hdmi_tpg_Runs\phy_1
Running with     : Tang Dynasty v6.2.178840
                   Copyright (c) 2012-2025 Anlogic Inc.
Top Model        : hdmi_tpg_top
Device           : PH1P35MDG324
Speed            : 3

Timing Mode      : manhattan
Setup            : WNS   862ps  TNS        0ps  NUM_FEPS     0
Hold             : WNS  -187ps  TNS    -2823ps  NUM_FEPS    29

Flow Statistics  :
RUN-1001 : Flow Statistics:
RUN-1001 : --------------------------------------------------------------------------------------------------
RUN-1001 :      command     |  #calls  |  wall time  |  cpu time(s)  |  used memory(mb)  |  peak memory(mb)  
RUN-1001 : --------------------------------------------------------------------------------------------------
RUN-1001 :       place      |    1     |   7s(87%)   |    31(96%)    |        466        |        466        
RUN-1001 :   import_device  |    1     |   1s(12%)   |     1(3%)     |        333        |        333        
RUN-1001 :     import_db    |    1     |   0s(0%)    |     0(0%)     |        351        |        351        
RUN-1001 : --------------------------------------------------------------------------------------------------
RUN-1001 :       total      |    3     |     8s      |      32       |        466        |        466        
RUN-1001 : --------------------------------------------------------------------------------------------------
RUN-1002 : start command "report_clock_utilization -file place_clock_utilization.txt"
RUN-1002 : start command "export_db hdmi_tpg_place.db"
RUN-1001 : Exported flow parameters
RUN-1001 : Exported /
RUN-1001 : Exported libs
RUN-1001 : Exported entities
RUN-1001 : Exported ports
RUN-1001 : Exported pins
RUN-1001 : Exported instances
RUN-1001 : Exported nets
RUN-1001 : Exported buses
RUN-1001 : Exported models
RUN-1001 : Exported phy database
RUN-1001 : Exported packer
RUN-1001 : Exported congestions
RUN-1001 : Exported violations
RUN-1001 : Exported ATMR Setting
RUN-1001 : Exported timing constraints
RUN-1001 : Exported IO constraints
RUN-1001 : Exported Inst constraints
RUN-1001 : Exported ChipWatcher
RUN-1002 : start command "commit_param -step route"
RUN-1001 : Print Global Property
RUN-1001 : -------------------------------------------------------------
RUN-1001 :     Parameters    |   Settings   |  Default Values  |  Note  
RUN-1001 : -------------------------------------------------------------
RUN-1001 :    enable_seed    |     off      |       off        |        
RUN-1001 :    hfn_to_clock   |  1000000000  |    1000000000    |        
RUN-1001 :      message      |   standard   |     standard     |        
RUN-1001 :    qor_monitor    |      on      |        on        |        
RUN-1001 :   speedup_effort  |      0       |        0         |        
RUN-1001 :    syn_ip_flow    |     off      |       off        |        
RUN-1001 :       thread      |     auto     |       auto       |        
RUN-1001 : -------------------------------------------------------------
RUN-1001 : Print Route Property
RUN-1001 : ---------------------------------------------------------------
RUN-1001 :       Parameters      |  Settings  |  Default Values  |  Note  
RUN-1001 : ---------------------------------------------------------------
RUN-1001 :         effort        |   normal   |      normal      |        
RUN-1001 :        fix_hold       |     on     |        on        |        
RUN-1001 :   hold_fix_iteration  |     5      |        5         |        
RUN-1001 :     post_route_opt    |    auto    |       auto       |        
RUN-1001 :         timing        |     on     |        on        |        
RUN-1001 : ---------------------------------------------------------------
RUN-1002 : start command "route"
RUN-1001 : Open license file D:/td6.2.1/license/Anlogic.lic
PHY-1001 : Reconnected 2 VDD pins with routing demanding
PHY-1001 : Populate physical database on model hdmi_tpg_top.
RUN-1001 : Dedicate pll clock connection statistics:
RUN-1001 : Clock Region s_0_l [0,0][23,39]; Utilization: 1 out of 12
RUN-1001 : --------------------------------------------------------------------------------------------------------------------------------------------------------------------
RUN-1001 :   Index  |                            Leading Clock                            |                                    Special Sink                                    
RUN-1001 : --------------------------------------------------------------------------------------------------------------------------------------------------------------------
RUN-1001 :     1    |  u_hdmi_pll/u_output/ph1p_phy_pll_wrapper_25a56e5ce2f9_Inst/refclk  |  u_hdmi_pll/u_output/ph1p_phy_pll_wrapper_25a56e5ce2f9_Inst/u_PH1P_PHY_PLL.refclk  
RUN-1001 : --------------------------------------------------------------------------------------------------------------------------------------------------------------------
PHY-1001 : Working orders of clock nets being processed in bank assignment:
PHY-1001 : u_hdmi_pll/u_output/ph1p_phy_pll_wrapper_25a56e5ce2f9_Inst/refclk;
PHY-1001 : u_core/I_pixel_clk;
PHY-1001 : u_phy/u0_lane_lvds_8_1/I_serial_clk_syn_1;
PHY-1001 : Internal bound Intnl_0_0_25_40 is being created by clock u_hdmi_pll/u_output/ph1p_phy_pll_wrapper_25a56e5ce2f9_Inst/u_PH1P_PHY_PLL.clkc[0] through SCLK.
PHY-1001 : Internal bound Intnl_25_0_23_40 is being created by clock u_hdmi_pll/u_output/ph1p_phy_pll_wrapper_25a56e5ce2f9_Inst/u_PH1P_PHY_PLL.clkc[0] through SCLK.
PHY-1001 : Internal bound Intnl_0_40_25_40 is being created by clock u_hdmi_pll/u_output/ph1p_phy_pll_wrapper_25a56e5ce2f9_Inst/u_PH1P_PHY_PLL.clkc[0] through SCLK.
PHY-1001 : Internal bound Intnl_25_40_19_40 is being created by clock u_hdmi_pll/u_output/ph1p_phy_pll_wrapper_25a56e5ce2f9_Inst/u_PH1P_PHY_PLL.clkc[0] through SCLK.
RUN-1001 : Clock region assignment statistics:
RUN-1001 : Clock Region s_0_l [0,0][23,39]; Utilization: 2 out of 12
RUN-1001 : -----------------------------------------------------------------------------------------------------------------------------------------------------------------------------------------------
RUN-1001 :   Bank  |                            Leading Clock                            |       Type        |                             Buffer                              |  Regional Clock Fanouts  
RUN-1001 : -----------------------------------------------------------------------------------------------------------------------------------------------------------------------------------------------
RUN-1001 :    1    |  u_hdmi_pll/u_output/ph1p_phy_pll_wrapper_25a56e5ce2f9_Inst/refclk  |  (infered sclk)   |   u_hdmi_pll/u_ref/bufg_feedback_auto_created_sclk_s_0_l_bk1    |            1             
RUN-1001 :    2    |                         u_core/I_pixel_clk                          |  (infered sclk)   |  u_hdmi_pll/u_output/bufg_feedback_auto_created_sclk_s_0_l_bk2  |           302            
RUN-1001 : -----------------------------------------------------------------------------------------------------------------------------------------------------------------------------------------------
RUN-1001 : Clock Region s_0_r [24,0][47,39]; Utilization: 1 out of 12
RUN-1001 : ------------------------------------------------------------------------------------------------------------------------------------------------
RUN-1001 :   Bank  |    Leading Clock     |       Type        |                             Buffer                              |  Regional Clock Fanouts  
RUN-1001 : ------------------------------------------------------------------------------------------------------------------------------------------------
RUN-1001 :    1    |  u_core/I_pixel_clk  |  (infered sclk)   |  u_hdmi_pll/u_output/bufg_feedback_auto_created_sclk_s_0_r_bk1  |           219            
RUN-1001 : ------------------------------------------------------------------------------------------------------------------------------------------------
RUN-1001 : Clock Region s_1_l [0,40][23,79]; Utilization: 1 out of 12
RUN-1001 : ------------------------------------------------------------------------------------------------------------------------------------------------
RUN-1001 :   Bank  |    Leading Clock     |       Type        |                             Buffer                              |  Regional Clock Fanouts  
RUN-1001 : ------------------------------------------------------------------------------------------------------------------------------------------------
RUN-1001 :    1    |  u_core/I_pixel_clk  |  (infered sclk)   |  u_hdmi_pll/u_output/bufg_feedback_auto_created_sclk_s_1_l_bk1  |            65            
RUN-1001 : ------------------------------------------------------------------------------------------------------------------------------------------------
RUN-1001 : Clock Region s_1_r [24,40][43,79]; Utilization: 2 out of 12
RUN-1001 : ------------------------------------------------------------------------------------------------------------------------------------------------------------------------------------------
RUN-1001 :   Bank  |                Leading Clock                |       Type        |                                       Buffer                                       |  Regional Clock Fanouts  
RUN-1001 : ------------------------------------------------------------------------------------------------------------------------------------------------------------------------------------------
RUN-1001 :    1    |             u_core/I_pixel_clk              |  (infered sclk)   |           u_hdmi_pll/u_output/bufg_feedback_auto_created_sclk_s_1_r_bk1            |            91            
RUN-1001 :    2    |  u_phy/u0_lane_lvds_8_1/I_serial_clk_syn_1  |  (infered sclk)   |  u_phy/u0_lane_lvds_8_1/I_serial_clk_created_gclkinst_auto_created_sclk_s_1_r_bk2  |            36            
RUN-1001 : ------------------------------------------------------------------------------------------------------------------------------------------------------------------------------------------
PHY-1001 : Populate physical database on model hdmi_tpg_top.
PHY-1001 : Route runs in 20 thread(s)
RUN-1001 : There are total 899 instances
RUN-1001 : 16 mslices, 823 lslices, 8 pads, 5 brams, 0 dsps
RUN-1001 : There are total 1663 nets
RUN-1001 : 1155 nets have 2 pins
RUN-1001 : 302 nets have [3 - 5] pins
RUN-1001 : 150 nets have [6 - 10] pins
RUN-1001 : 24 nets have [11 - 20] pins
RUN-1001 : 29 nets have [21 - 99] pins
RUN-1001 : 3 nets have 100+ pins
RUN-1002 : start command "start_timer"
PHY-1001 : 16 mslices, 823 lslices, 8 pads, 5 brams, 0 dsps

PHY-1001 : Stage 1 | Global Routing
PHY-1001 : Start global routing, caller is route ...
RUN-1001 : Generating global routing grids ...
PHY-1001 : Generate routing nets ...
RUN-1001 : Generate nets statistics:
RUN-1001 : ---------------------------
RUN-1001 :        Type       |  Nets  
RUN-1001 : ---------------------------
RUN-1001 :   TotalRouteNets  |  1502  
RUN-1001 :   DontRouteNets   |  563   
RUN-1001 :     RouteNets     |  939   
RUN-1001 :     RouteSinks    |  1746  
RUN-1001 : ---------------------------
PHY-1001 : Global iterations in 20 thread ...
PHY-1002 : len = 89024, over cnt = 69(0%), over = 118, worst = 4
PHY-1002 : len = 90224, over cnt = 30(0%), over = 45, worst = 4
PHY-1002 : len = 91088, over cnt = 7(0%), over = 10, worst = 4
PHY-1002 : len = 91216, over cnt = 0(0%), over = 0, worst = 0
PHY-1001 : End global iterations;  0.078387s wall, 0.062500s user + 0.015625s system = 0.078125s CPU (99.7%)

PHY-1001 : Congestion index:
PHY-1001 : top1  = 36.18(S 14.35, N 29.93, E 32.57, W 25.25, I 38.79, O 44.82)
PHY-1001 : top5  = 23.10(S 6.45, N 17.09, E 16.89, W 11.14, I 17.51, O 23.27)
PHY-1001 : top10 = 14.73(S 3.42, N 10.07, E 9.91, W 5.87, I 8.94, O 12.10)
PHY-1001 : top15 = 10.12(S 2.28, N 6.71, E 6.60, W 3.91, I 5.96, O 8.07)
PHY-1001 : End global routing;  0.114339s wall, 0.093750s user + 0.015625s system = 0.109375s CPU (95.7%)

PHY-1001 : End Stage 1 | Global Routing; Time: 0.114415s wall, 0.093750s user + 0.015625s system = 0.109375s CPU (95.6%); Memory(MB): used = 478, reserved = 590, peak = 478;

PHY-1001 : Stage 2 | Detail Routing
PHY-1001 : Stage 2.1 | Build Routing Design
PHY-1001 : Routing in high effort: false
PHY-1001 : Routing Mode: normal
PHY-1001 : Generate detailed routing grids ...
RUN-1001 : Constructing routing connections ...
PHY-1001 : End build routing graph; 2.300918s wall, 14.921875s user + 0.093750s system = 15.015625s CPU (652.6%)

PHY-1001 : Generate nets ...
RUN-1001 : Generate nets statistics:
RUN-1001 : -----------------------------
RUN-1001 :         Type        |  Nets  
RUN-1001 : -----------------------------
RUN-1001 :        Route        |  1530  
RUN-1001 :      DontRoute      |  133   
RUN-1001 :      RouteSinks     |  4838  
RUN-1001 :   RouteEntitySinks  |   0    
RUN-1001 :       Lut2Dff       |   0    
RUN-1001 :       Ram2Dff       |   0    
RUN-1001 :      Carry2Dff      |   0    
RUN-1001 : -----------------------------
RUN-1001 : DR clock net summary:
RUN-1001 : ------------------------------------------------------------------------------------------------
RUN-1001 :   Net Idx  |                              Net Name                               |  Clock Type  
RUN-1001 : ------------------------------------------------------------------------------------------------
RUN-1001 :      1     |                           I_sys_clk_dup_1                           |    Normal    
RUN-1001 :      2     |                         u_core/I_pixel_clk                          |    Normal    
RUN-1001 :      3     |                    u_hdmi_pll/u_output/clk0_buf                     |    Normal    
RUN-1001 :      4     |  u_hdmi_pll/u_output/ph1p_phy_pll_wrapper_25a56e5ce2f9_Inst/refclk  |    Normal    
RUN-1001 :      5     |                      u_hdmi_pll/u_ref/clk0_buf                      |    Normal    
RUN-1001 :      6     |                 u_phy/u0_lane_lvds_8_1/I_serial_clk                 |    Normal    
RUN-1001 :      7     |              u_phy/u0_lane_lvds_8_1/I_serial_clk_syn_1              |    Normal    
RUN-1001 : ------------------------------------------------------------------------------------------------
RUN-1001 : DR clock buffer summary:
RUN-1001 : --------------------------------------------------------------------------------------------
RUN-1001 :   Idx  |                                        Name                                        
RUN-1001 : --------------------------------------------------------------------------------------------
RUN-1001 :    1   |             u_hdmi_pll/u_ref/bufg_feedback_auto_created_sclk_s_0_l_bk1             
RUN-1001 :    2   |           u_hdmi_pll/u_output/bufg_feedback_auto_created_sclk_s_0_l_bk2            
RUN-1001 :    3   |           u_hdmi_pll/u_output/bufg_feedback_auto_created_sclk_s_0_r_bk1            
RUN-1001 :    4   |           u_hdmi_pll/u_output/bufg_feedback_auto_created_sclk_s_1_l_bk1            
RUN-1001 :    5   |           u_hdmi_pll/u_output/bufg_feedback_auto_created_sclk_s_1_r_bk1            
RUN-1001 :    6   |  u_phy/u0_lane_lvds_8_1/I_serial_clk_created_gclkinst_auto_created_sclk_s_1_r_bk2  
RUN-1001 : --------------------------------------------------------------------------------------------
PHY-1001 : End Stage 2.1 | Build Routing Design; Time: 2.327809s wall, 14.937500s user + 0.093750s system = 15.031250s CPU (645.7%); Memory(MB): used = 767, reserved = 753, peak = 767;

RUN-1001 : Top Percentage Crit. Net Stat.
RUN-1001 : -------------------------------------------------------
RUN-1001 :   Top %  |  Net Count  |  Avg. Fanout  |  Avg. Slack   
RUN-1001 : -------------------------------------------------------
RUN-1001 :     1    |     16      |   3.812500    |  1548.250000  
RUN-1001 :     2    |     33      |   2.363636    |  1684.090909  
RUN-1001 :     3    |     49      |   1.918367    |  1744.857143  
RUN-1001 :     4    |     66      |   1.696970    |  1784.787879  
RUN-1001 :     5    |     83      |   1.578313    |  2060.481928  
RUN-1001 :     6    |     99      |   1.939394    |  3141.737374  
RUN-1001 :     7    |     116     |   2.120690    |  4009.646552  
RUN-1001 :     8    |     133     |   2.165414    |  4683.586466  
RUN-1001 :     9    |     149     |   2.187919    |  5200.080537  
RUN-1001 :    10    |     166     |   2.234940    |  5651.012048  
RUN-1001 : -------------------------------------------------------
PHY-1001 : Stage 2.2 | Tile Base Routing
PHY-1001 : 21 nets need to preroute.
PHY-1001 : len = 0, over cnt = 0(0%), over = 0, worst = 0, crit = 0
PHY-1001 : End Stage 2.2 | Tile Base Routing; Time: 0.033361s wall, 0.343750s user + 0.000000s system = 0.343750s CPU (1030.4%); Memory(MB): used = 769, reserved = 756, peak = 769;

PHY-1001 : Stage 2.3 | Clock Nets Routing
PHY-1001 : Routed 0% nets.
PHY-1001 : len = 56704, over cnt = 0(0%), over = 0, worst = 0, crit = 0
PHY-1001 : End Stage 2.3 | Clock Nets Routing; Time: 0.060210s wall, 0.046875s user + 0.000000s system = 0.046875s CPU (77.9%); Memory(MB): used = 775, reserved = 762, peak = 775;

PHY-1001 : Stage 2.4 | Routing Initialization
PHY-1001 : Mark 1% net(place mode slack < 1755ps) as critical nets.
PHY-1001 : Stage 2.4.1 | Normal Nets Routing

PHY-1001 : Routed 92% nets.
PHY-1001 : len = 184032, over cnt = 422(0%), over = 425, worst = 2, crit = 0
PHY-1001 : End Stage 2.4.1 | Normal Nets Routing; Time: 0.562353s wall, 0.625000s user + 0.015625s system = 0.640625s CPU (113.9%); Memory(MB): used = 801, reserved = 787, peak = 801;

PHY-1001 : Stage 2.4.2 | Update Timing
RUN-1002 : start command "start_timer"
PHY-1001 : 0/1502(0%) critical/total net(s).
PHY-1001 : Setup: WNS(ns) = 0.342, TNS(ns) = 0.000, FEP = 0 | Hold: WNS(ns) = -0.160, TNS(ns) = -3.489, FEP = 41.
PHY-1001 : End Stage 2.4.2 | Update Timing; Time: 0.272086s wall, 0.281250s user + 0.000000s system = 0.281250s CPU (103.4%); Memory(MB): used = 806, reserved = 792, peak = 806;

PHY-1001 : Stage 2.4.3 | Deskew Clock Tree
RUN-1001 : Deskew Summary
RUN-1001 : ----------------------------------------------------------------------------------------------------------------
RUN-1001 :                                         Clock                                        |  Pre-Skew  |  Post-Skew  
RUN-1001 : ----------------------------------------------------------------------------------------------------------------
RUN-1001 :   u_hdmi_pll/u_output/ph1p_phy_pll_wrapper_25a56e5ce2f9_Inst/u_PH1P_PHY_PLL.clkc[0]  |     32     |     32      
RUN-1001 : ----------------------------------------------------------------------------------------------------------------
PHY-1001 : 0/1502(0%) critical/total net(s).
PHY-1001 : Setup: WNS(ns) = 0.342, TNS(ns) = 0.000, FEP = 0 | Hold: WNS(ns) = -0.160, TNS(ns) = -3.489, FEP = 41.
PHY-1001 : End Stage 2.4.3 | Deskew Clock Tree; Time: 0.222085s wall, 0.218750s user + 0.000000s system = 0.218750s CPU (98.5%); Memory(MB): used = 808, reserved = 794, peak = 808;

PHY-1001 : End Stage 2.4 | Routing Initialization; Time: 1.065563s wall, 1.140625s user + 0.015625s system = 1.156250s CPU (108.5%); Memory(MB): used = 808, reserved = 794, peak = 808;

PHY-1001 : Stage 2.5 | Routing Optimization
PHY-1001 : Build lut bridge;  0.039012s wall, 0.031250s user + 0.000000s system = 0.031250s CPU (80.1%)

PHY-1001 : Stage 2.5.1 | Phase 1
PHY-1001 : Stage 2.5.1.1 | Hold TimeOptimization
PHY-1001 : Iter 0; Processed 50 pins with HWNS -0.160ns HTNS -1.534ns FEP 15 took 0.0296009 seconds.
PHY-1001 : Iter 1; Processed 65 pins with HWNS 0.027ns HTNS 0.000ns FEP 0 took 0.141228 seconds.
PHY-1001 : len = 190752, over cnt = 415(0%), over = 419, worst = 2, crit = 0
PHY-1001 : End Stage 2.5.1.1 | Hold TimeOptimization; Time: 0.180730s wall, 0.171875s user + 0.000000s system = 0.171875s CPU (95.1%); Memory(MB): used = 846, reserved = 832, peak = 846;

PHY-1001 : Stage 2.5.1.2 | High Fanout Nets Optimization
PHY-1001 : High fanout net optimize summary:
PHY-1001 : Process 0 nets and 0 pins with SWNS 0.293ns STNS 0.000ns FEP 0.
PHY-1001 : len = 190752, over cnt = 415(0%), over = 419, worst = 2, crit = 0
PHY-1001 : End Stage 2.5.1.2 | High Fanout Nets Optimization; Time: 0.015531s wall, 0.031250s user + 0.000000s system = 0.031250s CPU (201.2%); Memory(MB): used = 846, reserved = 832, peak = 846;

PHY-1001 : Stage 2.5.1.3 | Setup TimeOptimization
PHY-1001 : len = 190752, over cnt = 415(0%), over = 419, worst = 2, crit = 0
PHY-1001 : End Stage 2.5.1.3 | Setup TimeOptimization; Time: 0.014561s wall, 0.000000s user + 0.000000s system = 0.000000s CPU (n/a%); Memory(MB): used = 846, reserved = 832, peak = 846;

PHY-1001 : Stage 2.5.1.4 | Rip-up And ReRoute
PHY-0007 : Congestion: {43.77, 28.74, 19.00, 13.23}; Timing: {0.293ns, 0.000ns, 0}
PHY-1001 : Iter 1: len = 191840, over cnt = 140(0%), over = 140, worst = 1, crit = 0, time(s) = 0.17
PHY-1001 : Iter 2: len = 192352, over cnt = 87(0%), over = 87, worst = 1, crit = 0, time(s) = 0.05
PHY-1001 : Iter 3: len = 192320, over cnt = 72(0%), over = 72, worst = 1, crit = 0, time(s) = 0.05
PHY-1001 : Iter 4: len = 193552, over cnt = 25(0%), over = 25, worst = 1, crit = 0, time(s) = 0.04
PHY-1001 : Iter 5: len = 193568, over cnt = 23(0%), over = 23, worst = 1, crit = 0, time(s) = 0.02
PHY-1001 : Iter 6: len = 193568, over cnt = 23(0%), over = 23, worst = 1, crit = 0, time(s) = 0.02
PHY-1001 : Iter 7: len = 193568, over cnt = 23(0%), over = 23, worst = 1, crit = 0, time(s) = 0.02
PHY-1001 : Iter 8: len = 194576, over cnt = 2(0%), over = 2, worst = 1, crit = 0, time(s) = 0.03
PHY-1001 : Iter 9: len = 194640, over cnt = 1(0%), over = 1, worst = 1, crit = 0, time(s) = 0.02
PHY-1001 : Iter 10: len = 194704, over cnt = 0(0%), over = 0, worst = 0, crit = 0, time(s) = 0.02
PHY-1001 : Commit 1096 pin swap with 0 error; 0.145704s wall, 0.140625s user + 0.000000s system = 0.140625s CPU (96.5%)

PHY-1001 : Update congestion ...
PHY-1001 : Congestion index:
PHY-1001 : top1  = 45.03(S 26.24, N 37.60, E 39.31, W 33.44, I 38.79, O 44.82)
PHY-1001 : top5  = 30.60(S 12.82, N 23.00, E 21.33, W 16.97, I 17.51, O 23.27)
PHY-1001 : top10 = 20.41(S 7.21, N 14.03, E 12.45, W 9.39, I 8.94, O 12.10)
PHY-1001 : top15 = 14.37(S 4.81, N 9.36, E 8.30, W 6.26, I 5.96, O 8.07)
PHY-1001 : End update congestion; 0.010884s wall, 0.000000s user + 0.000000s system = 0.000000s CPU (n/a%)

PHY-1001 : End Stage 2.5.1.4 | Rip-up And ReRoute; Time: 0.681464s wall, 0.984375s user + 0.046875s system = 1.031250s CPU (151.3%); Memory(MB): used = 850, reserved = 836, peak = 850;

PHY-1001 : Stage 2.5.1.5 | Update Timing
RUN-1002 : start command "start_timer"
PHY-1001 : 0/1502(0%) critical/total net(s).
PHY-1001 : Setup: WNS(ns) = 0.121, TNS(ns) = 0.000, FEP = 0 | Hold: WNS(ns) = -0.127, TNS(ns) = -0.615, FEP = 7.
PHY-1001 : End Stage 2.5.1.5 | Update Timing; Time: 0.273961s wall, 0.281250s user + 0.000000s system = 0.281250s CPU (102.7%); Memory(MB): used = 850, reserved = 836, peak = 850;

PHY-1001 : Stage 2.5.1.6 | Commit Data
PHY-1001 : Commit better result to database ...
PHY-1001 : End Stage 2.5.1.6 | Commit Data; Time: 0.004688s wall, 0.000000s user + 0.000000s system = 0.000000s CPU (n/a%); Memory(MB): used = 850, reserved = 836, peak = 850;

PHY-1001 : End Stage 2.5.1 | Phase 1; Time: 1.285152s wall, 1.593750s user + 0.046875s system = 1.640625s CPU (127.7%); Memory(MB): used = 850, reserved = 836, peak = 850;

PHY-1001 : End Stage 2.5 | Routing Optimization; Time: 1.542789s wall, 1.828125s user + 0.046875s system = 1.875000s CPU (121.5%); Memory(MB): used = 850, reserved = 836, peak = 850;

PHY-1001 : Stage 2.6 | Multi-try route Optimization
PHY-1001 : End Stage 2.6 | Multi-try route Optimization; Time: 0.001559s wall, 0.000000s user + 0.000000s system = 0.000000s CPU (n/a%); Memory(MB): used = 850, reserved = 836, peak = 850;

PHY-1003 : Routed, final wirelength = 194704
RUN-1001 : Clock region assignment statistics:
PHY-1001 : Sector 0, clock routing of x0y19_clk_auto_gnd.fbclk[0,39] is not in assigned region.
RUN-1001 : Clock Region s_0_l [0,0][23,39]; Utilization: 3 out of 12
RUN-1001 : -------------------------------------------------------------------------------------------------------------------------------------------------------------------------------------------------------------------------------------------------------------
RUN-1001 :   Bank  |                           Assigned Clock                            |                             Route Clock                             |  Marking  |                             Buffer                              |  Regional Clock Fanouts  
RUN-1001 : -------------------------------------------------------------------------------------------------------------------------------------------------------------------------------------------------------------------------------------------------------------
RUN-1001 :    1    |  u_hdmi_pll/u_output/ph1p_phy_pll_wrapper_25a56e5ce2f9_Inst/refclk  |  u_hdmi_pll/u_output/ph1p_phy_pll_wrapper_25a56e5ce2f9_Inst/refclk  |           |   u_hdmi_pll/u_ref/bufg_feedback_auto_created_sclk_s_0_l_bk1    |            1             
RUN-1001 :    2    |                         u_core/I_pixel_clk                          |                         u_core/I_pixel_clk                          |           |  u_hdmi_pll/u_output/bufg_feedback_auto_created_sclk_s_0_l_bk2  |           302            
RUN-1001 :    11   |                                  -                                  |                         x0y19_clk_auto_gnd                          |     +     |                                -                                |            0             
RUN-1001 : -------------------------------------------------------------------------------------------------------------------------------------------------------------------------------------------------------------------------------------------------------------
RUN-1001 : Clock Region s_0_r [24,0][47,39]; Utilization: 1 out of 12
RUN-1001 : ---------------------------------------------------------------------------------------------------------------------------------------------------------------
RUN-1001 :   Bank  |    Assigned Clock    |     Route Clock      |  Marking  |                             Buffer                              |  Regional Clock Fanouts  
RUN-1001 : ---------------------------------------------------------------------------------------------------------------------------------------------------------------
RUN-1001 :    1    |  u_core/I_pixel_clk  |  u_core/I_pixel_clk  |           |  u_hdmi_pll/u_output/bufg_feedback_auto_created_sclk_s_0_r_bk1  |           219            
RUN-1001 : ---------------------------------------------------------------------------------------------------------------------------------------------------------------
RUN-1001 : Clock Region s_1_l [0,40][23,79]; Utilization: 1 out of 12
RUN-1001 : ---------------------------------------------------------------------------------------------------------------------------------------------------------------
RUN-1001 :   Bank  |    Assigned Clock    |     Route Clock      |  Marking  |                             Buffer                              |  Regional Clock Fanouts  
RUN-1001 : ---------------------------------------------------------------------------------------------------------------------------------------------------------------
RUN-1001 :    1    |  u_core/I_pixel_clk  |  u_core/I_pixel_clk  |           |  u_hdmi_pll/u_output/bufg_feedback_auto_created_sclk_s_1_l_bk1  |            65            
RUN-1001 : ---------------------------------------------------------------------------------------------------------------------------------------------------------------
PHY-1001 : Sector 3, clock routing of x43y59_clk_auto_gnd.fbclk[43,79] is not in assigned region.
RUN-1001 : Clock Region s_1_r [24,40][43,79]; Utilization: 3 out of 12
RUN-1001 : --------------------------------------------------------------------------------------------------------------------------------------------------------------------------------------------------------------------------------
RUN-1001 :   Bank  |               Assigned Clock                |                 Route Clock                 |  Marking  |                                       Buffer                                       |  Regional Clock Fanouts  
RUN-1001 : --------------------------------------------------------------------------------------------------------------------------------------------------------------------------------------------------------------------------------
RUN-1001 :    1    |             u_core/I_pixel_clk              |             u_core/I_pixel_clk              |           |           u_hdmi_pll/u_output/bufg_feedback_auto_created_sclk_s_1_r_bk1            |            91            
RUN-1001 :    2    |  u_phy/u0_lane_lvds_8_1/I_serial_clk_syn_1  |  u_phy/u0_lane_lvds_8_1/I_serial_clk_syn_1  |           |  u_phy/u0_lane_lvds_8_1/I_serial_clk_created_gclkinst_auto_created_sclk_s_1_r_bk2  |            36            
RUN-1001 :    12   |                      -                      |             x43y59_clk_auto_gnd             |     +     |                                         -                                          |            0             
RUN-1001 : --------------------------------------------------------------------------------------------------------------------------------------------------------------------------------------------------------------------------------
RUN-1002 : start command "export_db hdmi_tpg_pr.db"
RUN-1001 : Exported flow parameters
RUN-1001 : Exported /
RUN-1001 : Exported libs
RUN-1001 : Exported entities
RUN-1001 : Exported ports
RUN-1001 : Exported pins
RUN-1001 : Exported instances
RUN-1001 : Exported nets
RUN-1001 : Exported buses
RUN-1001 : Exported models
RUN-1001 : Exported phy database
RUN-1001 : Exported packer
RUN-1001 : Exported congestions
RUN-1001 : Exported violations
RUN-1001 : Exported ATMR Setting
RUN-1001 : Exported timing constraints
RUN-1001 : Exported IO constraints
RUN-1001 : Exported Inst constraints
RUN-1001 : Exported ChipWatcher
PHY-1001 : Current memory(MB): used = 861, reserved = 975, peak = 861.
PHY-1001 : End export database. 0.123018s wall, 0.093750s user + 0.031250s system = 0.125000s CPU (101.6%)

PHY-1001 : End detail routing;  5.314213s wall, 18.546875s user + 0.187500s system = 18.734375s CPU (352.5%)

PHY-1001 : End Stage 2 | Detail Routing; Time: 5.315897s wall, 18.546875s user + 0.187500s system = 18.734375s CPU (352.4%); Memory(MB): used = 861, reserved = 975, peak = 861;

RUN-1002 : start command "fix_hold"

PHY-1001 : Stage 3 | Hold Fix
PHY-1001 : Stage 3.1 | Load Design Data
PHY-1034 : Refresh detailed routing grids ...
PHY-1001 : Generate nets ...
PHY-1001 : eco open net = 0
PHY-1001 : End Stage 3.1 | Load Design Data; Time: 0.034158s wall, 0.031250s user + 0.000000s system = 0.031250s CPU (91.5%); Memory(MB): used = 862, reserved = 975, peak = 862;

PHY-1001 : Stage 3.2 | Hold Fix Optimization
RUN-1002 : start command "start_timer"
PHY-1001 : Timing info: SWNS 0.121ns | STNS 0.000ns | HWNS -0.127ns | HTNS -0.615ns.
PHY-1001 : Processing hold violation on 7 end-point, worst slack = -127ps, best slack = -1ps.
PHY-1001 : End timing refresh.  0.265705s wall, 0.265625s user + 0.000000s system = 0.265625s CPU (100.0%)

PHY-1001 : Stage 3.2.1 | Phase 1
PHY-1001 : Stage 3.2.1.1 | Hold Fix By LutBridge
PHY-1001 : len = 195472, over cnt = 0(0%), over = 0, worst = 0, crit = 0
PHY-1001 : Bridge count = 0; unresolved count = 0.
PHY-1001 : 0 out of 7 ((0.00)%) EP fixed by LB.
PHY-1001 : End Stage 3.2.1.1 | Hold Fix By LutBridge; Time: 0.024081s wall, 0.015625s user + 0.000000s system = 0.015625s CPU (64.9%); Memory(MB): used = 862, reserved = 975, peak = 862;

PHY-1001 : Timing info: SWNS 0.121ns | STNS 0.000ns | HWNS 0.024ns | HTNS 0.000ns.
PHY-1001 : End timing refresh.  0.003168s wall, 0.015625s user + 0.000000s system = 0.015625s CPU (493.2%)

PHY-1001 : End Stage 3.2.1 | Phase 1; Time: 0.028083s wall, 0.031250s user + 0.000000s system = 0.031250s CPU (111.3%); Memory(MB): used = 862, reserved = 975, peak = 862;

PHY-1001 : End Stage 3.2 | Hold Fix Optimization; Time: 0.294649s wall, 0.296875s user + 0.000000s system = 0.296875s CPU (100.8%); Memory(MB): used = 862, reserved = 975, peak = 862;

PHY-1001 : End Stage 3 | Hold Fix; Time: 0.354346s wall, 0.343750s user + 0.000000s system = 0.343750s CPU (97.0%); Memory(MB): used = 862, reserved = 975, peak = 862;

PHY-1001 : Stage 4 | Report Route Qor
RUN-1002 : start command "report_qor -step route -file route.qor"
RUN-1002 : start command "start_timer"
TMR-2502 : Net delay update with mode: Routed
-----------------------------------------------------------
| QoR metrics               |         value               |
-----------------------------------------------------------
| Timing                    |                             |
|     Setup WNS             |          121                |
|     Setup TNS             |            0                |
|     Num of violated S-EP  |            0                |
|     Hold WNS              |           24                |
|     Hold TNS              |            0                |
|     Num of violated H-EP  |            0                |
-----------------------------------------------------------
| Routing Resource          |                             |
|     Wire length           |       195472                |
-----------------------------------------------------------
| Utilization               |                             |
|     #slices               |          839                |
|     slices percentage     |        3.95%                |
|     #RAMs                 |            5                |
|     #DSPs                 |            0                |
|     #DRAMHARDCON          |            0                |
-----------------------------------------------------------
Report route stage QoR done.

RUN-1002 : start command "update_timing -mode final"
RUN-1002 : start command "start_timer"
RUN-1002 : start command "report_timing_summary -file final_timing.rpt"
OPT-1001 : QoR tracer report on route step:
    SWNS [   incr ]    STNS [   incr ]  S-FEPS [   incr ]    HWNS [   incr ]      HTNS [     incr ]    H-FEPS [     incr ]    CELL [   incr ]      WL [   incr ]   RT(s) [   incr ]   MEM(mb) [     incr ]
     342 [      0 ]       0 [      0 ]       0 [      0 ]    -160 [      0 ]     -3489 [        0 ]        41 [        0 ]     899 [      0 ]  184032 [      0 ]       3 [      0 ]       808 [        0 ] : dr_initialization
     293 [    -49 ]       0 [      0 ]       0 [      0 ]      27 [    187 ]         0 [     3489 ]         0 [      -41 ]     899 [      0 ]  190752 [   6720 ]       4 [      1 ]       846 [       38 ] : dr_timing_opt_phase1
     121 [   -172 ]       0 [      0 ]       0 [      0 ]    -127 [   -154 ]      -615 [     -615 ]         7 [        7 ]     899 [      0 ]  194704 [   3952 ]       5 [      1 ]       850 [        4 ] : dr_opt_phase1
     121 [      0 ]       0 [      0 ]       0 [      0 ]    -127 [      0 ]      -615 [        0 ]         7 [        0 ]     899 [      0 ]  194704 [      0 ]       5 [      0 ]       850 [        0 ] : multi_try_opt
     121 [      0 ]       0 [      0 ]       0 [      0 ]      24 [    151 ]         0 [      615 ]         0 [       -7 ]     899 [      0 ]  195472 [    768 ]       6 [      1 ]       862 [       12 ] : fix_hold_opt

PHY-1001 : End Stage 4 | Report Route Qor; Time: 0.538822s wall, 0.546875s user + 0.000000s system = 0.546875s CPU (101.5%); Memory(MB): used = 862, reserved = 975, peak = 862;

PHY-1001 : Stage 5 | Design Rule Check
PHY-1001 : Stage 5.1 | Check And Add Lut-bridge
PHY-1001 : End Stage 5.1 | Check And Add Lut-bridge; Time: 0.003714s wall, 0.000000s user + 0.000000s system = 0.000000s CPU (n/a%); Memory(MB): used = 862, reserved = 975, peak = 862;

PHY-1001 : Stage 5.2 | Lut Bridge Check
PHY-1001 : End Stage 5.2 | Lut Bridge Check; Time: 0.007985s wall, 0.015625s user + 0.000000s system = 0.015625s CPU (195.7%); Memory(MB): used = 862, reserved = 975, peak = 862;

PHY-1001 : Stage 5.3 | Pin swap Check
PHY-1001 : End Stage 5.3 | Pin swap Check; Time: 0.001197s wall, 0.000000s user + 0.000000s system = 0.000000s CPU (n/a%); Memory(MB): used = 862, reserved = 975, peak = 862;

PHY-1001 : Stage 5.4 | Physical Net Status Check
PHY-1001 : End Stage 5.4 | Physical Net Status Check; Time: 0.001270s wall, 0.000000s user + 0.000000s system = 0.000000s CPU (n/a%); Memory(MB): used = 862, reserved = 975, peak = 862;

PHY-1001 : Start multi-drive drc check......
PHY-1001 : No multi-drive.
PHY-1001 : Stage 5.5 | Clock Net Status Check
PHY-1001 : All clock nets do not utilize local routing resource.
PHY-1001 : End Stage 5.5 | Clock Net Status Check; Time: 0.000724s wall, 0.000000s user + 0.000000s system = 0.000000s CPU (n/a%); Memory(MB): used = 862, reserved = 975, peak = 862;

PHY-1001 : Stage 5.6 | Abnormal Timing Path check
PHY-1001 : No abnormal timing path.
PHY-1001 : End Stage 5.6 | Abnormal Timing Path check; Time: 0.007884s wall, 0.000000s user + 0.000000s system = 0.000000s CPU (n/a%); Memory(MB): used = 862, reserved = 975, peak = 862;

PHY-1001 : Stage 5.7 | Bound Check
PHY-1001 : Check Pass.
PHY-1001 : End Stage 5.7 | Bound Check; Time: 0.000270s wall, 0.000000s user + 0.000000s system = 0.000000s CPU (n/a%); Memory(MB): used = 862, reserved = 975, peak = 862;

PHY-1001 : End Stage 5 | Design Rule Check; Time: 0.032534s wall, 0.031250s user + 0.000000s system = 0.031250s CPU (96.1%); Memory(MB): used = 862, reserved = 975, peak = 862;

RUN-1003 : finish command "route" in  6.589153s wall, 19.796875s user + 0.203125s system = 20.000000s CPU (303.5%)

RUN-1004 : used memory is 862 MB, reserved memory is 975 MB, peak memory is 862 MB
RUN-1002 : start command "report_area -io_info -file hdmi_tpg_phy.area"
SYN-4034 : The count of slices with lut is 594.
SYN-4035 : The count of slices with lut+ripple is 56.
RUN-1001 : standard
***Report Model: hdmi_tpg_top Device: PH1P35MDG324***

Design Statistics
#IO                         6   out of    160    3.75%
  #input                    2
  #output                   4
  #inout                    0
#lut6                     666   out of  21216    3.14%
#reg                     1088
  #slice reg             1088   out of  42432    2.56%
  #pad reg                  0

Utilization Statistics
#slice                    839   out of  21216    3.95%
  #used ram                16
    #dram lut               0
    #shifter lut           16
  #used logic             823
    #with luts            594
    #with adder            56
    #reg only             173
#feedthrough               95
#f7mux                      0   out of  10608    0.00%
#f8mux                      0   out of   5304    0.00%
#eram                       5   out of    108    4.63%
  #eram20k                  5
  #fifo20k                  0
#dsp                        0   out of     40    0.00%
#ddr_byte                   0   out of     12    0.00%
#mipi_tx                    0   out of      2    0.00%
#mipi_rx                    0   out of      2    0.00%
#pad                       10   out of    160    6.25%
#pll                        2   out of      6   33.33%
#gclk                       3   out of     32    9.38%
#lclk                       0   out of     12    0.00%
#sclk                       6   out of     48   12.50%
#mlclk                      0   out of      6    0.00%
#ioclk                      0   out of     18    0.00%


DataNet Average Fanout:

   Index     Fanout    Nets  
    #1         1       1130  
    #2         2       130   
    #3         3        78   
    #4         4        85   
    #5        5-10     152   
    #6       11-50      22   
    #7       51-100     2    
  Average     2.26           

RUN-1002 : start command "update_timing -mode final"
RUN-1002 : start command "start_timer"
RUN-1002 : start command "report_timing_status -file hdmi_tpg_phy.ts"
RUN-1002 : start command "report_timing_summary -file hdmi_tpg_pr.timing"
RUN-1002 : start command "report_timing_exception -file hdmi_tpg_exception.timing"
RUN-1002 : start command "check_timing -verbose -file hdmi_tpg_chk.timing"
RUN-1002 : start command "flow_status -file route_flow.status"
Location         : C:\Users\Li47\Desktop\aa\native_1080p30_hdmi_tpg_r2_20261008\td_project\hdmi_tpg_Runs\phy_1
Running with     : Tang Dynasty v6.2.178840
                   Copyright (c) 2012-2025 Anlogic Inc.
Top Model        : hdmi_tpg_top
Device           : PH1P35MDG324
Speed            : 3

Timing Mode      : final
Setup            : WNS   121ps  TNS        0ps  NUM_FEPS     0
Hold             : WNS    24ps  TNS        0ps  NUM_FEPS     0

Flow Statistics  :
RUN-1001 : Flow Statistics:
RUN-1001 : --------------------------------------------------------------------------------------------------
RUN-1001 :      command     |  #calls  |  wall time  |  cpu time(s)  |  used memory(mb)  |  peak memory(mb)  
RUN-1001 : --------------------------------------------------------------------------------------------------
RUN-1001 :       place      |    1     |   7s(50%)   |    31(60%)    |        466        |        466        
RUN-1001 :       route      |    1     |   6s(42%)   |    19(37%)    |        862        |        862        
RUN-1001 :   import_device  |    1     |   1s(7%)    |     1(1%)     |        333        |        333        
RUN-1001 :     fix_hold     |    1     |   0s(0%)    |     0(0%)     |        862        |        862        
RUN-1001 :     import_db    |    1     |   0s(0%)    |     0(0%)     |        351        |        351        
RUN-1001 : --------------------------------------------------------------------------------------------------
RUN-1001 :       total      |    5     |     14s     |      51       |        862        |        862        
RUN-1001 : --------------------------------------------------------------------------------------------------
RUN-1002 : start command "report_clock_utilization -file route_clock_utilization.txt"
RUN-1002 : start command "export_db hdmi_tpg_pr.db"
RUN-1001 : Exported flow parameters
RUN-1001 : Exported /
RUN-1001 : Exported libs
RUN-1001 : Exported entities
RUN-1001 : Exported ports
RUN-1001 : Exported pins
RUN-1001 : Exported instances
RUN-1001 : Exported nets
RUN-1001 : Exported buses
RUN-1001 : Exported models
RUN-1001 : Exported phy database
RUN-1001 : Exported packer
RUN-1001 : Exported congestions
RUN-1001 : Exported violations
RUN-1001 : Exported ATMR Setting
RUN-1001 : Exported timing constraints
RUN-1001 : Exported IO constraints
RUN-1001 : Exported Inst constraints
RUN-1001 : Exported ChipWatcher
RUN-1002 : start command "commit_param -step bitgen"
RUN-1001 : Print Global Property
RUN-1001 : -------------------------------------------------------------
RUN-1001 :     Parameters    |   Settings   |  Default Values  |  Note  
RUN-1001 : -------------------------------------------------------------
RUN-1001 :    enable_seed    |     off      |       off        |        
RUN-1001 :    hfn_to_clock   |  1000000000  |    1000000000    |        
RUN-1001 :      message      |   standard   |     standard     |        
RUN-1001 :    qor_monitor    |      on      |        on        |        
RUN-1001 :   speedup_effort  |      0       |        0         |        
RUN-1001 :    syn_ip_flow    |     off      |       off        |        
RUN-1001 :       thread      |     auto     |       auto       |        
RUN-1001 : -------------------------------------------------------------
RUN-1001 : Print Bitgen Property
RUN-1001 : -------------------------------------------------------------
RUN-1001 :      Parameters     |  Settings  |  Default Values  |  Note  
RUN-1001 : -------------------------------------------------------------
RUN-1001 :         bin         |    off     |       off        |        
RUN-1001 :       compress      |    off     |       off        |        
RUN-1001 :       gen_mask      |    off     |       off        |        
RUN-1001 :      max_stream     |     on     |        on        |        
RUN-1001 :      time_info      |     on     |        on        |        
RUN-1001 :   unused_io_status  |   pullup   |      pullup      |        
RUN-1001 :       version       |    0x00    |       0x00       |        
RUN-1001 : -------------------------------------------------------------
RUN-1002 : start command "bitgen -bit hdmi_tpg.bit"
RUN-1002 : start command "export_bid hdmi_tpg_inst.bid"
BIT-1003 : Start to generate bitstream. 
BIT-1002 : Bitgen processed 4 pll_pd instances.
BIT-1002 : Init instances with 20 threads.
BIT-1002 : Init instances completely, inst num: 901
BIT-1002 : Init pips with 20 threads.
BIT-1002 : Init pips completely, net num: 1530, pip num: 13078
BIT-1002 : Init feedthrough with 20 threads.
BIT-1002 : Init feedthrough completely, num: 95
BIT-1003 : Multithreading accelaration with 20 threads.
BIT-1003 : Generate bitstream completely, there are 41593 bits set as '1'.
BIT-1004 : Generate file hdmi_tpg.bit.
RUN-1003 : finish command "bitgen -bit hdmi_tpg.bit" in  1.043662s wall, 4.312500s user + 0.312500s system = 4.625000s CPU (443.2%)

RUN-1004 : used memory is 868 MB, reserved memory is 975 MB, peak memory is 868 MB
RUN-1002 : start command "setup_debugger"
RUN-1002 : start command "export_bitgen_param -file .bitgen_param.f"
RUN-1002 : start command "export_flow_status -s opt_place -e bitgen"
RUN-1002 : start command "flow_status"

Location         : C:\Users\Li47\Desktop\aa\native_1080p30_hdmi_tpg_r2_20261008\td_project\hdmi_tpg_Runs\phy_1
Running with     : Tang Dynasty v6.2.178840
                   Copyright (c) 2012-2025 Anlogic Inc.
Top Model        : hdmi_tpg_top
Device           : PH1P35MDG324
Speed            : 3

Timing Mode      : final
Setup            : WNS   121ps  TNS        0ps  NUM_FEPS     0
Hold             : WNS    24ps  TNS        0ps  NUM_FEPS     0

RUN-1001 : Flow Statistics:
RUN-1001 : --------------------------------------------------------------------------------------------------
RUN-1001 :      command     |  #calls  |  wall time  |  cpu time(s)  |  used memory(mb)  |  peak memory(mb)  
RUN-1001 : --------------------------------------------------------------------------------------------------
RUN-1001 :       place      |    1     |   7s(46%)   |    31(56%)    |        466        |        466        
RUN-1001 :       route      |    1     |   6s(40%)   |    19(34%)    |        862        |        862        
RUN-1001 :      bitgen      |    1     |   1s(6%)    |     4(7%)     |        868        |        868        
RUN-1001 :   import_device  |    1     |   1s(6%)    |     1(1%)     |        333        |        333        
RUN-1001 :     fix_hold     |    1     |   0s(0%)    |     0(0%)     |        862        |        862        
RUN-1001 :     import_db    |    1     |   0s(0%)    |     0(0%)     |        351        |        351        
RUN-1001 : --------------------------------------------------------------------------------------------------
RUN-1001 :       total      |    6     |     15s     |      55       |        868        |        868        
RUN-1001 : --------------------------------------------------------------------------------------------------
RUN-1002 : start command "check_timing -file constraint_coverage.txt -verbose"
